channel,product_type,requested_amount,requested_term,login_7d,login_30d,night_ratio,device_change_90d,app_install_cnt,sms_cnt_7d,age,gender,city_tier,education,marital_status,residence_years,company_type,monthly_income,phone_age_months,contact_count,emergency_contact_count,device_count,has_credit_card,bureau_score,delinq_12m,credit_utilization,open_accounts,inquiry_3m,device_cnt,brand_nunique,emulator_any,emulator_rate,rooted_any,rooted_rate,device_risk_score_mean,device_risk_score_max,ip_risk_level_mean,ip_risk_level_max,geo_consistent_rate,android_share,apply_hour,apply_dayofweek,y_dpd30_ever,score
app,installment,3025,90,3,30,0.45,0,77,17,40,F,2,college,married,10,private,3243.0,79,209,4,2,0,606.0,1,0.39,9,4,2,2,0,0.0,0,0.0,40.5,42.0,1.5,2.0,1.0,0.5,6,5,0,775.6596438929034
web,short_term,2480,30,1,19,0.36,0,75,22,22,M,3,college,single,3,private,2227.0,104,403,2,1,0,676.0,0,0.42,6,0,1,1,0,0.0,0,0.0,54.0,54.0,3.0,3.0,1.0,1.0,17,2,0,783.3768420823969
web,installment,2042,90,3,20,0.25,0,45,25,43,F,2,college,divorced,0,self_employed,2463.0,100,229,3,1,1,770.0,0,0.2,2,0,1,1,0,0.0,0,0.0,46.0,46.0,3.0,3.0,1.0,0.0,21,0,0,830.1922929507043
app,short_term,1746,21,3,27,0.38,0,40,41,45,M,1,middle,married,7,private,3024.0,99,357,2,1,0,736.0,0,0.58,0,0,1,1,0,0.0,0,0.0,0.0,0.0,1.0,1.0,1.0,1.0,13,1,0,891.1176881445024
app,installment,2646,120,4,22,0.4,0,55,37,18,F,3,high,single,2,private,2687.0,74,214,5,1,0,629.0,0,0.26,2,0,1,1,0,0.0,1,1.0,53.0,53.0,1.0,1.0,1.0,1.0,12,2,0,958.9470646113987
app,short_term,4578,14,7,20,0.03,0,36,35,55,M,4,middle,married,2,self_employed,4514.0,62,442,2,3,1,716.0,0,0.36,5,1,3,3,0,0.0,0,0.0,34.333333333333336,39.0,1.6666666666666667,3.0,0.6666666666666666,0.3333333333333333,10,2,0,767.53226527316
app,short_term,4762,14,0,22,0.38,0,49,28,55,F,3,college,married,10,private,6243.0,113,464,3,1,0,527.0,0,0.3,3,1,1,1,0,0.0,0,0.0,47.0,47.0,1.0,1.0,1.0,1.0,23,5,0,956.8061799054656
web,short_term,974,14,4,12,0.1,0,54,7,28,M,3,college,single,3,private,4992.0,5,144,5,3,0,633.0,0,0.29,9,0,3,3,0,0.0,0,0.0,32.666666666666664,39.0,2.0,3.0,1.0,0.6666666666666666,9,3,0,865.5714375275388
app,installment,887,90,7,20,0.43,0,62,25,27,M,3,high,single,7,unemployed,4838.0,74,186,4,2,1,621.0,0,0.14,8,0,2,2,0,0.0,0,0.0,40.0,61.0,2.0,3.0,1.0,1.0,3,3,0,1213.0696412017792
app,installment,3510,120,3,17,0.18,0,59,16,47,M,3,middle,married,3,self_employed,5274.0,106,275,4,3,0,640.0,1,0.55,3,1,3,3,0,0.0,0,0.0,47.0,70.0,1.3333333333333333,2.0,1.0,0.6666666666666666,10,6,0,988.0430857021456
partner,installment,1042,60,9,27,0.29,0,66,45,50,F,2,college,married,1,self_employed,4270.0,7,209,5,3,0,550.0,0,0.34,9,0,3,3,0,0.0,0,0.0,45.0,51.0,2.6666666666666665,4.0,1.0,1.0,11,5,0,949.6968706458433
app,short_term,3378,30,0,22,0.05,0,78,8,43,F,4,high,married,2,private,5371.0,62,190,3,1,0,660.0,0,0.18,8,0,1,1,0,0.0,0,0.0,46.0,46.0,2.0,2.0,1.0,1.0,14,4,0,1031.2693671466714
app,installment,675,180,5,6,0.23,0,64,20,29,M,2,college,single,9,private,3555.0,109,310,2,3,1,617.0,0,0.13,3,2,3,3,0,0.0,1,0.3333333333333333,45.333333333333336,78.0,1.3333333333333333,2.0,1.0,1.0,15,1,0,1038.7285510037714
app,installment,1005,90,7,24,0.12,0,54,0,22,F,4,middle,single,0,self_employed,5752.0,66,179,1,1,1,577.0,0,0.31,9,0,1,1,0,0.0,0,0.0,41.0,41.0,2.0,2.0,1.0,0.0,15,0,0,880.7272059950627
partner,short_term,1538,7,6,8,0.3,0,78,36,19,M,5,college,married,0,state,4599.0,49,99,5,1,1,733.0,0,0.33,1,1,1,1,0,0.0,0,0.0,32.0,32.0,1.0,1.0,1.0,1.0,1,2,0,758.1785972458752
app,short_term,664,21,1,14,0.1,0,68,27,20,M,3,college,single,9,self_employed,7315.0,25,310,2,2,0,618.0,0,0.08,5,1,2,2,0,0.0,0,0.0,21.0,31.0,1.0,1.0,1.0,0.5,18,5,0,1071.2797635209263
app,installment,2069,90,8,9,0.23,0,94,40,51,M,3,college,single,7,self_employed,4650.0,6,228,3,3,0,774.0,0,0.11,6,0,3,3,0,0.0,0,0.0,30.666666666666668,41.0,1.6666666666666667,2.0,1.0,0.3333333333333333,3,4,0,1139.531850469922
app,short_term,2315,30,9,21,0.21,0,81,42,43,F,1,high,married,0,self_employed,2564.0,94,497,3,1,0,529.0,1,0.11,8,1,1,1,0,0.0,0,0.0,24.0,24.0,2.0,2.0,1.0,1.0,13,0,0,608.2207846482804
app,short_term,2400,7,7,1,0.22,0,50,16,25,M,4,graduate,married,4,private,3843.0,119,140,5,2,0,576.0,0,0.8,4,0,2,2,0,0.0,0,0.0,48.0,49.0,2.0,3.0,1.0,1.0,6,4,0,1070.4129813508239
app,short_term,2649,14,4,10,0.52,0,39,42,45,M,4,high,married,7,state,2886.0,19,486,1,3,0,654.0,0,0.48,8,0,3,3,0,0.0,0,0.0,34.333333333333336,53.0,2.3333333333333335,4.0,1.0,1.0,9,0,0,993.2834414107435
web,installment,3150,90,4,24,0.32,0,46,19,49,M,4,high,single,9,private,2173.0,38,269,3,1,1,629.0,0,0.48,3,2,1,1,0,0.0,0,0.0,36.0,36.0,4.0,4.0,1.0,1.0,10,5,0,675.3535823338582
app,short_term,1942,7,0,28,0.18,0,75,27,37,F,5,college,single,9,self_employed,5569.0,21,450,1,1,0,669.0,0,0.14,3,0,1,1,0,0.0,0,0.0,52.0,52.0,2.0,2.0,1.0,1.0,12,1,0,1145.5289059799675
partner,short_term,1825,7,5,9,0.37,0,24,28,42,M,3,high,single,2,self_employed,4527.0,34,148,4,3,1,652.0,0,0.58,10,0,3,3,0,0.0,0,0.0,27.0,42.0,1.6666666666666667,3.0,1.0,0.6666666666666666,4,0,0,1586.157798494275
web,installment,1242,180,4,16,0.46,0,36,29,55,M,2,college,married,5,private,5062.0,54,174,5,2,0,536.0,0,0.08,0,0,2,1,0,0.0,0,0.0,40.5,66.0,3.5,4.0,1.0,0.5,23,2,0,960.3224426891478
web,installment,3298,90,3,24,0.51,1,66,19,37,F,3,high,single,6,self_employed,11030.0,9,159,4,2,0,548.0,0,0.36,5,1,2,2,0,0.0,0,0.0,31.0,40.0,2.0,3.0,1.0,1.0,13,5,0,774.1044376589533
app,short_term,2696,7,5,12,0.3,0,42,12,22,M,4,high,married,8,self_employed,2986.0,8,323,3,3,1,601.0,0,0.17,5,2,3,3,0,0.0,0,0.0,38.0,41.0,1.6666666666666667,2.0,0.6666666666666666,0.6666666666666666,4,3,0,1022.6616631195527
app,short_term,613,30,7,22,0.34,0,68,16,48,M,2,high,married,10,private,6288.0,11,247,4,2,0,554.0,0,0.33,10,2,2,2,0,0.0,0,0.0,34.5,46.0,1.0,1.0,1.0,0.0,19,5,0,1131.7317651281992
app,short_term,1851,21,2,32,0.26,0,74,23,42,F,5,high,single,7,state,4916.0,25,179,4,1,1,718.0,0,0.45,1,1,1,1,0,0.0,0,0.0,10.0,10.0,5.0,5.0,0.0,1.0,14,2,0,811.5384535812962
app,installment,2806,60,0,13,0.4,0,38,8,50,F,2,college,married,1,self_employed,2300.0,99,303,1,1,1,589.0,1,0.17,1,0,1,1,0,0.0,0,0.0,39.0,39.0,2.0,2.0,0.0,1.0,15,3,0,680.8445540196861
app,installment,1966,120,10,15,0.17,0,91,40,53,M,2,high,single,4,private,3434.0,97,438,4,3,0,714.0,0,0.34,7,2,3,3,0,0.0,0,0.0,40.0,57.0,2.3333333333333335,4.0,1.0,1.0,8,3,0,810.2024498103465
app,installment,4758,60,6,4,0.22,0,66,31,47,F,2,middle,married,0,self_employed,2875.0,17,376,4,2,0,546.0,0,0.46,9,0,2,2,0,0.0,0,0.0,47.5,52.0,1.5,2.0,1.0,1.0,7,3,0,991.8229430944406
app,installment,2059,180,7,11,0.3,0,56,20,25,M,3,college,married,8,private,3137.0,102,455,2,3,0,541.0,0,0.19,3,1,3,2,0,0.0,0,0.0,57.666666666666664,64.0,2.0,3.0,1.0,0.6666666666666666,7,4,0,881.4524168319776
web,short_term,2760,14,5,24,0.6,0,56,19,23,F,5,college,married,10,self_employed,3886.0,50,406,3,2,1,638.0,0,0.47,2,1,2,2,0,0.0,0,0.0,30.0,43.0,2.0,2.0,1.0,1.0,5,0,0,1128.2326607173154
app,short_term,3851,14,9,10,0.22,0,83,57,50,M,3,college,married,2,private,5372.0,3,144,1,1,0,597.0,0,0.31,3,0,1,1,1,1.0,0,0.0,35.0,35.0,1.0,1.0,1.0,1.0,21,2,0,889.8676185559981
app,short_term,3099,21,5,11,0.11,0,75,31,35,M,3,high,single,8,private,1546.0,120,489,3,1,0,657.0,0,0.21,2,3,1,1,0,0.0,0,0.0,26.0,26.0,3.0,3.0,0.0,1.0,17,0,0,1016.1320414923093
app,installment,4148,120,0,0,0.28,0,71,43,49,F,2,college,single,2,unemployed,5271.0,116,329,2,2,1,665.0,0,0.43,0,1,2,2,0,0.0,0,0.0,38.0,48.0,3.0,4.0,1.0,0.0,19,3,0,1171.4915195471194
partner,short_term,3929,21,5,8,0.1,0,75,20,41,F,4,high,married,4,self_employed,3096.0,12,356,5,1,0,571.0,0,0.5,10,1,1,1,0,0.0,0,0.0,0.0,0.0,2.0,2.0,0.0,1.0,15,2,0,977.9767443171618
app,short_term,855,14,6,32,0.1,0,57,5,31,F,5,high,married,4,private,4964.0,84,167,1,1,0,526.0,0,0.11,6,3,1,1,0,0.0,0,0.0,85.0,85.0,2.0,2.0,1.0,0.0,0,6,0,630.3996801872278
app,installment,2233,180,14,19,0.38,0,58,41,25,M,3,high,single,2,self_employed,3298.0,63,122,1,2,1,635.0,0,0.65,8,0,2,2,0,0.0,1,0.5,50.5,71.0,1.0,1.0,0.5,1.0,4,6,0,1202.9398573158824
app,short_term,3224,21,8,33,0.27,0,43,31,29,F,2,college,single,7,unemployed,5236.0,7,74,5,2,0,583.0,2,0.24,3,1,2,2,0,0.0,1,0.5,30.5,43.0,2.5,4.0,1.0,0.5,2,4,0,760.3494493919811
app,short_term,1003,14,3,15,0.17,0,60,21,29,M,5,college,single,1,private,3457.0,18,273,5,2,1,700.0,0,0.12,7,0,2,2,0,0.0,0,0.0,43.0,46.0,4.0,5.0,0.5,1.0,12,5,0,963.2606678643516
app,installment,3925,60,10,38,0.07,0,72,4,28,M,3,college,married,1,self_employed,2002.0,90,199,4,1,0,676.0,0,0.65,7,4,1,1,0,0.0,0,0.0,37.0,37.0,1.0,1.0,1.0,1.0,23,5,0,581.600099956723
web,installment,1387,180,1,0,0.16,0,75,8,21,M,4,middle,married,3,private,3025.0,85,266,4,3,1,761.0,0,0.44,1,1,3,3,0,0.0,0,0.0,28.0,67.0,1.6666666666666667,2.0,1.0,0.6666666666666666,5,6,0,934.0820222265912
app,short_term,4375,21,4,18,0.27,0,67,39,18,F,3,college,single,1,private,3916.0,42,466,5,3,0,459.0,0,0.75,6,0,3,1,0,0.0,0,0.0,44.333333333333336,49.0,2.3333333333333335,5.0,1.0,1.0,0,0,0,815.2128629924471
app,short_term,3010,14,2,25,0.22,0,35,47,24,F,3,high,single,9,self_employed,4077.0,2,144,4,1,1,633.0,0,0.55,5,0,1,1,0,0.0,0,0.0,55.0,55.0,2.0,2.0,1.0,1.0,9,2,0,1010.6397826549825
app,short_term,4374,30,11,28,0.12,0,44,42,53,M,3,college,single,10,private,12293.0,58,221,3,3,0,559.0,0,0.2,2,1,3,3,0,0.0,0,0.0,21.666666666666668,33.0,3.0,5.0,1.0,1.0,1,2,0,828.8005007724237
app,short_term,2828,14,8,33,0.03,0,59,33,55,M,3,high,married,10,private,6841.0,114,230,5,3,0,612.0,0,0.16,4,2,3,3,0,0.0,0,0.0,50.333333333333336,65.0,3.3333333333333335,5.0,1.0,0.6666666666666666,11,6,0,1034.1522868024758
partner,short_term,4210,14,7,23,0.31,0,68,48,48,M,2,college,single,1,private,2440.0,30,292,2,3,0,662.0,0,0.33,4,0,3,3,0,0.0,0,0.0,42.333333333333336,54.0,2.0,3.0,1.0,1.0,19,1,0,789.8955446537375
app,installment,859,60,3,18,0.13,0,60,0,18,M,4,high,married,2,self_employed,3807.0,43,339,2,2,0,577.0,0,0.1,10,1,2,1,0,0.0,0,0.0,51.0,79.0,1.5,2.0,1.0,0.5,7,4,0,1268.4374779327197
app,short_term,2935,21,5,9,0.11,0,83,27,52,M,4,high,single,3,state,3041.0,97,154,4,1,1,453.0,0,0.69,3,0,1,1,0,0.0,0,0.0,10.0,10.0,2.0,2.0,1.0,0.0,11,6,0,788.9624894992274
app,short_term,3508,30,3,13,0.17,0,25,30,43,M,5,high,married,9,private,3635.0,12,394,2,1,1,648.0,0,0.49,7,4,1,1,0,0.0,0,0.0,72.0,72.0,4.0,4.0,1.0,0.0,21,1,0,429.19714462046
app,short_term,864,30,6,29,0.25,0,68,58,44,F,4,middle,married,2,state,5175.0,48,161,1,2,0,522.0,0,0.69,3,0,2,2,0,0.0,0,0.0,30.5,43.0,1.0,1.0,1.0,1.0,22,1,0,909.8827730493094
web,installment,4971,60,2,27,0.52,0,38,47,54,F,4,high,married,5,private,4404.0,28,482,5,3,1,570.0,0,0.27,10,0,3,3,0,0.0,0,0.0,33.0,37.0,1.3333333333333333,2.0,1.0,1.0,13,4,0,979.8647391518195
app,installment,4446,180,3,40,0.67,0,66,64,39,M,5,college,married,5,self_employed,3669.0,42,318,1,1,1,537.0,0,0.27,7,0,1,1,0,0.0,0,0.0,0.0,0.0,1.0,1.0,1.0,0.0,13,0,0,709.1554551038488
partner,installment,588,60,2,12,0.27,0,94,20,37,M,4,high,married,9,private,4978.0,45,244,1,3,0,510.0,0,0.21,3,1,3,3,0,0.0,0,0.0,51.0,61.0,2.6666666666666665,4.0,1.0,0.3333333333333333,5,2,0,736.7625170487372
app,installment,1171,90,7,21,0.14,0,63,36,34,M,3,middle,single,7,self_employed,3303.0,98,336,4,1,0,736.0,0,0.17,6,0,1,1,0,0.0,0,0.0,66.0,66.0,3.0,3.0,1.0,0.0,8,3,0,901.0975082119713
app,installment,805,60,4,11,0.16,0,58,47,45,F,1,college,married,6,private,2127.0,64,167,2,3,1,524.0,0,0.23,1,0,3,3,0,0.0,0,0.0,20.0,33.0,1.6666666666666667,3.0,1.0,0.6666666666666666,21,5,0,1030.8658276757294
web,installment,3036,180,4,18,0.05,0,66,32,30,M,3,college,single,6,self_employed,3779.0,67,486,2,2,0,567.0,0,0.36,8,0,2,2,0,0.0,0,0.0,43.0,49.0,2.5,4.0,1.0,1.0,8,4,0,817.3585996335305
app,short_term,4570,30,6,33,0.1,0,97,42,32,M,3,middle,married,10,state,6594.0,35,163,5,1,0,502.0,1,0.1,7,1,1,1,0,0.0,0,0.0,79.0,79.0,1.0,1.0,1.0,1.0,11,2,0,692.3818857454075
app,installment,2768,180,6,16,0.38,0,33,42,34,M,3,high,married,0,unemployed,3171.0,85,415,4,2,1,576.0,0,0.36,5,0,2,2,0,0.0,0,0.0,46.5,70.0,2.0,2.0,1.0,1.0,13,4,0,859.8271615972915
app,short_term,3838,30,5,24,0.41,0,96,28,49,F,4,college,married,5,private,5278.0,61,291,3,1,1,563.0,1,0.24,3,0,1,1,0,0.0,0,0.0,0.0,0.0,2.0,2.0,1.0,1.0,0,4,0,914.8888712130858
web,short_term,4565,30,7,29,0.22,0,62,47,44,F,4,college,single,1,state,2951.0,62,115,5,1,0,632.0,0,0.16,4,0,1,1,0,0.0,0,0.0,24.0,24.0,2.0,2.0,1.0,1.0,7,4,0,918.3214294303248
app,short_term,707,30,8,19,0.17,1,18,20,21,M,3,graduate,married,4,state,2682.0,64,407,4,1,0,659.0,0,0.13,1,0,1,1,0,0.0,0,0.0,65.0,65.0,1.0,1.0,0.0,0.0,16,0,0,699.3111840759469
app,installment,2528,90,2,16,0.35,0,41,26,29,M,4,middle,married,8,unemployed,6818.0,98,456,4,3,0,739.0,0,0.38,2,0,3,3,0,0.0,0,0.0,17.333333333333332,26.0,2.3333333333333335,4.0,0.6666666666666666,1.0,10,6,0,939.3739387764747
app,installment,2954,60,4,40,0.23,0,51,55,23,F,3,high,single,2,private,3000.0,21,251,5,3,0,698.0,2,0.45,9,0,3,3,0,0.0,0,0.0,32.666666666666664,56.0,1.6666666666666667,2.0,1.0,0.6666666666666666,6,2,0,899.11533683216
web,installment,3615,60,5,18,0.08,0,58,42,44,M,2,high,single,10,private,4507.0,84,124,5,2,1,751.0,0,0.42,10,0,2,2,0,0.0,0,0.0,26.0,37.0,1.5,2.0,1.0,1.0,6,5,0,1400.9285604793015
app,short_term,739,30,4,45,0.19,0,36,18,55,F,1,college,married,2,self_employed,4048.0,115,170,2,3,1,618.0,0,0.21,3,3,3,3,0,0.0,0,0.0,24.666666666666668,41.0,1.0,1.0,1.0,1.0,15,6,0,1052.365318821001
app,short_term,2226,21,5,15,0.41,0,33,48,45,M,3,graduate,single,1,private,4955.0,78,450,3,3,1,559.0,0,0.33,3,1,3,2,0,0.0,0,0.0,31.333333333333332,44.0,2.0,3.0,1.0,1.0,20,3,0,887.7954468202194
partner,short_term,3128,30,2,15,0.07,0,90,26,42,F,2,college,married,4,private,3094.0,79,433,5,1,0,657.0,0,0.66,0,0,1,1,0,0.0,0,0.0,62.0,62.0,1.0,1.0,0.0,1.0,18,5,0,967.2603378261733
app,installment,3348,60,6,23,0.3,0,68,37,31,M,4,college,single,1,private,6065.0,92,76,1,3,1,550.0,0,0.12,4,1,3,3,0,0.0,0,0.0,50.333333333333336,55.0,1.0,1.0,1.0,0.6666666666666666,14,0,0,845.9363435131264
partner,installment,4319,120,6,36,0.09,0,51,46,37,F,2,middle,single,6,private,5151.0,78,169,1,3,0,652.0,0,0.26,5,0,3,2,0,0.0,0,0.0,22.333333333333332,34.0,2.0,3.0,1.0,1.0,1,2,0,1117.8271529032577
app,installment,1127,60,3,14,0.15,1,55,25,23,F,2,graduate,married,1,private,3808.0,25,407,2,2,1,833.0,0,0.1,6,0,2,2,0,0.0,0,0.0,45.5,48.0,1.5,2.0,1.0,1.0,8,0,0,894.371338360018
web,short_term,1425,30,3,36,0.09,0,80,23,25,F,4,graduate,married,3,private,6063.0,61,370,5,1,0,505.0,1,0.06,10,0,1,1,0,0.0,0,0.0,21.0,21.0,2.0,2.0,1.0,1.0,21,6,0,1164.0807968248632
app,installment,3135,60,0,23,0.3,0,85,41,21,F,4,graduate,married,2,private,3611.0,69,457,3,2,0,751.0,0,0.67,4,0,2,2,0,0.0,0,0.0,33.0,52.0,1.5,2.0,1.0,0.5,23,0,0,835.0227066990055
app,short_term,3989,21,6,13,0.14,1,65,47,35,M,2,high,married,6,private,5192.0,103,127,2,2,1,708.0,0,0.76,0,0,2,2,0,0.0,0,0.0,39.0,47.0,2.0,3.0,1.0,1.0,19,2,0,867.636665002536
app,short_term,3021,21,5,21,0.11,0,53,22,21,F,2,high,divorced,0,self_employed,5420.0,105,457,1,1,0,574.0,0,0.18,2,2,1,1,0,0.0,0,0.0,33.0,33.0,1.0,1.0,1.0,1.0,23,1,0,1183.6329540221207
app,installment,4067,60,6,18,0.12,0,43,0,25,F,3,college,single,3,private,5280.0,56,62,2,3,1,663.0,0,0.49,9,0,3,3,0,0.0,0,0.0,31.333333333333332,44.0,2.3333333333333335,3.0,1.0,1.0,17,6,0,997.7813259862619
app,short_term,3060,7,5,18,0.2,0,25,26,48,M,2,high,single,7,private,3244.0,20,287,5,1,0,544.0,0,0.24,0,1,1,1,0,0.0,0,0.0,66.0,66.0,1.0,1.0,0.0,1.0,22,1,0,924.1567451769615
app,short_term,782,21,1,18,0.07,0,34,37,39,F,3,high,single,10,private,2053.0,120,464,2,1,1,660.0,0,0.17,5,0,1,1,0,0.0,0,0.0,28.0,28.0,2.0,2.0,1.0,0.0,4,5,0,1201.3716073118112
app,short_term,4484,14,0,27,0.49,0,66,13,32,M,5,high,married,10,private,3089.0,77,324,1,3,0,564.0,0,0.16,5,1,3,2,0,0.0,1,0.3333333333333333,36.0,65.0,3.3333333333333335,5.0,1.0,0.6666666666666666,5,3,0,613.8226062842209
app,installment,3992,60,9,14,0.48,0,79,62,43,M,2,high,single,3,private,2209.0,36,239,3,2,0,758.0,0,0.38,6,1,2,2,0,0.0,0,0.0,29.0,33.0,1.5,2.0,1.0,0.5,3,3,0,828.8273049162739
app,short_term,2435,14,4,18,0.42,0,64,38,33,F,3,high,single,2,self_employed,4004.0,56,169,2,1,1,601.0,0,0.38,2,2,1,1,0,0.0,0,0.0,69.0,69.0,1.0,1.0,1.0,1.0,22,1,0,1248.1850167606062
web,short_term,1783,7,5,24,0.64,0,64,46,36,F,4,high,married,10,private,3556.0,75,402,3,1,0,723.0,0,0.29,7,0,1,1,0,0.0,0,0.0,49.0,49.0,1.0,1.0,1.0,1.0,1,3,0,1053.0961378859702
app,short_term,4176,30,0,17,0.25,0,101,43,47,M,3,middle,married,2,private,5508.0,87,270,1,3,0,691.0,1,0.32,1,0,3,3,0,0.0,0,0.0,44.0,48.0,2.0,3.0,1.0,1.0,22,0,0,935.4740686831394
app,short_term,1252,30,7,28,0.2,0,58,32,36,M,4,college,single,3,private,5190.0,50,263,2,3,0,591.0,0,0.41,2,0,3,2,0,0.0,1,0.3333333333333333,51.0,58.0,1.0,1.0,1.0,1.0,1,1,0,814.2986159921843
app,short_term,2815,7,8,15,0.5,0,57,21,37,M,5,middle,married,10,private,3730.0,48,471,2,2,0,759.0,0,0.14,1,0,2,2,0,0.0,0,0.0,29.0,30.0,1.0,1.0,1.0,1.0,21,2,0,819.6895291259497
web,short_term,2269,14,7,14,0.12,1,86,27,23,M,2,high,married,0,private,3177.0,14,217,3,3,0,567.0,0,0.09,7,1,3,3,0,0.0,0,0.0,12.333333333333334,25.0,2.3333333333333335,4.0,1.0,0.6666666666666666,7,4,0,858.8143434291725
app,installment,2337,180,6,12,0.06,0,47,34,32,M,4,college,married,4,self_employed,1996.0,42,387,2,1,0,624.0,0,0.22,3,1,1,1,0,0.0,0,0.0,15.0,15.0,2.0,2.0,0.0,0.0,11,6,0,725.7961709641676
app,short_term,3004,30,2,3,0.1,0,58,24,48,M,4,high,single,6,private,9004.0,54,154,2,2,0,576.0,0,0.23,2,0,2,1,1,0.5,0,0.0,36.0,39.0,1.5,2.0,1.0,0.5,13,0,0,750.9466205229385
app,installment,3444,90,7,8,0.37,0,54,29,40,F,5,middle,married,4,private,2293.0,112,495,5,2,1,764.0,0,0.21,10,1,2,2,0,0.0,0,0.0,24.5,45.0,4.5,5.0,1.0,1.0,3,5,0,1189.117474668646
app,installment,3902,90,7,28,0.06,0,58,41,29,M,2,high,married,7,self_employed,4884.0,54,398,1,1,1,513.0,0,0.51,6,0,1,1,0,0.0,0,0.0,39.0,39.0,1.0,1.0,1.0,1.0,0,5,0,756.4050374113167
app,installment,4194,120,4,18,0.53,0,44,30,32,F,3,middle,single,10,state,4855.0,54,93,5,1,0,620.0,0,0.21,8,0,1,1,0,0.0,0,0.0,41.0,41.0,4.0,4.0,1.0,0.0,21,3,0,889.948797308952
app,installment,4861,120,11,32,0.08,0,76,39,31,M,2,college,single,1,unemployed,4211.0,101,162,4,1,1,578.0,0,0.19,8,1,1,1,0,0.0,0,0.0,17.0,17.0,2.0,2.0,1.0,1.0,12,6,0,1177.2265009297093
app,short_term,3269,7,6,20,0.06,0,67,23,55,M,4,middle,married,8,self_employed,1983.0,10,321,5,2,1,681.0,2,0.29,6,0,2,2,0,0.0,1,0.5,33.0,39.0,3.0,5.0,1.0,0.5,18,4,0,523.6834657259856
app,installment,2592,90,6,0,0.48,0,44,35,45,F,1,college,single,9,private,6350.0,4,268,3,3,0,598.0,0,0.57,2,1,3,3,0,0.0,0,0.0,38.0,53.0,2.3333333333333335,4.0,1.0,1.0,3,6,0,917.6735568029867
app,installment,763,120,2,11,0.25,1,74,28,28,M,2,graduate,married,4,private,3435.0,23,468,5,1,0,582.0,0,0.34,8,1,1,1,0,0.0,0,0.0,60.0,60.0,1.0,1.0,1.0,1.0,10,5,0,1181.7141139057167
app,short_term,3415,7,3,20,0.18,0,63,45,53,M,2,middle,married,5,unemployed,3542.0,47,187,4,1,0,571.0,0,0.22,3,0,1,1,0,0.0,0,0.0,41.0,41.0,3.0,3.0,0.0,1.0,0,4,0,948.6291762156804
app,short_term,2532,30,4,11,0.13,0,63,37,50,M,3,high,single,5,self_employed,5064.0,49,395,5,3,1,644.0,5,0.55,10,2,3,2,0,0.0,0,0.0,57.666666666666664,79.0,3.0,5.0,0.6666666666666666,0.6666666666666666,13,3,0,770.4462492775012
app,installment,1444,120,0,19,0.07,0,40,41,52,M,4,high,divorced,4,private,6799.0,75,132,4,2,0,658.0,0,0.42,10,0,2,2,0,0.0,0,0.0,36.5,52.0,2.0,3.0,0.5,0.5,13,0,0,1196.5625424749792
web,short_term,4450,30,3,19,0.36,0,64,38,38,M,4,middle,single,4,self_employed,1633.0,63,400,1,3,0,508.0,0,0.45,4,0,3,2,0,0.0,0,0.0,54.333333333333336,79.0,2.3333333333333335,4.0,1.0,1.0,20,0,0,626.0238148711403
app,short_term,3960,14,6,18,0.08,1,59,18,53,M,4,graduate,married,5,unemployed,2864.0,109,329,5,3,0,572.0,0,0.26,7,1,3,3,0,0.0,0,0.0,43.0,59.0,2.3333333333333335,3.0,1.0,0.3333333333333333,21,3,0,638.6074583549131
app,short_term,4060,14,4,11,0.21,0,100,40,51,M,3,high,married,5,unemployed,2496.0,29,57,2,2,0,601.0,0,0.35,3,1,2,2,0,0.0,0,0.0,37.5,70.0,1.5,2.0,0.5,1.0,14,3,0,814.3454399010869
web,installment,2316,180,3,25,0.15,0,101,25,20,M,4,middle,single,4,self_employed,3318.0,3,455,1,2,0,707.0,0,0.17,1,1,2,2,0,0.0,1,0.5,52.0,53.0,2.5,3.0,1.0,1.0,16,4,0,751.1752260271155
app,short_term,2018,21,7,33,0.03,0,57,24,44,F,4,college,single,10,private,4788.0,55,53,1,1,0,611.0,0,0.3,0,3,1,1,0,0.0,0,0.0,11.0,11.0,1.0,1.0,0.0,1.0,21,2,0,840.3479868475848
app,short_term,3204,7,3,14,0.19,0,38,15,40,M,3,middle,married,2,private,4957.0,91,290,5,3,1,754.0,1,0.11,3,1,3,3,0,0.0,0,0.0,38.666666666666664,65.0,1.6666666666666667,2.0,1.0,1.0,12,6,0,882.8536389897023
app,installment,4673,90,5,25,0.61,0,60,14,37,M,4,middle,single,10,private,5627.0,64,67,4,2,0,552.0,0,0.12,6,6,2,2,0,0.0,0,0.0,41.5,42.0,1.5,2.0,1.0,1.0,18,4,0,877.0000063393255
web,installment,1975,60,2,23,0.2,0,46,47,53,M,3,college,married,4,private,2482.0,104,388,4,3,1,608.0,0,0.35,4,3,3,3,0,0.0,0,0.0,57.666666666666664,65.0,4.0,5.0,0.6666666666666666,0.6666666666666666,3,6,0,790.3674809158678
web,short_term,3883,14,11,30,0.22,1,75,18,32,M,3,graduate,single,9,private,2141.0,89,221,3,1,1,596.0,0,0.27,6,0,1,1,0,0.0,0,0.0,27.0,27.0,2.0,2.0,1.0,0.0,17,0,0,774.6023734729855
app,short_term,4798,30,4,44,0.15,0,46,47,41,F,4,college,married,6,self_employed,4342.0,43,148,1,2,0,549.0,3,0.4,1,0,2,2,0,0.0,0,0.0,13.0,25.0,3.0,5.0,1.0,1.0,12,2,1,508.01891850772773
app,short_term,4397,21,8,0,0.27,0,42,41,25,M,4,college,married,7,self_employed,3985.0,108,351,4,3,1,745.0,0,0.08,1,3,3,2,0,0.0,1,0.6666666666666666,20.666666666666668,40.0,2.0,3.0,1.0,0.6666666666666666,21,5,0,1076.7781419345997
app,short_term,4106,7,4,24,0.11,0,90,17,54,F,3,college,married,0,state,3295.0,82,402,5,2,1,677.0,1,0.25,7,3,2,2,0,0.0,0,0.0,38.0,48.0,1.0,1.0,1.0,1.0,15,5,0,578.7758179309312
app,installment,2172,60,6,18,0.17,0,19,20,47,M,2,college,married,2,self_employed,3010.0,13,160,3,3,0,600.0,1,0.45,1,0,3,2,0,0.0,0,0.0,27.333333333333332,44.0,1.0,1.0,1.0,0.6666666666666666,22,4,0,924.0985869986797
partner,short_term,1825,30,1,1,0.39,1,10,30,53,M,3,college,single,1,unemployed,1745.0,119,317,3,3,0,628.0,0,0.08,4,1,3,3,0,0.0,0,0.0,27.333333333333332,53.0,1.6666666666666667,3.0,0.6666666666666666,0.6666666666666666,16,4,0,752.2252009241066
app,installment,1091,180,1,41,0.35,0,60,55,22,M,2,high,married,5,state,4185.0,118,104,3,3,0,526.0,1,0.64,1,2,3,2,0,0.0,0,0.0,30.0,34.0,2.6666666666666665,4.0,1.0,0.3333333333333333,7,4,0,1156.7149939982685
app,installment,1099,90,5,6,0.31,0,73,3,46,M,5,middle,married,0,self_employed,5215.0,112,363,4,3,0,639.0,0,0.33,2,4,3,3,1,0.3333333333333333,0,0.0,48.333333333333336,59.0,1.3333333333333333,2.0,0.3333333333333333,0.3333333333333333,3,3,0,849.2027575367017
app,short_term,1519,7,7,29,0.15,0,63,39,36,M,3,college,single,7,self_employed,1897.0,26,378,5,3,1,667.0,0,0.56,5,1,3,2,0,0.0,0,0.0,49.0,63.0,2.0,4.0,1.0,1.0,5,1,0,1098.812353376587
app,short_term,1017,7,0,10,0.08,1,72,55,41,M,3,college,married,5,unemployed,3759.0,13,320,1,3,0,606.0,1,0.05,0,2,3,3,0,0.0,0,0.0,54.666666666666664,59.0,1.3333333333333333,2.0,1.0,1.0,22,1,0,953.189556044932
app,short_term,2436,21,6,28,0.11,0,63,15,29,M,3,college,married,0,self_employed,2939.0,58,64,4,2,0,620.0,0,0.59,8,3,2,2,0,0.0,0,0.0,27.5,37.0,3.0,4.0,1.0,0.5,10,3,0,935.0519158798434
app,installment,2085,180,12,5,0.07,0,61,10,42,M,3,high,divorced,0,private,5629.0,86,134,3,1,1,588.0,0,0.14,0,4,1,1,0,0.0,0,0.0,44.0,44.0,2.0,2.0,1.0,1.0,17,2,0,971.8019854397769
web,short_term,2279,21,8,8,0.12,1,71,22,54,F,4,high,married,4,private,4639.0,113,438,3,3,0,648.0,0,0.14,10,1,3,2,0,0.0,0,0.0,42.666666666666664,79.0,1.6666666666666667,3.0,1.0,0.6666666666666666,5,0,0,1291.4804234688422
app,installment,775,60,4,18,0.34,0,64,27,48,M,4,middle,married,9,unemployed,3272.0,71,107,5,3,0,578.0,2,0.26,9,0,3,1,0,0.0,0,0.0,42.666666666666664,67.0,1.0,1.0,1.0,1.0,0,2,0,587.3737638125122
app,installment,3520,180,2,28,0.18,0,70,40,27,F,1,high,single,4,private,3468.0,101,159,4,3,0,736.0,2,0.61,8,5,3,3,0,0.0,0,0.0,43.666666666666664,68.0,2.0,4.0,1.0,1.0,7,6,0,659.1977708351264
app,installment,1396,120,5,20,0.27,0,51,15,48,F,5,college,married,8,private,4145.0,115,294,3,2,1,580.0,0,0.65,6,1,2,2,0,0.0,0,0.0,40.5,50.0,2.0,3.0,1.0,0.5,6,3,0,991.1518797098331
app,installment,3215,180,5,16,0.06,0,74,36,48,F,3,high,married,2,self_employed,2342.0,19,412,2,2,1,561.0,0,0.17,8,2,2,1,0,0.0,0,0.0,39.0,51.0,1.0,1.0,1.0,0.5,4,2,0,936.6857553161587
web,installment,2648,120,9,13,0.2,0,36,46,28,M,3,college,married,8,private,5324.0,75,74,1,3,0,628.0,0,0.59,6,5,3,3,0,0.0,0,0.0,43.0,73.0,1.0,1.0,1.0,1.0,10,5,0,1077.4226757378185
web,short_term,3188,21,0,16,0.37,0,48,29,24,M,1,high,single,10,self_employed,4198.0,31,362,5,3,1,669.0,0,0.56,3,0,3,3,0,0.0,1,0.3333333333333333,51.666666666666664,64.0,1.6666666666666667,2.0,1.0,0.6666666666666666,22,6,0,1242.262814678469
app,installment,2896,90,6,33,0.32,0,85,35,54,F,2,college,married,8,private,1871.0,61,93,3,2,0,657.0,0,0.52,9,1,2,2,0,0.0,0,0.0,46.0,71.0,1.0,1.0,0.5,1.0,23,4,0,804.5015046646761
app,short_term,2080,30,8,28,0.25,1,60,26,50,F,2,college,married,1,private,6139.0,69,56,5,1,0,560.0,0,0.06,7,2,1,1,0,0.0,0,0.0,38.0,38.0,1.0,1.0,1.0,1.0,14,5,0,811.9763067810667
app,short_term,1944,14,5,34,0.14,0,63,52,28,F,5,graduate,married,10,private,5533.0,66,150,4,2,0,488.0,0,0.35,0,0,2,2,0,0.0,1,0.5,36.5,51.0,1.5,2.0,1.0,1.0,8,1,0,1056.6803647328943
app,installment,4616,120,6,11,0.16,0,87,24,55,M,3,high,married,4,private,4613.0,32,80,4,2,1,674.0,1,0.07,3,0,2,2,0,0.0,0,0.0,38.0,57.0,1.5,2.0,1.0,0.5,18,3,0,1023.2583708324365
app,short_term,1078,21,4,26,0.34,0,35,18,28,M,3,college,single,5,private,3151.0,58,412,2,3,0,640.0,0,0.2,6,1,3,3,0,0.0,0,0.0,52.666666666666664,70.0,1.3333333333333333,2.0,1.0,1.0,18,1,0,922.3135112919442
app,short_term,4816,30,6,0,0.24,0,52,27,33,F,5,college,married,6,state,4828.0,98,344,5,1,0,455.0,0,0.73,3,2,1,1,0,0.0,0,0.0,47.0,47.0,4.0,4.0,1.0,1.0,5,6,0,612.4957580575973
partner,short_term,1065,7,8,17,0.09,0,81,13,30,M,4,high,single,7,self_employed,3592.0,31,60,5,1,1,602.0,1,0.75,6,2,1,1,0,0.0,0,0.0,33.0,33.0,2.0,2.0,1.0,1.0,23,1,0,810.3328299682048
app,installment,3979,180,2,14,0.28,0,50,45,43,F,5,graduate,married,2,private,3508.0,43,322,5,3,1,599.0,0,0.43,9,3,3,3,0,0.0,0,0.0,33.0,46.0,1.0,1.0,1.0,1.0,2,1,0,648.3863725556904
app,short_term,1339,21,6,20,0.28,0,36,31,18,M,3,middle,single,8,private,4613.0,96,89,2,3,1,700.0,0,0.55,2,0,3,3,0,0.0,1,0.3333333333333333,32.666666666666664,59.0,1.6666666666666667,3.0,0.6666666666666666,1.0,2,3,0,945.8198976618245
app,short_term,4559,14,6,30,0.21,1,22,12,26,F,3,middle,divorced,5,state,6289.0,46,281,1,1,0,514.0,0,0.58,0,0,1,1,0,0.0,0,0.0,13.0,13.0,1.0,1.0,1.0,1.0,18,2,0,853.0694524663955
partner,installment,4698,120,3,10,0.05,0,57,42,54,M,3,college,married,3,state,5111.0,60,102,4,2,0,605.0,0,0.11,3,0,2,2,1,0.5,0,0.0,18.0,23.0,1.5,2.0,0.5,0.5,9,5,0,1029.0925916208623
app,installment,4157,90,1,12,0.47,0,71,57,32,M,4,high,single,2,private,2403.0,43,388,2,2,0,554.0,0,0.07,9,4,2,2,0,0.0,0,0.0,8.0,10.0,2.0,3.0,1.0,1.0,19,3,0,606.7570155960727
app,installment,3122,60,2,27,0.13,0,75,52,19,F,3,college,married,0,self_employed,5902.0,116,261,3,2,0,599.0,0,0.21,9,0,2,2,0,0.0,0,0.0,29.0,42.0,2.5,3.0,1.0,1.0,17,2,0,1146.1795586559724
app,installment,1454,180,2,22,0.28,0,45,37,52,F,3,college,married,3,unemployed,3528.0,106,117,2,1,1,615.0,0,0.53,0,2,1,1,0,0.0,0,0.0,74.0,74.0,2.0,2.0,1.0,1.0,4,6,0,1101.40540509609
partner,installment,2189,120,4,15,0.42,0,87,36,48,F,2,college,single,6,private,6359.0,11,409,3,1,0,596.0,0,0.45,2,0,1,1,0,0.0,0,0.0,23.0,23.0,1.0,1.0,1.0,1.0,5,6,0,1041.2149527396896
app,short_term,1931,7,0,21,0.37,0,78,22,44,F,4,middle,married,6,state,2461.0,42,266,5,2,0,533.0,2,0.15,3,2,2,1,0,0.0,0,0.0,40.5,51.0,1.5,2.0,1.0,1.0,18,0,0,490.67721465767954
web,installment,3817,60,3,26,0.09,0,87,26,46,M,2,high,married,7,state,4063.0,9,231,4,2,1,710.0,0,0.46,8,1,2,1,0,0.0,0,0.0,31.5,42.0,3.0,3.0,1.0,0.0,15,1,0,933.4692429125237
app,short_term,1610,21,3,15,0.56,0,60,30,50,M,4,high,single,5,private,3364.0,88,223,5,3,1,613.0,0,0.85,0,6,3,2,0,0.0,1,0.3333333333333333,48.666666666666664,53.0,1.0,1.0,1.0,1.0,18,6,0,1018.8572381496047
app,short_term,2888,21,5,11,0.27,0,18,47,43,M,3,college,single,6,state,3609.0,1,205,3,3,0,675.0,0,0.25,6,0,3,2,0,0.0,0,0.0,39.333333333333336,55.0,1.6666666666666667,2.0,0.6666666666666666,0.6666666666666666,4,4,0,1016.5563180736481
app,installment,616,90,0,32,0.52,0,21,39,53,M,2,college,married,0,self_employed,3574.0,107,263,4,2,0,661.0,0,0.26,10,0,2,2,0,0.0,1,0.5,28.0,32.0,2.0,2.0,1.0,0.5,8,0,0,1054.7243412851144
web,installment,1591,60,13,15,0.38,0,45,3,28,F,2,high,single,6,private,2229.0,5,125,2,2,1,771.0,0,0.37,5,1,2,2,0,0.0,0,0.0,22.0,44.0,1.5,2.0,1.0,0.5,9,5,0,917.8971180569406
app,short_term,866,14,4,34,0.09,0,50,31,25,F,3,high,single,6,state,5545.0,14,353,1,2,0,603.0,0,0.33,8,3,2,1,0,0.0,0,0.0,22.5,33.0,1.0,1.0,1.0,0.5,6,1,0,1212.5239088520011
web,installment,2030,120,5,20,0.34,0,44,28,25,F,3,graduate,single,0,self_employed,3180.0,115,183,3,3,0,623.0,0,0.29,9,3,3,3,0,0.0,0,0.0,36.666666666666664,80.0,2.0,3.0,1.0,0.3333333333333333,15,5,0,700.945274437976
app,short_term,4039,14,9,26,0.17,0,28,22,19,F,3,high,married,6,private,6135.0,22,229,2,2,1,540.0,0,0.69,8,0,2,2,0,0.0,1,1.0,50.0,73.0,1.5,2.0,1.0,1.0,18,2,0,966.3690603413895
app,installment,4826,120,6,9,0.21,0,34,37,26,M,4,college,married,2,private,3627.0,51,259,4,3,1,681.0,0,0.29,10,0,3,3,0,0.0,0,0.0,25.666666666666668,46.0,1.3333333333333333,2.0,1.0,0.6666666666666666,9,5,0,1168.6113559309617
partner,installment,4765,90,8,3,0.4,0,45,14,22,M,5,college,married,3,self_employed,5304.0,70,75,5,1,0,696.0,2,0.24,1,0,1,1,0,0.0,0,0.0,52.0,52.0,2.0,2.0,1.0,1.0,13,2,0,693.7409295807497
app,short_term,1821,7,5,40,0.26,0,58,0,54,M,2,college,married,3,private,4463.0,2,211,5,1,0,652.0,0,0.55,7,2,1,1,0,0.0,0,0.0,27.0,27.0,1.0,1.0,1.0,0.0,0,6,0,863.9006463626949
app,installment,4261,180,2,37,0.27,0,70,26,44,F,3,high,married,2,self_employed,5592.0,13,287,2,1,1,663.0,0,0.31,0,4,1,1,0,0.0,1,1.0,76.0,76.0,2.0,2.0,1.0,1.0,22,5,0,1039.2461666491768
web,installment,4501,180,8,22,0.02,0,94,33,55,M,2,high,single,0,private,3942.0,1,55,5,1,0,555.0,0,0.25,6,0,1,1,0,0.0,0,0.0,34.0,34.0,2.0,2.0,1.0,1.0,14,3,0,1019.4336576583105
app,short_term,1679,7,4,17,0.49,0,49,10,29,M,3,high,married,10,unemployed,3389.0,64,432,2,2,0,749.0,0,0.62,4,0,2,2,0,0.0,0,0.0,60.0,68.0,1.5,2.0,1.0,1.0,18,0,0,1071.3448261356843
web,short_term,3781,14,6,24,0.14,0,75,23,24,M,3,college,married,8,self_employed,3510.0,16,353,4,2,1,743.0,0,0.19,7,2,2,2,0,0.0,0,0.0,38.5,46.0,1.5,2.0,0.0,1.0,1,5,0,917.1422637243886
app,short_term,3476,7,5,24,0.23,0,78,19,41,M,2,high,married,6,self_employed,3726.0,86,417,2,3,0,767.0,0,0.2,2,2,3,3,0,0.0,0,0.0,55.333333333333336,75.0,3.3333333333333335,4.0,1.0,0.6666666666666666,6,5,0,863.810600916135
app,short_term,751,21,3,33,0.63,0,33,41,22,F,3,graduate,single,3,unemployed,3146.0,58,86,1,1,0,644.0,1,0.38,2,0,1,1,0,0.0,0,0.0,48.0,48.0,1.0,1.0,1.0,1.0,14,5,0,950.917084483593
web,short_term,2998,21,3,33,0.19,0,33,20,21,F,3,middle,single,9,private,4039.0,111,96,5,3,1,562.0,2,0.02,0,0,3,2,0,0.0,0,0.0,45.666666666666664,61.0,1.0,1.0,1.0,0.6666666666666666,23,0,0,1131.7490806697092
app,short_term,2588,14,0,33,0.48,0,58,33,29,F,4,college,single,1,private,3425.0,37,201,5,2,1,615.0,0,0.63,8,4,2,2,0,0.0,0,0.0,41.5,42.0,1.0,1.0,1.0,0.5,1,0,0,733.5925510132815
app,installment,3752,90,4,42,0.31,0,38,13,55,M,1,high,single,5,state,2929.0,94,418,2,1,0,501.0,0,0.23,4,4,1,1,0,0.0,0,0.0,14.0,14.0,3.0,3.0,0.0,1.0,10,3,0,458.8544327627424
app,installment,2731,90,3,32,0.25,0,63,50,48,M,1,middle,single,0,self_employed,4013.0,5,251,1,1,1,677.0,0,0.28,3,0,1,1,0,0.0,0,0.0,17.0,17.0,1.0,1.0,1.0,1.0,13,1,0,1073.5597421925092
web,installment,4827,120,5,27,0.23,0,71,32,24,F,3,high,single,9,self_employed,4077.0,2,144,4,1,1,633.0,0,0.55,5,0,1,1,0,0.0,0,0.0,55.0,55.0,2.0,2.0,1.0,1.0,8,0,0,1036.3543270270309
app,short_term,4265,21,5,31,0.43,0,72,46,22,M,2,middle,divorced,7,private,2877.0,48,129,2,3,0,564.0,0,0.4,1,0,3,1,0,0.0,0,0.0,37.666666666666664,42.0,2.3333333333333335,3.0,0.6666666666666666,1.0,23,3,0,918.169868986664
app,installment,3224,90,5,5,0.09,0,31,28,37,M,3,high,married,8,unemployed,4616.0,6,481,2,3,1,785.0,0,0.23,5,2,3,3,0,0.0,0,0.0,31.0,58.0,2.0,3.0,1.0,0.6666666666666666,10,3,0,846.2848821459244
app,installment,3793,90,8,7,0.48,0,40,55,26,F,4,college,single,2,unemployed,3633.0,106,250,2,2,0,510.0,1,0.52,5,2,2,2,0,0.0,0,0.0,35.5,69.0,1.5,2.0,1.0,0.5,14,4,0,575.4291840743674
web,short_term,3139,14,6,26,0.22,0,37,26,35,F,3,graduate,married,3,private,3097.0,57,334,1,2,0,763.0,0,0.54,10,1,2,2,0,0.0,0,0.0,42.5,62.0,1.5,2.0,1.0,0.5,20,1,0,962.302097613991
app,short_term,1635,30,4,17,0.47,0,78,31,34,M,4,graduate,married,5,unemployed,6067.0,75,271,5,3,0,702.0,0,0.32,9,2,3,3,0,0.0,0,0.0,15.666666666666666,36.0,2.3333333333333335,4.0,1.0,1.0,20,4,0,991.7665390373036
partner,installment,4705,120,3,34,0.13,1,71,42,37,F,1,college,single,8,private,3302.0,17,71,4,1,0,678.0,0,0.03,0,0,1,1,0,0.0,0,0.0,16.0,16.0,3.0,3.0,1.0,1.0,3,3,0,1188.2119269016735
app,installment,1255,180,1,18,0.45,1,59,48,20,M,2,high,married,1,unemployed,3792.0,67,206,1,2,0,609.0,0,0.28,10,3,2,2,0,0.0,0,0.0,48.5,55.0,2.0,3.0,0.5,0.5,5,5,0,1082.7723883471083
partner,installment,4659,90,9,24,0.12,1,34,50,23,M,5,high,married,9,self_employed,6178.0,44,211,2,2,0,598.0,0,0.16,6,6,2,2,0,0.0,0,0.0,36.0,63.0,2.5,3.0,1.0,1.0,23,1,0,641.7274413327543
app,short_term,1856,7,5,20,0.3,0,80,16,46,M,1,high,married,9,unemployed,3590.0,76,450,3,3,0,589.0,0,0.09,2,2,3,2,0,0.0,0,0.0,55.666666666666664,68.0,2.3333333333333335,3.0,1.0,1.0,21,4,0,653.7359776061724
app,installment,4280,60,8,22,0.23,0,36,51,25,F,5,college,single,5,private,3002.0,104,295,5,3,0,522.0,0,0.33,2,0,3,2,0,0.0,0,0.0,61.333333333333336,82.0,2.3333333333333335,3.0,1.0,0.3333333333333333,2,6,0,577.6706365130897
web,installment,3169,60,4,19,0.34,0,61,40,54,M,3,college,married,8,private,4993.0,71,211,2,2,1,576.0,0,0.4,0,0,2,2,0,0.0,0,0.0,34.5,64.0,1.5,2.0,1.0,1.0,8,6,0,883.5820046485929
app,installment,1477,120,1,16,0.15,0,73,9,43,F,2,college,divorced,0,self_employed,2463.0,100,229,3,1,1,770.0,0,0.2,2,0,1,1,0,0.0,0,0.0,46.0,46.0,3.0,3.0,1.0,0.0,15,4,0,947.2532766553467
app,installment,802,90,2,14,0.14,0,46,22,51,M,4,high,married,8,private,2848.0,64,56,3,3,0,574.0,0,0.32,4,2,3,2,0,0.0,1,0.3333333333333333,27.666666666666668,46.0,1.6666666666666667,3.0,0.6666666666666666,1.0,13,5,0,869.7538506666365
web,installment,3045,120,8,25,0.45,0,52,38,51,M,3,college,married,10,private,5285.0,81,179,1,1,0,596.0,0,0.34,6,0,1,1,0,0.0,0,0.0,53.0,53.0,1.0,1.0,1.0,1.0,1,0,0,1110.4290364952908
app,short_term,1860,30,3,30,0.36,0,64,0,46,M,3,graduate,single,7,self_employed,3434.0,18,373,3,3,0,573.0,0,0.67,9,2,3,3,0,0.0,0,0.0,62.666666666666664,68.0,1.6666666666666667,3.0,1.0,0.6666666666666666,0,0,0,984.3521629620176
app,short_term,1962,7,1,17,0.29,0,50,19,37,F,2,high,married,3,unemployed,5010.0,72,289,5,2,0,564.0,0,0.31,4,2,2,2,0,0.0,0,0.0,36.0,41.0,2.5,3.0,1.0,1.0,15,3,0,591.3625688918044
app,short_term,4024,7,6,18,0.19,0,62,46,24,M,3,high,married,8,self_employed,2498.0,48,379,2,1,1,625.0,0,0.62,9,0,1,1,0,0.0,1,1.0,28.0,28.0,1.0,1.0,1.0,1.0,4,0,0,949.3387925396912
app,short_term,4347,7,3,0,0.29,0,57,6,46,M,2,college,married,0,private,2443.0,7,445,2,2,0,800.0,2,0.33,3,1,2,2,0,0.0,0,0.0,37.0,53.0,2.0,2.0,1.0,1.0,15,2,1,477.65898964887515
partner,installment,4206,180,0,33,0.5,1,82,26,45,F,1,graduate,married,2,private,4738.0,110,240,2,3,0,666.0,0,0.07,3,1,3,3,0,0.0,0,0.0,29.0,44.0,2.3333333333333335,5.0,1.0,0.6666666666666666,19,0,0,809.8726072183786
partner,short_term,2881,14,2,14,0.1,0,94,13,50,F,3,college,single,7,private,5524.0,38,373,4,1,0,751.0,0,0.3,3,1,1,1,0,0.0,0,0.0,31.0,31.0,3.0,3.0,1.0,1.0,7,1,0,1095.4762664151685
app,short_term,3361,14,4,14,0.18,0,67,40,45,M,3,college,married,0,private,3803.0,45,408,3,2,1,734.0,0,0.38,5,5,2,2,0,0.0,0,0.0,62.5,64.0,1.0,1.0,1.0,1.0,21,2,0,518.8946139523373
web,installment,2793,120,0,18,0.05,0,63,28,38,F,4,high,married,3,self_employed,4301.0,50,244,3,2,0,664.0,0,0.35,3,0,2,2,0,0.0,0,0.0,27.0,31.0,2.0,2.0,0.5,0.5,14,2,0,1122.0324033030772
web,installment,3585,120,6,26,0.16,0,35,30,44,M,3,middle,married,10,self_employed,3547.0,38,110,3,3,0,542.0,0,0.63,4,0,3,3,0,0.0,0,0.0,33.0,39.0,2.0,3.0,1.0,1.0,0,6,0,961.5251346070297
app,installment,4488,60,4,18,0.49,0,24,30,49,M,4,college,married,2,private,3689.0,97,472,1,3,1,672.0,0,0.72,8,2,3,3,0,0.0,0,0.0,39.0,50.0,2.6666666666666665,5.0,0.6666666666666666,0.6666666666666666,21,3,0,646.4114154784412
app,installment,2860,180,4,25,0.29,0,20,20,18,F,4,high,married,9,private,3007.0,66,485,1,1,0,606.0,0,0.35,10,0,1,1,0,0.0,0,0.0,57.0,57.0,1.0,1.0,0.0,1.0,6,0,0,938.9437013510731
app,installment,4860,120,10,22,0.31,0,23,9,18,M,3,middle,single,8,private,4613.0,96,89,2,3,1,700.0,0,0.55,2,0,3,3,0,0.0,1,0.3333333333333333,32.666666666666664,59.0,1.6666666666666667,3.0,0.6666666666666666,1.0,21,6,0,899.7091600996791
app,installment,2808,90,0,8,0.47,0,85,35,51,M,1,high,married,8,private,3062.0,7,485,3,3,0,573.0,0,0.31,5,1,3,3,0,0.0,0,0.0,51.666666666666664,59.0,2.3333333333333335,4.0,1.0,1.0,22,2,0,841.1794276359876
app,short_term,2426,30,4,22,0.36,0,42,25,37,M,5,middle,married,10,private,3730.0,48,471,2,2,0,759.0,0,0.14,1,0,2,2,0,0.0,0,0.0,29.0,30.0,1.0,1.0,1.0,1.0,8,0,0,777.6159368227748
app,short_term,4872,30,7,12,0.12,0,88,26,25,M,1,high,married,6,private,7179.0,77,110,5,2,1,531.0,0,0.47,2,1,2,2,0,0.0,0,0.0,37.0,57.0,1.5,2.0,0.5,1.0,16,5,0,679.4812406138478
partner,short_term,1688,30,6,15,0.13,0,48,41,21,F,5,college,single,7,self_employed,2206.0,31,232,4,3,0,484.0,0,0.18,5,0,3,3,0,0.0,0,0.0,9.333333333333334,21.0,1.0,1.0,1.0,1.0,11,3,0,771.4382722538319
app,short_term,771,21,0,0,0.41,0,55,43,25,F,4,college,divorced,5,state,6760.0,108,231,3,3,1,467.0,0,0.51,2,0,3,2,0,0.0,0,0.0,31.0,52.0,1.6666666666666667,2.0,0.6666666666666666,0.6666666666666666,1,2,0,984.1633639963419
app,installment,2462,180,5,11,0.24,0,56,11,22,M,5,college,single,5,private,2959.0,80,248,3,1,1,526.0,0,0.59,10,1,1,1,0,0.0,0,0.0,51.0,51.0,2.0,2.0,1.0,1.0,20,1,0,1182.8050290526298
app,installment,4490,180,5,19,0.51,0,61,56,44,F,2,graduate,married,1,self_employed,2417.0,93,349,1,2,1,583.0,0,0.58,4,1,2,2,0,0.0,0,0.0,48.0,57.0,2.5,4.0,1.0,0.5,11,3,0,815.3040679139507
web,installment,4317,120,3,22,0.35,0,82,31,30,F,3,high,single,9,private,8420.0,60,433,2,3,1,565.0,0,0.17,5,1,3,3,0,0.0,0,0.0,42.0,65.0,1.0,1.0,1.0,0.6666666666666666,0,3,0,641.1153148947961
app,short_term,2927,14,6,12,0.16,0,84,19,52,M,3,middle,married,5,private,5338.0,33,260,2,2,1,450.0,0,0.4,8,1,2,2,0,0.0,0,0.0,19.5,21.0,2.0,2.0,1.0,0.5,19,2,0,1063.8392313827171
app,short_term,898,14,6,39,0.46,0,30,25,42,M,3,college,married,3,state,2607.0,28,156,4,2,0,542.0,0,0.42,10,5,2,2,0,0.0,0,0.0,40.5,66.0,2.5,3.0,0.5,1.0,4,2,0,787.1021461934604
app,installment,4565,90,8,14,0.17,0,63,32,48,F,1,high,married,8,self_employed,2777.0,102,478,3,3,1,604.0,0,0.12,7,0,3,3,1,0.3333333333333333,0,0.0,30.666666666666668,47.0,2.3333333333333335,5.0,1.0,0.6666666666666666,16,2,0,560.8412716009491
web,installment,884,60,0,7,0.1,0,70,47,48,M,2,high,married,10,self_employed,4526.0,47,80,4,3,0,624.0,0,0.42,5,2,3,3,0,0.0,0,0.0,50.333333333333336,70.0,3.0,4.0,1.0,1.0,2,1,0,1037.4402487887419
web,short_term,2481,30,7,29,0.06,0,28,19,26,M,3,middle,single,9,unemployed,5777.0,106,442,3,1,1,557.0,0,0.4,9,0,1,1,0,0.0,0,0.0,59.0,59.0,1.0,1.0,0.0,1.0,7,1,0,1050.807656197713
partner,short_term,3871,7,1,9,0.23,0,55,50,39,M,2,college,married,1,private,1899.0,41,207,3,2,0,617.0,0,0.48,4,0,2,2,0,0.0,0,0.0,26.5,53.0,2.5,3.0,1.0,1.0,13,2,0,737.177003071654
partner,installment,1392,180,9,20,0.36,0,61,40,23,F,2,college,married,8,private,6170.0,73,390,1,1,0,623.0,0,0.21,3,1,1,1,0,0.0,0,0.0,0.0,0.0,1.0,1.0,1.0,1.0,6,5,0,1021.9307563150567
web,short_term,616,21,5,28,0.11,0,55,24,38,M,1,college,single,8,unemployed,4800.0,12,295,1,2,0,616.0,1,0.37,0,0,2,2,0,0.0,0,0.0,53.5,54.0,1.5,2.0,1.0,1.0,21,1,0,1049.0207933995234
app,installment,2840,90,1,28,0.45,0,85,27,51,F,1,college,divorced,0,private,3804.0,104,406,2,2,1,507.0,0,0.14,4,0,2,1,0,0.0,0,0.0,56.5,66.0,1.5,2.0,1.0,0.5,23,3,0,743.5995945075936
web,installment,2552,60,0,29,0.21,1,20,11,30,M,3,college,single,6,self_employed,3779.0,67,486,2,2,0,567.0,0,0.36,8,0,2,2,0,0.0,0,0.0,43.0,49.0,2.5,4.0,1.0,1.0,8,4,0,838.4247205406418
partner,short_term,2409,30,1,14,0.28,0,64,0,45,F,2,high,married,0,private,5389.0,78,174,1,1,1,547.0,1,0.04,4,3,1,1,0,0.0,0,0.0,60.0,60.0,2.0,2.0,0.0,1.0,15,0,0,868.8251927509119
web,installment,1407,120,3,26,0.23,0,73,19,24,F,3,graduate,single,5,self_employed,3493.0,51,486,2,1,0,719.0,0,0.14,10,2,1,1,0,0.0,0,0.0,58.0,58.0,2.0,2.0,1.0,1.0,6,6,0,1199.8108062839574
app,installment,3545,90,3,32,0.45,0,64,42,25,M,4,high,single,7,private,2203.0,84,324,5,3,1,574.0,1,0.15,0,0,3,3,0,0.0,0,0.0,22.333333333333332,44.0,2.3333333333333335,5.0,1.0,1.0,10,2,0,752.7048959213053
app,installment,1885,120,7,21,0.12,0,54,26,41,F,3,college,married,2,private,4058.0,83,323,4,1,0,616.0,1,0.2,1,2,1,1,0,0.0,1,1.0,4.0,4.0,2.0,2.0,1.0,1.0,22,4,0,1339.8095617522818
app,short_term,2281,14,4,18,0.06,0,54,23,23,M,1,college,single,2,state,3954.0,91,490,4,2,0,570.0,0,0.53,6,2,2,2,0,0.0,0,0.0,38.5,43.0,2.0,3.0,1.0,1.0,22,6,0,918.3335236624639
app,short_term,3592,14,3,8,0.18,0,10,29,49,M,4,high,divorced,8,self_employed,2859.0,63,118,2,1,1,511.0,0,0.12,9,3,1,1,0,0.0,0,0.0,7.0,7.0,1.0,1.0,1.0,1.0,11,5,0,556.5997611768663
web,short_term,4073,30,5,38,0.22,1,94,3,26,M,3,middle,single,6,private,4228.0,17,489,2,3,0,681.0,0,0.46,3,1,3,2,0,0.0,0,0.0,42.333333333333336,60.0,2.6666666666666665,4.0,1.0,0.3333333333333333,12,1,0,816.6428474640941
partner,installment,1311,180,2,17,0.26,0,84,45,26,F,5,high,married,6,state,4807.0,25,146,5,2,1,633.0,0,0.29,8,0,2,2,0,0.0,0,0.0,47.0,51.0,1.5,2.0,1.0,0.5,17,6,0,856.4807015114181
app,short_term,1918,21,1,16,0.26,0,61,42,24,M,2,college,single,5,private,2918.0,68,341,2,1,0,519.0,0,0.27,2,0,1,1,0,0.0,0,0.0,21.0,21.0,2.0,2.0,1.0,0.0,12,1,0,1073.9326118690337
app,short_term,3923,14,7,24,0.24,0,40,9,49,F,4,college,single,2,unemployed,4903.0,116,188,1,3,0,631.0,1,0.83,1,1,3,3,0,0.0,1,0.3333333333333333,25.333333333333332,37.0,1.3333333333333333,2.0,0.6666666666666666,0.3333333333333333,13,2,0,701.372541319095
app,installment,1980,60,6,35,0.37,0,32,22,31,F,3,college,single,5,private,5673.0,66,74,4,2,0,553.0,0,0.36,2,0,2,2,0,0.0,1,0.5,36.5,48.0,1.0,1.0,1.0,1.0,20,0,0,988.1191665042363
app,installment,2180,60,3,20,0.01,0,51,13,48,F,5,high,single,3,private,2394.0,12,420,1,1,1,570.0,0,0.53,2,3,1,1,0,0.0,0,0.0,33.0,33.0,3.0,3.0,1.0,1.0,5,6,0,523.1622310406752
web,installment,1485,60,3,14,0.53,0,39,56,24,M,3,graduate,married,4,private,4208.0,27,258,3,3,0,624.0,0,0.08,0,5,3,3,0,0.0,0,0.0,45.666666666666664,81.0,1.3333333333333333,2.0,1.0,0.6666666666666666,6,3,0,983.0196405779122
partner,short_term,4615,30,4,9,0.19,0,42,7,19,M,3,middle,married,10,unemployed,5905.0,49,421,4,2,1,743.0,0,0.66,8,3,2,2,0,0.0,0,0.0,53.0,68.0,1.0,1.0,0.5,1.0,6,4,0,1082.8377109160433
web,short_term,4353,21,5,30,0.24,0,62,21,38,M,5,college,single,9,state,2844.0,53,262,5,2,0,713.0,0,0.28,0,0,2,2,1,0.5,0,0.0,66.5,79.0,1.5,2.0,1.0,1.0,0,5,0,740.467413626492
app,short_term,4962,30,2,29,0.21,0,39,33,27,M,2,college,married,0,state,6645.0,63,496,5,2,0,653.0,0,0.21,7,2,2,2,0,0.0,0,0.0,0.5,1.0,1.0,1.0,0.5,0.5,5,5,0,929.3698128553219
app,short_term,741,30,5,22,0.09,0,35,38,27,M,2,college,single,9,private,4318.0,53,458,3,1,0,706.0,0,0.53,0,0,1,1,0,0.0,0,0.0,35.0,35.0,2.0,2.0,0.0,0.0,11,4,0,1038.1914796633214
web,installment,3254,120,10,24,0.3,0,44,40,27,F,4,graduate,married,2,state,3643.0,86,418,3,3,0,558.0,0,0.5,2,0,3,3,0,0.0,0,0.0,24.0,45.0,1.0,1.0,0.6666666666666666,1.0,20,1,0,925.5165884005901
app,short_term,3603,21,0,6,0.19,0,68,5,20,F,5,middle,married,6,private,3449.0,88,393,3,1,1,572.0,1,0.43,5,0,1,1,0,0.0,0,0.0,20.0,20.0,1.0,1.0,0.0,1.0,8,4,0,758.0588064474042
app,short_term,4723,14,1,48,0.36,0,53,44,43,M,2,high,married,6,private,7873.0,5,198,4,3,1,607.0,1,0.36,0,1,3,2,0,0.0,0,0.0,42.666666666666664,63.0,1.6666666666666667,2.0,1.0,1.0,21,6,0,794.5170971622505
app,short_term,4345,7,9,9,0.17,0,75,46,36,F,2,high,married,4,state,2865.0,94,204,1,1,0,681.0,0,0.33,10,3,1,1,0,0.0,0,0.0,3.0,3.0,3.0,3.0,1.0,1.0,22,1,0,977.8416050986384
app,short_term,4084,14,3,32,0.05,0,55,30,43,F,3,high,single,8,private,2370.0,101,370,5,2,0,576.0,0,0.13,2,1,2,2,0,0.0,0,0.0,40.5,57.0,1.0,1.0,1.0,1.0,4,3,0,710.9905012655961
app,short_term,3320,7,6,12,0.38,0,58,25,36,M,2,high,married,10,state,3641.0,8,72,5,3,1,697.0,0,0.39,9,0,3,2,0,0.0,0,0.0,60.666666666666664,86.0,1.0,1.0,1.0,0.6666666666666666,5,1,0,767.0958730458174
app,installment,2338,90,5,17,0.46,0,86,50,18,M,5,high,married,0,state,4193.0,120,456,4,2,1,709.0,1,0.44,6,1,2,2,0,0.0,0,0.0,52.5,53.0,1.0,1.0,1.0,1.0,18,0,0,890.0259856397254
app,installment,4802,120,10,22,0.33,0,61,23,39,M,3,middle,single,3,self_employed,9548.0,10,437,4,3,0,471.0,2,0.33,1,1,3,2,0,0.0,1,0.3333333333333333,23.333333333333332,31.0,2.0,4.0,1.0,1.0,13,3,0,726.8625580030349
app,short_term,1375,7,4,10,0.4,0,87,50,34,M,4,graduate,single,5,private,4346.0,89,360,1,2,0,602.0,2,0.19,6,1,2,2,0,0.0,0,0.0,47.5,52.0,2.5,4.0,1.0,0.5,5,0,0,732.9339490169368
app,short_term,3458,14,5,28,0.19,0,57,39,51,M,4,high,married,3,unemployed,4627.0,116,467,3,3,1,680.0,0,0.24,3,4,3,2,0,0.0,0,0.0,54.333333333333336,93.0,2.0,3.0,0.6666666666666666,0.6666666666666666,8,4,0,653.5589625776614
app,short_term,4873,14,9,21,0.44,1,51,27,20,M,2,college,married,8,state,1810.0,29,393,1,1,0,427.0,0,0.32,10,2,1,1,0,0.0,0,0.0,64.0,64.0,2.0,2.0,1.0,1.0,1,0,0,859.0006024379724
partner,short_term,1690,21,9,16,0.33,0,64,39,50,M,1,college,single,8,private,5282.0,4,458,4,2,0,598.0,0,0.14,5,0,2,2,0,0.0,0,0.0,54.0,67.0,2.0,3.0,1.0,1.0,19,3,0,1169.6733257493113
web,installment,3991,90,7,28,0.39,0,96,23,33,F,3,college,married,7,private,3457.0,84,489,5,2,0,552.0,0,0.38,0,0,2,2,0,0.0,0,0.0,20.0,35.0,1.0,1.0,0.5,1.0,9,2,0,854.7801601479189
partner,installment,4025,120,9,14,0.32,0,59,2,27,M,2,college,married,1,private,6830.0,78,112,5,3,0,506.0,0,0.51,8,0,3,3,0,0.0,0,0.0,48.333333333333336,69.0,1.3333333333333333,2.0,0.6666666666666666,1.0,15,4,0,896.1559470779988
app,short_term,2444,30,7,24,0.32,0,50,31,39,M,3,college,single,8,private,3330.0,23,233,4,3,0,620.0,0,0.23,8,0,3,3,0,0.0,0,0.0,24.666666666666668,38.0,1.0,1.0,1.0,0.6666666666666666,3,0,0,1207.8839821201518
app,installment,539,90,2,20,0.08,0,33,25,28,F,3,college,single,6,private,4516.0,120,327,3,1,0,631.0,0,0.18,4,2,1,1,0,0.0,1,1.0,41.0,41.0,1.0,1.0,1.0,1.0,23,5,0,920.922402652598
app,short_term,1088,30,2,10,0.2,0,75,33,27,F,4,college,single,5,private,3534.0,97,358,3,3,0,530.0,0,0.5,10,1,3,3,0,0.0,0,0.0,35.0,52.0,1.3333333333333333,2.0,0.6666666666666666,0.6666666666666666,22,4,0,1128.834773752696
app,short_term,2461,30,7,10,0.24,1,66,33,50,M,4,middle,married,8,unemployed,2184.0,74,319,2,2,0,631.0,1,0.52,5,2,2,2,0,0.0,0,0.0,24.5,27.0,1.0,1.0,1.0,1.0,14,4,0,704.7491349079837
app,short_term,4091,7,5,13,0.1,0,70,59,46,M,1,college,married,8,private,4285.0,102,380,1,3,0,670.0,0,0.56,1,4,3,3,0,0.0,1,0.3333333333333333,29.666666666666668,42.0,2.0,3.0,1.0,1.0,20,1,0,634.5152674865063
web,short_term,4924,30,4,15,0.17,0,46,31,33,M,3,graduate,married,10,private,2795.0,11,379,3,1,0,540.0,0,0.17,0,0,1,1,0,0.0,0,0.0,43.0,43.0,1.0,1.0,0.0,1.0,10,4,0,738.2724301209215
partner,short_term,906,7,2,5,0.38,0,50,37,49,F,3,college,single,1,private,7861.0,74,213,1,3,0,549.0,0,0.18,6,1,3,2,0,0.0,0,0.0,54.0,67.0,1.6666666666666667,3.0,1.0,1.0,4,1,0,1141.3717688616034
web,installment,3556,90,1,21,0.14,0,74,16,25,F,3,graduate,single,0,self_employed,3180.0,115,183,3,3,0,623.0,0,0.29,9,3,3,3,0,0.0,0,0.0,36.666666666666664,80.0,2.0,3.0,1.0,0.3333333333333333,22,5,0,783.2458891429831
app,short_term,4217,21,8,24,0.35,0,44,32,46,F,1,middle,single,9,state,4438.0,89,183,3,2,0,521.0,0,0.61,4,1,2,2,0,0.0,0,0.0,23.0,41.0,2.5,4.0,1.0,1.0,23,0,0,739.4513582918512
app,installment,4377,180,4,24,0.35,0,47,9,37,M,3,graduate,married,7,state,7760.0,79,318,3,3,0,568.0,0,0.16,10,3,3,2,0,0.0,1,0.3333333333333333,18.0,36.0,1.0,1.0,1.0,1.0,14,1,0,895.285954941816
app,short_term,4139,21,2,22,0.02,0,53,30,55,F,5,middle,married,4,private,4474.0,18,183,4,2,1,601.0,0,0.19,9,1,2,2,0,0.0,0,0.0,9.5,12.0,1.0,1.0,1.0,0.5,0,5,0,810.6250492807876
app,installment,3797,120,1,10,0.28,0,77,60,35,F,4,college,single,2,unemployed,2814.0,39,366,2,2,1,487.0,0,0.24,0,2,2,2,0,0.0,0,0.0,25.5,27.0,1.0,1.0,1.0,1.0,0,0,0,715.3179856849981
app,installment,4127,120,5,5,0.37,0,33,33,45,M,3,high,married,4,unemployed,4369.0,110,283,1,1,0,553.0,0,0.35,4,0,1,1,0,0.0,0,0.0,0.0,0.0,4.0,4.0,0.0,1.0,2,2,0,872.8983530321841
app,installment,3723,60,5,7,0.04,0,77,42,46,M,2,high,single,1,private,5078.0,34,310,1,2,1,674.0,0,0.37,9,2,2,2,0,0.0,0,0.0,83.5,93.0,2.0,3.0,0.5,0.5,9,4,0,752.0507887270421
app,short_term,813,14,7,34,0.29,1,41,54,18,M,5,college,married,2,self_employed,6676.0,80,320,4,1,1,726.0,3,0.66,2,0,1,1,0,0.0,0,0.0,48.0,48.0,1.0,1.0,1.0,1.0,7,0,0,902.9300830132922
app,installment,3024,180,3,10,0.2,1,36,32,30,F,4,graduate,single,5,private,5671.0,100,212,4,1,0,536.0,0,0.46,9,1,1,1,0,0.0,0,0.0,36.0,36.0,1.0,1.0,1.0,1.0,10,1,0,1049.071841443727
app,short_term,1082,30,6,8,0.13,0,85,36,34,F,4,college,single,1,state,5668.0,15,229,4,2,1,572.0,1,0.11,7,0,2,2,0,0.0,0,0.0,27.5,33.0,3.0,5.0,0.5,1.0,8,4,0,824.8267011684495
app,short_term,1636,14,6,9,0.11,0,63,39,27,F,2,college,married,3,self_employed,3517.0,87,230,5,2,1,681.0,0,0.28,4,0,2,2,0,0.0,0,0.0,35.5,38.0,1.0,1.0,1.0,0.5,2,6,0,991.1872989822949
app,installment,4861,90,0,37,0.53,1,74,25,29,M,4,middle,married,8,unemployed,6818.0,98,456,4,3,0,739.0,0,0.38,2,0,3,3,0,0.0,0,0.0,17.333333333333332,26.0,2.3333333333333335,4.0,0.6666666666666666,1.0,0,6,0,861.3221131790928
app,short_term,4920,21,4,13,0.47,0,73,13,39,F,3,college,married,10,self_employed,3546.0,88,358,4,2,1,594.0,0,0.42,9,0,2,2,1,0.5,0,0.0,32.0,34.0,3.0,4.0,1.0,1.0,13,5,0,886.9375194327699
web,installment,2125,120,10,10,0.56,0,88,32,42,F,4,college,married,3,state,3831.0,38,87,3,1,0,583.0,0,0.34,8,0,1,1,0,0.0,0,0.0,33.0,33.0,1.0,1.0,1.0,1.0,8,5,0,869.0675721339649
app,short_term,2639,21,4,17,0.29,0,58,35,27,F,1,high,single,0,state,2423.0,39,229,4,3,0,579.0,0,0.32,4,0,3,2,0,0.0,0,0.0,56.333333333333336,91.0,1.6666666666666667,3.0,1.0,1.0,22,6,0,895.8657752336019
web,short_term,3480,7,0,10,0.38,0,40,40,53,M,4,graduate,married,5,unemployed,2864.0,109,329,5,3,0,572.0,0,0.26,7,1,3,3,0,0.0,0,0.0,43.0,59.0,2.3333333333333335,3.0,1.0,0.3333333333333333,13,2,0,628.4341541484591
web,short_term,3994,30,3,20,0.12,0,90,18,50,F,4,graduate,single,9,self_employed,4067.0,46,454,4,1,0,560.0,0,0.14,8,0,1,1,0,0.0,0,0.0,67.0,67.0,2.0,2.0,1.0,1.0,3,4,0,1150.5724361539742
app,installment,2058,180,6,18,0.2,0,56,24,55,M,4,middle,married,8,self_employed,1983.0,10,321,5,2,1,681.0,2,0.29,6,0,2,2,0,0.0,1,0.5,33.0,39.0,3.0,5.0,1.0,0.5,4,2,0,721.2822213236522
app,installment,3944,90,8,25,0.13,0,97,19,18,M,3,high,married,3,private,4997.0,4,150,2,3,0,609.0,0,0.22,8,0,3,3,0,0.0,0,0.0,46.0,75.0,1.3333333333333333,2.0,0.6666666666666666,0.6666666666666666,11,4,0,872.5879354202444
web,installment,4562,120,6,15,0.54,0,50,23,32,F,4,middle,married,2,unemployed,3459.0,24,490,4,2,0,547.0,0,0.16,5,0,2,1,0,0.0,0,0.0,38.0,42.0,1.5,2.0,1.0,1.0,18,4,0,933.1282375146293
app,installment,3871,60,5,11,0.06,0,13,16,37,F,2,college,single,8,self_employed,6025.0,88,459,1,3,1,600.0,0,0.29,3,2,3,3,0,0.0,0,0.0,56.0,85.0,1.3333333333333333,2.0,0.6666666666666666,0.3333333333333333,18,5,0,1125.72670146198
app,short_term,4802,14,6,0,0.24,0,10,18,23,M,4,college,married,10,self_employed,2671.0,87,163,2,1,1,554.0,0,0.37,8,0,1,1,0,0.0,0,0.0,58.0,58.0,1.0,1.0,0.0,1.0,12,0,0,629.9121926751387
web,short_term,912,21,8,24,0.2,0,55,25,31,F,5,high,married,0,unemployed,5530.0,60,334,5,3,1,567.0,0,0.04,6,5,3,2,0,0.0,0,0.0,46.666666666666664,60.0,1.6666666666666667,2.0,1.0,1.0,21,0,0,1041.8864713823793
app,short_term,4432,14,11,21,0.3,0,92,26,37,M,3,college,single,9,private,3013.0,45,454,2,3,0,632.0,0,0.21,2,2,3,2,0,0.0,0,0.0,23.666666666666668,41.0,1.3333333333333333,2.0,0.6666666666666666,0.6666666666666666,11,3,0,741.7190829379682
app,installment,3779,120,7,26,0.54,0,67,7,21,M,2,middle,married,7,private,7756.0,20,308,2,3,1,779.0,0,0.5,7,1,3,2,0,0.0,1,0.3333333333333333,46.0,56.0,2.0,3.0,1.0,1.0,0,3,0,925.0448957034043
app,installment,4223,120,6,14,0.11,0,30,41,35,F,1,college,single,5,private,4105.0,91,72,1,1,0,486.0,0,0.29,1,3,1,1,0,0.0,0,0.0,36.0,36.0,4.0,4.0,1.0,1.0,17,4,0,829.0734492419974
app,installment,2875,90,9,18,0.24,0,49,42,28,M,1,college,single,5,state,4098.0,72,53,4,2,0,625.0,0,0.22,3,3,2,2,1,0.5,0,0.0,19.5,33.0,1.5,2.0,1.0,1.0,2,3,0,815.6657651739677
app,short_term,3178,30,7,18,0.1,0,43,34,46,F,2,college,single,9,private,2830.0,117,144,2,2,1,610.0,0,0.07,3,0,2,2,0,0.0,0,0.0,45.5,55.0,1.0,1.0,1.0,1.0,1,1,0,925.231755901555
partner,short_term,689,21,5,17,0.65,0,48,41,33,F,1,college,married,5,state,2663.0,116,66,1,1,0,781.0,0,0.49,9,2,1,1,0,0.0,0,0.0,35.0,35.0,3.0,3.0,1.0,1.0,13,1,0,850.1454077325769
app,short_term,2749,7,8,23,0.5,0,59,30,23,F,2,college,married,8,private,6170.0,73,390,1,1,0,623.0,0,0.21,3,1,1,1,0,0.0,0,0.0,0.0,0.0,1.0,1.0,1.0,1.0,8,5,0,947.593538203633
web,short_term,2655,21,5,11,0.24,0,70,41,26,M,3,high,married,2,private,5084.0,27,202,5,3,1,560.0,0,0.09,2,2,3,2,0,0.0,0,0.0,47.0,68.0,1.6666666666666667,2.0,1.0,0.3333333333333333,14,5,0,1168.8805726960454
app,short_term,1513,14,6,18,0.16,0,81,18,32,F,2,college,married,4,unemployed,3331.0,94,106,2,3,0,562.0,0,0.29,5,0,3,3,0,0.0,0,0.0,51.0,91.0,1.0,1.0,1.0,0.6666666666666666,11,0,0,1076.5736137926567
app,short_term,3337,30,9,20,0.29,0,55,23,51,F,4,college,married,4,unemployed,7619.0,115,61,3,2,1,505.0,0,0.33,9,0,2,2,0,0.0,0,0.0,38.5,49.0,1.0,1.0,0.5,1.0,20,6,0,689.9361828974925
partner,short_term,1757,14,2,25,0.29,0,60,22,28,M,4,middle,married,8,state,3278.0,83,271,3,1,1,612.0,0,0.73,1,3,1,1,0,0.0,0,0.0,12.0,12.0,1.0,1.0,1.0,0.0,15,2,0,744.6394237575495
app,short_term,3229,7,5,18,0.22,0,104,38,39,F,2,high,married,1,private,3818.0,17,338,1,3,0,661.0,1,0.4,8,3,3,3,0,0.0,0,0.0,58.333333333333336,69.0,1.3333333333333333,2.0,0.6666666666666666,1.0,1,0,0,628.879697585072
app,short_term,2094,21,8,19,0.06,1,55,12,20,F,4,graduate,married,4,self_employed,4209.0,88,334,4,2,0,645.0,0,0.49,3,1,2,1,0,0.0,0,0.0,38.5,49.0,3.0,3.0,1.0,1.0,21,0,0,1007.3496386578172
partner,short_term,2809,21,4,25,0.03,0,68,11,49,F,5,college,single,3,state,3699.0,49,362,4,2,0,553.0,2,0.21,3,1,2,1,0,0.0,0,0.0,24.0,31.0,1.5,2.0,1.0,0.5,4,4,0,1000.1928802311062
app,short_term,3357,21,1,4,0.53,0,91,21,40,M,1,college,single,8,private,3519.0,108,253,3,2,1,625.0,0,0.2,5,1,2,1,0,0.0,0,0.0,40.5,43.0,1.0,1.0,1.0,0.5,16,2,0,506.1454950036806
app,short_term,862,14,1,10,0.34,0,63,28,23,F,4,high,single,8,private,3360.0,2,117,2,2,0,678.0,1,0.4,4,0,2,2,0,0.0,0,0.0,45.0,72.0,1.0,1.0,1.0,1.0,18,3,0,958.6432644762037
app,short_term,895,7,2,23,0.22,0,52,39,28,M,3,high,single,2,self_employed,6191.0,46,489,1,1,0,657.0,1,0.19,2,1,1,1,0,0.0,0,0.0,51.0,51.0,1.0,1.0,1.0,0.0,12,6,0,971.392647951472
web,installment,3025,60,3,24,0.08,0,54,38,24,M,2,graduate,married,3,private,3904.0,60,253,1,1,1,656.0,0,0.37,6,0,1,1,0,0.0,0,0.0,34.0,34.0,5.0,5.0,1.0,0.0,22,2,0,982.4200826805611
app,installment,4245,90,10,0,0.06,0,66,7,28,M,4,high,married,3,state,3665.0,113,140,4,1,1,686.0,2,0.07,6,0,1,1,0,0.0,0,0.0,57.0,57.0,1.0,1.0,1.0,1.0,22,5,0,691.0237462575772
web,installment,1403,180,9,18,0.2,0,71,24,49,M,5,graduate,married,1,self_employed,3870.0,2,88,5,2,0,705.0,1,0.41,2,0,2,2,0,0.0,0,0.0,37.0,46.0,1.0,1.0,1.0,0.5,14,3,0,611.7749862601785
web,installment,3084,180,4,7,0.07,1,31,2,27,M,3,college,divorced,2,private,6363.0,36,379,1,2,0,643.0,0,0.19,7,4,2,2,0,0.0,0,0.0,67.0,73.0,2.5,3.0,1.0,1.0,7,5,0,819.0557173575958
app,installment,1702,180,0,20,0.24,0,41,23,31,M,3,college,married,9,private,7524.0,56,488,1,1,0,573.0,1,0.35,2,0,1,1,0,0.0,0,0.0,37.0,37.0,1.0,1.0,1.0,1.0,6,4,0,880.7349230351135
web,short_term,2266,21,3,30,0.2,0,49,30,23,F,2,graduate,married,1,private,3808.0,25,407,2,2,1,833.0,0,0.1,6,0,2,2,0,0.0,0,0.0,45.5,48.0,1.5,2.0,1.0,1.0,15,4,0,954.840692040051
app,short_term,3767,30,6,19,0.12,0,48,7,19,F,3,college,married,0,self_employed,5902.0,116,261,3,2,0,599.0,0,0.21,9,0,2,2,0,0.0,0,0.0,29.0,42.0,2.5,3.0,1.0,1.0,4,3,0,1217.9185303054346
app,installment,3198,180,4,5,0.39,0,72,28,55,F,4,college,married,9,unemployed,2412.0,70,194,5,3,1,670.0,1,0.61,8,0,3,3,0,0.0,0,0.0,25.666666666666668,34.0,1.6666666666666667,3.0,1.0,1.0,19,5,0,924.3400213004585
app,short_term,1461,30,9,26,0.44,0,65,8,34,F,1,graduate,married,3,private,4416.0,22,300,4,3,1,574.0,0,0.11,10,0,3,3,0,0.0,1,0.3333333333333333,43.333333333333336,61.0,2.0,4.0,0.6666666666666666,0.6666666666666666,9,3,0,937.354614843101
app,installment,3754,60,7,10,0.13,0,91,21,43,F,2,graduate,married,7,unemployed,5588.0,78,207,1,1,1,639.0,1,0.09,6,0,1,1,0,0.0,0,0.0,50.0,50.0,1.0,1.0,1.0,1.0,13,2,0,1064.737091412192
app,installment,2856,90,5,31,0.37,0,77,29,54,M,2,high,single,3,self_employed,3763.0,2,216,2,1,1,428.0,0,0.46,0,0,1,1,0,0.0,0,0.0,21.0,21.0,1.0,1.0,1.0,1.0,13,0,0,686.3334568473501
app,short_term,1219,7,3,12,0.31,0,83,30,30,F,1,graduate,single,9,private,2671.0,13,453,4,1,1,379.0,0,0.22,5,1,1,1,0,0.0,0,0.0,61.0,61.0,3.0,3.0,1.0,1.0,1,3,1,306.5762285222888
web,installment,3328,60,6,17,0.3,1,17,37,37,M,4,high,single,0,private,2186.0,37,383,1,1,0,542.0,0,0.6,9,3,1,1,0,0.0,0,0.0,3.0,3.0,1.0,1.0,0.0,1.0,20,2,0,428.52199619336574
app,short_term,2158,21,6,15,0.42,0,58,9,53,M,3,high,single,8,unemployed,4276.0,17,426,3,3,0,508.0,1,0.47,7,0,3,3,0,0.0,0,0.0,39.666666666666664,57.0,3.6666666666666665,5.0,1.0,1.0,18,1,0,665.1543093758356
app,short_term,1855,14,7,17,0.03,0,45,31,22,M,2,college,married,2,private,4345.0,37,105,4,3,0,624.0,0,0.64,3,0,3,3,0,0.0,1,0.3333333333333333,60.0,78.0,2.6666666666666665,3.0,1.0,1.0,21,2,0,1048.3534163435452
partner,short_term,1692,7,8,26,0.22,1,59,29,42,M,3,college,single,10,state,2838.0,54,169,4,3,0,450.0,1,0.21,8,0,3,3,0,0.0,0,0.0,33.0,54.0,2.0,2.0,1.0,1.0,8,5,0,856.399405177526
web,installment,1202,60,2,2,0.45,1,67,41,27,F,4,high,married,4,self_employed,3077.0,77,377,3,1,1,732.0,0,0.33,9,0,1,1,0,0.0,0,0.0,47.0,47.0,2.0,2.0,1.0,0.0,10,6,0,852.6605674634211
app,short_term,2643,14,8,17,0.35,0,72,12,43,M,1,high,single,6,private,4415.0,31,378,3,1,0,771.0,0,0.26,1,0,1,1,0,0.0,0,0.0,51.0,51.0,3.0,3.0,1.0,1.0,6,2,0,977.8951767373197
web,short_term,4423,30,1,17,0.07,0,91,15,50,F,3,graduate,married,5,private,4661.0,100,88,5,3,0,604.0,0,0.49,9,1,3,3,0,0.0,0,0.0,36.666666666666664,74.0,2.3333333333333335,4.0,0.6666666666666666,0.6666666666666666,20,5,0,792.8364603368085
app,short_term,4587,30,5,43,0.38,0,32,49,20,M,4,college,married,0,private,4364.0,65,159,1,2,0,606.0,1,0.53,2,0,2,2,0,0.0,0,0.0,37.0,45.0,1.0,1.0,1.0,1.0,12,1,0,600.1998999065495
app,installment,1754,180,10,16,0.32,0,74,11,40,M,1,high,married,7,private,2887.0,68,437,5,2,1,504.0,1,0.74,3,0,2,2,0,0.0,0,0.0,13.0,19.0,2.5,3.0,1.0,1.0,10,1,0,712.9223840610472
app,installment,1469,90,4,26,0.07,0,54,39,23,F,5,high,married,4,self_employed,3716.0,19,296,4,3,1,645.0,0,0.09,10,0,3,3,0,0.0,0,0.0,36.333333333333336,61.0,1.6666666666666667,2.0,1.0,0.6666666666666666,15,2,0,1037.39404094584
web,short_term,3063,30,9,17,0.39,1,75,30,36,F,2,college,married,3,private,5322.0,56,473,1,3,0,535.0,0,0.29,7,2,3,3,0,0.0,0,0.0,33.0,61.0,2.0,4.0,1.0,0.3333333333333333,7,4,0,942.7098001020718
web,installment,4743,180,2,34,0.43,1,54,14,36,M,5,high,single,10,private,5259.0,84,54,3,2,0,513.0,0,0.26,2,2,2,2,0,0.0,0,0.0,73.0,86.0,2.5,3.0,1.0,0.5,16,2,0,791.1855366009192
web,short_term,3342,7,10,13,0.65,0,91,55,45,M,4,college,married,4,self_employed,2571.0,112,481,2,1,1,695.0,0,0.01,3,0,1,1,0,0.0,0,0.0,64.0,64.0,3.0,3.0,1.0,1.0,13,3,0,634.6115958784806
app,installment,4401,60,2,17,0.29,0,69,22,33,M,3,high,single,10,self_employed,2482.0,19,445,3,1,0,645.0,0,0.55,6,0,1,1,0,0.0,0,0.0,14.0,14.0,2.0,2.0,1.0,1.0,0,5,0,778.69022539353
web,short_term,3738,14,5,17,0.23,0,59,22,35,M,5,college,married,8,state,3239.0,52,191,4,3,1,594.0,0,0.56,0,0,3,3,0,0.0,0,0.0,41.0,55.0,2.3333333333333335,3.0,1.0,0.6666666666666666,14,1,0,623.9692135265715
app,short_term,2745,21,3,32,0.47,0,34,30,51,F,2,high,single,0,state,7169.0,11,368,1,1,0,637.0,1,0.43,5,0,1,1,0,0.0,0,0.0,15.0,15.0,1.0,1.0,1.0,1.0,12,4,0,959.1132629141839
app,installment,2490,180,8,26,0.13,0,72,40,38,M,3,high,divorced,2,private,4973.0,117,457,1,2,0,607.0,0,0.49,1,1,2,2,0,0.0,0,0.0,14.0,21.0,1.5,2.0,1.0,1.0,23,1,0,1283.502508306263
app,short_term,4784,21,6,16,0.39,0,61,27,44,F,2,middle,single,5,self_employed,5171.0,8,113,2,3,1,564.0,0,0.19,1,3,3,3,0,0.0,0,0.0,29.666666666666668,56.0,1.6666666666666667,3.0,1.0,0.6666666666666666,14,5,0,929.7071251273417
partner,short_term,3958,30,0,18,0.28,0,72,32,30,F,2,college,married,10,private,2718.0,82,227,1,1,0,668.0,1,0.36,0,0,1,1,0,0.0,0,0.0,24.0,24.0,3.0,3.0,1.0,1.0,9,1,0,794.8470105922174
web,short_term,4828,21,3,19,0.39,0,76,27,48,F,1,high,married,8,self_employed,2777.0,102,478,3,3,1,604.0,0,0.12,7,0,3,3,1,0.3333333333333333,0,0.0,30.666666666666668,47.0,2.3333333333333335,5.0,1.0,0.6666666666666666,23,4,0,639.320845952546
app,installment,1573,60,6,17,0.17,0,91,34,34,F,3,high,single,1,private,2263.0,114,481,4,3,1,635.0,1,0.29,2,0,3,3,0,0.0,0,0.0,39.666666666666664,60.0,3.3333333333333335,5.0,0.6666666666666666,0.6666666666666666,15,6,0,618.7017156045348
web,short_term,4983,30,3,30,0.39,1,71,32,23,F,2,high,divorced,1,private,3305.0,71,419,2,1,1,542.0,0,0.22,6,0,1,1,0,0.0,0,0.0,10.0,10.0,4.0,4.0,1.0,1.0,14,1,0,756.2452987955637
web,installment,4062,120,0,28,0.28,0,74,43,30,M,5,college,married,1,self_employed,2022.0,59,499,4,3,0,623.0,0,0.33,5,2,3,3,0,0.0,0,0.0,45.333333333333336,56.0,1.6666666666666667,2.0,1.0,0.6666666666666666,2,5,0,802.6297524053505
app,installment,3078,60,3,32,0.13,0,52,20,35,M,3,high,single,3,self_employed,2780.0,54,89,1,1,0,596.0,1,0.07,1,4,1,1,0,0.0,0,0.0,30.0,30.0,1.0,1.0,1.0,1.0,17,0,0,482.01940134621145
app,short_term,2067,14,3,41,0.25,0,93,0,37,F,1,high,married,8,private,4685.0,42,350,4,2,0,524.0,0,0.33,10,2,2,2,0,0.0,1,0.5,74.0,87.0,2.0,3.0,1.0,1.0,9,1,0,861.4894243949356
app,short_term,2217,14,0,17,0.11,0,82,35,28,F,3,college,married,0,self_employed,10675.0,63,253,3,3,0,569.0,0,0.31,4,1,3,3,0,0.0,0,0.0,48.333333333333336,69.0,1.3333333333333333,2.0,1.0,0.6666666666666666,7,6,0,896.2724837209623
app,installment,2426,90,4,15,0.18,0,90,23,53,M,3,college,married,1,private,2119.0,40,421,3,1,1,727.0,1,0.48,6,0,1,1,0,0.0,0,0.0,72.0,72.0,1.0,1.0,1.0,1.0,15,6,0,614.7806514190816
app,short_term,4707,7,7,21,0.18,1,32,48,54,M,4,high,single,7,private,4418.0,19,252,1,3,0,673.0,1,0.29,8,2,3,2,0,0.0,0,0.0,29.333333333333332,34.0,2.0,4.0,1.0,0.6666666666666666,17,6,0,776.0463106966218
web,short_term,2549,21,4,27,0.19,0,14,17,29,F,4,college,single,2,state,4392.0,21,63,3,1,0,538.0,0,0.26,7,2,1,1,0,0.0,0,0.0,32.0,32.0,1.0,1.0,1.0,1.0,18,2,0,898.71048054864
web,installment,1951,90,3,18,0.43,0,28,0,25,F,5,graduate,single,1,self_employed,4224.0,43,93,5,3,1,705.0,0,0.11,5,0,3,2,0,0.0,0,0.0,50.0,78.0,2.3333333333333335,4.0,1.0,0.6666666666666666,5,2,0,1026.5676006252747
app,installment,2075,120,7,0,0.28,0,79,41,55,F,4,high,married,5,state,5139.0,22,463,1,1,0,576.0,0,0.14,3,0,1,1,0,0.0,0,0.0,46.0,46.0,2.0,2.0,1.0,0.0,14,5,0,908.0420697290565
web,installment,1749,90,5,45,0.28,0,74,65,40,F,5,high,married,8,private,2923.0,16,133,1,1,0,623.0,0,0.42,3,1,1,1,0,0.0,0,0.0,35.0,35.0,1.0,1.0,1.0,1.0,5,3,0,876.7082017018489
app,short_term,4179,30,10,5,0.5,0,64,45,37,F,2,college,married,2,self_employed,6725.0,37,458,1,3,1,655.0,0,0.49,7,1,3,2,0,0.0,0,0.0,29.0,49.0,2.6666666666666665,3.0,1.0,0.6666666666666666,2,1,0,927.1827442139459
app,installment,3453,120,4,13,0.29,0,63,23,47,F,1,middle,single,1,self_employed,2894.0,101,463,2,1,1,587.0,2,0.46,8,2,1,1,0,0.0,0,0.0,50.0,50.0,2.0,2.0,1.0,1.0,21,4,0,825.4051017083768
app,short_term,2493,14,6,12,0.02,0,56,48,50,F,3,college,married,0,unemployed,4308.0,93,311,5,3,0,621.0,0,0.1,3,3,3,2,0,0.0,0,0.0,50.333333333333336,67.0,1.6666666666666667,2.0,0.6666666666666666,0.6666666666666666,2,1,0,934.6427635473283
app,short_term,2573,30,4,8,0.15,0,50,41,22,F,4,middle,single,0,self_employed,5752.0,66,179,1,1,1,577.0,0,0.31,9,0,1,1,0,0.0,0,0.0,41.0,41.0,2.0,2.0,1.0,0.0,7,6,0,988.2928109580931
app,short_term,2467,21,0,29,0.31,0,51,46,43,M,2,college,single,5,state,5877.0,37,222,5,1,1,749.0,0,0.49,9,1,1,1,0,0.0,0,0.0,45.0,45.0,2.0,2.0,1.0,1.0,5,2,0,1272.2740577764125
web,installment,4471,90,8,9,0.38,0,94,30,28,F,5,high,single,1,state,3349.0,18,461,3,3,0,698.0,0,0.27,7,0,3,2,0,0.0,0,0.0,41.0,55.0,2.0,3.0,1.0,1.0,14,0,0,652.6676212827133
web,short_term,4665,30,3,36,0.24,0,44,23,46,F,4,graduate,single,4,unemployed,3169.0,27,225,5,2,1,623.0,0,0.51,6,1,2,2,0,0.0,0,0.0,57.0,65.0,2.0,3.0,1.0,1.0,12,4,0,769.9383276760989
app,short_term,1884,7,6,32,0.26,0,71,43,31,M,3,graduate,single,8,private,2670.0,63,163,5,2,1,617.0,0,0.26,10,5,2,2,0,0.0,0,0.0,32.0,49.0,1.5,2.0,1.0,1.0,22,5,0,909.1467999477427
app,short_term,4056,21,4,27,0.09,0,83,38,52,M,1,graduate,married,5,state,3141.0,95,210,2,2,1,807.0,1,0.33,1,4,2,2,0,0.0,0,0.0,53.5,69.0,1.0,1.0,0.5,0.5,4,4,0,702.5019482091466
partner,short_term,1159,30,5,0,0.28,0,65,59,31,M,4,high,divorced,5,private,5829.0,98,433,5,3,1,610.0,0,0.22,0,6,3,2,0,0.0,0,0.0,31.0,61.0,3.0,4.0,1.0,1.0,7,2,0,937.5950877205487
web,short_term,1216,30,5,30,0.31,0,62,32,40,M,3,college,single,2,state,4598.0,11,140,3,1,0,633.0,1,0.25,5,2,1,1,0,0.0,0,0.0,17.0,17.0,4.0,4.0,1.0,0.0,22,0,0,752.6464176170657
partner,installment,702,120,7,16,0.42,0,99,34,27,M,1,college,divorced,6,private,3990.0,69,366,5,1,1,830.0,1,0.55,6,0,1,1,0,0.0,0,0.0,21.0,21.0,3.0,3.0,1.0,0.0,6,0,0,1021.6241401359329
app,installment,4633,90,0,20,0.4,0,67,24,35,F,3,college,married,9,unemployed,3955.0,21,104,1,1,0,616.0,0,0.37,4,0,1,1,0,0.0,0,0.0,50.0,50.0,2.0,2.0,1.0,1.0,21,2,0,1074.8359959797476
app,installment,2624,180,3,21,0.14,0,78,26,21,F,5,middle,single,6,private,3311.0,100,54,1,1,0,474.0,1,0.16,6,1,1,1,0,0.0,0,0.0,6.0,6.0,2.0,2.0,1.0,1.0,1,1,0,685.5613549604423
app,short_term,3064,14,5,34,0.23,0,53,15,30,F,1,middle,single,8,private,3293.0,35,381,3,2,1,488.0,0,0.65,0,0,2,1,0,0.0,0,0.0,37.0,46.0,1.5,2.0,1.0,1.0,4,5,0,1101.1818491601387
web,installment,2756,180,4,35,0.29,0,45,28,32,M,3,college,single,7,self_employed,5292.0,74,300,1,1,1,765.0,1,0.21,4,0,1,1,0,0.0,0,0.0,46.0,46.0,1.0,1.0,1.0,1.0,4,2,0,1334.7131275761703
web,installment,3004,180,7,30,0.16,0,67,31,55,F,3,high,single,3,self_employed,2310.0,57,493,4,3,0,570.0,0,0.21,9,2,3,3,0,0.0,1,0.3333333333333333,44.666666666666664,68.0,2.3333333333333335,3.0,0.6666666666666666,0.6666666666666666,6,2,0,709.7835743969171
app,short_term,4522,21,7,3,0.51,0,111,0,53,F,4,middle,single,2,private,3885.0,34,107,3,3,0,720.0,0,0.22,7,0,3,3,0,0.0,0,0.0,44.0,57.0,1.0,1.0,1.0,1.0,2,5,0,1077.731229373856
app,short_term,3561,14,4,32,0.22,0,60,32,31,M,2,college,single,1,unemployed,4211.0,101,162,4,1,1,578.0,0,0.19,8,1,1,1,0,0.0,0,0.0,17.0,17.0,2.0,2.0,1.0,1.0,3,1,0,1375.4543093572606
web,short_term,2236,7,4,23,0.15,0,53,64,29,F,1,college,single,8,self_employed,2647.0,22,63,3,2,0,792.0,1,0.35,3,0,2,1,0,0.0,0,0.0,21.5,32.0,2.0,2.0,1.0,1.0,6,0,0,865.7639583251078
app,installment,3912,60,4,15,0.01,0,92,5,50,F,3,college,single,7,private,7469.0,4,280,1,2,0,657.0,1,0.1,8,0,2,1,0,0.0,0,0.0,45.5,59.0,4.0,5.0,1.0,1.0,3,1,0,981.5931755868764
web,short_term,1772,21,5,9,0.25,0,64,55,47,F,4,college,married,5,self_employed,5044.0,10,458,3,2,0,667.0,0,0.45,1,0,2,2,0,0.0,0,0.0,45.5,72.0,1.5,2.0,1.0,1.0,17,5,0,1289.3059843645196
app,short_term,4825,7,5,25,0.27,1,98,0,41,M,4,high,single,10,private,4873.0,59,206,2,2,0,675.0,0,0.57,5,0,2,2,0,0.0,0,0.0,17.0,26.0,1.5,2.0,1.0,1.0,5,4,0,872.6730722848889
app,short_term,3060,30,5,13,0.29,0,61,31,47,F,2,middle,married,3,private,4448.0,10,173,4,2,1,509.0,0,0.57,2,1,2,2,0,0.0,0,0.0,28.5,37.0,2.5,3.0,1.0,0.5,10,6,0,621.7193322710099
app,short_term,2030,21,5,35,0.32,0,58,43,23,F,4,high,married,9,self_employed,4716.0,74,203,1,2,0,613.0,0,0.53,0,0,2,2,0,0.0,0,0.0,51.5,76.0,2.0,3.0,1.0,0.5,17,0,0,1032.1947381631971
app,short_term,4766,21,5,15,0.19,0,78,26,43,F,3,high,married,4,state,4390.0,117,447,3,3,0,654.0,0,0.38,0,0,3,3,0,0.0,0,0.0,54.333333333333336,66.0,2.0,3.0,1.0,0.3333333333333333,5,3,0,1016.5562987746355
app,installment,4090,90,3,29,0.4,1,79,56,48,M,4,high,married,1,self_employed,2252.0,94,66,5,2,0,629.0,0,0.23,4,0,2,2,0,0.0,0,0.0,16.0,17.0,3.0,3.0,1.0,1.0,12,0,0,561.4205090256646
app,short_term,1228,7,7,21,0.23,0,36,15,21,M,1,high,married,10,self_employed,4322.0,41,258,1,2,0,517.0,0,0.24,9,0,2,2,0,0.0,0,0.0,21.0,32.0,1.5,2.0,1.0,0.0,3,3,0,1066.7110855487606
app,short_term,2047,30,4,20,0.16,0,108,17,18,M,5,high,married,3,state,3669.0,11,97,1,3,1,521.0,3,0.1,7,0,3,2,0,0.0,1,0.3333333333333333,48.333333333333336,57.0,2.3333333333333335,5.0,1.0,1.0,0,1,1,357.9859780934351
app,short_term,2636,14,6,23,0.21,0,62,17,36,M,5,middle,single,10,private,2380.0,103,254,2,3,0,698.0,0,0.08,9,4,3,3,0,0.0,0,0.0,47.0,71.0,2.0,3.0,1.0,1.0,10,5,0,788.4443442357647
app,short_term,2317,14,3,29,0.05,0,45,50,40,F,3,graduate,single,4,self_employed,3267.0,76,383,2,1,1,693.0,1,0.39,10,0,1,1,0,0.0,0,0.0,22.0,22.0,1.0,1.0,1.0,1.0,7,0,0,1122.6263396510685
app,short_term,1985,14,7,15,0.32,0,77,25,29,F,3,college,married,10,private,5405.0,56,185,1,2,1,456.0,1,0.21,0,1,2,2,0,0.0,0,0.0,46.0,47.0,1.5,2.0,0.5,0.5,16,4,0,833.2989295004968
app,short_term,2502,21,5,19,0.02,0,98,48,25,M,4,graduate,divorced,6,unemployed,6587.0,44,135,2,1,1,581.0,2,0.07,5,0,1,1,0,0.0,0,0.0,58.0,58.0,3.0,3.0,1.0,1.0,21,1,0,784.5889231606325
app,installment,3104,60,3,12,0.37,0,58,33,43,F,3,high,single,3,state,9012.0,46,98,4,2,1,617.0,0,0.6,6,0,2,2,0,0.0,0,0.0,38.5,62.0,3.5,4.0,1.0,0.0,3,0,0,832.8869565394367
partner,short_term,4594,14,4,24,0.35,1,86,40,45,M,1,high,married,5,private,3397.0,81,267,2,2,0,591.0,0,0.12,0,2,2,2,1,0.5,0,0.0,46.5,51.0,1.5,2.0,1.0,1.0,18,2,0,780.4531726657368
app,short_term,2836,7,6,5,0.11,0,59,26,55,F,4,college,single,8,private,4079.0,104,484,2,1,0,634.0,0,0.26,3,1,1,1,0,0.0,0,0.0,53.0,53.0,4.0,4.0,1.0,0.0,14,3,0,979.1804208661938
app,installment,2255,120,7,9,0.34,0,88,17,52,F,2,college,single,9,private,6519.0,96,202,3,1,0,616.0,1,0.15,6,1,1,1,0,0.0,0,0.0,34.0,34.0,3.0,3.0,1.0,1.0,19,6,0,829.6311239464475
app,short_term,1685,7,3,9,0.37,0,63,39,30,M,4,middle,single,6,private,4208.0,2,59,5,1,1,605.0,0,0.17,7,0,1,1,0,0.0,0,0.0,48.0,48.0,2.0,2.0,1.0,1.0,0,4,0,1205.8425407734173
app,short_term,1082,7,1,29,0.47,0,104,11,47,F,2,middle,married,3,private,4448.0,10,173,4,2,1,509.0,0,0.57,2,1,2,2,0,0.0,0,0.0,28.5,37.0,2.5,3.0,1.0,0.5,13,0,0,590.1123704093411
app,short_term,2965,7,4,25,0.19,0,75,24,28,F,4,high,divorced,9,unemployed,2288.0,63,103,4,3,0,733.0,3,0.19,6,0,3,3,0,0.0,0,0.0,51.333333333333336,70.0,1.0,1.0,1.0,1.0,17,1,0,569.8135310541292
app,short_term,2260,7,2,24,0.18,1,50,42,49,F,2,college,single,2,unemployed,5271.0,116,329,2,2,1,665.0,0,0.43,0,1,2,2,0,0.0,0,0.0,38.0,48.0,3.0,4.0,1.0,0.0,21,5,0,1227.1419526647328
app,installment,1354,120,6,15,0.13,0,61,2,53,F,4,graduate,married,6,private,4569.0,65,186,3,3,0,760.0,0,0.33,5,2,3,3,0,0.0,0,0.0,45.0,67.0,1.0,1.0,1.0,0.6666666666666666,14,1,0,888.5507908747867
app,short_term,4106,21,3,16,0.1,0,73,41,55,M,3,college,married,1,private,5728.0,54,464,4,3,0,614.0,0,0.14,3,0,3,3,0,0.0,0,0.0,35.666666666666664,52.0,2.0,3.0,1.0,1.0,12,1,0,1151.8945352016917
app,short_term,2826,14,10,32,0.16,0,50,33,22,M,5,graduate,single,9,self_employed,4764.0,83,139,5,1,0,652.0,1,0.42,4,0,1,1,0,0.0,0,0.0,13.0,13.0,1.0,1.0,1.0,1.0,10,2,0,754.1204032925042
app,short_term,4574,7,6,24,0.2,0,14,23,21,M,3,graduate,single,3,state,4678.0,29,263,2,3,0,533.0,0,0.09,7,2,3,2,0,0.0,0,0.0,51.0,92.0,2.6666666666666665,4.0,0.6666666666666666,1.0,4,1,0,1025.102519622923
web,installment,1669,90,10,12,0.49,0,39,25,33,M,1,high,married,4,private,2840.0,113,94,3,1,1,705.0,0,0.24,3,1,1,1,0,0.0,0,0.0,18.0,18.0,4.0,4.0,1.0,1.0,10,4,0,842.0089194168987
app,installment,1019,60,5,15,0.43,0,53,47,53,M,2,high,single,5,private,2246.0,84,463,5,2,0,603.0,0,0.32,9,1,2,2,0,0.0,0,0.0,66.5,81.0,2.5,3.0,1.0,1.0,16,3,0,707.6093470740108
app,short_term,3473,14,1,8,0.39,0,65,42,49,M,2,high,married,4,state,2210.0,22,286,4,2,1,575.0,1,0.51,6,0,2,2,0,0.0,0,0.0,17.5,35.0,1.0,1.0,1.0,1.0,16,5,0,678.2696957038766
web,installment,4743,180,3,19,0.19,0,68,9,46,M,3,college,married,9,self_employed,4226.0,85,442,2,2,0,649.0,0,0.52,8,1,2,2,0,0.0,0,0.0,55.0,86.0,1.0,1.0,0.5,0.5,14,6,0,1036.3420625457172
web,short_term,4858,30,9,8,0.36,0,44,34,49,F,5,graduate,married,3,self_employed,4456.0,33,399,5,1,0,409.0,0,0.2,8,0,1,1,0,0.0,0,0.0,34.0,34.0,4.0,4.0,1.0,1.0,7,0,0,782.4153782444513
partner,short_term,3615,7,8,29,0.55,0,46,15,49,F,3,college,married,10,private,3507.0,16,56,5,3,0,633.0,0,0.52,10,0,3,3,0,0.0,0,0.0,33.0,40.0,3.0,4.0,1.0,1.0,18,2,0,1062.4464254728366
partner,installment,4900,60,0,13,0.21,0,39,31,45,M,4,college,single,8,self_employed,3280.0,120,197,1,1,0,562.0,0,0.31,8,0,1,1,0,0.0,0,0.0,73.0,73.0,2.0,2.0,1.0,1.0,18,6,0,1002.6797916741488
web,installment,3769,60,2,0,0.61,0,29,8,51,M,5,middle,single,1,state,3504.0,47,324,5,1,0,689.0,1,0.32,8,0,1,1,0,0.0,0,0.0,22.0,22.0,3.0,3.0,1.0,1.0,0,4,0,693.3659472640054
app,short_term,4482,14,0,30,0.11,0,41,40,55,M,2,high,married,4,state,3822.0,48,132,1,1,0,619.0,0,0.58,9,0,1,1,0,0.0,0,0.0,28.0,28.0,1.0,1.0,1.0,1.0,21,4,0,839.1173296273195
partner,short_term,3672,21,5,27,0.03,0,71,28,54,M,2,college,married,3,private,4463.0,2,211,5,1,0,652.0,0,0.55,7,2,1,1,0,0.0,0,0.0,27.0,27.0,1.0,1.0,1.0,0.0,16,2,0,770.8601389484558
web,short_term,1804,7,3,46,0.34,0,48,37,53,F,3,high,single,6,unemployed,3358.0,42,64,5,1,1,538.0,0,0.53,4,0,1,1,0,0.0,0,0.0,2.0,2.0,1.0,1.0,1.0,1.0,10,5,0,993.1645604791827
app,short_term,1371,14,8,8,0.33,0,23,36,36,M,1,middle,married,4,private,3868.0,73,456,5,3,0,536.0,0,0.54,9,0,3,3,0,0.0,0,0.0,47.666666666666664,50.0,1.6666666666666667,2.0,1.0,1.0,10,5,0,935.8813509885217
web,short_term,4645,7,0,9,0.22,0,70,44,19,F,5,high,single,8,private,3039.0,109,199,5,1,1,593.0,0,0.13,4,1,1,1,0,0.0,0,0.0,13.0,13.0,1.0,1.0,1.0,1.0,7,6,0,849.6328386680617
web,short_term,1434,21,9,7,0.16,1,10,13,47,M,4,college,single,5,private,2853.0,32,132,4,2,1,684.0,0,0.13,3,2,2,2,0,0.0,0,0.0,53.0,71.0,2.0,2.0,1.0,0.5,0,5,0,930.5553596883451
app,short_term,919,7,6,15,0.19,0,41,32,52,M,2,graduate,married,0,private,3830.0,91,343,4,3,0,478.0,2,0.16,9,1,3,2,0,0.0,0,0.0,35.0,69.0,1.6666666666666667,3.0,1.0,1.0,3,0,0,975.5235946007137
app,short_term,2996,14,0,25,0.18,0,51,32,37,M,3,graduate,married,3,self_employed,3088.0,14,316,1,3,0,635.0,0,0.23,9,0,3,3,0,0.0,0,0.0,36.0,61.0,1.3333333333333333,2.0,0.6666666666666666,0.6666666666666666,1,2,0,705.5854990487683
partner,installment,4417,180,1,6,0.49,0,93,27,53,M,4,high,single,8,private,4525.0,101,438,1,1,0,658.0,0,0.3,10,0,1,1,0,0.0,0,0.0,73.0,73.0,2.0,2.0,1.0,1.0,14,4,0,930.9858376165495
web,short_term,3693,21,11,14,0.36,0,82,37,27,F,4,college,single,1,self_employed,4875.0,13,67,2,1,1,463.0,0,0.3,5,0,1,1,0,0.0,0,0.0,76.0,76.0,2.0,2.0,1.0,0.0,9,1,0,536.1848516005603
app,short_term,577,14,7,12,0.31,0,86,34,33,F,4,high,married,2,private,2474.0,52,193,4,2,0,697.0,0,0.35,2,1,2,2,0,0.0,0,0.0,35.0,70.0,2.0,2.0,1.0,1.0,7,6,0,722.1629903411654
app,installment,2499,90,1,24,0.26,0,53,26,20,F,3,high,divorced,2,private,3382.0,46,488,3,1,1,542.0,0,0.4,3,4,1,1,0,0.0,0,0.0,75.0,75.0,1.0,1.0,1.0,1.0,15,5,0,771.1015341764531
app,installment,3103,60,6,18,0.06,0,45,22,25,F,4,college,divorced,5,state,6760.0,108,231,3,3,1,467.0,0,0.51,2,0,3,2,0,0.0,0,0.0,31.0,52.0,1.6666666666666667,2.0,0.6666666666666666,0.6666666666666666,21,6,0,941.7431510896987
app,short_term,2965,30,3,23,0.65,0,51,45,43,M,3,college,single,7,self_employed,7027.0,34,160,3,1,1,669.0,0,0.46,9,1,1,1,0,0.0,0,0.0,13.0,13.0,1.0,1.0,1.0,1.0,14,5,0,908.9772931798293
app,installment,3593,60,0,28,0.06,0,53,30,32,M,2,middle,married,2,private,5490.0,33,251,2,1,0,703.0,3,0.23,4,0,1,1,0,0.0,0,0.0,45.0,45.0,3.0,3.0,1.0,0.0,21,5,0,949.6690502229696
app,short_term,3695,30,5,21,0.13,0,47,20,28,M,5,graduate,married,7,self_employed,4189.0,64,286,1,3,0,648.0,2,0.23,6,1,3,3,0,0.0,0,0.0,28.0,33.0,1.6666666666666667,2.0,1.0,0.6666666666666666,16,5,0,871.0901699398892
app,installment,1274,60,2,18,0.27,0,56,42,46,F,2,college,single,9,private,3500.0,31,177,5,2,1,611.0,0,0.21,6,2,2,2,0,0.0,0,0.0,61.0,74.0,2.0,2.0,1.0,1.0,3,5,0,1143.67758125415
app,short_term,2949,30,6,16,0.34,0,75,17,51,M,3,college,married,4,private,6014.0,67,127,5,2,0,667.0,0,0.31,10,0,2,1,0,0.0,0,0.0,8.5,14.0,2.5,3.0,0.5,1.0,10,4,0,1133.62970138919
web,short_term,1683,21,8,24,0.24,0,52,33,53,F,4,graduate,single,2,private,1891.0,87,206,2,3,0,642.0,2,0.24,6,0,3,2,0,0.0,0,0.0,42.666666666666664,66.0,1.3333333333333333,2.0,0.6666666666666666,0.6666666666666666,11,1,0,675.2651954455137
app,installment,2147,90,5,28,0.28,0,93,46,47,F,2,college,single,0,private,3156.0,83,300,5,2,0,594.0,0,0.12,8,0,2,2,0,0.0,0,0.0,79.5,82.0,3.0,4.0,1.0,1.0,6,6,0,903.4144344433117
app,short_term,4076,14,5,9,0.45,0,70,37,42,F,4,high,married,7,unemployed,5379.0,93,359,5,3,0,648.0,0,0.26,6,3,3,3,0,0.0,0,0.0,40.0,50.0,2.6666666666666665,3.0,1.0,0.6666666666666666,7,3,0,778.4017659304468
partner,short_term,1589,30,7,17,0.03,0,67,26,44,F,5,high,married,3,private,5871.0,120,153,5,1,1,658.0,0,0.53,8,0,1,1,0,0.0,0,0.0,28.0,28.0,2.0,2.0,0.0,1.0,13,1,0,1123.3357975173512
app,short_term,564,7,2,29,0.27,0,49,12,27,M,5,middle,married,7,private,3549.0,100,201,5,2,0,664.0,0,0.71,5,1,2,2,0,0.0,0,0.0,36.5,37.0,1.5,2.0,1.0,1.0,9,0,0,844.8140705261694
app,installment,982,120,3,23,0.37,0,87,40,50,F,1,high,single,2,self_employed,3506.0,53,59,2,3,0,574.0,0,0.14,8,0,3,3,1,0.3333333333333333,0,0.0,24.0,36.0,1.0,1.0,0.6666666666666666,0.6666666666666666,22,2,0,1113.9691306755242
app,short_term,2846,14,5,6,0.56,0,73,58,55,F,2,college,single,1,self_employed,3718.0,4,337,4,1,0,721.0,0,0.48,5,4,1,1,0,0.0,0,0.0,42.0,42.0,1.0,1.0,1.0,1.0,1,2,0,464.64423833453105
app,short_term,4276,21,8,19,0.17,0,68,34,52,M,3,graduate,divorced,3,private,4351.0,5,301,5,1,0,571.0,0,0.18,2,1,1,1,0,0.0,0,0.0,41.0,41.0,1.0,1.0,1.0,1.0,18,4,0,726.1046141237259
app,installment,1658,60,0,13,0.04,0,10,44,45,F,2,college,single,3,self_employed,5430.0,63,232,1,2,1,633.0,1,0.39,6,1,2,2,0,0.0,0,0.0,30.5,52.0,3.0,5.0,0.5,0.5,21,1,0,782.0737496889084
app,short_term,3784,21,4,7,0.19,0,87,55,43,F,4,college,single,1,private,5561.0,111,267,4,2,1,655.0,1,0.48,1,3,2,2,0,0.0,0,0.0,13.5,26.0,3.5,4.0,1.0,1.0,11,5,0,965.3678823292818
partner,short_term,1003,21,0,24,0.23,0,54,42,23,M,3,graduate,single,7,self_employed,3771.0,106,129,1,2,1,633.0,1,0.13,10,0,2,2,0,0.0,0,0.0,21.5,32.0,1.0,1.0,1.0,0.5,2,5,0,1105.0934709663832
web,installment,823,90,4,5,0.13,0,90,16,48,M,4,graduate,married,9,private,3292.0,71,85,3,1,0,575.0,0,0.06,0,2,1,1,0,0.0,0,0.0,0.0,0.0,2.0,2.0,1.0,1.0,10,4,0,910.2611782222504
app,short_term,2100,7,2,19,0.28,0,57,24,49,M,2,high,single,8,self_employed,2658.0,13,321,2,3,1,625.0,2,0.03,7,0,3,3,0,0.0,0,0.0,35.0,43.0,1.6666666666666667,3.0,1.0,0.6666666666666666,6,4,0,825.7286263195672
app,installment,3589,90,2,0,0.34,1,30,2,28,M,2,college,single,0,self_employed,4415.0,96,320,5,1,0,612.0,0,0.23,10,1,1,1,0,0.0,0,0.0,61.0,61.0,2.0,2.0,1.0,0.0,14,2,0,808.4024994031429
app,short_term,3373,14,7,30,0.1,0,35,22,48,F,4,college,married,1,self_employed,2494.0,7,247,2,2,0,479.0,0,0.3,2,0,2,2,0,0.0,0,0.0,54.0,54.0,1.5,2.0,1.0,1.0,2,1,0,748.3352255112225
app,short_term,2883,7,6,7,0.04,0,109,38,35,M,2,high,married,6,private,5192.0,103,127,2,2,1,708.0,0,0.76,0,0,2,2,0,0.0,0,0.0,39.0,47.0,2.0,3.0,1.0,1.0,13,0,0,777.4404120428665
web,installment,1566,180,6,15,0.54,0,50,40,26,M,4,college,married,2,private,3627.0,51,259,4,3,1,681.0,0,0.29,10,0,3,3,0,0.0,0,0.0,25.666666666666668,46.0,1.3333333333333333,2.0,1.0,0.6666666666666666,16,0,0,1082.7489115781652
web,short_term,1041,14,8,28,0.65,0,70,55,47,M,3,high,married,7,private,5318.0,69,493,3,1,0,433.0,0,0.04,3,2,1,1,0,0.0,0,0.0,43.0,43.0,2.0,2.0,1.0,0.0,0,6,0,893.2177758313047
app,short_term,4426,30,5,15,0.43,0,52,29,31,M,2,high,married,7,private,7547.0,58,467,1,2,0,657.0,1,0.14,5,1,2,1,0,0.0,0,0.0,56.5,71.0,1.5,2.0,1.0,1.0,21,1,0,938.9680608918229
app,short_term,3257,7,5,7,0.3,0,41,18,42,M,3,middle,single,9,state,3744.0,29,370,3,2,0,776.0,0,0.77,8,6,2,2,0,0.0,0,0.0,35.0,44.0,1.0,1.0,1.0,1.0,12,0,0,727.3255060205294
app,installment,1911,180,1,30,0.36,0,57,45,38,F,3,high,married,8,private,5117.0,3,298,3,2,1,689.0,0,0.19,1,1,2,1,0,0.0,0,0.0,47.5,51.0,1.0,1.0,1.0,0.5,0,1,0,884.8272772962255
web,short_term,4809,21,4,28,0.29,0,40,41,21,F,3,college,single,1,state,2246.0,8,87,1,1,0,584.0,0,0.11,10,3,1,1,0,0.0,0,0.0,47.0,47.0,2.0,2.0,1.0,1.0,1,5,0,786.8393365378076
app,installment,1288,120,0,17,0.26,0,38,8,20,M,4,high,married,3,state,4098.0,9,456,2,3,0,596.0,0,0.48,7,0,3,2,0,0.0,0,0.0,49.0,63.0,1.0,1.0,1.0,1.0,15,6,0,952.0927109163474
app,installment,2182,90,6,17,0.08,0,44,41,20,M,4,college,married,4,self_employed,4070.0,76,449,5,3,1,610.0,0,0.48,5,0,3,3,0,0.0,0,0.0,34.333333333333336,41.0,1.6666666666666667,2.0,1.0,0.6666666666666666,18,6,0,1224.9788118952301
app,short_term,917,30,1,20,0.21,0,12,28,32,M,5,college,single,8,private,2763.0,62,118,3,2,0,535.0,1,0.07,10,0,2,1,0,0.0,0,0.0,30.5,53.0,1.0,1.0,1.0,1.0,15,5,0,764.1653295565427
app,installment,993,60,1,39,0.06,0,25,10,38,F,5,college,single,6,self_employed,4517.0,33,370,2,1,0,630.0,1,0.34,4,0,1,1,0,0.0,1,1.0,64.0,64.0,1.0,1.0,1.0,1.0,5,5,0,876.7780007603728
app,short_term,2093,14,1,1,0.25,0,42,23,43,M,1,college,single,3,unemployed,5283.0,15,499,3,1,0,692.0,0,0.44,1,1,1,1,0,0.0,0,0.0,0.0,0.0,1.0,1.0,1.0,1.0,9,4,0,760.7210049751675
app,installment,1553,120,3,16,0.19,0,53,36,52,F,3,college,married,6,state,4819.0,18,332,2,2,0,684.0,0,0.15,3,5,2,1,0,0.0,0,0.0,37.0,41.0,1.0,1.0,1.0,1.0,23,1,0,788.4795286288121
web,short_term,2014,30,3,20,0.11,0,80,37,19,F,2,high,married,2,self_employed,5285.0,62,355,4,1,0,611.0,0,0.28,5,0,1,1,0,0.0,0,0.0,49.0,49.0,1.0,1.0,1.0,0.0,21,1,0,1148.4117306950684
app,short_term,3181,14,6,24,0.21,0,45,24,30,M,4,graduate,married,4,state,1953.0,54,434,1,2,0,700.0,0,0.46,7,1,2,2,0,0.0,0,0.0,34.5,44.0,1.0,1.0,0.5,0.5,1,6,0,622.6527593166501
app,short_term,4770,14,2,22,0.09,0,64,27,51,F,1,college,single,4,self_employed,5536.0,2,346,1,1,0,641.0,0,0.44,9,2,1,1,0,0.0,0,0.0,40.0,40.0,2.0,2.0,1.0,0.0,7,5,0,1007.4612748636428
web,short_term,621,7,8,19,0.22,0,37,29,50,M,3,high,married,8,unemployed,5002.0,18,84,2,1,0,517.0,1,0.14,5,1,1,1,0,0.0,0,0.0,68.0,68.0,4.0,4.0,1.0,0.0,14,0,0,743.8486458569776
web,short_term,3558,21,1,25,0.36,0,62,20,19,F,3,college,married,0,self_employed,5902.0,116,261,3,2,0,599.0,0,0.21,9,0,2,2,0,0.0,0,0.0,29.0,42.0,2.5,3.0,1.0,1.0,0,3,0,1054.3176820098488
app,short_term,2395,21,4,23,0.36,0,57,37,31,M,3,high,single,7,self_employed,4636.0,43,411,4,2,0,644.0,0,0.21,5,1,2,2,0,0.0,0,0.0,53.5,73.0,2.0,2.0,1.0,0.5,7,3,0,1021.7931609870369
app,short_term,670,30,3,16,0.44,0,45,58,34,F,2,college,single,3,self_employed,2901.0,75,220,3,3,1,665.0,0,0.18,2,1,3,3,0,0.0,0,0.0,51.333333333333336,62.0,1.3333333333333333,2.0,1.0,1.0,23,6,0,947.8623801928591
web,installment,1694,120,7,18,0.4,0,67,28,26,F,4,high,single,5,state,3888.0,15,88,1,1,1,606.0,0,0.08,1,1,1,1,0,0.0,1,1.0,48.0,48.0,2.0,2.0,1.0,1.0,2,5,0,1295.69926187577
app,installment,2144,120,5,14,0.19,0,69,18,18,M,4,high,married,3,private,2857.0,33,353,5,3,1,590.0,0,0.32,10,1,3,3,0,0.0,1,0.3333333333333333,23.333333333333332,30.0,3.0,5.0,1.0,1.0,17,5,0,1029.7594199152486
web,short_term,3870,7,8,18,0.12,0,60,42,33,M,2,high,married,10,unemployed,5296.0,5,447,4,3,1,540.0,0,0.54,8,0,3,3,0,0.0,0,0.0,40.0,86.0,2.0,4.0,0.6666666666666666,0.6666666666666666,19,4,0,1183.0812178898213
web,short_term,2334,14,4,23,0.23,0,50,24,37,F,2,graduate,married,9,private,3015.0,72,145,1,3,0,652.0,5,0.11,7,0,3,3,0,0.0,0,0.0,39.0,45.0,1.3333333333333333,2.0,0.6666666666666666,0.6666666666666666,16,6,1,376.3486278244959
app,short_term,1985,30,3,12,0.16,0,84,21,25,F,3,high,single,6,state,5545.0,14,353,1,2,0,603.0,0,0.33,8,3,2,1,0,0.0,0,0.0,22.5,33.0,1.0,1.0,1.0,0.5,11,0,0,968.8622226181386
app,short_term,4725,7,8,25,0.19,0,65,4,35,F,4,high,single,9,unemployed,5819.0,21,367,2,3,1,594.0,0,0.36,1,0,3,2,1,0.6666666666666666,0,0.0,38.0,63.0,1.6666666666666667,2.0,0.6666666666666666,1.0,20,2,0,864.5069423523524
web,installment,4811,60,5,20,0.32,0,68,35,27,M,2,college,single,5,private,3560.0,78,163,5,2,0,567.0,0,0.22,8,0,2,2,0,0.0,0,0.0,32.5,35.0,1.5,2.0,1.0,1.0,13,5,0,987.7833966047415
app,short_term,3287,30,10,12,0.42,0,52,7,32,F,3,college,married,8,private,2887.0,4,133,4,1,1,638.0,0,0.24,2,0,1,1,1,1.0,0,0.0,53.0,53.0,5.0,5.0,1.0,1.0,20,0,0,643.9707189296673
web,short_term,1540,14,5,20,0.37,0,67,35,43,F,3,graduate,married,2,state,3619.0,25,296,4,2,1,511.0,0,0.18,3,0,2,2,0,0.0,0,0.0,54.0,73.0,2.5,4.0,1.0,1.0,10,0,0,884.3765490789988
app,installment,2021,180,9,5,0.31,0,69,33,42,M,3,college,married,4,self_employed,2196.0,54,55,3,3,1,586.0,0,0.2,0,2,3,3,0,0.0,0,0.0,33.666666666666664,46.0,1.6666666666666667,2.0,1.0,0.6666666666666666,16,5,0,865.3336063911503
app,short_term,4278,14,4,15,0.37,1,22,57,54,M,4,high,single,7,private,4418.0,19,252,1,3,0,673.0,1,0.29,8,2,3,2,0,0.0,0,0.0,29.333333333333332,34.0,2.0,4.0,1.0,0.6666666666666666,13,6,0,635.7469733885457
partner,installment,1455,90,6,19,0.7,0,43,62,33,M,4,high,married,5,state,3118.0,77,92,3,2,0,638.0,0,0.1,3,0,2,2,0,0.0,0,0.0,55.5,65.0,2.0,2.0,1.0,0.5,15,5,0,1083.0997004758642
web,installment,2248,180,5,21,0.21,0,75,16,46,F,5,high,married,2,self_employed,4621.0,73,209,5,1,1,532.0,1,0.24,5,1,1,1,0,0.0,0,0.0,26.0,26.0,3.0,3.0,1.0,1.0,14,2,0,757.0275170161844
app,installment,1346,180,3,25,0.21,0,61,46,42,M,1,high,married,7,private,1529.0,73,156,5,3,1,522.0,0,0.46,1,3,3,3,0,0.0,0,0.0,29.333333333333332,44.0,2.3333333333333335,3.0,1.0,1.0,19,2,0,608.0205693986522
app,short_term,4867,30,3,10,0.12,0,64,29,41,F,2,high,single,7,private,4008.0,34,56,2,1,0,698.0,0,0.08,6,0,1,1,0,0.0,0,0.0,75.0,75.0,1.0,1.0,1.0,1.0,7,6,0,1156.9913859095896
app,installment,3362,120,9,17,0.3,0,52,34,31,M,4,college,married,0,private,5865.0,71,450,2,1,1,678.0,0,0.16,2,3,1,1,0,0.0,0,0.0,49.0,49.0,5.0,5.0,1.0,1.0,23,2,0,866.1779086306115
app,short_term,3667,30,3,24,0.45,0,49,26,23,M,5,college,single,2,state,1934.0,75,192,4,3,0,666.0,0,0.37,8,0,3,3,0,0.0,0,0.0,53.333333333333336,74.0,1.3333333333333333,2.0,1.0,0.6666666666666666,5,1,0,857.3039969258098
app,short_term,4198,21,1,18,0.09,0,96,19,23,F,4,college,single,6,unemployed,3114.0,66,308,5,1,0,678.0,0,0.42,3,0,1,1,0,0.0,0,0.0,25.0,25.0,1.0,1.0,1.0,1.0,1,4,0,855.9071521536897
app,short_term,1111,30,10,19,0.29,0,48,31,43,F,3,high,married,1,private,5491.0,111,319,5,1,0,527.0,0,0.23,4,0,1,1,0,0.0,0,0.0,22.0,22.0,1.0,1.0,1.0,1.0,3,2,0,1293.3234253610642
web,short_term,2334,14,6,26,0.19,0,50,17,32,F,2,high,single,10,state,3635.0,11,268,1,1,0,530.0,0,0.34,9,2,1,1,0,0.0,0,0.0,72.0,72.0,2.0,2.0,1.0,1.0,13,4,0,808.2648349121516
app,short_term,4653,21,2,17,0.16,0,43,45,24,M,2,middle,single,6,state,2691.0,33,82,4,3,1,630.0,0,0.16,1,2,3,2,0,0.0,0,0.0,34.666666666666664,47.0,1.3333333333333333,2.0,1.0,1.0,5,6,0,817.6904819234715
app,installment,1634,120,7,22,0.26,0,47,6,33,F,4,college,married,4,private,4516.0,3,346,4,1,0,700.0,0,0.69,9,0,1,1,0,0.0,0,0.0,42.0,42.0,3.0,3.0,1.0,1.0,3,2,0,1010.27554386254
app,short_term,2670,30,5,0,0.17,0,81,44,38,F,4,high,married,4,self_employed,5844.0,5,220,5,3,0,597.0,0,0.48,2,1,3,2,0,0.0,0,0.0,30.333333333333332,37.0,1.3333333333333333,2.0,1.0,1.0,19,5,0,1020.7712876221105
app,installment,1324,180,2,0,0.14,0,96,0,35,M,4,college,single,4,private,4137.0,88,267,1,2,1,726.0,0,0.53,6,1,2,1,0,0.0,0,0.0,10.5,21.0,1.5,2.0,1.0,1.0,22,3,0,1038.0699356259058
app,short_term,3630,21,5,30,0.19,0,69,30,19,F,3,high,single,7,self_employed,2418.0,105,393,5,2,0,757.0,0,0.1,9,1,2,2,0,0.0,0,0.0,33.0,44.0,1.5,2.0,1.0,0.5,1,4,0,863.6654303171553
web,short_term,1637,21,4,18,0.29,0,45,23,45,M,2,graduate,married,3,private,4091.0,94,438,1,3,1,610.0,0,0.38,0,0,3,2,0,0.0,0,0.0,29.333333333333332,32.0,2.3333333333333335,3.0,1.0,1.0,21,1,0,1137.880464895928
web,installment,1365,90,4,13,0.26,0,54,36,44,F,4,college,single,10,private,4788.0,55,53,1,1,0,611.0,0,0.3,0,3,1,1,0,0.0,0,0.0,11.0,11.0,1.0,1.0,0.0,1.0,13,3,0,682.9459739377997
web,short_term,4760,21,9,15,0.09,0,47,35,48,M,2,middle,single,6,self_employed,3365.0,90,200,5,3,0,528.0,2,0.23,2,4,3,3,0,0.0,0,0.0,22.333333333333332,36.0,1.0,1.0,1.0,1.0,22,0,0,694.3838330909363
app,short_term,838,30,1,11,0.47,0,80,50,44,M,2,college,single,8,private,4278.0,42,213,5,2,0,649.0,0,0.26,7,0,2,2,0,0.0,0,0.0,51.5,63.0,1.5,2.0,1.0,1.0,19,3,0,1204.5666795446073
app,installment,3724,180,5,0,0.54,0,75,16,41,F,3,college,married,6,unemployed,2807.0,26,369,3,2,1,474.0,0,0.51,2,3,2,2,0,0.0,1,0.5,29.0,31.0,1.0,1.0,1.0,1.0,13,6,1,409.23790255720223
app,short_term,2140,30,2,29,0.41,1,97,42,21,M,1,college,single,9,self_employed,2831.0,11,192,3,3,1,635.0,0,0.22,9,1,3,3,0,0.0,0,0.0,27.333333333333332,43.0,2.6666666666666665,4.0,1.0,1.0,7,1,0,609.6797931104987
app,installment,2145,60,6,19,0.3,1,48,21,25,M,3,college,married,7,private,4781.0,115,384,2,3,1,806.0,0,0.3,2,0,3,3,0,0.0,1,0.3333333333333333,44.666666666666664,52.0,1.6666666666666667,3.0,1.0,0.6666666666666666,22,6,0,1122.4287598201258
partner,short_term,2071,30,5,17,0.38,1,69,46,46,M,2,college,married,3,private,5722.0,91,342,5,1,0,630.0,0,0.68,6,0,1,1,0,0.0,0,0.0,69.0,69.0,2.0,2.0,1.0,1.0,12,3,0,908.7892923734495
web,installment,950,60,9,33,0.44,0,67,31,36,M,3,college,single,7,self_employed,1897.0,26,378,5,3,1,667.0,0,0.56,5,1,3,2,0,0.0,0,0.0,49.0,63.0,2.0,4.0,1.0,1.0,5,6,0,1039.3184144118013
app,installment,936,60,3,9,0.12,0,59,27,29,F,2,graduate,married,4,state,3481.0,41,431,1,3,0,740.0,0,0.4,2,1,3,2,0,0.0,0,0.0,53.0,73.0,1.3333333333333333,2.0,0.6666666666666666,0.3333333333333333,19,4,0,1115.691167238026
web,installment,970,90,5,11,0.54,0,85,53,40,M,3,high,married,6,private,2484.0,108,74,5,3,0,773.0,3,0.49,7,0,3,3,0,0.0,0,0.0,27.0,38.0,1.6666666666666667,2.0,0.6666666666666666,1.0,18,6,0,853.653154106042
web,installment,1174,60,5,10,0.47,1,80,28,30,M,3,high,single,3,private,7648.0,32,352,5,3,1,629.0,3,0.18,7,0,3,2,0,0.0,0,0.0,37.333333333333336,68.0,2.3333333333333335,3.0,1.0,1.0,4,2,0,739.8663135428181
app,short_term,645,7,1,5,0.68,0,61,11,43,F,2,middle,single,10,state,2625.0,43,136,2,3,1,629.0,0,0.63,10,0,3,2,0,0.0,0,0.0,45.0,77.0,1.0,1.0,0.6666666666666666,0.6666666666666666,23,0,0,1131.7473422476317
app,short_term,2174,21,4,23,0.53,0,43,18,24,M,4,college,married,3,private,4608.0,2,165,2,2,1,671.0,0,0.43,10,0,2,1,0,0.0,1,0.5,25.5,51.0,2.0,3.0,1.0,1.0,2,6,0,1042.656806920308
app,short_term,2195,14,8,4,0.41,0,58,3,30,M,1,high,single,8,self_employed,4591.0,91,445,1,3,0,723.0,0,0.22,7,0,3,2,0,0.0,0,0.0,45.666666666666664,58.0,2.6666666666666665,4.0,1.0,1.0,9,5,0,830.5924225034794
web,installment,731,60,8,15,0.26,0,69,19,31,M,5,college,married,2,private,2859.0,37,267,2,2,1,682.0,0,0.32,1,2,2,2,0,0.0,0,0.0,16.5,26.0,1.5,2.0,1.0,0.5,23,5,0,951.7693428125881
app,short_term,3880,7,0,10,0.31,0,78,22,25,M,2,high,single,0,private,4637.0,87,241,1,2,0,666.0,0,0.73,1,3,2,1,0,0.0,0,0.0,27.5,38.0,2.5,3.0,1.0,1.0,8,2,0,545.3539042900768
web,installment,1421,60,3,15,0.38,0,65,39,41,F,3,middle,married,6,private,5504.0,72,178,2,1,1,608.0,0,0.2,3,0,1,1,0,0.0,0,0.0,16.0,16.0,2.0,2.0,1.0,0.0,20,3,0,1066.8657036976408
app,short_term,4413,30,3,17,0.26,0,75,0,36,M,1,college,single,3,self_employed,3463.0,36,84,1,1,0,572.0,0,0.09,8,0,1,1,0,0.0,0,0.0,40.0,40.0,1.0,1.0,1.0,1.0,13,4,0,634.5810116635214
app,short_term,739,7,6,22,0.28,0,87,32,37,F,2,college,single,8,private,2931.0,53,282,4,1,1,489.0,0,0.59,10,1,1,1,0,0.0,0,0.0,18.0,18.0,1.0,1.0,1.0,1.0,9,6,0,894.5854560720888
app,short_term,1280,7,10,14,0.51,0,47,7,41,M,2,college,married,2,private,4422.0,55,235,3,3,1,689.0,0,0.27,8,1,3,3,0,0.0,0,0.0,35.333333333333336,58.0,1.3333333333333333,2.0,1.0,1.0,7,2,0,947.8864238694932
web,short_term,4937,21,5,11,0.29,1,105,26,26,F,4,middle,married,7,private,2344.0,83,412,5,1,0,561.0,0,0.3,0,0,1,1,0,0.0,0,0.0,39.0,39.0,2.0,2.0,1.0,1.0,22,2,0,800.3007259361278
web,short_term,1722,14,6,16,0.13,0,29,22,29,F,4,high,married,4,unemployed,3864.0,63,469,3,3,0,716.0,0,0.51,1,2,3,3,0,0.0,0,0.0,23.666666666666668,30.0,1.0,1.0,1.0,0.6666666666666666,3,4,0,1026.5153955233668
web,installment,1014,120,2,12,0.22,1,40,51,43,M,5,high,married,7,unemployed,4798.0,109,255,1,3,1,635.0,0,0.32,6,1,3,2,0,0.0,0,0.0,39.333333333333336,69.0,1.0,1.0,0.6666666666666666,1.0,1,0,0,846.0723549579017
app,short_term,4449,30,7,19,0.29,0,79,5,36,M,1,graduate,married,8,self_employed,3596.0,12,215,4,3,0,525.0,0,0.23,1,1,3,3,0,0.0,0,0.0,17.0,30.0,1.3333333333333333,2.0,0.6666666666666666,0.6666666666666666,6,5,0,659.7904408154087
app,installment,1591,180,0,23,0.23,0,100,22,51,F,1,college,divorced,0,private,3804.0,104,406,2,2,1,507.0,0,0.14,4,0,2,1,0,0.0,0,0.0,56.5,66.0,1.5,2.0,1.0,0.5,11,0,0,841.1771818149638
app,short_term,2444,30,3,3,0.19,0,87,40,50,F,4,graduate,single,9,self_employed,4067.0,46,454,4,1,0,560.0,0,0.14,8,0,1,1,0,0.0,0,0.0,67.0,67.0,2.0,2.0,1.0,1.0,11,3,0,1083.9684386767187
app,installment,4316,90,5,21,0.28,0,47,14,20,M,4,middle,married,9,private,2523.0,9,219,5,3,0,641.0,0,0.07,4,0,3,2,0,0.0,0,0.0,40.666666666666664,44.0,2.3333333333333335,3.0,1.0,0.6666666666666666,16,5,0,554.070404448214
web,installment,2357,180,7,21,0.31,0,43,14,53,F,4,high,married,6,unemployed,4286.0,26,330,4,2,1,552.0,0,0.44,3,2,2,2,0,0.0,0,0.0,33.5,43.0,1.0,1.0,1.0,1.0,16,3,0,801.36249473158
app,installment,1094,60,0,15,0.2,0,66,22,41,M,3,college,married,3,private,4655.0,56,144,1,2,0,627.0,1,0.32,6,5,2,2,0,0.0,0,0.0,41.0,41.0,3.0,5.0,1.0,1.0,8,0,1,317.96441761309273
app,short_term,4032,7,6,12,0.11,1,53,44,38,M,5,college,single,9,state,2844.0,53,262,5,2,0,713.0,0,0.28,0,0,2,2,1,0.5,0,0.0,66.5,79.0,1.5,2.0,1.0,1.0,10,4,0,672.5391974894198
app,short_term,1218,21,4,12,0.21,0,48,45,27,M,4,college,single,3,private,3262.0,97,428,3,1,0,720.0,0,0.3,7,0,1,1,0,0.0,0,0.0,40.0,40.0,1.0,1.0,0.0,1.0,8,2,0,735.7089058790463
app,short_term,3715,7,0,28,0.4,0,76,31,55,M,4,middle,single,1,private,3890.0,53,352,3,1,0,623.0,0,0.15,0,1,1,1,0,0.0,0,0.0,63.0,63.0,1.0,1.0,1.0,0.0,5,0,0,808.9005117574751
app,installment,3187,60,3,27,0.12,1,42,25,25,M,2,high,single,0,private,4637.0,87,241,1,2,0,666.0,0,0.73,1,3,2,1,0,0.0,0,0.0,27.5,38.0,2.5,3.0,1.0,1.0,23,3,0,768.0029041304427
web,installment,4867,180,5,13,0.09,0,56,41,54,M,3,college,single,9,self_employed,2618.0,29,223,2,3,1,539.0,0,0.26,1,3,3,3,0,0.0,0,0.0,22.0,24.0,1.0,1.0,1.0,1.0,9,5,0,707.5586654559656
web,installment,4078,90,6,22,0.49,0,65,58,54,F,2,high,married,10,private,5510.0,10,325,2,1,0,756.0,0,0.6,1,3,1,1,0,0.0,1,1.0,56.0,56.0,1.0,1.0,1.0,1.0,21,0,0,985.1737529718838
app,short_term,967,21,4,14,0.12,0,71,35,42,M,3,middle,single,6,private,5216.0,20,159,2,3,0,557.0,0,0.45,8,2,3,3,0,0.0,0,0.0,42.333333333333336,59.0,2.0,3.0,1.0,1.0,20,0,0,958.2801411915198
app,short_term,1747,7,3,18,0.08,0,75,29,42,M,2,high,single,10,state,6873.0,25,472,5,3,1,500.0,0,0.16,10,2,3,2,0,0.0,0,0.0,48.666666666666664,66.0,1.6666666666666667,3.0,1.0,1.0,17,3,0,1323.7846368398582
web,installment,3398,180,8,8,0.55,0,64,30,36,F,2,middle,single,1,private,8001.0,112,390,4,1,1,674.0,2,0.23,4,0,1,1,0,0.0,0,0.0,57.0,57.0,1.0,1.0,1.0,1.0,11,0,0,1070.7400400599404
app,short_term,2934,30,1,26,0.04,0,51,19,32,F,1,high,single,6,private,3805.0,30,66,4,3,1,659.0,0,0.2,4,2,3,3,0,0.0,0,0.0,41.0,50.0,1.6666666666666667,3.0,1.0,0.6666666666666666,14,3,0,660.7337539561835
app,installment,4728,120,5,9,0.53,0,73,54,19,M,3,graduate,single,9,private,5540.0,88,97,5,1,0,678.0,0,0.6,1,1,1,1,0,0.0,0,0.0,38.0,38.0,1.0,1.0,1.0,1.0,12,2,0,1017.12553131255
partner,short_term,3613,14,4,22,0.21,0,47,13,38,F,2,college,married,9,private,3594.0,106,378,2,1,0,691.0,1,0.44,5,5,1,1,0,0.0,0,0.0,35.0,35.0,1.0,1.0,1.0,1.0,14,5,0,525.0130112224489
app,installment,4770,180,10,21,0.47,0,54,40,22,M,4,high,married,8,self_employed,2986.0,8,323,3,3,1,601.0,0,0.17,5,2,3,3,0,0.0,0,0.0,38.0,41.0,1.6666666666666667,2.0,0.6666666666666666,0.6666666666666666,14,1,0,813.892783117941
app,short_term,4838,30,4,27,0.23,0,57,49,27,M,2,middle,married,9,state,7831.0,57,448,2,2,0,608.0,0,0.08,3,3,2,2,0,0.0,0,0.0,28.5,34.0,1.0,1.0,1.0,0.5,21,4,0,676.603060502649
app,installment,4978,180,5,15,0.07,0,60,7,49,F,2,high,single,3,self_employed,2208.0,89,70,2,1,0,698.0,0,0.55,8,1,1,1,0,0.0,0,0.0,53.0,53.0,2.0,2.0,1.0,1.0,14,3,0,751.3848536660082
app,short_term,768,7,11,26,0.49,0,49,65,20,F,5,high,married,2,self_employed,2415.0,43,50,1,1,1,437.0,0,0.3,1,0,1,1,0,0.0,0,0.0,64.0,64.0,1.0,1.0,0.0,1.0,4,2,0,867.3319422839768
app,short_term,1877,14,5,15,0.16,0,58,31,28,F,3,college,single,10,self_employed,3967.0,47,352,2,2,1,586.0,0,0.34,3,4,2,2,0,0.0,0,0.0,48.0,75.0,2.0,3.0,1.0,0.5,18,3,0,1069.4120394392048
app,short_term,1226,7,7,23,0.1,0,62,8,24,M,3,college,divorced,4,self_employed,3340.0,105,187,2,3,1,600.0,0,0.08,4,1,3,3,0,0.0,1,0.6666666666666666,67.0,73.0,3.0,3.0,1.0,1.0,21,3,0,962.9099023736701
web,installment,2501,180,2,8,0.46,0,45,19,19,F,1,high,single,7,private,8804.0,119,487,5,2,0,578.0,0,0.11,9,2,2,2,0,0.0,0,0.0,40.5,51.0,2.0,3.0,1.0,1.0,2,0,0,933.4361368759894
partner,installment,4131,90,3,32,0.3,0,45,43,25,F,3,college,single,3,self_employed,5304.0,21,360,4,3,1,588.0,0,0.22,1,1,3,3,0,0.0,0,0.0,42.0,63.0,1.3333333333333333,2.0,1.0,0.6666666666666666,23,3,0,792.2013127194766
web,installment,2933,120,4,25,0.13,0,73,40,38,F,2,college,single,4,private,3494.0,6,207,4,1,0,537.0,0,0.32,0,0,1,1,0,0.0,1,1.0,39.0,39.0,1.0,1.0,1.0,1.0,3,6,0,1166.9948783766463
web,installment,4537,120,8,25,0.42,1,30,37,34,M,5,graduate,married,9,private,4269.0,12,456,1,1,1,654.0,0,0.12,1,4,1,1,0,0.0,0,0.0,38.0,38.0,3.0,3.0,1.0,1.0,4,3,0,728.2942387069099
web,installment,4480,60,1,7,0.28,0,48,13,39,F,3,high,single,2,private,4844.0,113,344,2,3,0,637.0,1,0.29,5,4,3,2,0,0.0,0,0.0,46.333333333333336,60.0,2.6666666666666665,3.0,0.6666666666666666,0.3333333333333333,16,2,0,504.0657328076235
web,installment,1412,90,2,21,0.01,0,77,55,32,F,1,high,single,6,private,3805.0,30,66,4,3,1,659.0,0,0.2,4,2,3,3,0,0.0,0,0.0,41.0,50.0,1.6666666666666667,3.0,1.0,0.6666666666666666,8,2,0,689.5574698895887
web,short_term,2074,21,0,22,0.24,0,66,27,20,M,4,college,married,4,self_employed,4070.0,76,449,5,3,1,610.0,0,0.48,5,0,3,3,0,0.0,0,0.0,34.333333333333336,41.0,1.6666666666666667,2.0,1.0,0.6666666666666666,14,3,0,1171.1461282484347
partner,installment,3762,180,5,29,0.35,0,41,38,34,F,3,high,married,6,private,2601.0,42,129,3,2,1,632.0,1,0.35,9,1,2,2,0,0.0,1,0.5,53.0,59.0,3.0,3.0,1.0,1.0,2,1,0,514.8411339051659
app,installment,1423,120,5,6,0.42,0,80,2,38,F,4,middle,married,1,private,2664.0,48,300,5,3,0,545.0,0,0.17,6,0,3,3,0,0.0,1,0.3333333333333333,41.666666666666664,72.0,1.3333333333333333,2.0,1.0,0.6666666666666666,16,0,0,625.549138018501
app,short_term,3542,30,7,19,0.07,0,37,27,30,M,2,college,single,5,private,3593.0,103,206,3,2,0,707.0,1,0.2,7,0,2,2,0,0.0,0,0.0,41.5,63.0,2.5,3.0,1.0,1.0,17,5,0,752.6855171525118
app,short_term,4526,30,2,12,0.25,0,56,46,37,M,4,college,married,1,state,2724.0,1,236,3,3,0,486.0,4,0.22,4,2,3,2,0,0.0,0,0.0,40.666666666666664,55.0,1.0,1.0,1.0,0.3333333333333333,6,3,1,28.91457937733128
app,installment,2246,120,3,14,0.17,0,44,17,24,M,4,high,single,3,private,3983.0,1,292,2,2,1,799.0,1,0.1,0,0,2,2,1,1.0,0,0.0,41.5,53.0,2.0,2.0,1.0,0.5,11,4,0,804.0309459188786
app,short_term,3572,7,4,30,0.35,0,23,58,34,M,4,middle,married,0,private,3189.0,45,491,1,2,0,550.0,0,0.15,4,2,2,2,0,0.0,1,0.5,52.0,70.0,2.0,3.0,1.0,1.0,18,6,0,677.1557559621347
app,installment,2892,120,4,19,0.14,1,42,14,25,F,1,high,married,9,unemployed,5442.0,38,326,4,3,1,514.0,0,0.24,4,0,3,2,0,0.0,0,0.0,17.0,46.0,1.6666666666666667,3.0,1.0,1.0,0,4,0,1078.8339216083473
app,short_term,4196,21,5,37,0.67,0,75,56,25,M,5,high,married,3,private,5785.0,66,325,2,2,0,754.0,1,0.57,4,1,2,2,0,0.0,0,0.0,20.5,27.0,1.5,2.0,1.0,0.5,3,0,0,1184.4912663296655
app,installment,1504,90,3,16,0.32,0,65,45,50,F,4,middle,single,1,state,3188.0,101,283,4,3,0,497.0,0,0.23,5,0,3,2,0,0.0,1,0.3333333333333333,40.666666666666664,74.0,1.0,1.0,0.6666666666666666,0.6666666666666666,15,0,0,582.4918852579525
app,installment,4820,60,10,10,0.29,0,52,19,19,F,3,college,single,8,state,5747.0,111,458,4,2,1,610.0,0,0.32,5,2,2,2,1,0.5,0,0.0,51.0,59.0,1.5,2.0,1.0,0.5,7,5,0,1271.6129658033005
partner,installment,1309,60,2,18,0.15,0,42,28,55,F,2,college,single,0,state,2475.0,73,112,1,1,0,671.0,0,0.22,6,1,1,1,0,0.0,0,0.0,13.0,13.0,2.0,2.0,0.0,1.0,5,0,0,841.6779470419165
app,short_term,911,30,5,27,0.23,1,66,32,41,M,3,college,married,7,private,3444.0,39,164,2,1,0,578.0,0,0.31,6,0,1,1,0,0.0,0,0.0,55.0,55.0,1.0,1.0,1.0,1.0,10,6,0,914.0682670267033
app,short_term,1941,14,3,13,0.36,0,55,36,39,M,1,college,married,8,state,2844.0,32,468,5,1,0,551.0,2,0.27,8,0,1,1,0,0.0,0,0.0,43.0,43.0,1.0,1.0,1.0,1.0,20,5,0,684.4510636982
web,short_term,2454,7,7,17,0.07,0,53,60,51,F,1,college,divorced,0,private,3804.0,104,406,2,2,1,507.0,0,0.14,4,0,2,1,0,0.0,0,0.0,56.5,66.0,1.5,2.0,1.0,0.5,13,4,0,793.8605846254385
app,short_term,3024,30,3,23,0.43,0,72,30,43,M,2,high,single,1,private,4692.0,99,213,1,1,1,527.0,0,0.52,2,0,1,1,0,0.0,0,0.0,59.0,59.0,1.0,1.0,1.0,0.0,21,2,0,795.1039040645462
app,installment,1326,120,7,19,0.32,0,67,41,19,F,2,graduate,single,10,private,2665.0,116,189,5,2,0,616.0,0,0.49,2,3,2,2,0,0.0,0,0.0,47.5,55.0,2.0,3.0,1.0,1.0,19,2,0,968.7895342011623
partner,short_term,1743,30,3,21,0.3,0,36,21,46,F,4,college,single,3,private,3306.0,84,198,1,1,1,728.0,0,0.1,8,0,1,1,0,0.0,0,0.0,43.0,43.0,1.0,1.0,1.0,1.0,23,6,0,906.849956426111
app,installment,4083,120,5,9,0.05,0,77,52,28,F,4,middle,married,7,private,2902.0,92,186,3,1,0,571.0,0,0.32,0,2,1,1,0,0.0,0,0.0,23.0,23.0,1.0,1.0,1.0,1.0,1,5,0,925.1016771369302
partner,short_term,4057,21,6,35,0.41,0,41,24,20,M,4,college,married,0,private,4364.0,65,159,1,2,0,606.0,1,0.53,2,0,2,2,0,0.0,0,0.0,37.0,45.0,1.0,1.0,1.0,1.0,2,6,0,641.8470347379997
partner,installment,3606,60,1,16,0.29,0,69,39,24,M,2,graduate,married,3,private,3904.0,60,253,1,1,1,656.0,0,0.37,6,0,1,1,0,0.0,0,0.0,34.0,34.0,5.0,5.0,1.0,0.0,20,2,0,878.7091638756218
app,installment,3684,90,2,17,0.23,0,73,30,43,M,1,high,single,6,private,4415.0,31,378,3,1,0,771.0,0,0.26,1,0,1,1,0,0.0,0,0.0,51.0,51.0,3.0,3.0,1.0,1.0,17,1,0,907.431681984138
app,installment,4431,60,4,19,0.21,0,20,22,39,M,3,college,married,10,state,2293.0,116,370,5,1,0,630.0,0,0.31,4,0,1,1,0,0.0,0,0.0,21.0,21.0,1.0,1.0,1.0,1.0,3,5,0,1142.450895012836
app,installment,4009,120,6,21,0.25,0,26,31,29,M,2,high,married,2,self_employed,3065.0,67,357,2,3,0,582.0,0,0.17,7,1,3,3,0,0.0,0,0.0,50.0,57.0,2.0,3.0,1.0,1.0,22,3,0,916.6254669473636
web,installment,4403,60,5,32,0.42,0,33,0,33,F,3,middle,married,5,private,3010.0,66,252,3,1,0,818.0,0,0.43,4,3,1,1,0,0.0,0,0.0,29.0,29.0,4.0,4.0,1.0,1.0,4,0,0,845.7671072877904
app,short_term,4443,7,7,9,0.26,0,65,51,41,F,4,college,single,0,state,2586.0,36,212,3,2,0,562.0,0,0.07,10,2,2,2,0,0.0,1,0.5,41.5,53.0,2.0,3.0,1.0,1.0,2,1,0,779.5336651285622
partner,short_term,4400,7,3,7,0.3,0,45,35,38,M,3,high,single,1,self_employed,3183.0,43,335,1,2,0,725.0,0,0.55,9,1,2,2,0,0.0,0,0.0,49.0,55.0,1.5,2.0,1.0,0.5,6,2,0,851.0348800953409
app,short_term,3675,30,8,30,0.41,0,39,43,18,F,3,college,married,3,private,3802.0,105,105,5,2,1,581.0,0,0.25,4,3,2,2,0,0.0,0,0.0,37.5,63.0,1.5,2.0,0.5,1.0,1,0,0,500.10547648501654
app,installment,4878,120,3,12,0.13,0,38,6,52,M,3,graduate,divorced,3,private,4351.0,5,301,5,1,0,571.0,0,0.18,2,1,1,1,0,0.0,0,0.0,41.0,41.0,1.0,1.0,1.0,1.0,15,3,0,648.9373814183282
app,short_term,1408,30,1,26,0.2,0,79,45,37,F,2,college,married,3,state,3767.0,27,298,1,2,0,592.0,0,0.05,4,1,2,2,0,0.0,0,0.0,49.0,79.0,1.5,2.0,1.0,0.5,6,2,0,902.2982424455685
web,installment,2670,180,4,28,0.12,0,39,43,20,F,4,graduate,married,0,unemployed,2948.0,86,384,1,2,0,622.0,0,0.42,2,1,2,2,0,0.0,0,0.0,26.0,52.0,2.0,2.0,1.0,1.0,22,1,0,1020.9492568108694
app,installment,915,180,4,9,0.46,0,94,29,35,M,3,college,married,1,state,2633.0,94,131,3,2,0,536.0,0,0.15,4,1,2,2,0,0.0,0,0.0,51.5,60.0,2.0,3.0,1.0,0.5,0,2,0,814.2792794699553
partner,short_term,1003,7,4,20,0.31,0,50,28,26,M,4,high,married,10,private,2466.0,70,303,1,2,0,568.0,0,0.06,9,0,2,2,0,0.0,0,0.0,44.0,71.0,2.0,2.0,1.0,0.5,15,4,0,725.3405360014774
app,short_term,4303,30,0,7,0.31,0,41,13,26,F,3,high,married,6,state,3846.0,67,235,5,2,0,640.0,0,0.31,6,0,2,2,0,0.0,0,0.0,12.5,25.0,2.0,2.0,1.0,1.0,10,4,0,692.6789052911932
app,short_term,2775,30,6,8,0.17,0,52,8,37,M,3,college,single,9,private,3013.0,45,454,2,3,0,632.0,0,0.21,2,2,3,2,0,0.0,0,0.0,23.666666666666668,41.0,1.3333333333333333,2.0,0.6666666666666666,0.6666666666666666,10,4,0,1000.8557079196851
app,installment,2881,120,3,32,0.08,0,89,4,54,M,2,college,single,10,self_employed,5877.0,5,267,5,2,0,572.0,0,0.57,7,0,2,2,0,0.0,0,0.0,44.0,65.0,1.0,1.0,1.0,0.5,18,6,0,1163.2305494218735
app,installment,1254,60,5,17,0.11,0,88,52,44,F,3,middle,married,4,private,3818.0,31,211,1,1,0,513.0,0,0.1,10,2,1,1,0,0.0,0,0.0,11.0,11.0,1.0,1.0,1.0,0.0,16,3,0,795.169372086501
app,short_term,3400,7,5,31,0.13,1,34,61,22,M,3,middle,single,4,private,3935.0,29,200,3,3,1,738.0,0,0.2,6,0,3,3,0,0.0,0,0.0,38.666666666666664,61.0,2.6666666666666665,5.0,0.6666666666666666,1.0,3,4,0,1132.343888983183
app,short_term,1749,30,6,21,0.22,0,61,61,28,M,4,high,married,3,state,3665.0,113,140,4,1,1,686.0,2,0.07,6,0,1,1,0,0.0,0,0.0,57.0,57.0,1.0,1.0,1.0,1.0,10,2,0,765.0593444412018
app,short_term,3279,7,5,30,0.3,0,52,44,18,F,3,college,married,1,unemployed,3951.0,56,376,3,1,1,618.0,0,0.17,7,2,1,1,0,0.0,0,0.0,32.0,32.0,1.0,1.0,1.0,1.0,11,3,0,894.6736584160703
web,installment,2347,90,5,14,0.06,0,85,13,51,F,3,middle,single,8,private,6318.0,96,348,3,2,0,596.0,1,0.19,0,3,2,2,0,0.0,0,0.0,49.0,72.0,2.0,2.0,1.0,1.0,20,5,0,823.3079166678447
app,installment,3610,120,8,18,0.19,0,47,35,25,F,3,graduate,single,0,self_employed,3180.0,115,183,3,3,0,623.0,0,0.29,9,3,3,3,0,0.0,0,0.0,36.666666666666664,80.0,2.0,3.0,1.0,0.3333333333333333,20,5,0,831.9205243983816
app,installment,3007,120,5,11,0.24,0,66,25,28,F,2,college,single,2,private,5252.0,105,421,3,1,0,711.0,0,0.24,2,4,1,1,0,0.0,0,0.0,1.0,1.0,4.0,4.0,1.0,0.0,15,3,0,950.4830938139615
web,short_term,3410,7,7,21,0.1,0,63,38,46,M,3,middle,single,4,unemployed,4500.0,69,311,1,1,1,691.0,0,0.35,0,1,1,1,0,0.0,0,0.0,22.0,22.0,1.0,1.0,1.0,0.0,16,4,0,829.0732683407548
web,short_term,1387,21,4,8,0.37,0,70,39,32,F,2,high,single,9,private,4567.0,111,321,5,1,0,466.0,0,0.19,7,1,1,1,0,0.0,0,0.0,49.0,49.0,1.0,1.0,0.0,1.0,6,4,0,990.2396667224205
app,installment,2317,120,0,29,0.35,0,31,24,36,F,2,high,single,10,unemployed,3288.0,100,295,3,1,0,550.0,0,0.34,3,5,1,1,0,0.0,0,0.0,68.0,68.0,4.0,4.0,1.0,1.0,3,5,0,1005.5958167963124
app,short_term,1924,30,8,23,0.33,0,72,18,19,M,2,high,married,8,private,4717.0,71,445,4,1,0,529.0,0,0.11,10,3,1,1,0,0.0,0,0.0,28.0,28.0,2.0,2.0,1.0,0.0,16,5,0,821.0129327494031
app,installment,4107,90,4,8,0.53,0,87,13,39,F,2,middle,married,3,private,1949.0,95,397,3,2,0,698.0,4,0.11,8,0,2,2,0,0.0,0,0.0,35.0,59.0,2.5,3.0,1.0,1.0,23,6,0,403.61923921970526
web,short_term,3885,14,7,29,0.16,0,61,39,21,M,5,high,married,10,private,2974.0,8,487,5,1,0,611.0,0,0.35,3,1,1,1,0,0.0,0,0.0,24.0,24.0,1.0,1.0,1.0,1.0,23,6,0,869.3150462648144
app,installment,4913,90,1,12,0.37,0,46,42,51,M,2,graduate,married,0,private,7404.0,119,248,2,2,0,573.0,0,0.44,2,0,2,2,0,0.0,0,0.0,53.5,69.0,2.5,3.0,1.0,1.0,6,1,0,990.2787703095174
app,installment,2789,90,7,8,0.13,0,55,46,36,M,5,college,married,5,self_employed,4876.0,78,182,2,1,0,502.0,0,0.22,10,0,1,1,0,0.0,0,0.0,70.0,70.0,1.0,1.0,1.0,1.0,18,4,0,1132.1169691489417
app,short_term,4735,21,8,33,0.33,0,33,37,25,F,2,college,married,9,private,4878.0,94,153,1,1,0,745.0,0,0.19,0,1,1,1,0,0.0,0,0.0,40.0,40.0,1.0,1.0,0.0,1.0,12,5,0,776.9349188279214
app,installment,4878,90,4,41,0.41,0,65,32,41,M,3,high,single,7,state,4455.0,73,410,4,1,0,720.0,0,0.32,4,0,1,1,0,0.0,0,0.0,0.0,0.0,1.0,1.0,1.0,0.0,18,5,0,963.9713004806387
app,installment,1396,90,2,13,0.03,0,33,29,35,F,2,middle,married,4,private,4136.0,70,342,3,3,0,706.0,0,0.03,0,4,3,3,0,0.0,0,0.0,48.666666666666664,51.0,1.6666666666666667,3.0,0.6666666666666666,0.6666666666666666,9,5,0,1060.0513689626139
app,short_term,3159,30,3,12,0.17,0,30,8,34,M,5,high,married,0,private,3476.0,77,482,3,1,0,598.0,0,0.32,6,2,1,1,0,0.0,0,0.0,62.0,62.0,2.0,2.0,1.0,1.0,1,4,0,708.0573357446546
app,installment,1288,60,7,28,0.68,0,50,65,19,F,3,college,married,3,private,3518.0,18,187,2,3,0,598.0,0,0.68,8,0,3,3,0,0.0,0,0.0,43.0,68.0,2.3333333333333335,5.0,1.0,1.0,20,4,0,830.3055165446946
app,installment,782,120,5,22,0.28,0,75,36,39,F,2,middle,single,3,state,4677.0,13,208,5,3,0,646.0,1,0.25,5,0,3,3,1,0.3333333333333333,0,0.0,33.666666666666664,53.0,2.0,3.0,1.0,1.0,2,0,0,946.2129515984332
app,installment,2974,120,5,31,0.51,0,74,27,29,M,4,college,single,3,self_employed,2903.0,26,71,3,3,0,584.0,0,0.32,5,2,3,2,0,0.0,0,0.0,56.333333333333336,66.0,2.0,3.0,1.0,1.0,3,2,0,1005.65081203545
web,installment,3408,120,4,16,0.17,0,47,64,25,M,2,high,married,5,private,6313.0,35,401,2,1,1,662.0,0,0.62,5,1,1,1,0,0.0,0,0.0,48.0,48.0,2.0,2.0,1.0,1.0,10,6,0,1158.3306975124776
app,short_term,4927,14,0,21,0.03,0,63,26,34,M,3,graduate,single,3,state,2865.0,61,264,2,2,1,542.0,0,0.49,5,2,2,2,0,0.0,0,0.0,60.0,78.0,1.5,2.0,1.0,0.5,11,1,0,812.0085372989029
app,installment,4297,60,6,20,0.32,1,63,18,28,F,4,high,single,3,self_employed,2075.0,107,108,5,1,0,525.0,0,0.35,5,0,1,1,0,0.0,0,0.0,42.0,42.0,1.0,1.0,1.0,1.0,19,2,0,503.0723233754998
web,short_term,4385,7,2,23,0.34,0,72,35,26,M,2,college,divorced,7,self_employed,5780.0,50,61,2,3,1,597.0,0,0.83,0,0,3,3,0,0.0,0,0.0,9.666666666666666,16.0,1.6666666666666667,3.0,1.0,1.0,1,3,0,1162.4694418311728
app,short_term,4846,21,1,38,0.23,1,61,39,28,F,2,college,married,2,self_employed,5000.0,95,111,2,1,0,565.0,0,0.4,8,3,1,1,0,0.0,0,0.0,52.0,52.0,1.0,1.0,1.0,0.0,12,4,0,897.2980141754483
app,short_term,995,30,9,10,0.34,0,77,27,33,M,4,high,married,6,private,4432.0,68,174,5,2,1,591.0,0,0.43,9,0,2,2,0,0.0,0,0.0,53.0,78.0,1.0,1.0,1.0,1.0,18,1,0,829.1684215298563
web,installment,2003,60,2,13,0.29,0,59,35,19,M,5,college,married,0,state,4599.0,49,99,5,1,1,733.0,0,0.33,1,1,1,1,0,0.0,0,0.0,32.0,32.0,1.0,1.0,1.0,1.0,4,0,0,922.3172973413085
app,short_term,4251,7,9,6,0.2,0,65,32,34,M,4,graduate,single,10,self_employed,2739.0,37,259,1,3,0,489.0,0,0.22,7,0,3,3,0,0.0,0,0.0,17.333333333333332,26.0,2.6666666666666665,5.0,1.0,0.6666666666666666,5,4,0,680.8113660619468
app,short_term,3196,21,3,20,0.11,0,62,12,21,F,4,middle,married,2,self_employed,1919.0,36,65,4,1,1,750.0,0,0.24,3,0,1,1,0,0.0,0,0.0,24.0,24.0,2.0,2.0,1.0,1.0,1,5,0,1145.0466249711612
app,short_term,4911,30,5,22,0.15,0,67,21,37,F,5,college,married,0,unemployed,2000.0,67,381,4,2,1,640.0,0,0.05,3,0,2,1,0,0.0,1,0.5,45.0,51.0,2.0,3.0,1.0,1.0,23,5,0,809.9842922045541
app,installment,3071,180,4,34,0.3,0,49,47,46,M,4,middle,single,5,private,3576.0,69,450,4,2,1,598.0,0,0.31,7,1,2,2,0,0.0,0,0.0,45.0,54.0,2.0,3.0,1.0,0.5,16,0,0,730.9231281865776
app,installment,3165,180,9,26,0.43,0,60,26,37,F,2,college,single,8,self_employed,6025.0,88,459,1,3,1,600.0,0,0.29,3,2,3,3,0,0.0,0,0.0,56.0,85.0,1.3333333333333333,2.0,0.6666666666666666,0.3333333333333333,16,2,0,1051.1993260195509
partner,short_term,2179,7,4,15,0.48,0,89,41,25,F,5,high,married,9,private,2710.0,93,310,3,3,0,545.0,0,0.14,6,2,3,3,0,0.0,0,0.0,43.0,54.0,2.3333333333333335,4.0,1.0,0.6666666666666666,6,1,0,565.131921490885
app,installment,3069,90,5,12,0.29,0,41,21,22,M,3,middle,single,4,private,3935.0,29,200,3,3,1,738.0,0,0.2,6,0,3,3,0,0.0,0,0.0,38.666666666666664,61.0,2.6666666666666665,5.0,0.6666666666666666,1.0,17,2,0,965.407016336579
app,short_term,4215,14,7,4,0.22,0,60,20,31,F,3,middle,married,6,state,3236.0,78,54,4,1,1,562.0,0,0.52,8,0,1,1,0,0.0,1,1.0,72.0,72.0,1.0,1.0,1.0,1.0,14,1,0,917.4761024674023
app,short_term,2403,21,6,28,0.12,0,72,9,32,M,2,high,single,6,state,2737.0,81,469,1,3,0,629.0,0,0.17,2,0,3,3,0,0.0,0,0.0,43.0,50.0,2.3333333333333335,3.0,0.6666666666666666,1.0,14,2,0,891.0515308348483
partner,installment,3775,60,6,19,0.32,0,63,13,43,M,1,college,married,6,private,4213.0,51,235,3,2,0,652.0,3,0.28,6,2,2,2,0,0.0,0,0.0,50.5,65.0,3.5,4.0,1.0,0.5,13,1,0,684.2766101426488
app,installment,3016,120,1,20,0.45,0,76,0,33,F,2,high,married,7,state,7474.0,68,55,3,1,1,663.0,0,0.47,9,0,1,1,0,0.0,0,0.0,75.0,75.0,1.0,1.0,1.0,1.0,22,2,0,1050.9210200682298
app,installment,2485,180,1,22,0.24,0,24,59,26,F,4,middle,single,5,self_employed,4867.0,42,323,2,3,0,514.0,0,0.4,5,0,3,3,0,0.0,1,0.3333333333333333,36.666666666666664,45.0,3.0,4.0,1.0,0.6666666666666666,2,5,0,827.0980080674906
partner,short_term,3040,30,6,9,0.33,0,52,21,37,M,4,college,single,6,private,4109.0,44,187,4,1,0,709.0,0,0.19,4,0,1,1,0,0.0,0,0.0,59.0,59.0,5.0,5.0,1.0,0.0,2,2,0,743.6332180785109
app,installment,4388,120,9,27,0.32,0,69,25,36,F,2,college,divorced,0,self_employed,3418.0,110,405,5,3,0,600.0,0,0.15,7,1,3,2,0,0.0,0,0.0,51.333333333333336,65.0,2.0,3.0,1.0,0.6666666666666666,5,2,0,1090.9221377673728
app,short_term,1662,21,0,21,0.59,0,17,0,35,M,3,high,married,7,state,3416.0,82,201,5,2,0,633.0,0,0.07,1,0,2,2,0,0.0,0,0.0,60.0,62.0,1.5,2.0,1.0,1.0,20,3,0,1083.4771795867705
app,short_term,3955,14,5,21,0.36,0,99,23,54,M,3,college,single,9,self_employed,2618.0,29,223,2,3,1,539.0,0,0.26,1,3,3,3,0,0.0,0,0.0,22.0,24.0,1.0,1.0,1.0,1.0,1,5,0,577.053517316934
app,short_term,3425,21,4,19,0.47,0,65,36,52,F,3,college,single,8,self_employed,3130.0,29,435,5,3,1,521.0,1,0.31,4,0,3,3,0,0.0,0,0.0,28.0,71.0,1.3333333333333333,2.0,0.6666666666666666,0.3333333333333333,5,4,0,806.8656445448814
app,short_term,3361,21,1,31,0.56,1,49,24,30,M,2,college,married,3,private,4321.0,54,239,2,2,1,609.0,0,0.5,5,0,2,2,0,0.0,0,0.0,64.0,69.0,2.5,4.0,1.0,0.0,12,4,0,827.2897698485685
web,installment,2891,180,6,27,0.39,0,70,20,40,F,2,high,married,7,unemployed,6578.0,50,306,2,3,0,512.0,3,0.11,5,1,3,2,0,0.0,0,0.0,50.333333333333336,64.0,1.6666666666666667,3.0,0.6666666666666666,0.3333333333333333,1,6,0,645.4511914153783
app,short_term,4886,7,7,26,0.11,0,46,13,27,M,3,college,single,1,private,5619.0,62,167,5,3,0,589.0,0,0.26,6,0,3,2,0,0.0,0,0.0,32.666666666666664,40.0,1.0,1.0,1.0,1.0,22,3,0,957.518357172229
app,short_term,3905,7,0,35,0.28,0,65,2,22,M,1,high,single,4,unemployed,4991.0,7,263,1,1,1,587.0,2,0.3,1,1,1,1,0,0.0,0,0.0,5.0,5.0,4.0,4.0,1.0,1.0,13,4,0,563.771423577379
app,installment,4795,90,3,17,0.21,1,91,36,22,M,3,middle,married,2,private,7005.0,24,314,2,1,0,657.0,0,0.12,4,0,1,1,0,0.0,0,0.0,29.0,29.0,2.0,2.0,1.0,1.0,13,3,0,901.0646143877631
app,installment,1317,120,5,20,0.18,0,93,23,31,F,3,college,single,5,private,5673.0,66,74,4,2,0,553.0,0,0.36,2,0,2,2,0,0.0,1,0.5,36.5,48.0,1.0,1.0,1.0,1.0,7,2,0,1109.820348855678
app,installment,3020,180,4,17,0.61,0,55,29,21,M,4,college,married,0,private,3627.0,106,210,2,2,0,554.0,0,0.38,3,1,2,2,0,0.0,0,0.0,34.0,55.0,1.0,1.0,1.0,1.0,18,5,0,805.6725461753766
app,installment,4431,180,1,36,0.34,0,83,17,24,F,2,high,single,10,state,2996.0,34,404,1,3,1,634.0,0,0.2,1,0,3,2,0,0.0,0,0.0,49.333333333333336,55.0,2.3333333333333335,4.0,1.0,0.3333333333333333,6,6,0,970.9282243859273
app,installment,973,60,5,26,0.07,1,70,4,36,M,5,college,married,2,self_employed,3584.0,89,481,2,1,1,591.0,0,0.18,0,2,1,1,0,0.0,0,0.0,39.0,39.0,1.0,1.0,1.0,1.0,13,2,0,672.7037038274585
app,short_term,870,7,0,13,0.46,0,75,34,48,F,4,college,married,1,state,3873.0,65,416,5,3,0,640.0,1,0.39,8,0,3,2,0,0.0,0,0.0,44.666666666666664,57.0,1.6666666666666667,2.0,0.3333333333333333,1.0,13,4,0,911.1769376057855
app,short_term,1987,7,5,16,0.3,0,123,10,45,M,4,college,married,4,self_employed,2571.0,112,481,2,1,1,695.0,0,0.01,3,0,1,1,0,0.0,0,0.0,64.0,64.0,3.0,3.0,1.0,1.0,10,0,0,713.7006815011637
app,installment,1825,120,4,13,0.58,0,90,0,25,M,4,graduate,divorced,4,state,2047.0,89,161,2,3,0,578.0,0,0.18,3,0,3,2,0,0.0,1,0.3333333333333333,32.333333333333336,53.0,1.6666666666666667,3.0,1.0,1.0,8,3,0,887.017488187779
app,installment,3763,180,7,15,0.29,0,69,38,36,M,4,college,married,8,private,3389.0,99,409,5,3,0,570.0,0,0.26,4,0,3,2,0,0.0,0,0.0,32.0,49.0,1.0,1.0,0.6666666666666666,1.0,19,1,0,854.5469476524252
app,short_term,4460,21,6,22,0.45,0,34,39,47,M,4,graduate,married,2,self_employed,7087.0,107,341,5,3,0,734.0,0,0.48,5,1,3,2,0,0.0,0,0.0,39.0,47.0,1.0,1.0,1.0,1.0,9,2,0,703.1501136068125
web,short_term,2595,30,4,33,0.4,0,64,63,53,F,1,high,single,0,self_employed,4962.0,91,108,5,3,1,734.0,0,0.15,3,4,3,2,0,0.0,0,0.0,35.0,68.0,1.0,1.0,1.0,0.3333333333333333,21,2,0,616.3535027954852
app,installment,2427,90,3,6,0.42,0,75,53,23,F,2,middle,married,4,private,3561.0,55,174,4,2,1,587.0,1,0.41,6,0,2,1,0,0.0,0,0.0,46.0,52.0,1.5,2.0,0.5,0.0,12,4,0,931.4669752911443
app,short_term,1921,14,2,11,0.2,0,64,57,48,F,4,college,married,1,self_employed,2494.0,7,247,2,2,0,479.0,0,0.3,2,0,2,2,0,0.0,0,0.0,54.0,54.0,1.5,2.0,1.0,1.0,19,3,0,924.9911038534384
app,short_term,4899,21,6,29,0.25,0,48,32,54,F,5,high,married,8,private,3437.0,26,444,2,1,0,739.0,1,0.34,9,0,1,1,0,0.0,0,0.0,31.0,31.0,1.0,1.0,1.0,0.0,9,5,0,742.3636959384845
web,short_term,4804,30,5,35,0.07,0,58,45,43,M,4,college,married,4,private,3094.0,58,78,4,3,1,611.0,0,0.28,1,3,3,3,0,0.0,0,0.0,34.0,64.0,1.0,1.0,1.0,1.0,4,1,0,882.5491595230765
web,short_term,592,14,4,10,0.15,0,61,23,43,F,4,middle,married,5,self_employed,3707.0,97,130,1,1,0,632.0,1,0.34,0,5,1,1,0,0.0,0,0.0,18.0,18.0,1.0,1.0,1.0,1.0,0,4,0,681.6202692179112
web,short_term,1691,7,6,13,0.3,0,82,23,34,F,3,college,married,4,private,5126.0,106,71,1,1,0,560.0,0,0.13,10,0,1,1,0,0.0,0,0.0,58.0,58.0,2.0,2.0,1.0,1.0,17,5,0,1123.1141518098812
app,short_term,2967,14,8,6,0.38,0,37,32,24,M,3,high,married,1,self_employed,1928.0,69,366,4,3,1,602.0,0,0.3,1,0,3,3,0,0.0,0,0.0,50.333333333333336,64.0,2.3333333333333335,4.0,1.0,1.0,16,6,0,687.919481399243
app,installment,2047,90,3,25,0.22,1,60,43,27,F,3,high,divorced,3,unemployed,2881.0,27,196,1,2,1,591.0,1,0.31,9,2,2,2,0,0.0,0,0.0,16.0,31.0,1.0,1.0,1.0,1.0,4,3,0,951.5553923781096
web,short_term,3358,14,0,23,0.18,0,58,27,46,M,2,high,single,8,private,3807.0,35,58,4,1,0,631.0,0,0.19,5,0,1,1,0,0.0,0,0.0,29.0,29.0,1.0,1.0,1.0,1.0,0,6,0,783.9464056338956
web,short_term,807,7,11,20,0.35,0,43,52,30,M,2,high,single,5,private,1701.0,100,106,4,2,0,736.0,0,0.35,0,0,2,2,0,0.0,0,0.0,31.0,31.0,1.5,2.0,1.0,0.5,19,1,0,1056.410033677796
app,short_term,622,7,8,38,0.06,0,50,43,31,M,5,high,married,3,private,4532.0,74,170,1,1,1,614.0,0,0.07,5,0,1,1,0,0.0,0,0.0,4.0,4.0,1.0,1.0,1.0,1.0,21,5,0,963.5477077510931
app,short_term,1793,14,6,48,0.41,0,51,48,27,M,3,high,single,5,private,4620.0,99,319,3,3,1,635.0,0,0.26,2,4,3,3,0,0.0,1,0.3333333333333333,39.333333333333336,54.0,1.3333333333333333,2.0,0.6666666666666666,0.6666666666666666,23,5,0,882.1553915704276
app,short_term,2236,7,2,23,0.08,0,32,23,22,M,2,middle,divorced,7,private,2877.0,48,129,2,3,0,564.0,0,0.4,1,0,3,1,0,0.0,0,0.0,37.666666666666664,42.0,2.3333333333333335,3.0,0.6666666666666666,1.0,21,3,0,856.510958140454
app,short_term,4694,14,4,17,0.07,0,49,70,55,M,4,middle,single,1,private,3890.0,53,352,3,1,0,623.0,0,0.15,0,1,1,1,0,0.0,0,0.0,63.0,63.0,1.0,1.0,1.0,0.0,5,3,0,845.2345732226182
app,installment,1959,90,1,22,0.2,0,93,26,43,F,4,middle,married,6,private,4598.0,73,468,1,2,0,675.0,0,0.29,9,1,2,2,0,0.0,0,0.0,40.5,81.0,1.5,2.0,1.0,1.0,2,5,0,777.4424556508595
app,short_term,1973,7,8,10,0.36,0,77,43,27,M,2,middle,married,9,state,7831.0,57,448,2,2,0,608.0,0,0.08,3,3,2,2,0,0.0,0,0.0,28.5,34.0,1.0,1.0,1.0,0.5,20,0,0,779.843482745853
web,short_term,1924,14,0,17,0.44,0,85,16,47,M,4,college,married,0,private,3010.0,47,193,1,1,0,628.0,0,0.26,8,0,1,1,0,0.0,0,0.0,20.0,20.0,3.0,3.0,1.0,1.0,12,3,0,877.0087282376749
partner,installment,1058,120,4,16,0.45,0,114,46,19,M,5,college,single,3,unemployed,2755.0,3,351,5,3,0,656.0,1,0.08,4,0,3,3,0,0.0,1,0.3333333333333333,40.666666666666664,48.0,3.0,4.0,0.6666666666666666,0.6666666666666666,23,0,0,628.6008524968505
app,installment,2827,60,6,9,0.43,0,64,26,51,M,2,college,married,3,private,5914.0,41,121,2,3,1,637.0,0,0.28,0,1,3,3,0,0.0,0,0.0,33.666666666666664,62.0,2.0,3.0,1.0,0.6666666666666666,21,6,0,1154.4383248028448
app,installment,3581,120,8,19,0.15,0,58,8,45,M,4,high,married,7,state,2886.0,19,486,1,3,0,654.0,0,0.48,8,0,3,3,0,0.0,0,0.0,34.333333333333336,53.0,2.3333333333333335,4.0,1.0,1.0,22,0,0,1033.651003389029
app,installment,1515,60,4,32,0.05,0,69,23,44,M,3,college,married,5,private,2501.0,42,320,4,1,1,628.0,1,0.2,6,3,1,1,0,0.0,0,0.0,45.0,45.0,1.0,1.0,1.0,0.0,12,0,0,586.1301948000457
app,short_term,3334,30,1,19,0.11,0,52,41,43,F,4,middle,married,3,private,2686.0,41,183,2,2,1,615.0,0,0.09,4,1,2,2,0,0.0,1,0.5,30.5,50.0,1.0,1.0,1.0,1.0,14,0,0,575.1160834454181
web,installment,4911,60,3,16,0.31,0,62,53,21,M,2,college,married,1,private,4375.0,70,214,5,3,1,658.0,0,0.25,3,2,3,3,0,0.0,0,0.0,38.666666666666664,52.0,1.6666666666666667,2.0,1.0,0.6666666666666666,15,5,0,895.0906739146919
web,short_term,780,21,5,18,0.25,0,44,53,26,M,4,college,married,2,private,3627.0,51,259,4,3,1,681.0,0,0.29,10,0,3,3,0,0.0,0,0.0,25.666666666666668,46.0,1.3333333333333333,2.0,1.0,0.6666666666666666,18,4,0,1199.0814405533267
web,short_term,3943,30,10,25,0.18,0,64,16,32,F,1,high,single,5,self_employed,3988.0,113,102,4,3,1,547.0,0,0.2,9,3,3,3,0,0.0,0,0.0,30.666666666666668,39.0,1.3333333333333333,2.0,1.0,1.0,0,6,0,782.4235598452867
app,short_term,1946,7,2,23,0.17,0,24,36,42,F,1,high,married,0,private,2612.0,70,60,2,3,0,644.0,0,0.08,10,0,3,3,0,0.0,0,0.0,46.333333333333336,63.0,2.6666666666666665,3.0,1.0,1.0,19,1,0,899.0290457434714
web,installment,3477,60,8,20,0.19,0,89,16,46,M,3,college,married,6,self_employed,3849.0,102,293,1,2,1,715.0,0,0.36,0,1,2,2,0,0.0,0,0.0,19.0,28.0,1.0,1.0,1.0,1.0,0,5,0,728.7622980714856
app,short_term,1492,14,6,18,0.11,0,71,36,29,M,4,high,married,3,self_employed,5427.0,113,494,1,2,0,599.0,0,0.57,3,3,2,1,0,0.0,0,0.0,71.0,86.0,1.0,1.0,1.0,1.0,14,1,0,1002.5866746460333
partner,installment,3126,180,5,17,0.27,0,54,28,36,F,3,college,single,3,private,5212.0,77,300,2,1,1,548.0,0,0.24,7,0,1,1,0,0.0,0,0.0,48.0,48.0,3.0,3.0,1.0,1.0,5,4,0,892.7511573766586
web,installment,2512,90,3,9,0.1,0,97,54,25,M,4,graduate,single,9,self_employed,3992.0,112,394,1,1,0,639.0,0,0.68,10,3,1,1,0,0.0,0,0.0,32.0,32.0,3.0,3.0,1.0,1.0,9,2,0,1183.591711834542
app,short_term,3950,14,1,0,0.38,0,79,41,26,F,3,college,married,2,private,4286.0,118,445,1,1,1,595.0,0,0.27,9,1,1,1,0,0.0,1,1.0,33.0,33.0,2.0,2.0,1.0,1.0,16,3,0,714.7304497368135
app,short_term,3392,14,0,19,0.68,0,11,26,19,M,4,college,married,9,private,4510.0,13,375,2,3,0,492.0,0,0.17,4,4,3,2,0,0.0,0,0.0,42.333333333333336,61.0,1.6666666666666667,3.0,1.0,0.0,22,4,0,469.22432638006177
app,installment,4266,60,6,15,0.39,0,22,20,34,F,1,college,married,7,state,6414.0,41,248,4,1,1,642.0,1,0.06,8,0,1,1,0,0.0,0,0.0,52.0,52.0,4.0,4.0,1.0,1.0,13,5,0,810.260567382765
app,installment,3365,180,7,11,0.28,0,62,50,29,M,5,high,single,4,state,3104.0,49,184,3,1,0,616.0,0,0.5,9,1,1,1,0,0.0,0,0.0,43.0,43.0,3.0,3.0,1.0,0.0,22,5,0,911.1837934351462
app,installment,1417,90,5,5,0.13,1,40,28,51,M,3,high,married,5,unemployed,2496.0,29,57,2,2,0,601.0,0,0.35,3,1,2,2,0,0.0,0,0.0,37.5,70.0,1.5,2.0,0.5,1.0,16,4,0,938.6220405004308
web,installment,580,120,0,23,0.03,1,69,17,34,F,2,high,single,2,unemployed,4632.0,105,458,3,1,0,584.0,0,0.49,0,0,1,1,0,0.0,0,0.0,44.0,44.0,4.0,4.0,1.0,1.0,16,3,0,1128.6720406219138
app,installment,2834,180,1,18,0.55,0,62,28,24,F,2,high,single,10,state,2996.0,34,404,1,3,1,634.0,0,0.2,1,0,3,2,0,0.0,0,0.0,49.333333333333336,55.0,2.3333333333333335,4.0,1.0,0.3333333333333333,12,2,0,1096.1933286977046
app,installment,4075,180,6,19,0.34,0,21,28,54,M,2,high,married,0,state,5024.0,11,378,5,2,1,530.0,1,0.18,6,2,2,1,0,0.0,0,0.0,33.5,58.0,2.0,3.0,1.0,0.5,8,4,0,582.9341324364582
partner,short_term,3289,30,6,14,0.23,0,40,23,24,M,4,college,married,3,private,4608.0,2,165,2,2,1,671.0,0,0.43,10,0,2,1,0,0.0,1,0.5,25.5,51.0,2.0,3.0,1.0,1.0,20,3,0,954.4877341246022
app,short_term,2614,30,2,18,0.23,0,39,13,35,F,3,college,married,9,unemployed,3955.0,21,104,1,1,0,616.0,0,0.37,4,0,1,1,0,0.0,0,0.0,50.0,50.0,2.0,2.0,1.0,1.0,4,1,0,1395.51082997905
app,installment,3450,60,4,3,0.28,0,48,45,26,M,3,high,married,2,private,5084.0,27,202,5,3,1,560.0,0,0.09,2,2,3,2,0,0.0,0,0.0,47.0,68.0,1.6666666666666667,2.0,1.0,0.3333333333333333,4,1,0,1126.7434907839784
app,installment,2817,90,6,22,0.3,0,73,36,29,F,4,college,married,5,self_employed,2759.0,39,104,3,1,0,686.0,0,0.41,5,0,1,1,0,0.0,0,0.0,51.0,51.0,1.0,1.0,0.0,0.0,12,1,0,759.3192075201587
app,short_term,4251,30,10,20,0.38,0,68,43,38,M,3,high,divorced,2,private,4973.0,117,457,1,2,0,607.0,0,0.49,1,1,2,2,0,0.0,0,0.0,14.0,21.0,1.5,2.0,1.0,1.0,1,2,0,915.4822596224894
app,short_term,3854,21,5,22,0.43,0,59,13,24,M,5,middle,married,3,self_employed,2059.0,119,427,3,3,0,655.0,0,0.4,2,1,3,1,0,0.0,0,0.0,38.666666666666664,50.0,1.6666666666666667,3.0,0.6666666666666666,0.6666666666666666,8,0,0,704.3781273626978
partner,short_term,869,7,7,34,0.26,0,57,0,32,M,3,high,single,7,state,3816.0,115,158,1,2,1,469.0,0,0.27,1,0,2,2,0,0.0,0,0.0,43.0,46.0,1.0,1.0,1.0,0.0,23,6,0,910.0432050207583
app,short_term,3898,7,4,21,0.16,0,44,42,28,M,3,high,single,8,private,4978.0,116,442,3,1,0,615.0,0,0.36,3,1,1,1,0,0.0,0,0.0,27.0,27.0,1.0,1.0,1.0,0.0,8,1,0,912.353000797377
web,short_term,3344,21,5,0,0.08,0,31,32,47,M,2,graduate,single,0,private,2988.0,50,490,3,3,1,684.0,0,0.08,2,0,3,3,0,0.0,0,0.0,54.0,73.0,1.6666666666666667,2.0,1.0,1.0,15,4,0,961.7939024956844
web,installment,4954,90,5,8,0.17,0,61,37,25,M,3,high,single,2,self_employed,3298.0,63,122,1,2,1,635.0,0,0.65,8,0,2,2,0,0.0,1,0.5,50.5,71.0,1.0,1.0,0.5,1.0,8,1,0,1124.5184379345942
app,short_term,3281,14,4,13,0.33,0,36,6,55,M,4,graduate,single,8,private,3071.0,77,219,3,2,1,503.0,0,0.55,9,0,2,2,0,0.0,0,0.0,18.5,34.0,2.5,3.0,1.0,1.0,20,6,0,625.9354758798463
app,installment,2819,180,3,10,0.2,0,97,50,43,M,3,middle,single,5,self_employed,8792.0,1,296,5,2,0,629.0,0,0.27,6,2,2,2,0,0.0,0,0.0,57.5,77.0,2.0,3.0,1.0,1.0,23,6,0,979.8063734150151
app,installment,810,60,0,1,0.15,0,51,36,34,M,4,graduate,single,1,private,6963.0,39,208,5,1,0,593.0,1,0.67,9,2,1,1,0,0.0,0,0.0,100.0,100.0,4.0,4.0,1.0,1.0,4,6,0,931.2940855689583
app,short_term,1019,30,3,10,0.23,0,52,26,46,M,1,college,married,9,self_employed,3953.0,94,424,3,1,1,690.0,0,0.2,2,0,1,1,0,0.0,0,0.0,46.0,46.0,3.0,3.0,1.0,1.0,10,0,0,939.8465906246495
partner,short_term,2683,14,1,15,0.03,1,39,27,26,M,4,middle,married,5,private,4655.0,98,127,5,2,1,590.0,0,0.35,0,2,2,2,0,0.0,0,0.0,36.0,53.0,1.5,2.0,1.0,1.0,13,1,0,918.0438597012426
web,short_term,2353,21,12,4,0.05,0,46,21,41,M,3,college,single,8,private,2861.0,100,279,1,1,0,676.0,0,0.5,9,0,1,1,0,0.0,0,0.0,35.0,35.0,1.0,1.0,1.0,0.0,8,3,0,807.8355444983794
app,installment,1006,60,6,8,0.17,0,61,41,53,M,3,college,single,1,unemployed,1745.0,119,317,3,3,0,628.0,0,0.08,4,1,3,3,0,0.0,0,0.0,27.333333333333332,53.0,1.6666666666666667,3.0,0.6666666666666666,0.6666666666666666,5,1,0,1052.658962566381
app,short_term,3099,30,7,22,0.06,0,59,13,25,F,3,high,married,3,private,3791.0,29,425,2,3,1,625.0,1,0.14,5,2,3,3,0,0.0,0,0.0,52.666666666666664,72.0,1.3333333333333333,2.0,0.3333333333333333,1.0,4,0,0,829.8472317512525
web,short_term,2909,7,4,21,0.3,0,54,34,34,F,4,graduate,married,0,private,7147.0,111,422,5,3,0,598.0,1,0.23,3,0,3,2,0,0.0,0,0.0,64.33333333333333,100.0,1.6666666666666667,2.0,0.6666666666666666,1.0,11,0,0,962.4164540580821
app,short_term,1725,14,11,21,0.24,0,94,29,23,M,3,college,married,7,private,5013.0,81,162,4,3,0,671.0,0,0.49,2,1,3,1,0,0.0,0,0.0,21.333333333333332,30.0,2.6666666666666665,4.0,1.0,1.0,19,5,0,1110.6363890105902
web,installment,1056,180,0,9,0.36,0,64,34,52,F,5,college,single,8,private,4022.0,94,106,2,2,1,659.0,0,0.08,3,0,2,2,0,0.0,0,0.0,27.0,43.0,3.0,5.0,1.0,1.0,23,0,0,1184.9699979145298
app,installment,4264,180,2,4,0.04,0,64,29,34,M,4,middle,married,0,private,3189.0,45,491,1,2,0,550.0,0,0.15,4,2,2,2,0,0.0,1,0.5,52.0,70.0,2.0,3.0,1.0,1.0,0,4,0,788.9415446872507
app,short_term,4705,14,4,16,0.22,0,44,15,21,M,2,graduate,married,7,private,3773.0,38,488,3,3,1,633.0,0,0.29,0,2,3,2,0,0.0,0,0.0,23.0,35.0,2.3333333333333335,3.0,1.0,1.0,14,1,0,861.5851226045655
app,short_term,4635,30,3,32,0.17,0,39,8,24,M,2,middle,married,2,private,2202.0,80,177,2,3,0,606.0,1,0.29,8,1,3,3,0,0.0,0,0.0,18.0,37.0,2.3333333333333335,3.0,1.0,0.6666666666666666,14,3,0,693.5096982890622
web,installment,3898,120,2,15,0.25,0,60,18,43,M,4,middle,married,3,private,5100.0,60,483,3,2,0,659.0,0,0.35,7,1,2,2,0,0.0,0,0.0,56.0,74.0,1.5,2.0,1.0,0.5,21,3,0,875.3079554207524
app,installment,2910,120,8,21,0.18,0,44,42,24,M,5,college,married,6,state,6825.0,95,493,2,3,1,657.0,0,0.12,0,1,3,3,0,0.0,1,0.3333333333333333,39.333333333333336,54.0,2.3333333333333335,4.0,0.6666666666666666,1.0,19,0,0,824.2305207381875
app,installment,640,180,7,24,0.08,0,40,41,39,M,2,college,single,10,state,4390.0,7,450,2,2,0,628.0,0,0.28,2,1,2,2,0,0.0,0,0.0,32.5,54.0,1.5,2.0,0.5,1.0,6,6,0,1091.7512211866597
app,short_term,509,21,5,24,0.13,0,80,35,49,M,4,middle,single,1,state,4270.0,49,368,3,1,1,699.0,2,0.58,9,0,1,1,0,0.0,0,0.0,30.0,30.0,1.0,1.0,0.0,1.0,9,1,0,742.4553495453727
app,short_term,1256,14,8,10,0.03,0,51,18,53,F,1,high,single,0,self_employed,4962.0,91,108,5,3,1,734.0,0,0.15,3,4,3,2,0,0.0,0,0.0,35.0,68.0,1.0,1.0,1.0,0.3333333333333333,8,4,0,567.7555511262949
web,short_term,1401,7,4,32,0.14,0,68,39,26,M,4,middle,married,2,private,3461.0,76,224,3,3,0,742.0,0,0.24,5,0,3,3,0,0.0,0,0.0,58.333333333333336,74.0,1.6666666666666667,2.0,0.6666666666666666,1.0,22,1,0,1100.5448148992975
web,installment,4400,60,0,13,0.56,0,59,45,28,F,3,middle,single,2,private,2840.0,105,220,4,1,0,495.0,0,0.17,1,2,1,1,0,0.0,0,0.0,52.0,52.0,2.0,2.0,1.0,1.0,2,0,0,684.2433456382477
app,short_term,3431,14,5,16,0.13,0,95,20,22,M,2,college,married,9,private,5062.0,30,220,3,1,1,583.0,0,0.22,0,2,1,1,0,0.0,0,0.0,20.0,20.0,1.0,1.0,1.0,0.0,3,0,0,1083.5867763600004
app,installment,3151,60,3,28,0.16,0,72,16,34,M,2,college,married,7,self_employed,3611.0,114,193,3,2,0,593.0,0,0.07,5,0,2,2,0,0.0,0,0.0,51.5,56.0,1.5,2.0,1.0,0.5,10,5,0,1184.492100156138
app,short_term,3426,7,3,24,0.05,0,91,32,32,F,1,college,married,4,private,6216.0,67,351,2,1,1,512.0,2,0.25,8,0,1,1,1,1.0,0,0.0,60.0,60.0,3.0,3.0,1.0,1.0,21,3,1,405.69636791483686
web,short_term,4845,30,2,12,0.34,1,57,53,50,F,4,high,single,5,private,4735.0,95,402,1,3,1,594.0,0,0.26,1,3,3,2,0,0.0,0,0.0,39.333333333333336,60.0,2.3333333333333335,5.0,0.6666666666666666,1.0,18,0,1,397.20048087785864
web,short_term,2719,30,5,30,0.22,0,23,15,25,F,3,graduate,single,0,self_employed,3180.0,115,183,3,3,0,623.0,0,0.29,9,3,3,3,0,0.0,0,0.0,36.666666666666664,80.0,2.0,3.0,1.0,0.3333333333333333,14,1,0,668.3482328564922
app,installment,2119,180,7,22,0.41,0,66,63,32,M,2,college,divorced,3,private,5740.0,27,111,4,2,0,604.0,0,0.3,3,0,2,2,0,0.0,0,0.0,43.5,51.0,3.5,4.0,0.5,1.0,23,5,0,1326.409181552528
web,installment,968,90,4,23,0.24,0,61,26,50,M,3,graduate,married,3,private,4256.0,70,87,2,1,1,524.0,0,0.2,10,0,1,1,0,0.0,0,0.0,23.0,23.0,1.0,1.0,1.0,1.0,11,2,0,1290.603142439185
app,short_term,3510,30,2,29,0.04,0,63,19,47,F,3,graduate,single,2,private,4952.0,113,246,2,1,0,486.0,0,0.45,7,0,1,1,0,0.0,0,0.0,14.0,14.0,2.0,2.0,1.0,1.0,18,1,0,1022.3343541973658
app,short_term,4570,21,12,6,0.34,1,67,14,35,F,2,college,married,7,self_employed,3286.0,75,94,5,3,0,596.0,0,0.02,7,0,3,3,0,0.0,0,0.0,35.666666666666664,42.0,2.3333333333333335,3.0,1.0,1.0,2,3,0,777.0151969666816
app,short_term,1159,7,0,29,0.54,0,81,18,53,M,1,high,single,9,private,2292.0,71,392,1,1,0,704.0,0,0.6,3,0,1,1,0,0.0,0,0.0,58.0,58.0,4.0,4.0,1.0,1.0,18,5,0,663.6395410331318
partner,short_term,2437,14,0,19,0.39,0,109,20,32,M,3,graduate,single,9,private,3288.0,36,124,3,3,1,612.0,0,0.23,3,0,3,3,0,0.0,0,0.0,44.333333333333336,68.0,1.0,1.0,1.0,0.6666666666666666,8,2,0,925.800649198329
web,short_term,1552,14,10,18,0.18,0,46,28,43,M,4,college,single,2,self_employed,4853.0,88,328,2,2,1,631.0,2,0.61,2,0,2,2,0,0.0,0,0.0,49.0,61.0,1.5,2.0,1.0,1.0,20,4,0,983.9613790897198
app,short_term,2746,7,3,13,0.14,0,39,33,26,M,4,middle,married,2,private,3461.0,76,224,3,3,0,742.0,0,0.24,5,0,3,3,0,0.0,0,0.0,58.333333333333336,74.0,1.6666666666666667,2.0,0.6666666666666666,1.0,7,4,0,1147.8572202257553
partner,short_term,884,14,4,7,0.23,0,39,27,44,F,3,college,single,2,private,2788.0,1,104,1,3,0,702.0,0,0.21,1,0,3,3,0,0.0,0,0.0,44.0,60.0,2.6666666666666665,5.0,1.0,1.0,18,2,0,799.1541088750424
web,installment,4981,90,5,20,0.28,0,56,32,49,M,1,high,single,9,self_employed,4287.0,104,102,5,3,1,673.0,0,0.33,8,0,3,3,0,0.0,0,0.0,37.333333333333336,39.0,1.6666666666666667,3.0,1.0,0.6666666666666666,11,2,0,834.5709960705185
app,installment,1583,60,3,43,0.41,0,68,33,19,F,2,high,married,2,self_employed,5285.0,62,355,4,1,0,611.0,0,0.28,5,0,1,1,0,0.0,0,0.0,49.0,49.0,1.0,1.0,1.0,0.0,1,6,0,1192.6350166279785
app,installment,4425,60,2,16,0.01,0,56,21,50,F,1,college,married,1,private,2641.0,75,405,4,1,1,555.0,3,0.18,0,1,1,1,0,0.0,0,0.0,21.0,21.0,1.0,1.0,1.0,1.0,16,1,0,414.46150827829473
app,short_term,2334,14,2,12,0.62,0,72,26,23,F,1,high,married,2,private,1960.0,49,484,2,1,1,592.0,2,0.13,2,1,1,1,0,0.0,0,0.0,38.0,38.0,2.0,2.0,1.0,1.0,7,1,0,596.0506704212418
app,installment,2933,120,3,22,0.53,0,43,47,46,M,1,graduate,single,3,state,5457.0,48,91,3,3,0,664.0,1,0.42,7,0,3,3,0,0.0,0,0.0,51.333333333333336,71.0,1.6666666666666667,2.0,0.6666666666666666,0.0,6,0,0,1135.2227154803188
web,short_term,2829,7,6,32,0.21,0,96,9,53,F,4,high,single,8,private,4875.0,58,480,3,3,1,577.0,2,0.18,10,2,3,3,0,0.0,0,0.0,30.666666666666668,47.0,1.3333333333333333,2.0,1.0,0.6666666666666666,15,3,0,733.2382207380796
app,installment,2515,180,7,14,0.22,0,36,64,28,M,4,middle,divorced,6,unemployed,3820.0,44,466,2,1,0,676.0,0,0.04,5,1,1,1,0,0.0,0,0.0,33.0,33.0,5.0,5.0,1.0,1.0,22,3,0,792.5769541756791
app,short_term,1923,30,3,17,0.21,0,65,42,40,F,3,college,single,9,state,4583.0,101,94,2,1,1,620.0,0,0.31,2,2,1,1,0,0.0,0,0.0,78.0,78.0,1.0,1.0,1.0,0.0,16,0,0,658.4468256931375
app,installment,852,120,5,19,0.22,0,15,8,33,M,3,middle,single,10,state,4236.0,59,97,2,3,0,589.0,0,0.3,3,0,3,2,0,0.0,0,0.0,21.333333333333332,25.0,1.0,1.0,0.6666666666666666,0.3333333333333333,10,1,0,1328.6547366226537
web,installment,1906,120,5,21,0.38,1,32,25,32,F,3,middle,single,10,state,4855.0,54,93,5,1,0,620.0,0,0.21,8,0,1,1,0,0.0,0,0.0,41.0,41.0,4.0,4.0,1.0,0.0,2,1,0,913.9865221722756
web,installment,4270,90,1,14,0.45,0,58,24,49,F,5,graduate,single,10,private,7116.0,10,420,3,3,0,643.0,0,0.14,2,2,3,2,0,0.0,0,0.0,48.333333333333336,75.0,2.6666666666666665,3.0,0.6666666666666666,0.3333333333333333,11,3,0,810.0448649846558
app,installment,4292,180,5,28,0.5,0,48,24,35,M,4,high,single,5,private,2842.0,107,244,2,2,1,615.0,0,0.29,3,0,2,2,0,0.0,0,0.0,42.5,45.0,1.0,1.0,1.0,1.0,17,3,0,714.7631380330025
web,short_term,2676,7,0,16,0.27,0,67,18,50,F,3,graduate,single,5,private,4972.0,77,279,5,1,0,626.0,0,0.18,7,1,1,1,0,0.0,0,0.0,11.0,11.0,1.0,1.0,1.0,0.0,22,1,0,892.5757989921682
app,installment,3348,90,5,20,0.13,1,37,14,37,M,3,high,single,7,self_employed,6087.0,69,364,2,1,0,433.0,2,0.65,2,0,1,1,0,0.0,0,0.0,54.0,54.0,1.0,1.0,1.0,1.0,17,3,0,803.5602156464631
app,short_term,4060,7,7,39,0.29,0,22,23,29,F,5,high,single,2,self_employed,3454.0,26,273,4,1,0,537.0,0,0.32,5,4,1,1,0,0.0,0,0.0,37.0,37.0,1.0,1.0,1.0,0.0,0,3,1,423.5373582391136
app,short_term,2223,7,6,47,0.25,0,38,34,51,F,2,middle,single,4,state,4405.0,60,405,2,2,0,597.0,0,0.89,4,0,2,2,0,0.0,0,0.0,24.5,49.0,3.0,5.0,1.0,0.0,22,1,0,997.4882019848981
app,installment,1675,90,5,8,0.28,0,78,26,26,M,2,college,single,8,private,2807.0,13,103,5,3,0,703.0,0,0.31,7,3,3,3,0,0.0,0,0.0,35.666666666666664,46.0,2.3333333333333335,3.0,1.0,0.6666666666666666,17,4,0,669.5356931099116
app,installment,4616,60,2,27,0.29,0,128,19,39,M,3,high,married,0,state,3039.0,87,396,4,1,0,485.0,0,0.74,8,5,1,1,0,0.0,0,0.0,64.0,64.0,1.0,1.0,1.0,1.0,10,6,1,390.40798719468035
app,short_term,575,7,7,26,0.24,0,59,0,51,M,1,college,single,0,private,2956.0,110,331,2,3,0,630.0,1,0.12,4,2,3,3,0,0.0,0,0.0,34.666666666666664,56.0,2.0,4.0,1.0,1.0,9,3,0,712.8071543719687
app,short_term,2540,30,0,27,0.22,0,70,25,49,F,4,high,married,9,private,3658.0,16,262,4,1,1,767.0,0,0.41,1,2,1,1,0,0.0,0,0.0,12.0,12.0,3.0,3.0,1.0,0.0,7,6,0,772.2357745809525
app,installment,3442,180,4,24,0.12,0,54,68,48,M,2,college,married,6,private,3603.0,100,56,2,3,1,671.0,0,0.21,1,2,3,2,0,0.0,0,0.0,21.666666666666668,29.0,1.6666666666666667,2.0,1.0,0.3333333333333333,21,6,0,1023.1012040584018
app,short_term,3818,7,4,43,0.45,0,47,13,51,M,1,college,single,1,state,4170.0,38,96,1,1,1,728.0,0,0.84,8,0,1,1,0,0.0,0,0.0,53.0,53.0,1.0,1.0,1.0,1.0,12,6,0,1025.5115201619894
web,installment,4920,90,2,31,0.28,0,77,55,36,F,3,high,single,3,private,1748.0,88,497,2,3,1,768.0,1,0.45,6,2,3,2,1,0.3333333333333333,0,0.0,37.0,51.0,2.0,4.0,1.0,0.6666666666666666,19,5,0,525.7938878343052
app,short_term,1557,21,8,9,0.24,0,18,44,22,F,3,high,divorced,6,private,3286.0,17,484,5,3,0,600.0,0,0.38,5,0,3,3,0,0.0,0,0.0,56.0,66.0,1.6666666666666667,2.0,1.0,1.0,19,0,0,1192.7219125067204
app,short_term,599,14,2,20,0.08,0,40,17,24,M,3,middle,married,10,self_employed,3338.0,55,211,2,3,0,497.0,0,0.36,8,0,3,3,0,0.0,0,0.0,36.333333333333336,67.0,2.0,3.0,1.0,0.6666666666666666,22,1,0,1051.381993031364
app,installment,1020,90,0,21,0.55,0,79,19,18,F,4,high,married,9,private,3007.0,66,485,1,1,0,606.0,0,0.35,10,0,1,1,0,0.0,0,0.0,57.0,57.0,1.0,1.0,0.0,1.0,2,6,0,865.431990895358
web,short_term,1083,21,4,26,0.27,0,71,17,43,F,2,college,single,1,private,5340.0,74,287,4,3,0,511.0,0,0.26,9,0,3,1,0,0.0,0,0.0,27.666666666666668,36.0,2.3333333333333335,4.0,0.6666666666666666,1.0,0,5,0,1057.7892177371646
web,installment,1905,90,0,20,0.51,0,53,39,23,F,2,middle,married,8,state,9509.0,44,173,1,3,1,528.0,2,0.53,8,2,3,3,0,0.0,0,0.0,38.666666666666664,46.0,2.0,4.0,0.6666666666666666,0.6666666666666666,21,5,0,978.7142564535473
app,installment,2901,60,3,21,0.24,0,95,44,26,M,3,college,single,8,self_employed,2021.0,62,474,3,3,1,708.0,0,0.35,5,2,3,3,0,0.0,1,0.6666666666666666,59.666666666666664,72.0,2.0,3.0,1.0,1.0,14,1,0,568.6935322916356
app,short_term,1351,30,10,16,0.12,0,56,63,41,M,4,college,single,0,state,5829.0,33,76,2,3,1,576.0,0,0.6,10,3,3,3,0,0.0,0,0.0,36.333333333333336,65.0,3.3333333333333335,4.0,1.0,1.0,14,4,0,972.4231359001192
app,short_term,3968,30,1,25,0.3,0,46,37,43,F,2,graduate,married,7,unemployed,5588.0,78,207,1,1,1,639.0,1,0.09,6,0,1,1,0,0.0,0,0.0,50.0,50.0,1.0,1.0,1.0,1.0,17,0,0,1011.3494311280363
app,short_term,4783,7,10,9,0.54,0,44,30,33,F,2,middle,single,6,state,6269.0,55,140,5,1,0,674.0,0,0.05,5,4,1,1,0,0.0,0,0.0,55.0,55.0,1.0,1.0,1.0,0.0,13,1,0,679.7518747277819
app,short_term,966,21,10,26,0.16,0,58,12,37,F,2,high,married,3,unemployed,5010.0,72,289,5,2,0,564.0,0,0.31,4,2,2,2,0,0.0,0,0.0,36.0,41.0,2.5,3.0,1.0,1.0,0,5,0,838.3358855942313
app,installment,2182,90,1,21,0.52,0,53,40,24,M,2,middle,single,6,state,2691.0,33,82,4,3,1,630.0,0,0.16,1,2,3,2,0,0.0,0,0.0,34.666666666666664,47.0,1.3333333333333333,2.0,1.0,1.0,18,0,0,857.8196678162105
partner,installment,4610,180,3,27,0.07,0,73,43,38,M,2,high,single,9,self_employed,2475.0,113,216,3,3,1,671.0,1,0.67,4,0,3,3,0,0.0,0,0.0,61.0,82.0,1.6666666666666667,3.0,1.0,1.0,4,0,0,1081.7294313268708
app,installment,3374,180,5,31,0.59,0,62,38,24,M,3,middle,married,5,state,6938.0,12,471,2,2,0,654.0,0,0.57,10,1,2,1,0,0.0,0,0.0,12.5,25.0,2.5,4.0,1.0,1.0,4,6,0,1253.2309406756951
partner,installment,4044,120,2,34,0.05,0,33,55,48,F,3,high,married,7,unemployed,3072.0,75,88,5,3,1,547.0,0,0.43,7,0,3,3,0,0.0,0,0.0,39.666666666666664,63.0,2.0,3.0,1.0,0.6666666666666666,8,2,0,796.9181117568397
web,installment,2976,60,3,37,0.26,0,57,47,30,F,3,high,single,1,self_employed,5059.0,98,348,5,2,0,686.0,0,0.39,0,1,2,2,0,0.0,0,0.0,52.5,78.0,3.0,4.0,1.0,0.5,18,0,0,883.9160198239503
app,installment,4519,90,0,26,0.35,0,33,52,49,F,2,high,single,7,self_employed,4801.0,59,416,4,3,1,570.0,0,0.12,9,4,3,3,0,0.0,0,0.0,60.333333333333336,98.0,1.6666666666666667,2.0,1.0,1.0,9,2,0,683.0941082599733
app,short_term,2144,21,6,42,0.2,0,87,27,52,M,4,high,divorced,4,private,6799.0,75,132,4,2,0,658.0,0,0.42,10,0,2,2,0,0.0,0,0.0,36.5,52.0,2.0,3.0,0.5,0.5,13,6,0,1069.6674374751788
app,short_term,2135,14,3,13,0.14,0,54,37,32,F,4,graduate,single,8,state,3965.0,10,358,2,1,0,625.0,0,0.77,10,1,1,1,0,0.0,0,0.0,45.0,45.0,2.0,2.0,1.0,1.0,13,1,0,1138.6235319378538
app,installment,757,60,3,29,0.28,0,70,29,49,F,5,graduate,single,10,private,7116.0,10,420,3,3,0,643.0,0,0.14,2,2,3,2,0,0.0,0,0.0,48.333333333333336,75.0,2.6666666666666665,3.0,0.6666666666666666,0.3333333333333333,18,2,0,903.0319790883973
app,short_term,2106,30,6,19,0.16,1,68,2,32,F,2,high,single,3,private,7014.0,1,493,4,3,1,596.0,0,0.15,4,0,3,3,0,0.0,0,0.0,31.666666666666668,46.0,2.0,3.0,1.0,1.0,13,3,0,865.0960396144746
app,installment,3662,180,5,12,0.51,1,43,21,34,M,3,college,single,1,state,2517.0,95,144,1,1,1,519.0,0,0.53,4,1,1,1,0,0.0,0,0.0,43.0,43.0,2.0,2.0,1.0,1.0,23,0,0,691.3094395125743
partner,short_term,1630,21,5,21,0.29,0,41,0,37,M,4,high,single,1,private,2709.0,37,201,2,1,1,594.0,0,0.18,3,1,1,1,0,0.0,0,0.0,56.0,56.0,1.0,1.0,1.0,1.0,0,3,0,778.4665211789458
app,installment,2303,180,5,17,0.25,0,84,20,47,M,3,college,single,7,self_employed,3437.0,79,134,1,3,1,547.0,0,0.38,8,0,3,3,0,0.0,0,0.0,45.0,68.0,1.6666666666666667,3.0,1.0,0.6666666666666666,13,1,0,1050.8759581848035
web,short_term,3887,30,1,29,0.35,0,29,1,24,F,4,middle,single,0,self_employed,4934.0,46,144,3,1,0,566.0,0,0.29,6,1,1,1,0,0.0,0,0.0,29.0,29.0,2.0,2.0,1.0,1.0,15,0,0,516.01942475598
app,short_term,2303,7,2,3,0.29,0,50,58,53,F,4,middle,single,4,private,2169.0,102,64,1,1,0,501.0,0,0.57,7,1,1,1,0,0.0,0,0.0,49.0,49.0,1.0,1.0,1.0,0.0,2,6,0,510.7295605977039
app,installment,3298,180,8,6,0.23,0,54,28,25,F,2,middle,married,2,private,5181.0,68,395,3,1,1,652.0,0,0.38,3,0,1,1,0,0.0,0,0.0,35.0,35.0,1.0,1.0,0.0,1.0,5,5,0,1034.9364209304547
app,installment,2678,90,8,19,0.12,0,46,43,44,F,1,high,married,8,self_employed,2611.0,70,261,5,1,0,666.0,3,0.19,5,2,1,1,0,0.0,0,0.0,55.0,55.0,2.0,2.0,1.0,0.0,18,2,0,592.8302333756424
app,installment,1469,60,8,0,0.08,0,61,3,18,F,4,high,married,4,private,4178.0,17,398,1,1,1,613.0,0,0.39,0,0,1,1,0,0.0,0,0.0,48.0,48.0,1.0,1.0,1.0,0.0,8,4,0,1149.2421872328205
app,installment,3703,90,0,18,0.28,0,66,40,44,F,4,middle,married,1,self_employed,3941.0,103,280,2,2,1,581.0,0,0.07,2,2,2,2,0,0.0,0,0.0,25.0,43.0,1.5,2.0,1.0,0.5,2,1,0,1015.2015928522935
web,installment,545,90,1,14,0.57,0,64,26,51,F,4,college,single,8,self_employed,5115.0,78,115,1,1,0,663.0,0,0.11,6,0,1,1,0,0.0,0,0.0,51.0,51.0,4.0,4.0,1.0,1.0,9,1,0,1036.5271971354723
app,installment,3687,90,8,17,0.28,0,24,5,40,M,2,college,married,10,unemployed,2005.0,86,471,4,1,0,557.0,0,0.49,10,3,1,1,0,0.0,0,0.0,14.0,14.0,1.0,1.0,1.0,1.0,19,6,0,704.5277712265947
web,installment,3469,180,7,17,0.09,0,31,26,38,M,3,high,married,8,self_employed,5343.0,38,280,1,1,1,613.0,0,0.55,5,4,1,1,0,0.0,0,0.0,60.0,60.0,3.0,3.0,0.0,1.0,7,4,0,882.4092749333063
app,short_term,1624,7,2,11,0.18,0,18,25,46,M,3,college,married,6,self_employed,3849.0,102,293,1,2,1,715.0,0,0.36,0,1,2,2,0,0.0,0,0.0,19.0,28.0,1.0,1.0,1.0,1.0,6,3,0,855.0972936432922
app,short_term,1227,7,2,25,0.46,0,47,28,49,F,3,college,married,10,private,3507.0,16,56,5,3,0,633.0,0,0.52,10,0,3,3,0,0.0,0,0.0,33.0,40.0,3.0,4.0,1.0,1.0,16,4,0,1033.0347532761384
web,short_term,2631,21,3,34,0.13,0,62,20,39,M,4,high,married,5,private,3441.0,74,169,4,1,1,645.0,0,0.64,10,0,1,1,0,0.0,1,1.0,50.0,50.0,1.0,1.0,1.0,1.0,4,5,0,1663.4201489505072
app,installment,4729,60,1,11,0.37,0,48,14,35,F,3,college,single,8,self_employed,2016.0,73,280,4,3,0,680.0,0,0.31,2,0,3,3,0,0.0,0,0.0,51.0,62.0,2.0,2.0,1.0,0.6666666666666666,21,1,0,842.3496203588211
app,short_term,3685,14,6,0,0.25,0,38,19,24,F,3,college,married,8,private,2051.0,79,119,1,1,0,536.0,0,0.49,4,1,1,1,0,0.0,0,0.0,46.0,46.0,2.0,2.0,1.0,1.0,19,3,0,694.0766965974342
partner,installment,3056,60,4,17,0.46,0,53,25,35,M,5,college,single,2,self_employed,2751.0,41,454,3,3,1,594.0,2,0.16,9,0,3,3,0,0.0,1,0.3333333333333333,52.666666666666664,58.0,2.0,3.0,1.0,1.0,12,1,0,693.932173558692
app,installment,2646,90,6,21,0.33,1,64,28,19,M,5,college,married,0,state,4599.0,49,99,5,1,1,733.0,0,0.33,1,1,1,1,0,0.0,0,0.0,32.0,32.0,1.0,1.0,1.0,1.0,22,0,0,919.0134277680035
app,installment,4325,60,4,19,0.08,0,10,27,22,M,4,high,married,8,self_employed,2986.0,8,323,3,3,1,601.0,0,0.17,5,2,3,3,0,0.0,0,0.0,38.0,41.0,1.6666666666666667,2.0,0.6666666666666666,0.6666666666666666,14,3,0,742.3200366337209
web,short_term,2821,21,0,31,0.19,0,79,29,51,F,4,college,married,0,self_employed,5235.0,29,143,1,3,1,554.0,0,0.43,8,0,3,3,0,0.0,0,0.0,42.0,67.0,1.3333333333333333,2.0,1.0,0.6666666666666666,6,3,0,877.827403024151
app,installment,3918,180,7,21,0.42,0,27,27,53,F,4,high,single,8,private,6346.0,102,346,1,2,0,609.0,0,0.06,8,0,2,2,0,0.0,1,0.5,48.5,52.0,4.0,4.0,1.0,0.5,11,6,0,971.280457042326
app,installment,4247,120,10,15,0.33,0,82,40,43,M,4,high,single,4,self_employed,3657.0,88,447,4,3,0,648.0,1,0.32,4,2,3,3,0,0.0,0,0.0,23.666666666666668,50.0,1.0,1.0,1.0,0.6666666666666666,14,4,0,643.2896744031095
web,short_term,2397,21,6,19,0.22,1,64,20,40,M,4,graduate,single,2,private,4085.0,1,298,4,2,1,635.0,0,0.12,10,0,2,1,0,0.0,0,0.0,49.0,63.0,1.0,1.0,1.0,0.5,4,4,0,1679.7126710720033
app,short_term,881,7,5,25,0.15,0,79,13,45,F,2,high,single,0,self_employed,3331.0,117,140,4,3,0,499.0,0,0.15,4,0,3,3,0,0.0,1,0.3333333333333333,31.333333333333332,43.0,2.3333333333333335,3.0,1.0,1.0,14,2,0,895.0194577757194
app,installment,3680,90,2,30,0.21,0,46,15,37,M,3,middle,single,0,private,3138.0,95,427,3,3,0,592.0,0,0.36,7,1,3,2,0,0.0,1,0.3333333333333333,50.0,76.0,1.3333333333333333,2.0,1.0,1.0,18,6,0,797.5051114103733
app,installment,3385,60,3,13,0.18,0,70,44,28,M,1,college,single,5,state,4098.0,72,53,4,2,0,625.0,0,0.22,3,3,2,2,1,0.5,0,0.0,19.5,33.0,1.5,2.0,1.0,1.0,19,0,0,892.8998433342119
web,installment,1358,60,7,27,0.1,0,78,46,31,M,5,college,married,5,private,3145.0,106,419,3,3,0,721.0,0,0.52,10,0,3,3,0,0.0,1,0.3333333333333333,55.666666666666664,61.0,2.3333333333333335,4.0,1.0,1.0,2,2,0,983.0905528384533
partner,installment,3188,180,6,25,0.31,0,36,9,42,M,3,high,single,2,self_employed,4527.0,34,148,4,3,1,652.0,0,0.58,10,0,3,3,0,0.0,0,0.0,27.0,42.0,1.6666666666666667,3.0,1.0,0.6666666666666666,2,5,0,1339.5312276707778
web,installment,2011,180,6,1,0.33,0,63,43,34,M,3,high,single,9,private,4159.0,97,132,2,1,0,649.0,2,0.19,0,0,1,1,0,0.0,0,0.0,48.0,48.0,1.0,1.0,1.0,0.0,13,3,0,937.7609749959136
app,installment,1871,180,7,9,0.25,0,72,51,29,F,4,college,single,7,state,3754.0,46,312,4,3,0,698.0,1,0.3,8,0,3,3,0,0.0,0,0.0,37.0,38.0,3.0,4.0,1.0,1.0,1,3,0,826.0231827230232
app,installment,1361,60,7,7,0.1,0,73,23,25,F,2,high,single,3,state,4376.0,114,140,3,3,0,503.0,0,0.12,8,0,3,2,0,0.0,0,0.0,46.666666666666664,69.0,1.0,1.0,1.0,0.6666666666666666,22,6,0,978.7934931157413
app,short_term,1927,7,9,17,0.26,0,41,56,36,M,3,high,divorced,3,self_employed,3185.0,106,137,1,3,0,595.0,0,0.44,2,2,3,3,0,0.0,0,0.0,30.0,60.0,1.0,1.0,1.0,0.0,4,5,0,873.2102590189903
partner,short_term,3559,30,2,11,0.38,0,39,39,34,M,2,graduate,single,6,self_employed,2973.0,74,131,3,1,0,506.0,0,0.19,0,0,1,1,0,0.0,0,0.0,26.0,26.0,1.0,1.0,1.0,1.0,16,5,0,872.5250107621906
partner,installment,3611,90,6,20,0.77,0,69,26,34,M,3,college,single,4,unemployed,2561.0,120,458,5,1,0,593.0,0,0.27,8,0,1,1,0,0.0,0,0.0,77.0,77.0,1.0,1.0,1.0,1.0,22,6,0,847.0647705115381
partner,installment,4155,180,4,17,0.19,0,70,42,23,F,1,high,single,2,state,1500.0,94,397,4,1,0,729.0,0,0.4,8,0,1,1,0,0.0,0,0.0,40.0,40.0,2.0,2.0,1.0,1.0,22,6,0,763.2428083273255
app,short_term,4965,30,1,15,0.16,0,70,33,37,M,5,college,married,4,private,4130.0,101,456,4,3,0,715.0,0,0.45,3,0,3,3,0,0.0,0,0.0,38.0,68.0,1.0,1.0,1.0,0.6666666666666666,0,5,0,901.0758542575994
app,short_term,1402,7,4,16,0.16,0,40,26,51,F,1,college,married,9,self_employed,3886.0,29,384,5,1,0,550.0,0,0.27,4,0,1,1,0,0.0,0,0.0,57.0,57.0,1.0,1.0,1.0,0.0,8,4,0,918.3429846487704
app,short_term,2313,7,5,10,0.42,0,66,40,28,F,3,high,single,6,private,4349.0,66,200,5,2,1,569.0,0,0.43,0,0,2,2,0,0.0,1,0.5,58.0,66.0,2.0,2.0,1.0,1.0,22,4,0,957.7087239890036
partner,short_term,4758,7,0,18,0.3,0,61,15,41,M,5,high,married,9,private,3306.0,44,95,3,3,0,636.0,0,0.35,1,0,3,1,0,0.0,0,0.0,48.333333333333336,57.0,1.3333333333333333,2.0,1.0,1.0,8,2,0,836.1521278599448
app,short_term,2403,30,3,21,0.35,0,86,37,31,F,1,middle,married,5,private,4622.0,1,109,2,3,0,539.0,0,0.31,5,0,3,2,0,0.0,0,0.0,37.0,45.0,1.3333333333333333,2.0,1.0,0.6666666666666666,22,5,0,791.2753724021153
app,short_term,3598,7,3,28,0.1,0,74,44,29,M,4,graduate,single,6,private,4867.0,75,489,1,3,1,742.0,0,0.46,8,2,3,3,0,0.0,0,0.0,29.666666666666668,40.0,2.3333333333333335,3.0,1.0,1.0,11,1,0,856.213405235841
app,installment,3440,90,5,4,0.44,0,60,19,29,M,2,high,single,0,private,2842.0,96,471,1,2,0,527.0,0,0.29,3,0,2,1,0,0.0,1,0.5,52.5,57.0,1.0,1.0,1.0,1.0,21,5,0,892.011334452968
app,short_term,1226,14,5,8,0.27,0,26,29,30,F,4,middle,married,2,state,3511.0,88,338,1,1,1,588.0,0,0.41,1,3,1,1,0,0.0,0,0.0,41.0,41.0,2.0,2.0,1.0,0.0,1,3,0,589.1873103387506
app,short_term,3310,14,7,5,0.34,0,40,27,26,F,2,high,single,7,private,2685.0,102,231,4,1,0,653.0,0,0.24,10,0,1,1,0,0.0,0,0.0,24.0,24.0,1.0,1.0,1.0,1.0,8,6,0,954.5935272540489
app,installment,3434,60,8,11,0.18,0,56,34,28,F,2,college,single,1,private,2566.0,20,303,3,3,0,529.0,0,0.52,1,2,3,2,0,0.0,0,0.0,46.666666666666664,64.0,1.6666666666666667,2.0,0.6666666666666666,0.3333333333333333,21,2,0,854.8964506856425
app,short_term,1361,30,3,9,0.42,0,77,36,30,M,2,middle,married,8,private,4380.0,28,202,4,2,1,515.0,3,0.13,8,1,2,2,0,0.0,0,0.0,34.0,51.0,1.5,2.0,0.5,0.5,11,1,0,833.5428453049776
partner,installment,4088,120,0,17,0.2,0,25,33,29,F,2,college,single,9,unemployed,6294.0,79,404,3,2,1,752.0,0,0.18,9,0,2,2,0,0.0,0,0.0,43.0,44.0,1.0,1.0,1.0,0.5,21,2,0,953.5351102813183
partner,short_term,4692,30,4,19,0.03,0,79,27,29,M,4,middle,married,8,private,3751.0,23,478,1,1,0,611.0,0,0.67,8,0,1,1,0,0.0,0,0.0,43.0,43.0,3.0,3.0,1.0,1.0,0,3,0,719.2869500003148
app,short_term,2006,14,2,19,0.25,0,80,31,41,F,2,middle,single,1,self_employed,5580.0,77,296,1,3,0,600.0,0,0.2,8,0,3,3,0,0.0,0,0.0,15.666666666666666,33.0,1.3333333333333333,2.0,1.0,0.6666666666666666,1,3,0,1111.9695987922505
app,installment,2721,60,0,23,0.51,1,55,24,27,M,2,graduate,married,0,unemployed,2178.0,2,189,2,2,0,625.0,2,0.15,8,0,2,2,0,0.0,1,0.5,48.0,49.0,2.0,3.0,1.0,0.5,18,3,0,883.2519237038296
app,short_term,4585,7,2,16,0.06,0,85,25,38,M,4,middle,single,4,self_employed,1633.0,63,400,1,3,0,508.0,0,0.45,4,0,3,2,0,0.0,0,0.0,54.333333333333336,79.0,2.3333333333333335,4.0,1.0,1.0,13,2,0,502.349350309045
partner,installment,1822,120,5,55,0.26,0,66,32,33,F,2,high,single,5,unemployed,3316.0,48,472,1,3,0,569.0,0,0.16,4,1,3,2,0,0.0,0,0.0,39.0,48.0,2.3333333333333335,4.0,1.0,1.0,19,1,0,1112.0867653070325
app,short_term,597,7,8,15,0.18,0,33,52,39,M,3,graduate,single,10,private,6095.0,95,146,3,3,0,679.0,0,0.39,5,3,3,3,0,0.0,0,0.0,48.666666666666664,55.0,2.0,4.0,1.0,1.0,2,6,0,850.5281388357107
app,installment,958,90,0,40,0.31,0,47,35,49,M,3,college,single,6,private,3872.0,47,387,1,1,0,631.0,0,0.36,5,1,1,1,0,0.0,1,1.0,25.0,25.0,2.0,2.0,1.0,1.0,0,6,0,839.3515013748158
app,installment,2381,60,8,11,0.22,1,52,40,46,M,2,high,single,2,self_employed,4953.0,1,314,1,2,0,620.0,1,0.07,9,0,2,2,0,0.0,0,0.0,41.5,43.0,2.0,3.0,1.0,1.0,18,2,0,973.4773787097458
web,installment,544,60,7,0,0.48,0,59,27,53,F,4,college,single,10,private,3522.0,6,167,3,2,0,459.0,0,0.12,0,1,2,2,0,0.0,0,0.0,35.0,37.0,1.5,2.0,1.0,1.0,18,3,0,914.524739938434
app,installment,4210,180,7,9,0.27,0,89,28,41,M,3,high,married,7,private,4016.0,24,295,3,2,0,578.0,0,0.32,5,2,2,2,0,0.0,0,0.0,24.0,24.0,1.5,2.0,1.0,1.0,2,0,0,1115.3038781373323
app,short_term,1737,7,2,19,0.39,0,61,15,22,M,3,middle,married,2,private,7005.0,24,314,2,1,0,657.0,0,0.12,4,0,1,1,0,0.0,0,0.0,29.0,29.0,2.0,2.0,1.0,1.0,10,2,0,1085.197145314578
app,installment,3718,60,1,9,0.22,0,51,40,28,M,4,high,married,2,unemployed,2845.0,7,140,3,1,1,605.0,0,0.15,5,2,1,1,0,0.0,0,0.0,92.0,92.0,4.0,4.0,1.0,1.0,15,5,0,739.1412137268062
app,short_term,4495,14,5,24,0.47,1,54,44,34,M,4,graduate,single,5,private,4346.0,89,360,1,2,0,602.0,2,0.19,6,1,2,2,0,0.0,0,0.0,47.5,52.0,2.5,4.0,1.0,0.5,13,2,0,620.9682008247646
app,short_term,513,21,6,13,0.01,0,75,44,43,M,2,college,married,8,private,4598.0,15,159,1,1,0,672.0,0,0.45,0,0,1,1,0,0.0,0,0.0,43.0,43.0,1.0,1.0,1.0,1.0,2,5,0,1127.2163982343504
partner,installment,4735,180,7,33,0.12,1,76,54,43,M,5,middle,married,7,private,2699.0,106,196,5,2,1,721.0,0,0.33,10,0,2,2,0,0.0,0,0.0,21.5,27.0,3.0,5.0,1.0,1.0,4,3,0,1201.1104309638197
web,short_term,2927,21,3,18,0.29,0,31,37,27,F,4,middle,married,3,private,1970.0,95,360,4,1,1,581.0,0,0.06,8,0,1,1,0,0.0,0,0.0,55.0,55.0,2.0,2.0,1.0,1.0,23,0,0,776.4236651323678
app,installment,559,90,6,20,0.35,0,48,42,28,M,5,middle,married,7,unemployed,4055.0,96,149,3,3,1,531.0,0,0.61,9,0,3,3,0,0.0,0,0.0,47.0,59.0,2.0,2.0,1.0,0.6666666666666666,1,0,0,1046.049461866266
app,short_term,555,14,6,21,0.24,1,74,19,37,F,3,high,divorced,6,private,2152.0,36,224,5,2,0,618.0,1,0.24,1,2,2,1,0,0.0,0,0.0,59.5,73.0,1.5,2.0,1.0,1.0,8,1,0,766.5215950256915
app,short_term,2433,21,4,21,0.02,0,57,17,41,M,5,high,married,9,private,3306.0,44,95,3,3,0,636.0,0,0.35,1,0,3,1,0,0.0,0,0.0,48.333333333333336,57.0,1.3333333333333333,2.0,1.0,1.0,22,4,0,1101.5169410312376
app,short_term,1326,30,2,23,0.11,0,63,18,27,M,3,middle,single,7,unemployed,6288.0,41,407,3,1,1,518.0,0,0.51,10,1,1,1,0,0.0,0,0.0,30.0,30.0,5.0,5.0,1.0,1.0,20,5,0,1092.82583262785
app,short_term,2979,14,10,22,0.1,0,66,46,53,M,4,high,married,6,private,4358.0,40,462,4,1,1,596.0,1,0.15,7,0,1,1,0,0.0,0,0.0,54.0,54.0,2.0,2.0,1.0,1.0,14,2,0,768.5790421523845
app,short_term,1214,21,5,25,0.49,0,54,19,46,M,4,college,single,7,private,5700.0,49,299,2,1,1,712.0,0,0.31,3,2,1,1,0,0.0,1,1.0,63.0,63.0,1.0,1.0,1.0,1.0,3,1,0,1176.9251987565508
app,installment,671,180,4,16,0.28,1,67,63,38,F,4,middle,divorced,1,private,6263.0,82,356,1,3,0,635.0,0,0.38,1,1,3,2,0,0.0,0,0.0,46.333333333333336,62.0,1.3333333333333333,2.0,1.0,0.6666666666666666,22,2,0,964.487388268373
app,short_term,4450,14,6,0,0.31,1,53,16,43,F,4,graduate,married,3,state,2890.0,91,305,2,2,1,404.0,0,0.45,9,1,2,2,0,0.0,1,0.5,42.5,44.0,2.5,3.0,1.0,1.0,9,5,1,358.4337933773633
app,installment,2219,120,4,23,0.3,0,74,40,46,F,4,high,single,4,private,2703.0,15,206,3,1,0,774.0,0,0.4,6,0,1,1,0,0.0,0,0.0,17.0,17.0,1.0,1.0,0.0,1.0,11,0,0,811.4027862132116
app,short_term,1154,14,0,34,0.23,0,77,63,38,M,1,college,married,9,unemployed,2899.0,13,474,1,1,1,570.0,0,0.2,2,0,1,1,0,0.0,1,1.0,21.0,21.0,1.0,1.0,1.0,1.0,6,5,0,885.5675333739207
app,short_term,3514,14,6,22,0.51,0,54,19,43,F,2,graduate,married,7,unemployed,5588.0,78,207,1,1,1,639.0,1,0.09,6,0,1,1,0,0.0,0,0.0,50.0,50.0,1.0,1.0,1.0,1.0,23,5,0,1195.3106789294388
web,short_term,870,7,2,16,0.28,0,84,39,27,F,4,college,married,10,private,3581.0,93,318,1,3,0,592.0,0,0.44,4,0,3,3,0,0.0,0,0.0,35.666666666666664,60.0,3.0,4.0,1.0,1.0,0,0,0,685.9862254743999
app,installment,4399,60,3,23,0.2,0,50,28,41,M,4,college,single,0,state,5829.0,33,76,2,3,1,576.0,0,0.6,10,3,3,3,0,0.0,0,0.0,36.333333333333336,65.0,3.3333333333333335,4.0,1.0,1.0,15,6,0,925.8918673010869
app,installment,2462,120,3,12,0.6,0,58,42,24,F,3,college,married,3,private,3108.0,42,499,2,2,1,578.0,0,0.6,5,0,2,2,0,0.0,0,0.0,52.5,76.0,3.0,4.0,1.0,1.0,22,6,0,950.7949700670188
web,installment,3525,90,1,32,0.21,0,72,40,27,M,3,college,single,3,private,2984.0,113,240,3,1,0,719.0,0,0.21,0,1,1,1,0,0.0,0,0.0,65.0,65.0,2.0,2.0,1.0,1.0,18,1,0,960.5559154675759
partner,installment,2647,90,2,25,0.39,0,67,34,29,F,2,college,married,3,self_employed,4094.0,97,302,1,1,1,587.0,0,0.68,5,1,1,1,0,0.0,0,0.0,27.0,27.0,1.0,1.0,1.0,1.0,13,5,0,1072.3754450301496
app,short_term,828,14,5,19,0.34,1,60,47,38,F,5,high,single,9,self_employed,4078.0,86,164,3,3,0,534.0,0,0.52,3,2,3,2,0,0.0,0,0.0,32.333333333333336,50.0,1.6666666666666667,3.0,1.0,1.0,18,5,0,1178.9277756615388
app,short_term,3668,21,5,24,0.38,0,95,51,27,M,1,middle,divorced,5,private,3075.0,96,367,3,1,0,668.0,0,0.37,10,3,1,1,0,0.0,0,0.0,43.0,43.0,1.0,1.0,1.0,1.0,15,4,0,657.7817238968896
app,short_term,1122,7,8,9,0.55,0,32,27,42,M,4,high,single,10,self_employed,3773.0,72,228,5,1,0,565.0,1,0.42,3,3,1,1,0,0.0,0,0.0,49.0,49.0,1.0,1.0,0.0,1.0,6,5,0,721.3813731734017
partner,short_term,1933,30,4,16,0.05,0,101,44,39,F,5,college,married,4,unemployed,2193.0,3,372,5,2,1,671.0,0,0.1,3,2,2,2,0,0.0,0,0.0,15.0,19.0,1.0,1.0,1.0,1.0,8,1,0,624.8038122820717
web,short_term,3864,21,5,19,0.21,0,60,0,39,M,3,high,divorced,10,state,3562.0,64,366,3,1,0,647.0,0,0.33,9,0,1,1,0,0.0,0,0.0,62.0,62.0,1.0,1.0,1.0,1.0,22,5,0,966.7752030226004
partner,short_term,1109,14,0,12,0.37,0,37,41,28,F,3,high,single,2,private,3322.0,45,143,5,3,1,695.0,1,0.51,6,1,3,2,0,0.0,0,0.0,49.0,55.0,2.3333333333333335,4.0,1.0,0.6666666666666666,20,3,0,769.6704096348082
app,short_term,1640,21,3,28,0.34,0,65,37,52,M,2,college,single,2,self_employed,4575.0,46,260,2,3,0,681.0,1,0.23,2,1,3,2,1,0.3333333333333333,0,0.0,32.666666666666664,71.0,2.0,3.0,1.0,0.6666666666666666,3,3,0,1066.4037989224726
app,short_term,4808,30,4,26,0.19,0,41,18,40,M,1,college,single,7,private,4319.0,41,255,4,2,0,492.0,0,0.09,4,0,2,2,0,0.0,0,0.0,16.5,21.0,1.0,1.0,1.0,1.0,21,0,0,719.7468538773923
app,short_term,3104,14,6,26,0.61,0,61,45,28,F,3,college,single,9,state,4966.0,71,393,4,3,1,615.0,0,0.18,4,1,3,3,0,0.0,0,0.0,47.333333333333336,52.0,1.3333333333333333,2.0,1.0,0.0,22,5,0,928.0628640721783
app,installment,4047,180,4,11,0.28,0,65,16,21,F,4,middle,single,0,self_employed,5251.0,101,285,3,1,0,475.0,0,0.3,3,1,1,1,0,0.0,0,0.0,70.0,70.0,4.0,4.0,1.0,1.0,22,5,0,797.0464654767878
app,installment,3639,90,0,13,0.3,0,34,35,44,F,4,middle,married,2,state,5175.0,48,161,1,2,0,522.0,0,0.69,3,0,2,2,0,0.0,0,0.0,30.5,43.0,1.0,1.0,1.0,1.0,3,6,0,880.7989780441958
app,installment,3102,90,5,37,0.4,0,76,27,38,M,2,high,married,3,state,5493.0,1,268,5,1,0,616.0,0,0.43,0,0,1,1,0,0.0,0,0.0,64.0,64.0,3.0,3.0,1.0,1.0,15,6,0,986.1558428918127
app,short_term,4186,21,6,26,0.23,1,28,39,48,F,4,high,married,6,state,2989.0,106,281,3,1,0,510.0,0,0.06,1,0,1,1,0,0.0,0,0.0,27.0,27.0,3.0,3.0,1.0,1.0,12,6,0,730.5191018558716
app,installment,3280,60,4,26,0.25,0,50,8,54,M,2,high,single,3,self_employed,3763.0,2,216,2,1,1,428.0,0,0.46,0,0,1,1,0,0.0,0,0.0,21.0,21.0,1.0,1.0,1.0,1.0,5,0,0,786.9710780321236
app,installment,4468,120,2,0,0.13,0,87,34,25,M,5,college,single,10,private,1532.0,31,86,3,1,1,613.0,0,0.74,10,2,1,1,0,0.0,0,0.0,6.0,6.0,1.0,1.0,1.0,1.0,22,6,0,963.5412539141919
app,short_term,3634,21,2,9,0.58,0,63,15,30,M,5,high,married,9,private,6202.0,102,354,2,3,0,614.0,2,0.13,5,1,3,2,0,0.0,0,0.0,35.666666666666664,55.0,1.6666666666666667,2.0,1.0,0.6666666666666666,8,2,0,778.3817126150236
web,installment,4842,60,2,11,0.45,0,56,36,30,F,4,college,married,8,private,2464.0,105,221,1,1,0,532.0,0,0.22,3,0,1,1,0,0.0,0,0.0,59.0,59.0,2.0,2.0,1.0,1.0,9,5,0,768.6596084908784
app,installment,2119,180,5,35,0.62,0,84,66,54,F,2,college,married,8,private,1871.0,61,93,3,2,0,657.0,0,0.52,9,1,2,2,0,0.0,0,0.0,46.0,71.0,1.0,1.0,0.5,1.0,7,2,0,855.7383343231744
partner,short_term,1862,7,6,9,0.43,0,39,53,45,F,5,college,married,3,private,3662.0,3,102,4,3,0,570.0,0,0.16,7,2,3,2,0,0.0,1,0.3333333333333333,56.0,68.0,3.0,4.0,0.6666666666666666,1.0,21,6,0,798.1924852448093
app,installment,2765,60,3,23,0.43,0,69,48,35,F,5,college,married,0,private,4430.0,2,474,1,3,1,657.0,0,0.48,8,3,3,2,0,0.0,0,0.0,38.666666666666664,63.0,1.3333333333333333,2.0,1.0,1.0,4,5,0,984.2691587936356
partner,installment,559,60,5,43,0.21,0,41,31,27,F,1,graduate,single,3,private,7222.0,23,347,5,3,0,639.0,0,0.11,5,0,3,3,0,0.0,1,0.3333333333333333,31.0,49.0,3.0,5.0,1.0,0.6666666666666666,19,3,0,867.0904987196568
app,short_term,1284,30,0,5,0.28,0,56,40,54,F,2,high,married,7,state,5639.0,77,92,2,1,0,499.0,0,0.29,6,0,1,1,0,0.0,0,0.0,57.0,57.0,2.0,2.0,0.0,1.0,0,3,0,991.2995822728001
web,installment,4456,180,3,13,0.33,0,45,39,34,M,4,high,divorced,2,private,5209.0,101,481,5,2,0,739.0,0,0.09,5,0,2,2,0,0.0,0,0.0,38.0,59.0,2.0,3.0,1.0,0.5,2,3,0,721.5709988882297
web,short_term,1673,14,4,29,0.29,0,62,24,37,M,2,graduate,married,0,self_employed,4720.0,89,454,4,1,0,675.0,0,0.5,3,0,1,1,0,0.0,0,0.0,34.0,34.0,1.0,1.0,1.0,0.0,6,0,0,1014.0249896886652
app,installment,4562,90,5,19,0.2,0,55,29,38,F,3,middle,married,8,private,4516.0,50,308,4,3,0,442.0,0,0.29,1,0,3,3,0,0.0,0,0.0,42.0,62.0,1.0,1.0,0.6666666666666666,0.6666666666666666,1,3,0,710.2650078369286
web,short_term,585,21,5,12,0.22,0,74,39,21,F,2,college,single,6,private,3015.0,89,453,2,3,1,578.0,1,0.34,7,3,3,3,0,0.0,0,0.0,60.333333333333336,65.0,2.6666666666666665,5.0,0.6666666666666666,0.6666666666666666,20,5,0,732.5026209839536
web,short_term,2608,21,2,18,0.46,0,74,32,35,M,1,college,divorced,6,unemployed,1997.0,1,287,5,2,1,485.0,0,0.17,5,2,2,1,0,0.0,0,0.0,43.0,62.0,1.0,1.0,1.0,0.5,10,4,0,672.2327174031067
app,short_term,2800,21,7,37,0.19,0,49,9,37,F,3,middle,single,2,self_employed,2117.0,32,490,5,2,0,661.0,0,0.27,10,0,2,2,0,0.0,0,0.0,40.5,67.0,1.0,1.0,1.0,0.5,10,0,0,1156.459308495715
app,short_term,3347,7,2,23,0.22,1,46,37,51,F,1,high,single,3,private,4489.0,22,106,2,1,0,669.0,0,0.33,0,1,1,1,0,0.0,0,0.0,38.0,38.0,3.0,3.0,0.0,1.0,6,0,0,707.7143329749035
app,short_term,1889,30,3,35,0.35,1,84,35,43,F,1,high,single,5,private,4074.0,95,336,2,3,1,561.0,0,0.31,6,0,3,3,0,0.0,0,0.0,34.666666666666664,50.0,2.0,3.0,1.0,0.6666666666666666,13,1,0,969.0891889753048
app,short_term,1556,30,7,9,0.11,0,28,33,24,M,3,high,married,8,self_employed,2498.0,48,379,2,1,1,625.0,0,0.62,9,0,1,1,0,0.0,1,1.0,28.0,28.0,1.0,1.0,1.0,1.0,1,0,0,814.4912415716356
app,installment,3761,60,2,19,0.33,0,82,18,46,F,5,middle,single,8,self_employed,5301.0,85,72,5,2,1,523.0,0,0.29,0,0,2,2,0,0.0,0,0.0,26.5,29.0,1.0,1.0,1.0,1.0,8,3,0,879.710855155448
app,installment,2660,180,10,33,0.21,0,42,37,30,M,2,high,single,5,private,1701.0,100,106,4,2,0,736.0,0,0.35,0,0,2,2,0,0.0,0,0.0,31.0,31.0,1.5,2.0,1.0,0.5,12,5,0,1234.666547056053
app,installment,990,180,5,12,0.37,0,49,36,41,M,2,college,single,3,private,3848.0,95,69,5,3,1,677.0,0,0.05,3,1,3,2,0,0.0,0,0.0,46.666666666666664,74.0,2.3333333333333335,4.0,1.0,0.6666666666666666,19,3,0,839.5054398730281
app,installment,3970,60,4,30,0.04,0,51,38,40,M,2,college,married,3,private,5426.0,44,139,2,2,1,583.0,0,0.67,9,1,2,2,0,0.0,1,0.5,52.5,54.0,1.5,2.0,1.0,0.5,19,0,0,1048.4577169225167
web,short_term,1332,30,5,35,0.05,0,77,13,45,M,3,college,single,8,private,4210.0,68,66,4,1,1,479.0,0,0.12,0,2,1,1,0,0.0,0,0.0,47.0,47.0,1.0,1.0,1.0,1.0,12,4,0,945.6951171811606
app,installment,2775,180,4,27,0.34,0,39,40,42,M,5,high,married,6,private,4351.0,86,340,5,2,1,569.0,1,0.2,8,0,2,2,0,0.0,0,0.0,46.0,58.0,1.0,1.0,1.0,1.0,13,4,0,735.4426027444392
app,short_term,1182,14,0,34,0.35,0,40,31,20,M,1,graduate,single,0,state,4016.0,50,142,1,2,0,629.0,0,0.62,1,0,2,2,0,0.0,0,0.0,54.0,71.0,1.5,2.0,1.0,1.0,9,3,0,1050.994575145785
partner,installment,3330,180,2,7,0.55,0,49,51,41,F,2,college,married,1,self_employed,3229.0,27,377,5,3,1,537.0,0,0.21,10,3,3,2,0,0.0,0,0.0,55.0,66.0,2.6666666666666665,5.0,1.0,1.0,12,6,0,901.3216930193616
web,short_term,1538,30,8,30,0.28,0,53,52,44,F,3,graduate,single,5,state,2647.0,107,292,2,2,1,574.0,0,0.3,4,0,2,2,1,0.5,0,0.0,36.5,50.0,3.0,4.0,1.0,0.5,4,0,0,929.9859720899774
app,short_term,1096,14,3,32,0.39,1,10,49,25,M,3,graduate,married,5,self_employed,4190.0,106,270,3,2,0,602.0,0,0.03,0,1,2,2,0,0.0,0,0.0,30.5,35.0,3.0,4.0,1.0,1.0,17,0,0,1052.009568662915
app,short_term,3718,14,7,26,0.42,0,106,27,38,M,1,college,married,9,unemployed,2899.0,13,474,1,1,1,570.0,0,0.2,2,0,1,1,0,0.0,1,1.0,21.0,21.0,1.0,1.0,1.0,1.0,6,0,0,740.6044678846717
app,installment,4810,120,5,25,0.25,0,48,35,49,M,3,middle,divorced,8,self_employed,5586.0,21,134,4,3,0,680.0,0,0.52,9,3,3,3,0,0.0,0,0.0,37.333333333333336,53.0,1.3333333333333333,2.0,1.0,0.6666666666666666,8,2,0,765.2512895297295
app,short_term,1040,7,6,18,0.1,0,71,59,40,M,4,college,single,9,private,3007.0,46,487,2,3,1,565.0,2,0.68,2,0,3,3,1,0.3333333333333333,0,0.0,34.333333333333336,54.0,3.0,4.0,1.0,1.0,18,4,0,809.110636612199
web,installment,3617,120,1,13,0.33,0,28,34,29,F,3,high,single,8,private,2374.0,116,343,3,2,1,618.0,1,0.59,5,0,2,2,0,0.0,0,0.0,22.0,36.0,1.0,1.0,1.0,1.0,21,1,0,801.882783664881
app,short_term,1710,30,5,23,0.3,1,43,33,34,M,4,middle,married,6,self_employed,2789.0,42,185,4,2,0,644.0,0,0.16,7,1,2,2,0,0.0,0,0.0,55.5,90.0,2.0,3.0,1.0,1.0,17,1,0,788.3041405778928
app,installment,1415,60,4,14,0.14,0,56,8,46,M,4,middle,single,5,private,3576.0,69,450,4,2,1,598.0,0,0.31,7,1,2,2,0,0.0,0,0.0,45.0,54.0,2.0,3.0,1.0,0.5,20,6,0,755.0362007590005
app,installment,1671,180,10,15,0.08,0,63,45,28,M,2,graduate,married,4,private,3435.0,23,468,5,1,0,582.0,0,0.34,8,1,1,1,0,0.0,0,0.0,60.0,60.0,1.0,1.0,1.0,1.0,8,5,0,1062.5493161227987
app,installment,1073,60,3,32,0.05,0,55,17,18,M,3,college,single,2,self_employed,2306.0,83,353,1,2,0,689.0,0,0.3,8,2,2,2,0,0.0,0,0.0,33.5,34.0,1.5,2.0,1.0,0.5,0,3,0,842.008968632689
web,short_term,3716,30,4,15,0.09,0,106,16,43,F,2,college,divorced,0,self_employed,2463.0,100,229,3,1,1,770.0,0,0.2,2,0,1,1,0,0.0,0,0.0,46.0,46.0,3.0,3.0,1.0,0.0,2,0,0,689.1315258121981
app,installment,3384,180,5,22,0.14,0,73,58,19,F,5,college,married,10,state,4317.0,97,54,5,2,0,608.0,0,0.04,1,0,2,1,0,0.0,0,0.0,28.0,56.0,1.0,1.0,0.5,0.5,19,0,0,944.8812313553101
app,short_term,1109,7,3,24,0.01,0,80,45,30,M,3,high,single,3,private,7648.0,32,352,5,3,1,629.0,3,0.18,7,0,3,2,0,0.0,0,0.0,37.333333333333336,68.0,2.3333333333333335,3.0,1.0,1.0,10,3,0,543.1532330014473
app,short_term,4277,30,7,31,0.47,0,41,3,53,F,4,high,single,4,unemployed,3452.0,54,494,4,3,0,476.0,0,0.49,10,2,3,2,0,0.0,0,0.0,31.333333333333332,38.0,3.3333333333333335,4.0,0.6666666666666666,0.6666666666666666,20,4,0,909.4584840972706
web,short_term,1635,14,0,28,0.14,0,35,28,39,M,2,high,married,9,private,3550.0,57,371,1,3,0,732.0,1,0.38,4,0,3,3,0,0.0,1,0.3333333333333333,40.333333333333336,68.0,1.0,1.0,1.0,1.0,0,5,0,902.6467374102435
web,short_term,3394,14,0,27,0.4,0,88,33,32,M,2,college,married,5,unemployed,4149.0,32,457,5,3,1,638.0,0,0.19,9,1,3,3,0,0.0,0,0.0,22.666666666666668,45.0,2.0,3.0,1.0,1.0,9,2,0,1081.1093394364416
web,installment,3337,180,3,11,0.37,0,32,34,26,F,3,middle,married,0,private,4409.0,80,361,5,2,0,555.0,0,0.36,7,0,2,2,0,0.0,1,0.5,43.0,58.0,3.0,4.0,1.0,1.0,6,2,0,915.8784836231755
web,installment,2562,120,11,6,0.48,0,93,48,36,M,3,college,married,8,unemployed,4826.0,17,163,3,1,0,646.0,0,0.19,5,1,1,1,0,0.0,0,0.0,34.0,34.0,2.0,2.0,0.0,1.0,13,2,0,930.352201733321
web,installment,3244,60,6,27,0.14,1,53,18,20,M,2,college,single,1,private,4468.0,66,198,4,3,0,523.0,0,0.13,8,2,3,3,0,0.0,0,0.0,29.333333333333332,40.0,1.3333333333333333,2.0,1.0,1.0,3,0,0,1021.0461866446894
app,installment,1079,60,6,6,0.02,0,78,32,34,M,3,high,married,4,unemployed,9510.0,113,324,4,3,0,751.0,4,0.52,2,0,3,3,0,0.0,0,0.0,51.0,62.0,2.0,3.0,1.0,1.0,16,6,0,692.0946095816905
app,short_term,966,21,10,16,0.26,0,66,24,30,M,5,high,married,9,private,6202.0,102,354,2,3,0,614.0,2,0.13,5,1,3,2,0,0.0,0,0.0,35.666666666666664,55.0,1.6666666666666667,2.0,1.0,0.6666666666666666,18,2,0,822.1472177400061
app,installment,1821,120,3,21,0.26,0,91,43,24,F,1,middle,single,3,private,3703.0,31,339,4,3,0,684.0,3,0.18,7,0,3,3,0,0.0,0,0.0,34.333333333333336,51.0,1.6666666666666667,3.0,0.6666666666666666,0.6666666666666666,6,5,0,787.7387660561949
web,installment,4517,120,3,21,0.18,0,71,43,19,M,5,high,married,1,private,6090.0,17,306,2,1,0,586.0,2,0.14,4,0,1,1,0,0.0,0,0.0,48.0,48.0,3.0,3.0,1.0,1.0,16,2,0,775.8322004412561
app,short_term,3914,30,6,12,0.56,0,72,0,28,F,1,high,married,5,state,2780.0,78,407,2,3,0,641.0,0,0.05,6,1,3,2,0,0.0,0,0.0,37.0,49.0,2.3333333333333335,3.0,1.0,0.6666666666666666,1,0,1,471.72858426692267
app,short_term,4051,14,2,36,0.32,0,56,27,41,M,2,college,married,7,unemployed,3638.0,31,62,1,1,0,471.0,0,0.13,10,0,1,1,0,0.0,0,0.0,24.0,24.0,1.0,1.0,1.0,1.0,14,6,0,940.1249760078247
web,installment,4357,60,2,22,0.23,0,28,17,18,F,2,college,married,6,self_employed,2988.0,61,300,4,1,0,702.0,0,0.38,7,0,1,1,0,0.0,0,0.0,66.0,66.0,5.0,5.0,1.0,1.0,2,0,0,650.5971032046173
app,installment,4461,180,5,20,0.36,0,47,24,44,M,3,college,married,7,self_employed,3034.0,72,209,4,1,0,597.0,0,0.75,3,1,1,1,0,0.0,0,0.0,28.0,28.0,1.0,1.0,1.0,1.0,5,2,0,739.6929689714613
web,short_term,1665,7,5,2,0.18,0,10,19,46,F,4,college,married,0,self_employed,3701.0,2,264,4,1,1,579.0,0,0.03,0,1,1,1,0,0.0,0,0.0,58.0,58.0,1.0,1.0,1.0,1.0,17,3,0,710.7155260543045
app,short_term,3321,30,2,17,0.08,0,65,38,23,M,1,college,single,1,private,6253.0,97,414,5,1,1,639.0,0,0.29,4,1,1,1,0,0.0,0,0.0,22.0,22.0,1.0,1.0,1.0,1.0,8,3,0,750.136505731161
app,installment,2468,180,5,11,0.24,0,54,10,34,F,1,college,married,5,self_employed,3766.0,5,452,2,2,0,652.0,0,0.42,6,1,2,2,0,0.0,0,0.0,41.0,61.0,1.5,2.0,1.0,0.5,15,1,0,771.5839317294799
app,short_term,1839,14,0,12,0.22,0,68,22,52,M,1,high,single,2,private,2295.0,72,429,3,1,1,613.0,0,0.39,2,2,1,1,0,0.0,0,0.0,18.0,18.0,1.0,1.0,1.0,1.0,15,0,0,723.4605263026291
web,short_term,4078,21,2,12,0.44,0,80,37,36,M,2,high,married,4,private,2892.0,105,449,3,1,1,590.0,0,0.11,8,0,1,1,0,0.0,0,0.0,40.0,40.0,2.0,2.0,1.0,1.0,15,1,0,785.5674711517398
web,short_term,4196,7,2,31,0.16,0,47,10,27,F,2,college,single,9,self_employed,3237.0,56,326,3,1,0,493.0,0,0.44,6,0,1,1,0,0.0,0,0.0,49.0,49.0,1.0,1.0,1.0,1.0,1,4,0,822.6811715178483
web,short_term,4569,21,0,10,0.35,0,58,40,54,M,3,graduate,married,0,state,4982.0,94,136,3,2,0,525.0,0,0.17,3,2,2,2,0,0.0,0,0.0,51.5,59.0,1.5,2.0,1.0,0.5,0,1,0,909.839535979682
app,short_term,2421,14,5,15,0.15,0,49,32,18,M,4,middle,single,8,private,6437.0,4,482,1,2,1,472.0,1,0.26,9,0,2,2,0,0.0,0,0.0,27.5,44.0,1.5,2.0,1.0,1.0,5,2,0,866.8819589842202
app,installment,4094,90,0,22,0.59,0,21,15,37,M,1,college,single,6,state,3285.0,120,451,4,3,0,458.0,0,0.73,7,2,3,2,0,0.0,0,0.0,19.0,42.0,2.3333333333333335,3.0,1.0,1.0,2,2,0,572.3433077394081
app,installment,564,120,8,16,0.2,0,55,21,54,M,1,college,married,1,unemployed,1912.0,110,78,2,1,0,658.0,0,0.58,0,0,1,1,0,0.0,0,0.0,44.0,44.0,1.0,1.0,1.0,1.0,13,6,0,907.7317226388042
app,short_term,2849,21,7,14,0.42,0,41,30,25,F,5,middle,married,7,unemployed,3816.0,107,464,2,3,1,674.0,0,0.28,2,4,3,2,0,0.0,0,0.0,21.333333333333332,45.0,3.0,5.0,1.0,0.6666666666666666,0,2,0,606.8757476425607
app,installment,4190,180,0,33,0.12,0,63,23,41,F,2,high,single,8,state,1874.0,107,121,4,1,0,551.0,0,0.14,2,1,1,1,0,0.0,0,0.0,0.0,0.0,2.0,2.0,1.0,0.0,3,1,0,1122.3326023124137
app,installment,2548,60,3,8,0.49,0,76,15,55,M,3,high,divorced,1,self_employed,1880.0,95,75,5,2,1,446.0,0,0.75,2,2,2,2,1,0.5,0,0.0,37.0,40.0,1.5,2.0,1.0,1.0,12,4,0,757.3565868876194
app,short_term,1298,30,5,10,0.07,0,67,47,18,M,2,college,married,2,state,3415.0,90,485,5,2,1,708.0,1,0.19,2,2,2,2,0,0.0,0,0.0,30.5,54.0,2.5,3.0,1.0,1.0,0,2,0,764.9683885297345
app,short_term,4416,14,4,23,0.41,0,97,31,20,M,1,graduate,single,0,state,4016.0,50,142,1,2,0,629.0,0,0.62,1,0,2,2,0,0.0,0,0.0,54.0,71.0,1.5,2.0,1.0,1.0,12,6,0,1026.339291842104
partner,short_term,3020,21,1,19,0.32,1,22,0,44,F,2,middle,single,10,self_employed,3539.0,114,390,3,2,1,489.0,0,0.31,9,0,2,2,0,0.0,0,0.0,35.5,42.0,2.0,2.0,1.0,1.0,9,3,0,923.7359056349983
app,installment,1928,90,0,37,0.04,0,56,42,45,M,3,middle,married,8,self_employed,4064.0,37,196,2,1,1,578.0,0,0.1,10,1,1,1,0,0.0,0,0.0,44.0,44.0,3.0,3.0,1.0,1.0,21,2,0,1263.1186358224313
app,installment,1594,60,1,9,0.09,0,87,35,26,M,3,high,single,7,private,4741.0,52,179,1,1,1,604.0,1,0.57,8,1,1,1,0,0.0,0,0.0,58.0,58.0,2.0,2.0,1.0,1.0,6,2,0,1031.157072182792
app,installment,2047,90,0,43,0.02,0,63,48,49,F,4,college,married,6,private,5699.0,16,417,1,3,0,644.0,2,0.74,10,1,3,2,0,0.0,1,0.3333333333333333,38.333333333333336,59.0,3.3333333333333335,5.0,1.0,0.6666666666666666,11,2,0,1009.7428731945258
web,short_term,4019,14,10,24,0.31,0,79,30,36,M,5,middle,single,10,private,2380.0,103,254,2,3,0,698.0,0,0.08,9,4,3,3,0,0.0,0,0.0,47.0,71.0,2.0,3.0,1.0,1.0,14,2,1,324.36185420986794
web,short_term,1471,14,7,23,0.34,0,68,20,22,F,2,college,married,9,private,3459.0,13,194,4,1,1,627.0,0,0.47,4,1,1,1,0,0.0,0,0.0,44.0,44.0,1.0,1.0,1.0,0.0,9,3,0,770.2430642860111
app,short_term,3931,7,3,9,0.64,0,54,16,38,M,3,graduate,single,10,private,2319.0,37,416,5,2,0,667.0,0,0.11,4,0,2,2,0,0.0,0,0.0,51.5,72.0,1.0,1.0,1.0,1.0,15,3,0,822.3592595606112
partner,short_term,2782,30,0,37,0.46,0,60,69,53,M,2,high,married,4,private,3819.0,54,148,4,1,0,653.0,0,0.64,5,1,1,1,0,0.0,0,0.0,34.0,34.0,1.0,1.0,1.0,1.0,21,1,0,1003.2067925271468
app,installment,4317,90,5,6,0.27,0,50,30,53,M,2,high,married,6,unemployed,2584.0,66,320,2,2,1,561.0,0,0.37,10,1,2,1,0,0.0,0,0.0,20.0,33.0,1.0,1.0,1.0,0.5,8,5,0,868.9358824922449
app,short_term,3568,21,0,22,0.06,0,58,37,39,F,2,high,single,0,self_employed,1717.0,64,336,4,1,0,723.0,0,0.32,1,1,1,1,0,0.0,0,0.0,49.0,49.0,1.0,1.0,1.0,0.0,3,2,0,967.8630228467146
app,installment,1514,180,1,11,0.29,0,58,47,55,M,4,college,married,6,state,3845.0,92,315,5,2,0,566.0,2,0.3,4,0,2,1,0,0.0,0,0.0,30.5,42.0,2.0,3.0,1.0,0.5,19,6,0,729.7476156439393
app,short_term,1652,21,4,0,0.49,0,36,26,46,M,2,high,married,8,private,3476.0,105,362,2,2,0,589.0,0,0.44,0,6,2,2,0,0.0,1,0.5,31.0,35.0,1.5,2.0,1.0,1.0,20,3,0,1010.7945615207885
web,short_term,4976,30,5,29,0.47,0,96,41,35,M,2,graduate,married,3,state,4655.0,48,205,4,2,1,631.0,2,0.78,3,0,2,2,0,0.0,0,0.0,45.5,62.0,1.0,1.0,1.0,1.0,4,0,0,825.9354750011078
app,short_term,1982,7,11,15,0.27,0,52,48,22,F,2,high,married,6,unemployed,5201.0,31,63,4,3,0,561.0,0,0.28,7,1,3,2,0,0.0,0,0.0,33.0,63.0,1.0,1.0,1.0,0.6666666666666666,9,1,0,817.4832716643521
web,installment,2088,90,0,20,0.36,0,87,33,32,F,2,high,married,9,self_employed,1812.0,103,403,5,3,0,686.0,0,0.59,0,0,3,3,0,0.0,0,0.0,44.333333333333336,49.0,1.3333333333333333,2.0,1.0,0.6666666666666666,23,6,0,774.4140246796242
app,short_term,2491,30,4,30,0.18,1,69,27,34,M,3,high,single,9,private,4159.0,97,132,2,1,0,649.0,2,0.19,0,0,1,1,0,0.0,0,0.0,48.0,48.0,1.0,1.0,1.0,0.0,5,4,0,1073.3150965906318
app,short_term,4521,30,7,22,0.25,0,71,7,26,M,3,middle,single,6,private,4228.0,17,489,2,3,0,681.0,0,0.46,3,1,3,2,0,0.0,0,0.0,42.333333333333336,60.0,2.6666666666666665,4.0,1.0,0.3333333333333333,16,0,0,711.0259414513192
web,short_term,2906,30,3,24,0.18,0,77,30,18,F,3,college,married,6,private,3182.0,95,269,5,3,0,466.0,1,0.14,10,2,3,3,0,0.0,0,0.0,51.666666666666664,72.0,1.0,1.0,0.6666666666666666,0.3333333333333333,0,2,0,611.8552531060202
app,installment,3496,60,6,15,0.05,0,67,40,48,M,2,graduate,single,4,private,3402.0,1,366,1,2,0,597.0,0,0.01,5,3,2,2,0,0.0,0,0.0,46.0,47.0,2.5,4.0,1.0,1.0,15,2,0,663.6821794064989
app,short_term,3174,21,5,11,0.69,0,103,24,44,M,3,graduate,single,6,self_employed,2695.0,87,330,2,1,1,522.0,0,0.52,4,1,1,1,0,0.0,0,0.0,25.0,25.0,2.0,2.0,1.0,1.0,19,5,0,897.0930895055004
app,installment,3366,60,2,43,0.16,0,102,25,54,M,4,high,single,6,private,5235.0,92,235,4,2,0,719.0,0,0.33,0,0,2,1,0,0.0,0,0.0,13.0,15.0,1.0,1.0,1.0,1.0,6,6,0,826.8205844069781
app,installment,705,60,4,8,0.24,0,75,48,50,F,4,high,single,3,private,2497.0,113,77,4,2,0,459.0,0,0.35,4,0,2,1,0,0.0,0,0.0,38.0,49.0,2.5,4.0,1.0,0.5,20,3,0,711.6643623666527
web,short_term,4699,14,7,5,0.12,0,38,27,30,M,2,high,single,2,private,4425.0,99,204,3,1,1,720.0,0,0.56,10,0,1,1,0,0.0,0,0.0,24.0,24.0,3.0,3.0,1.0,1.0,13,5,0,1234.9434291570487
web,short_term,3425,30,6,13,0.16,0,19,30,42,F,4,middle,divorced,2,unemployed,4782.0,100,261,4,2,0,730.0,0,0.4,10,1,2,2,0,0.0,0,0.0,59.5,71.0,1.0,1.0,1.0,1.0,17,3,0,897.5238999197916
app,short_term,1651,21,2,17,0.1,0,35,32,34,M,5,high,single,2,unemployed,6291.0,45,80,1,1,0,619.0,0,0.54,6,1,1,1,0,0.0,0,0.0,50.0,50.0,1.0,1.0,1.0,1.0,17,5,0,1081.5948438508449
app,short_term,2970,21,7,21,0.38,0,35,7,44,M,3,middle,married,6,state,4747.0,74,415,4,2,0,596.0,0,0.36,10,0,2,2,0,0.0,0,0.0,26.5,28.0,2.0,3.0,1.0,0.5,15,5,0,1115.6534935907464
app,short_term,1674,7,0,23,0.41,0,27,19,21,F,4,high,married,4,unemployed,6067.0,67,179,2,1,1,423.0,0,0.2,5,0,1,1,0,0.0,0,0.0,10.0,10.0,2.0,2.0,1.0,0.0,1,5,0,970.0269550180406
app,installment,4956,120,3,14,0.19,0,56,48,27,M,3,high,married,0,private,3786.0,54,472,1,3,1,676.0,0,0.41,4,1,3,3,0,0.0,0,0.0,67.66666666666667,83.0,2.6666666666666665,5.0,1.0,1.0,3,0,0,929.8659767697449
web,installment,4516,90,9,14,0.19,0,44,15,39,F,1,middle,married,10,self_employed,5845.0,45,377,5,2,0,546.0,0,0.45,2,0,2,2,0,0.0,0,0.0,54.5,59.0,1.0,1.0,1.0,1.0,2,2,0,946.3122965973209
app,short_term,4108,30,10,28,0.55,0,54,48,26,M,3,high,single,7,private,4741.0,52,179,1,1,1,604.0,1,0.57,8,1,1,1,0,0.0,0,0.0,58.0,58.0,2.0,2.0,1.0,1.0,12,0,0,787.610910754046
app,short_term,1286,7,4,14,0.2,0,46,13,38,F,4,middle,married,6,private,5303.0,116,447,3,1,0,586.0,0,0.05,8,0,1,1,0,0.0,0,0.0,33.0,33.0,2.0,2.0,1.0,1.0,16,6,0,1080.2243657560757
app,short_term,4675,14,2,17,0.19,1,33,45,54,F,3,college,single,7,state,2667.0,71,434,4,1,1,546.0,0,0.34,7,1,1,1,0,0.0,0,0.0,76.0,76.0,2.0,2.0,1.0,1.0,1,5,0,661.2954977568587
app,installment,4620,90,2,24,0.02,0,51,41,18,M,3,college,married,9,self_employed,6244.0,5,54,3,1,1,617.0,0,0.36,10,3,1,1,0,0.0,0,0.0,42.0,42.0,3.0,3.0,1.0,1.0,4,3,0,912.8033458822008
partner,short_term,3127,14,2,17,0.05,0,54,28,32,F,4,graduate,single,6,unemployed,3159.0,80,422,5,3,0,742.0,0,0.3,5,2,3,2,0,0.0,0,0.0,41.333333333333336,52.0,1.6666666666666667,2.0,1.0,1.0,10,2,0,784.139716994607
app,short_term,1416,21,4,28,0.42,1,79,38,36,F,2,middle,single,7,self_employed,2254.0,52,290,5,3,1,603.0,4,0.45,10,2,3,2,0,0.0,0,0.0,40.0,46.0,2.6666666666666665,5.0,1.0,0.6666666666666666,23,3,0,657.9566527606769
app,installment,982,90,4,29,0.4,0,82,21,46,M,2,high,single,1,private,5078.0,34,310,1,2,1,674.0,0,0.37,9,2,2,2,0,0.0,0,0.0,83.5,93.0,2.0,3.0,0.5,0.5,19,5,0,1002.0945420971666
app,short_term,2934,7,7,19,0.58,0,45,43,36,M,3,high,married,5,unemployed,3493.0,19,215,2,1,0,584.0,1,0.1,8,2,1,1,0,0.0,0,0.0,11.0,11.0,1.0,1.0,1.0,1.0,11,5,0,907.6008605330221
app,installment,4567,180,2,19,0.39,0,66,43,40,F,3,college,single,9,state,4583.0,101,94,2,1,1,620.0,0,0.31,2,2,1,1,0,0.0,0,0.0,78.0,78.0,1.0,1.0,1.0,0.0,17,6,0,661.049929542066
app,installment,2515,90,8,14,0.41,0,73,32,30,M,5,high,married,4,self_employed,3507.0,10,470,5,2,1,638.0,0,0.2,7,0,2,2,0,0.0,0,0.0,30.0,42.0,1.5,2.0,1.0,1.0,2,5,0,1052.8755269235426
app,short_term,3478,30,11,35,0.18,0,77,37,43,M,2,middle,married,9,private,6067.0,60,384,4,3,0,612.0,0,0.51,0,3,3,3,0,0.0,0,0.0,24.0,36.0,2.0,3.0,1.0,1.0,4,5,0,1295.2096566378837
app,short_term,2171,14,6,26,0.18,0,59,30,42,M,4,college,single,4,state,3675.0,44,333,3,3,0,345.0,0,0.25,4,0,3,2,0,0.0,0,0.0,49.0,86.0,1.0,1.0,1.0,1.0,8,3,0,721.3700922207807
app,short_term,3558,7,6,23,0.13,0,77,24,18,M,4,high,single,9,private,2563.0,9,201,5,1,0,636.0,1,0.34,10,1,1,1,0,0.0,0,0.0,54.0,54.0,3.0,3.0,1.0,1.0,4,3,0,912.6518160920249
app,installment,2383,180,8,42,0.34,0,70,22,48,M,4,high,single,9,private,5135.0,11,221,5,2,0,551.0,0,0.43,4,5,2,2,0,0.0,1,0.5,59.0,73.0,2.0,2.0,1.0,1.0,18,5,0,771.4469628588389
partner,short_term,568,14,4,21,0.09,0,55,48,53,F,5,middle,single,10,self_employed,5387.0,37,391,1,3,0,647.0,0,0.4,5,0,3,2,0,0.0,0,0.0,59.333333333333336,68.0,1.0,1.0,1.0,0.6666666666666666,1,2,0,1089.8753269696344
app,short_term,2342,7,5,13,0.22,0,55,37,32,F,2,graduate,married,1,state,3641.0,69,352,1,2,0,633.0,0,0.33,9,0,2,1,0,0.0,0,0.0,32.5,61.0,3.0,3.0,0.5,1.0,14,5,0,837.2459230664904
app,installment,1867,120,4,0,0.41,0,60,59,40,F,4,college,single,10,private,3900.0,47,117,2,3,0,698.0,1,0.15,8,0,3,2,0,0.0,0,0.0,40.333333333333336,92.0,2.3333333333333335,3.0,0.6666666666666666,0.6666666666666666,12,0,0,1089.8699255533768
app,installment,534,180,5,10,0.4,0,53,37,37,F,3,college,single,6,unemployed,4337.0,12,155,1,3,0,692.0,0,0.25,7,0,3,3,0,0.0,0,0.0,34.666666666666664,68.0,2.3333333333333335,5.0,0.6666666666666666,0.6666666666666666,13,2,0,780.2261630718547
app,short_term,822,7,1,16,0.49,0,86,56,41,F,4,college,married,2,private,3004.0,43,328,2,2,0,573.0,0,0.35,1,0,2,2,0,0.0,0,0.0,14.0,28.0,1.5,2.0,1.0,1.0,2,5,0,996.4597432856001
app,short_term,1675,21,5,5,0.65,1,63,40,26,F,2,graduate,single,0,self_employed,4387.0,42,115,4,1,0,638.0,0,0.23,7,0,1,1,0,0.0,0,0.0,43.0,43.0,3.0,3.0,1.0,1.0,13,3,0,1035.4060046963714
app,short_term,3928,21,3,19,0.15,0,66,41,37,M,1,middle,single,1,state,4963.0,53,259,4,2,0,651.0,0,0.25,6,2,2,2,0,0.0,0,0.0,37.5,46.0,1.5,2.0,1.0,1.0,12,3,0,784.8391126803186
app,installment,3161,60,8,21,0.35,0,55,30,47,M,3,middle,single,5,self_employed,3890.0,40,306,1,2,0,689.0,0,0.51,10,0,2,2,0,0.0,1,0.5,44.0,70.0,1.5,2.0,1.0,1.0,21,1,0,1291.0991773944324
app,short_term,1269,14,9,40,0.28,0,55,3,55,M,4,high,single,2,self_employed,3539.0,88,242,3,3,0,633.0,0,0.48,2,1,3,2,0,0.0,0,0.0,41.666666666666664,67.0,1.0,1.0,0.3333333333333333,1.0,4,3,0,878.3725266991208
app,installment,600,60,2,1,0.32,0,67,17,52,F,3,high,married,6,self_employed,3249.0,4,230,5,1,1,655.0,0,0.2,10,4,1,1,0,0.0,0,0.0,33.0,33.0,2.0,2.0,1.0,1.0,11,4,0,923.133646398132
app,installment,4405,180,7,22,0.08,0,73,14,32,M,3,graduate,married,2,self_employed,2479.0,20,167,2,3,0,630.0,0,0.16,4,3,3,3,0,0.0,0,0.0,42.0,44.0,2.0,4.0,0.6666666666666666,0.6666666666666666,22,2,0,651.1786423196023
app,installment,3967,90,5,30,0.19,0,83,59,31,M,3,high,single,3,state,3004.0,6,209,1,2,1,688.0,1,0.2,6,0,2,2,0,0.0,0,0.0,38.0,47.0,2.5,3.0,1.0,1.0,7,3,0,511.4083436166757
web,short_term,2362,30,4,27,0.16,0,51,45,49,M,3,high,married,3,private,4485.0,1,130,4,1,0,692.0,0,0.11,5,0,1,1,0,0.0,0,0.0,62.0,62.0,3.0,3.0,0.0,1.0,6,3,0,803.4645330966907
app,short_term,1415,7,0,27,0.54,0,54,28,52,M,2,college,married,8,state,3258.0,35,300,1,1,0,658.0,1,0.33,1,1,1,1,0,0.0,0,0.0,31.0,31.0,2.0,2.0,1.0,1.0,10,0,0,945.5478241665621
app,installment,1611,180,3,12,0.4,0,55,38,33,M,4,middle,divorced,2,private,8024.0,37,289,4,3,1,705.0,0,0.32,5,1,3,3,0,0.0,0,0.0,56.0,64.0,2.3333333333333335,3.0,1.0,0.6666666666666666,6,2,0,895.7740929703162
app,short_term,3589,14,3,17,0.16,0,100,18,50,F,2,college,single,8,unemployed,4206.0,94,343,3,2,0,539.0,0,0.38,10,1,2,2,0,0.0,0,0.0,33.5,34.0,2.0,3.0,1.0,1.0,19,6,0,1155.2871529777242
app,installment,2983,90,3,23,0.23,0,37,60,43,F,3,middle,single,7,unemployed,4238.0,3,317,4,1,0,689.0,0,0.52,8,0,1,1,0,0.0,0,0.0,55.0,55.0,1.0,1.0,1.0,0.0,6,4,0,1109.8439695386915
app,short_term,3903,30,5,33,0.13,0,51,29,50,F,5,graduate,married,2,self_employed,3583.0,45,411,4,1,1,660.0,0,0.64,1,3,1,1,0,0.0,0,0.0,46.0,46.0,3.0,3.0,1.0,1.0,3,0,0,872.7280137284638
partner,short_term,904,14,8,38,0.23,0,92,41,43,M,4,high,single,4,self_employed,3657.0,88,447,4,3,0,648.0,1,0.32,4,2,3,3,0,0.0,0,0.0,23.666666666666668,50.0,1.0,1.0,1.0,0.6666666666666666,7,4,0,833.247477966075
app,installment,654,90,1,0,0.03,0,68,22,35,F,3,middle,single,0,self_employed,3662.0,109,108,3,1,1,656.0,1,0.39,10,0,1,1,0,0.0,0,0.0,21.0,21.0,2.0,2.0,1.0,1.0,11,2,0,1204.9397020925066
partner,short_term,3593,14,7,28,0.27,0,82,26,47,F,2,college,single,0,private,3156.0,83,300,5,2,0,594.0,0,0.12,8,0,2,2,0,0.0,0,0.0,79.5,82.0,3.0,4.0,1.0,1.0,6,1,0,889.1724521017364
web,installment,2619,120,6,20,0.39,0,90,0,24,M,2,college,married,7,private,4153.0,112,314,4,3,0,504.0,1,0.22,8,1,3,3,0,0.0,0,0.0,47.333333333333336,73.0,1.3333333333333333,2.0,1.0,0.3333333333333333,22,4,0,1187.8213723289473
web,installment,4599,120,0,16,0.17,0,73,32,24,F,4,high,married,10,private,3385.0,10,111,1,1,0,589.0,0,0.42,3,0,1,1,0,0.0,0,0.0,62.0,62.0,1.0,1.0,1.0,1.0,18,6,0,921.4524410283981
app,short_term,666,21,0,14,0.32,0,51,59,24,F,3,college,married,3,private,4606.0,82,222,4,2,0,616.0,0,0.7,0,0,2,1,0,0.0,0,0.0,39.0,49.0,1.0,1.0,1.0,1.0,7,3,0,890.285858538012
web,short_term,2895,7,3,20,0.38,0,42,34,27,M,5,college,married,4,state,6326.0,119,157,3,3,0,576.0,0,0.21,10,1,3,3,0,0.0,0,0.0,21.0,38.0,1.3333333333333333,2.0,0.6666666666666666,0.3333333333333333,1,0,0,965.5524662027592
app,short_term,3476,30,12,14,0.23,0,107,20,51,F,2,high,married,9,unemployed,5087.0,60,353,2,3,0,609.0,0,0.18,0,1,3,3,0,0.0,0,0.0,37.0,82.0,1.0,1.0,0.6666666666666666,0.6666666666666666,5,5,0,805.11387079028
app,short_term,2423,30,0,21,0.33,1,40,25,52,F,3,college,married,10,self_employed,2803.0,19,417,2,2,1,600.0,0,0.32,3,0,2,2,0,0.0,0,0.0,18.0,18.0,1.5,2.0,0.5,1.0,23,0,0,978.7392807302681
partner,installment,4478,60,4,16,0.28,0,73,25,43,F,3,high,married,4,self_employed,3076.0,44,210,3,2,0,530.0,1,0.19,9,0,2,2,0,0.0,0,0.0,25.5,51.0,3.0,4.0,1.0,0.0,4,3,0,927.4982371494518
app,installment,1524,60,7,18,0.18,0,63,42,51,M,3,graduate,married,9,private,3684.0,25,67,4,1,0,545.0,1,0.34,6,1,1,1,0,0.0,0,0.0,50.0,50.0,1.0,1.0,1.0,1.0,9,2,0,729.1812029248827
partner,short_term,3173,7,3,8,0.08,0,73,38,44,M,3,middle,single,4,private,3456.0,118,323,4,3,0,727.0,0,0.22,8,1,3,2,0,0.0,0,0.0,55.333333333333336,69.0,1.6666666666666667,3.0,1.0,0.6666666666666666,11,4,0,1254.6732887307753
app,installment,869,180,2,10,0.26,0,102,20,49,F,2,high,single,3,self_employed,2208.0,89,70,2,1,0,698.0,0,0.55,8,1,1,1,0,0.0,0,0.0,53.0,53.0,2.0,2.0,1.0,1.0,6,1,0,924.4865874629417
app,installment,2771,60,1,19,0.2,0,27,21,41,M,5,high,single,0,unemployed,4551.0,8,393,2,2,1,542.0,0,0.33,7,2,2,1,0,0.0,0,0.0,15.0,28.0,1.5,2.0,0.5,1.0,17,1,0,939.8027973053897
app,short_term,1924,30,5,9,0.1,0,33,47,54,F,3,college,married,1,self_employed,2265.0,32,142,2,2,1,697.0,0,0.35,4,0,2,2,0,0.0,0,0.0,15.5,22.0,3.0,5.0,1.0,0.5,1,1,0,749.1534120703441
app,installment,2275,180,2,13,0.04,0,34,37,55,M,2,college,single,3,private,4119.0,67,176,5,3,1,655.0,0,0.42,5,0,3,3,0,0.0,0,0.0,52.666666666666664,64.0,1.3333333333333333,2.0,1.0,1.0,23,3,0,1076.2328025430556
partner,installment,3771,60,3,25,0.26,0,39,40,36,F,4,high,married,6,private,4341.0,83,311,2,3,0,675.0,0,0.05,6,0,3,2,0,0.0,0,0.0,42.666666666666664,50.0,1.0,1.0,1.0,1.0,14,0,0,565.4322461765596
app,short_term,568,14,9,18,0.07,0,47,31,40,M,3,high,single,8,private,2490.0,5,463,2,1,1,708.0,0,0.12,2,1,1,1,0,0.0,0,0.0,49.0,49.0,1.0,1.0,1.0,1.0,22,5,0,944.7227509156769
app,short_term,1133,7,9,25,0.11,0,94,18,39,F,2,high,married,6,private,4979.0,18,110,1,2,0,539.0,0,0.27,2,0,2,2,0,0.0,0,0.0,61.5,73.0,2.0,2.0,1.0,0.5,20,4,0,882.8042232158323
app,short_term,576,7,6,25,0.15,0,34,2,32,M,2,graduate,married,0,private,2573.0,95,482,3,3,0,613.0,0,0.25,6,3,3,2,0,0.0,0,0.0,46.0,52.0,2.0,3.0,1.0,0.6666666666666666,20,0,0,717.896031249275
app,installment,4664,90,7,14,0.23,0,76,56,48,F,1,college,married,2,private,5600.0,77,204,5,1,1,599.0,0,0.09,9,2,1,1,0,0.0,0,0.0,16.0,16.0,3.0,3.0,1.0,1.0,22,6,0,967.8596074824422
web,installment,687,60,4,15,0.21,0,78,49,34,M,3,high,married,2,unemployed,2507.0,98,338,5,2,1,624.0,0,0.16,7,2,2,2,0,0.0,0,0.0,37.5,72.0,1.0,1.0,1.0,0.5,18,6,0,737.1326431002614
app,short_term,2465,14,6,20,0.4,1,43,11,21,F,4,college,single,9,state,7856.0,69,363,3,3,0,733.0,0,0.32,2,3,3,3,0,0.0,0,0.0,59.666666666666664,85.0,2.0,3.0,1.0,0.3333333333333333,9,4,0,609.780146666594
app,short_term,3378,30,3,22,0.4,0,25,15,47,M,5,middle,married,7,self_employed,3730.0,110,345,5,1,0,509.0,0,0.39,7,3,1,1,0,0.0,0,0.0,77.0,77.0,1.0,1.0,0.0,0.0,7,1,0,470.09902240649274
app,short_term,4525,7,2,39,0.06,0,46,42,23,F,4,college,single,6,unemployed,3114.0,66,308,5,1,0,678.0,0,0.42,3,0,1,1,0,0.0,0,0.0,25.0,25.0,1.0,1.0,1.0,1.0,20,5,0,938.4796533174858
app,installment,1833,90,7,9,0.22,0,54,18,18,F,2,high,single,8,self_employed,5188.0,17,404,1,2,0,632.0,1,0.47,5,0,2,2,0,0.0,0,0.0,1.0,1.0,2.0,3.0,1.0,0.5,4,2,0,1183.1937721396007
web,installment,4435,120,7,34,0.64,0,42,38,52,F,2,middle,single,3,private,6839.0,61,292,2,2,1,487.0,0,0.17,7,3,2,2,0,0.0,0,0.0,37.0,74.0,2.0,3.0,1.0,1.0,0,2,0,677.712258589833
app,installment,3722,60,6,31,0.19,0,62,21,48,F,2,college,single,0,self_employed,4794.0,19,469,1,1,1,633.0,0,0.42,3,0,1,1,1,1.0,0,0.0,55.0,55.0,1.0,1.0,1.0,1.0,19,2,0,788.3463373448116
app,short_term,2992,7,3,10,0.17,0,45,18,51,F,1,college,married,9,self_employed,3886.0,29,384,5,1,0,550.0,0,0.27,4,0,1,1,0,0.0,0,0.0,57.0,57.0,1.0,1.0,1.0,0.0,15,6,0,912.9321059556742
app,installment,1058,90,0,8,0.07,0,48,39,37,M,3,graduate,single,5,state,3240.0,94,417,2,2,1,638.0,0,0.5,5,2,2,2,0,0.0,0,0.0,55.5,95.0,2.0,3.0,0.5,0.0,14,1,0,967.8104940419234
partner,short_term,1669,30,5,20,0.53,0,64,30,28,F,2,college,married,3,self_employed,4347.0,60,357,3,1,1,589.0,0,0.26,7,2,1,1,0,0.0,0,0.0,16.0,16.0,5.0,5.0,1.0,1.0,3,5,0,1091.3562528291309
web,installment,4254,90,5,13,0.05,1,52,17,53,F,3,graduate,single,4,private,6350.0,57,145,4,3,0,595.0,0,0.25,4,0,3,3,0,0.0,0,0.0,21.666666666666668,45.0,1.6666666666666667,3.0,1.0,1.0,8,6,0,1020.1578504399806
web,short_term,2261,30,5,40,0.2,0,68,38,46,M,3,graduate,single,8,private,3452.0,86,51,3,1,0,588.0,0,0.3,9,1,1,1,0,0.0,0,0.0,39.0,39.0,2.0,2.0,1.0,1.0,10,0,0,891.0840098370452
app,installment,2441,120,0,24,0.17,0,93,43,44,M,4,college,single,2,private,2178.0,3,366,4,1,1,647.0,0,0.12,9,0,1,1,0,0.0,0,0.0,58.0,58.0,1.0,1.0,1.0,1.0,18,0,0,941.2574562031067
app,short_term,4999,7,0,13,0.07,0,82,38,20,M,4,middle,married,3,private,4653.0,93,268,3,3,0,542.0,1,0.34,5,0,3,2,0,0.0,0,0.0,46.333333333333336,65.0,3.3333333333333335,4.0,1.0,0.6666666666666666,19,2,0,582.2525672822728
app,installment,874,90,9,29,0.04,0,59,40,29,M,1,graduate,married,6,private,2315.0,4,273,5,1,0,753.0,0,0.2,5,0,1,1,0,0.0,0,0.0,14.0,14.0,1.0,1.0,1.0,1.0,1,5,0,757.474227928277
app,installment,1397,60,9,36,0.11,0,21,41,43,F,3,high,married,2,private,5677.0,72,440,5,2,0,661.0,1,0.4,3,0,2,2,0,0.0,0,0.0,54.5,67.0,3.0,4.0,1.0,1.0,12,1,0,1181.532929494665
app,installment,2414,120,8,6,0.54,0,76,0,41,M,3,college,married,7,private,4460.0,23,484,2,2,1,691.0,0,0.08,3,1,2,2,0,0.0,0,0.0,42.5,64.0,1.0,1.0,1.0,1.0,20,0,0,897.6379276412781
app,short_term,3516,30,7,14,0.04,0,90,44,29,M,4,high,married,3,self_employed,3999.0,91,218,1,1,0,591.0,0,0.28,9,1,1,1,0,0.0,0,0.0,31.0,31.0,3.0,3.0,0.0,1.0,10,0,0,752.8450961117071
web,installment,2380,90,2,18,0.38,0,57,23,45,F,3,college,single,8,state,3691.0,48,310,1,2,1,498.0,0,0.32,1,1,2,2,0,0.0,0,0.0,24.5,49.0,1.5,2.0,1.0,1.0,14,2,0,872.3495853503828
app,installment,2827,120,3,42,0.25,1,62,17,21,M,3,college,married,4,state,2167.0,17,68,1,1,0,680.0,0,0.74,10,0,1,1,0,0.0,0,0.0,40.0,40.0,1.0,1.0,1.0,1.0,17,6,0,965.1459101996923
app,installment,4656,60,7,14,0.23,0,73,32,46,M,4,high,single,10,unemployed,2310.0,119,436,4,2,0,702.0,0,0.76,1,3,2,2,0,0.0,0,0.0,31.0,47.0,1.5,2.0,1.0,0.5,22,1,0,704.6329100297064
app,short_term,2434,14,5,19,0.24,0,38,30,28,M,5,college,single,4,state,4610.0,35,258,3,2,0,571.0,1,0.77,10,5,2,2,0,0.0,0,0.0,62.0,77.0,3.5,4.0,1.0,1.0,4,1,0,991.3548358591024
web,short_term,4724,21,0,21,0.09,0,92,17,20,F,2,high,married,8,unemployed,3921.0,64,454,1,2,0,538.0,0,0.37,0,1,2,2,0,0.0,0,0.0,53.0,62.0,2.0,3.0,1.0,1.0,5,6,0,1094.8955174205207
partner,short_term,3068,7,10,34,0.36,0,52,14,52,M,3,middle,married,5,private,5338.0,33,260,2,2,1,450.0,0,0.4,8,1,2,2,0,0.0,0,0.0,19.5,21.0,2.0,2.0,1.0,0.5,17,2,0,1095.3360636390069
app,short_term,2302,21,4,33,0.01,0,86,61,52,F,1,middle,married,3,state,4042.0,11,104,2,3,0,599.0,0,0.26,3,0,3,2,0,0.0,0,0.0,35.0,56.0,1.0,1.0,1.0,0.6666666666666666,19,4,0,1053.4325006046188
web,installment,3396,180,6,14,0.44,1,74,37,25,M,3,college,divorced,9,private,4740.0,1,458,3,3,0,576.0,2,0.22,0,1,3,3,0,0.0,0,0.0,40.0,43.0,1.6666666666666667,3.0,1.0,0.6666666666666666,1,4,0,673.3824920437032
app,short_term,3179,30,6,15,0.31,0,40,47,36,F,4,middle,married,5,self_employed,4491.0,2,316,5,1,0,614.0,1,0.12,0,0,1,1,0,0.0,0,0.0,10.0,10.0,1.0,1.0,1.0,1.0,13,6,0,662.9404454741152
app,short_term,1339,30,4,9,0.22,0,79,46,51,M,3,graduate,single,6,self_employed,5469.0,47,406,1,1,0,556.0,0,0.15,1,1,1,1,0,0.0,0,0.0,53.0,53.0,1.0,1.0,1.0,1.0,4,3,0,1211.2858822774147
partner,short_term,2849,21,8,19,0.06,0,57,38,21,F,2,college,married,7,private,3878.0,110,343,4,3,0,567.0,0,0.48,2,0,3,3,0,0.0,0,0.0,36.666666666666664,54.0,1.0,1.0,1.0,1.0,19,6,0,1205.268640108795
web,short_term,949,14,4,16,0.57,0,73,26,43,M,2,middle,single,7,state,4213.0,54,113,5,1,1,688.0,0,0.21,7,1,1,1,0,0.0,0,0.0,34.0,34.0,1.0,1.0,1.0,0.0,23,2,0,1097.8860762356276
app,short_term,3210,7,8,15,0.26,0,96,41,46,M,2,high,single,2,self_employed,4953.0,1,314,1,2,0,620.0,1,0.07,9,0,2,2,0,0.0,0,0.0,41.5,43.0,2.0,3.0,1.0,1.0,0,3,0,655.7437411022971
partner,short_term,1350,21,7,34,0.53,0,41,7,52,M,3,college,married,9,self_employed,1878.0,63,448,3,3,0,598.0,0,0.37,3,1,3,2,0,0.0,0,0.0,42.0,65.0,2.0,4.0,1.0,0.6666666666666666,1,3,0,712.6307016118877
app,short_term,1847,30,0,11,0.53,0,72,54,30,F,3,high,single,5,state,3096.0,50,180,2,1,0,668.0,3,0.48,5,1,1,1,0,0.0,0,0.0,34.0,34.0,1.0,1.0,1.0,1.0,21,6,0,705.993015621915
web,installment,4532,120,3,16,0.18,0,62,38,44,M,4,high,divorced,5,private,6208.0,25,481,5,3,0,446.0,0,0.11,1,2,3,3,0,0.0,0,0.0,36.666666666666664,49.0,2.3333333333333335,4.0,0.6666666666666666,0.6666666666666666,14,3,0,787.503000934778
app,short_term,4758,7,5,30,0.05,0,58,38,43,M,4,college,married,7,state,5431.0,54,346,5,1,0,458.0,0,0.1,6,0,1,1,0,0.0,0,0.0,35.0,35.0,2.0,2.0,1.0,1.0,15,5,0,928.8681568482389
app,short_term,4849,14,0,7,0.39,0,48,38,44,M,4,middle,married,5,private,1701.0,18,282,1,1,0,589.0,0,0.17,1,2,1,1,0,0.0,0,0.0,36.0,36.0,2.0,2.0,1.0,1.0,20,4,0,604.4119410949291
app,short_term,4431,21,3,18,0.02,0,40,36,38,F,2,graduate,single,2,private,1937.0,96,360,3,1,1,684.0,0,0.23,7,0,1,1,0,0.0,0,0.0,42.0,42.0,2.0,2.0,1.0,1.0,1,1,0,780.3596255827371
web,installment,4691,90,2,32,0.24,0,55,30,35,F,1,high,single,2,unemployed,5960.0,103,239,1,2,1,660.0,2,0.49,3,2,2,2,0,0.0,0,0.0,56.5,69.0,2.0,2.0,1.0,1.0,21,4,0,901.7175695784455
partner,short_term,3549,30,5,14,0.07,0,51,37,21,M,3,graduate,married,4,state,2682.0,64,407,4,1,0,659.0,0,0.13,1,0,1,1,0,0.0,0,0.0,65.0,65.0,1.0,1.0,0.0,0.0,7,1,0,707.4071987476258
app,installment,2742,120,1,12,0.11,1,66,26,27,M,3,college,married,5,state,5984.0,81,266,1,3,1,620.0,0,0.42,2,3,3,3,0,0.0,0,0.0,47.0,69.0,1.0,1.0,1.0,1.0,7,5,0,1231.0779686973797
web,short_term,1317,7,0,0,0.23,0,63,43,34,M,5,high,single,6,private,5236.0,70,176,2,2,0,534.0,0,0.27,9,6,2,2,0,0.0,0,0.0,29.0,36.0,2.0,3.0,1.0,1.0,15,4,0,561.0181924879545
app,installment,4151,60,2,0,0.21,0,43,25,34,M,3,high,married,2,unemployed,2507.0,98,338,5,2,1,624.0,0,0.16,7,2,2,2,0,0.0,0,0.0,37.5,72.0,1.0,1.0,1.0,0.5,22,2,0,674.1194141843372
web,short_term,2591,30,3,33,0.11,0,77,8,52,F,3,high,single,9,private,2582.0,42,326,2,1,0,575.0,0,0.18,0,1,1,1,0,0.0,1,1.0,21.0,21.0,5.0,5.0,1.0,1.0,10,6,0,801.5242098811384
app,installment,2652,90,3,11,0.14,0,49,41,53,F,4,graduate,single,2,private,1891.0,87,206,2,3,0,642.0,2,0.24,6,0,3,2,0,0.0,0,0.0,42.666666666666664,66.0,1.3333333333333333,2.0,0.6666666666666666,0.6666666666666666,5,0,0,747.2813039912598
partner,short_term,2007,21,7,31,0.23,0,35,39,55,M,2,middle,single,7,self_employed,3550.0,84,458,4,2,1,516.0,0,0.37,5,1,2,1,0,0.0,0,0.0,36.5,42.0,1.0,1.0,1.0,1.0,2,4,0,826.9496884531418
app,short_term,3125,30,1,31,0.26,0,95,17,45,M,5,high,single,7,state,4111.0,51,254,2,3,0,509.0,0,0.08,7,0,3,3,0,0.0,0,0.0,51.333333333333336,78.0,1.6666666666666667,3.0,1.0,0.6666666666666666,7,6,0,1046.5134573112034
app,installment,732,60,7,28,0.2,0,56,53,25,F,3,high,single,4,private,4960.0,77,378,5,2,0,560.0,0,0.14,3,1,2,2,0,0.0,0,0.0,67.0,81.0,1.5,2.0,0.5,1.0,21,6,0,997.5617628088594
partner,short_term,4103,30,4,26,0.19,0,73,42,39,M,4,college,divorced,9,state,4966.0,62,87,4,2,0,783.0,0,0.13,6,0,2,1,0,0.0,0,0.0,41.0,57.0,2.0,3.0,0.5,1.0,22,4,0,683.5311189560322
app,installment,3992,90,2,23,0.61,0,50,19,23,M,2,college,single,0,private,4479.0,41,261,4,3,0,665.0,0,0.36,2,2,3,3,0,0.0,1,0.3333333333333333,36.333333333333336,60.0,2.3333333333333335,3.0,1.0,0.6666666666666666,11,5,0,838.0010677011044
partner,installment,3140,90,4,40,0.14,1,29,60,47,M,2,graduate,single,8,private,5996.0,55,289,2,1,0,508.0,0,0.13,10,1,1,1,0,0.0,0,0.0,31.0,31.0,2.0,2.0,1.0,1.0,14,1,0,1188.1527906841152
partner,short_term,2375,30,0,18,0.39,0,52,16,29,F,2,high,single,8,private,3478.0,74,174,5,3,0,656.0,0,0.52,9,5,3,3,0,0.0,0,0.0,38.666666666666664,65.0,1.6666666666666667,2.0,1.0,0.6666666666666666,6,2,0,900.5096371987805
app,installment,4351,120,4,11,0.25,0,45,18,50,F,3,college,single,7,private,5524.0,38,373,4,1,0,751.0,0,0.3,3,1,1,1,0,0.0,0,0.0,31.0,31.0,3.0,3.0,1.0,1.0,1,6,0,1074.9085741706874
app,installment,2326,90,10,25,0.22,0,21,16,21,M,5,high,married,10,private,2974.0,8,487,5,1,0,611.0,0,0.35,3,1,1,1,0,0.0,0,0.0,24.0,24.0,1.0,1.0,1.0,1.0,22,6,0,886.5342798366676
app,short_term,3493,14,8,18,0.08,1,70,48,46,M,1,college,single,9,unemployed,3753.0,26,222,4,1,1,623.0,0,0.03,4,0,1,1,0,0.0,0,0.0,27.0,27.0,2.0,2.0,1.0,1.0,12,6,0,850.6191893651422
web,short_term,3825,14,7,0,0.21,0,73,6,55,F,3,middle,married,2,self_employed,2149.0,38,355,3,1,0,687.0,0,0.35,0,0,1,1,0,0.0,0,0.0,29.0,29.0,1.0,1.0,1.0,1.0,3,5,0,993.4705442126904
app,installment,3324,180,1,11,0.18,0,63,18,54,M,2,graduate,single,5,state,2709.0,54,155,3,3,1,551.0,0,0.46,4,3,3,3,0,0.0,0,0.0,45.666666666666664,59.0,1.0,1.0,1.0,1.0,23,1,0,909.1994437277176
app,installment,2188,90,5,12,0.08,0,62,21,31,F,4,high,single,1,unemployed,4465.0,67,164,5,1,0,471.0,0,0.24,4,0,1,1,0,0.0,0,0.0,34.0,34.0,2.0,2.0,1.0,1.0,8,3,0,779.6037283065401
app,short_term,590,7,4,29,0.26,0,46,39,55,M,4,college,married,7,state,1869.0,11,175,4,1,0,537.0,2,0.04,10,0,1,1,0,0.0,1,1.0,22.0,22.0,4.0,4.0,1.0,1.0,3,6,0,1062.660978429337
app,installment,956,120,8,22,0.23,0,60,13,51,M,4,college,married,0,private,5707.0,60,281,2,2,1,468.0,0,0.56,2,1,2,1,0,0.0,0,0.0,24.0,26.0,1.5,2.0,0.0,0.0,1,5,0,1223.9205826530347
partner,short_term,3429,14,6,17,0.44,1,45,33,38,F,4,college,single,1,unemployed,1993.0,104,402,3,1,0,620.0,0,0.31,8,1,1,1,0,0.0,0,0.0,42.0,42.0,2.0,2.0,1.0,1.0,1,6,0,552.0706391213871
web,installment,4922,90,2,10,0.37,1,39,30,21,F,4,graduate,married,5,private,5357.0,67,361,1,3,1,477.0,0,0.67,8,1,3,2,0,0.0,0,0.0,53.666666666666664,72.0,1.3333333333333333,2.0,1.0,1.0,1,5,0,973.8611070881436
app,installment,4806,180,5,16,0.25,0,63,38,26,M,2,college,single,4,self_employed,6322.0,112,334,1,2,0,631.0,0,0.11,4,0,2,2,0,0.0,0,0.0,22.5,39.0,1.0,1.0,1.0,0.0,20,2,0,1037.1215202561475
app,installment,1908,120,8,9,0.1,0,77,23,50,M,4,middle,married,3,self_employed,2597.0,109,408,4,3,1,687.0,0,0.1,6,5,3,3,0,0.0,0,0.0,39.666666666666664,51.0,1.6666666666666667,3.0,0.3333333333333333,1.0,19,2,0,711.8709926060235
app,installment,1721,180,5,24,0.32,0,51,55,29,M,2,college,single,9,private,3555.0,109,310,2,3,1,617.0,0,0.13,3,2,3,3,0,0.0,1,0.3333333333333333,45.333333333333336,78.0,1.3333333333333333,2.0,1.0,1.0,12,4,0,1053.4731423177745
app,installment,4194,60,4,21,0.21,0,46,50,38,F,5,high,single,9,self_employed,4078.0,86,164,3,3,0,534.0,0,0.52,3,2,3,2,0,0.0,0,0.0,32.333333333333336,50.0,1.6666666666666667,3.0,1.0,1.0,3,4,0,1184.4776670715537
app,installment,2354,120,5,41,0.18,0,70,28,41,F,1,high,single,6,private,6013.0,1,386,4,1,0,734.0,0,0.31,1,0,1,1,0,0.0,0,0.0,53.0,53.0,1.0,1.0,1.0,1.0,10,2,0,1223.7609828261338
app,installment,4932,120,3,27,0.45,0,39,48,18,F,2,college,married,6,self_employed,2988.0,61,300,4,1,0,702.0,0,0.38,7,0,1,1,0,0.0,0,0.0,66.0,66.0,5.0,5.0,1.0,1.0,14,4,0,770.5319130060226
app,installment,4280,120,9,11,0.36,0,77,16,30,F,1,middle,single,8,private,3293.0,35,381,3,2,1,488.0,0,0.65,0,0,2,1,0,0.0,0,0.0,37.0,46.0,1.5,2.0,1.0,1.0,13,0,0,840.9670792635503
app,short_term,3418,30,1,23,0.24,0,56,34,24,F,3,college,married,3,private,3108.0,42,499,2,2,1,578.0,0,0.6,5,0,2,2,0,0.0,0,0.0,52.5,76.0,3.0,4.0,1.0,1.0,1,4,0,704.1048039237618
app,short_term,3925,7,4,10,0.2,0,57,38,29,M,1,high,married,10,private,2853.0,41,123,4,3,0,704.0,1,0.39,2,0,3,3,1,0.3333333333333333,0,0.0,36.0,49.0,2.3333333333333335,5.0,1.0,0.6666666666666666,16,5,0,480.3668040577305
app,installment,929,90,8,4,0.22,0,64,24,45,M,4,high,married,1,self_employed,2970.0,25,396,5,2,0,692.0,0,0.03,9,1,2,2,0,0.0,0,0.0,30.5,55.0,2.0,3.0,1.0,1.0,11,0,0,886.1530800043931
web,installment,4152,180,6,20,0.06,0,60,53,41,F,4,high,married,1,private,4312.0,15,137,1,2,1,649.0,0,0.51,0,1,2,2,0,0.0,0,0.0,20.5,28.0,3.5,4.0,1.0,1.0,13,5,0,987.7165660216156
app,installment,4970,120,3,25,0.09,0,38,15,30,M,1,high,single,8,self_employed,4591.0,91,445,1,3,0,723.0,0,0.22,7,0,3,2,0,0.0,0,0.0,45.666666666666664,58.0,2.6666666666666665,4.0,1.0,1.0,5,4,0,949.6006601448095
app,installment,3611,180,0,21,0.41,0,46,37,52,M,3,high,married,5,state,4588.0,31,172,2,2,0,660.0,0,0.12,5,0,2,2,0,0.0,1,0.5,27.5,55.0,1.5,2.0,0.5,1.0,14,0,0,1002.0414835215543
app,short_term,2150,7,4,21,0.2,0,71,49,25,M,3,high,single,7,private,3397.0,33,209,4,1,1,726.0,0,0.07,4,0,1,1,0,0.0,0,0.0,16.0,16.0,4.0,4.0,1.0,1.0,7,3,0,1135.687897652944
web,short_term,3458,7,6,22,0.36,0,71,54,22,M,3,college,single,0,self_employed,6240.0,24,270,4,3,1,729.0,0,0.3,7,0,3,3,0,0.0,0,0.0,59.333333333333336,90.0,3.0,4.0,1.0,1.0,8,3,0,798.7461846373258
app,installment,3599,180,6,30,0.49,0,75,22,55,M,3,middle,divorced,2,state,2826.0,100,80,3,1,0,610.0,2,0.23,1,1,1,1,0,0.0,0,0.0,22.0,22.0,2.0,2.0,1.0,1.0,16,1,0,776.9804553100071
app,short_term,4451,30,4,1,0.11,0,41,35,53,M,3,college,divorced,3,unemployed,5254.0,56,233,3,3,1,639.0,0,0.13,7,0,3,3,0,0.0,0,0.0,35.333333333333336,53.0,1.6666666666666667,2.0,0.6666666666666666,0.6666666666666666,13,4,0,1101.6728753718035
app,short_term,3063,21,5,16,0.24,1,44,31,44,M,4,high,married,2,state,2585.0,29,51,3,2,1,665.0,0,0.53,7,0,2,2,0,0.0,0,0.0,35.5,51.0,2.0,3.0,1.0,0.5,19,0,0,894.2780668136097
app,short_term,4141,21,0,22,0.68,0,61,40,45,M,2,high,single,8,self_employed,4605.0,108,222,4,3,0,604.0,0,0.33,3,0,3,2,0,0.0,0,0.0,39.666666666666664,58.0,3.0,5.0,0.6666666666666666,0.6666666666666666,21,3,0,894.6953352424965
app,installment,4275,60,6,28,0.38,0,23,0,48,F,5,high,single,3,private,2394.0,12,420,1,1,1,570.0,0,0.53,2,3,1,1,0,0.0,0,0.0,33.0,33.0,3.0,3.0,1.0,1.0,6,6,0,372.4988983109644
app,short_term,1480,21,5,11,0.17,0,106,25,26,M,4,college,married,2,private,4227.0,80,221,3,3,1,588.0,0,0.12,6,0,3,2,0,0.0,0,0.0,38.333333333333336,51.0,1.6666666666666667,3.0,0.6666666666666666,0.6666666666666666,12,3,0,1251.3985147445896
app,short_term,2583,7,6,26,0.33,0,73,23,20,M,2,high,single,2,unemployed,4140.0,94,77,3,2,1,701.0,1,0.22,5,3,2,1,0,0.0,0,0.0,32.0,40.0,2.0,3.0,1.0,1.0,3,5,0,1133.115908740719
app,installment,2662,120,7,21,0.57,0,59,27,25,M,5,high,married,3,private,5785.0,66,325,2,2,0,754.0,1,0.57,4,1,2,2,0,0.0,0,0.0,20.5,27.0,1.5,2.0,1.0,0.5,7,4,0,1123.9520577375629
web,short_term,3823,30,9,17,0.46,0,88,5,48,M,4,high,single,9,private,5135.0,11,221,5,2,0,551.0,0,0.43,4,5,2,2,0,0.0,1,0.5,59.0,73.0,2.0,2.0,1.0,1.0,14,2,1,387.35529058350176
app,installment,1569,120,1,26,0.16,0,90,40,34,F,3,high,single,6,state,3095.0,77,370,2,3,0,641.0,0,0.49,7,1,3,2,0,0.0,0,0.0,36.333333333333336,40.0,1.3333333333333333,2.0,1.0,0.6666666666666666,2,1,0,884.7398844273189
web,short_term,1271,21,5,15,0.3,0,47,36,29,M,4,high,single,0,self_employed,5770.0,79,235,2,3,0,710.0,0,0.65,5,4,3,2,0,0.0,0,0.0,30.0,37.0,2.0,4.0,0.3333333333333333,0.6666666666666666,8,2,0,731.5571260481145
app,short_term,703,7,2,20,0.39,0,102,35,50,F,2,college,married,0,private,4051.0,75,440,1,2,0,648.0,0,0.6,6,0,2,2,0,0.0,0,0.0,34.5,40.0,2.5,3.0,1.0,1.0,9,3,0,1017.6194396487753
app,installment,4655,60,9,36,0.41,0,94,31,33,F,5,high,married,8,private,2828.0,119,283,2,3,0,680.0,0,0.5,4,3,3,3,0,0.0,0,0.0,54.333333333333336,61.0,3.0,4.0,0.6666666666666666,1.0,14,6,0,563.160648806346
app,installment,1126,60,4,33,0.45,0,85,6,35,M,2,middle,married,9,private,2185.0,112,77,3,3,0,833.0,0,0.5,9,3,3,2,0,0.0,0,0.0,51.333333333333336,60.0,1.6666666666666667,2.0,1.0,0.6666666666666666,22,0,0,987.7278283460395
web,installment,1616,90,0,8,0.04,0,69,60,54,F,5,middle,married,4,private,4812.0,90,360,1,3,1,545.0,0,0.39,1,0,3,3,0,0.0,0,0.0,22.666666666666668,43.0,1.3333333333333333,2.0,1.0,0.3333333333333333,10,1,0,1013.0891209483509
partner,installment,4942,180,6,14,0.43,0,47,37,49,M,5,middle,married,2,private,5464.0,26,191,3,3,0,481.0,0,0.1,0,2,3,3,0,0.0,0,0.0,35.0,39.0,2.3333333333333335,5.0,1.0,1.0,6,2,0,870.9060647038121
partner,short_term,3574,7,3,5,0.2,0,53,0,30,M,3,college,married,8,private,2002.0,73,350,4,1,1,673.0,0,0.6,6,0,1,1,0,0.0,0,0.0,45.0,45.0,1.0,1.0,1.0,0.0,16,6,0,596.1997070569654
web,installment,4110,120,2,18,0.09,0,31,16,26,F,4,middle,divorced,5,private,3605.0,48,456,5,1,1,610.0,1,0.85,6,0,1,1,0,0.0,0,0.0,36.0,36.0,5.0,5.0,1.0,0.0,2,3,0,570.0986619902498
app,short_term,4750,21,4,7,0.25,0,66,11,32,M,4,high,single,4,private,4077.0,40,272,4,3,0,719.0,0,0.2,1,1,3,3,1,0.3333333333333333,0,0.0,27.666666666666668,33.0,2.0,3.0,1.0,0.6666666666666666,22,5,0,1059.9577444563195
app,short_term,789,30,6,22,0.25,0,85,21,46,M,4,high,married,0,self_employed,4204.0,37,173,4,2,0,662.0,0,0.16,5,1,2,2,0,0.0,0,0.0,57.5,81.0,1.5,2.0,1.0,1.0,10,1,0,1120.6544929803715
app,installment,1726,120,6,15,0.26,0,67,4,19,M,4,high,married,8,self_employed,5946.0,41,280,2,3,0,668.0,0,0.37,2,0,3,2,0,0.0,0,0.0,52.333333333333336,66.0,2.0,3.0,0.6666666666666666,1.0,22,0,0,1278.6340006747646
app,short_term,2274,21,10,13,0.15,0,64,25,23,M,2,high,married,0,private,3794.0,120,104,3,2,1,708.0,0,0.13,2,3,2,2,0,0.0,0,0.0,42.5,46.0,2.5,3.0,0.5,1.0,11,6,0,732.8409910131644
web,short_term,811,21,2,25,0.43,0,89,0,31,M,1,high,married,7,private,7213.0,3,210,2,3,0,808.0,0,0.14,4,5,3,3,0,0.0,0,0.0,59.333333333333336,89.0,3.0,5.0,1.0,1.0,18,3,0,650.4294629624147
app,short_term,4596,7,5,24,0.1,0,99,45,28,M,3,high,single,3,private,3749.0,76,54,2,2,0,816.0,0,0.42,10,2,2,2,0,0.0,0,0.0,28.0,56.0,1.0,1.0,0.5,1.0,9,0,0,810.5817655443657
app,short_term,2814,7,5,15,0.2,0,38,35,34,M,5,high,single,2,unemployed,6291.0,45,80,1,1,0,619.0,0,0.54,6,1,1,1,0,0.0,0,0.0,50.0,50.0,1.0,1.0,1.0,1.0,7,6,0,941.0161363212508
app,installment,2431,90,2,19,0.15,0,92,39,34,M,4,graduate,married,10,private,1843.0,91,123,1,3,1,643.0,0,0.23,3,2,3,2,0,0.0,0,0.0,31.333333333333332,49.0,2.3333333333333335,4.0,0.6666666666666666,0.3333333333333333,17,4,0,796.0458840663485
app,installment,4253,60,1,11,0.04,0,54,38,38,M,5,graduate,single,8,self_employed,4049.0,79,179,3,1,0,612.0,2,0.47,6,1,1,1,0,0.0,0,0.0,52.0,52.0,3.0,3.0,1.0,1.0,3,4,0,1075.0994499860062
app,installment,4294,60,8,22,0.57,0,89,12,23,F,4,college,single,6,unemployed,3114.0,66,308,5,1,0,678.0,0,0.42,3,0,1,1,0,0.0,0,0.0,25.0,25.0,1.0,1.0,1.0,1.0,13,5,0,802.4045633283199
app,short_term,4532,21,4,17,0.42,1,55,71,36,F,2,high,divorced,0,state,2720.0,21,475,4,3,0,568.0,0,0.25,1,0,3,3,0,0.0,0,0.0,34.333333333333336,53.0,1.3333333333333333,2.0,1.0,0.6666666666666666,15,2,0,747.7420506388712
app,installment,4984,90,2,16,0.45,0,52,15,48,M,4,college,single,5,private,5128.0,115,243,3,3,0,619.0,0,0.27,4,1,3,3,0,0.0,0,0.0,26.333333333333332,41.0,2.0,3.0,1.0,1.0,7,2,0,955.4252688606457
app,installment,4896,120,7,20,0.14,0,84,17,26,F,3,high,married,1,private,2514.0,29,327,4,3,1,662.0,0,0.79,8,3,3,2,0,0.0,0,0.0,48.666666666666664,64.0,2.3333333333333335,4.0,0.6666666666666666,1.0,19,5,0,896.3379203789209
partner,installment,3266,120,4,1,0.14,0,25,19,29,M,3,middle,married,10,unemployed,4219.0,105,304,2,3,1,537.0,1,0.3,1,0,3,2,0,0.0,0,0.0,42.0,61.0,1.3333333333333333,2.0,1.0,0.6666666666666666,17,2,0,980.0776701288099
app,short_term,3636,14,7,10,0.02,0,48,33,30,M,3,graduate,married,4,self_employed,5795.0,49,426,5,3,1,538.0,0,0.13,3,1,3,2,0,0.0,0,0.0,31.0,43.0,2.3333333333333335,3.0,1.0,1.0,16,2,0,918.3757278426365
web,short_term,4612,30,11,19,0.32,0,71,25,37,M,2,college,single,8,self_employed,6005.0,38,255,4,2,0,567.0,0,0.21,7,2,2,2,0,0.0,0,0.0,57.5,83.0,3.0,3.0,1.0,1.0,8,4,0,962.7907587480054
web,installment,1121,90,2,5,0.19,0,93,32,24,M,4,graduate,single,8,unemployed,6379.0,81,480,5,3,0,713.0,0,0.14,9,0,3,3,0,0.0,0,0.0,50.666666666666664,67.0,1.3333333333333333,2.0,1.0,0.6666666666666666,16,4,0,892.0684571852495
app,installment,2915,120,6,24,0.24,0,63,44,34,M,2,college,married,7,self_employed,3611.0,114,193,3,2,0,593.0,0,0.07,5,0,2,2,0,0.0,0,0.0,51.5,56.0,1.5,2.0,1.0,0.5,14,5,0,1216.062512648456
app,installment,3184,180,7,11,0.14,0,53,12,42,M,4,college,married,10,self_employed,3946.0,7,397,4,2,1,620.0,0,0.41,8,2,2,2,0,0.0,0,0.0,38.5,48.0,2.0,3.0,0.5,0.5,0,5,0,1088.0476417564812
app,installment,1435,180,2,23,0.26,0,66,15,42,F,4,middle,single,6,private,4934.0,56,464,2,1,0,683.0,1,0.49,6,1,1,1,1,1.0,0,0.0,59.0,59.0,1.0,1.0,1.0,1.0,5,1,0,539.6297497447849
app,short_term,563,14,4,14,0.32,0,38,17,39,F,3,middle,single,8,state,4240.0,98,162,5,2,1,647.0,0,0.26,8,1,2,2,0,0.0,0,0.0,22.5,34.0,3.5,5.0,1.0,1.0,14,2,0,1068.1237236065695
app,installment,1025,120,2,29,0.33,0,44,36,20,F,3,college,married,4,private,2663.0,61,237,5,1,0,669.0,0,0.42,0,1,1,1,0,0.0,0,0.0,69.0,69.0,2.0,2.0,1.0,1.0,17,5,0,926.2407608406306
app,installment,4478,180,5,22,0.14,0,44,19,53,M,3,high,married,0,self_employed,1974.0,6,393,3,3,1,598.0,1,0.04,4,0,3,2,1,0.3333333333333333,0,0.0,45.0,55.0,2.0,4.0,0.3333333333333333,1.0,9,2,0,722.0104083450979
web,short_term,2103,7,3,29,0.2,0,58,10,35,F,5,college,married,5,unemployed,10070.0,74,94,4,3,0,672.0,0,0.55,9,0,3,2,0,0.0,0,0.0,23.0,47.0,2.6666666666666665,5.0,1.0,0.6666666666666666,0,2,0,910.6830417840013
app,installment,2392,60,4,18,0.14,0,75,58,50,F,4,college,single,1,private,4392.0,20,181,5,1,1,549.0,0,0.16,6,3,1,1,0,0.0,0,0.0,54.0,54.0,2.0,2.0,0.0,1.0,19,5,0,884.9561973289865
web,short_term,4778,7,5,33,0.11,0,30,21,46,F,3,college,single,1,private,3638.0,35,444,3,3,1,704.0,0,0.52,9,3,3,3,0,0.0,0,0.0,47.666666666666664,80.0,1.3333333333333333,2.0,0.6666666666666666,0.6666666666666666,6,2,0,755.471045030798
web,short_term,3639,7,6,7,0.26,0,75,5,39,M,4,college,single,5,private,2847.0,52,470,4,2,1,577.0,0,0.32,7,0,2,2,0,0.0,0,0.0,40.0,61.0,3.0,3.0,0.5,1.0,12,1,0,650.3299646796854
app,installment,3671,90,11,27,0.25,0,23,26,23,M,3,college,married,2,self_employed,3326.0,37,490,1,3,1,489.0,1,0.41,0,0,3,3,0,0.0,0,0.0,22.0,27.0,1.6666666666666667,3.0,1.0,1.0,19,6,0,939.3528699072333
app,installment,1268,90,7,22,0.08,0,60,30,53,F,2,high,single,7,self_employed,5109.0,78,64,4,1,0,694.0,0,0.37,10,4,1,1,0,0.0,0,0.0,36.0,36.0,1.0,1.0,1.0,1.0,8,0,0,898.4337926022507
app,short_term,2249,30,5,40,0.28,0,66,18,45,F,3,middle,divorced,4,private,3931.0,64,435,2,1,1,659.0,0,0.37,5,0,1,1,0,0.0,0,0.0,10.0,10.0,3.0,3.0,1.0,1.0,1,2,0,983.1329361153123
web,installment,3164,60,2,14,0.19,0,76,57,40,F,4,college,single,1,state,4835.0,89,249,5,3,0,603.0,0,0.05,3,3,3,3,0,0.0,0,0.0,21.666666666666668,37.0,1.3333333333333333,2.0,0.6666666666666666,0.6666666666666666,22,5,0,905.7538832640661
web,short_term,3689,21,4,14,0.13,0,74,35,46,F,4,high,married,7,state,2762.0,112,461,5,2,1,730.0,1,0.28,4,2,2,2,0,0.0,0,0.0,20.0,28.0,2.5,3.0,1.0,0.5,19,6,0,806.8414286362652
app,installment,1989,120,3,6,0.29,0,51,30,35,M,1,middle,married,0,self_employed,3739.0,52,205,3,1,0,673.0,1,0.67,5,0,1,1,0,0.0,0,0.0,26.0,26.0,3.0,3.0,1.0,0.0,11,0,0,775.2323568640229
app,installment,4041,120,5,28,0.22,0,72,45,21,M,3,college,married,2,state,3708.0,1,290,3,2,0,568.0,1,0.26,1,2,2,1,0,0.0,0,0.0,38.5,45.0,1.0,1.0,1.0,1.0,11,0,0,776.7673289566219
app,installment,4385,180,0,32,0.03,0,55,35,45,M,2,college,divorced,7,self_employed,4390.0,70,487,1,1,0,596.0,1,0.41,1,3,1,1,0,0.0,0,0.0,25.0,25.0,1.0,1.0,1.0,1.0,1,3,1,700.4365911149794
app,short_term,4386,7,8,11,0.54,0,84,26,21,M,3,college,married,4,state,2167.0,17,68,1,1,0,680.0,0,0.74,10,0,1,1,0,0.0,0,0.0,40.0,40.0,1.0,1.0,1.0,1.0,20,2,0,756.4864787782464
app,installment,2011,180,3,22,0.13,1,61,50,34,F,3,high,single,1,private,2263.0,114,481,4,3,1,635.0,1,0.29,2,0,3,3,0,0.0,0,0.0,39.666666666666664,60.0,3.3333333333333335,5.0,0.6666666666666666,0.6666666666666666,20,1,0,825.7904473575429
web,short_term,3311,30,4,24,0.22,0,68,57,37,M,3,graduate,single,5,state,3240.0,94,417,2,2,1,638.0,0,0.5,5,2,2,2,0,0.0,0,0.0,55.5,95.0,2.0,3.0,0.5,0.0,18,0,0,934.6649237522945
web,installment,1503,90,2,20,0.19,0,75,21,53,F,4,college,single,1,private,9459.0,73,234,4,3,0,639.0,1,0.22,2,0,3,2,0,0.0,0,0.0,48.333333333333336,69.0,1.6666666666666667,3.0,0.6666666666666666,0.6666666666666666,5,6,0,1123.7234881290708
app,short_term,2816,30,5,20,0.41,0,57,39,51,M,2,college,divorced,1,private,4509.0,92,346,2,1,0,621.0,0,0.53,1,0,1,1,0,0.0,0,0.0,30.0,30.0,1.0,1.0,1.0,1.0,0,0,0,788.0049175429592
app,short_term,3158,21,7,21,0.43,0,82,21,47,M,2,graduate,single,0,private,2988.0,50,490,3,3,1,684.0,0,0.08,2,0,3,3,0,0.0,0,0.0,54.0,73.0,1.6666666666666667,2.0,1.0,1.0,8,0,0,1007.3763850995415
app,installment,3963,120,1,16,0.18,0,42,53,35,F,5,college,single,4,private,6610.0,28,472,4,1,1,495.0,0,0.12,7,0,1,1,0,0.0,0,0.0,50.0,50.0,2.0,2.0,1.0,0.0,8,2,0,863.5382596693363
app,installment,3345,120,2,12,0.34,0,71,4,49,M,1,high,single,9,self_employed,4287.0,104,102,5,3,1,673.0,0,0.33,8,0,3,3,0,0.0,0,0.0,37.333333333333336,39.0,1.6666666666666667,3.0,1.0,0.6666666666666666,2,2,0,863.849008086661
app,short_term,942,21,5,22,0.31,0,49,30,35,M,3,high,married,0,state,5441.0,22,369,2,3,0,563.0,0,0.12,4,5,3,3,0,0.0,0,0.0,47.333333333333336,55.0,1.3333333333333333,2.0,0.6666666666666666,0.3333333333333333,6,3,0,926.8994031776499
app,short_term,3400,14,0,38,0.26,0,82,34,41,F,1,college,married,4,state,3970.0,85,120,2,1,0,713.0,0,0.14,0,0,1,1,0,0.0,0,0.0,39.0,39.0,2.0,2.0,1.0,1.0,11,1,0,971.4411151247689
app,installment,4640,180,2,20,0.25,0,74,42,25,M,1,high,married,6,private,7179.0,77,110,5,2,1,531.0,0,0.47,2,1,2,2,0,0.0,0,0.0,37.0,57.0,1.5,2.0,0.5,1.0,7,0,0,783.5024125575683
app,installment,2691,60,6,5,0.17,1,63,27,28,F,2,college,married,2,self_employed,5000.0,95,111,2,1,0,565.0,0,0.4,8,3,1,1,0,0.0,0,0.0,52.0,52.0,1.0,1.0,1.0,0.0,4,1,0,1133.8941557138128
app,installment,3700,60,3,16,0.1,1,49,28,19,M,4,high,married,8,self_employed,5946.0,41,280,2,3,0,668.0,0,0.37,2,0,3,2,0,0.0,0,0.0,52.333333333333336,66.0,2.0,3.0,0.6666666666666666,1.0,11,3,0,1082.5212549175408
web,short_term,2207,21,4,17,0.13,0,85,25,21,M,3,college,married,6,private,3683.0,70,75,3,2,1,559.0,0,0.6,0,1,2,1,0,0.0,0,0.0,48.5,53.0,2.5,3.0,1.0,1.0,9,1,0,776.2650557709977
partner,installment,3800,180,7,13,0.22,0,86,17,31,F,5,college,single,3,private,3758.0,110,111,2,2,1,604.0,0,0.31,2,1,2,2,0,0.0,0,0.0,41.5,45.0,2.5,3.0,1.0,1.0,6,0,0,602.573916813069
app,short_term,701,21,2,34,0.1,0,54,51,24,M,5,college,married,3,self_employed,4467.0,96,119,2,2,1,616.0,0,0.36,4,2,2,2,0,0.0,0,0.0,25.0,36.0,1.0,1.0,1.0,1.0,8,0,0,940.9213902761876
partner,installment,3528,180,8,27,0.0,0,10,29,33,F,4,college,married,2,unemployed,3926.0,82,167,2,3,0,625.0,1,0.23,5,0,3,3,0,0.0,0,0.0,33.333333333333336,44.0,1.6666666666666667,2.0,1.0,1.0,7,6,0,1066.1720549236695
app,short_term,894,14,7,24,0.42,1,48,51,53,M,4,college,single,9,self_employed,3816.0,30,491,2,3,0,677.0,0,0.31,5,1,3,2,0,0.0,1,0.3333333333333333,39.0,44.0,1.0,1.0,1.0,1.0,0,1,0,729.164243435962
app,short_term,1015,21,2,16,0.21,0,45,25,46,M,2,college,single,8,state,1966.0,9,174,1,2,1,565.0,0,0.37,4,0,2,1,0,0.0,1,0.5,54.0,66.0,1.5,2.0,1.0,1.0,22,0,0,1068.7973755656278
app,short_term,1219,7,5,24,0.44,0,96,13,40,F,3,college,single,9,state,4583.0,101,94,2,1,1,620.0,0,0.31,2,2,1,1,0,0.0,0,0.0,78.0,78.0,1.0,1.0,1.0,0.0,14,5,0,703.4763922745435
app,short_term,3330,7,1,31,0.19,0,63,38,28,M,5,college,single,8,private,2242.0,8,99,5,1,1,698.0,0,0.45,7,0,1,1,0,0.0,0,0.0,18.0,18.0,3.0,3.0,1.0,1.0,10,1,0,776.1518819127195
app,short_term,934,21,4,26,0.03,0,44,18,27,F,3,middle,married,5,self_employed,3120.0,27,236,2,1,0,587.0,1,0.28,9,0,1,1,0,0.0,0,0.0,87.0,87.0,1.0,1.0,1.0,0.0,16,4,0,815.0749285152036
app,short_term,2042,7,6,24,0.34,0,90,35,40,M,3,college,married,4,private,3193.0,20,216,5,1,1,597.0,2,0.32,8,1,1,1,0,0.0,0,0.0,52.0,52.0,1.0,1.0,1.0,1.0,20,6,0,638.3234410460276
app,installment,3364,60,3,27,0.28,0,83,40,21,F,2,high,married,7,private,6268.0,32,359,4,2,0,521.0,0,0.4,8,1,2,2,0,0.0,0,0.0,56.5,74.0,1.0,1.0,0.5,0.5,20,1,0,918.296499220524
web,installment,2479,180,5,36,0.21,1,58,26,32,M,3,college,single,7,self_employed,5292.0,74,300,1,1,1,765.0,1,0.21,4,0,1,1,0,0.0,0,0.0,46.0,46.0,1.0,1.0,1.0,1.0,12,4,0,1249.985152427077
web,short_term,4223,30,4,13,0.16,0,70,21,55,F,4,college,single,8,private,4079.0,104,484,2,1,0,634.0,0,0.26,3,1,1,1,0,0.0,0,0.0,53.0,53.0,4.0,4.0,1.0,0.0,12,2,0,977.2571616585585
app,installment,2599,180,0,25,0.09,0,47,40,20,F,4,high,single,3,state,3633.0,92,368,5,3,0,665.0,0,0.22,8,2,3,3,0,0.0,0,0.0,52.666666666666664,56.0,2.0,2.0,0.6666666666666666,1.0,11,4,0,938.3187562522221
app,short_term,1389,21,6,22,0.58,0,74,36,30,F,4,college,married,10,self_employed,3478.0,119,357,4,3,0,743.0,2,0.24,7,1,3,3,0,0.0,0,0.0,46.666666666666664,54.0,2.0,4.0,1.0,0.3333333333333333,11,3,0,883.0106971455865
app,installment,529,120,2,26,0.25,0,33,0,51,M,5,college,married,1,private,6220.0,105,470,1,1,0,615.0,0,0.33,10,5,1,1,0,0.0,0,0.0,32.0,32.0,5.0,5.0,1.0,1.0,4,1,0,1035.634928164315
web,short_term,2345,21,7,15,0.17,0,36,45,35,F,3,middle,married,0,self_employed,2414.0,72,263,4,3,0,662.0,1,0.01,4,1,3,3,0,0.0,0,0.0,26.666666666666668,49.0,1.6666666666666667,2.0,1.0,0.6666666666666666,13,2,0,843.3595192398458
app,short_term,3707,7,4,13,0.21,0,84,16,36,F,3,middle,married,0,unemployed,3227.0,31,212,1,2,0,580.0,0,0.53,4,0,2,1,0,0.0,0,0.0,35.5,36.0,2.5,4.0,1.0,0.5,20,1,0,850.8665076463922
app,short_term,4305,30,5,9,0.13,1,76,33,49,F,4,college,married,5,private,5278.0,61,291,3,1,1,563.0,1,0.24,3,0,1,1,0,0.0,0,0.0,0.0,0.0,2.0,2.0,1.0,1.0,1,3,0,1068.3279688895968
app,short_term,1002,14,2,23,0.16,0,64,44,34,M,4,high,divorced,2,private,5209.0,101,481,5,2,0,739.0,0,0.09,5,0,2,2,0,0.0,0,0.0,38.0,59.0,2.0,3.0,1.0,0.5,14,4,0,962.7302641499721
web,short_term,3750,30,3,26,0.31,1,27,52,23,F,3,college,single,1,self_employed,4428.0,33,387,1,2,0,517.0,0,0.39,10,0,2,2,0,0.0,0,0.0,55.5,60.0,1.5,2.0,1.0,0.5,7,5,0,1050.6066142202897
app,short_term,1718,21,5,25,0.24,0,41,39,41,M,2,college,single,6,private,3357.0,95,207,5,3,1,602.0,0,0.21,5,1,3,3,0,0.0,1,0.3333333333333333,16.666666666666668,49.0,1.0,1.0,0.3333333333333333,0.6666666666666666,10,6,0,926.5198355600271
app,installment,4307,60,5,20,0.23,1,50,56,42,F,3,high,single,2,private,3471.0,94,117,5,1,0,652.0,2,0.17,6,2,1,1,0,0.0,0,0.0,11.0,11.0,3.0,3.0,1.0,1.0,18,5,0,786.3468741890331
app,installment,4858,120,10,15,0.15,0,85,38,47,M,3,middle,married,2,private,5508.0,87,270,1,3,0,691.0,1,0.32,1,0,3,3,0,0.0,0,0.0,44.0,48.0,2.0,3.0,1.0,1.0,16,5,0,1033.0077301495999
app,short_term,2474,30,1,21,0.43,0,65,41,20,M,3,college,married,6,state,3816.0,14,195,4,3,0,607.0,0,0.32,3,1,3,3,0,0.0,1,0.3333333333333333,23.666666666666668,33.0,2.0,3.0,0.6666666666666666,0.6666666666666666,15,2,0,862.7281893576661
app,short_term,4354,21,7,21,0.14,0,75,57,39,F,3,high,single,2,private,4844.0,113,344,2,3,0,637.0,1,0.29,5,4,3,2,0,0.0,0,0.0,46.333333333333336,60.0,2.6666666666666665,3.0,0.6666666666666666,0.3333333333333333,14,3,0,665.7050122809258
partner,short_term,3822,30,3,5,0.02,0,65,34,52,F,3,high,married,1,state,6253.0,26,415,3,3,1,641.0,0,0.35,8,5,3,3,0,0.0,0,0.0,33.333333333333336,47.0,1.3333333333333333,2.0,1.0,1.0,9,2,0,638.6982487515156
web,short_term,3121,21,2,19,0.37,0,10,24,45,F,1,high,married,2,state,2384.0,109,185,2,3,1,618.0,0,0.07,8,0,3,2,0,0.0,0,0.0,28.0,39.0,2.6666666666666665,3.0,1.0,1.0,12,6,0,777.1903359645554
partner,installment,2598,120,4,0,0.18,0,83,25,25,M,4,graduate,divorced,6,unemployed,6587.0,44,135,2,1,1,581.0,2,0.07,5,0,1,1,0,0.0,0,0.0,58.0,58.0,3.0,3.0,1.0,1.0,21,0,0,785.4913409155919
app,installment,694,60,6,0,0.3,0,63,29,22,F,2,college,single,9,private,1971.0,4,387,2,3,1,517.0,0,0.24,6,0,3,3,0,0.0,1,0.3333333333333333,47.666666666666664,87.0,1.6666666666666667,3.0,1.0,1.0,19,1,0,1006.3280218165685
app,installment,4385,90,4,13,0.14,0,42,56,29,M,4,high,single,0,self_employed,5770.0,79,235,2,3,0,710.0,0,0.65,5,4,3,2,0,0.0,0,0.0,30.0,37.0,2.0,4.0,0.3333333333333333,0.6666666666666666,18,2,0,809.3433003117233
app,short_term,3228,7,2,10,0.28,0,34,30,32,M,4,college,married,3,private,2453.0,114,365,1,2,0,501.0,0,0.07,6,1,2,1,0,0.0,0,0.0,37.0,69.0,1.5,2.0,0.5,0.5,16,6,1,478.5795565208601
web,installment,3638,60,2,24,0.27,0,41,41,39,F,2,high,married,6,private,4979.0,18,110,1,2,0,539.0,0,0.27,2,0,2,2,0,0.0,0,0.0,61.5,73.0,2.0,2.0,1.0,0.5,8,6,0,760.4780463223773
web,short_term,2349,7,4,25,0.27,0,76,31,38,M,3,college,single,10,private,6384.0,74,377,1,3,1,627.0,2,0.12,2,0,3,3,1,0.3333333333333333,0,0.0,17.333333333333332,25.0,3.0,5.0,1.0,1.0,8,1,0,717.3540984566644
app,short_term,4614,21,7,18,0.45,0,62,8,19,F,3,graduate,single,5,private,4029.0,78,377,3,2,0,555.0,0,0.15,0,0,2,2,0,0.0,0,0.0,34.0,51.0,1.5,2.0,1.0,1.0,23,5,0,1385.184251380737
app,installment,2159,120,0,7,0.3,0,97,24,33,M,2,high,single,4,private,4208.0,58,360,2,1,1,717.0,0,0.75,6,1,1,1,0,0.0,0,0.0,73.0,73.0,1.0,1.0,0.0,1.0,12,2,0,1004.8878671928406
app,installment,4744,60,0,9,0.19,0,66,55,38,F,4,high,married,0,private,4142.0,83,208,4,3,0,698.0,0,0.42,10,0,3,3,0,0.0,0,0.0,27.666666666666668,36.0,1.3333333333333333,2.0,1.0,1.0,1,2,0,1125.3378419628452
app,short_term,3785,21,0,22,0.25,0,101,41,21,M,4,middle,single,10,self_employed,3269.0,57,328,5,2,0,466.0,0,0.26,5,0,2,2,0,0.0,1,0.5,30.0,40.0,2.0,2.0,1.0,1.0,17,1,0,808.0902951619823
app,short_term,1373,14,0,12,0.04,0,53,20,26,M,4,high,married,10,state,3478.0,26,396,3,3,1,603.0,1,0.41,1,1,3,3,0,0.0,0,0.0,41.333333333333336,62.0,1.3333333333333333,2.0,0.6666666666666666,0.3333333333333333,10,4,0,723.0428125656621
web,short_term,4217,14,7,27,0.05,0,85,29,20,M,2,high,married,1,unemployed,3792.0,67,206,1,2,0,609.0,0,0.28,10,3,2,2,0,0.0,0,0.0,48.5,55.0,2.0,3.0,0.5,0.5,2,3,0,814.308723979145
web,installment,3394,180,1,38,0.26,0,57,4,32,F,4,high,married,7,private,5681.0,59,73,4,3,0,597.0,0,0.17,5,0,3,2,0,0.0,0,0.0,26.0,42.0,2.3333333333333335,4.0,0.6666666666666666,0.6666666666666666,8,5,0,1124.389764035835
partner,short_term,637,7,4,22,0.09,0,65,5,53,M,3,high,married,4,private,2198.0,66,306,5,3,0,803.0,0,0.29,6,0,3,3,0,0.0,0,0.0,54.333333333333336,61.0,1.3333333333333333,2.0,1.0,0.6666666666666666,6,6,0,914.8577898896226
app,short_term,940,7,5,37,0.22,0,121,29,47,M,3,middle,single,6,self_employed,3164.0,28,136,5,1,0,663.0,0,0.38,7,0,1,1,0,0.0,0,0.0,65.0,65.0,1.0,1.0,1.0,1.0,17,3,0,981.1223733317308
app,short_term,2626,30,1,12,0.37,0,46,30,24,F,3,high,married,4,self_employed,2454.0,1,363,5,3,1,600.0,0,0.56,7,2,3,2,0,0.0,1,0.3333333333333333,47.0,71.0,2.0,3.0,1.0,1.0,10,0,0,803.1968195804154
partner,installment,735,120,3,17,0.48,0,16,66,21,M,3,graduate,single,4,self_employed,2439.0,14,201,2,1,1,567.0,1,0.15,5,3,1,1,0,0.0,0,0.0,43.0,43.0,1.0,1.0,1.0,0.0,2,4,1,567.9949969119194
web,short_term,4245,14,9,5,0.23,0,27,22,40,M,2,middle,single,7,private,3140.0,109,426,5,1,0,705.0,0,0.24,7,4,1,1,0,0.0,0,0.0,48.0,48.0,5.0,5.0,1.0,1.0,9,3,0,608.5466227962562
app,short_term,1884,14,2,11,0.2,0,46,39,49,M,3,high,married,3,private,4485.0,1,130,4,1,0,692.0,0,0.11,5,0,1,1,0,0.0,0,0.0,62.0,62.0,3.0,3.0,0.0,1.0,3,4,0,1077.5618406447898
app,short_term,4797,21,5,5,0.5,0,68,12,24,M,2,college,single,2,private,3068.0,82,72,3,1,0,545.0,2,0.05,10,0,1,1,0,0.0,1,1.0,4.0,4.0,2.0,2.0,1.0,1.0,10,3,0,1001.4348352521645
app,installment,2480,120,6,10,0.05,0,73,29,40,M,1,college,single,4,state,4308.0,107,423,2,2,0,504.0,0,0.32,10,2,2,1,0,0.0,0,0.0,44.0,57.0,2.0,3.0,1.0,1.0,11,0,0,1158.786799686784
web,short_term,3960,21,4,33,0.27,0,92,28,44,M,5,graduate,married,2,self_employed,4838.0,65,320,3,3,0,478.0,0,0.67,7,0,3,2,0,0.0,0,0.0,42.666666666666664,47.0,1.0,1.0,0.6666666666666666,0.6666666666666666,0,6,0,541.0189238963354
web,short_term,2102,30,3,17,0.19,0,40,25,28,M,3,middle,single,0,private,6352.0,108,396,1,2,0,685.0,0,0.33,9,0,2,2,0,0.0,0,0.0,55.5,60.0,1.0,1.0,1.0,0.0,14,6,0,791.5941992546775
app,short_term,586,21,2,29,0.27,1,93,46,49,M,2,high,single,10,private,6318.0,110,461,5,3,0,636.0,0,0.62,8,0,3,2,0,0.0,0,0.0,39.333333333333336,52.0,1.0,1.0,1.0,1.0,19,2,0,1096.499489799292
app,installment,3427,120,4,10,0.49,0,57,23,38,M,4,college,single,6,state,3655.0,97,169,3,3,0,584.0,1,0.22,1,0,3,3,0,0.0,1,0.3333333333333333,33.0,49.0,1.0,1.0,1.0,0.6666666666666666,8,4,0,733.1416794844608
app,installment,2442,90,6,8,0.33,0,96,40,26,M,2,college,married,8,self_employed,5510.0,75,93,3,3,1,549.0,0,0.22,10,1,3,2,0,0.0,0,0.0,44.666666666666664,58.0,2.3333333333333335,4.0,1.0,0.6666666666666666,15,2,0,1199.886180800865
app,installment,3592,180,0,32,0.57,0,77,10,25,F,4,middle,single,0,private,4528.0,17,446,3,1,0,572.0,1,0.01,0,4,1,1,0,0.0,0,0.0,46.0,46.0,1.0,1.0,1.0,1.0,7,6,0,498.34244283454797
partner,installment,3177,120,2,20,0.35,0,80,58,19,M,1,college,married,6,private,2843.0,49,420,4,3,0,617.0,2,0.44,8,1,3,2,0,0.0,1,0.3333333333333333,28.0,55.0,1.3333333333333333,2.0,0.6666666666666666,0.6666666666666666,13,4,0,464.4712366547543
app,installment,3706,60,3,40,0.53,0,37,17,34,M,4,high,single,4,self_employed,3055.0,89,469,5,3,1,633.0,0,0.38,6,3,3,3,0,0.0,0,0.0,46.333333333333336,48.0,1.6666666666666667,2.0,0.6666666666666666,0.6666666666666666,1,1,0,678.1552566258215
app,installment,4957,120,8,8,0.37,1,31,24,46,M,5,high,single,2,self_employed,2633.0,59,165,5,1,0,551.0,3,0.41,1,0,1,1,0,0.0,0,0.0,29.0,29.0,2.0,2.0,1.0,1.0,21,4,0,612.0861150269585
app,installment,1317,120,8,25,0.38,0,107,33,29,M,4,college,married,9,private,2284.0,30,490,1,2,1,757.0,0,0.49,2,0,2,2,0,0.0,0,0.0,29.5,32.0,3.0,5.0,0.5,1.0,7,2,0,712.7983485697904
app,short_term,3796,7,5,15,0.25,0,62,14,19,F,4,graduate,married,7,unemployed,5088.0,56,117,4,2,1,610.0,0,0.37,2,1,2,2,0,0.0,0,0.0,53.5,65.0,1.5,2.0,1.0,0.5,19,0,0,940.6988630510081
app,installment,2561,120,4,23,0.07,0,33,52,53,F,1,high,single,6,unemployed,3100.0,80,99,4,3,1,624.0,0,0.26,4,0,3,3,0,0.0,0,0.0,31.666666666666668,35.0,2.6666666666666665,3.0,0.6666666666666666,0.6666666666666666,22,2,0,920.7746094956217
app,short_term,3406,21,0,14,0.23,0,67,58,29,F,1,college,single,5,state,4612.0,109,249,4,1,0,610.0,0,0.15,3,0,1,1,0,0.0,0,0.0,17.0,17.0,1.0,1.0,1.0,1.0,13,1,0,910.91164922747
app,short_term,3315,7,6,23,0.22,0,60,37,37,F,2,college,single,8,private,2931.0,53,282,4,1,1,489.0,0,0.59,10,1,1,1,0,0.0,0,0.0,18.0,18.0,1.0,1.0,1.0,1.0,19,4,0,1055.2945906191103
app,installment,4538,120,8,28,0.28,1,27,35,37,F,4,high,single,2,private,2285.0,80,461,2,1,0,677.0,0,0.15,8,2,1,1,0,0.0,0,0.0,59.0,59.0,1.0,1.0,1.0,1.0,9,1,0,722.4113937855396
app,short_term,837,14,8,30,0.12,0,30,46,41,F,3,middle,married,7,self_employed,4806.0,105,459,5,2,1,711.0,0,0.06,1,0,2,2,0,0.0,0,0.0,28.0,34.0,1.5,2.0,1.0,1.0,7,5,0,1139.150605564703
app,short_term,3150,14,8,10,0.58,0,20,12,44,M,2,college,married,9,state,5087.0,79,99,5,2,0,637.0,1,0.58,10,0,2,2,0,0.0,0,0.0,42.0,47.0,2.0,3.0,1.0,1.0,4,4,0,1146.3090041783653
partner,installment,4353,180,4,9,0.13,0,86,11,43,M,1,college,married,6,private,4213.0,51,235,3,2,0,652.0,3,0.28,6,2,2,2,0,0.0,0,0.0,50.5,65.0,3.5,4.0,1.0,0.5,13,0,0,778.4992147449531
app,installment,3920,120,0,18,0.13,0,98,44,49,F,2,middle,married,0,state,5021.0,2,212,4,1,0,515.0,1,0.44,2,5,1,1,0,0.0,0,0.0,53.0,53.0,3.0,3.0,1.0,1.0,15,6,0,564.9674891251734
partner,short_term,2593,30,1,14,0.26,0,59,5,31,M,5,college,married,4,self_employed,3573.0,40,321,1,1,0,788.0,0,0.25,3,0,1,1,0,0.0,0,0.0,53.0,53.0,4.0,4.0,1.0,1.0,14,6,0,802.0616504676475
app,short_term,2216,21,9,14,0.34,1,59,25,21,F,1,graduate,single,5,private,2732.0,27,303,1,2,0,462.0,0,0.3,7,0,2,2,0,0.0,1,0.5,36.5,48.0,2.0,3.0,1.0,1.0,12,4,0,663.0149564251776
partner,short_term,2174,14,3,19,0.21,0,70,33,42,M,4,college,single,10,unemployed,5940.0,57,60,1,1,1,726.0,0,0.09,8,1,1,1,0,0.0,0,0.0,45.0,45.0,2.0,2.0,1.0,1.0,8,6,0,1105.488298240129
app,installment,705,120,5,5,0.28,0,92,34,29,M,3,college,married,2,private,6067.0,39,50,4,1,0,635.0,0,0.42,2,0,1,1,0,0.0,0,0.0,47.0,47.0,1.0,1.0,1.0,1.0,15,3,0,1141.9515088231713
app,installment,2737,60,4,17,0.22,0,64,24,43,F,3,high,married,5,private,7154.0,23,354,2,1,1,559.0,0,0.6,9,1,1,1,0,0.0,1,1.0,31.0,31.0,2.0,2.0,1.0,1.0,8,3,0,990.2727897633131
partner,installment,4922,120,4,7,0.51,0,30,22,32,F,3,high,married,3,self_employed,8477.0,49,161,2,3,0,576.0,0,0.16,8,0,3,2,0,0.0,0,0.0,54.0,59.0,1.6666666666666667,2.0,1.0,0.3333333333333333,14,0,0,926.2124550252213
app,short_term,1950,30,3,23,0.59,0,78,26,47,M,4,college,married,0,private,3010.0,47,193,1,1,0,628.0,0,0.26,8,0,1,1,0,0.0,0,0.0,20.0,20.0,3.0,3.0,1.0,1.0,19,5,0,943.3885820025989
web,short_term,4564,7,9,32,0.43,0,59,52,45,F,3,high,married,7,self_employed,3205.0,29,286,4,2,0,661.0,0,0.45,6,3,2,2,0,0.0,0,0.0,58.5,73.0,3.0,3.0,1.0,0.5,19,0,0,742.5348550400793
app,installment,4885,120,3,30,0.45,0,85,32,55,M,1,college,married,0,private,4349.0,31,136,3,2,0,540.0,0,0.41,8,0,2,2,0,0.0,0,0.0,17.0,20.0,1.0,1.0,1.0,0.0,6,1,0,848.3800727209468
app,short_term,2899,7,8,11,0.37,0,46,50,53,F,1,high,single,0,self_employed,4962.0,91,108,5,3,1,734.0,0,0.15,3,4,3,2,0,0.0,0,0.0,35.0,68.0,1.0,1.0,1.0,0.3333333333333333,15,2,1,450.9839455510041
app,short_term,2493,14,1,13,0.38,0,71,41,33,M,3,high,single,8,self_employed,1752.0,77,397,5,2,0,650.0,0,0.58,2,0,2,2,0,0.0,0,0.0,44.0,57.0,2.0,2.0,1.0,0.5,1,0,0,895.9414591919088
app,short_term,2487,30,5,11,0.4,0,70,49,41,M,2,college,married,2,private,4422.0,55,235,3,3,1,689.0,0,0.27,8,1,3,3,0,0.0,0,0.0,35.333333333333336,58.0,1.3333333333333333,2.0,1.0,1.0,0,1,0,994.3322156541268
app,installment,2602,180,7,33,0.3,0,78,59,27,M,1,middle,married,7,private,2765.0,111,191,2,3,1,608.0,0,0.32,7,2,3,3,1,0.3333333333333333,0,0.0,40.0,58.0,2.0,3.0,0.6666666666666666,1.0,8,4,0,711.8623122575106
app,installment,4474,90,4,20,0.65,0,83,63,22,M,4,middle,married,7,private,4479.0,55,138,4,1,1,507.0,0,0.26,6,1,1,1,0,0.0,0,0.0,30.0,30.0,3.0,3.0,1.0,1.0,0,5,0,631.4485317188469
web,installment,2054,180,0,27,0.01,0,56,29,40,F,4,college,married,4,private,3336.0,77,415,5,3,0,535.0,0,0.17,0,6,3,3,0,0.0,0,0.0,16.666666666666668,21.0,1.3333333333333333,2.0,1.0,1.0,11,0,0,834.461474967249
app,installment,4906,120,2,19,0.1,0,56,33,20,M,2,high,single,2,unemployed,4140.0,94,77,3,2,1,701.0,1,0.22,5,3,2,1,0,0.0,0,0.0,32.0,40.0,2.0,3.0,1.0,1.0,22,6,0,964.044453639681
app,installment,2716,120,5,20,0.23,0,47,24,33,F,4,college,single,5,self_employed,4317.0,86,205,3,1,1,704.0,0,0.51,6,1,1,1,0,0.0,0,0.0,35.0,35.0,4.0,4.0,1.0,1.0,8,1,0,870.5383991694728
web,short_term,1524,21,11,2,0.58,0,35,20,48,F,4,college,married,1,self_employed,2494.0,7,247,2,2,0,479.0,0,0.3,2,0,2,2,0,0.0,0,0.0,54.0,54.0,1.5,2.0,1.0,1.0,17,6,0,849.0127877356687
app,installment,848,120,2,15,0.23,0,94,29,38,M,4,high,married,10,private,6605.0,55,171,1,1,0,675.0,0,0.32,2,4,1,1,0,0.0,1,1.0,18.0,18.0,1.0,1.0,1.0,1.0,17,6,0,814.1106410269167
web,installment,1498,60,0,17,0.28,0,50,36,24,M,4,college,single,2,self_employed,4179.0,89,421,5,3,1,589.0,0,0.48,3,3,3,3,0,0.0,0,0.0,46.666666666666664,66.0,2.0,3.0,0.6666666666666666,0.6666666666666666,8,5,0,970.7510349680931
app,short_term,3817,30,3,27,0.26,0,50,20,44,F,2,high,single,3,private,3450.0,86,117,2,2,0,552.0,0,0.41,8,1,2,2,0,0.0,0,0.0,15.5,17.0,2.5,4.0,1.0,1.0,15,3,0,648.3059244061036
web,short_term,614,21,3,33,0.22,0,50,28,24,F,3,graduate,married,7,unemployed,2763.0,11,395,3,3,0,566.0,0,0.5,2,0,3,3,0,0.0,1,0.3333333333333333,37.333333333333336,62.0,2.0,4.0,0.6666666666666666,0.6666666666666666,20,5,0,1068.1339057579642
web,installment,3616,180,5,19,0.4,0,56,33,22,M,1,graduate,single,2,private,3876.0,82,344,3,1,0,509.0,0,0.25,6,1,1,1,0,0.0,0,0.0,86.0,86.0,1.0,1.0,1.0,0.0,13,3,0,682.6187374106311
app,short_term,2448,14,4,40,0.28,0,76,40,41,M,4,college,married,6,private,5183.0,72,85,1,1,0,646.0,2,0.42,5,0,1,1,0,0.0,0,0.0,57.0,57.0,1.0,1.0,1.0,1.0,21,3,0,781.274235926531
app,short_term,3834,21,0,1,0.33,1,65,4,45,M,3,high,married,9,private,3860.0,5,327,5,3,0,541.0,0,0.36,4,1,3,3,0,0.0,0,0.0,42.333333333333336,56.0,1.3333333333333333,2.0,1.0,0.0,20,2,0,455.66442191807784
web,installment,3101,60,3,18,0.09,0,58,25,50,F,2,college,married,9,self_employed,2580.0,79,254,4,3,0,546.0,0,0.16,2,0,3,3,0,0.0,0,0.0,36.666666666666664,49.0,2.6666666666666665,4.0,1.0,1.0,14,5,0,808.5765134951488
app,installment,4341,90,10,15,0.42,0,39,46,46,M,2,middle,married,5,private,3659.0,56,361,3,2,0,715.0,0,0.08,2,1,2,2,0,0.0,0,0.0,27.0,40.0,1.5,2.0,1.0,1.0,1,5,0,1004.6075827836507
web,short_term,4492,14,6,15,0.54,0,110,51,27,M,3,high,single,5,private,4620.0,99,319,3,3,1,635.0,0,0.26,2,4,3,3,0,0.0,1,0.3333333333333333,39.333333333333336,54.0,1.3333333333333333,2.0,0.6666666666666666,0.6666666666666666,0,5,0,597.3626667894544
web,short_term,4472,21,8,32,0.01,0,77,32,20,F,2,college,married,3,private,5678.0,107,149,4,3,1,402.0,0,0.02,2,0,3,3,0,0.0,0,0.0,33.333333333333336,50.0,1.3333333333333333,2.0,1.0,0.6666666666666666,16,0,0,902.5532791772255
app,installment,2157,60,2,0,0.12,0,76,0,31,M,3,high,married,8,private,4060.0,56,328,4,2,0,474.0,0,0.7,2,4,2,2,0,0.0,0,0.0,54.0,71.0,1.0,1.0,1.0,1.0,0,0,0,846.1514409499118
partner,short_term,1086,30,0,10,0.12,0,92,17,28,F,2,college,single,4,private,3712.0,17,202,4,2,0,538.0,1,0.16,5,1,2,2,0,0.0,0,0.0,43.0,64.0,2.5,4.0,1.0,1.0,8,4,0,694.774077782747
partner,installment,4086,90,5,22,0.04,0,31,42,46,M,3,middle,single,4,unemployed,4500.0,69,311,1,1,1,691.0,0,0.35,0,1,1,1,0,0.0,0,0.0,22.0,22.0,1.0,1.0,1.0,0.0,14,5,0,767.8553442141138
app,installment,888,60,3,19,0.14,0,46,41,29,F,4,middle,single,10,private,3639.0,64,432,2,2,0,543.0,4,0.31,8,0,2,2,0,0.0,0,0.0,32.5,48.0,1.0,1.0,1.0,1.0,13,6,0,522.7725862145012
app,installment,2512,60,3,1,0.16,0,53,21,41,M,5,middle,divorced,10,private,1577.0,25,219,4,2,0,555.0,0,0.48,2,0,2,1,0,0.0,0,0.0,44.5,51.0,1.0,1.0,1.0,1.0,1,3,0,755.7846916774597
app,installment,4011,120,6,11,0.11,0,85,26,42,F,2,college,married,0,private,4995.0,65,253,2,2,1,621.0,0,0.23,9,1,2,2,0,0.0,0,0.0,31.0,33.0,2.5,4.0,0.5,0.5,4,5,0,1076.6463537063044
app,short_term,2856,7,8,33,0.54,0,72,42,25,F,3,college,single,9,private,5982.0,82,406,4,1,0,666.0,0,0.17,4,0,1,1,0,0.0,0,0.0,67.0,67.0,2.0,2.0,1.0,1.0,10,5,0,1197.8820807899065
app,installment,3301,90,3,19,0.29,1,33,32,52,M,3,high,married,0,private,5920.0,71,188,3,2,1,626.0,0,0.47,8,0,2,2,0,0.0,1,0.5,22.0,29.0,1.0,1.0,1.0,1.0,9,1,0,1027.3234618175647
app,short_term,543,30,7,6,0.3,1,87,35,44,F,4,high,divorced,10,state,4486.0,55,70,2,1,1,602.0,0,0.19,5,1,1,1,0,0.0,0,0.0,47.0,47.0,2.0,2.0,1.0,1.0,16,2,0,732.9963541676838
app,installment,3383,180,8,12,0.2,0,10,34,45,F,3,middle,divorced,0,private,4926.0,68,406,1,2,0,642.0,0,0.17,0,0,2,2,0,0.0,0,0.0,32.0,34.0,1.0,1.0,1.0,1.0,4,3,0,1034.8031016533203
app,short_term,3781,30,4,0,0.41,0,69,29,53,M,3,high,married,4,private,2198.0,66,306,5,3,0,803.0,0,0.29,6,0,3,3,0,0.0,0,0.0,54.333333333333336,61.0,1.3333333333333333,2.0,1.0,0.6666666666666666,19,2,0,689.5691076095363
app,short_term,993,21,0,16,0.02,0,78,30,54,M,2,college,single,10,self_employed,5877.0,5,267,5,2,0,572.0,0,0.57,7,0,2,2,0,0.0,0,0.0,44.0,65.0,1.0,1.0,1.0,0.5,12,4,0,1204.4437811428902
app,short_term,3619,21,5,37,0.12,0,31,12,29,M,2,graduate,married,10,state,2353.0,47,365,5,1,1,539.0,0,0.23,0,0,1,1,0,0.0,0,0.0,0.0,0.0,2.0,2.0,1.0,0.0,6,1,0,978.285133367154
partner,installment,2906,120,7,28,0.13,0,61,33,32,F,5,graduate,married,6,private,4433.0,74,471,4,3,0,558.0,0,0.1,9,0,3,3,0,0.0,0,0.0,56.333333333333336,83.0,2.3333333333333335,3.0,1.0,0.6666666666666666,13,3,0,916.0165089728189
app,installment,4164,120,10,13,0.27,1,42,20,39,F,2,high,single,0,self_employed,1717.0,64,336,4,1,0,723.0,0,0.32,1,1,1,1,0,0.0,0,0.0,49.0,49.0,1.0,1.0,1.0,0.0,3,1,0,990.5132241395792
app,short_term,1655,7,7,29,0.34,0,50,27,50,M,4,college,single,10,private,7384.0,62,376,1,2,0,419.0,0,0.43,5,0,2,2,0,0.0,0,0.0,32.5,41.0,1.5,2.0,1.0,0.5,7,4,0,884.9213929296176
partner,short_term,815,7,9,29,0.3,0,29,54,31,F,2,graduate,married,9,private,3855.0,29,498,3,3,0,631.0,1,0.05,10,1,3,3,0,0.0,1,0.3333333333333333,36.333333333333336,60.0,1.3333333333333333,2.0,1.0,0.6666666666666666,14,6,0,743.9524951046252
partner,installment,1092,120,3,24,0.15,0,78,26,24,F,5,middle,divorced,4,state,4510.0,56,334,5,2,1,514.0,0,0.08,8,1,2,2,0,0.0,0,0.0,37.5,43.0,1.0,1.0,0.5,1.0,7,1,0,821.4296485048428
app,installment,4994,120,4,20,0.15,0,49,40,44,M,3,middle,married,10,self_employed,3547.0,38,110,3,3,0,542.0,0,0.63,4,0,3,3,0,0.0,0,0.0,33.0,39.0,2.0,3.0,1.0,1.0,4,5,0,1250.5810099259368
app,installment,4376,120,2,17,0.43,0,64,33,29,M,3,high,single,6,self_employed,3533.0,92,279,3,2,1,631.0,0,0.41,0,0,2,1,0,0.0,1,0.5,51.0,57.0,1.0,1.0,1.0,1.0,11,0,0,1033.5645487847773
app,short_term,1843,14,3,19,0.24,0,64,37,35,M,2,high,divorced,1,state,4682.0,63,195,2,3,0,559.0,0,0.26,2,0,3,2,0,0.0,0,0.0,43.666666666666664,52.0,2.6666666666666665,4.0,1.0,1.0,4,1,0,1232.5051534056938
app,installment,4717,120,3,17,0.18,0,94,49,46,F,5,college,married,5,self_employed,4323.0,115,318,3,2,1,567.0,0,0.29,10,2,2,2,0,0.0,0,0.0,34.5,45.0,1.5,2.0,1.0,1.0,15,6,0,1058.0758284013984
app,installment,4157,90,8,16,0.33,0,44,31,40,M,3,middle,married,8,state,4804.0,47,319,1,2,1,596.0,0,0.24,1,0,2,2,0,0.0,0,0.0,30.5,47.0,4.0,5.0,1.0,1.0,11,2,0,742.0311083209249
app,short_term,2074,7,6,20,0.57,0,63,45,35,M,5,college,married,8,state,3239.0,52,191,4,3,1,594.0,0,0.56,0,0,3,3,0,0.0,0,0.0,41.0,55.0,2.3333333333333335,3.0,1.0,0.6666666666666666,14,3,1,755.716412170104
app,installment,4172,60,5,14,0.06,0,71,40,37,M,2,college,single,9,self_employed,3385.0,78,382,3,2,0,684.0,0,0.35,5,0,2,2,0,0.0,0,0.0,46.0,51.0,2.0,2.0,1.0,1.0,0,6,0,869.5000963814045
app,short_term,2179,30,8,11,0.28,0,33,42,38,F,4,high,married,0,private,4142.0,83,208,4,3,0,698.0,0,0.42,10,0,3,3,0,0.0,0,0.0,27.666666666666668,36.0,1.3333333333333333,2.0,1.0,1.0,11,0,0,1135.1609181806302
app,short_term,2036,14,10,33,0.26,0,35,2,42,M,2,graduate,single,2,private,3460.0,105,147,2,3,0,562.0,0,0.55,0,0,3,3,0,0.0,1,0.3333333333333333,39.0,45.0,2.0,3.0,1.0,0.6666666666666666,21,4,0,1045.197847468156
web,installment,1649,90,8,26,0.6,0,46,36,19,M,1,college,married,4,private,3237.0,102,77,4,3,1,642.0,0,0.36,5,0,3,2,1,0.3333333333333333,1,0.3333333333333333,24.666666666666668,41.0,2.3333333333333335,4.0,1.0,1.0,10,6,0,974.2654361578366
web,installment,2773,60,2,23,0.42,0,66,38,46,F,3,middle,single,10,self_employed,4174.0,100,95,3,1,0,562.0,0,0.35,3,5,1,1,0,0.0,0,0.0,56.0,56.0,2.0,2.0,1.0,1.0,16,6,0,957.6180751179465
app,short_term,2379,14,4,20,0.2,0,54,8,21,M,1,high,married,10,self_employed,4322.0,41,258,1,2,0,517.0,0,0.24,9,0,2,2,0,0.0,0,0.0,21.0,32.0,1.5,2.0,1.0,0.0,17,5,0,1121.7343938941908
partner,short_term,3614,7,11,7,0.49,1,61,19,26,F,4,college,married,6,unemployed,2750.0,35,355,1,2,0,631.0,0,0.18,4,0,2,2,0,0.0,0,0.0,54.5,70.0,1.5,2.0,0.0,0.0,2,5,0,812.3219824025342
app,installment,2642,90,0,26,0.27,0,59,45,34,M,3,college,single,1,state,2517.0,95,144,1,1,1,519.0,0,0.53,4,1,1,1,0,0.0,0,0.0,43.0,43.0,2.0,2.0,1.0,1.0,4,4,0,926.263894291021
app,short_term,936,7,4,25,0.55,1,38,18,23,F,4,college,married,4,state,6531.0,23,287,1,3,0,510.0,0,0.14,2,2,3,2,0,0.0,0,0.0,31.666666666666668,47.0,1.3333333333333333,2.0,1.0,1.0,15,6,0,714.4289332024607
app,short_term,4912,21,10,8,0.48,0,59,25,33,F,3,college,married,7,private,3457.0,84,489,5,2,0,552.0,0,0.38,0,0,2,2,0,0.0,0,0.0,20.0,35.0,1.0,1.0,0.5,1.0,1,0,0,1067.2582511174708
app,installment,2546,120,2,37,0.23,0,45,20,27,M,4,middle,single,2,private,1917.0,61,198,1,2,0,597.0,0,0.23,3,1,2,2,0,0.0,0,0.0,57.0,78.0,1.5,2.0,1.0,0.5,7,6,0,1029.1655468247297
app,installment,1281,180,6,29,0.2,0,63,41,48,M,4,college,divorced,0,private,3123.0,31,421,4,3,0,715.0,0,0.05,10,1,3,3,0,0.0,0,0.0,53.333333333333336,56.0,2.0,3.0,1.0,0.6666666666666666,16,6,0,1012.0763649516944
app,installment,4406,120,0,16,0.23,1,66,51,53,M,2,high,married,4,private,3819.0,54,148,4,1,0,653.0,0,0.64,5,1,1,1,0,0.0,0,0.0,34.0,34.0,1.0,1.0,1.0,1.0,20,2,0,837.2174278778654
app,short_term,3366,30,3,34,0.28,0,71,23,19,F,4,graduate,married,7,unemployed,5088.0,56,117,4,2,1,610.0,0,0.37,2,1,2,2,0,0.0,0,0.0,53.5,65.0,1.5,2.0,1.0,0.5,5,5,0,1031.7650204513207
web,short_term,3555,30,6,30,0.2,0,54,11,28,M,3,high,single,4,private,5902.0,97,296,3,3,1,599.0,0,0.39,6,2,3,3,0,0.0,0,0.0,36.0,52.0,2.6666666666666665,4.0,1.0,1.0,12,2,0,956.9189943235097
app,installment,2792,60,2,27,0.15,0,58,30,29,F,3,middle,single,0,self_employed,3736.0,108,493,3,1,1,547.0,1,0.3,3,0,1,1,0,0.0,0,0.0,1.0,1.0,1.0,1.0,1.0,0.0,20,5,0,819.8004215017796
app,short_term,2736,21,1,32,0.23,0,82,22,44,F,3,high,married,3,self_employed,1998.0,12,217,3,3,1,668.0,3,0.41,4,4,3,3,0,0.0,0,0.0,37.333333333333336,59.0,1.3333333333333333,2.0,0.6666666666666666,1.0,9,2,1,220.40664021888404
web,short_term,4066,21,1,12,0.1,0,95,19,49,M,2,graduate,married,10,self_employed,2258.0,2,480,1,1,1,732.0,0,0.21,8,0,1,1,0,0.0,0,0.0,28.0,28.0,1.0,1.0,1.0,1.0,3,6,0,1001.7923353162829
app,short_term,3164,21,2,20,0.53,0,34,21,44,F,3,college,single,1,unemployed,4412.0,66,203,3,2,0,672.0,2,0.79,1,0,2,2,0,0.0,0,0.0,45.0,46.0,1.5,2.0,1.0,1.0,15,4,0,784.6787378850428
app,short_term,1363,21,7,20,0.36,0,87,57,55,M,2,middle,single,6,state,2702.0,57,51,2,2,1,676.0,1,0.44,2,1,2,2,0,0.0,0,0.0,35.0,46.0,2.0,3.0,1.0,1.0,16,2,0,626.4144021991666
web,installment,2257,90,1,15,0.26,0,49,40,36,M,4,college,single,2,state,4448.0,28,472,5,3,0,557.0,0,0.2,10,0,3,2,0,0.0,0,0.0,26.0,32.0,2.0,3.0,1.0,1.0,14,0,0,1141.6927733304208
app,installment,3638,60,8,25,0.64,0,86,21,47,M,3,middle,married,3,self_employed,5274.0,106,275,4,3,0,640.0,1,0.55,3,1,3,3,0,0.0,0,0.0,47.0,70.0,1.3333333333333333,2.0,1.0,0.6666666666666666,3,0,0,1026.8354724920537
app,short_term,2059,30,6,24,0.34,1,73,32,25,M,3,high,single,6,self_employed,5820.0,80,130,1,3,0,505.0,0,0.27,1,1,3,3,0,0.0,0,0.0,27.666666666666668,50.0,1.6666666666666667,2.0,1.0,1.0,18,5,0,1093.4884778941087
app,short_term,4719,30,8,19,0.47,0,50,12,28,M,5,middle,married,7,unemployed,4055.0,96,149,3,3,1,531.0,0,0.61,9,0,3,3,0,0.0,0,0.0,47.0,59.0,2.0,2.0,1.0,0.6666666666666666,10,2,0,963.0095143998848
web,short_term,1102,7,7,14,0.1,0,74,14,48,F,3,high,married,7,unemployed,3072.0,75,88,5,3,1,547.0,0,0.43,7,0,3,3,0,0.0,0,0.0,39.666666666666664,63.0,2.0,3.0,1.0,0.6666666666666666,22,3,0,895.5668496729973
web,installment,1791,90,2,11,0.14,0,81,16,47,M,2,college,divorced,10,state,2967.0,85,427,3,3,0,579.0,1,0.14,0,0,3,2,0,0.0,0,0.0,40.0,52.0,2.0,3.0,1.0,1.0,12,4,0,959.7827298259671
app,short_term,1126,21,7,7,0.19,0,105,31,47,F,2,high,single,9,private,4137.0,68,432,4,1,1,521.0,0,0.04,0,1,1,1,0,0.0,0,0.0,17.0,17.0,1.0,1.0,1.0,1.0,8,3,0,949.002505782657
web,installment,761,180,0,4,0.52,0,22,32,25,F,4,high,single,8,unemployed,3598.0,91,481,2,2,0,629.0,0,0.27,6,3,2,2,0,0.0,0,0.0,50.5,58.0,1.0,1.0,1.0,0.0,13,3,0,541.9095493500896
app,installment,1662,60,2,25,0.19,0,57,31,31,F,2,middle,married,9,state,3615.0,19,134,2,3,0,605.0,0,0.47,6,1,3,3,0,0.0,0,0.0,47.333333333333336,60.0,1.0,1.0,1.0,1.0,1,6,0,838.2455678807335
app,short_term,3213,21,4,6,0.39,0,49,22,49,M,3,college,single,6,private,3872.0,47,387,1,1,0,631.0,0,0.36,5,1,1,1,0,0.0,1,1.0,25.0,25.0,2.0,2.0,1.0,1.0,12,3,0,797.8559497088667
app,short_term,4790,14,4,22,0.33,0,64,47,31,M,3,high,married,4,unemployed,5116.0,27,267,3,3,0,653.0,0,0.08,6,1,3,3,0,0.0,1,0.3333333333333333,48.666666666666664,81.0,3.3333333333333335,4.0,1.0,1.0,9,2,0,859.9069759642041
app,short_term,2263,21,0,13,0.22,0,40,19,48,F,5,college,married,7,state,3676.0,22,83,5,3,0,594.0,0,0.1,1,0,3,3,0,0.0,0,0.0,29.0,47.0,2.0,4.0,1.0,0.6666666666666666,10,5,0,981.6388638013881
web,short_term,4536,14,6,27,0.26,0,80,4,25,F,3,college,single,9,private,5982.0,82,406,4,1,0,666.0,0,0.17,4,0,1,1,0,0.0,0,0.0,67.0,67.0,2.0,2.0,1.0,1.0,16,3,0,887.0063382206475
app,short_term,2839,30,5,18,0.13,0,29,28,55,M,4,college,married,10,private,2773.0,95,65,2,1,0,561.0,0,0.18,6,1,1,1,0,0.0,0,0.0,53.0,53.0,1.0,1.0,1.0,1.0,0,4,1,599.2170889907486
web,short_term,1859,21,5,0,0.03,0,48,31,49,F,3,college,single,10,private,7486.0,51,462,3,3,0,537.0,0,0.07,6,3,3,2,0,0.0,0,0.0,47.333333333333336,77.0,1.6666666666666667,2.0,1.0,1.0,16,5,0,1033.170483501758
app,short_term,4166,21,6,24,0.44,0,73,18,38,M,4,high,divorced,2,self_employed,2945.0,101,243,2,1,0,580.0,0,0.25,4,0,1,1,0,0.0,0,0.0,31.0,31.0,4.0,4.0,1.0,1.0,14,0,0,854.2529890102014
app,short_term,2447,30,2,29,0.17,0,52,1,46,M,4,high,single,9,private,3711.0,15,101,1,1,0,651.0,1,0.16,9,0,1,1,0,0.0,0,0.0,31.0,31.0,1.0,1.0,0.0,1.0,2,2,0,649.5794870411409
app,installment,1916,60,2,9,0.13,0,65,52,36,M,3,college,married,8,unemployed,4826.0,17,163,3,1,0,646.0,0,0.19,5,1,1,1,0,0.0,0,0.0,34.0,34.0,2.0,2.0,0.0,1.0,5,0,0,1093.77384824
app,installment,4385,90,7,21,0.48,1,57,26,35,M,4,college,single,4,private,4137.0,88,267,1,2,1,726.0,0,0.53,6,1,2,1,0,0.0,0,0.0,10.5,21.0,1.5,2.0,1.0,1.0,12,3,0,989.1948290524715
app,short_term,1338,30,6,23,0.03,0,83,49,34,F,5,college,single,2,private,2369.0,98,291,3,1,1,499.0,0,0.43,6,1,1,1,0,0.0,0,0.0,58.0,58.0,1.0,1.0,1.0,1.0,5,0,0,542.6026866269733
app,installment,2798,90,7,25,0.25,1,83,30,55,M,5,middle,married,0,private,2721.0,5,126,2,3,0,565.0,0,0.37,6,1,3,3,0,0.0,0,0.0,40.333333333333336,44.0,1.6666666666666667,2.0,0.6666666666666666,0.6666666666666666,23,0,0,689.0644226697513
app,short_term,1159,14,5,11,0.24,1,100,6,41,F,4,high,single,4,self_employed,1862.0,93,494,3,2,1,613.0,0,0.52,1,0,2,2,0,0.0,0,0.0,26.0,36.0,1.0,1.0,1.0,1.0,22,3,0,860.1892098540268
app,installment,1221,120,6,6,0.08,0,55,50,52,M,4,college,married,2,private,2452.0,82,151,4,1,1,607.0,0,0.3,3,2,1,1,0,0.0,1,1.0,10.0,10.0,1.0,1.0,1.0,1.0,13,3,0,811.3262065800463
app,short_term,1883,21,6,37,0.08,1,44,58,52,M,1,graduate,married,5,state,3141.0,95,210,2,2,1,807.0,1,0.33,1,4,2,2,0,0.0,0,0.0,53.5,69.0,1.0,1.0,0.5,0.5,12,5,0,805.6203715706984
app,short_term,3140,21,8,26,0.13,1,57,43,55,M,3,high,single,6,private,2919.0,81,226,4,2,0,477.0,0,0.21,6,0,2,2,0,0.0,0,0.0,35.0,38.0,1.5,2.0,1.0,1.0,6,4,0,913.963661250921
web,installment,2834,120,5,10,0.18,0,60,26,30,M,3,high,married,2,private,3038.0,89,400,2,3,1,586.0,0,0.53,8,0,3,3,0,0.0,0,0.0,39.333333333333336,60.0,2.0,3.0,1.0,1.0,3,2,0,1209.8504234824782
app,short_term,1240,14,4,17,0.43,0,39,33,41,M,3,high,single,9,private,2962.0,91,280,3,2,0,384.0,0,0.54,7,1,2,2,0,0.0,0,0.0,41.0,58.0,2.0,2.0,1.0,1.0,22,3,0,640.133486157072
app,short_term,1457,21,3,9,0.35,1,64,69,43,F,2,high,single,5,self_employed,2882.0,112,95,3,1,1,682.0,1,0.38,2,0,1,1,0,0.0,0,0.0,34.0,34.0,1.0,1.0,1.0,1.0,1,1,0,1075.1904105902563
app,installment,3701,120,5,32,0.27,0,60,35,21,F,3,high,married,6,private,6404.0,74,160,1,1,1,684.0,0,0.08,5,0,1,1,0,0.0,0,0.0,49.0,49.0,3.0,3.0,0.0,1.0,9,3,0,900.1862964171082
app,installment,4924,90,5,2,0.15,0,40,49,23,F,2,high,divorced,1,private,3305.0,71,419,2,1,1,542.0,0,0.22,6,0,1,1,0,0.0,0,0.0,10.0,10.0,4.0,4.0,1.0,1.0,16,4,0,803.5871033655113
app,short_term,3404,14,1,28,0.35,1,77,19,53,M,1,college,married,5,private,6349.0,120,104,3,1,1,571.0,0,0.2,6,3,1,1,0,0.0,0,0.0,46.0,46.0,1.0,1.0,1.0,1.0,11,4,0,649.5718498782848
app,installment,2054,90,3,4,0.16,0,93,32,26,F,3,high,divorced,5,self_employed,5082.0,94,96,1,3,0,601.0,0,0.1,1,0,3,3,0,0.0,0,0.0,28.0,43.0,2.3333333333333335,5.0,1.0,1.0,14,1,0,794.6352882307076
app,installment,4198,60,7,5,0.46,1,50,29,44,F,1,high,single,1,unemployed,3516.0,104,226,5,1,0,620.0,2,0.08,8,0,1,1,0,0.0,0,0.0,65.0,65.0,3.0,3.0,1.0,1.0,19,4,0,681.476723528739
app,short_term,3143,7,0,10,0.24,0,62,14,32,M,2,graduate,married,0,private,2573.0,95,482,3,3,0,613.0,0,0.25,6,3,3,2,0,0.0,0,0.0,46.0,52.0,2.0,3.0,1.0,0.6666666666666666,19,0,0,772.4505926359416
app,short_term,3511,7,4,21,0.08,0,71,36,54,M,4,college,single,4,state,6243.0,15,382,5,3,0,674.0,0,0.32,8,0,3,2,0,0.0,0,0.0,17.0,30.0,2.0,2.0,1.0,0.6666666666666666,13,5,0,1014.2443049072313
app,short_term,1376,7,7,25,0.14,0,26,22,48,M,4,graduate,married,2,private,1962.0,64,127,1,1,0,572.0,0,0.18,1,4,1,1,0,0.0,0,0.0,45.0,45.0,3.0,3.0,1.0,1.0,21,5,0,606.9098517878309
app,installment,1825,120,7,37,0.49,0,57,28,39,F,4,college,single,3,private,5623.0,3,103,5,2,0,605.0,0,0.68,2,0,2,2,0,0.0,0,0.0,41.5,50.0,2.0,2.0,1.0,1.0,7,1,0,1159.3722420765823
app,installment,664,60,7,14,0.16,0,103,14,32,M,5,college,single,4,private,5318.0,22,307,4,3,1,635.0,0,0.1,2,0,3,2,1,0.3333333333333333,0,0.0,16.0,32.0,3.0,5.0,1.0,1.0,0,1,0,991.279872456105
web,installment,669,60,6,27,0.23,0,75,9,26,F,3,high,single,4,self_employed,4192.0,90,184,2,3,1,430.0,1,0.25,7,0,3,3,0,0.0,0,0.0,33.0,34.0,1.0,1.0,1.0,1.0,2,1,0,911.6413801999629
app,installment,1722,60,6,28,0.26,0,65,11,43,M,4,graduate,married,5,self_employed,2677.0,112,452,2,3,0,619.0,0,0.21,9,1,3,3,0,0.0,0,0.0,38.0,50.0,1.3333333333333333,2.0,1.0,0.6666666666666666,3,3,0,914.3988304084546
web,short_term,1248,7,1,29,0.15,0,29,12,18,F,3,high,single,6,private,3829.0,94,153,4,1,1,605.0,1,0.2,5,3,1,1,0,0.0,0,0.0,34.0,34.0,3.0,3.0,1.0,0.0,8,4,0,437.86416608070255
app,short_term,508,21,6,35,0.15,0,51,51,28,F,3,college,married,2,private,4255.0,62,444,5,1,0,450.0,0,0.23,1,0,1,1,0,0.0,0,0.0,40.0,40.0,1.0,1.0,1.0,1.0,5,0,0,1131.0704601627608
app,installment,3551,60,4,15,0.16,0,79,6,52,F,4,college,married,10,state,3277.0,102,173,2,3,0,731.0,0,0.63,6,2,3,2,0,0.0,0,0.0,37.666666666666664,59.0,2.3333333333333335,3.0,1.0,0.6666666666666666,20,5,0,753.692280064894
app,short_term,2280,21,3,27,0.39,0,62,0,53,M,3,college,single,2,unemployed,2838.0,92,188,4,3,0,610.0,0,0.37,1,0,3,3,1,0.3333333333333333,0,0.0,54.666666666666664,73.0,1.0,1.0,1.0,1.0,16,2,0,819.117900495832
app,installment,861,180,2,16,0.37,0,68,14,43,M,4,college,married,9,private,5281.0,103,393,1,3,1,684.0,0,0.42,9,1,3,3,0,0.0,0,0.0,56.0,71.0,2.6666666666666665,4.0,1.0,1.0,14,0,0,958.3506468181156
app,short_term,744,30,0,7,0.31,1,70,7,30,M,2,college,single,1,self_employed,7072.0,91,263,2,1,0,567.0,2,0.55,10,0,1,1,0,0.0,0,0.0,14.0,14.0,3.0,3.0,1.0,0.0,8,5,0,916.5763492215476
web,short_term,3182,7,3,8,0.07,0,74,24,29,F,4,high,married,4,unemployed,3864.0,63,469,3,3,0,716.0,0,0.51,1,2,3,3,0,0.0,0,0.0,23.666666666666668,30.0,1.0,1.0,1.0,0.6666666666666666,19,3,0,867.9578914449565
app,installment,2223,90,6,29,0.15,0,80,23,26,M,2,high,married,10,private,3976.0,23,482,5,2,0,494.0,0,0.64,9,1,2,2,0,0.0,1,0.5,22.5,45.0,2.0,2.0,1.0,1.0,15,3,0,1020.9144141451476
app,installment,2768,120,4,21,0.52,1,52,18,55,M,4,high,married,1,self_employed,3448.0,44,186,2,2,1,595.0,0,0.36,5,0,2,2,0,0.0,0,0.0,22.0,23.0,1.0,1.0,1.0,1.0,8,6,0,975.0583896200169
web,short_term,4551,7,9,18,0.22,0,69,30,28,M,3,graduate,married,5,private,2412.0,14,349,4,1,1,606.0,1,0.38,0,2,1,1,0,0.0,0,0.0,43.0,43.0,1.0,1.0,0.0,1.0,16,3,0,660.3195485166914
app,short_term,808,14,9,7,0.09,0,84,71,46,F,3,high,single,9,self_employed,2938.0,93,100,3,2,0,719.0,2,0.61,1,0,2,2,0,0.0,0,0.0,18.0,20.0,1.0,1.0,0.5,1.0,6,5,0,868.6701648464517
app,short_term,3125,21,9,21,0.23,0,36,38,31,M,1,high,married,7,private,7213.0,3,210,2,3,0,808.0,0,0.14,4,5,3,3,0,0.0,0,0.0,59.333333333333336,89.0,3.0,5.0,1.0,1.0,7,5,0,666.7905267193856
app,installment,3243,180,13,23,0.1,0,79,54,37,F,2,college,married,2,self_employed,6725.0,37,458,1,3,1,655.0,0,0.49,7,1,3,2,0,0.0,0,0.0,29.0,49.0,2.6666666666666665,3.0,1.0,0.6666666666666666,0,4,0,986.9127811898272
app,short_term,2196,7,5,28,0.08,0,50,15,47,F,4,high,single,1,state,2544.0,84,499,2,3,0,762.0,1,0.11,10,1,3,3,0,0.0,0,0.0,37.666666666666664,59.0,1.6666666666666667,3.0,1.0,0.3333333333333333,20,2,0,779.1020502787821
app,short_term,791,21,3,21,0.2,0,63,0,37,M,4,college,single,1,state,3461.0,86,58,3,2,1,482.0,0,0.6,3,1,2,2,0,0.0,0,0.0,17.0,24.0,1.5,2.0,1.0,0.5,3,1,0,1201.540920529124
app,short_term,3186,14,1,6,0.06,0,65,30,19,M,3,college,single,3,private,3751.0,49,53,2,2,0,698.0,4,0.83,2,1,2,2,0,0.0,0,0.0,43.5,55.0,2.0,2.0,1.0,0.5,8,6,1,342.0960743598838
app,short_term,4245,30,5,31,0.25,0,77,37,55,M,4,high,single,2,private,6672.0,25,169,3,1,0,636.0,0,0.11,1,0,1,1,0,0.0,0,0.0,28.0,28.0,1.0,1.0,1.0,1.0,12,5,0,847.9347814714105
app,short_term,3951,21,2,16,0.17,0,71,35,33,M,2,college,single,10,self_employed,6909.0,111,234,4,2,0,562.0,0,0.46,6,0,2,2,0,0.0,0,0.0,16.5,30.0,1.5,2.0,1.0,0.0,4,4,0,1258.6095436941994
web,installment,1114,180,4,29,0.15,0,53,27,21,F,2,graduate,married,8,self_employed,3093.0,102,476,3,3,1,570.0,0,0.32,9,1,3,1,0,0.0,0,0.0,32.0,40.0,2.3333333333333335,4.0,1.0,0.6666666666666666,13,0,0,873.2794475298055
app,installment,1419,120,5,23,0.41,0,64,30,22,F,1,middle,married,8,private,4064.0,91,423,2,1,0,737.0,0,0.07,3,0,1,1,0,0.0,0,0.0,40.0,40.0,2.0,2.0,1.0,0.0,19,5,0,1237.5178048244773
web,installment,4401,180,2,35,0.21,0,80,24,45,M,2,middle,married,4,self_employed,4276.0,14,465,4,2,0,657.0,0,0.11,7,5,2,2,0,0.0,0,0.0,56.0,64.0,1.0,1.0,0.5,0.5,8,6,0,696.1249633144998
app,installment,3753,60,3,18,0.26,1,10,56,38,M,2,high,single,9,self_employed,2475.0,113,216,3,3,1,671.0,1,0.67,4,0,3,3,0,0.0,0,0.0,61.0,82.0,1.6666666666666667,3.0,1.0,1.0,14,3,0,719.3882641058069
web,installment,2182,120,7,6,0.19,0,50,37,43,F,1,high,single,5,private,4074.0,95,336,2,3,1,561.0,0,0.31,6,0,3,3,0,0.0,0,0.0,34.666666666666664,50.0,2.0,3.0,1.0,0.6666666666666666,11,5,0,1183.3737914108146
app,installment,2038,60,5,15,0.05,0,97,29,39,F,2,graduate,single,4,private,1822.0,76,360,3,2,1,614.0,0,0.16,4,0,2,2,0,0.0,0,0.0,21.0,23.0,1.5,2.0,1.0,0.5,10,2,0,1017.3928494551022
web,short_term,3990,14,3,19,0.26,0,48,39,54,M,3,high,single,1,self_employed,3472.0,83,218,2,1,0,736.0,0,0.21,1,1,1,1,0,0.0,0,0.0,17.0,17.0,1.0,1.0,1.0,1.0,2,5,0,839.2336362012768
app,installment,3704,90,8,4,0.14,0,78,16,18,F,3,high,single,0,self_employed,3594.0,90,125,3,1,0,718.0,0,0.19,10,1,1,1,0,0.0,0,0.0,18.0,18.0,2.0,2.0,1.0,1.0,3,1,0,1061.490356830136
web,installment,1818,120,7,26,0.39,1,59,12,42,M,3,college,divorced,10,unemployed,3548.0,48,325,2,1,0,645.0,0,0.14,9,1,1,1,0,0.0,0,0.0,27.0,27.0,2.0,2.0,1.0,1.0,11,3,0,1125.2973548129514
app,installment,1290,120,0,19,0.21,0,46,58,29,F,3,college,divorced,2,unemployed,3457.0,115,232,2,1,1,542.0,0,0.51,5,0,1,1,0,0.0,0,0.0,35.0,35.0,1.0,1.0,1.0,0.0,6,5,0,1173.6373706543118
app,short_term,4359,14,7,14,0.26,0,86,10,55,F,2,college,single,0,state,2475.0,73,112,1,1,0,671.0,0,0.22,6,1,1,1,0,0.0,0,0.0,13.0,13.0,2.0,2.0,0.0,1.0,6,6,0,636.8297446005083
app,installment,4383,90,2,28,0.28,0,49,45,53,F,4,high,single,4,unemployed,3452.0,54,494,4,3,0,476.0,0,0.49,10,2,3,2,0,0.0,0,0.0,31.333333333333332,38.0,3.3333333333333335,4.0,0.6666666666666666,0.6666666666666666,10,6,0,898.1936784525531
app,short_term,2262,30,9,15,0.13,0,55,36,25,M,3,high,single,7,private,3397.0,33,209,4,1,1,726.0,0,0.07,4,0,1,1,0,0.0,0,0.0,16.0,16.0,4.0,4.0,1.0,1.0,18,0,0,1093.3672338794515
web,short_term,1385,30,1,31,0.1,0,55,38,54,M,4,high,single,0,state,3955.0,89,374,3,1,0,589.0,1,0.63,5,3,1,1,0,0.0,0,0.0,52.0,52.0,1.0,1.0,0.0,1.0,22,5,0,823.2830348780245
app,installment,1488,90,8,36,0.08,0,46,37,22,M,3,college,married,7,private,2491.0,60,382,5,2,1,594.0,0,0.27,1,1,2,1,0,0.0,0,0.0,43.0,52.0,1.5,2.0,1.0,1.0,6,3,0,1027.0581058619487
partner,short_term,2559,30,7,26,0.17,0,88,24,25,M,3,college,single,8,state,2331.0,9,427,4,3,0,655.0,0,0.34,8,0,3,2,0,0.0,0,0.0,34.0,60.0,1.3333333333333333,2.0,1.0,1.0,6,4,0,924.7013032798104
app,short_term,2186,21,1,33,0.37,0,72,40,23,M,3,college,single,8,private,4398.0,20,259,1,3,0,594.0,2,0.23,4,2,3,2,0,0.0,0,0.0,48.666666666666664,64.0,2.3333333333333335,4.0,1.0,1.0,0,1,0,816.1944385112408
app,installment,1168,180,8,35,0.72,0,33,18,19,F,3,middle,married,7,private,4135.0,51,200,3,2,0,660.0,0,0.62,5,2,2,2,0,0.0,0,0.0,24.5,49.0,2.5,4.0,1.0,0.0,0,3,0,1066.772887755184
app,installment,4822,90,5,22,0.06,0,72,27,44,M,4,college,single,7,state,1500.0,118,152,2,2,1,736.0,0,0.57,8,0,2,2,0,0.0,0,0.0,48.0,67.0,1.0,1.0,1.0,1.0,13,6,0,905.7931533901005
app,installment,1761,120,0,12,0.07,0,48,13,48,M,2,college,married,6,private,3603.0,100,56,2,3,1,671.0,0,0.21,1,2,3,2,0,0.0,0,0.0,21.666666666666668,29.0,1.6666666666666667,2.0,1.0,0.3333333333333333,23,3,0,1169.4198403325836
app,short_term,1288,21,8,14,0.24,1,51,10,43,F,4,middle,married,9,private,2606.0,33,155,5,3,0,583.0,0,0.38,7,0,3,3,0,0.0,0,0.0,46.0,57.0,1.3333333333333333,2.0,1.0,1.0,1,1,0,730.5731530810747
web,installment,3471,120,5,21,0.73,0,80,34,54,M,2,college,married,3,private,4463.0,2,211,5,1,0,652.0,0,0.55,7,2,1,1,0,0.0,0,0.0,27.0,27.0,1.0,1.0,1.0,0.0,3,5,0,1106.4029158370586
app,installment,3497,180,4,29,0.24,0,65,12,46,F,3,college,single,5,private,2605.0,104,474,4,1,0,702.0,2,0.33,1,4,1,1,0,0.0,0,0.0,23.0,23.0,5.0,5.0,1.0,1.0,18,6,0,491.7181293551746
app,installment,2609,60,4,9,0.62,0,17,17,41,M,3,college,single,4,self_employed,4818.0,79,468,4,1,1,662.0,0,0.49,0,0,1,1,0,0.0,1,1.0,53.0,53.0,1.0,1.0,1.0,1.0,12,4,0,1072.9010313539181
app,installment,2621,120,5,31,0.24,0,47,20,23,F,4,high,single,5,self_employed,5228.0,120,441,2,1,1,687.0,0,0.29,9,1,1,1,0,0.0,0,0.0,69.0,69.0,4.0,4.0,1.0,1.0,15,0,0,927.6684760530869
app,installment,3457,120,2,22,0.34,0,51,17,38,F,4,high,married,2,self_employed,3685.0,51,407,1,1,0,550.0,0,0.54,7,5,1,1,0,0.0,0,0.0,35.0,35.0,1.0,1.0,1.0,1.0,22,5,0,681.9481098754815
app,installment,1366,120,3,27,0.16,0,68,42,53,M,5,college,single,2,private,4718.0,55,309,5,2,0,686.0,1,0.31,9,1,2,2,0,0.0,0,0.0,38.5,55.0,1.5,2.0,1.0,1.0,1,6,0,769.9844754088645
web,installment,857,90,4,13,0.3,0,41,31,40,F,4,high,single,5,state,3126.0,100,94,4,1,1,680.0,0,0.5,4,0,1,1,0,0.0,0,0.0,25.0,25.0,1.0,1.0,1.0,0.0,1,0,0,853.8661729634563
app,short_term,4080,7,9,3,0.34,0,61,33,55,M,4,college,married,8,private,4922.0,89,150,5,2,0,412.0,0,0.24,2,1,2,2,0,0.0,0,0.0,57.5,59.0,2.0,3.0,1.0,1.0,16,6,0,563.537469511958
app,short_term,3716,30,4,17,0.19,0,56,36,35,F,4,middle,married,9,private,5488.0,91,298,3,2,1,602.0,0,0.12,8,0,2,2,0,0.0,1,0.5,25.0,31.0,2.0,3.0,1.0,1.0,7,2,0,1076.7628071738604
app,installment,4132,90,7,21,0.47,0,80,28,20,F,5,middle,married,6,private,3449.0,88,393,3,1,1,572.0,1,0.43,5,0,1,1,0,0.0,0,0.0,20.0,20.0,1.0,1.0,0.0,1.0,20,4,0,713.6714056920997
app,short_term,4445,14,6,12,0.29,0,37,46,46,F,3,middle,single,3,self_employed,5596.0,37,498,1,2,0,669.0,0,0.11,3,0,2,1,0,0.0,0,0.0,13.5,27.0,2.0,3.0,1.0,0.5,3,4,0,1216.5885916042087
app,short_term,3815,21,0,20,0.2,0,45,51,39,F,5,college,married,4,unemployed,2193.0,3,372,5,2,1,671.0,0,0.1,3,2,2,2,0,0.0,0,0.0,15.0,19.0,1.0,1.0,1.0,1.0,9,4,0,679.1517170005386
web,installment,1204,90,5,19,0.37,0,81,30,48,M,3,high,married,2,private,8478.0,108,189,4,1,0,655.0,1,0.37,1,2,1,1,0,0.0,0,0.0,44.0,44.0,3.0,3.0,1.0,1.0,14,5,0,854.4940958805724
web,installment,3151,60,0,31,0.13,0,54,48,34,M,2,college,married,8,state,3048.0,74,211,4,3,1,557.0,0,0.65,9,0,3,3,0,0.0,0,0.0,28.0,51.0,2.0,3.0,1.0,1.0,3,5,0,1201.3940550699522
app,short_term,852,21,4,31,0.28,0,84,24,50,M,3,college,divorced,0,self_employed,5856.0,50,91,5,2,0,656.0,0,0.59,7,3,2,2,0,0.0,1,0.5,24.0,42.0,1.5,2.0,1.0,1.0,1,1,0,1113.0500270139225
web,short_term,2607,30,4,6,0.32,0,61,63,49,F,1,college,married,3,state,5975.0,94,107,2,1,0,635.0,1,0.44,2,0,1,1,0,0.0,0,0.0,35.0,35.0,3.0,3.0,1.0,1.0,3,2,0,1030.2065722805462
app,short_term,1101,30,7,5,0.4,0,30,34,24,F,3,high,single,6,unemployed,2473.0,119,229,1,2,1,734.0,0,0.45,7,0,2,1,0,0.0,0,0.0,52.0,61.0,2.5,4.0,1.0,1.0,16,0,0,691.3068953305584
web,installment,4303,180,6,30,0.11,0,62,25,34,F,3,college,single,5,self_employed,2774.0,32,365,2,2,0,657.0,0,0.21,10,0,2,2,0,0.0,0,0.0,61.5,63.0,2.0,3.0,1.0,1.0,19,0,0,1166.3781518457786
web,short_term,3179,21,10,26,0.15,0,106,17,36,F,2,high,married,2,self_employed,5394.0,38,134,3,2,1,653.0,0,0.1,4,2,2,2,0,0.0,1,0.5,34.0,36.0,1.0,1.0,1.0,1.0,20,4,0,1143.2289793874688
app,short_term,3021,21,2,40,0.02,1,63,29,18,M,4,high,married,2,self_employed,3807.0,43,339,2,2,0,577.0,0,0.1,10,1,2,1,0,0.0,0,0.0,51.0,79.0,1.5,2.0,1.0,0.5,10,3,0,1194.477755890889
app,installment,949,90,2,36,0.19,0,49,24,52,F,3,college,single,8,self_employed,3130.0,29,435,5,3,1,521.0,1,0.31,4,0,3,3,0,0.0,0,0.0,28.0,71.0,1.3333333333333333,2.0,0.6666666666666666,0.3333333333333333,20,3,0,897.2948844690837
partner,short_term,1941,14,4,12,0.33,0,53,51,24,F,3,high,divorced,1,self_employed,3466.0,88,381,2,3,1,676.0,0,0.3,8,1,3,2,0,0.0,1,0.3333333333333333,26.333333333333332,40.0,1.0,1.0,0.6666666666666666,1.0,10,0,0,916.4761784376597
partner,installment,3342,120,2,16,0.19,0,55,52,53,M,2,college,single,4,self_employed,5907.0,110,126,2,3,0,606.0,0,0.15,3,2,3,3,0,0.0,0,0.0,15.0,20.0,2.6666666666666665,5.0,1.0,0.3333333333333333,14,2,0,1097.5648996332375
app,short_term,3526,30,10,38,0.36,0,78,19,50,F,3,graduate,married,3,private,4962.0,105,285,5,2,1,604.0,0,0.45,8,1,2,2,0,0.0,0,0.0,47.5,49.0,1.5,2.0,1.0,1.0,21,1,0,917.2933869887507
app,short_term,4760,7,4,26,0.42,0,73,35,48,M,3,high,single,10,private,5038.0,21,204,2,2,1,494.0,0,0.11,5,0,2,2,0,0.0,0,0.0,65.5,67.0,1.0,1.0,0.5,1.0,15,0,0,658.9146290859316
app,installment,4032,180,2,24,0.57,0,73,0,28,F,2,college,single,1,private,2566.0,20,303,3,3,0,529.0,0,0.52,1,2,3,2,0,0.0,0,0.0,46.666666666666664,64.0,1.6666666666666667,2.0,0.6666666666666666,0.3333333333333333,5,5,0,903.7592910181422
app,short_term,1419,14,6,19,0.24,0,34,15,20,M,4,middle,single,4,self_employed,3318.0,3,455,1,2,0,707.0,0,0.17,1,1,2,2,0,0.0,1,0.5,52.0,53.0,2.5,3.0,1.0,1.0,3,6,0,971.4363113728637
app,installment,1435,180,4,4,0.39,0,56,48,41,F,3,graduate,married,0,unemployed,3779.0,78,294,5,3,0,540.0,0,0.23,6,4,3,1,0,0.0,0,0.0,33.333333333333336,60.0,1.6666666666666667,3.0,0.6666666666666666,0.6666666666666666,13,0,0,677.356720276867
app,installment,2875,180,1,15,0.19,0,73,22,36,F,2,high,married,8,private,2284.0,1,304,4,3,0,640.0,0,0.2,10,4,3,2,0,0.0,0,0.0,51.333333333333336,86.0,2.6666666666666665,5.0,1.0,0.6666666666666666,18,5,0,982.6712875966446
app,installment,3798,60,9,9,0.15,1,52,48,51,M,3,graduate,single,6,self_employed,5469.0,47,406,1,1,0,556.0,0,0.15,1,1,1,1,0,0.0,0,0.0,53.0,53.0,1.0,1.0,1.0,1.0,19,6,0,1028.9789486436277
app,short_term,3291,21,5,25,0.46,0,32,28,54,F,3,high,married,8,private,4858.0,77,212,4,2,1,633.0,0,0.22,4,1,2,2,0,0.0,0,0.0,58.5,77.0,2.5,4.0,1.0,0.5,19,4,0,798.9710180693564
app,short_term,4228,30,3,20,0.44,0,74,14,19,M,5,high,married,4,private,5895.0,41,429,4,3,0,599.0,0,0.23,9,0,3,3,0,0.0,1,0.3333333333333333,68.33333333333333,74.0,1.0,1.0,0.6666666666666666,1.0,1,0,0,919.2079859173838
app,installment,987,180,5,19,0.12,0,52,31,35,M,2,college,married,6,state,3892.0,12,356,2,2,0,501.0,0,0.31,3,0,2,2,0,0.0,0,0.0,36.0,50.0,3.0,4.0,0.5,0.5,6,3,0,1151.4302155736782
app,short_term,3532,30,4,20,0.37,0,43,29,37,F,2,high,married,1,private,1902.0,76,487,3,2,0,646.0,0,0.24,5,0,2,2,0,0.0,0,0.0,42.0,46.0,2.0,2.0,1.0,1.0,14,3,0,655.5544930961919
app,installment,2807,180,7,33,0.38,0,38,24,38,F,5,high,single,9,self_employed,4078.0,86,164,3,3,0,534.0,0,0.52,3,2,3,2,0,0.0,0,0.0,32.333333333333336,50.0,1.6666666666666667,3.0,1.0,1.0,21,5,0,1173.0972652819028
app,installment,4234,180,6,12,0.28,0,73,27,35,F,5,college,married,1,private,2975.0,4,213,4,3,0,634.0,0,0.31,0,0,3,3,0,0.0,0,0.0,27.333333333333332,34.0,1.0,1.0,1.0,0.3333333333333333,7,1,0,748.9384927118638
app,short_term,4767,14,0,23,0.19,0,46,16,43,M,5,high,married,9,private,3635.0,12,394,2,1,1,648.0,0,0.49,7,4,1,1,0,0.0,0,0.0,72.0,72.0,4.0,4.0,1.0,0.0,7,4,0,525.3154664774918
partner,short_term,2875,21,10,16,0.28,0,35,20,37,F,3,high,single,4,private,3957.0,25,414,1,1,0,521.0,0,0.57,10,2,1,1,0,0.0,0,0.0,43.0,43.0,3.0,3.0,1.0,0.0,21,1,0,1134.3155882525011
app,short_term,2476,14,2,20,0.23,0,43,2,41,M,2,high,married,6,self_employed,3726.0,86,417,2,3,0,767.0,0,0.2,2,2,3,3,0,0.0,0,0.0,55.333333333333336,75.0,3.3333333333333335,4.0,1.0,0.6666666666666666,12,2,0,916.9424241474617
web,installment,1226,180,3,17,0.31,0,53,0,24,F,1,college,single,9,private,5105.0,63,292,4,2,1,582.0,0,0.27,4,3,2,2,0,0.0,1,0.5,34.0,51.0,3.0,4.0,0.5,1.0,16,0,0,511.4044203237654
web,installment,3424,90,5,14,0.23,0,79,4,38,M,4,college,single,8,private,3847.0,107,447,3,3,1,705.0,4,0.27,6,2,3,3,0,0.0,0,0.0,39.666666666666664,46.0,2.3333333333333335,4.0,0.6666666666666666,0.6666666666666666,0,2,1,140.68193199718007
partner,installment,2282,60,3,16,0.37,0,68,25,44,M,2,high,married,7,state,4993.0,73,276,4,3,0,654.0,1,0.26,2,0,3,3,0,0.0,0,0.0,30.0,52.0,1.6666666666666667,3.0,1.0,1.0,20,2,0,916.1550910781909
app,short_term,1689,14,0,27,0.08,0,50,14,25,F,2,middle,married,2,private,5181.0,68,395,3,1,1,652.0,0,0.38,3,0,1,1,0,0.0,0,0.0,35.0,35.0,1.0,1.0,0.0,1.0,4,3,0,1220.344243384315
web,short_term,4743,7,1,14,0.33,0,46,17,35,F,3,college,married,2,unemployed,8767.0,89,126,5,1,0,300.0,1,0.22,8,2,1,1,0,0.0,0,0.0,40.0,40.0,1.0,1.0,1.0,1.0,16,5,0,544.7018441798451
app,short_term,1136,14,7,22,0.08,0,69,13,25,M,3,college,divorced,8,self_employed,4219.0,61,284,4,2,0,564.0,0,0.32,10,0,2,2,0,0.0,0,0.0,30.0,42.0,2.5,3.0,1.0,0.0,14,5,0,1198.299678940611
web,short_term,1405,7,5,15,0.34,0,59,40,22,F,3,college,single,2,self_employed,4785.0,32,245,3,1,0,506.0,0,0.31,5,0,1,1,0,0.0,0,0.0,14.0,14.0,1.0,1.0,1.0,1.0,19,2,0,809.2526818127708
web,installment,2906,60,6,19,0.32,0,63,24,20,M,2,middle,married,2,self_employed,2554.0,87,63,5,3,0,636.0,0,0.3,3,1,3,2,0,0.0,0,0.0,65.33333333333333,79.0,1.6666666666666667,3.0,1.0,0.3333333333333333,14,5,0,871.7853642933115
app,short_term,3448,7,3,18,0.41,0,43,34,51,F,2,high,single,0,state,7169.0,11,368,1,1,0,637.0,1,0.43,5,0,1,1,0,0.0,0,0.0,15.0,15.0,1.0,1.0,1.0,1.0,8,0,0,816.1652752063005
app,short_term,2039,14,5,41,0.23,0,47,18,19,F,2,graduate,single,10,private,2665.0,116,189,5,2,0,616.0,0,0.49,2,3,2,2,0,0.0,0,0.0,47.5,55.0,2.0,3.0,1.0,1.0,2,5,0,945.0858557062704
partner,installment,4262,120,7,14,0.16,0,69,32,21,F,3,high,married,7,self_employed,2392.0,63,65,4,1,1,703.0,1,0.21,3,0,1,1,0,0.0,0,0.0,37.0,37.0,1.0,1.0,1.0,0.0,12,6,0,634.1394880108302
app,short_term,4101,30,0,10,0.22,0,86,37,38,F,3,college,single,6,self_employed,4627.0,65,420,4,1,0,493.0,0,0.31,8,1,1,1,0,0.0,0,0.0,42.0,42.0,1.0,1.0,1.0,1.0,18,4,0,620.6258668496324
app,short_term,3250,14,3,17,0.7,0,70,0,44,M,2,high,married,8,self_employed,4065.0,20,170,2,2,1,527.0,0,0.47,4,1,2,2,0,0.0,0,0.0,59.5,61.0,1.5,2.0,1.0,0.5,7,4,0,1074.2602877699405
app,short_term,3343,21,8,16,0.24,1,66,48,35,M,1,college,married,5,private,3820.0,61,197,4,1,0,598.0,0,0.31,8,0,1,1,0,0.0,0,0.0,52.0,52.0,3.0,3.0,1.0,1.0,4,4,0,1062.9919767515519
web,installment,2607,60,4,15,0.19,0,92,12,24,M,3,college,married,1,private,4534.0,94,102,5,3,1,581.0,0,0.4,3,3,3,2,0,0.0,0,0.0,42.0,64.0,2.3333333333333335,4.0,1.0,1.0,16,1,0,616.5352211943564
app,short_term,3900,14,7,18,0.45,0,52,19,23,F,4,high,single,5,self_employed,5228.0,120,441,2,1,1,687.0,0,0.29,9,1,1,1,0,0.0,0,0.0,69.0,69.0,4.0,4.0,1.0,1.0,10,4,0,822.8753316648756
app,short_term,1360,21,8,3,0.22,0,38,43,35,M,1,college,married,5,private,3820.0,61,197,4,1,0,598.0,0,0.31,8,0,1,1,0,0.0,0,0.0,52.0,52.0,3.0,3.0,1.0,1.0,1,1,0,956.6462998800096
web,short_term,2720,21,4,12,0.29,1,46,57,41,M,3,college,single,4,self_employed,3055.0,60,60,1,2,0,601.0,0,0.54,2,0,2,2,0,0.0,0,0.0,39.0,51.0,1.5,2.0,1.0,1.0,20,2,0,1003.6250033484284
web,short_term,991,30,1,29,0.24,0,28,10,48,F,5,college,married,8,private,4145.0,115,294,3,2,1,580.0,0,0.65,6,1,2,2,0,0.0,0,0.0,40.5,50.0,2.0,3.0,1.0,0.5,22,6,0,881.7973498811093
partner,short_term,2881,21,10,16,0.74,0,70,5,36,M,1,high,married,0,private,3404.0,27,101,4,3,0,675.0,0,0.52,7,0,3,2,0,0.0,0,0.0,40.0,56.0,2.3333333333333335,4.0,1.0,1.0,1,0,0,759.8116298158534
app,short_term,3012,7,5,12,0.05,0,57,0,26,M,2,college,single,4,self_employed,6322.0,112,334,1,2,0,631.0,0,0.11,4,0,2,2,0,0.0,0,0.0,22.5,39.0,1.0,1.0,1.0,0.0,1,3,0,974.9826796729433
app,installment,848,60,0,22,0.14,0,53,13,37,F,5,college,single,3,self_employed,6625.0,59,487,1,3,1,638.0,0,0.15,1,5,3,3,1,0.3333333333333333,0,0.0,36.333333333333336,60.0,1.3333333333333333,2.0,0.6666666666666666,1.0,10,4,0,686.5309357607523
app,short_term,1880,21,7,21,0.18,0,57,52,55,M,4,high,married,10,unemployed,3152.0,37,419,1,3,0,620.0,0,0.7,4,0,3,3,0,0.0,1,0.3333333333333333,50.0,70.0,2.6666666666666665,4.0,1.0,1.0,16,4,0,1025.04716246598
web,short_term,4146,14,11,31,0.32,0,10,0,27,M,4,graduate,single,2,private,5075.0,1,160,2,1,0,629.0,0,0.47,3,2,1,1,0,0.0,0,0.0,30.0,30.0,1.0,1.0,1.0,1.0,11,0,0,676.1036522499891
app,installment,1400,90,7,16,0.09,0,80,23,47,M,2,high,married,1,private,2537.0,13,67,5,3,0,761.0,1,0.6,5,0,3,3,0,0.0,0,0.0,26.666666666666668,35.0,1.0,1.0,0.3333333333333333,1.0,8,3,0,755.764247631007
web,installment,2210,60,3,41,0.36,0,93,46,38,M,3,graduate,divorced,3,self_employed,1500.0,12,77,2,3,1,739.0,0,0.24,5,1,3,3,0,0.0,0,0.0,43.333333333333336,45.0,2.6666666666666665,3.0,1.0,0.6666666666666666,19,5,0,730.2628377434296
app,short_term,4458,14,1,25,0.35,0,77,2,43,M,4,college,single,6,self_employed,7168.0,33,359,3,3,0,493.0,0,0.5,8,1,3,1,0,0.0,0,0.0,39.666666666666664,62.0,1.6666666666666667,3.0,1.0,0.3333333333333333,2,0,0,587.6289439024416
partner,short_term,3157,7,7,42,0.28,0,39,11,35,M,4,middle,single,5,unemployed,4979.0,40,100,4,1,0,688.0,0,0.26,2,4,1,1,0,0.0,0,0.0,18.0,18.0,1.0,1.0,1.0,1.0,21,6,0,626.4473966743261
app,short_term,1303,7,7,19,0.33,0,26,25,31,M,2,college,married,8,self_employed,3682.0,39,226,4,3,0,500.0,1,0.49,6,0,3,1,0,0.0,0,0.0,32.666666666666664,51.0,2.3333333333333335,4.0,0.6666666666666666,0.3333333333333333,16,5,0,558.9032792264032
app,installment,4737,120,5,15,0.33,0,57,27,35,F,2,middle,single,1,unemployed,3582.0,84,391,1,3,0,644.0,0,0.11,2,0,3,3,0,0.0,1,0.3333333333333333,28.333333333333332,49.0,1.6666666666666667,2.0,0.6666666666666666,0.3333333333333333,11,0,0,953.3696398441956
app,short_term,2508,30,9,29,0.25,0,64,30,48,F,1,high,single,4,self_employed,4548.0,90,229,5,3,0,604.0,1,0.39,6,2,3,3,0,0.0,0,0.0,40.666666666666664,52.0,1.3333333333333333,2.0,1.0,0.6666666666666666,20,4,0,634.7809949372275
app,short_term,4773,21,3,33,0.7,0,47,34,38,F,2,graduate,married,4,unemployed,6343.0,78,386,2,2,0,515.0,0,0.56,8,0,2,2,0,0.0,0,0.0,40.0,55.0,2.0,3.0,1.0,1.0,14,6,0,905.8334293732598
app,installment,3046,120,7,50,0.26,0,49,17,33,F,4,graduate,single,9,self_employed,1500.0,53,339,5,1,0,503.0,0,0.31,3,1,1,1,0,0.0,0,0.0,30.0,30.0,3.0,3.0,1.0,1.0,7,5,0,766.0379093601576
web,installment,3525,60,5,31,0.3,0,36,50,39,M,4,college,single,0,unemployed,3568.0,68,432,4,3,0,607.0,0,0.22,3,0,3,3,0,0.0,0,0.0,57.666666666666664,88.0,1.3333333333333333,2.0,1.0,0.3333333333333333,3,5,0,854.7263548220068
app,installment,1932,120,4,10,0.24,0,49,30,35,M,2,graduate,married,10,private,2713.0,9,137,4,3,0,780.0,2,0.32,0,1,3,3,0,0.0,1,0.3333333333333333,30.0,52.0,1.0,1.0,1.0,0.6666666666666666,0,5,0,827.1808458336745
app,short_term,2928,21,6,30,0.27,1,65,26,35,M,1,college,married,0,self_employed,6255.0,75,154,4,1,1,565.0,1,0.15,2,0,1,1,0,0.0,1,1.0,49.0,49.0,2.0,2.0,1.0,1.0,17,5,0,969.270811347457
app,short_term,3341,14,6,20,0.19,0,39,54,49,M,2,middle,single,3,private,3126.0,113,184,2,2,0,626.0,2,0.26,4,0,2,2,0,0.0,0,0.0,21.0,22.0,2.5,3.0,1.0,0.5,18,1,0,899.0674145420844
app,short_term,2344,30,0,28,0.32,0,62,28,49,M,5,college,married,10,self_employed,3283.0,102,99,3,3,0,570.0,0,0.28,10,1,3,2,1,0.6666666666666666,0,0.0,50.666666666666664,66.0,1.3333333333333333,2.0,1.0,0.6666666666666666,12,0,0,905.1436344034802
web,installment,2368,60,9,0,0.3,0,57,13,44,F,4,middle,married,1,self_employed,3941.0,103,280,2,2,1,581.0,0,0.07,2,2,2,2,0,0.0,0,0.0,25.0,43.0,1.5,2.0,1.0,0.5,17,6,0,1095.541186060686
app,short_term,4481,30,5,39,0.22,0,53,37,34,M,3,high,married,5,self_employed,5514.0,26,53,2,3,1,696.0,1,0.17,8,1,3,3,0,0.0,0,0.0,47.333333333333336,58.0,2.6666666666666665,4.0,1.0,1.0,20,0,0,1143.156848944699
app,installment,4271,60,3,2,0.38,0,60,58,33,M,2,middle,married,0,private,4701.0,89,471,1,2,1,556.0,2,0.24,6,0,2,2,0,0.0,0,0.0,43.5,52.0,1.5,2.0,1.0,1.0,6,1,0,831.724862837686
app,installment,827,120,7,18,0.08,1,26,30,23,F,5,high,married,4,self_employed,3716.0,19,296,4,3,1,645.0,0,0.09,10,0,3,3,0,0.0,0,0.0,36.333333333333336,61.0,1.6666666666666667,2.0,1.0,0.6666666666666666,21,1,0,1203.265693370046
app,short_term,3738,7,2,21,0.33,0,59,32,24,F,1,college,divorced,8,private,5317.0,93,199,5,3,1,472.0,0,0.64,0,0,3,2,0,0.0,0,0.0,18.666666666666668,30.0,2.0,3.0,1.0,1.0,6,6,0,816.0712032684364
app,short_term,3697,21,0,24,0.11,0,37,15,25,M,2,college,married,10,self_employed,3380.0,20,87,4,3,0,558.0,1,0.35,3,0,3,2,0,0.0,0,0.0,36.666666666666664,52.0,1.6666666666666667,2.0,1.0,1.0,16,1,0,988.2146057881017
app,short_term,3457,14,5,17,0.24,0,46,53,52,F,2,graduate,married,10,self_employed,8192.0,52,305,3,1,1,741.0,1,0.49,0,2,1,1,0,0.0,0,0.0,19.0,19.0,1.0,1.0,1.0,1.0,8,5,0,862.9661623209382
partner,short_term,4971,14,5,7,0.18,0,64,24,38,F,4,middle,married,6,private,5303.0,116,447,3,1,0,586.0,0,0.05,8,0,1,1,0,0.0,0,0.0,33.0,33.0,2.0,2.0,1.0,1.0,1,4,0,1111.488668008557
app,short_term,1232,21,4,14,0.55,0,31,59,22,F,3,college,single,2,self_employed,4785.0,32,245,3,1,0,506.0,0,0.31,5,0,1,1,0,0.0,0,0.0,14.0,14.0,1.0,1.0,1.0,1.0,3,1,0,1050.0404116244044
app,installment,502,120,10,25,0.39,0,98,87,55,M,2,high,single,0,private,3942.0,1,55,5,1,0,555.0,0,0.25,6,0,1,1,0,0.0,0,0.0,34.0,34.0,2.0,2.0,1.0,1.0,9,6,0,1098.6085544932562
partner,short_term,3598,14,6,9,0.28,1,53,10,47,M,3,high,married,4,private,4008.0,11,121,4,2,0,634.0,2,0.54,1,3,2,2,0,0.0,0,0.0,27.5,31.0,1.5,2.0,1.0,0.5,3,3,0,1051.9583409213137
app,short_term,4687,21,4,1,0.37,0,61,85,22,M,3,high,single,7,private,3666.0,118,424,3,1,0,621.0,0,0.1,1,0,1,1,0,0.0,0,0.0,25.0,25.0,1.0,1.0,1.0,1.0,8,5,0,997.9478770856899
app,installment,4258,120,5,11,0.65,0,58,14,29,M,3,middle,single,8,self_employed,2153.0,37,207,4,2,0,674.0,0,0.2,5,2,2,2,0,0.0,1,1.0,36.0,37.0,2.0,3.0,1.0,1.0,17,0,0,882.2364828221187
app,installment,3937,120,5,16,0.68,0,94,34,20,M,4,college,single,1,private,4202.0,30,367,3,3,0,535.0,0,0.17,3,3,3,3,0,0.0,0,0.0,17.0,21.0,1.6666666666666667,3.0,1.0,0.3333333333333333,4,4,0,1092.4260593609556
app,short_term,1186,30,4,24,0.13,0,44,7,23,F,2,middle,married,4,private,3561.0,55,174,4,2,1,587.0,1,0.41,6,0,2,1,0,0.0,0,0.0,46.0,52.0,1.5,2.0,0.5,0.0,17,0,0,893.8272778325957
app,installment,2819,90,0,14,0.41,0,79,21,39,F,3,high,married,2,unemployed,3552.0,100,111,1,3,1,544.0,0,0.26,3,3,3,2,0,0.0,0,0.0,28.0,35.0,2.0,3.0,1.0,0.6666666666666666,20,1,0,784.0846813745491
web,short_term,3594,14,4,22,0.26,0,114,52,44,M,2,college,married,5,self_employed,3897.0,28,110,3,2,0,624.0,2,0.48,2,2,2,2,0,0.0,0,0.0,43.5,64.0,1.0,1.0,1.0,0.0,23,6,0,892.6646497661079
app,short_term,2795,7,7,23,0.55,0,75,50,47,F,1,college,married,9,self_employed,6555.0,13,289,5,3,1,669.0,0,0.38,0,2,3,3,0,0.0,1,0.3333333333333333,39.333333333333336,58.0,2.6666666666666665,5.0,1.0,0.6666666666666666,1,0,0,687.9268706972409
app,installment,4423,90,5,15,0.4,0,90,17,36,F,1,middle,single,3,private,6411.0,103,475,5,1,0,619.0,2,0.29,6,2,1,1,0,0.0,0,0.0,38.0,38.0,2.0,2.0,1.0,1.0,6,5,1,518.1714014622389
app,short_term,1850,30,5,32,0.1,1,86,32,41,F,2,high,single,4,private,5052.0,3,339,3,3,1,739.0,0,0.31,1,2,3,2,0,0.0,0,0.0,35.666666666666664,60.0,1.3333333333333333,2.0,0.6666666666666666,1.0,10,1,0,946.319797809156
app,short_term,2323,30,6,30,0.22,0,71,45,29,M,1,high,married,0,private,3346.0,110,214,5,2,1,599.0,0,0.16,9,1,2,2,0,0.0,1,0.5,59.5,87.0,1.0,1.0,1.0,1.0,21,1,0,864.78830303473
app,installment,1627,120,3,30,0.39,0,48,14,38,F,1,graduate,married,8,private,3822.0,31,58,1,2,0,630.0,0,0.19,6,0,2,2,0,0.0,0,0.0,35.0,47.0,1.5,2.0,1.0,1.0,10,5,0,1016.4364101359342
app,installment,4654,120,0,27,0.22,1,91,39,41,M,2,high,married,10,self_employed,3226.0,89,154,1,2,1,722.0,0,0.33,0,2,2,2,0,0.0,0,0.0,45.0,46.0,2.0,3.0,0.5,1.0,1,3,0,971.130616020864
web,installment,1104,180,6,18,0.31,0,58,25,38,F,4,middle,divorced,1,private,6263.0,82,356,1,3,0,635.0,0,0.38,1,1,3,2,0,0.0,0,0.0,46.333333333333336,62.0,1.3333333333333333,2.0,1.0,0.6666666666666666,15,5,0,866.9839025263306
web,installment,2905,60,3,24,0.13,0,30,44,34,M,2,high,single,1,private,5293.0,95,497,5,3,0,537.0,0,0.26,4,2,3,3,0,0.0,0,0.0,37.333333333333336,52.0,2.3333333333333335,3.0,1.0,1.0,0,6,0,847.8782354004884
app,installment,2869,60,10,1,0.43,0,68,31,30,M,1,middle,divorced,1,self_employed,3393.0,68,180,2,1,0,629.0,0,0.35,7,2,1,1,0,0.0,0,0.0,88.0,88.0,1.0,1.0,1.0,1.0,0,6,0,578.259213182628
web,short_term,1576,7,0,12,0.11,0,56,19,30,F,1,college,married,6,unemployed,6215.0,47,443,2,1,0,550.0,2,0.59,5,1,1,1,0,0.0,0,0.0,41.0,41.0,1.0,1.0,1.0,1.0,19,1,0,611.5167265946155
app,short_term,4184,30,4,21,0.26,0,72,20,42,M,3,high,married,7,private,3137.0,82,435,2,1,0,832.0,1,0.05,6,3,1,1,0,0.0,0,0.0,57.0,57.0,1.0,1.0,1.0,0.0,13,6,0,496.79362973794395
web,installment,4900,120,6,5,0.08,0,42,45,19,M,4,college,single,4,private,3917.0,22,301,5,1,1,594.0,1,0.16,9,2,1,1,0,0.0,0,0.0,33.0,33.0,1.0,1.0,1.0,1.0,14,0,0,858.2955437174024
web,short_term,2268,14,4,34,0.45,0,92,36,24,M,3,college,married,6,private,7406.0,47,462,1,3,0,567.0,0,0.28,4,1,3,2,0,0.0,0,0.0,47.0,56.0,2.0,3.0,0.6666666666666666,1.0,19,5,0,982.0824915441783
web,short_term,3221,14,0,30,0.2,0,40,24,49,F,4,middle,single,3,self_employed,5259.0,6,193,5,3,1,561.0,0,0.31,2,3,3,3,0,0.0,0,0.0,61.0,63.0,3.0,5.0,1.0,1.0,11,3,0,725.5634337865147
app,installment,1265,60,8,1,0.24,0,14,20,42,M,4,high,single,9,private,3796.0,79,407,5,3,0,565.0,0,0.48,5,0,3,3,0,0.0,0,0.0,37.666666666666664,55.0,1.6666666666666667,3.0,1.0,0.6666666666666666,9,6,0,665.8065181275348
app,installment,3495,60,3,35,0.46,0,54,44,54,F,4,high,married,4,private,4639.0,113,438,3,3,0,648.0,0,0.14,10,1,3,2,0,0.0,0,0.0,42.666666666666664,79.0,1.6666666666666667,3.0,1.0,0.6666666666666666,0,0,0,1066.5151879226337
app,short_term,2228,21,4,21,0.14,0,50,19,24,M,4,high,single,5,private,3421.0,95,113,5,1,0,666.0,1,0.37,1,5,1,1,0,0.0,0,0.0,21.0,21.0,1.0,1.0,0.0,1.0,14,4,0,721.6829242223719
web,installment,2454,60,7,27,0.48,1,67,29,21,M,2,college,married,7,unemployed,4273.0,86,201,3,2,0,592.0,0,0.8,1,1,2,2,0,0.0,0,0.0,52.5,65.0,1.5,2.0,1.0,1.0,16,4,0,997.0227501642837
app,installment,2512,180,2,18,0.24,0,62,31,28,F,2,college,single,1,private,2566.0,20,303,3,3,0,529.0,0,0.52,1,2,3,2,0,0.0,0,0.0,46.666666666666664,64.0,1.6666666666666667,2.0,0.6666666666666666,0.3333333333333333,20,0,0,983.3616210708415
app,installment,829,60,6,30,0.35,0,61,0,19,M,4,college,married,3,unemployed,3032.0,10,481,5,2,1,704.0,0,0.5,8,0,2,2,0,0.0,1,0.5,49.5,74.0,1.0,1.0,1.0,0.5,9,3,0,822.4580039017258
app,installment,3560,180,2,0,0.54,0,105,27,21,F,4,middle,married,2,self_employed,1919.0,36,65,4,1,1,750.0,0,0.24,3,0,1,1,0,0.0,0,0.0,24.0,24.0,2.0,2.0,1.0,1.0,12,4,0,949.7223702493184
app,short_term,785,21,7,7,0.33,0,73,42,39,F,1,middle,married,10,self_employed,5845.0,45,377,5,2,0,546.0,0,0.45,2,0,2,2,0,0.0,0,0.0,54.5,59.0,1.0,1.0,1.0,1.0,19,6,0,1072.7268621792969
app,short_term,4657,21,4,19,0.2,0,56,34,53,M,5,college,single,0,private,5597.0,4,255,2,1,0,520.0,0,0.4,9,0,1,1,0,0.0,0,0.0,61.0,61.0,4.0,4.0,1.0,1.0,3,5,0,1208.073693754935
web,short_term,4984,30,5,11,0.13,0,62,16,43,F,5,high,married,0,private,1601.0,49,155,5,2,1,724.0,0,0.31,3,1,2,2,0,0.0,0,0.0,46.5,47.0,2.0,2.0,1.0,0.5,13,5,0,830.6206950453291
app,short_term,571,7,7,5,0.41,0,48,33,26,M,4,college,single,7,unemployed,4820.0,4,175,3,1,0,749.0,1,0.22,1,0,1,1,0,0.0,0,0.0,13.0,13.0,1.0,1.0,1.0,1.0,19,5,0,962.1749070399003
app,short_term,1401,30,7,4,0.35,0,67,43,32,F,2,high,single,9,private,4567.0,111,321,5,1,0,466.0,0,0.19,7,1,1,1,0,0.0,0,0.0,49.0,49.0,1.0,1.0,0.0,1.0,8,5,0,820.6834104669745
app,short_term,1083,30,5,19,0.42,0,92,29,24,M,3,college,married,8,private,3265.0,60,415,3,2,0,560.0,0,0.1,7,0,2,2,0,0.0,0,0.0,17.0,26.0,1.0,1.0,1.0,1.0,0,5,0,916.5825520875262
app,installment,4230,90,12,12,0.09,0,10,15,47,M,4,college,married,7,self_employed,3512.0,107,259,4,1,0,588.0,0,0.32,6,2,1,1,0,0.0,0,0.0,25.0,25.0,3.0,3.0,0.0,0.0,22,0,0,847.2516324751543
app,short_term,3600,21,9,16,0.32,0,32,37,52,M,3,high,married,5,state,4588.0,31,172,2,2,0,660.0,0,0.12,5,0,2,2,0,0.0,1,0.5,27.5,55.0,1.5,2.0,0.5,1.0,10,2,0,943.4736863544474
app,short_term,961,21,6,26,0.1,0,66,25,28,F,5,high,married,1,private,4232.0,119,460,4,2,0,558.0,0,0.21,2,0,2,2,0,0.0,0,0.0,38.0,63.0,1.0,1.0,1.0,1.0,19,3,0,1167.2584467588963
partner,short_term,1400,14,8,17,0.27,0,39,4,36,M,2,high,married,4,private,2892.0,105,449,3,1,1,590.0,0,0.11,8,0,1,1,0,0.0,0,0.0,40.0,40.0,2.0,2.0,1.0,1.0,11,1,0,920.12792065776
app,short_term,759,7,7,8,0.18,0,46,18,41,M,2,college,single,7,self_employed,4443.0,118,461,1,1,0,439.0,1,0.29,4,1,1,1,0,0.0,0,0.0,27.0,27.0,3.0,3.0,1.0,0.0,21,3,0,996.4495043174404
app,short_term,2339,14,0,3,0.31,0,64,34,47,F,4,middle,single,1,self_employed,2855.0,113,261,1,3,0,551.0,0,0.31,10,1,3,3,0,0.0,0,0.0,28.666666666666668,44.0,2.0,3.0,1.0,1.0,23,6,0,899.1865443752466
app,installment,2684,60,9,1,0.24,0,91,7,51,M,4,college,divorced,9,private,5572.0,44,415,1,2,1,557.0,0,0.32,6,3,2,2,0,0.0,0,0.0,39.5,46.0,1.0,1.0,1.0,1.0,11,3,0,687.1660205641529
app,installment,1373,60,1,31,0.29,0,58,20,23,M,3,college,married,7,private,5013.0,81,162,4,3,0,671.0,0,0.49,2,1,3,1,0,0.0,0,0.0,21.333333333333332,30.0,2.6666666666666665,4.0,1.0,1.0,15,2,0,877.7011373408295
app,installment,1317,120,8,21,0.49,0,73,35,20,F,5,middle,married,3,self_employed,2450.0,12,425,5,1,0,609.0,0,0.18,2,0,1,1,0,0.0,0,0.0,59.0,59.0,4.0,4.0,1.0,0.0,14,4,0,699.9115620113264
app,installment,3602,120,1,8,0.16,0,21,35,47,M,4,college,married,3,private,4569.0,110,139,5,2,0,729.0,0,0.12,8,1,2,2,0,0.0,0,0.0,37.5,52.0,1.5,2.0,1.0,1.0,2,6,0,926.8036730232218
app,short_term,1229,7,3,15,0.36,0,82,18,46,M,5,college,married,2,private,4147.0,24,264,1,1,1,579.0,0,0.34,2,1,1,1,1,1.0,0,0.0,20.0,20.0,1.0,1.0,1.0,1.0,11,4,0,780.6918714927458
app,short_term,3534,7,3,31,0.19,0,60,44,39,F,1,college,single,3,private,3868.0,73,107,5,3,0,573.0,1,0.2,7,0,3,3,0,0.0,0,0.0,43.666666666666664,53.0,1.6666666666666667,2.0,1.0,1.0,21,0,0,768.71059640227
app,short_term,919,7,2,25,0.33,0,48,43,29,F,3,middle,single,0,self_employed,3736.0,108,493,3,1,1,547.0,1,0.3,3,0,1,1,0,0.0,0,0.0,1.0,1.0,1.0,1.0,1.0,0.0,3,6,0,842.5840201477397
app,short_term,4381,21,4,33,0.18,0,45,31,50,F,3,high,married,6,private,4585.0,8,381,3,1,1,537.0,0,0.56,7,0,1,1,0,0.0,0,0.0,74.0,74.0,2.0,2.0,1.0,1.0,23,5,0,985.6316519157693
partner,installment,4723,60,5,31,0.28,0,34,27,35,M,3,high,married,1,private,2561.0,49,84,1,2,0,689.0,0,0.43,7,4,2,2,0,0.0,1,0.5,42.0,48.0,2.5,3.0,1.0,0.5,9,6,1,204.7732732048774
app,short_term,1945,14,3,7,0.16,0,53,16,22,M,4,college,divorced,8,private,4875.0,20,291,3,2,1,570.0,0,0.52,5,1,2,2,0,0.0,0,0.0,59.5,62.0,1.0,1.0,1.0,1.0,17,1,0,777.3428087250661
app,installment,1456,60,6,4,0.37,0,57,28,43,F,4,middle,married,6,private,4598.0,73,468,1,2,0,675.0,0,0.29,9,1,2,2,0,0.0,0,0.0,40.5,81.0,1.5,2.0,1.0,1.0,16,6,0,624.9912261038289
app,short_term,3177,21,3,15,0.41,0,58,11,36,M,1,college,married,0,private,3676.0,70,96,2,2,1,495.0,0,0.54,3,1,2,2,0,0.0,0,0.0,50.5,58.0,2.5,4.0,1.0,0.5,20,1,0,672.7174945615959
app,short_term,2875,30,6,21,0.47,0,53,48,45,F,2,high,married,9,self_employed,7230.0,81,406,1,2,1,725.0,1,0.43,2,1,2,2,0,0.0,0,0.0,32.5,37.0,2.5,3.0,1.0,1.0,14,5,0,796.0470006965729
partner,short_term,3432,14,6,7,0.21,0,26,35,53,F,3,college,single,7,self_employed,6220.0,30,403,5,1,0,533.0,0,0.35,1,0,1,1,0,0.0,0,0.0,20.0,20.0,1.0,1.0,1.0,1.0,12,1,0,1040.576794432559
app,installment,4830,90,3,15,0.48,0,77,32,55,M,4,middle,married,2,self_employed,4514.0,62,442,2,3,1,716.0,0,0.36,5,1,3,3,0,0.0,0,0.0,34.333333333333336,39.0,1.6666666666666667,3.0,0.6666666666666666,0.3333333333333333,5,1,0,764.9692566094504
web,installment,2132,60,2,21,0.17,0,51,40,20,F,3,college,married,4,private,2663.0,61,237,5,1,0,669.0,0,0.42,0,1,1,1,0,0.0,0,0.0,69.0,69.0,2.0,2.0,1.0,1.0,18,2,0,842.59594032498
app,installment,1834,60,2,1,0.06,0,31,5,45,M,3,graduate,married,3,unemployed,4601.0,3,373,1,2,0,671.0,1,0.22,10,1,2,2,0,0.0,0,0.0,36.5,49.0,3.0,3.0,1.0,1.0,3,6,0,970.8701469902051
app,installment,1176,120,7,23,0.38,1,88,41,18,M,4,high,married,3,private,2857.0,33,353,5,3,1,590.0,0,0.32,10,1,3,3,0,0.0,1,0.3333333333333333,23.333333333333332,30.0,3.0,5.0,1.0,1.0,0,1,0,826.2481213246483
web,installment,4941,60,9,16,0.52,0,51,28,26,F,3,high,divorced,5,self_employed,5082.0,94,96,1,3,0,601.0,0,0.1,1,0,3,3,0,0.0,0,0.0,28.0,43.0,2.3333333333333335,5.0,1.0,1.0,12,2,0,753.4986831766232
app,installment,4730,60,2,32,0.09,0,42,33,45,M,1,high,single,10,private,2477.0,76,148,2,2,0,689.0,0,0.4,4,0,2,2,0,0.0,0,0.0,40.0,57.0,2.0,2.0,1.0,1.0,12,6,0,648.9792630136309
app,short_term,3063,7,4,16,0.21,0,64,24,18,F,4,high,married,9,private,3007.0,66,485,1,1,0,606.0,0,0.35,10,0,1,1,0,0.0,0,0.0,57.0,57.0,1.0,1.0,0.0,1.0,1,6,0,954.9408967357977
app,short_term,2511,21,5,34,0.09,0,10,20,39,F,1,high,married,3,private,5134.0,82,107,1,1,0,487.0,0,0.08,10,4,1,1,0,0.0,0,0.0,42.0,42.0,2.0,2.0,1.0,1.0,22,5,0,847.6062949675323
app,installment,1334,120,2,35,0.06,0,61,13,22,M,5,college,married,8,self_employed,3158.0,104,272,1,2,0,488.0,0,0.34,5,0,2,2,0,0.0,0,0.0,30.0,60.0,1.0,1.0,1.0,1.0,13,5,0,898.546971009217
app,installment,2660,180,6,18,0.35,0,50,54,53,M,4,college,married,1,self_employed,3601.0,103,442,5,2,0,573.0,3,0.18,0,0,2,2,0,0.0,0,0.0,25.5,35.0,3.0,4.0,0.5,1.0,20,3,0,732.8196951842549
app,installment,962,180,5,17,0.04,0,65,39,45,M,4,high,married,2,self_employed,4089.0,63,447,1,3,0,550.0,0,0.91,0,3,3,3,0,0.0,0,0.0,39.666666666666664,59.0,2.0,4.0,1.0,1.0,22,1,0,977.6569281665318
web,installment,3440,60,0,23,0.36,0,64,6,48,M,2,high,married,10,self_employed,4526.0,47,80,4,3,0,624.0,0,0.42,5,2,3,3,0,0.0,0,0.0,50.333333333333336,70.0,3.0,4.0,1.0,1.0,12,1,0,985.3625948631093
app,installment,1353,180,5,36,0.16,0,19,39,19,M,4,high,married,8,self_employed,5946.0,41,280,2,3,0,668.0,0,0.37,2,0,3,2,0,0.0,0,0.0,52.333333333333336,66.0,2.0,3.0,0.6666666666666666,1.0,10,6,0,1168.7486742208837
app,short_term,1585,14,0,27,0.14,0,58,34,45,M,2,high,single,8,self_employed,4605.0,108,222,4,3,0,604.0,0,0.33,3,0,3,2,0,0.0,0,0.0,39.666666666666664,58.0,3.0,5.0,0.6666666666666666,0.6666666666666666,8,2,0,855.8547683166363
web,installment,4402,60,2,18,0.09,0,55,38,35,F,5,college,married,0,private,4430.0,2,474,1,3,1,657.0,0,0.48,8,3,3,2,0,0.0,0,0.0,38.666666666666664,63.0,1.3333333333333333,2.0,1.0,1.0,18,3,0,687.5816169272645
web,installment,1536,90,4,16,0.53,0,71,53,25,M,3,college,married,2,private,11589.0,32,205,1,2,1,569.0,1,0.06,10,0,2,2,0,0.0,0,0.0,44.5,59.0,2.5,4.0,1.0,1.0,9,6,0,1099.2572060518814
partner,installment,3495,120,0,18,0.46,0,38,21,26,F,5,high,married,6,state,4807.0,25,146,5,2,1,633.0,0,0.29,8,0,2,2,0,0.0,0,0.0,47.0,51.0,1.5,2.0,1.0,0.5,14,3,0,921.5130753311621
app,short_term,3200,7,7,19,0.29,0,72,42,50,F,4,high,single,3,private,2497.0,113,77,4,2,0,459.0,0,0.35,4,0,2,1,0,0.0,0,0.0,38.0,49.0,2.5,4.0,1.0,0.5,11,3,0,591.3529563469586
app,short_term,2273,21,3,2,0.16,0,83,31,47,F,3,college,married,0,unemployed,4130.0,22,307,2,3,1,690.0,3,0.22,8,1,3,3,0,0.0,0,0.0,40.333333333333336,51.0,1.6666666666666667,2.0,1.0,0.6666666666666666,17,1,0,882.0247403504458
app,short_term,2890,30,5,27,0.16,0,24,39,37,M,3,college,married,3,private,6426.0,4,466,2,3,0,590.0,0,0.32,1,0,3,3,0,0.0,0,0.0,36.666666666666664,49.0,1.6666666666666667,3.0,0.6666666666666666,0.6666666666666666,12,1,0,880.1959249755625
app,installment,2578,90,3,10,0.18,0,35,34,41,F,5,college,single,8,state,3701.0,46,144,1,1,0,709.0,0,0.16,6,0,1,1,0,0.0,0,0.0,35.0,35.0,1.0,1.0,1.0,1.0,1,0,0,845.2524405866092
app,short_term,2068,14,0,11,0.51,0,89,18,42,M,4,college,single,7,private,3609.0,71,328,1,2,1,542.0,1,0.2,6,1,2,2,0,0.0,1,0.5,42.0,56.0,2.5,3.0,1.0,1.0,13,6,0,399.25219764774533
app,short_term,4404,7,5,9,0.19,0,66,44,30,F,4,graduate,single,6,private,4803.0,45,76,2,3,0,587.0,0,0.26,6,2,3,3,0,0.0,0,0.0,54.666666666666664,89.0,1.6666666666666667,3.0,1.0,0.6666666666666666,6,3,0,930.5438917437168
app,short_term,3433,14,6,8,0.12,0,80,23,25,F,5,high,single,6,private,3227.0,49,382,2,3,0,629.0,0,0.55,4,2,3,2,0,0.0,0,0.0,54.666666666666664,72.0,2.3333333333333335,4.0,0.6666666666666666,0.6666666666666666,10,2,0,814.8994132541116
app,short_term,3143,14,8,20,0.15,0,68,52,22,F,3,college,single,2,self_employed,4785.0,32,245,3,1,0,506.0,0,0.31,5,0,1,1,0,0.0,0,0.0,14.0,14.0,1.0,1.0,1.0,1.0,23,2,0,895.9227002642089
app,installment,1019,60,2,28,0.49,0,35,29,43,M,4,college,married,6,private,2677.0,89,486,3,1,0,519.0,0,0.6,7,0,1,1,0,0.0,0,0.0,61.0,61.0,1.0,1.0,1.0,1.0,13,0,0,557.7071473695121
app,installment,2535,90,5,21,0.2,0,40,39,18,F,2,graduate,single,6,private,2687.0,115,192,4,1,1,743.0,0,0.63,2,0,1,1,0,0.0,0,0.0,55.0,55.0,1.0,1.0,1.0,1.0,9,0,0,1017.3798824862838
partner,installment,4596,90,5,13,0.32,0,80,23,28,M,3,high,single,8,private,4978.0,116,442,3,1,0,615.0,0,0.36,3,1,1,1,0,0.0,0,0.0,27.0,27.0,1.0,1.0,1.0,0.0,14,3,0,784.9587388249937
app,short_term,3370,30,12,18,0.13,0,78,43,49,F,2,college,single,2,unemployed,5271.0,116,329,2,2,1,665.0,0,0.43,0,1,2,2,0,0.0,0,0.0,38.0,48.0,3.0,4.0,1.0,0.0,7,4,0,1127.008975719059
app,installment,2418,90,0,16,0.17,0,52,52,40,M,1,college,single,7,private,4319.0,41,255,4,2,0,492.0,0,0.09,4,0,2,2,0,0.0,0,0.0,16.5,21.0,1.0,1.0,1.0,1.0,20,3,0,843.379375437403
app,installment,1397,120,6,15,0.21,0,50,15,21,M,4,college,married,5,self_employed,4824.0,14,366,3,1,0,627.0,0,0.5,6,0,1,1,0,0.0,0,0.0,10.0,10.0,3.0,3.0,1.0,1.0,23,6,0,945.3770571930579
app,short_term,2230,7,9,5,0.4,0,70,6,23,M,5,high,married,9,self_employed,6178.0,44,211,2,2,0,598.0,0,0.16,6,6,2,2,0,0.0,0,0.0,36.0,63.0,2.5,3.0,1.0,1.0,16,5,0,543.663218637147
app,short_term,772,21,7,28,0.45,0,62,33,54,M,4,college,married,5,private,2627.0,67,446,4,3,0,490.0,0,0.32,2,4,3,3,0,0.0,0,0.0,52.0,79.0,2.3333333333333335,3.0,0.6666666666666666,0.3333333333333333,3,5,0,799.8757072014313
app,installment,3709,180,0,18,0.27,1,81,27,34,F,2,college,single,9,private,4892.0,62,189,4,3,0,703.0,0,0.29,5,0,3,1,0,0.0,0,0.0,24.333333333333332,37.0,2.3333333333333335,5.0,1.0,0.6666666666666666,23,2,0,732.6685458727933
app,installment,2353,60,5,35,0.25,0,72,42,31,M,3,high,married,4,private,1661.0,95,96,2,2,0,704.0,1,0.45,6,0,2,2,0,0.0,1,0.5,45.5,51.0,2.5,4.0,1.0,1.0,15,6,0,642.9505038036028
web,short_term,571,7,2,10,0.3,0,25,32,37,M,1,graduate,married,8,unemployed,6357.0,58,269,1,2,1,542.0,2,0.29,10,1,2,2,0,0.0,1,0.5,29.5,33.0,3.0,5.0,1.0,0.5,2,2,0,697.0462010364424
web,installment,3085,60,4,3,0.12,0,109,15,39,F,1,college,single,3,private,3868.0,73,107,5,3,0,573.0,1,0.2,7,0,3,3,0,0.0,0,0.0,43.666666666666664,53.0,1.6666666666666667,2.0,1.0,1.0,7,6,0,691.6946056625621
app,short_term,1774,14,5,20,0.69,0,50,35,21,F,1,high,single,7,unemployed,2877.0,109,196,1,2,0,496.0,0,0.58,1,1,2,2,0,0.0,0,0.0,33.0,34.0,2.0,2.0,1.0,1.0,1,2,0,823.1394749142786
app,short_term,4774,7,4,13,0.16,1,77,25,45,M,1,high,single,10,private,2477.0,76,148,2,2,0,689.0,0,0.4,4,0,2,2,0,0.0,0,0.0,40.0,57.0,2.0,2.0,1.0,1.0,12,3,0,580.1572599352924
app,short_term,3440,30,0,34,0.35,0,65,8,31,F,3,college,single,10,state,3309.0,43,338,2,2,0,623.0,2,0.25,9,1,2,2,0,0.0,0,0.0,39.5,47.0,1.0,1.0,1.0,0.5,14,2,0,509.3643804843582
app,installment,4332,90,5,16,0.36,0,59,28,52,M,4,high,divorced,4,private,6799.0,75,132,4,2,0,658.0,0,0.42,10,0,2,2,0,0.0,0,0.0,36.5,52.0,2.0,3.0,0.5,0.5,20,3,0,944.3633895095885
web,installment,1931,60,2,22,0.18,0,12,19,21,F,2,middle,married,6,state,2456.0,7,466,1,3,0,567.0,0,0.17,8,1,3,2,0,0.0,0,0.0,28.333333333333332,41.0,2.0,4.0,1.0,0.3333333333333333,12,6,0,740.1652745556996
app,short_term,3832,7,1,37,0.33,1,67,50,33,M,1,college,single,5,private,2710.0,100,310,4,2,1,573.0,0,0.1,6,0,2,2,0,0.0,1,0.5,37.0,69.0,1.0,1.0,1.0,1.0,2,0,0,523.1350756658658
app,installment,2074,60,2,19,0.09,0,58,26,43,F,3,high,single,5,private,4565.0,23,341,5,3,1,757.0,0,0.18,8,2,3,2,0,0.0,0,0.0,61.0,75.0,2.6666666666666665,4.0,1.0,1.0,21,5,0,1041.9553756516661
web,short_term,3403,7,5,9,0.07,0,55,35,30,M,2,middle,married,8,private,4380.0,28,202,4,2,1,515.0,3,0.13,8,1,2,2,0,0.0,0,0.0,34.0,51.0,1.5,2.0,0.5,0.5,11,0,0,850.5910347455945
app,short_term,1166,21,9,22,0.09,0,56,33,54,F,4,high,single,2,state,3236.0,38,72,5,2,1,682.0,0,0.88,0,1,2,2,0,0.0,1,0.5,32.0,36.0,1.0,1.0,1.0,1.0,18,1,0,982.924942360951
app,short_term,4425,21,11,15,0.18,0,57,29,33,M,3,high,married,6,state,4880.0,96,53,5,1,0,739.0,0,0.45,2,0,1,1,0,0.0,0,0.0,56.0,56.0,3.0,3.0,1.0,1.0,7,0,0,927.1185525611951
app,short_term,4603,30,9,8,0.2,0,58,27,20,F,4,high,single,3,state,3633.0,92,368,5,3,0,665.0,0,0.22,8,2,3,3,0,0.0,0,0.0,52.666666666666664,56.0,2.0,2.0,0.6666666666666666,1.0,22,2,0,804.0323303589615
app,short_term,955,21,4,12,0.16,0,69,40,34,F,2,college,single,9,private,2797.0,114,132,5,1,0,557.0,0,0.29,0,0,1,1,0,0.0,0,0.0,0.0,0.0,3.0,3.0,1.0,1.0,1,0,0,990.5656973596735
app,installment,1993,60,0,8,0.09,0,44,0,34,M,3,high,married,0,unemployed,3171.0,85,415,4,2,1,576.0,0,0.36,5,0,2,2,0,0.0,0,0.0,46.5,70.0,2.0,2.0,1.0,1.0,14,5,0,1011.447223825019
app,short_term,3303,30,7,22,0.51,0,75,27,54,F,3,high,married,5,private,2317.0,97,55,2,2,0,653.0,0,0.09,4,2,2,2,0,0.0,0,0.0,47.5,58.0,1.0,1.0,1.0,0.0,0,2,0,726.322829586132
app,installment,4181,90,1,9,0.43,0,43,29,25,F,4,college,married,5,state,4850.0,23,254,3,3,0,523.0,0,0.23,5,0,3,3,1,0.3333333333333333,0,0.0,50.666666666666664,70.0,2.0,3.0,0.6666666666666666,1.0,15,5,0,946.5334432912915
partner,installment,1328,120,5,25,0.22,0,52,21,45,F,1,graduate,married,2,private,4738.0,110,240,2,3,0,666.0,0,0.07,3,1,3,3,0,0.0,0,0.0,29.0,44.0,2.3333333333333335,5.0,1.0,0.6666666666666666,20,5,0,976.1185691839135
partner,installment,1979,60,10,24,0.59,0,68,41,37,M,4,college,single,5,state,2941.0,56,495,1,3,1,622.0,0,0.48,2,3,3,2,0,0.0,0,0.0,41.333333333333336,57.0,2.3333333333333335,5.0,1.0,1.0,5,2,0,530.439470324927
app,installment,1619,60,2,23,0.17,0,31,4,39,F,2,high,single,0,self_employed,1717.0,64,336,4,1,0,723.0,0,0.32,1,1,1,1,0,0.0,0,0.0,49.0,49.0,1.0,1.0,1.0,0.0,1,5,0,868.837844616342
web,installment,4829,90,4,10,0.58,0,60,36,21,M,5,college,married,8,private,3174.0,14,398,1,1,1,651.0,0,0.43,7,4,1,1,0,0.0,0,0.0,48.0,48.0,1.0,1.0,1.0,1.0,2,1,0,713.4604987911064
app,short_term,3453,30,6,0,0.22,1,47,0,47,F,3,college,single,5,self_employed,4711.0,54,240,5,1,1,627.0,0,0.45,1,6,1,1,0,0.0,0,0.0,38.0,38.0,5.0,5.0,1.0,1.0,9,1,0,648.5934337107046
app,short_term,3068,14,4,22,0.27,0,61,20,51,F,4,college,single,4,private,4871.0,44,98,1,3,0,562.0,0,0.68,1,2,3,3,0,0.0,0,0.0,41.333333333333336,50.0,1.6666666666666667,3.0,0.6666666666666666,1.0,21,0,0,879.0484202727471
app,short_term,3608,7,2,26,0.07,0,69,43,40,M,2,middle,single,5,private,5121.0,65,235,5,2,0,661.0,0,0.42,9,0,2,2,0,0.0,0,0.0,60.0,70.0,1.5,2.0,1.0,1.0,19,5,0,1065.4767052861105
partner,installment,1241,120,5,14,0.24,0,56,47,28,F,2,high,married,8,self_employed,2016.0,74,168,1,3,0,655.0,1,0.06,10,0,3,1,0,0.0,0,0.0,39.333333333333336,66.0,1.6666666666666667,2.0,1.0,0.3333333333333333,2,3,0,946.4534681666653
app,installment,4807,120,3,0,0.12,0,34,38,40,M,5,high,married,2,self_employed,3319.0,115,268,5,1,0,605.0,0,0.03,7,1,1,1,0,0.0,0,0.0,28.0,28.0,1.0,1.0,1.0,0.0,11,6,0,868.1023941633127
web,short_term,1625,21,6,27,0.49,0,49,7,51,M,2,college,married,1,unemployed,2216.0,81,394,4,3,0,455.0,1,0.09,3,1,3,2,1,0.3333333333333333,0,0.0,42.666666666666664,68.0,1.6666666666666667,2.0,0.6666666666666666,1.0,10,5,0,847.0033182751287
app,short_term,4470,30,2,8,0.42,0,22,18,21,M,2,high,single,10,self_employed,4906.0,105,325,5,1,0,530.0,1,0.5,10,0,1,1,0,0.0,0,0.0,18.0,18.0,1.0,1.0,1.0,1.0,21,2,0,951.2149885205457
web,short_term,1070,30,8,10,0.56,0,71,26,26,F,5,high,married,6,state,4807.0,25,146,5,2,1,633.0,0,0.29,8,0,2,2,0,0.0,0,0.0,47.0,51.0,1.5,2.0,1.0,0.5,6,1,0,991.5043382022229
app,installment,2112,60,2,0,0.11,0,54,40,34,F,3,middle,married,5,private,5149.0,64,177,3,3,1,558.0,0,0.29,9,4,3,3,0,0.0,1,0.3333333333333333,37.0,54.0,2.3333333333333335,4.0,1.0,1.0,22,6,0,651.363137058308
web,short_term,4811,14,7,11,0.32,0,66,45,48,M,2,college,single,5,private,3602.0,67,432,3,1,1,610.0,0,0.15,9,0,1,1,0,0.0,0,0.0,47.0,47.0,3.0,3.0,1.0,1.0,22,5,0,957.2648869588872
web,short_term,2051,21,6,14,0.25,0,66,36,42,M,5,high,married,6,private,4351.0,86,340,5,2,1,569.0,1,0.2,8,0,2,2,0,0.0,0,0.0,46.0,58.0,1.0,1.0,1.0,1.0,21,4,0,751.4007397201335
web,short_term,3444,14,6,15,0.4,0,65,24,47,F,2,middle,married,0,self_employed,2875.0,17,376,4,2,0,546.0,0,0.46,9,0,2,2,0,0.0,0,0.0,47.5,52.0,1.5,2.0,1.0,1.0,13,3,0,868.1092198612318
app,installment,1108,180,7,15,0.25,1,65,24,37,M,5,college,married,9,private,5109.0,27,206,5,2,0,606.0,1,0.54,2,0,2,2,0,0.0,0,0.0,51.0,71.0,1.5,2.0,1.0,0.5,20,6,0,906.8724823231827
app,installment,533,90,7,27,0.42,0,17,32,30,F,3,high,single,9,private,8420.0,60,433,2,3,1,565.0,0,0.17,5,1,3,3,0,0.0,0,0.0,42.0,65.0,1.0,1.0,1.0,0.6666666666666666,1,2,0,707.563362997969
partner,short_term,2781,14,5,21,0.4,0,83,27,46,F,5,high,single,4,private,2846.0,14,436,1,3,0,574.0,0,0.47,0,2,3,3,0,0.0,0,0.0,45.0,52.0,2.0,3.0,1.0,1.0,8,6,0,644.1905018834279
app,short_term,1965,14,1,37,0.54,0,62,44,30,M,3,graduate,married,1,state,4567.0,25,309,1,2,1,511.0,0,0.34,10,0,2,2,0,0.0,0,0.0,20.5,26.0,1.5,2.0,1.0,1.0,9,1,0,1173.8237618485455
app,short_term,1347,14,2,7,0.37,1,65,32,22,M,3,high,married,6,private,4091.0,18,494,1,2,0,586.0,0,0.23,8,0,2,1,0,0.0,0,0.0,50.0,77.0,3.0,3.0,1.0,1.0,8,6,0,995.3505527948516
partner,short_term,3152,30,4,8,0.31,1,46,29,40,M,4,high,married,9,private,3104.0,107,474,2,1,0,647.0,0,0.22,5,3,1,1,0,0.0,0,0.0,37.0,37.0,4.0,4.0,1.0,1.0,3,6,0,727.450419552396
app,short_term,1346,7,4,23,0.13,0,34,29,50,M,2,graduate,single,5,private,2800.0,31,331,5,3,1,624.0,0,0.17,5,1,3,1,0,0.0,1,0.3333333333333333,28.0,35.0,2.3333333333333335,4.0,1.0,1.0,1,5,0,821.8492177640669
app,installment,4081,180,7,10,0.22,0,10,42,51,M,2,college,married,1,unemployed,2216.0,81,394,4,3,0,455.0,1,0.09,3,1,3,2,1,0.3333333333333333,0,0.0,42.666666666666664,68.0,1.6666666666666667,2.0,0.6666666666666666,1.0,23,4,0,733.3695607594531
app,short_term,2352,14,2,17,0.31,0,83,28,23,M,1,college,single,7,private,2998.0,28,71,3,2,0,667.0,0,0.54,5,0,2,2,0,0.0,0,0.0,50.0,56.0,1.0,1.0,1.0,1.0,12,3,0,813.1194812529311
app,short_term,2737,7,5,17,0.28,0,81,55,41,F,3,middle,married,7,self_employed,4806.0,105,459,5,2,1,711.0,0,0.06,1,0,2,2,0,0.0,0,0.0,28.0,34.0,1.5,2.0,1.0,1.0,2,2,0,903.6106673384862
app,short_term,2333,7,2,3,0.23,0,51,27,55,M,1,college,single,1,private,3247.0,114,193,2,1,0,748.0,0,0.27,1,0,1,1,0,0.0,0,0.0,4.0,4.0,2.0,2.0,1.0,1.0,14,1,0,921.8898302937316
app,installment,3211,120,2,31,0.05,1,93,44,24,F,4,high,single,4,state,3374.0,102,320,1,3,0,681.0,0,0.36,1,2,3,3,0,0.0,0,0.0,24.666666666666668,38.0,2.3333333333333335,3.0,1.0,0.3333333333333333,4,1,0,1059.0907725774623
web,short_term,1384,30,2,13,0.13,0,47,34,18,F,5,high,single,8,private,2407.0,107,267,3,3,0,616.0,0,0.13,2,1,3,2,0,0.0,0,0.0,34.0,41.0,2.6666666666666665,4.0,0.6666666666666666,0.6666666666666666,0,0,0,715.7299287554033
app,short_term,3787,21,2,2,0.15,0,94,33,24,M,1,high,married,4,private,2924.0,62,231,2,1,0,687.0,0,0.08,4,0,1,1,0,0.0,0,0.0,28.0,28.0,1.0,1.0,1.0,1.0,14,6,0,568.3835787291229
app,short_term,3027,7,6,20,0.46,0,56,40,42,F,1,high,married,0,private,2612.0,70,60,2,3,0,644.0,0,0.08,10,0,3,3,0,0.0,0,0.0,46.333333333333336,63.0,2.6666666666666665,3.0,1.0,1.0,13,3,0,773.9938107240995
web,short_term,3901,21,6,24,0.39,0,80,27,55,F,4,high,single,6,private,2293.0,38,317,1,1,0,519.0,1,0.09,2,5,1,1,0,0.0,0,0.0,4.0,4.0,1.0,1.0,1.0,0.0,15,4,1,173.38331621701167
app,installment,1236,60,8,23,0.25,0,73,23,30,M,3,college,single,2,private,1607.0,113,333,2,1,1,443.0,0,0.08,7,1,1,1,0,0.0,0,0.0,46.0,46.0,3.0,3.0,1.0,1.0,2,6,0,709.506189941858
app,short_term,1040,21,3,4,0.35,0,37,42,47,F,1,middle,single,1,self_employed,2894.0,101,463,2,1,1,587.0,2,0.46,8,2,1,1,0,0.0,0,0.0,50.0,50.0,2.0,2.0,1.0,1.0,19,3,0,761.2948000796973
app,short_term,727,30,6,19,0.14,0,96,26,32,M,3,high,married,3,private,3221.0,8,169,2,2,1,717.0,0,0.2,0,0,2,2,0,0.0,0,0.0,16.0,22.0,1.0,1.0,1.0,0.5,17,5,0,1008.6291966617534
web,short_term,3748,30,5,16,0.22,0,88,17,42,F,3,graduate,married,6,unemployed,3011.0,36,340,1,1,1,646.0,0,0.57,5,1,1,1,0,0.0,1,1.0,42.0,42.0,3.0,3.0,1.0,1.0,10,1,0,661.9623479831138
app,short_term,3959,30,1,24,0.45,0,50,27,18,M,3,college,married,9,self_employed,6244.0,5,54,3,1,1,617.0,0,0.36,10,3,1,1,0,0.0,0,0.0,42.0,42.0,3.0,3.0,1.0,1.0,8,2,0,614.920295619495
app,short_term,4514,14,9,12,0.24,0,67,37,21,M,3,college,married,4,state,2167.0,17,68,1,1,0,680.0,0,0.74,10,0,1,1,0,0.0,0,0.0,40.0,40.0,1.0,1.0,1.0,1.0,12,6,0,723.6349290586159
app,short_term,981,7,5,20,0.36,0,75,36,52,M,4,college,married,2,private,2273.0,48,305,3,1,0,628.0,1,0.29,2,0,1,1,0,0.0,0,0.0,58.0,58.0,1.0,1.0,1.0,1.0,21,5,0,757.9768935677763
app,short_term,4231,14,2,17,0.51,0,57,4,20,F,4,high,married,1,private,6560.0,66,369,4,1,1,691.0,0,0.41,7,0,1,1,0,0.0,0,0.0,40.0,40.0,2.0,2.0,1.0,1.0,6,5,0,765.4590106727477
app,installment,2091,90,8,28,0.08,1,64,46,27,M,3,college,married,5,state,5984.0,81,266,1,3,1,620.0,0,0.42,2,3,3,3,0,0.0,0,0.0,47.0,69.0,1.0,1.0,1.0,1.0,21,1,0,1049.4769006539298
web,installment,2678,120,7,18,0.1,0,99,37,54,M,3,high,married,1,private,2640.0,101,79,2,3,1,443.0,0,0.15,5,1,3,3,0,0.0,0,0.0,46.666666666666664,51.0,3.3333333333333335,5.0,1.0,0.6666666666666666,15,1,0,714.7860593624378
app,installment,1460,180,4,4,0.25,0,81,30,51,M,1,middle,married,8,private,5222.0,108,155,4,2,0,626.0,0,0.48,4,0,2,1,0,0.0,0,0.0,29.5,37.0,1.5,2.0,1.0,0.5,11,2,0,864.4174126159232
app,short_term,2315,30,13,25,0.26,0,57,11,47,M,2,college,married,2,self_employed,3010.0,13,160,3,3,0,600.0,1,0.45,1,0,3,2,0,0.0,0,0.0,27.333333333333332,44.0,1.0,1.0,1.0,0.6666666666666666,18,0,0,852.3452493341449
web,installment,933,60,8,28,0.3,0,47,40,55,M,4,high,married,10,unemployed,3152.0,37,419,1,3,0,620.0,0,0.7,4,0,3,3,0,0.0,1,0.3333333333333333,50.0,70.0,2.6666666666666665,4.0,1.0,1.0,14,5,0,982.4778861380821
app,installment,1007,90,1,13,0.25,0,60,51,47,F,3,graduate,single,2,private,4952.0,113,246,2,1,0,486.0,0,0.45,7,0,1,1,0,0.0,0,0.0,14.0,14.0,2.0,2.0,1.0,1.0,6,6,0,1010.1634598865622
web,installment,1689,180,6,34,0.11,0,39,23,53,M,1,college,married,4,private,2029.0,15,53,3,1,0,572.0,1,0.13,1,0,1,1,0,0.0,0,0.0,87.0,87.0,3.0,3.0,1.0,1.0,16,6,0,716.3308206671758
web,installment,4586,180,11,29,0.07,0,90,32,22,M,2,high,married,10,unemployed,6202.0,77,376,4,3,0,464.0,0,0.48,5,1,3,3,0,0.0,0,0.0,35.0,61.0,2.0,4.0,0.6666666666666666,0.6666666666666666,1,3,0,809.1568086030497
app,short_term,2684,21,6,24,0.24,0,75,10,43,M,2,middle,married,0,private,3206.0,120,327,4,1,0,719.0,0,0.27,6,1,1,1,0,0.0,0,0.0,27.0,27.0,4.0,4.0,1.0,1.0,16,1,0,1136.5867604310426
app,installment,1720,90,1,9,0.13,0,48,3,35,M,2,middle,married,10,unemployed,5026.0,5,119,3,3,0,456.0,0,0.44,4,2,3,3,0,0.0,0,0.0,28.666666666666668,50.0,1.3333333333333333,2.0,1.0,0.6666666666666666,22,0,0,1038.3261522523308
app,short_term,3131,7,10,21,0.28,0,59,9,30,F,3,high,single,1,self_employed,5059.0,98,348,5,2,0,686.0,0,0.39,0,1,2,2,0,0.0,0,0.0,52.5,78.0,3.0,4.0,1.0,0.5,5,2,0,817.0694833319403
app,installment,3584,120,7,34,0.07,0,55,11,21,F,5,middle,single,6,private,3311.0,100,54,1,1,0,474.0,1,0.16,6,1,1,1,0,0.0,0,0.0,6.0,6.0,2.0,2.0,1.0,1.0,13,0,0,689.3625553696301
partner,short_term,2659,7,13,34,0.1,0,49,31,41,M,5,college,single,1,private,2140.0,119,106,3,2,1,670.0,0,0.59,2,1,2,2,0,0.0,0,0.0,31.0,32.0,2.0,3.0,0.5,1.0,22,6,0,912.855458523165
app,short_term,4647,30,4,19,0.12,0,66,18,44,F,1,high,divorced,2,self_employed,2754.0,15,392,2,3,1,671.0,0,0.15,0,0,3,2,0,0.0,0,0.0,53.666666666666664,71.0,2.3333333333333335,3.0,0.3333333333333333,1.0,14,1,0,721.6135098551965
app,installment,4252,60,3,23,0.39,0,39,36,32,F,2,college,single,6,self_employed,2554.0,73,308,4,1,0,822.0,0,0.31,3,0,1,1,0,0.0,0,0.0,45.0,45.0,2.0,2.0,0.0,1.0,12,6,0,787.3706181061093
web,short_term,4560,14,9,0,0.24,0,72,48,37,M,2,graduate,married,0,self_employed,4720.0,89,454,4,1,0,675.0,0,0.5,3,0,1,1,0,0.0,0,0.0,34.0,34.0,1.0,1.0,1.0,0.0,1,5,0,831.9032782064878
app,short_term,3825,14,3,6,0.12,0,78,41,26,M,2,college,single,4,self_employed,7379.0,71,266,4,1,0,564.0,0,0.23,10,2,1,1,0,0.0,0,0.0,50.0,50.0,1.0,1.0,1.0,1.0,12,0,0,1045.31460672254
web,short_term,3941,30,1,12,0.35,1,32,22,30,M,2,college,married,4,self_employed,3293.0,10,439,3,3,1,710.0,0,0.21,10,1,3,3,0,0.0,0,0.0,42.666666666666664,51.0,2.3333333333333335,3.0,1.0,1.0,4,6,0,870.5421355635028
partner,short_term,3403,7,3,19,0.02,0,35,30,22,M,3,graduate,single,3,state,2808.0,77,274,3,2,0,531.0,0,0.38,3,2,2,2,0,0.0,0,0.0,57.5,72.0,1.0,1.0,1.0,0.5,2,6,0,628.5992911554054
app,installment,582,90,10,43,0.15,0,75,21,44,M,4,graduate,married,2,self_employed,4636.0,85,324,1,3,1,541.0,0,0.54,7,1,3,3,0,0.0,0,0.0,32.666666666666664,57.0,2.0,3.0,0.6666666666666666,0.6666666666666666,23,3,0,1036.911080408098
app,short_term,1106,7,0,31,0.26,0,79,26,29,F,3,college,married,5,private,6007.0,63,301,4,1,0,659.0,0,0.28,8,0,1,1,0,0.0,0,0.0,63.0,63.0,4.0,4.0,1.0,1.0,21,4,0,1068.062255152553
app,short_term,3291,30,8,11,0.37,0,64,40,28,M,2,high,single,4,self_employed,3604.0,41,283,4,2,0,606.0,0,0.04,7,2,2,2,0,0.0,0,0.0,37.0,40.0,2.5,3.0,1.0,1.0,21,2,0,768.9127126781965
app,short_term,3156,7,2,11,0.15,0,82,31,20,F,2,high,single,10,private,1668.0,80,406,1,1,0,706.0,0,0.55,5,2,1,1,0,0.0,0,0.0,29.0,29.0,2.0,2.0,1.0,1.0,9,5,0,831.2041446086672
partner,installment,1043,180,5,11,0.53,0,35,31,46,M,3,high,single,8,private,5382.0,105,74,3,3,0,628.0,0,0.28,2,1,3,3,0,0.0,0,0.0,43.0,58.0,3.0,4.0,1.0,0.6666666666666666,11,2,0,1127.9172142273687
app,short_term,2499,21,6,17,0.27,0,64,31,44,M,2,college,single,8,private,4278.0,42,213,5,2,0,649.0,0,0.26,7,0,2,2,0,0.0,0,0.0,51.5,63.0,1.5,2.0,1.0,1.0,11,5,0,1328.2287956902826
web,short_term,1533,30,7,15,0.5,0,95,49,23,F,4,college,married,5,private,4076.0,41,439,1,2,0,715.0,0,0.07,7,3,2,2,0,0.0,0,0.0,57.0,60.0,2.5,3.0,1.0,1.0,14,3,0,799.797042563177
app,short_term,2151,7,6,21,0.14,1,52,29,20,M,5,college,single,1,state,6156.0,106,464,4,2,0,648.0,0,0.3,7,0,2,2,0,0.0,0,0.0,26.0,28.0,1.5,2.0,1.0,1.0,14,1,0,1031.6817479707204
partner,short_term,4741,14,11,22,0.12,0,61,42,43,F,1,high,single,9,self_employed,2388.0,21,446,3,1,1,593.0,0,0.28,10,5,1,1,0,0.0,0,0.0,58.0,58.0,3.0,3.0,1.0,1.0,20,5,0,664.1193699316797
web,short_term,3862,30,9,26,0.13,0,39,37,54,M,2,college,single,10,self_employed,5877.0,5,267,5,2,0,572.0,0,0.57,7,0,2,2,0,0.0,0,0.0,44.0,65.0,1.0,1.0,1.0,0.5,5,3,0,1071.8682818250686
app,installment,3969,90,1,18,0.23,0,59,36,30,F,3,college,single,6,private,3038.0,32,438,2,2,0,683.0,0,0.27,4,1,2,2,0,0.0,0,0.0,44.0,53.0,2.5,4.0,1.0,0.5,7,0,0,745.0554979069684
app,short_term,3256,7,1,27,0.35,0,28,44,23,F,2,high,single,4,self_employed,5969.0,15,476,2,1,1,722.0,1,0.28,6,0,1,1,0,0.0,0,0.0,27.0,27.0,3.0,3.0,1.0,1.0,23,3,0,1011.1491277903222
web,installment,2516,120,8,20,0.17,0,62,32,21,F,3,middle,single,9,private,4039.0,111,96,5,3,1,562.0,2,0.02,0,0,3,2,0,0.0,0,0.0,45.666666666666664,61.0,1.0,1.0,1.0,0.6666666666666666,15,4,0,1191.780084972418
app,installment,2259,180,7,27,0.02,0,48,0,36,F,2,middle,single,9,self_employed,2339.0,43,114,5,1,1,583.0,1,0.15,4,0,1,1,0,0.0,0,0.0,28.0,28.0,3.0,3.0,0.0,1.0,12,3,0,730.0741608830303
partner,installment,3656,180,9,19,0.09,0,101,39,53,F,4,high,married,1,private,4006.0,28,468,3,2,0,613.0,0,0.4,3,2,2,2,0,0.0,0,0.0,41.0,82.0,2.5,3.0,1.0,0.5,9,1,0,872.4659587618446
app,installment,1442,120,4,18,0.48,0,79,39,44,F,2,middle,single,10,self_employed,3539.0,114,390,3,2,1,489.0,0,0.31,9,0,2,2,0,0.0,0,0.0,35.5,42.0,2.0,2.0,1.0,1.0,1,2,0,1103.9340634058478
partner,short_term,2540,30,5,24,0.38,0,63,23,37,M,3,high,single,4,private,6557.0,63,87,4,3,1,668.0,0,0.33,2,1,3,3,0,0.0,0,0.0,46.333333333333336,60.0,2.0,3.0,1.0,1.0,8,2,0,891.4270462288086
app,short_term,3011,7,4,0,0.35,0,55,38,44,F,2,graduate,married,1,self_employed,2417.0,93,349,1,2,1,583.0,0,0.58,4,1,2,2,0,0.0,0,0.0,48.0,57.0,2.5,4.0,1.0,0.5,4,1,0,874.1334981329724
app,short_term,876,30,6,24,0.28,0,56,34,39,M,2,college,single,2,state,4511.0,14,411,5,1,0,617.0,0,0.27,6,1,1,1,0,0.0,0,0.0,27.0,27.0,1.0,1.0,1.0,1.0,20,1,0,951.9447840671321
app,installment,900,60,12,23,0.19,0,24,38,21,F,3,high,married,6,private,6404.0,74,160,1,1,1,684.0,0,0.08,5,0,1,1,0,0.0,0,0.0,49.0,49.0,3.0,3.0,0.0,1.0,16,5,0,1001.816959339224
app,short_term,3301,30,2,27,0.36,0,85,16,32,M,3,high,single,10,state,5686.0,70,460,2,1,1,758.0,0,0.17,4,2,1,1,0,0.0,0,0.0,39.0,39.0,1.0,1.0,1.0,0.0,4,5,0,1003.48578184808
app,short_term,1805,21,5,0,0.44,0,87,38,40,M,1,middle,single,1,self_employed,2841.0,86,287,1,2,1,592.0,1,0.32,0,2,2,1,0,0.0,0,0.0,43.5,77.0,1.0,1.0,1.0,1.0,15,6,0,510.4939799811558
web,short_term,4427,30,6,30,0.31,0,51,0,34,M,3,college,single,7,self_employed,6805.0,14,326,2,1,0,595.0,0,0.4,1,0,1,1,0,0.0,0,0.0,33.0,33.0,1.0,1.0,1.0,1.0,14,3,0,748.8078394956376
app,short_term,1270,7,0,32,0.63,0,43,25,39,F,3,college,married,0,private,5002.0,109,475,3,2,1,671.0,2,0.19,3,0,2,2,0,0.0,0,0.0,7.0,9.0,1.0,1.0,1.0,1.0,3,6,0,1006.5883697177328
app,installment,1780,90,4,29,0.51,0,78,18,25,F,4,college,married,0,state,3000.0,53,483,5,1,0,554.0,0,0.37,6,0,1,1,0,0.0,0,0.0,16.0,16.0,4.0,4.0,1.0,1.0,7,3,0,863.0607563896798
app,short_term,575,21,0,5,0.75,0,84,35,40,M,3,middle,married,2,private,4957.0,91,290,5,3,1,754.0,1,0.11,3,1,3,3,0,0.0,0,0.0,38.666666666666664,65.0,1.6666666666666667,2.0,1.0,1.0,4,6,0,1072.238843888542
app,short_term,3721,30,2,7,0.58,0,72,15,25,F,3,middle,single,8,private,2941.0,13,473,4,2,0,609.0,0,0.66,6,2,2,2,0,0.0,0,0.0,48.5,53.0,3.0,5.0,0.5,1.0,23,4,0,739.3924059286376
app,installment,1878,180,3,12,0.35,0,54,36,29,F,2,high,single,2,private,10258.0,100,413,3,3,0,597.0,1,0.28,9,0,3,2,0,0.0,0,0.0,52.333333333333336,69.0,2.0,3.0,0.6666666666666666,0.6666666666666666,10,1,0,1050.897111419009
app,installment,549,60,9,21,0.51,0,48,20,31,M,3,middle,single,0,private,5152.0,106,418,2,3,0,611.0,0,0.09,7,0,3,3,0,0.0,1,0.3333333333333333,26.666666666666668,50.0,2.6666666666666665,3.0,1.0,1.0,22,0,0,1083.5571942146007
app,short_term,2551,14,5,19,0.08,0,40,18,36,M,4,high,married,5,private,4889.0,50,125,1,1,1,538.0,0,0.41,0,1,1,1,0,0.0,0,0.0,35.0,35.0,1.0,1.0,1.0,1.0,17,0,0,957.867571341866
partner,short_term,3986,21,3,22,0.54,1,64,14,20,M,3,middle,single,6,self_employed,5443.0,88,159,4,3,1,681.0,1,0.32,5,2,3,3,0,0.0,0,0.0,21.333333333333332,30.0,1.0,1.0,1.0,1.0,23,5,0,1016.8971456958158
web,installment,2000,60,2,32,0.18,0,87,16,35,F,2,high,married,8,private,3759.0,82,89,4,1,1,498.0,0,0.24,10,0,1,1,0,0.0,0,0.0,53.0,53.0,1.0,1.0,1.0,1.0,5,4,0,1030.8215612849606
app,installment,830,180,3,17,0.36,0,69,31,28,M,3,high,single,2,self_employed,6191.0,46,489,1,1,0,657.0,1,0.19,2,1,1,1,0,0.0,0,0.0,51.0,51.0,1.0,1.0,1.0,0.0,2,0,0,885.2509225960879
app,short_term,998,14,6,5,0.35,0,67,17,24,M,3,high,married,7,self_employed,4158.0,55,403,4,2,0,546.0,0,0.34,4,1,2,1,0,0.0,0,0.0,61.0,62.0,2.0,3.0,1.0,1.0,6,6,0,1033.6092406232326
app,installment,4345,120,7,13,0.29,0,59,21,55,F,2,college,single,9,unemployed,4293.0,21,65,3,3,1,550.0,0,0.48,7,0,3,2,0,0.0,0,0.0,36.333333333333336,41.0,1.6666666666666667,2.0,1.0,0.6666666666666666,7,5,0,1026.68332738399
app,short_term,4798,7,6,6,0.07,0,76,22,51,M,3,college,married,9,state,5598.0,10,435,1,3,0,581.0,0,0.17,10,0,3,2,0,0.0,0,0.0,34.666666666666664,45.0,1.0,1.0,1.0,0.6666666666666666,15,0,0,1065.3188068229135
app,short_term,4255,30,4,35,0.61,0,56,40,18,M,4,high,married,4,private,3919.0,9,79,1,1,1,714.0,2,0.21,6,1,1,1,0,0.0,0,0.0,7.0,7.0,5.0,5.0,1.0,0.0,16,3,0,555.6432846731266
app,installment,865,120,3,3,0.26,1,88,33,23,M,3,college,married,2,self_employed,3326.0,37,490,1,3,1,489.0,1,0.41,0,0,3,3,0,0.0,0,0.0,22.0,27.0,1.6666666666666667,3.0,1.0,1.0,11,0,0,1163.3414721215336
app,installment,4558,60,0,35,0.18,0,62,35,43,F,4,middle,married,6,private,4598.0,73,468,1,2,0,675.0,0,0.29,9,1,2,2,0,0.0,0,0.0,40.5,81.0,1.5,2.0,1.0,1.0,8,5,0,806.7653307439472
app,installment,974,90,4,29,0.18,0,64,16,26,M,3,middle,single,6,private,4228.0,17,489,2,3,0,681.0,0,0.46,3,1,3,2,0,0.0,0,0.0,42.333333333333336,60.0,2.6666666666666665,4.0,1.0,0.3333333333333333,21,4,0,990.6104820913276
partner,short_term,1100,30,3,12,0.13,0,90,42,41,F,2,high,single,8,state,1874.0,107,121,4,1,0,551.0,0,0.14,2,1,1,1,0,0.0,0,0.0,0.0,0.0,2.0,2.0,1.0,0.0,7,4,0,810.7243918468212
app,installment,2494,90,4,25,0.42,0,76,25,20,F,2,college,married,0,state,3722.0,52,456,2,1,0,498.0,0,0.46,5,0,1,1,0,0.0,0,0.0,59.0,59.0,3.0,3.0,1.0,1.0,5,0,0,886.8590218959772
app,installment,1050,90,0,24,0.15,0,26,47,43,F,2,high,single,5,self_employed,2882.0,112,95,3,1,1,682.0,1,0.38,2,0,1,1,0,0.0,0,0.0,34.0,34.0,1.0,1.0,1.0,1.0,23,2,0,947.2685776453795
web,short_term,2309,7,10,5,0.03,0,75,43,47,M,2,college,married,9,private,3302.0,51,408,2,2,0,715.0,2,0.29,8,3,2,2,0,0.0,0,0.0,61.0,63.0,2.0,3.0,1.0,1.0,20,1,0,726.3964037997121
app,installment,1471,60,3,3,0.19,0,17,0,33,F,4,college,married,4,private,4516.0,3,346,4,1,0,700.0,0,0.69,9,0,1,1,0,0.0,0,0.0,42.0,42.0,3.0,3.0,1.0,1.0,2,6,0,696.618410460183
app,installment,2230,180,2,29,0.11,0,56,20,32,F,2,middle,married,9,self_employed,2961.0,89,50,1,1,0,642.0,0,0.65,0,0,1,1,0,0.0,0,0.0,31.0,31.0,1.0,1.0,1.0,1.0,17,4,0,964.210660820976
web,short_term,3056,30,5,26,0.12,0,67,21,43,M,3,college,single,5,private,2976.0,102,345,5,3,0,504.0,0,0.24,9,0,3,3,0,0.0,0,0.0,58.333333333333336,86.0,1.3333333333333333,2.0,0.6666666666666666,1.0,1,6,0,721.2631345914522
app,short_term,1342,7,3,22,0.34,0,73,36,37,F,4,middle,single,0,private,6380.0,42,67,1,3,0,586.0,1,0.42,0,0,3,3,0,0.0,0,0.0,43.333333333333336,64.0,2.3333333333333335,3.0,0.6666666666666666,0.3333333333333333,1,1,0,667.9770452581721
app,installment,4129,90,11,10,0.41,1,58,24,23,F,4,college,married,5,private,4076.0,41,439,1,2,0,715.0,0,0.07,7,3,2,2,0,0.0,0,0.0,57.0,60.0,2.5,3.0,1.0,1.0,17,4,0,928.2192957949202
app,short_term,1264,21,1,20,0.4,0,63,26,36,F,4,college,single,3,self_employed,5270.0,83,59,1,1,0,558.0,0,0.27,2,0,1,1,0,0.0,0,0.0,19.0,19.0,1.0,1.0,1.0,0.0,12,5,0,1071.1917852184429
app,short_term,4206,14,0,22,0.44,0,65,22,41,M,2,college,single,3,private,3848.0,95,69,5,3,1,677.0,0,0.05,3,1,3,2,0,0.0,0,0.0,46.666666666666664,74.0,2.3333333333333335,4.0,1.0,0.6666666666666666,1,6,0,684.1822542374277
app,short_term,3879,7,6,22,0.3,0,62,14,18,M,4,college,married,5,unemployed,4432.0,120,271,3,2,1,749.0,0,0.68,8,0,2,2,0,0.0,0,0.0,52.5,55.0,2.5,4.0,1.0,0.5,14,6,0,901.6857729948335
app,installment,1509,60,3,17,0.13,0,97,43,35,M,2,middle,married,10,unemployed,4729.0,96,352,5,1,0,664.0,0,0.4,5,5,1,1,1,1.0,1,1.0,0.0,0.0,2.0,2.0,1.0,1.0,16,3,0,576.5504439062772
app,installment,2796,120,9,35,0.13,0,48,17,38,F,5,high,single,9,private,6096.0,47,116,4,3,0,606.0,1,0.22,9,3,3,2,0,0.0,0,0.0,27.0,48.0,2.3333333333333335,4.0,1.0,1.0,13,0,0,890.5867014281852
app,short_term,2173,7,0,21,0.54,0,78,9,36,M,5,high,single,10,private,5259.0,84,54,3,2,0,513.0,0,0.26,2,2,2,2,0,0.0,0,0.0,73.0,86.0,2.5,3.0,1.0,0.5,20,5,0,864.5211639546413
web,short_term,4566,14,0,31,0.28,0,69,25,48,F,3,high,single,6,private,7547.0,79,62,2,3,1,731.0,0,0.43,5,0,3,3,0,0.0,0,0.0,45.666666666666664,56.0,2.0,4.0,1.0,1.0,7,2,0,898.8659084312524
web,short_term,3179,7,1,13,0.17,0,64,21,40,M,4,high,married,9,private,3104.0,107,474,2,1,0,647.0,0,0.22,5,3,1,1,0,0.0,0,0.0,37.0,37.0,4.0,4.0,1.0,1.0,21,0,0,663.9844802189319
app,short_term,1855,7,3,19,0.21,0,78,43,28,F,3,graduate,single,9,self_employed,4476.0,28,382,4,2,1,500.0,0,0.41,7,3,2,1,0,0.0,0,0.0,29.5,50.0,3.5,4.0,1.0,0.5,1,1,0,711.9032116911043
web,installment,1621,90,10,23,0.08,0,70,26,48,F,5,college,married,8,private,4145.0,115,294,3,2,1,580.0,0,0.65,6,1,2,2,0,0.0,0,0.0,40.5,50.0,2.0,3.0,1.0,0.5,18,1,0,1060.4262749596394
app,installment,2981,90,0,29,0.34,0,25,48,25,M,3,graduate,married,5,self_employed,4190.0,106,270,3,2,0,602.0,0,0.03,0,1,2,2,0,0.0,0,0.0,30.5,35.0,3.0,4.0,1.0,1.0,20,5,0,1063.637965166449
app,short_term,818,30,4,31,0.26,0,60,26,53,F,3,high,single,10,private,4529.0,23,337,4,2,0,529.0,0,0.33,10,0,2,2,0,0.0,0,0.0,28.0,43.0,1.0,1.0,1.0,1.0,12,3,0,1061.7496233741322
app,short_term,1696,21,8,26,0.14,0,16,33,33,F,4,college,married,8,state,3993.0,12,109,5,1,0,545.0,0,0.15,0,2,1,1,0,0.0,0,0.0,43.0,43.0,1.0,1.0,1.0,1.0,3,1,0,1241.3258709252113
app,short_term,4023,7,2,33,0.54,0,50,44,41,F,4,college,married,9,unemployed,2814.0,42,326,1,3,0,576.0,0,0.19,8,1,3,3,0,0.0,0,0.0,52.0,62.0,2.6666666666666665,4.0,1.0,0.3333333333333333,11,1,0,667.081844144447
app,installment,2810,180,4,9,0.25,0,71,26,43,M,2,high,single,3,private,2209.0,36,239,3,2,0,758.0,0,0.38,6,1,2,2,0,0.0,0,0.0,29.0,33.0,1.5,2.0,1.0,0.5,9,5,0,955.6267428361926
app,installment,2719,180,1,39,0.21,0,63,8,52,F,2,middle,single,3,private,10004.0,106,268,2,2,0,713.0,0,0.57,0,0,2,2,0,0.0,0,0.0,49.5,67.0,1.5,2.0,1.0,0.5,4,5,0,1510.8217124394214
app,short_term,1979,30,6,33,0.04,0,47,54,39,F,3,college,married,0,private,1742.0,3,380,5,2,1,578.0,0,0.21,1,3,2,2,0,0.0,0,0.0,39.0,45.0,1.0,1.0,0.5,0.5,10,4,0,587.7841332518205
app,installment,3328,120,10,33,0.2,0,64,36,41,F,2,high,single,8,state,1874.0,107,121,4,1,0,551.0,0,0.14,2,1,1,1,0,0.0,0,0.0,0.0,0.0,2.0,2.0,1.0,0.0,18,6,0,998.3442178671371
app,installment,901,120,9,29,0.16,0,77,28,26,F,5,high,married,6,state,4807.0,25,146,5,2,1,633.0,0,0.29,8,0,2,2,0,0.0,0,0.0,47.0,51.0,1.5,2.0,1.0,0.5,2,1,0,1006.2870132329472
partner,short_term,2126,7,11,13,0.24,0,63,12,49,M,5,college,single,3,private,3335.0,109,83,5,2,0,602.0,1,0.41,5,1,2,2,0,0.0,0,0.0,62.0,73.0,3.0,3.0,1.0,1.0,0,6,0,648.0050414314029
app,short_term,4085,21,11,30,0.64,0,55,32,32,M,3,middle,married,10,state,6594.0,35,163,5,1,0,502.0,1,0.1,7,1,1,1,0,0.0,0,0.0,79.0,79.0,1.0,1.0,1.0,1.0,13,2,0,600.4644757755459
partner,short_term,953,30,8,18,0.07,0,59,22,38,M,3,college,married,2,self_employed,3322.0,1,500,4,3,0,644.0,0,0.2,10,0,3,2,0,0.0,0,0.0,39.666666666666664,56.0,1.6666666666666667,3.0,0.6666666666666666,0.3333333333333333,1,2,0,1099.7051586965754
app,short_term,1460,21,5,23,0.6,0,99,75,23,F,5,college,married,10,self_employed,3886.0,50,406,3,2,1,638.0,0,0.47,2,1,2,2,0,0.0,0,0.0,30.0,43.0,2.0,2.0,1.0,1.0,12,2,0,1107.281722357526
app,installment,3207,120,7,14,0.15,0,72,14,38,M,5,high,single,7,private,3948.0,37,279,5,2,0,711.0,1,0.34,7,0,2,2,0,0.0,0,0.0,51.5,55.0,2.0,2.0,1.0,1.0,6,1,0,1228.535885043139
app,short_term,2526,14,4,13,0.58,0,63,39,42,F,4,college,married,3,private,4401.0,40,463,2,1,0,521.0,0,0.32,8,0,1,1,0,0.0,0,0.0,32.0,32.0,2.0,2.0,1.0,1.0,0,6,0,881.3135902534198
partner,short_term,3931,21,5,17,0.38,0,69,17,29,M,2,college,single,10,self_employed,6195.0,68,103,3,3,0,702.0,0,0.49,3,0,3,3,0,0.0,1,0.3333333333333333,31.333333333333332,51.0,2.6666666666666665,4.0,1.0,1.0,4,3,0,1062.3333306911304
app,short_term,1967,21,6,25,0.29,0,83,45,43,F,4,high,married,2,private,5371.0,62,190,3,1,0,660.0,0,0.18,8,0,1,1,0,0.0,0,0.0,46.0,46.0,2.0,2.0,1.0,1.0,18,1,0,1167.4715569498546
partner,short_term,2605,30,2,5,0.34,0,88,25,35,F,3,graduate,married,3,private,3097.0,57,334,1,2,0,763.0,0,0.54,10,1,2,2,0,0.0,0,0.0,42.5,62.0,1.5,2.0,1.0,0.5,20,5,0,921.959421109628
web,short_term,3642,30,4,33,0.31,0,54,35,43,M,2,college,married,9,self_employed,6951.0,85,63,1,1,0,628.0,0,0.21,8,0,1,1,0,0.0,0,0.0,23.0,23.0,2.0,2.0,1.0,1.0,5,5,0,1134.2557688917143
app,installment,3185,120,5,14,0.33,0,76,42,39,M,2,high,single,3,private,2938.0,98,432,4,3,0,579.0,0,0.12,1,1,3,3,0,0.0,0,0.0,64.0,84.0,1.6666666666666667,2.0,1.0,1.0,23,3,0,944.5367202582152
app,installment,3230,120,6,13,0.01,0,59,22,49,M,2,middle,single,3,private,3126.0,113,184,2,2,0,626.0,2,0.26,4,0,2,2,0,0.0,0,0.0,21.0,22.0,2.5,3.0,1.0,0.5,14,4,0,848.2004575188582
app,short_term,1028,21,8,16,0.45,0,83,38,35,F,3,college,married,9,unemployed,3955.0,21,104,1,1,0,616.0,0,0.37,4,0,1,1,0,0.0,0,0.0,50.0,50.0,2.0,2.0,1.0,1.0,0,4,0,1128.7653771548532
partner,installment,4509,120,7,25,0.27,1,82,35,27,M,3,high,married,0,private,3786.0,54,472,1,3,1,676.0,0,0.41,4,1,3,3,0,0.0,0,0.0,67.66666666666667,83.0,2.6666666666666665,5.0,1.0,1.0,20,0,0,673.0447844721905
app,installment,3308,60,5,31,0.13,0,41,18,36,F,5,graduate,married,8,unemployed,3104.0,71,173,5,1,0,641.0,0,0.22,6,1,1,1,0,0.0,0,0.0,31.0,31.0,1.0,1.0,1.0,1.0,23,0,0,727.3165726760527
app,installment,1281,60,6,8,0.45,0,79,6,24,M,2,high,married,3,private,3179.0,58,178,3,2,0,597.0,0,0.42,10,0,2,2,0,0.0,0,0.0,22.5,37.0,2.5,3.0,1.0,0.5,3,5,0,1305.2116317671644
app,installment,2307,60,8,30,0.04,0,59,32,28,F,5,high,single,2,private,4349.0,69,239,5,2,0,634.0,2,0.57,9,0,2,2,0,0.0,0,0.0,54.5,61.0,1.5,2.0,1.0,0.5,4,4,0,1015.4581080530063
web,installment,1523,90,5,13,0.47,0,33,50,19,M,2,middle,single,4,self_employed,3200.0,32,366,1,2,0,753.0,0,0.34,4,3,2,2,0,0.0,0,0.0,40.0,55.0,1.5,2.0,1.0,1.0,18,6,0,923.1305345551707
app,installment,728,90,8,25,0.05,0,36,23,36,M,3,middle,married,0,self_employed,3809.0,5,78,3,1,0,688.0,0,0.24,2,0,1,1,0,0.0,0,0.0,50.0,50.0,1.0,1.0,1.0,1.0,13,5,0,946.7143670160578
partner,short_term,1641,14,0,7,0.35,1,92,29,38,M,4,high,married,10,private,6605.0,55,171,1,1,0,675.0,0,0.32,2,4,1,1,0,0.0,1,1.0,18.0,18.0,1.0,1.0,1.0,1.0,13,5,0,707.6288333757217
app,short_term,1434,14,7,23,0.3,0,71,21,27,F,2,college,single,9,private,3033.0,86,250,1,3,0,663.0,0,0.36,9,0,3,3,0,0.0,0,0.0,33.0,68.0,2.6666666666666665,3.0,1.0,1.0,20,0,0,925.6677770001814
app,short_term,2805,7,5,26,0.62,0,69,43,38,M,5,high,single,7,private,3948.0,37,279,5,2,0,711.0,1,0.34,7,0,2,2,0,0.0,0,0.0,51.5,55.0,2.0,2.0,1.0,1.0,21,2,0,1104.1015220603272
app,short_term,3884,21,6,29,0.35,0,78,25,55,F,4,college,single,2,self_employed,2802.0,33,305,1,1,1,619.0,0,0.25,6,0,1,1,0,0.0,0,0.0,30.0,30.0,1.0,1.0,1.0,1.0,0,0,0,578.2627155381456
app,short_term,4236,30,0,24,0.25,1,36,26,55,F,3,middle,married,0,self_employed,2043.0,76,297,1,2,0,489.0,0,0.19,3,1,2,2,0,0.0,0,0.0,65.5,80.0,2.5,3.0,1.0,1.0,9,6,0,463.2932425204462
web,short_term,3001,30,2,28,0.53,0,63,18,48,M,2,high,married,0,self_employed,2405.0,116,243,4,3,0,575.0,0,0.56,10,0,3,2,0,0.0,0,0.0,23.333333333333332,41.0,1.6666666666666667,2.0,0.6666666666666666,1.0,13,2,0,1181.0271353496987
web,installment,1724,90,8,10,0.42,0,74,24,48,F,4,college,married,3,self_employed,3791.0,23,453,1,1,1,407.0,0,0.63,4,1,1,1,0,0.0,0,0.0,34.0,34.0,1.0,1.0,1.0,1.0,19,4,0,768.071126361239
web,short_term,2832,7,3,0,0.28,0,62,30,34,F,2,college,divorced,8,private,4358.0,23,345,4,1,0,503.0,0,0.19,10,0,1,1,0,0.0,0,0.0,61.0,61.0,1.0,1.0,1.0,1.0,20,6,0,939.6619667220293
app,short_term,4629,21,2,30,0.19,0,90,33,30,F,2,high,single,4,state,4976.0,24,278,3,1,0,626.0,0,0.35,2,0,1,1,0,0.0,0,0.0,37.0,37.0,3.0,3.0,1.0,0.0,13,1,0,782.4013772840304
web,installment,662,90,2,0,0.41,0,48,36,51,F,1,college,divorced,0,private,3804.0,104,406,2,2,1,507.0,0,0.14,4,0,2,1,0,0.0,0,0.0,56.5,66.0,1.5,2.0,1.0,0.5,4,5,0,1075.2085482410757
app,short_term,3334,7,5,17,0.33,1,61,40,55,M,3,high,single,6,private,2919.0,81,226,4,2,0,477.0,0,0.21,6,0,2,2,0,0.0,0,0.0,35.0,38.0,1.5,2.0,1.0,1.0,13,2,0,719.5691652866442
partner,installment,3099,60,1,28,0.28,0,70,20,28,F,3,high,single,2,private,4192.0,29,155,4,1,1,524.0,0,0.24,2,2,1,1,0,0.0,0,0.0,45.0,45.0,1.0,1.0,1.0,1.0,2,1,0,1004.1962977906824
web,installment,2711,120,1,26,0.14,0,27,10,20,M,5,graduate,single,0,unemployed,3778.0,14,77,2,2,1,635.0,2,0.42,10,0,2,1,0,0.0,0,0.0,23.0,31.0,2.0,3.0,0.5,1.0,2,2,0,995.683003169134
web,short_term,2726,21,0,9,0.49,1,89,11,34,M,4,college,married,5,self_employed,5773.0,28,151,4,1,1,663.0,0,0.56,0,0,1,1,0,0.0,0,0.0,29.0,29.0,3.0,3.0,1.0,1.0,8,2,0,1178.2322611327181
partner,installment,3355,60,1,26,0.24,0,51,43,42,F,4,college,married,5,state,2969.0,29,377,5,3,0,479.0,0,0.15,5,0,3,3,0,0.0,0,0.0,48.666666666666664,69.0,2.3333333333333335,4.0,1.0,0.6666666666666666,1,6,0,734.8482121619896
app,installment,2596,60,9,18,0.25,0,75,41,37,M,4,college,single,5,state,2941.0,56,495,1,3,1,622.0,0,0.48,2,3,3,2,0,0.0,0,0.0,41.333333333333336,57.0,2.3333333333333335,5.0,1.0,1.0,0,6,0,523.5600244293836
web,short_term,2972,7,4,8,0.37,1,56,27,31,M,5,college,single,5,private,3048.0,44,87,2,3,0,558.0,1,0.65,1,0,3,2,0,0.0,0,0.0,29.666666666666668,63.0,1.6666666666666667,3.0,1.0,1.0,15,4,0,800.9329779960398
web,short_term,3388,14,7,32,0.21,0,91,31,34,F,3,high,married,6,private,2601.0,42,129,3,2,1,632.0,1,0.35,9,1,2,2,0,0.0,1,0.5,53.0,59.0,3.0,3.0,1.0,1.0,22,0,0,629.215365801716
app,installment,3850,180,8,15,0.35,0,71,47,33,F,2,high,married,5,state,2722.0,16,283,3,3,0,621.0,0,0.26,7,1,3,2,0,0.0,0,0.0,33.0,54.0,1.3333333333333333,2.0,0.6666666666666666,0.3333333333333333,0,3,0,598.276473986899
app,short_term,2032,21,8,25,0.36,0,77,9,53,M,2,college,single,3,self_employed,3356.0,86,381,3,1,0,598.0,0,0.63,10,0,1,1,0,0.0,0,0.0,23.0,23.0,1.0,1.0,0.0,1.0,20,2,0,1068.1975117717943
partner,short_term,3846,14,1,3,0.56,0,22,50,42,F,3,college,single,5,self_employed,3169.0,116,150,2,1,1,612.0,0,0.23,0,0,1,1,0,0.0,0,0.0,26.0,26.0,3.0,3.0,1.0,1.0,5,1,0,1017.7389883879246
app,short_term,1506,21,1,14,0.25,0,62,28,45,M,3,high,married,9,private,3860.0,5,327,5,3,0,541.0,0,0.36,4,1,3,3,0,0.0,0,0.0,42.333333333333336,56.0,1.3333333333333333,2.0,1.0,0.0,18,3,0,713.0505870200949
app,installment,4520,120,2,16,0.4,0,43,24,46,M,4,high,single,9,private,4791.0,116,119,5,3,0,586.0,1,0.67,0,0,3,3,0,0.0,0,0.0,37.0,48.0,1.3333333333333333,2.0,1.0,1.0,15,5,0,755.3647346670498
app,short_term,4149,30,3,21,0.14,0,87,35,39,F,4,college,single,8,private,2478.0,68,313,3,2,1,662.0,0,0.33,8,0,2,2,0,0.0,0,0.0,54.5,61.0,1.5,2.0,0.5,0.5,21,0,0,823.3245824947454
app,short_term,2527,21,6,33,0.15,0,56,50,43,F,3,high,married,1,private,5491.0,111,319,5,1,0,527.0,0,0.23,4,0,1,1,0,0.0,0,0.0,22.0,22.0,1.0,1.0,1.0,1.0,10,5,0,1413.6961919860003
app,installment,3405,90,9,34,0.36,0,65,28,42,F,5,college,married,0,state,2746.0,36,93,2,3,1,637.0,0,0.17,4,1,3,2,0,0.0,0,0.0,60.0,77.0,2.0,3.0,1.0,1.0,17,3,0,722.5508217580007
web,short_term,1189,21,4,1,0.57,0,67,17,49,M,2,high,single,10,private,6318.0,110,461,5,3,0,636.0,0,0.62,8,0,3,2,0,0.0,0,0.0,39.333333333333336,52.0,1.0,1.0,1.0,1.0,10,2,0,1054.4367465372984
app,short_term,1274,21,7,11,0.29,0,83,55,33,F,3,middle,married,5,private,3010.0,66,252,3,1,0,818.0,0,0.43,4,3,1,1,0,0.0,0,0.0,29.0,29.0,4.0,4.0,1.0,1.0,21,4,0,786.8627776176261
app,installment,1024,60,11,11,0.13,0,59,27,25,M,5,high,married,3,private,5785.0,66,325,2,2,0,754.0,1,0.57,4,1,2,2,0,0.0,0,0.0,20.5,27.0,1.5,2.0,1.0,0.5,8,5,0,1053.38634822511
partner,installment,2739,60,1,18,0.08,0,103,33,49,M,2,high,married,4,state,2210.0,22,286,4,2,1,575.0,1,0.51,6,0,2,2,0,0.0,0,0.0,17.5,35.0,1.0,1.0,1.0,1.0,15,4,0,696.8153819578613
partner,short_term,3623,30,4,38,0.16,0,99,19,29,F,2,college,married,10,state,3783.0,9,466,2,1,1,693.0,0,0.53,3,0,1,1,0,0.0,0,0.0,0.0,0.0,4.0,4.0,1.0,1.0,9,1,0,867.7763658879421
web,installment,4978,90,7,11,0.22,0,79,47,38,M,3,graduate,single,5,state,2609.0,101,109,1,3,1,602.0,1,0.06,1,0,3,3,0,0.0,0,0.0,38.0,53.0,1.0,1.0,1.0,0.6666666666666666,12,1,0,783.4859465709895
app,short_term,4840,21,10,16,0.3,0,62,32,30,M,2,college,single,9,private,4093.0,59,453,4,2,0,525.0,0,0.33,9,1,2,2,0,0.0,0,0.0,56.5,58.0,2.0,2.0,1.0,1.0,12,0,0,1077.7000419912324
app,installment,3717,120,3,28,0.27,0,71,59,37,F,4,middle,single,0,private,6380.0,42,67,1,3,0,586.0,1,0.42,0,0,3,3,0,0.0,0,0.0,43.333333333333336,64.0,2.3333333333333335,3.0,0.6666666666666666,0.3333333333333333,22,1,0,764.2340073322732
app,short_term,1524,7,6,37,0.24,0,36,28,48,F,1,high,married,8,self_employed,2777.0,102,478,3,3,1,604.0,0,0.12,7,0,3,3,1,0.3333333333333333,0,0.0,30.666666666666668,47.0,2.3333333333333335,5.0,1.0,0.6666666666666666,12,1,0,745.6281346201547
app,short_term,3457,14,0,16,0.28,0,56,16,19,M,3,graduate,single,9,private,5540.0,88,97,5,1,0,678.0,0,0.6,1,1,1,1,0,0.0,0,0.0,38.0,38.0,1.0,1.0,1.0,1.0,22,6,0,846.5759437564465
web,short_term,1314,14,8,19,0.49,0,85,45,24,M,3,middle,single,1,private,2839.0,1,451,1,3,0,542.0,0,0.32,8,0,3,2,0,0.0,0,0.0,40.0,63.0,1.6666666666666667,2.0,1.0,1.0,12,3,0,786.6425748154163
app,installment,1721,60,4,13,0.32,0,96,47,26,M,2,college,single,4,self_employed,7379.0,71,266,4,1,0,564.0,0,0.23,10,2,1,1,0,0.0,0,0.0,50.0,50.0,1.0,1.0,1.0,1.0,23,6,0,1085.5931909425117
web,short_term,2361,7,5,26,0.29,0,64,26,19,F,2,college,married,2,private,3989.0,47,439,5,3,0,660.0,2,0.45,9,0,3,2,0,0.0,0,0.0,46.0,69.0,3.0,5.0,1.0,1.0,17,1,0,1127.1947114407576
web,installment,4259,120,6,35,0.39,0,52,33,34,F,1,middle,single,6,state,4518.0,114,263,1,2,0,671.0,0,0.14,4,1,2,2,0,0.0,0,0.0,45.0,51.0,1.5,2.0,1.0,1.0,3,1,0,1143.7817588648156
app,installment,1162,60,3,16,0.6,0,51,50,40,M,1,college,single,7,private,4319.0,41,255,4,2,0,492.0,0,0.09,4,0,2,2,0,0.0,0,0.0,16.5,21.0,1.0,1.0,1.0,1.0,20,1,0,760.997401162227
app,installment,1013,90,5,13,0.07,0,72,33,29,M,2,college,single,8,private,2876.0,77,343,3,3,1,665.0,0,0.07,4,0,3,3,0,0.0,0,0.0,39.333333333333336,54.0,2.0,3.0,1.0,0.6666666666666666,5,4,0,982.6774649389433
app,installment,1112,180,3,44,0.11,0,46,18,35,F,3,college,married,2,unemployed,8767.0,89,126,5,1,0,300.0,1,0.22,8,2,1,1,0,0.0,0,0.0,40.0,40.0,1.0,1.0,1.0,1.0,8,1,0,767.0792218432942
app,installment,2879,180,8,9,0.15,0,64,34,24,M,4,graduate,single,8,unemployed,6379.0,81,480,5,3,0,713.0,0,0.14,9,0,3,3,0,0.0,0,0.0,50.666666666666664,67.0,1.3333333333333333,2.0,1.0,0.6666666666666666,14,4,0,1050.121959911428
partner,short_term,1304,7,6,20,0.14,0,73,18,20,F,2,college,divorced,5,private,8269.0,37,375,1,3,1,769.0,4,0.11,6,1,3,2,0,0.0,0,0.0,35.666666666666664,80.0,2.6666666666666665,5.0,1.0,0.6666666666666666,6,3,0,629.255519749192
app,installment,2983,120,8,15,0.42,1,67,1,42,F,4,graduate,married,8,self_employed,2761.0,35,254,5,2,1,631.0,0,0.35,5,0,2,2,0,0.0,0,0.0,20.5,41.0,1.5,2.0,0.5,0.0,3,0,0,1126.275921356593
app,short_term,2867,7,8,38,0.09,0,106,35,37,F,4,middle,single,10,private,4900.0,96,158,3,3,1,660.0,1,0.46,5,2,3,3,1,0.3333333333333333,0,0.0,41.333333333333336,57.0,1.3333333333333333,2.0,1.0,0.6666666666666666,9,4,0,612.3941505660881
app,installment,4862,60,1,14,0.25,0,48,12,42,M,3,college,divorced,10,unemployed,3548.0,48,325,2,1,0,645.0,0,0.14,9,1,1,1,0,0.0,0,0.0,27.0,27.0,2.0,2.0,1.0,1.0,6,6,0,942.8569350524783
app,installment,998,180,5,31,0.27,0,56,44,43,F,3,high,married,4,state,4390.0,117,447,3,3,0,654.0,0,0.38,0,0,3,3,0,0.0,0,0.0,54.333333333333336,66.0,2.0,3.0,1.0,0.3333333333333333,10,4,0,1093.561237577613
app,installment,3457,90,7,0,0.46,0,60,29,45,M,3,graduate,single,0,state,7437.0,4,108,2,1,0,573.0,3,0.82,3,0,1,1,0,0.0,0,0.0,49.0,49.0,1.0,1.0,1.0,1.0,9,6,0,698.9346028565056
web,installment,1263,120,6,10,0.3,0,25,29,50,M,1,middle,married,6,private,3781.0,47,348,4,3,0,618.0,1,0.45,6,1,3,2,0,0.0,0,0.0,48.0,65.0,1.6666666666666667,2.0,1.0,1.0,0,2,0,726.7834287232293
partner,installment,3469,120,8,28,0.18,0,64,39,25,F,5,middle,married,7,unemployed,3816.0,107,464,2,3,1,674.0,0,0.28,2,4,3,2,0,0.0,0,0.0,21.333333333333332,45.0,3.0,5.0,1.0,0.6666666666666666,5,4,0,799.4229763877056
web,short_term,2751,21,4,23,0.3,1,66,35,44,M,4,graduate,single,3,self_employed,3297.0,113,69,5,2,1,627.0,0,0.26,6,0,2,2,0,0.0,0,0.0,42.5,46.0,1.5,2.0,1.0,0.5,21,1,0,904.7382090442359
app,installment,3294,120,5,12,0.14,0,47,15,35,F,3,graduate,married,3,private,3097.0,57,334,1,2,0,763.0,0,0.54,10,1,2,2,0,0.0,0,0.0,42.5,62.0,1.5,2.0,1.0,0.5,0,6,0,922.8950628250907
app,short_term,3711,14,7,2,0.3,0,54,1,23,M,4,high,single,7,private,3249.0,85,183,5,1,0,553.0,0,0.56,7,4,1,1,0,0.0,0,0.0,70.0,70.0,4.0,4.0,1.0,0.0,18,3,0,543.5988265011906
app,short_term,2708,7,6,32,0.27,0,33,41,33,F,4,college,married,4,private,4516.0,3,346,4,1,0,700.0,0,0.69,9,0,1,1,0,0.0,0,0.0,42.0,42.0,3.0,3.0,1.0,1.0,2,5,0,726.031945908771
app,installment,1945,90,0,40,0.44,0,61,20,42,F,3,college,married,5,self_employed,3639.0,90,75,1,3,0,526.0,0,0.45,0,0,3,3,0,0.0,0,0.0,54.666666666666664,98.0,4.0,5.0,1.0,0.6666666666666666,7,5,0,1027.6592180688917
app,installment,3261,180,2,20,0.41,0,51,49,33,F,3,graduate,single,7,self_employed,4641.0,119,58,4,3,0,452.0,0,0.09,10,0,3,3,0,0.0,0,0.0,32.0,47.0,1.0,1.0,1.0,1.0,9,6,0,1018.6315887825465
app,short_term,4276,30,7,35,0.52,0,56,30,35,F,5,college,married,1,private,2975.0,4,213,4,3,0,634.0,0,0.31,0,0,3,3,0,0.0,0,0.0,27.333333333333332,34.0,1.0,1.0,1.0,0.3333333333333333,5,4,0,720.2062450675486
app,short_term,3332,14,2,31,0.14,0,47,46,50,F,3,college,married,9,private,4670.0,85,207,4,2,0,585.0,1,0.47,1,3,2,2,0,0.0,0,0.0,42.0,52.0,2.5,4.0,1.0,1.0,5,0,0,571.1180344451407
partner,short_term,1361,21,6,27,0.06,1,47,20,33,F,3,high,married,8,private,9849.0,14,324,1,3,0,579.0,1,0.32,7,5,3,3,0,0.0,1,0.3333333333333333,46.666666666666664,52.0,1.3333333333333333,2.0,1.0,1.0,0,5,0,681.2729945712839
app,short_term,4010,21,7,29,0.25,1,40,48,22,M,2,college,married,9,self_employed,2128.0,76,412,4,3,0,637.0,0,0.76,6,1,3,3,0,0.0,1,0.3333333333333333,38.333333333333336,72.0,1.0,1.0,0.3333333333333333,0.6666666666666666,15,6,0,545.3813976380177
app,short_term,2219,21,6,28,0.11,0,60,36,36,M,3,college,single,5,private,3618.0,109,186,3,3,0,561.0,0,0.76,4,1,3,3,0,0.0,0,0.0,29.666666666666668,36.0,2.3333333333333335,5.0,1.0,1.0,11,2,0,905.4308997125437
app,short_term,2684,21,7,17,0.02,0,63,40,35,F,2,high,married,1,private,2983.0,55,403,2,1,1,652.0,0,0.63,2,1,1,1,0,0.0,1,1.0,54.0,54.0,1.0,1.0,1.0,1.0,21,1,0,1093.0973541561946
app,installment,2441,180,2,13,0.17,1,67,46,45,F,2,high,single,7,unemployed,5763.0,88,354,5,2,0,744.0,0,0.64,9,0,2,2,0,0.0,0,0.0,30.0,32.0,2.0,3.0,1.0,1.0,5,0,0,1285.1773912675899
app,installment,2215,180,5,11,0.19,1,53,26,45,F,3,high,married,7,self_employed,3205.0,29,286,4,2,0,661.0,0,0.45,6,3,2,2,0,0.0,0,0.0,58.5,73.0,3.0,3.0,1.0,0.5,21,2,0,889.4251145331189
partner,installment,2011,180,0,40,0.53,0,77,16,38,F,2,college,married,1,self_employed,3870.0,45,273,1,3,0,497.0,0,0.25,3,0,3,3,0,0.0,0,0.0,41.666666666666664,69.0,2.6666666666666665,4.0,1.0,0.6666666666666666,10,6,0,766.4101470605477
partner,installment,4055,90,5,23,0.37,0,29,29,47,M,3,high,single,8,private,3514.0,65,69,3,2,1,683.0,2,0.61,5,3,2,2,0,0.0,0,0.0,25.5,26.0,3.0,4.0,1.0,0.0,0,3,0,457.32073347355333
app,installment,4907,120,1,16,0.4,0,63,8,29,M,2,graduate,divorced,2,state,3273.0,1,204,5,3,0,712.0,0,0.41,7,0,3,3,0,0.0,0,0.0,24.666666666666668,49.0,1.3333333333333333,2.0,1.0,0.6666666666666666,9,1,0,1060.604701803873
app,short_term,4406,21,3,16,0.28,0,63,21,53,F,4,college,single,6,private,4409.0,103,227,3,3,0,667.0,0,0.3,7,2,3,3,0,0.0,0,0.0,36.0,40.0,1.3333333333333333,2.0,0.6666666666666666,0.6666666666666666,4,3,0,911.3554085750206
app,short_term,3166,7,4,32,0.37,0,80,45,26,F,3,college,single,10,private,3797.0,74,330,3,3,0,634.0,0,0.33,1,0,3,3,0,0.0,0,0.0,45.0,61.0,2.6666666666666665,5.0,0.6666666666666666,1.0,20,1,0,779.5623208639563
app,installment,4880,90,8,3,0.54,0,52,36,54,M,4,high,married,6,private,2765.0,53,390,2,1,0,612.0,0,0.59,2,0,1,1,0,0.0,0,0.0,40.0,40.0,4.0,4.0,1.0,0.0,6,0,1,619.823154554487
web,short_term,4833,14,9,14,0.26,0,81,32,33,F,3,middle,married,5,private,5231.0,16,52,1,3,1,566.0,0,0.37,0,0,3,3,0,0.0,0,0.0,34.0,41.0,2.3333333333333335,3.0,1.0,1.0,10,4,0,791.6467665664763
app,short_term,1376,14,2,24,0.31,0,61,2,41,M,4,middle,single,10,private,3248.0,72,438,4,1,1,560.0,0,0.2,0,0,1,1,0,0.0,0,0.0,48.0,48.0,1.0,1.0,1.0,0.0,7,4,0,948.5320949642332
app,short_term,4517,30,1,21,0.29,0,73,27,29,M,4,middle,single,3,private,4353.0,6,113,1,2,1,607.0,0,0.03,1,0,2,2,0,0.0,0,0.0,39.0,40.0,1.0,1.0,1.0,0.5,9,2,0,600.3990927331224
web,installment,3583,120,10,23,0.32,0,49,35,38,F,2,high,married,5,self_employed,3782.0,118,334,1,1,0,630.0,0,0.26,2,1,1,1,0,0.0,0,0.0,28.0,28.0,5.0,5.0,0.0,0.0,19,5,0,905.4462187668918
app,short_term,2381,30,5,22,0.09,0,44,56,50,M,3,college,married,6,state,6517.0,113,265,1,2,0,649.0,0,0.24,3,0,2,2,0,0.0,0,0.0,18.0,36.0,1.5,2.0,0.5,0.5,16,1,0,1147.0185484231708
app,short_term,1772,30,4,37,0.46,1,97,32,23,M,3,college,married,1,state,2914.0,2,123,4,2,1,555.0,0,0.19,0,0,2,2,0,0.0,0,0.0,38.5,65.0,1.0,1.0,0.0,1.0,10,4,0,870.3546822295632
app,installment,2505,60,6,6,0.07,0,126,39,51,M,3,high,married,5,unemployed,2496.0,29,57,2,2,0,601.0,0,0.35,3,1,2,2,0,0.0,0,0.0,37.5,70.0,1.5,2.0,0.5,1.0,18,5,0,1001.4868751085398
app,short_term,3824,30,5,12,0.15,0,30,42,33,F,5,high,married,4,state,3315.0,97,120,4,1,0,501.0,0,0.4,8,0,1,1,0,0.0,0,0.0,32.0,32.0,1.0,1.0,1.0,1.0,18,1,0,753.4436433456812
app,installment,4886,180,0,6,0.21,0,18,4,51,M,5,high,married,4,self_employed,5685.0,118,237,2,2,1,700.0,0,0.4,1,1,2,2,0,0.0,0,0.0,39.5,51.0,2.5,3.0,1.0,1.0,17,0,0,893.4841742994296
app,short_term,686,14,7,7,0.16,0,54,17,39,M,3,college,single,0,unemployed,8366.0,94,495,2,2,0,588.0,0,0.48,5,2,2,1,0,0.0,0,0.0,56.5,60.0,1.0,1.0,1.0,0.5,18,4,0,910.2961449338358
web,short_term,2665,7,3,26,0.18,0,67,67,39,F,2,college,married,7,state,2937.0,29,171,4,1,1,548.0,0,0.35,8,1,1,1,0,0.0,0,0.0,39.0,39.0,3.0,3.0,1.0,0.0,6,4,0,957.2552475181815
app,installment,1768,120,3,15,0.11,0,31,43,50,M,3,high,married,8,unemployed,5002.0,18,84,2,1,0,517.0,1,0.14,5,1,1,1,0,0.0,0,0.0,68.0,68.0,4.0,4.0,1.0,0.0,16,1,0,770.0144612607203
web,installment,4900,90,4,16,0.63,0,84,40,35,F,2,college,married,7,self_employed,3286.0,75,94,5,3,0,596.0,0,0.02,7,0,3,3,0,0.0,0,0.0,35.666666666666664,42.0,2.3333333333333335,3.0,1.0,1.0,4,5,0,1044.2509253828932
app,installment,673,60,7,21,0.31,0,40,32,25,M,2,high,single,4,self_employed,2211.0,60,97,5,2,1,523.0,0,0.21,10,1,2,2,0,0.0,1,0.5,40.0,52.0,2.5,3.0,1.0,1.0,3,1,0,1027.8998070101875
web,installment,835,60,0,25,0.26,0,68,41,21,M,5,college,married,5,private,4833.0,108,402,1,3,1,544.0,0,0.16,8,4,3,3,0,0.0,0,0.0,44.333333333333336,52.0,2.0,4.0,1.0,0.6666666666666666,6,2,0,790.6552111191922
web,installment,4700,90,8,20,0.12,0,63,66,35,M,4,college,married,0,private,4826.0,60,167,2,1,0,561.0,0,0.36,5,4,1,1,0,0.0,0,0.0,48.0,48.0,1.0,1.0,1.0,1.0,11,3,0,739.0832330817897
app,installment,1351,60,0,27,0.16,0,73,33,39,M,1,middle,married,3,unemployed,5662.0,22,114,3,1,0,657.0,0,0.47,2,2,1,1,0,0.0,0,0.0,33.0,33.0,3.0,3.0,1.0,1.0,4,1,0,1123.232431943227
app,short_term,1331,21,1,22,0.25,0,86,48,22,F,4,middle,single,0,self_employed,5752.0,66,179,1,1,1,577.0,0,0.31,9,0,1,1,0,0.0,0,0.0,41.0,41.0,2.0,2.0,1.0,0.0,5,5,0,945.0017391590255
app,installment,538,180,4,20,0.08,0,71,52,45,M,4,graduate,single,8,state,4402.0,106,88,5,2,0,603.0,0,0.27,9,0,2,2,0,0.0,0,0.0,41.0,61.0,2.5,4.0,1.0,1.0,14,0,0,874.8804298345847
web,short_term,4251,21,9,12,0.25,0,16,34,18,M,4,middle,single,8,private,6437.0,4,482,1,2,1,472.0,1,0.26,9,0,2,2,0,0.0,0,0.0,27.5,44.0,1.5,2.0,1.0,1.0,12,1,0,730.9490024435913
app,short_term,1422,7,6,5,0.38,0,77,35,46,F,3,high,divorced,8,unemployed,2387.0,8,195,2,2,0,494.0,0,0.15,9,0,2,2,0,0.0,0,0.0,54.0,61.0,2.0,3.0,0.5,1.0,1,0,0,688.2257222354064
app,short_term,1194,30,2,2,0.1,1,32,42,48,F,4,college,married,4,private,2555.0,63,319,5,3,0,483.0,0,0.22,2,1,3,3,0,0.0,0,0.0,27.666666666666668,56.0,1.3333333333333333,2.0,1.0,1.0,4,5,0,764.6767032280591
app,short_term,2750,7,6,2,0.32,0,46,33,26,F,4,college,married,1,self_employed,4904.0,18,408,1,1,0,619.0,0,0.37,7,0,1,1,0,0.0,0,0.0,19.0,19.0,2.0,2.0,1.0,1.0,20,1,0,861.9549445901719
app,installment,3571,90,11,19,0.19,0,49,35,24,M,3,college,married,8,self_employed,3510.0,16,353,4,2,1,743.0,0,0.19,7,2,2,2,0,0.0,0,0.0,38.5,46.0,1.5,2.0,0.0,1.0,11,3,0,957.9139821377023
web,installment,1535,180,3,23,0.43,0,35,27,25,M,4,graduate,divorced,5,state,5806.0,5,291,2,2,1,540.0,0,0.53,4,4,2,2,0,0.0,0,0.0,42.5,49.0,1.5,2.0,0.5,0.5,14,6,0,843.9977814867032
app,short_term,4711,30,9,18,0.27,0,107,8,29,M,2,college,married,8,private,4109.0,27,117,4,2,0,668.0,0,0.48,1,0,2,2,0,0.0,0,0.0,37.5,40.0,2.0,3.0,1.0,1.0,9,0,0,1012.6819180793335
app,installment,563,60,1,24,0.3,0,35,67,42,M,3,college,divorced,10,unemployed,3548.0,48,325,2,1,0,645.0,0,0.14,9,1,1,1,0,0.0,0,0.0,27.0,27.0,2.0,2.0,1.0,1.0,22,5,0,1155.4401885145817
app,installment,633,120,2,3,0.43,0,56,36,18,F,2,college,married,6,self_employed,2988.0,61,300,4,1,0,702.0,0,0.38,7,0,1,1,0,0.0,0,0.0,66.0,66.0,5.0,5.0,1.0,1.0,21,3,0,899.4177661231172
app,installment,3087,90,4,12,0.32,0,73,14,19,M,1,graduate,married,8,private,3079.0,78,155,5,3,1,589.0,0,0.37,9,0,3,2,0,0.0,0,0.0,50.333333333333336,56.0,1.3333333333333333,2.0,1.0,0.3333333333333333,8,1,0,731.4194042898226
app,installment,2421,60,0,18,0.32,0,47,40,55,F,3,college,married,10,private,6243.0,113,464,3,1,0,527.0,0,0.3,3,1,1,1,0,0.0,0,0.0,47.0,47.0,1.0,1.0,1.0,1.0,18,6,0,984.480834027126
app,short_term,2088,14,7,22,0.16,0,64,30,51,M,2,college,divorced,1,private,4509.0,92,346,2,1,0,621.0,0,0.53,1,0,1,1,0,0.0,0,0.0,30.0,30.0,1.0,1.0,1.0,1.0,23,0,0,991.5144278623221
web,short_term,4889,14,7,19,0.25,0,46,9,50,M,4,college,single,3,self_employed,4563.0,80,179,1,3,1,633.0,0,0.63,1,3,3,3,0,0.0,1,0.3333333333333333,39.666666666666664,62.0,2.0,3.0,1.0,1.0,4,4,0,694.1002569534082
web,installment,2554,180,5,19,0.07,1,61,46,25,M,2,high,single,0,private,4637.0,87,241,1,2,0,666.0,0,0.73,1,3,2,1,0,0.0,0,0.0,27.5,38.0,2.5,3.0,1.0,1.0,13,4,0,859.0593947683649
web,short_term,893,7,3,28,0.51,0,10,20,20,M,2,college,married,8,state,1810.0,29,393,1,1,0,427.0,0,0.32,10,2,1,1,0,0.0,0,0.0,64.0,64.0,2.0,2.0,1.0,1.0,12,1,0,980.3116987517075
app,short_term,2078,30,8,31,0.33,0,79,30,42,M,4,college,single,10,unemployed,5940.0,57,60,1,1,1,726.0,0,0.09,8,1,1,1,0,0.0,0,0.0,45.0,45.0,2.0,2.0,1.0,1.0,20,0,0,1007.7990469544827
web,short_term,2880,14,0,12,0.31,1,55,35,31,F,3,college,single,5,private,5673.0,66,74,4,2,0,553.0,0,0.36,2,0,2,2,0,0.0,1,0.5,36.5,48.0,1.0,1.0,1.0,1.0,14,4,0,877.0554388762521
app,short_term,1248,7,4,8,0.22,0,37,22,28,M,4,graduate,married,10,self_employed,3852.0,107,83,3,2,0,539.0,0,0.25,0,0,2,2,0,0.0,0,0.0,35.0,48.0,1.0,1.0,1.0,1.0,0,6,0,830.7169628348743
web,installment,3889,90,3,5,0.33,0,64,14,23,M,4,college,single,10,state,5317.0,12,378,4,3,1,580.0,0,0.16,2,2,3,2,0,0.0,0,0.0,33.0,44.0,1.6666666666666667,3.0,0.6666666666666666,1.0,17,1,0,1064.1722927443368
partner,short_term,4116,30,10,28,0.09,0,46,52,28,F,4,college,single,3,private,4002.0,104,473,4,2,0,429.0,0,0.33,5,2,2,2,0,0.0,0,0.0,24.5,39.0,1.5,2.0,1.0,1.0,8,0,0,875.9303485685443
app,short_term,3902,7,0,18,0.31,0,58,29,24,M,3,college,single,9,self_employed,5193.0,101,122,3,1,0,613.0,0,0.15,6,1,1,1,0,0.0,1,1.0,51.0,51.0,1.0,1.0,1.0,1.0,16,3,0,640.5382122966455
web,installment,3083,180,6,17,0.08,0,75,52,27,M,2,college,single,2,private,3271.0,97,418,2,3,0,495.0,0,0.29,7,0,3,3,0,0.0,0,0.0,33.333333333333336,65.0,2.3333333333333335,5.0,1.0,1.0,22,0,0,918.3220394886218
app,installment,4486,180,5,12,0.15,0,17,19,38,M,2,high,single,2,state,4053.0,29,255,1,1,0,671.0,1,0.16,3,0,1,1,0,0.0,0,0.0,52.0,52.0,1.0,1.0,1.0,1.0,17,1,0,1189.3527590337408
partner,short_term,2600,21,5,20,0.48,0,88,36,43,M,2,high,single,1,private,4692.0,99,213,1,1,1,527.0,0,0.52,2,0,1,1,0,0.0,0,0.0,59.0,59.0,1.0,1.0,1.0,0.0,8,0,0,866.9272007463633
app,short_term,2464,21,2,18,0.38,0,50,7,33,M,3,high,divorced,5,private,2750.0,50,125,2,2,0,616.0,3,0.55,1,0,2,2,0,0.0,1,0.5,24.5,39.0,1.0,1.0,0.5,1.0,10,0,0,832.4972799045216
app,short_term,1994,30,2,10,0.12,1,74,51,22,M,1,graduate,single,5,unemployed,2662.0,101,401,1,1,0,552.0,1,0.72,2,1,1,1,0,0.0,0,0.0,51.0,51.0,2.0,2.0,1.0,1.0,21,4,0,826.8654985740776
app,short_term,1636,21,5,24,0.24,1,77,25,30,F,4,middle,single,10,self_employed,3789.0,12,271,4,3,0,611.0,2,0.08,4,1,3,3,0,0.0,0,0.0,40.333333333333336,88.0,2.6666666666666665,5.0,1.0,0.3333333333333333,23,0,0,527.0508686432089
app,short_term,3324,7,6,30,0.39,0,119,14,51,M,3,college,married,4,private,6014.0,67,127,5,2,0,667.0,0,0.31,10,0,2,1,0,0.0,0,0.0,8.5,14.0,2.5,3.0,0.5,1.0,9,2,0,1014.4008299033605
app,installment,4976,60,5,17,0.18,0,64,18,37,F,2,middle,married,2,self_employed,3654.0,52,467,3,1,1,650.0,2,0.15,0,0,1,1,0,0.0,0,0.0,31.0,31.0,2.0,2.0,1.0,1.0,19,2,0,907.2332831527517
app,installment,3913,120,5,9,0.46,0,15,30,23,M,1,college,single,2,state,3954.0,91,490,4,2,0,570.0,0,0.53,6,2,2,2,0,0.0,0,0.0,38.5,43.0,2.0,3.0,1.0,1.0,0,1,0,903.1639171264576
app,installment,4915,90,8,9,0.38,1,44,35,19,M,2,college,married,6,self_employed,3113.0,113,262,5,3,0,617.0,0,0.24,3,3,3,3,0,0.0,0,0.0,41.0,44.0,2.6666666666666665,4.0,0.6666666666666666,0.6666666666666666,15,4,0,658.2751135600563
app,installment,4275,180,5,35,0.44,0,85,21,44,M,2,high,married,8,self_employed,4065.0,20,170,2,2,1,527.0,0,0.47,4,1,2,2,0,0.0,0,0.0,59.5,61.0,1.5,2.0,1.0,0.5,8,4,0,1020.8455749306167
partner,installment,2769,90,4,22,0.14,0,42,22,29,M,3,college,married,5,state,2804.0,51,419,1,1,1,582.0,2,0.14,5,0,1,1,0,0.0,0,0.0,77.0,77.0,1.0,1.0,1.0,1.0,6,0,0,801.2275395740135
web,short_term,1106,21,3,19,0.33,0,47,23,36,M,5,middle,single,4,private,5318.0,70,372,2,2,0,796.0,0,0.36,6,1,2,2,0,0.0,0,0.0,36.0,39.0,2.0,3.0,1.0,1.0,22,1,0,937.4613467193315
partner,installment,3374,180,4,24,0.17,0,58,27,27,M,2,college,single,5,state,3951.0,102,208,2,3,0,539.0,0,0.16,8,0,3,3,0,0.0,1,0.3333333333333333,31.0,37.0,1.6666666666666667,3.0,1.0,1.0,4,2,0,1445.8517807138492
app,installment,3959,180,3,0,0.47,0,59,54,41,M,3,college,married,7,private,3444.0,39,164,2,1,0,578.0,0,0.31,6,0,1,1,0,0.0,0,0.0,55.0,55.0,1.0,1.0,1.0,1.0,12,3,0,852.8967882068641
partner,short_term,1722,7,1,13,0.07,0,80,27,52,M,2,college,single,4,state,2548.0,53,369,3,2,1,676.0,0,0.39,3,1,2,2,0,0.0,0,0.0,41.5,46.0,2.0,2.0,1.0,1.0,20,5,0,872.4330411635449
partner,short_term,4480,30,5,23,0.23,0,90,21,26,F,2,graduate,married,5,unemployed,3622.0,10,431,2,2,1,457.0,0,0.59,4,4,2,2,0,0.0,0,0.0,43.0,57.0,1.5,2.0,1.0,1.0,23,4,0,633.4054175072537
web,short_term,3812,7,4,24,0.34,0,40,45,20,M,2,high,married,7,private,3889.0,95,346,5,2,1,604.0,1,0.34,2,0,2,2,0,0.0,0,0.0,42.0,64.0,2.0,3.0,1.0,1.0,20,2,0,878.8521913678387
app,short_term,1192,14,6,16,0.22,0,63,40,24,M,4,graduate,single,8,unemployed,6379.0,81,480,5,3,0,713.0,0,0.14,9,0,3,3,0,0.0,0,0.0,50.666666666666664,67.0,1.3333333333333333,2.0,1.0,0.6666666666666666,23,3,0,1051.3126941909622
web,installment,4250,120,3,8,0.27,0,44,15,30,F,1,graduate,single,8,state,4959.0,94,301,5,2,1,676.0,0,0.49,0,1,2,2,0,0.0,0,0.0,31.5,37.0,1.5,2.0,1.0,0.5,22,4,0,959.5348223361807
app,short_term,1960,30,2,13,0.25,0,83,31,19,M,1,college,married,4,private,3237.0,102,77,4,3,1,642.0,0,0.36,5,0,3,2,1,0.3333333333333333,1,0.3333333333333333,24.666666666666668,41.0,2.3333333333333335,4.0,1.0,1.0,4,2,0,974.2821856939478
app,installment,3911,180,2,9,0.06,0,62,43,34,F,3,college,married,5,private,2881.0,21,382,5,1,1,792.0,0,0.43,4,2,1,1,0,0.0,0,0.0,10.0,10.0,1.0,1.0,1.0,0.0,17,5,0,990.0149621100068
partner,short_term,1043,30,4,12,0.51,0,75,33,45,M,2,college,married,5,private,2610.0,105,421,3,3,0,627.0,0,0.41,3,1,3,3,0,0.0,0,0.0,34.0,56.0,1.0,1.0,1.0,1.0,0,1,0,760.7337013811665
app,installment,2582,120,4,11,0.36,1,58,41,28,F,3,graduate,single,4,private,5732.0,120,86,3,1,1,620.0,0,0.03,3,1,1,1,0,0.0,0,0.0,75.0,75.0,5.0,5.0,1.0,1.0,11,5,0,1243.9140065412155
app,installment,2996,60,6,22,0.13,1,71,32,44,M,3,high,married,7,private,4103.0,64,495,3,1,1,626.0,3,0.71,4,1,1,1,0,0.0,0,0.0,7.0,7.0,5.0,5.0,1.0,1.0,22,0,0,809.3872517501911
web,installment,3859,180,9,9,0.46,0,57,53,27,M,2,high,single,0,private,4290.0,87,312,3,2,0,506.0,1,0.56,6,2,2,2,0,0.0,0,0.0,58.0,80.0,2.5,4.0,1.0,1.0,13,2,0,558.6016583669963
app,installment,4994,60,7,2,0.36,0,26,33,22,F,3,college,single,2,self_employed,4785.0,32,245,3,1,0,506.0,0,0.31,5,0,1,1,0,0.0,0,0.0,14.0,14.0,1.0,1.0,1.0,1.0,17,3,0,734.4342568965156
app,short_term,1087,7,4,22,0.29,0,79,47,40,M,1,middle,married,8,private,2730.0,53,313,2,2,0,556.0,0,0.36,4,0,2,2,0,0.0,0,0.0,15.0,30.0,1.0,1.0,1.0,1.0,6,3,0,681.8328974855599
app,short_term,3111,14,2,23,0.27,0,17,25,42,F,5,high,married,5,private,7198.0,52,265,1,2,0,571.0,1,0.17,3,1,2,1,0,0.0,0,0.0,33.5,38.0,2.0,2.0,1.0,1.0,1,0,0,739.268565801378
app,short_term,4994,14,2,8,0.18,0,29,17,28,M,3,high,single,8,private,4978.0,116,442,3,1,0,615.0,0,0.36,3,1,1,1,0,0.0,0,0.0,27.0,27.0,1.0,1.0,1.0,0.0,0,6,0,912.3080113122975
app,short_term,4095,30,0,30,0.29,0,53,57,18,F,4,graduate,single,0,state,4271.0,41,455,2,1,0,706.0,1,0.33,4,1,1,1,0,0.0,0,0.0,51.0,51.0,1.0,1.0,1.0,0.0,6,6,0,553.2797892776704
app,short_term,4081,14,3,24,0.27,0,21,38,31,M,2,college,single,7,state,3672.0,21,86,1,3,1,539.0,0,0.09,6,0,3,3,0,0.0,0,0.0,27.0,38.0,2.3333333333333335,4.0,0.0,0.6666666666666666,2,6,0,720.6099250860304
web,short_term,4067,14,5,19,0.65,0,49,29,19,F,4,high,single,1,unemployed,2874.0,76,387,1,1,1,619.0,0,0.27,10,0,1,1,0,0.0,0,0.0,58.0,58.0,3.0,3.0,1.0,1.0,22,5,0,959.0653867403548
app,short_term,1131,21,7,15,0.15,0,85,17,27,F,4,college,single,5,private,3534.0,97,358,3,3,0,530.0,0,0.5,10,1,3,3,0,0.0,0,0.0,35.0,52.0,1.3333333333333333,2.0,0.6666666666666666,0.6666666666666666,3,1,0,1211.5968337158683
app,short_term,4202,21,0,30,0.08,1,84,28,26,M,4,high,married,8,private,2604.0,16,183,3,2,0,570.0,0,0.48,1,0,2,2,0,0.0,1,0.5,50.0,66.0,1.0,1.0,1.0,0.5,9,1,0,743.8532614440276
partner,short_term,1616,7,3,35,0.14,0,70,38,32,M,4,high,married,8,self_employed,2947.0,74,63,3,2,1,698.0,2,0.52,0,0,2,2,0,0.0,0,0.0,61.5,82.0,1.5,2.0,1.0,1.0,2,0,0,874.9960740485658
app,installment,1713,120,4,30,0.57,0,76,42,52,F,4,college,married,8,state,4087.0,50,432,3,2,0,677.0,0,0.39,8,1,2,2,0,0.0,0,0.0,38.5,42.0,1.5,2.0,1.0,0.5,12,0,0,1253.673597014254
partner,installment,3953,60,6,26,0.51,0,104,57,20,F,2,high,married,6,self_employed,3410.0,29,157,3,1,0,541.0,2,0.62,5,2,1,1,0,0.0,0,0.0,20.0,20.0,4.0,4.0,1.0,1.0,9,6,0,671.135006205657
app,installment,1240,120,5,15,0.17,0,28,40,50,M,2,middle,married,6,self_employed,1950.0,39,385,1,1,0,765.0,0,0.15,8,0,1,1,0,0.0,0,0.0,61.0,61.0,1.0,1.0,1.0,1.0,19,4,0,940.021550557287
web,installment,3365,180,0,38,0.31,0,51,45,49,F,4,high,married,9,private,3658.0,16,262,4,1,1,767.0,0,0.41,1,2,1,1,0,0.0,0,0.0,12.0,12.0,3.0,3.0,1.0,0.0,5,5,0,780.5124530447853
app,installment,1729,90,8,18,0.23,0,80,12,46,F,4,high,single,8,private,3655.0,95,351,2,1,1,618.0,0,0.24,4,0,1,1,0,0.0,0,0.0,60.0,60.0,1.0,1.0,1.0,1.0,7,4,0,773.3094210367623
app,installment,4889,60,0,11,0.31,0,40,15,51,F,2,high,single,0,state,7169.0,11,368,1,1,0,637.0,1,0.43,5,0,1,1,0,0.0,0,0.0,15.0,15.0,1.0,1.0,1.0,1.0,2,1,0,802.5816950398092
app,short_term,3036,21,2,21,0.22,0,48,48,25,F,1,high,single,9,private,5421.0,89,402,2,1,0,602.0,0,0.54,4,3,1,1,0,0.0,0,0.0,23.0,23.0,1.0,1.0,0.0,1.0,18,6,0,941.9634293088313
partner,installment,2555,120,3,20,0.38,0,101,31,41,F,2,middle,single,1,self_employed,5580.0,77,296,1,3,0,600.0,0,0.2,8,0,3,3,0,0.0,0,0.0,15.666666666666666,33.0,1.3333333333333333,2.0,1.0,0.6666666666666666,12,1,0,1334.7330320418198
app,short_term,3401,14,4,19,0.41,0,67,36,35,F,4,high,married,9,unemployed,3183.0,69,114,4,2,0,452.0,1,0.06,5,4,2,2,0,0.0,0,0.0,28.5,50.0,2.0,2.0,0.5,0.5,11,4,1,392.06312431637974
app,short_term,4724,14,0,13,0.01,0,58,19,48,M,2,high,married,0,self_employed,2405.0,116,243,4,3,0,575.0,0,0.56,10,0,3,2,0,0.0,0,0.0,23.333333333333332,41.0,1.6666666666666667,2.0,0.6666666666666666,1.0,20,0,0,1196.3114764625734
app,short_term,4809,21,3,24,0.61,0,72,17,35,F,4,college,married,9,private,5506.0,106,446,1,2,0,527.0,1,0.23,8,1,2,2,0,0.0,0,0.0,26.0,35.0,1.0,1.0,1.0,1.0,7,0,0,990.9888587234693
app,installment,2841,60,4,9,0.28,0,95,22,45,M,4,high,married,0,private,2295.0,20,295,4,2,0,567.0,0,0.46,6,1,2,1,0,0.0,0,0.0,19.5,25.0,2.5,4.0,1.0,1.0,7,0,0,637.6647886640095
app,installment,4511,180,2,23,0.7,0,27,36,41,M,3,high,single,9,private,2962.0,91,280,3,2,0,384.0,0,0.54,7,1,2,2,0,0.0,0,0.0,41.0,58.0,2.0,2.0,1.0,1.0,12,6,0,554.0279127478589
app,installment,2487,90,8,4,0.13,0,40,3,43,M,3,high,married,6,private,2022.0,24,347,2,3,0,564.0,0,0.33,1,0,3,3,0,0.0,0,0.0,24.666666666666668,43.0,2.0,3.0,1.0,1.0,17,6,0,997.9582432318589
app,installment,3092,60,9,10,0.17,0,53,45,53,F,3,high,married,3,self_employed,4713.0,42,232,3,3,1,668.0,0,0.57,9,1,3,2,0,0.0,0,0.0,55.0,61.0,1.3333333333333333,2.0,1.0,1.0,4,0,0,1059.49836987138
app,installment,3379,60,2,21,0.03,0,38,24,49,F,3,college,married,5,self_employed,3744.0,35,497,2,1,1,660.0,0,0.32,3,0,1,1,0,0.0,0,0.0,11.0,11.0,3.0,3.0,1.0,1.0,12,1,0,985.5761040434709
app,installment,4796,180,2,28,0.43,0,66,21,39,M,4,high,married,10,state,3661.0,118,142,5,1,0,678.0,1,0.4,7,6,1,1,0,0.0,0,0.0,35.0,35.0,4.0,4.0,1.0,1.0,3,3,0,872.2104450816562
web,installment,1677,60,3,8,0.39,0,42,29,32,F,3,high,married,3,self_employed,8477.0,49,161,2,3,0,576.0,0,0.16,8,0,3,2,0,0.0,0,0.0,54.0,59.0,1.6666666666666667,2.0,1.0,0.3333333333333333,8,4,0,1039.222512953953
app,short_term,4530,14,0,8,0.46,0,35,53,39,M,4,college,single,5,private,2847.0,52,470,4,2,1,577.0,0,0.32,7,0,2,2,0,0.0,0,0.0,40.0,61.0,3.0,3.0,0.5,1.0,0,2,0,644.006127083658
app,installment,4481,180,4,27,0.37,0,56,19,21,M,4,high,single,3,state,13382.0,67,213,3,1,0,662.0,0,0.36,5,0,1,1,0,0.0,0,0.0,25.0,25.0,4.0,4.0,1.0,1.0,11,4,0,826.1839593481442
web,short_term,1828,14,8,28,0.13,0,69,59,50,M,2,middle,married,4,unemployed,5614.0,55,458,5,2,0,630.0,2,0.05,0,3,2,2,0,0.0,0,0.0,57.0,93.0,3.0,3.0,1.0,1.0,16,5,0,995.1153811067774
app,short_term,3130,7,8,37,0.04,0,73,38,48,F,1,high,single,0,private,1569.0,49,68,5,2,0,676.0,0,0.42,2,1,2,2,0,0.0,1,0.5,24.0,43.0,1.0,1.0,0.5,1.0,12,1,0,816.7813159906628
app,installment,3723,90,4,8,0.28,0,23,3,29,M,3,graduate,married,4,private,6098.0,107,330,1,1,1,572.0,2,0.34,1,0,1,1,0,0.0,0,0.0,21.0,21.0,1.0,1.0,1.0,1.0,20,2,0,824.9830567780979
app,installment,3554,180,4,41,0.45,0,35,19,18,M,1,middle,married,0,private,3044.0,85,119,2,1,1,688.0,0,0.45,8,1,1,1,0,0.0,0,0.0,38.0,38.0,1.0,1.0,1.0,1.0,2,5,0,756.3601936841734
partner,short_term,2546,30,5,33,0.17,0,48,8,36,F,2,high,married,2,self_employed,5394.0,38,134,3,2,1,653.0,0,0.1,4,2,2,2,0,0.0,1,0.5,34.0,36.0,1.0,1.0,1.0,1.0,21,0,0,1248.9420606374863
app,short_term,1738,30,4,10,0.25,1,64,11,37,F,3,high,single,6,self_employed,3455.0,64,442,3,2,1,515.0,1,0.46,7,1,2,2,0,0.0,0,0.0,62.5,80.0,3.0,4.0,1.0,0.5,9,4,0,749.598028811401
web,installment,4323,60,0,20,0.4,0,95,0,34,F,4,college,single,1,state,5668.0,15,229,4,2,1,572.0,1,0.11,7,0,2,2,0,0.0,0,0.0,27.5,33.0,3.0,5.0,0.5,1.0,14,3,0,658.9267420803704
app,installment,1844,120,3,12,0.36,0,64,42,51,F,1,college,married,6,state,4484.0,93,395,2,1,0,482.0,0,0.29,7,0,1,1,0,0.0,0,0.0,49.0,49.0,1.0,1.0,1.0,1.0,16,5,0,868.4245985274131
app,short_term,601,21,8,7,0.31,1,10,21,52,F,3,high,single,6,private,2752.0,42,434,2,3,0,538.0,0,0.14,9,0,3,3,0,0.0,0,0.0,19.666666666666668,35.0,1.6666666666666667,2.0,0.6666666666666666,1.0,6,6,0,944.0965932812039
app,installment,3630,120,4,15,0.25,0,55,41,38,F,2,middle,single,7,private,3315.0,75,459,5,3,0,689.0,0,0.29,5,0,3,3,0,0.0,0,0.0,52.333333333333336,59.0,2.3333333333333335,4.0,1.0,0.6666666666666666,23,5,0,1103.4999109336154
partner,short_term,3823,21,4,36,0.16,0,90,29,39,M,3,middle,single,5,self_employed,3367.0,2,97,1,2,0,720.0,0,0.32,7,0,2,2,0,0.0,0,0.0,42.0,53.0,2.0,2.0,1.0,0.5,15,5,0,906.9119424517182
app,installment,2984,90,5,22,0.48,0,44,22,31,F,1,high,married,4,private,5933.0,23,94,4,2,0,624.0,3,0.79,4,0,2,2,0,0.0,0,0.0,48.0,73.0,2.5,4.0,1.0,0.5,0,5,0,828.8354711418428
app,installment,1992,60,0,34,0.16,0,70,58,31,M,3,graduate,single,4,unemployed,3266.0,81,110,3,2,0,614.0,0,0.44,5,2,2,2,0,0.0,0,0.0,20.5,41.0,2.0,3.0,0.5,1.0,16,2,0,999.7574262358421
app,short_term,3185,14,2,19,0.22,0,40,35,52,M,1,high,single,2,private,2295.0,72,429,3,1,1,613.0,0,0.39,2,2,1,1,0,0.0,0,0.0,18.0,18.0,1.0,1.0,1.0,1.0,18,5,0,821.4377554789057
app,short_term,963,21,2,15,0.1,1,40,44,55,F,1,high,single,0,private,4279.0,15,62,3,3,1,576.0,0,0.16,7,0,3,3,0,0.0,0,0.0,46.0,64.0,2.0,3.0,1.0,0.3333333333333333,21,2,0,881.140945670337
app,installment,1316,180,6,27,0.29,0,78,57,38,F,4,high,married,3,self_employed,4301.0,50,244,3,2,0,664.0,0,0.35,3,0,2,2,0,0.0,0,0.0,27.0,31.0,2.0,2.0,0.5,0.5,1,1,0,882.3829259661517
app,short_term,1867,14,8,19,0.32,0,68,17,52,F,3,high,single,4,private,5723.0,94,456,5,2,1,581.0,0,0.4,7,2,2,2,0,0.0,0,0.0,47.5,57.0,1.0,1.0,0.5,0.5,10,2,0,1055.345346197022
app,short_term,814,30,4,18,0.12,0,71,40,30,F,3,college,single,6,private,3038.0,32,438,2,2,0,683.0,0,0.27,4,1,2,2,0,0.0,0,0.0,44.0,53.0,2.5,4.0,1.0,0.5,22,1,0,956.0905632611439
web,short_term,986,7,6,15,0.51,0,32,25,26,M,2,high,single,7,private,2474.0,17,273,1,3,0,678.0,0,0.22,4,0,3,2,0,0.0,0,0.0,41.666666666666664,65.0,1.6666666666666667,3.0,1.0,0.6666666666666666,22,5,0,1003.3978253652006
app,installment,4254,180,0,11,0.27,0,36,25,41,M,4,high,single,10,private,4873.0,59,206,2,2,0,675.0,0,0.57,5,0,2,2,0,0.0,0,0.0,17.0,26.0,1.5,2.0,1.0,1.0,8,0,0,950.1201171672956
app,short_term,867,7,7,23,0.43,0,40,14,51,F,2,high,married,4,private,6280.0,114,135,5,3,0,479.0,0,0.38,1,1,3,1,0,0.0,0,0.0,18.666666666666668,29.0,2.0,4.0,1.0,1.0,14,6,0,1004.8139715260584
app,installment,3838,180,11,25,0.56,0,73,41,34,M,3,college,single,4,unemployed,2561.0,120,458,5,1,0,593.0,0,0.27,8,0,1,1,0,0.0,0,0.0,77.0,77.0,1.0,1.0,1.0,1.0,4,3,0,978.3891674094228
web,short_term,4977,30,8,25,0.29,0,53,13,43,F,3,high,single,3,state,9012.0,46,98,4,2,1,617.0,0,0.6,6,0,2,2,0,0.0,0,0.0,38.5,62.0,3.5,4.0,1.0,0.0,5,5,0,706.0542172872231
app,short_term,3472,7,3,4,0.18,0,57,39,43,F,3,middle,single,7,unemployed,4238.0,3,317,4,1,0,689.0,0,0.52,8,0,1,1,0,0.0,0,0.0,55.0,55.0,1.0,1.0,1.0,0.0,23,4,0,1074.7195737011223
app,short_term,2549,21,8,23,0.26,0,43,46,42,M,1,college,married,0,private,5608.0,40,86,3,3,0,488.0,2,0.24,0,0,3,2,1,0.3333333333333333,0,0.0,32.666666666666664,62.0,2.3333333333333335,3.0,1.0,1.0,6,3,0,884.5316805995554
app,short_term,3496,14,6,34,0.02,0,43,37,48,F,1,middle,single,5,private,3995.0,119,200,2,2,0,441.0,2,0.15,9,0,2,2,0,0.0,0,0.0,50.5,83.0,1.0,1.0,1.0,1.0,5,2,0,995.522739461385
partner,installment,961,60,6,18,0.1,0,99,46,37,M,3,high,married,5,private,3155.0,44,141,1,1,0,534.0,0,0.42,1,0,1,1,0,0.0,0,0.0,32.0,32.0,1.0,1.0,0.0,1.0,3,0,0,1167.389887254177
web,installment,1563,120,5,8,0.37,0,73,38,48,F,5,college,married,7,state,3676.0,22,83,5,3,0,594.0,0,0.1,1,0,3,3,0,0.0,0,0.0,29.0,47.0,2.0,4.0,1.0,0.6666666666666666,0,2,0,961.9866378152411
app,short_term,2535,7,5,8,0.31,0,64,11,23,M,2,college,married,0,state,2424.0,30,74,5,1,0,578.0,0,0.27,0,3,1,1,0,0.0,0,0.0,34.0,34.0,3.0,3.0,1.0,1.0,8,4,0,793.6134449448945
web,short_term,2505,7,4,27,0.11,0,24,41,42,F,2,middle,single,10,private,1918.0,99,110,1,3,0,580.0,1,0.34,0,0,3,3,0,0.0,0,0.0,47.666666666666664,73.0,2.6666666666666665,4.0,1.0,0.3333333333333333,7,5,0,974.1744127594993
app,short_term,2654,7,8,24,0.22,0,92,39,42,F,4,middle,married,8,private,2098.0,70,109,5,3,1,805.0,0,0.32,0,0,3,3,0,0.0,1,0.3333333333333333,45.0,54.0,2.0,3.0,1.0,1.0,6,0,0,918.7778970714198
web,short_term,1617,14,11,0,0.13,0,45,54,26,M,4,college,single,7,unemployed,4820.0,4,175,3,1,0,749.0,1,0.22,1,0,1,1,0,0.0,0,0.0,13.0,13.0,1.0,1.0,1.0,1.0,2,6,0,849.6857953390765
app,installment,1367,90,0,0,0.13,0,40,9,29,M,1,college,married,7,private,4462.0,118,421,5,1,0,632.0,1,0.35,4,1,1,1,0,0.0,0,0.0,46.0,46.0,3.0,3.0,0.0,1.0,7,1,0,864.7565128637619
web,installment,3449,90,9,7,0.39,0,58,8,28,M,4,middle,married,9,self_employed,7016.0,59,360,1,1,1,644.0,0,0.42,1,1,1,1,0,0.0,0,0.0,53.0,53.0,1.0,1.0,1.0,1.0,10,3,0,775.3090983495092
partner,installment,4483,180,8,18,0.06,0,53,38,36,F,2,high,married,6,self_employed,4020.0,99,261,3,3,0,665.0,0,0.19,1,3,3,2,0,0.0,0,0.0,36.666666666666664,51.0,1.3333333333333333,2.0,1.0,0.6666666666666666,5,5,0,1027.7349490299453
web,installment,4591,180,6,32,0.72,0,36,47,21,M,3,high,married,7,unemployed,5108.0,91,321,4,1,1,624.0,0,0.27,3,0,1,1,0,0.0,0,0.0,18.0,18.0,2.0,2.0,1.0,1.0,20,6,0,885.6617300298038
app,short_term,2459,7,3,14,0.15,0,32,38,51,M,4,high,married,5,private,3487.0,85,208,1,3,0,566.0,0,0.22,3,2,3,1,0,0.0,0,0.0,17.333333333333332,22.0,1.3333333333333333,2.0,1.0,0.6666666666666666,16,6,0,865.9599273893003
partner,installment,2187,120,1,24,0.04,0,76,25,21,M,4,college,married,0,private,3627.0,106,210,2,2,0,554.0,0,0.38,3,1,2,2,0,0.0,0,0.0,34.0,55.0,1.0,1.0,1.0,1.0,2,0,0,834.2507243151787
app,installment,4620,60,4,20,0.49,0,57,20,36,F,2,college,married,7,self_employed,3542.0,90,252,5,1,0,581.0,0,0.28,3,3,1,1,0,0.0,0,0.0,8.0,8.0,1.0,1.0,1.0,1.0,22,4,0,779.200708778055
app,short_term,2002,21,4,0,0.41,0,56,43,24,F,2,high,married,8,private,3424.0,4,339,3,3,0,606.0,0,0.19,10,0,3,3,0,0.0,1,0.3333333333333333,30.0,33.0,1.6666666666666667,2.0,0.6666666666666666,0.3333333333333333,3,2,0,1383.229199035132
web,installment,2629,120,4,7,0.04,1,61,53,31,M,3,high,single,3,state,3004.0,6,209,1,2,1,688.0,1,0.2,6,0,2,2,0,0.0,0,0.0,38.0,47.0,2.5,3.0,1.0,1.0,5,6,0,767.8471256385238
app,installment,2739,90,3,27,0.35,0,53,47,18,F,4,college,divorced,10,private,4826.0,91,94,1,2,1,680.0,1,0.2,3,1,2,2,0,0.0,0,0.0,54.0,70.0,2.5,3.0,1.0,0.5,14,2,0,651.3399570186849
partner,installment,811,180,7,0,0.34,0,58,63,53,M,3,college,married,9,self_employed,7499.0,39,72,2,2,0,706.0,1,0.42,3,0,2,2,1,0.5,0,0.0,35.5,40.0,1.0,1.0,1.0,1.0,11,3,0,772.288138528001
web,installment,3743,180,0,9,0.49,0,57,17,26,F,4,high,married,9,private,4140.0,72,254,5,2,1,620.0,0,0.22,8,0,2,2,0,0.0,0,0.0,47.5,54.0,3.0,3.0,1.0,1.0,18,0,0,1082.4947702068482
app,short_term,4972,30,0,41,0.4,0,71,30,31,F,1,college,divorced,7,private,3716.0,14,278,2,1,1,714.0,0,0.21,3,0,1,1,0,0.0,0,0.0,40.0,40.0,1.0,1.0,1.0,1.0,5,5,0,691.7801487389148
app,short_term,964,7,2,17,0.18,0,89,50,48,M,3,high,married,3,private,4259.0,40,306,1,2,0,654.0,0,0.26,2,6,2,2,0,0.0,0,0.0,45.5,58.0,1.0,1.0,1.0,0.5,7,3,0,973.6628025909686
partner,installment,766,90,3,40,0.37,0,81,12,26,M,2,graduate,divorced,6,private,3331.0,83,370,5,3,0,720.0,0,0.09,6,1,3,3,0,0.0,0,0.0,50.333333333333336,62.0,1.6666666666666667,3.0,0.6666666666666666,0.6666666666666666,16,4,0,1051.6136962822327
app,short_term,4804,21,6,14,0.15,0,80,24,52,M,2,college,single,1,private,1509.0,102,117,2,3,1,642.0,1,0.52,1,0,3,3,0,0.0,1,0.6666666666666666,25.333333333333332,41.0,1.0,1.0,0.6666666666666666,1.0,6,2,0,833.053407398473
app,short_term,4540,14,8,10,0.53,0,33,24,29,F,4,high,married,4,unemployed,3864.0,63,469,3,3,0,716.0,0,0.51,1,2,3,3,0,0.0,0,0.0,23.666666666666668,30.0,1.0,1.0,1.0,0.6666666666666666,0,6,0,680.5797926095547
app,installment,1270,60,2,20,0.03,0,78,15,27,M,2,college,married,0,state,6645.0,63,496,5,2,0,653.0,0,0.21,7,2,2,2,0,0.0,0,0.0,0.5,1.0,1.0,1.0,0.5,0.5,22,4,0,894.6905931072956
app,installment,3897,90,3,21,0.33,0,67,50,23,M,3,college,single,1,unemployed,7024.0,49,139,4,3,0,471.0,0,0.29,0,2,3,3,0,0.0,0,0.0,59.0,78.0,2.0,2.0,1.0,1.0,22,1,0,766.2437302285421
app,installment,1204,60,4,25,0.45,0,45,12,47,F,5,college,married,0,private,4681.0,4,133,4,2,1,548.0,2,0.54,7,0,2,1,0,0.0,0,0.0,47.5,53.0,1.5,2.0,1.0,1.0,2,3,0,743.9294481788006
app,short_term,4893,7,1,33,0.4,0,38,57,43,M,3,college,single,7,self_employed,7027.0,34,160,3,1,1,669.0,0,0.46,9,1,1,1,0,0.0,0,0.0,13.0,13.0,1.0,1.0,1.0,1.0,8,4,0,842.8440998858762
app,short_term,1679,21,5,20,0.42,0,86,44,54,M,2,college,single,10,self_employed,5877.0,5,267,5,2,0,572.0,0,0.57,7,0,2,2,0,0.0,0,0.0,44.0,65.0,1.0,1.0,1.0,0.5,19,6,0,1196.3432348491087
web,short_term,1508,30,0,9,0.61,0,51,24,31,M,3,high,single,3,state,3004.0,6,209,1,2,1,688.0,1,0.2,6,0,2,2,0,0.0,0,0.0,38.0,47.0,2.5,3.0,1.0,1.0,19,3,0,666.2016701137748
partner,installment,2745,60,5,14,0.26,0,58,38,34,M,4,graduate,married,5,unemployed,6067.0,75,271,5,3,0,702.0,0,0.32,9,2,3,3,0,0.0,0,0.0,15.666666666666666,36.0,2.3333333333333335,4.0,1.0,1.0,19,2,0,1019.8729987697327
app,installment,3977,60,1,22,0.13,0,105,11,43,M,5,high,single,3,private,2908.0,16,216,2,1,0,750.0,0,0.41,5,0,1,1,0,0.0,0,0.0,51.0,51.0,1.0,1.0,1.0,1.0,13,5,0,748.4011859301701
app,short_term,4964,7,1,24,0.08,0,61,0,40,M,3,college,married,6,state,2466.0,119,321,2,3,0,662.0,0,0.39,2,2,3,3,0,0.0,0,0.0,52.666666666666664,77.0,2.6666666666666665,4.0,1.0,1.0,23,0,0,911.5745243827208
app,installment,3139,90,5,9,0.33,0,24,49,30,M,5,high,married,4,self_employed,3507.0,10,470,5,2,1,638.0,0,0.2,7,0,2,2,0,0.0,0,0.0,30.0,42.0,1.5,2.0,1.0,1.0,23,4,0,944.0889168080864
app,installment,2294,90,8,5,0.65,1,29,24,49,F,2,college,single,6,self_employed,4414.0,117,86,5,2,0,661.0,1,0.37,7,2,2,2,0,0.0,0,0.0,47.5,51.0,2.5,4.0,1.0,1.0,9,1,0,853.6509285598746
app,short_term,2578,30,3,10,0.2,0,56,32,53,M,4,college,married,1,self_employed,3059.0,27,71,3,2,0,505.0,0,0.59,4,4,2,2,0,0.0,0,0.0,29.5,47.0,1.5,2.0,1.0,0.5,9,4,0,702.0498287283906
app,short_term,1422,14,7,7,0.56,0,37,34,26,M,3,college,married,8,self_employed,2241.0,25,151,4,3,1,641.0,0,0.13,0,0,3,3,0,0.0,0,0.0,56.0,61.0,1.0,1.0,1.0,1.0,10,5,0,976.1281164117811
app,short_term,2013,14,7,15,0.22,0,41,25,21,M,5,high,married,10,private,2974.0,8,487,5,1,0,611.0,0,0.35,3,1,1,1,0,0.0,0,0.0,24.0,24.0,1.0,1.0,1.0,1.0,6,5,0,1000.6085495313548
partner,short_term,3596,30,9,8,0.2,0,89,3,26,M,4,high,married,8,private,2604.0,16,183,3,2,0,570.0,0,0.48,1,0,2,2,0,0.0,1,0.5,50.0,66.0,1.0,1.0,1.0,0.5,11,5,0,888.5616454062347
app,short_term,748,30,7,7,0.29,0,74,37,25,F,4,graduate,single,6,private,3404.0,30,93,3,2,1,619.0,0,0.28,5,0,2,2,0,0.0,0,0.0,26.0,34.0,2.0,3.0,1.0,0.5,3,6,0,1110.1306009833243
partner,installment,3820,120,3,21,0.32,0,56,30,55,M,4,high,single,2,self_employed,3539.0,88,242,3,3,0,633.0,0,0.48,2,1,3,2,0,0.0,0,0.0,41.666666666666664,67.0,1.0,1.0,0.3333333333333333,1.0,15,6,0,574.3025910686936
app,installment,3299,180,0,0,0.25,0,85,48,43,F,5,high,single,8,private,3413.0,28,472,2,1,0,624.0,1,0.27,2,1,1,1,0,0.0,0,0.0,71.0,71.0,3.0,3.0,1.0,1.0,6,0,0,674.590231896072
app,short_term,3643,30,5,4,0.25,0,61,2,50,F,4,graduate,single,9,self_employed,4067.0,46,454,4,1,0,560.0,0,0.14,8,0,1,1,0,0.0,0,0.0,67.0,67.0,2.0,2.0,1.0,1.0,17,2,0,975.9098753045043
app,installment,2465,180,9,24,0.44,0,77,38,22,F,3,graduate,divorced,7,private,1500.0,81,403,4,2,1,613.0,0,0.48,9,2,2,2,0,0.0,0,0.0,64.5,73.0,1.0,1.0,1.0,0.0,10,0,0,813.0919940038204
web,short_term,759,14,8,19,0.08,0,62,31,33,F,2,college,single,7,state,1859.0,21,107,4,2,1,570.0,0,0.46,8,2,2,1,1,0.5,1,0.5,64.0,77.0,1.0,1.0,1.0,0.5,20,5,0,965.2939502557399
web,short_term,1280,30,7,17,0.05,0,50,31,22,M,1,college,married,8,private,3015.0,108,312,1,1,1,693.0,0,0.06,2,4,1,1,0,0.0,0,0.0,10.0,10.0,1.0,1.0,1.0,0.0,2,2,0,439.5394676484908
partner,installment,4241,60,0,41,0.36,0,80,11,37,M,1,middle,single,1,state,4963.0,53,259,4,2,0,651.0,0,0.25,6,2,2,2,0,0.0,0,0.0,37.5,46.0,1.5,2.0,1.0,1.0,11,5,0,764.2405634486859
app,installment,942,60,4,18,0.29,0,106,15,18,F,2,high,single,2,self_employed,7494.0,17,83,4,3,0,519.0,1,0.51,9,1,3,3,0,0.0,0,0.0,39.333333333333336,57.0,1.3333333333333333,2.0,0.6666666666666666,0.6666666666666666,22,2,0,776.8900055866144
app,short_term,4571,30,3,4,0.08,0,31,45,43,M,2,college,divorced,9,private,5087.0,13,126,2,3,0,586.0,0,0.36,0,5,3,2,0,0.0,0,0.0,28.666666666666668,52.0,1.6666666666666667,3.0,0.6666666666666666,0.6666666666666666,8,1,0,621.2332496685873
app,short_term,2210,21,2,10,0.28,0,60,41,22,M,3,college,single,0,self_employed,6240.0,24,270,4,3,1,729.0,0,0.3,7,0,3,3,0,0.0,0,0.0,59.333333333333336,90.0,3.0,4.0,1.0,1.0,5,1,0,1085.8877020525213
app,short_term,2124,14,9,17,0.25,0,49,47,50,M,1,high,single,9,state,2189.0,67,190,3,3,0,525.0,0,0.21,10,1,3,2,0,0.0,0,0.0,56.0,66.0,2.3333333333333335,3.0,1.0,0.6666666666666666,13,3,0,627.8809524789033
partner,short_term,4360,7,5,18,0.28,0,81,52,38,M,4,middle,married,1,self_employed,1723.0,84,78,5,2,1,627.0,0,0.44,6,0,2,2,0,0.0,0,0.0,61.5,79.0,1.5,2.0,0.5,0.5,15,1,0,584.663451307035
web,short_term,3181,7,0,25,0.2,0,31,41,18,M,4,high,married,7,self_employed,3326.0,22,442,1,1,0,587.0,0,0.35,2,1,1,1,0,0.0,0,0.0,43.0,43.0,2.0,2.0,1.0,1.0,22,4,0,883.1598155759918
app,installment,1856,60,5,17,0.43,0,67,4,19,F,3,high,single,7,self_employed,2418.0,105,393,5,2,0,757.0,0,0.1,9,1,2,2,0,0.0,0,0.0,33.0,44.0,1.5,2.0,1.0,0.5,5,2,0,930.1973477243312
app,short_term,1110,14,2,12,0.25,0,46,43,45,M,3,college,married,0,self_employed,5682.0,10,202,4,3,0,541.0,0,0.23,7,0,3,3,0,0.0,0,0.0,27.0,41.0,2.3333333333333335,4.0,1.0,0.6666666666666666,4,2,0,1212.7136909328897
app,installment,1669,120,11,33,0.49,0,88,25,38,M,3,high,single,1,self_employed,3183.0,43,335,1,2,0,725.0,0,0.55,9,1,2,2,0,0.0,0,0.0,49.0,55.0,1.5,2.0,1.0,0.5,17,6,0,1116.4114196428197
app,installment,2311,90,5,23,0.09,0,40,30,45,F,2,middle,married,6,private,3989.0,10,275,3,3,0,668.0,0,0.72,6,4,3,3,0,0.0,0,0.0,29.666666666666668,39.0,2.3333333333333335,5.0,1.0,0.6666666666666666,2,3,0,766.7818106401481
app,installment,3323,120,4,20,0.33,0,77,57,36,F,4,high,married,10,private,3556.0,75,402,3,1,0,723.0,0,0.29,7,0,1,1,0,0.0,0,0.0,49.0,49.0,1.0,1.0,1.0,1.0,16,0,0,902.2045411412848
app,short_term,1150,30,3,27,0.25,0,91,25,48,M,3,college,married,8,private,2991.0,40,364,5,2,1,703.0,0,0.38,0,3,2,2,0,0.0,0,0.0,41.5,49.0,1.5,2.0,1.0,1.0,12,2,0,612.3455398740562
web,installment,1582,180,2,14,0.07,0,53,28,21,F,2,middle,married,9,state,3977.0,94,398,2,2,0,754.0,0,0.4,0,3,2,2,0,0.0,0,0.0,36.5,46.0,1.5,2.0,1.0,1.0,21,2,0,1049.2520711535676
app,short_term,3520,30,4,15,0.12,1,34,40,47,M,4,college,married,3,private,4569.0,110,139,5,2,0,729.0,0,0.12,8,1,2,2,0,0.0,0,0.0,37.5,52.0,1.5,2.0,1.0,1.0,5,6,0,839.0945391442144
app,short_term,4786,21,4,13,0.17,0,78,0,26,M,2,high,single,2,private,3948.0,108,356,5,1,0,703.0,0,0.59,10,1,1,1,0,0.0,0,0.0,42.0,42.0,4.0,4.0,1.0,0.0,21,1,0,1101.8453663454638
app,short_term,4328,7,11,18,0.21,0,37,26,45,M,4,graduate,single,1,unemployed,5420.0,33,283,1,2,1,584.0,0,0.78,3,1,2,2,0,0.0,0,0.0,30.5,31.0,2.0,3.0,1.0,1.0,2,2,0,957.498369654342
app,short_term,2668,7,5,11,0.33,0,58,10,50,M,2,graduate,single,5,private,3703.0,83,233,4,1,0,507.0,0,0.35,0,4,1,1,0,0.0,0,0.0,29.0,29.0,2.0,2.0,1.0,0.0,2,6,0,644.3796175768566
web,installment,731,180,2,19,0.23,0,28,32,21,M,1,college,single,7,private,3235.0,61,326,2,2,0,778.0,1,0.39,2,0,2,2,0,0.0,0,0.0,34.0,46.0,2.0,3.0,1.0,1.0,14,4,0,870.6668897308209
web,short_term,1021,30,0,10,0.15,1,82,27,41,M,4,middle,single,10,private,3248.0,72,438,4,1,1,560.0,0,0.2,0,0,1,1,0,0.0,0,0.0,48.0,48.0,1.0,1.0,1.0,0.0,9,2,0,845.8373297809453
app,installment,1105,90,2,16,0.02,1,49,38,23,M,2,high,single,2,state,6477.0,7,181,3,2,0,522.0,0,0.14,10,0,2,1,0,0.0,0,0.0,38.0,57.0,1.5,2.0,1.0,1.0,11,3,0,1182.3468505810943
app,short_term,3199,14,7,15,0.01,0,62,33,26,M,4,high,single,5,private,4015.0,24,454,2,1,0,582.0,0,0.16,5,1,1,1,0,0.0,0,0.0,50.0,50.0,3.0,3.0,1.0,1.0,3,3,0,1220.5065263509664
app,short_term,1353,30,1,18,0.42,1,72,22,34,F,5,college,single,1,self_employed,2964.0,85,256,3,1,1,634.0,0,0.37,3,1,1,1,0,0.0,0,0.0,5.0,5.0,1.0,1.0,1.0,0.0,21,5,0,826.6602503253423
app,installment,4395,90,3,28,0.36,0,49,30,30,F,5,college,married,8,private,2903.0,17,428,3,1,0,498.0,1,0.07,2,1,1,1,0,0.0,0,0.0,38.0,38.0,3.0,3.0,1.0,1.0,2,4,0,421.1351451854678
partner,short_term,738,7,2,0,0.11,0,39,46,25,M,4,graduate,single,9,self_employed,3992.0,112,394,1,1,0,639.0,0,0.68,10,3,1,1,0,0.0,0,0.0,32.0,32.0,3.0,3.0,1.0,1.0,12,1,0,1226.7785626280402
app,short_term,2821,21,5,39,0.54,1,52,31,41,F,1,college,married,4,state,3970.0,85,120,2,1,0,713.0,0,0.14,0,0,1,1,0,0.0,0,0.0,39.0,39.0,2.0,2.0,1.0,1.0,22,4,0,1091.87262553334
app,short_term,3485,21,6,20,0.24,0,59,18,48,F,3,middle,married,10,self_employed,6571.0,97,459,3,2,0,551.0,0,0.31,0,1,2,2,0,0.0,0,0.0,47.0,64.0,1.0,1.0,1.0,1.0,16,3,0,809.2090708015988
app,short_term,4951,30,4,31,0.11,0,41,46,34,F,4,college,married,5,private,2766.0,47,76,2,2,0,640.0,0,0.35,9,1,2,1,0,0.0,0,0.0,43.5,44.0,3.0,5.0,1.0,1.0,20,5,0,712.9873702414936
web,installment,1984,180,5,25,0.22,0,82,4,36,M,4,college,married,10,self_employed,5510.0,26,138,3,2,0,699.0,0,0.55,1,0,2,1,0,0.0,0,0.0,29.5,41.0,2.5,3.0,1.0,0.5,23,2,0,1050.2225228380967
app,installment,502,60,2,16,0.14,0,112,11,49,M,1,high,single,10,self_employed,3028.0,69,182,2,3,0,584.0,0,0.43,5,2,3,3,0,0.0,0,0.0,57.666666666666664,69.0,2.3333333333333335,4.0,1.0,1.0,19,2,0,707.4792992592745
app,installment,2985,180,6,31,0.42,1,73,21,23,F,2,middle,single,9,private,4105.0,12,320,5,1,0,564.0,0,0.59,5,2,1,1,0,0.0,0,0.0,63.0,63.0,1.0,1.0,1.0,1.0,15,5,0,985.6667699137224
app,short_term,3315,30,4,34,0.12,0,36,38,29,M,4,high,single,0,self_employed,5770.0,79,235,2,3,0,710.0,0,0.65,5,4,3,2,0,0.0,0,0.0,30.0,37.0,2.0,4.0,0.3333333333333333,0.6666666666666666,14,4,0,804.9949388671404
web,short_term,1354,7,3,22,0.0,0,48,46,42,M,3,middle,single,7,self_employed,2414.0,119,428,3,2,0,745.0,1,0.65,0,1,2,2,0,0.0,0,0.0,37.5,41.0,1.5,2.0,1.0,1.0,3,6,0,996.0459316634738
app,installment,2917,90,3,11,0.35,0,52,47,51,M,3,high,single,0,private,7097.0,51,126,5,1,1,618.0,0,0.35,3,6,1,1,0,0.0,0,0.0,51.0,51.0,3.0,3.0,1.0,1.0,15,6,0,797.4718097384809
app,short_term,4012,7,4,17,0.43,0,79,15,20,M,3,graduate,single,3,private,6935.0,32,288,2,3,0,602.0,0,0.04,4,0,3,3,0,0.0,1,0.3333333333333333,32.666666666666664,48.0,2.6666666666666665,5.0,1.0,0.6666666666666666,17,4,0,786.2034335243793
app,installment,1902,60,2,16,0.35,0,30,30,30,F,2,high,married,4,private,4263.0,108,202,1,1,0,643.0,0,0.18,4,3,1,1,0,0.0,0,0.0,7.0,7.0,5.0,5.0,1.0,1.0,0,0,0,897.6110385853881
web,installment,2266,180,8,15,0.34,0,116,25,51,M,1,college,single,1,state,4170.0,38,96,1,1,1,728.0,0,0.84,8,0,1,1,0,0.0,0,0.0,53.0,53.0,1.0,1.0,1.0,1.0,9,0,0,964.2040269551784
app,installment,4124,60,8,28,0.07,0,39,20,39,M,3,graduate,married,10,state,2783.0,88,176,3,1,1,637.0,0,0.82,7,2,1,1,0,0.0,0,0.0,73.0,73.0,1.0,1.0,1.0,1.0,23,6,0,655.0641059785744
app,installment,2091,90,14,39,0.11,0,58,31,50,M,4,high,married,10,unemployed,4020.0,57,343,2,3,0,650.0,0,0.14,7,0,3,1,0,0.0,0,0.0,44.666666666666664,72.0,1.6666666666666667,2.0,1.0,0.6666666666666666,7,0,0,1363.0109559091416
app,installment,4104,90,3,21,0.51,0,60,15,23,M,3,college,single,4,self_employed,5191.0,70,384,2,3,0,626.0,0,0.3,4,5,3,3,0,0.0,0,0.0,31.333333333333332,36.0,3.3333333333333335,5.0,0.6666666666666666,0.6666666666666666,7,1,0,619.178333125975
web,installment,993,120,6,24,0.08,0,78,10,29,M,5,graduate,single,7,self_employed,4094.0,37,293,2,2,0,610.0,0,0.66,10,1,2,2,0,0.0,0,0.0,62.5,78.0,1.0,1.0,1.0,1.0,18,1,0,1345.2950869155598
app,short_term,1669,7,6,8,0.42,1,37,25,52,M,4,high,married,9,self_employed,2976.0,80,104,4,1,0,481.0,1,0.19,7,0,1,1,0,0.0,0,0.0,64.0,64.0,1.0,1.0,1.0,1.0,12,4,0,754.104122725803
partner,short_term,2033,7,4,26,0.3,0,31,32,31,M,1,high,married,7,private,7213.0,3,210,2,3,0,808.0,0,0.14,4,5,3,3,0,0.0,0,0.0,59.333333333333336,89.0,3.0,5.0,1.0,1.0,5,1,0,511.19052655567884
app,installment,4696,60,2,23,0.4,0,69,36,27,F,4,high,married,4,self_employed,3077.0,77,377,3,1,1,732.0,0,0.33,9,0,1,1,0,0.0,0,0.0,47.0,47.0,2.0,2.0,1.0,0.0,9,2,0,722.957855350255
web,short_term,2330,14,4,11,0.33,0,74,41,32,M,4,high,single,2,private,2403.0,43,388,2,2,0,554.0,0,0.07,9,4,2,2,0,0.0,0,0.0,8.0,10.0,2.0,3.0,1.0,1.0,21,6,0,610.9014341654263
app,short_term,3138,30,8,17,0.13,0,81,1,33,F,3,college,married,8,self_employed,4050.0,63,399,4,3,0,610.0,0,0.34,2,2,3,2,0,0.0,0,0.0,32.333333333333336,58.0,1.6666666666666667,2.0,1.0,0.6666666666666666,12,0,0,1139.5290146873263
web,short_term,1989,21,7,24,0.24,0,63,13,48,F,3,middle,single,0,state,3979.0,25,169,2,2,0,660.0,0,0.75,10,0,2,2,0,0.0,0,0.0,51.5,69.0,2.5,4.0,1.0,1.0,12,1,0,1402.573264879693
app,installment,4875,120,6,14,0.26,0,54,34,23,F,2,middle,single,8,private,3315.0,82,332,5,3,0,565.0,0,0.39,0,1,3,3,0,0.0,0,0.0,38.333333333333336,60.0,2.3333333333333335,3.0,0.6666666666666666,1.0,22,0,0,904.649042233313
web,installment,3260,60,1,27,0.2,0,64,37,52,M,3,college,married,4,private,2678.0,96,428,1,3,0,533.0,1,0.22,5,0,3,3,0,0.0,0,0.0,28.666666666666668,48.0,2.3333333333333335,3.0,1.0,0.6666666666666666,22,5,0,748.3768121467081
app,short_term,3179,21,5,18,0.31,1,10,7,30,F,3,college,married,1,self_employed,2448.0,46,351,1,1,1,508.0,2,0.38,10,1,1,1,0,0.0,0,0.0,44.0,44.0,1.0,1.0,1.0,0.0,19,2,0,604.8630495173741
app,short_term,2159,7,0,19,0.04,1,75,25,40,F,5,college,single,5,private,7848.0,59,426,1,1,0,570.0,3,0.04,5,0,1,1,0,0.0,0,0.0,61.0,61.0,1.0,1.0,1.0,1.0,19,0,0,702.9316592504682
app,installment,679,90,2,37,0.38,0,47,21,22,M,2,high,single,10,private,4249.0,74,485,5,1,0,564.0,1,0.01,10,0,1,1,0,0.0,0,0.0,29.0,29.0,4.0,4.0,1.0,0.0,23,4,0,1329.6980989511553
app,short_term,1347,7,2,34,0.1,0,36,0,22,F,4,college,married,0,private,5434.0,79,397,2,2,1,744.0,0,0.32,10,3,2,1,0,0.0,0,0.0,60.0,77.0,3.0,5.0,1.0,1.0,18,2,0,1067.7318102894512
app,short_term,4641,21,4,12,0.04,0,29,19,51,M,3,college,married,9,private,4130.0,100,357,5,1,0,567.0,1,0.28,1,0,1,1,0,0.0,0,0.0,43.0,43.0,2.0,2.0,0.0,0.0,7,3,0,963.9992098580244
app,short_term,1466,7,5,28,0.08,0,50,24,20,F,2,high,married,5,private,5917.0,8,137,1,2,0,496.0,0,0.03,4,2,2,2,0,0.0,0,0.0,11.0,16.0,2.0,3.0,1.0,1.0,6,4,0,1155.255947706635
app,short_term,816,7,6,23,0.28,1,58,37,52,F,3,high,single,9,private,2582.0,42,326,2,1,0,575.0,0,0.18,0,1,1,1,0,0.0,1,1.0,21.0,21.0,5.0,5.0,1.0,1.0,17,4,0,796.8740940359962
app,installment,2093,60,6,17,0.21,0,59,35,40,M,3,middle,single,7,state,3240.0,75,297,1,2,0,646.0,0,0.52,5,2,2,2,0,0.0,0,0.0,40.5,69.0,1.0,1.0,1.0,0.5,0,5,0,856.4435502185332
app,short_term,1797,7,5,21,0.1,1,66,32,29,M,1,college,married,9,self_employed,2388.0,77,143,1,1,0,601.0,0,0.27,6,0,1,1,0,0.0,0,0.0,35.0,35.0,1.0,1.0,1.0,1.0,7,2,0,800.9816956360544
partner,installment,4618,120,7,32,0.38,0,33,18,43,M,3,high,married,6,private,2022.0,24,347,2,3,0,564.0,0,0.33,1,0,3,3,0,0.0,0,0.0,24.666666666666668,43.0,2.0,3.0,1.0,1.0,18,5,0,916.6978141955847
app,installment,863,90,3,39,0.36,0,28,23,26,M,1,graduate,single,1,self_employed,7524.0,52,395,5,1,1,577.0,0,0.13,0,1,1,1,0,0.0,0,0.0,44.0,44.0,2.0,2.0,1.0,1.0,13,2,0,821.8340620416017
app,short_term,633,30,4,4,0.15,0,72,20,24,F,3,graduate,married,7,unemployed,2763.0,11,395,3,3,0,566.0,0,0.5,2,0,3,3,0,0.0,1,0.3333333333333333,37.333333333333336,62.0,2.0,4.0,0.6666666666666666,0.6666666666666666,20,1,0,897.0352933960942
app,installment,630,60,9,13,0.02,0,42,27,20,F,4,college,single,0,self_employed,2507.0,62,107,5,3,1,585.0,0,0.37,7,2,3,3,0,0.0,0,0.0,47.333333333333336,63.0,2.6666666666666665,3.0,1.0,1.0,19,0,0,801.0492974472056
app,short_term,1676,30,5,13,0.3,0,47,27,54,F,1,high,single,1,private,5821.0,27,140,2,1,0,625.0,5,0.1,0,3,1,1,0,0.0,0,0.0,9.0,9.0,3.0,3.0,1.0,0.0,17,1,0,499.51582944238237
web,short_term,4323,7,7,22,0.11,0,27,36,32,M,4,college,single,3,private,3555.0,34,171,2,2,1,561.0,0,0.32,5,0,2,1,0,0.0,0,0.0,55.5,58.0,1.5,2.0,1.0,0.5,19,0,0,949.4261439159595
app,installment,727,120,5,21,0.37,0,30,18,44,M,4,graduate,single,3,self_employed,3297.0,113,69,5,2,1,627.0,0,0.26,6,0,2,2,0,0.0,0,0.0,42.5,46.0,1.5,2.0,1.0,0.5,15,6,0,804.7041726075938
app,short_term,4789,7,3,2,0.13,0,50,29,35,F,3,college,married,2,unemployed,8767.0,89,126,5,1,0,300.0,1,0.22,8,2,1,1,0,0.0,0,0.0,40.0,40.0,1.0,1.0,1.0,1.0,12,1,0,673.8572099917112
web,installment,3637,120,12,12,0.24,1,47,56,23,M,1,college,single,1,private,6253.0,97,414,5,1,1,639.0,0,0.29,4,1,1,1,0,0.0,0,0.0,22.0,22.0,1.0,1.0,1.0,1.0,5,2,0,897.9054539911515
app,short_term,3566,7,6,12,0.04,0,31,33,28,M,3,college,single,3,private,4992.0,5,144,5,3,0,633.0,0,0.29,9,0,3,3,0,0.0,0,0.0,32.666666666666664,39.0,2.0,3.0,1.0,0.6666666666666666,23,5,0,846.1510364371836
web,short_term,1398,14,8,22,0.23,0,70,30,36,F,4,middle,married,5,self_employed,4491.0,2,316,5,1,0,614.0,1,0.12,0,0,1,1,0,0.0,0,0.0,10.0,10.0,1.0,1.0,1.0,1.0,23,0,0,861.7826750730651
partner,short_term,567,7,4,20,0.34,0,42,27,20,M,4,college,single,1,private,4202.0,30,367,3,3,0,535.0,0,0.17,3,3,3,3,0,0.0,0,0.0,17.0,21.0,1.6666666666666667,3.0,1.0,0.3333333333333333,10,0,0,997.0448655555404
app,short_term,2147,21,4,37,0.29,0,100,55,53,M,2,high,married,2,self_employed,4158.0,60,177,4,1,1,505.0,0,0.7,5,1,1,1,0,0.0,0,0.0,0.0,0.0,2.0,2.0,1.0,1.0,21,2,0,1075.1617959203584
app,short_term,2114,21,9,16,0.52,1,66,22,35,F,5,college,married,5,unemployed,10070.0,74,94,4,3,0,672.0,0,0.55,9,0,3,2,0,0.0,0,0.0,23.0,47.0,2.6666666666666665,5.0,1.0,0.6666666666666666,0,5,0,997.5156686417104
app,installment,3729,180,4,4,0.09,0,38,2,34,F,3,college,single,4,self_employed,2852.0,22,224,1,2,1,572.0,0,0.21,0,2,2,2,0,0.0,0,0.0,43.5,59.0,2.0,3.0,1.0,0.5,15,6,0,684.3423404759271
web,installment,4861,60,3,13,0.15,1,56,33,23,F,4,college,single,8,unemployed,5412.0,95,247,3,3,0,576.0,0,0.4,0,2,3,3,0,0.0,0,0.0,32.0,36.0,2.6666666666666665,5.0,1.0,0.6666666666666666,23,3,0,868.5545127570622
app,installment,4918,180,1,25,0.17,0,45,33,50,M,1,high,single,9,state,2189.0,67,190,3,3,0,525.0,0,0.21,10,1,3,2,0,0.0,0,0.0,56.0,66.0,2.3333333333333335,3.0,1.0,0.6666666666666666,6,3,0,721.1833527005938
app,short_term,1179,30,8,31,0.42,0,31,28,27,M,4,high,married,4,self_employed,3342.0,40,283,2,3,1,488.0,0,0.39,2,0,3,3,0,0.0,0,0.0,63.666666666666664,84.0,1.3333333333333333,2.0,1.0,1.0,21,0,0,733.4230232017326
app,installment,1831,90,6,19,0.48,0,28,18,23,F,3,college,single,1,self_employed,4428.0,33,387,1,2,0,517.0,0,0.39,10,0,2,2,0,0.0,0,0.0,55.5,60.0,1.5,2.0,1.0,0.5,11,1,0,1257.458698726748
web,short_term,2230,30,0,27,0.09,0,58,5,49,M,1,high,single,9,unemployed,4374.0,53,255,3,1,0,666.0,3,0.46,4,0,1,1,0,0.0,0,0.0,66.0,66.0,1.0,1.0,0.0,1.0,3,6,0,687.6996537042453
app,installment,3760,90,3,24,0.49,0,51,54,21,M,3,college,married,4,state,2167.0,17,68,1,1,0,680.0,0,0.74,10,0,1,1,0,0.0,0,0.0,40.0,40.0,1.0,1.0,1.0,1.0,4,3,0,921.8067966211976
app,installment,2884,90,3,28,0.11,0,30,37,44,M,3,college,married,7,self_employed,3034.0,72,209,4,1,0,597.0,0,0.75,3,1,1,1,0,0.0,0,0.0,28.0,28.0,1.0,1.0,1.0,1.0,20,1,0,800.0975027199236
app,short_term,3879,14,4,14,0.46,0,49,45,29,F,4,college,single,3,state,5714.0,16,335,3,2,1,696.0,1,0.24,7,0,2,2,0,0.0,0,0.0,47.0,53.0,1.5,2.0,1.0,1.0,21,4,0,856.629848363518
web,short_term,4087,7,7,9,0.16,1,51,22,37,M,3,high,single,1,private,4122.0,53,340,5,2,1,637.0,1,0.86,0,1,2,2,0,0.0,0,0.0,8.0,16.0,1.5,2.0,1.0,0.5,22,0,0,1100.3619126195981
web,short_term,3326,21,3,4,0.2,0,44,46,35,F,5,college,single,4,private,6610.0,28,472,4,1,1,495.0,0,0.12,7,0,1,1,0,0.0,0,0.0,50.0,50.0,2.0,2.0,1.0,0.0,0,5,0,948.4593498114423
app,installment,4149,60,9,8,0.6,1,66,12,24,M,2,high,married,3,private,3179.0,58,178,3,2,0,597.0,0,0.42,10,0,2,2,0,0.0,0,0.0,22.5,37.0,2.5,3.0,1.0,0.5,19,0,0,1090.4935108904579
app,installment,2103,180,1,31,0.16,0,75,27,52,M,2,college,single,3,self_employed,3918.0,97,182,2,3,0,543.0,1,0.28,0,1,3,3,0,0.0,0,0.0,37.0,60.0,1.3333333333333333,2.0,0.6666666666666666,1.0,18,5,0,1016.4156731138957
app,installment,4988,180,3,4,0.27,0,61,30,38,M,4,college,single,0,private,2951.0,25,432,3,1,0,676.0,0,0.39,7,1,1,1,0,0.0,0,0.0,36.0,36.0,3.0,3.0,1.0,1.0,0,2,0,616.4127399089892
web,short_term,4641,30,7,22,0.24,0,70,44,54,M,4,high,single,0,state,3955.0,89,374,3,1,0,589.0,1,0.63,5,3,1,1,0,0.0,0,0.0,52.0,52.0,1.0,1.0,0.0,1.0,4,0,0,815.4844972458909
app,short_term,2322,14,2,13,0.41,0,35,32,34,M,1,college,single,1,private,3362.0,38,215,4,3,1,647.0,0,0.22,8,0,3,2,0,0.0,0,0.0,55.666666666666664,81.0,1.3333333333333333,2.0,0.6666666666666666,0.6666666666666666,1,5,0,966.3677487360068
app,installment,1386,60,7,4,0.09,0,53,27,37,M,3,middle,single,0,state,3397.0,12,117,1,3,0,537.0,0,0.08,1,0,3,2,0,0.0,0,0.0,35.0,40.0,1.3333333333333333,2.0,1.0,1.0,17,6,0,929.2022433075751
app,short_term,1271,14,4,25,0.09,0,42,13,45,F,1,high,married,2,state,2384.0,109,185,2,3,1,618.0,0,0.07,8,0,3,2,0,0.0,0,0.0,28.0,39.0,2.6666666666666665,3.0,1.0,1.0,18,5,0,960.422144059571
app,short_term,4139,21,1,30,0.02,0,38,29,29,F,4,high,married,4,unemployed,3864.0,63,469,3,3,0,716.0,0,0.51,1,2,3,3,0,0.0,0,0.0,23.666666666666668,30.0,1.0,1.0,1.0,0.6666666666666666,0,3,0,739.1648905039261
app,short_term,1499,7,3,31,0.14,0,58,33,18,M,5,high,single,7,self_employed,4050.0,75,472,2,1,0,617.0,0,0.2,1,0,1,1,0,0.0,0,0.0,25.0,25.0,4.0,4.0,1.0,0.0,9,6,0,1113.4927232844623
app,installment,2620,90,7,21,0.52,0,34,18,24,F,3,high,married,0,private,3691.0,104,380,2,1,1,531.0,0,0.17,0,1,1,1,0,0.0,1,1.0,73.0,73.0,2.0,2.0,1.0,1.0,11,4,0,828.8556722695309
app,short_term,4305,30,1,15,0.39,0,79,24,25,M,2,high,married,5,private,3648.0,30,417,2,3,1,617.0,0,0.69,10,0,3,3,0,0.0,1,0.3333333333333333,55.0,83.0,2.3333333333333335,4.0,1.0,1.0,17,4,0,993.4238970690401
app,short_term,3304,7,4,21,0.09,0,56,31,45,M,3,high,married,5,state,4209.0,19,430,3,2,1,599.0,0,0.22,8,0,2,2,0,0.0,0,0.0,33.5,48.0,1.5,2.0,1.0,0.0,4,0,0,1402.05076271798
app,installment,3652,90,1,17,0.24,0,101,37,31,M,2,high,married,7,private,7547.0,58,467,1,2,0,657.0,1,0.14,5,1,2,1,0,0.0,0,0.0,56.5,71.0,1.5,2.0,1.0,1.0,15,1,0,823.5925925905098
web,installment,3073,180,5,25,0.5,0,95,12,55,M,3,high,married,1,unemployed,2530.0,27,296,4,1,0,423.0,0,0.39,7,0,1,1,0,0.0,0,0.0,38.0,38.0,1.0,1.0,1.0,1.0,19,1,0,675.7952025597702
partner,installment,3223,60,1,22,0.68,0,55,22,43,M,4,college,single,10,self_employed,4910.0,96,291,4,3,0,640.0,0,0.59,5,3,3,3,0,0.0,0,0.0,21.333333333333332,48.0,1.6666666666666667,3.0,1.0,1.0,7,4,0,889.479066320213
partner,short_term,4420,7,5,9,0.05,0,91,36,34,M,4,college,single,1,private,4173.0,73,363,5,2,0,596.0,0,0.37,8,3,2,2,0,0.0,0,0.0,33.0,53.0,1.5,2.0,0.5,0.5,6,6,0,923.7035543259498
partner,installment,2405,60,7,14,0.52,0,57,34,25,M,3,high,single,7,private,3397.0,33,209,4,1,1,726.0,0,0.07,4,0,1,1,0,0.0,0,0.0,16.0,16.0,4.0,4.0,1.0,1.0,10,5,0,1159.855863774741
app,installment,4275,60,6,22,0.66,0,46,24,35,M,2,high,single,10,private,3767.0,12,432,3,2,0,625.0,1,0.31,0,2,2,2,0,0.0,0,0.0,51.0,51.0,1.0,1.0,1.0,1.0,12,4,0,794.8874379208817
app,short_term,3711,14,2,18,0.36,0,83,36,50,M,3,high,single,4,state,6086.0,45,104,2,1,1,583.0,0,0.18,2,0,1,1,0,0.0,0,0.0,56.0,56.0,1.0,1.0,1.0,0.0,2,3,0,700.455841508918
web,short_term,3944,30,4,22,0.31,0,71,15,54,M,3,high,single,6,self_employed,4202.0,28,198,1,3,1,666.0,0,0.43,3,0,3,3,0,0.0,0,0.0,45.666666666666664,58.0,2.6666666666666665,3.0,1.0,1.0,10,6,0,997.6578002748338
app,installment,4946,180,7,12,0.56,0,75,32,23,M,4,middle,married,1,unemployed,2508.0,55,409,3,3,1,624.0,0,0.48,1,0,3,3,0,0.0,0,0.0,21.0,31.0,1.0,1.0,1.0,1.0,15,0,0,723.4520706879811
app,installment,3560,180,1,19,0.39,0,52,29,34,F,3,college,married,5,private,2881.0,21,382,5,1,1,792.0,0,0.43,4,2,1,1,0,0.0,0,0.0,10.0,10.0,1.0,1.0,1.0,0.0,4,1,0,984.3406529231275
web,short_term,3694,21,5,38,0.02,0,62,22,41,F,2,middle,single,1,self_employed,5580.0,77,296,1,3,0,600.0,0,0.2,8,0,3,3,0,0.0,0,0.0,15.666666666666666,33.0,1.3333333333333333,2.0,1.0,0.6666666666666666,2,6,0,1227.6026310258567
web,installment,3692,120,3,11,0.68,0,18,12,55,M,4,high,married,10,unemployed,3152.0,37,419,1,3,0,620.0,0,0.7,4,0,3,3,0,0.0,1,0.3333333333333333,50.0,70.0,2.6666666666666665,4.0,1.0,1.0,9,6,0,911.1353736498279
app,short_term,1528,30,7,8,0.38,0,50,12,30,F,1,college,married,5,private,3736.0,11,314,2,3,0,506.0,0,0.06,5,0,3,3,0,0.0,0,0.0,16.333333333333332,47.0,1.6666666666666667,3.0,1.0,1.0,14,1,0,825.0580185006346
app,short_term,3750,7,3,11,0.1,0,87,28,41,F,4,graduate,married,1,self_employed,4415.0,80,56,4,1,0,688.0,2,0.49,10,0,1,1,0,0.0,0,0.0,42.0,42.0,4.0,4.0,1.0,1.0,8,3,0,733.5066775541811
app,short_term,2077,14,3,18,0.12,0,79,33,22,F,4,college,married,0,private,5434.0,79,397,2,2,1,744.0,0,0.32,10,3,2,1,0,0.0,0,0.0,60.0,77.0,3.0,5.0,1.0,1.0,16,1,0,934.3542136075321
app,installment,659,60,3,34,0.24,0,77,0,20,M,4,college,married,0,private,4364.0,65,159,1,2,0,606.0,1,0.53,2,0,2,2,0,0.0,0,0.0,37.0,45.0,1.0,1.0,1.0,1.0,22,1,0,777.1370003802188
web,short_term,4303,30,0,16,0.22,0,48,19,49,M,2,college,divorced,6,private,6050.0,21,159,5,3,0,716.0,0,0.27,7,1,3,2,1,0.6666666666666666,0,0.0,27.333333333333332,39.0,1.0,1.0,0.6666666666666666,1.0,17,6,0,764.7711067354658
app,installment,654,180,6,6,0.09,0,46,28,39,F,4,high,single,6,private,8089.0,65,110,2,2,0,626.0,0,0.63,1,0,2,2,0,0.0,0,0.0,58.0,61.0,2.0,3.0,1.0,0.0,12,6,0,878.7208303193913
app,installment,1218,120,6,23,0.16,0,58,16,32,M,5,college,single,8,private,2763.0,62,118,3,2,0,535.0,1,0.07,10,0,2,1,0,0.0,0,0.0,30.5,53.0,1.0,1.0,1.0,1.0,19,4,0,867.6944224008687
app,short_term,4320,30,3,19,0.08,0,92,32,48,M,2,college,single,1,private,2440.0,30,292,2,3,0,662.0,0,0.33,4,0,3,3,0,0.0,0,0.0,42.333333333333336,54.0,2.0,3.0,1.0,1.0,14,3,0,687.1312066848863
web,short_term,2723,7,6,14,0.11,0,56,42,32,F,2,college,single,6,self_employed,2554.0,73,308,4,1,0,822.0,0,0.31,3,0,1,1,0,0.0,0,0.0,45.0,45.0,2.0,2.0,0.0,1.0,23,3,0,972.7506159812273
partner,short_term,3154,7,5,24,0.4,0,67,25,31,F,3,high,married,9,private,2142.0,65,488,3,2,1,540.0,0,0.25,6,3,2,2,0,0.0,0,0.0,30.5,61.0,1.0,1.0,1.0,1.0,21,5,0,476.83147604469787
app,short_term,3381,7,0,0,0.19,0,39,0,35,F,3,high,single,7,self_employed,5063.0,31,429,3,2,0,610.0,0,0.46,4,2,2,2,0,0.0,0,0.0,41.0,54.0,2.5,4.0,1.0,0.5,9,4,0,779.959543772205
app,short_term,1479,21,8,14,0.15,0,29,19,25,M,5,graduate,single,2,private,4408.0,115,139,5,3,0,818.0,0,0.57,2,2,3,2,0,0.0,0,0.0,34.333333333333336,45.0,1.3333333333333333,2.0,1.0,1.0,3,2,0,1164.6046669428722
web,installment,2092,90,3,23,0.05,0,59,33,20,M,3,college,married,0,private,4360.0,109,191,4,3,1,674.0,0,0.3,7,1,3,3,0,0.0,0,0.0,34.666666666666664,49.0,1.3333333333333333,2.0,1.0,0.6666666666666666,8,0,0,910.5145741016879
app,short_term,1035,7,0,18,0.19,0,72,46,27,F,2,college,single,9,self_employed,3237.0,56,326,3,1,0,493.0,0,0.44,6,0,1,1,0,0.0,0,0.0,49.0,49.0,1.0,1.0,1.0,1.0,10,5,0,1037.0436455121535
app,installment,4888,90,3,20,0.3,0,84,51,41,F,3,high,married,0,private,3681.0,37,330,2,2,1,524.0,1,0.73,1,2,2,2,0,0.0,0,0.0,55.0,68.0,2.0,2.0,1.0,0.5,23,6,0,671.8350178081647
app,short_term,2040,14,2,27,0.05,0,48,48,36,M,1,graduate,married,8,self_employed,3596.0,12,215,4,3,0,525.0,0,0.23,1,1,3,3,0,0.0,0,0.0,17.0,30.0,1.3333333333333333,2.0,0.6666666666666666,0.6666666666666666,19,4,0,737.1068478164012
app,short_term,3051,7,6,26,0.23,0,15,8,35,F,3,college,married,1,private,3934.0,78,300,2,3,0,600.0,0,0.14,6,0,3,2,0,0.0,0,0.0,50.333333333333336,88.0,1.6666666666666667,3.0,0.6666666666666666,0.6666666666666666,0,3,0,1107.3414659919367
web,short_term,1005,7,3,10,0.17,1,70,47,38,F,2,college,married,7,private,4910.0,95,351,1,2,0,679.0,3,0.24,4,2,2,1,0,0.0,0,0.0,36.0,38.0,1.0,1.0,0.5,0.5,2,6,0,621.3132393416531
partner,installment,3284,180,0,26,0.39,0,41,24,36,M,5,high,single,9,private,3679.0,85,83,5,2,0,629.0,1,0.23,9,1,2,1,0,0.0,0,0.0,52.0,56.0,3.0,5.0,1.0,1.0,14,1,1,481.4475946206565
app,installment,2111,120,5,7,0.21,0,52,28,46,F,2,college,married,7,unemployed,5478.0,41,262,5,3,0,616.0,0,0.34,1,4,3,3,0,0.0,0,0.0,40.0,54.0,1.3333333333333333,2.0,1.0,0.6666666666666666,0,1,0,998.7229060821778
web,installment,4515,60,3,3,0.55,0,54,36,35,M,2,high,married,6,private,5192.0,103,127,2,2,1,708.0,0,0.76,0,0,2,2,0,0.0,0,0.0,39.0,47.0,2.0,3.0,1.0,1.0,16,4,0,739.6317553766304
app,short_term,2348,7,5,17,0.51,0,56,2,55,F,5,middle,married,4,private,4474.0,18,183,4,2,1,601.0,0,0.19,9,1,2,2,0,0.0,0,0.0,9.5,12.0,1.0,1.0,1.0,0.5,13,4,0,694.1570079238263
app,installment,3093,60,5,17,0.53,0,49,22,27,M,3,high,single,10,self_employed,3137.0,7,458,2,1,1,612.0,0,0.63,8,0,1,1,0,0.0,0,0.0,58.0,58.0,1.0,1.0,1.0,0.0,5,2,0,845.1542732720674
app,installment,3720,180,8,26,0.44,0,96,45,48,F,4,middle,single,6,private,3546.0,15,51,2,2,1,651.0,0,0.22,5,1,2,2,0,0.0,0,0.0,67.0,77.0,1.5,2.0,1.0,0.5,3,1,0,934.5226518008718
app,short_term,4858,30,7,29,0.51,0,102,33,45,M,3,college,single,3,private,3716.0,120,159,5,2,0,665.0,3,0.56,1,0,2,2,0,0.0,0,0.0,62.5,74.0,1.0,1.0,1.0,1.0,15,1,0,436.61656010486524
app,short_term,3238,30,7,35,0.49,0,71,31,24,F,3,high,single,10,unemployed,2991.0,61,454,5,1,1,593.0,0,0.65,4,0,1,1,0,0.0,0,0.0,31.0,31.0,1.0,1.0,1.0,1.0,16,0,0,809.2116632979582
partner,short_term,4257,14,7,16,0.59,0,43,43,47,F,4,middle,single,4,private,5897.0,109,461,2,3,1,532.0,0,0.05,4,0,3,2,0,0.0,0,0.0,20.333333333333332,29.0,1.6666666666666667,3.0,1.0,1.0,11,2,0,1213.6192616144722
app,installment,3671,90,10,19,0.1,0,81,31,29,F,1,college,single,7,private,2095.0,33,109,5,2,0,617.0,0,0.09,6,0,2,2,0,0.0,0,0.0,44.0,61.0,1.5,2.0,1.0,1.0,15,0,0,715.3555449433876
app,installment,1700,120,0,25,0.13,1,54,24,29,M,4,high,married,8,private,3208.0,30,467,5,3,0,620.0,0,0.54,8,0,3,3,0,0.0,1,0.3333333333333333,46.333333333333336,54.0,1.6666666666666667,3.0,1.0,1.0,17,0,0,1310.2269000925694
web,short_term,3395,7,2,9,0.1,0,50,0,48,M,2,high,married,10,private,6288.0,11,247,4,2,0,554.0,0,0.33,10,2,2,2,0,0.0,0,0.0,34.5,46.0,1.0,1.0,1.0,0.0,14,4,0,1064.5282312042013
app,short_term,3402,21,10,40,0.12,0,74,16,20,M,2,high,married,2,state,3908.0,84,222,4,3,1,620.0,0,0.3,3,2,3,3,0,0.0,0,0.0,40.666666666666664,48.0,2.6666666666666665,4.0,0.6666666666666666,1.0,6,6,0,1186.8474400228324
app,installment,2065,90,0,27,0.12,0,50,23,32,F,2,high,divorced,5,self_employed,3353.0,61,371,5,3,0,589.0,0,0.31,0,1,3,2,0,0.0,1,0.3333333333333333,23.0,49.0,2.6666666666666665,4.0,1.0,1.0,11,5,0,1195.3662116065634
partner,short_term,1736,7,0,16,0.5,0,58,40,41,F,5,middle,married,5,state,5066.0,17,467,4,3,0,610.0,0,0.46,2,1,3,3,0,0.0,0,0.0,29.333333333333332,46.0,2.0,2.0,1.0,1.0,2,1,0,856.5726095951309
app,installment,2356,60,3,27,0.07,0,64,15,54,F,3,college,single,7,state,2667.0,71,434,4,1,1,546.0,0,0.34,7,1,1,1,0,0.0,0,0.0,76.0,76.0,2.0,2.0,1.0,1.0,13,5,0,836.2351739558405
partner,short_term,1334,30,5,25,0.24,0,31,39,36,F,2,graduate,single,10,self_employed,6924.0,40,210,3,1,0,685.0,0,0.57,3,0,1,1,0,0.0,0,0.0,54.0,54.0,1.0,1.0,0.0,1.0,22,4,0,948.5373063313498
app,short_term,3619,21,7,21,0.14,0,72,34,52,F,4,college,single,1,self_employed,3117.0,59,171,2,2,0,534.0,3,0.71,2,0,2,2,0,0.0,0,0.0,23.5,28.0,3.0,3.0,1.0,1.0,12,6,0,699.0437296770627
web,short_term,3428,14,4,10,0.14,0,79,14,32,M,3,graduate,single,9,private,2141.0,89,221,3,1,1,596.0,0,0.27,6,0,1,1,0,0.0,0,0.0,27.0,27.0,2.0,2.0,1.0,0.0,18,1,0,812.0416204838754
app,installment,1901,120,3,10,0.15,0,33,0,23,M,4,college,married,4,self_employed,2962.0,66,332,1,3,1,520.0,0,0.16,10,0,3,3,0,0.0,0,0.0,26.333333333333332,31.0,1.3333333333333333,2.0,1.0,0.6666666666666666,1,2,0,1160.734829254839
app,installment,3356,90,8,16,0.12,0,49,41,21,F,2,college,married,10,private,7099.0,84,408,4,1,1,649.0,1,0.81,5,0,1,1,0,0.0,0,0.0,50.0,50.0,1.0,1.0,1.0,1.0,16,3,0,940.2838044192133
app,short_term,3566,21,5,0,0.06,0,38,50,55,F,4,college,single,5,self_employed,4770.0,79,83,2,1,1,537.0,0,0.14,10,3,1,1,0,0.0,0,0.0,10.0,10.0,2.0,2.0,1.0,1.0,18,3,0,957.2486856679672
app,installment,4210,60,7,26,0.05,0,60,47,20,F,4,graduate,married,4,self_employed,4209.0,88,334,4,2,0,645.0,0,0.49,3,1,2,1,0,0.0,0,0.0,38.5,49.0,3.0,3.0,1.0,1.0,21,5,0,1005.690956776532
app,short_term,3320,21,5,13,0.3,1,24,30,35,F,4,middle,married,9,private,5488.0,91,298,3,2,1,602.0,0,0.12,8,0,2,2,0,0.0,1,0.5,25.0,31.0,2.0,3.0,1.0,1.0,3,3,0,1218.8301144715815
app,installment,750,60,3,30,0.18,0,52,25,44,M,4,college,single,2,private,2178.0,3,366,4,1,1,647.0,0,0.12,9,0,1,1,0,0.0,0,0.0,58.0,58.0,1.0,1.0,1.0,1.0,13,6,0,756.8153184978712
app,installment,4963,180,4,20,0.34,0,68,32,36,M,2,graduate,single,8,self_employed,3763.0,50,331,5,2,1,490.0,0,0.5,9,4,2,2,0,0.0,0,0.0,39.5,41.0,2.0,3.0,1.0,1.0,12,4,0,497.73203110601213
app,installment,1516,60,7,32,0.38,1,35,19,18,F,3,high,single,6,private,3829.0,94,153,4,1,1,605.0,1,0.2,5,3,1,1,0,0.0,0,0.0,34.0,34.0,3.0,3.0,1.0,0.0,14,3,1,469.0007872796467
app,short_term,1879,7,0,5,0.22,0,49,21,34,F,1,college,married,5,self_employed,3766.0,5,452,2,2,0,652.0,0,0.42,6,1,2,2,0,0.0,0,0.0,41.0,61.0,1.5,2.0,1.0,0.5,15,2,0,689.0812796950312
app,short_term,3676,7,3,12,0.22,0,59,27,47,M,2,college,married,3,private,3914.0,39,185,2,2,0,529.0,0,0.11,5,1,2,2,0,0.0,0,0.0,38.5,44.0,2.5,4.0,1.0,0.5,18,2,0,823.1914999851297
app,installment,1856,180,6,17,0.73,0,49,8,48,F,3,middle,married,10,self_employed,6571.0,97,459,3,2,0,551.0,0,0.31,0,1,2,2,0,0.0,0,0.0,47.0,64.0,1.0,1.0,1.0,1.0,10,4,0,1002.5701088986848
app,short_term,3282,14,4,5,0.42,0,48,23,31,F,4,college,married,2,private,2019.0,24,394,1,2,1,700.0,0,0.2,10,6,2,2,0,0.0,0,0.0,14.5,29.0,1.0,1.0,1.0,1.0,0,4,0,701.2181226636076
app,installment,2016,60,0,16,0.15,1,74,28,36,M,4,high,married,6,state,4432.0,16,371,1,2,1,499.0,0,0.25,9,2,2,2,0,0.0,0,0.0,53.0,64.0,2.0,3.0,1.0,1.0,22,4,0,796.6753765591557
app,short_term,671,14,0,4,0.24,0,74,24,51,M,4,college,divorced,9,private,5572.0,44,415,1,2,1,557.0,0,0.32,6,3,2,2,0,0.0,0,0.0,39.5,46.0,1.0,1.0,1.0,1.0,10,1,0,774.4538728492329
app,installment,2274,120,4,32,0.24,0,33,6,54,M,3,high,single,6,self_employed,4202.0,28,198,1,3,1,666.0,0,0.43,3,0,3,3,0,0.0,0,0.0,45.666666666666664,58.0,2.6666666666666665,3.0,1.0,1.0,10,5,0,1229.7847418796473
app,installment,713,180,5,41,0.27,0,30,45,34,F,4,graduate,single,4,self_employed,2395.0,72,94,4,1,0,594.0,0,0.7,2,0,1,1,0,0.0,0,0.0,45.0,45.0,1.0,1.0,1.0,1.0,4,3,0,945.589817171229
web,short_term,3835,14,3,3,0.38,0,40,23,50,F,1,college,married,1,private,2641.0,75,405,4,1,1,555.0,3,0.18,0,1,1,1,0,0.0,0,0.0,21.0,21.0,1.0,1.0,1.0,1.0,3,1,0,579.8902430588225
app,installment,3323,180,9,26,0.31,1,68,53,54,F,2,high,married,10,private,5510.0,10,325,2,1,0,756.0,0,0.6,1,3,1,1,0,0.0,1,1.0,56.0,56.0,1.0,1.0,1.0,1.0,23,4,0,1004.6490091497828
app,short_term,749,14,6,27,0.24,0,60,23,50,F,3,college,single,7,private,5524.0,38,373,4,1,0,751.0,0,0.3,3,1,1,1,0,0.0,0,0.0,31.0,31.0,3.0,3.0,1.0,1.0,10,2,0,1144.0401907457217
app,short_term,1699,30,5,17,0.33,0,81,8,19,F,4,graduate,married,7,unemployed,5088.0,56,117,4,2,1,610.0,0,0.37,2,1,2,2,0,0.0,0,0.0,53.5,65.0,1.5,2.0,1.0,0.5,11,1,0,932.780453145076
web,short_term,3241,21,6,23,0.12,0,72,0,35,F,4,college,single,5,state,5798.0,17,75,2,3,1,640.0,0,0.75,10,1,3,2,0,0.0,0,0.0,46.0,63.0,3.0,5.0,0.6666666666666666,0.3333333333333333,9,3,0,1109.0313984203592
app,short_term,4139,7,7,7,0.13,0,47,41,20,M,4,college,married,0,private,4364.0,65,159,1,2,0,606.0,1,0.53,2,0,2,2,0,0.0,0,0.0,37.0,45.0,1.0,1.0,1.0,1.0,6,2,0,675.0923502707677
app,short_term,4381,14,5,27,0.19,0,78,25,21,F,2,middle,married,8,private,3382.0,66,137,4,3,1,600.0,0,0.39,3,0,3,2,0,0.0,0,0.0,28.0,42.0,1.0,1.0,1.0,1.0,19,4,0,939.1596518038561
web,short_term,1860,7,0,32,0.3,0,84,32,32,M,5,college,single,8,private,2763.0,62,118,3,2,0,535.0,1,0.07,10,0,2,1,0,0.0,0,0.0,30.5,53.0,1.0,1.0,1.0,1.0,19,0,0,721.156680484577
partner,installment,620,120,3,28,0.28,0,75,45,22,M,2,middle,divorced,7,private,2877.0,48,129,2,3,0,564.0,0,0.4,1,0,3,1,0,0.0,0,0.0,37.666666666666664,42.0,2.3333333333333335,3.0,0.6666666666666666,1.0,7,3,0,1042.8539998441017
app,installment,2752,90,5,14,0.08,0,59,41,43,F,4,middle,married,6,private,4598.0,73,468,1,2,0,675.0,0,0.29,9,1,2,2,0,0.0,0,0.0,40.5,81.0,1.5,2.0,1.0,1.0,8,3,0,733.4605964128153
app,short_term,2971,7,3,40,0.19,0,68,30,49,M,4,middle,single,1,state,4270.0,49,368,3,1,1,699.0,2,0.58,9,0,1,1,0,0.0,0,0.0,30.0,30.0,1.0,1.0,0.0,1.0,18,3,0,728.2153849925668
app,installment,738,120,4,16,0.24,0,54,18,51,F,2,high,married,0,private,3326.0,37,261,4,1,0,530.0,0,0.39,1,0,1,1,0,0.0,0,0.0,26.0,26.0,1.0,1.0,1.0,1.0,5,1,0,1233.377637242568
app,installment,1870,180,0,17,0.43,0,35,17,29,M,4,college,married,10,private,4770.0,99,164,1,2,1,733.0,0,0.49,2,0,2,2,0,0.0,0,0.0,44.0,48.0,1.0,1.0,1.0,0.5,3,3,0,1147.152792590083
app,short_term,1866,21,2,14,0.23,0,55,26,20,F,2,college,divorced,5,private,8269.0,37,375,1,3,1,769.0,4,0.11,6,1,3,2,0,0.0,0,0.0,35.666666666666664,80.0,2.6666666666666665,5.0,1.0,0.6666666666666666,4,5,0,861.6810758719234
partner,short_term,859,7,6,29,0.24,0,80,16,48,F,4,middle,single,6,private,3546.0,15,51,2,2,1,651.0,0,0.22,5,1,2,2,0,0.0,0,0.0,67.0,77.0,1.5,2.0,1.0,0.5,9,6,0,739.0247653200946
app,installment,1004,180,5,12,0.49,0,22,20,52,M,2,college,married,8,state,3258.0,35,300,1,1,0,658.0,1,0.33,1,1,1,1,0,0.0,0,0.0,31.0,31.0,2.0,2.0,1.0,1.0,21,5,0,980.7178981132048
app,installment,2445,180,4,24,0.22,0,54,27,34,F,3,high,married,6,private,2601.0,42,129,3,2,1,632.0,1,0.35,9,1,2,2,0,0.0,1,0.5,53.0,59.0,3.0,3.0,1.0,1.0,8,1,0,739.5821783065421
web,short_term,4364,14,6,0,0.34,0,83,38,48,F,4,college,married,3,self_employed,3791.0,23,453,1,1,1,407.0,0,0.63,4,1,1,1,0,0.0,0,0.0,34.0,34.0,1.0,1.0,1.0,1.0,10,1,1,444.80388488990184
app,short_term,4029,21,0,29,0.22,0,62,20,18,F,2,high,single,8,self_employed,5188.0,17,404,1,2,0,632.0,1,0.47,5,0,2,2,0,0.0,0,0.0,1.0,1.0,2.0,3.0,1.0,0.5,2,5,0,921.0412755539851
web,short_term,4773,30,8,31,0.11,1,51,45,32,F,3,high,married,7,state,2988.0,22,100,1,2,1,561.0,0,0.23,4,0,2,2,0,0.0,0,0.0,40.5,69.0,3.0,4.0,1.0,1.0,20,3,0,765.6096197865843
app,short_term,4629,7,5,41,0.27,0,62,23,53,M,4,graduate,married,5,unemployed,2864.0,109,329,5,3,0,572.0,0,0.26,7,1,3,3,0,0.0,0,0.0,43.0,59.0,2.3333333333333335,3.0,1.0,0.3333333333333333,4,4,0,895.150078665963
app,installment,4076,90,5,17,0.18,0,43,27,27,M,1,college,married,9,private,5680.0,54,244,3,2,0,573.0,0,0.35,6,0,2,1,0,0.0,0,0.0,42.0,44.0,1.0,1.0,1.0,1.0,0,2,0,730.4163156377404
app,installment,2408,180,3,17,0.29,0,60,33,50,M,2,middle,married,6,self_employed,1950.0,39,385,1,1,0,765.0,0,0.15,8,0,1,1,0,0.0,0,0.0,61.0,61.0,1.0,1.0,1.0,1.0,19,1,0,999.7641917953341
app,short_term,3426,7,0,16,0.2,0,47,41,49,F,2,college,single,2,unemployed,5271.0,116,329,2,2,1,665.0,0,0.43,0,1,2,2,0,0.0,0,0.0,38.0,48.0,3.0,4.0,1.0,0.0,4,4,0,1308.1512826143376
app,installment,1881,120,1,34,0.16,0,71,58,31,M,3,graduate,single,4,unemployed,3266.0,81,110,3,2,0,614.0,0,0.44,5,2,2,2,0,0.0,0,0.0,20.5,41.0,2.0,3.0,0.5,1.0,11,5,0,1331.512718451806
app,installment,3626,120,3,24,0.39,0,108,39,21,M,1,middle,married,8,self_employed,2749.0,59,379,5,1,1,813.0,0,0.52,8,2,1,1,0,0.0,0,0.0,28.0,28.0,1.0,1.0,1.0,1.0,17,2,0,720.2077101901947
partner,short_term,3253,21,7,21,0.04,1,64,50,53,M,2,middle,single,5,state,6983.0,47,376,5,2,0,696.0,0,0.2,10,2,2,2,0,0.0,0,0.0,58.0,69.0,2.0,2.0,1.0,1.0,14,0,0,1164.8181092182156
web,short_term,1398,21,7,16,0.05,0,80,6,54,F,2,college,married,8,private,1871.0,61,93,3,2,0,657.0,0,0.52,9,1,2,2,0,0.0,0,0.0,46.0,71.0,1.0,1.0,0.5,1.0,10,3,0,828.0677954958559
app,installment,1920,90,4,12,0.06,0,66,44,53,F,5,college,married,2,unemployed,4178.0,19,137,1,2,1,656.0,3,0.43,3,0,2,2,0,0.0,0,0.0,30.5,44.0,1.0,1.0,1.0,0.5,23,3,0,854.7234354964525
app,installment,4469,60,5,15,0.18,0,45,30,31,M,3,high,married,4,unemployed,5116.0,27,267,3,3,0,653.0,0,0.08,6,1,3,3,0,0.0,1,0.3333333333333333,48.666666666666664,81.0,3.3333333333333335,4.0,1.0,1.0,5,2,0,951.0990634353732
app,installment,4171,90,7,16,0.43,0,44,12,51,F,4,college,married,2,private,7082.0,11,445,2,2,0,605.0,2,0.31,6,2,2,2,0,0.0,0,0.0,44.5,61.0,2.5,3.0,1.0,1.0,17,5,0,759.8760797351549
app,short_term,2047,14,2,24,0.41,0,68,16,19,M,4,college,married,3,unemployed,3032.0,10,481,5,2,1,704.0,0,0.5,8,0,2,2,0,0.0,1,0.5,49.5,74.0,1.0,1.0,1.0,0.5,16,4,0,771.6530104786311
web,installment,3328,180,1,18,0.01,0,51,27,54,F,2,high,single,10,unemployed,3036.0,77,346,2,2,0,534.0,0,0.35,3,0,2,2,0,0.0,0,0.0,33.5,39.0,2.5,3.0,1.0,1.0,2,5,0,969.1630512255967
web,short_term,4270,21,2,12,0.3,0,61,7,50,M,3,high,married,8,unemployed,4444.0,43,165,2,2,0,470.0,0,0.3,8,1,2,2,0,0.0,0,0.0,41.0,43.0,1.5,2.0,1.0,1.0,12,0,0,814.9895443272048
app,short_term,1279,21,10,15,0.13,0,51,11,35,F,4,high,single,2,private,3803.0,26,129,3,2,0,591.0,0,0.55,2,0,2,1,0,0.0,0,0.0,54.0,65.0,2.5,4.0,1.0,1.0,6,5,0,1053.548282950578
app,short_term,4680,14,1,10,0.25,0,73,54,40,F,3,middle,married,1,private,4895.0,47,458,1,3,0,732.0,4,0.33,3,1,3,2,0,0.0,0,0.0,47.0,53.0,1.6666666666666667,2.0,1.0,0.3333333333333333,2,4,0,612.673113774993
app,installment,1439,90,5,32,0.53,0,42,31,29,F,4,high,married,6,private,3291.0,23,206,5,1,0,413.0,0,0.54,1,0,1,1,0,0.0,0,0.0,13.0,13.0,1.0,1.0,1.0,1.0,3,3,0,1005.886862434297
app,installment,2716,90,3,18,0.35,0,49,23,34,F,3,high,single,1,private,2263.0,114,481,4,3,1,635.0,1,0.29,2,0,3,3,0,0.0,0,0.0,39.666666666666664,60.0,3.3333333333333335,5.0,0.6666666666666666,0.6666666666666666,4,0,0,903.3433772790291
web,short_term,1968,7,7,8,0.16,0,72,39,34,M,3,college,married,6,private,3778.0,44,166,3,1,0,543.0,0,0.23,9,1,1,1,0,0.0,0,0.0,26.0,26.0,3.0,3.0,1.0,0.0,8,0,0,802.5785530530694
partner,installment,2382,120,2,8,0.33,0,46,18,46,M,4,college,married,7,private,3647.0,51,211,2,1,1,650.0,2,0.14,7,1,1,1,0,0.0,0,0.0,8.0,8.0,1.0,1.0,1.0,0.0,3,5,0,1022.211498733915
partner,short_term,3168,14,6,38,0.08,0,53,32,47,F,3,high,married,10,private,3826.0,70,299,2,2,0,739.0,0,0.45,0,0,2,2,0,0.0,0,0.0,37.0,45.0,2.5,3.0,1.0,0.5,2,0,0,777.5796714950654
partner,installment,3504,60,8,23,0.24,0,61,30,44,F,1,college,single,7,self_employed,3711.0,33,470,2,3,0,660.0,0,0.1,5,1,3,2,0,0.0,1,0.3333333333333333,55.333333333333336,74.0,2.0,3.0,1.0,0.6666666666666666,9,4,0,785.1187992595056
app,installment,1870,60,8,11,0.04,0,66,32,20,F,5,middle,married,5,unemployed,3718.0,78,429,2,3,1,678.0,2,0.17,3,1,3,2,0,0.0,0,0.0,48.0,85.0,1.6666666666666667,3.0,1.0,0.6666666666666666,5,2,0,1026.055345651723
web,installment,2173,180,2,30,0.4,0,82,59,19,M,2,college,single,5,state,4548.0,4,252,2,1,0,655.0,2,0.78,3,5,1,1,0,0.0,0,0.0,27.0,27.0,1.0,1.0,1.0,1.0,9,1,0,651.6081251725308
app,installment,627,180,3,30,0.18,1,71,44,35,F,2,middle,married,2,unemployed,2389.0,21,344,2,2,0,612.0,0,0.38,0,0,2,1,0,0.0,0,0.0,47.0,53.0,1.0,1.0,0.5,1.0,1,3,0,991.5843739181464
app,short_term,4417,7,12,14,0.18,0,45,14,40,M,3,college,married,4,private,3193.0,20,216,5,1,1,597.0,2,0.32,8,1,1,1,0,0.0,0,0.0,52.0,52.0,1.0,1.0,1.0,1.0,17,5,0,789.856090313677
app,installment,2698,180,6,17,0.21,0,54,53,39,F,4,college,single,8,private,2478.0,68,313,3,2,1,662.0,0,0.33,8,0,2,2,0,0.0,0,0.0,54.5,61.0,1.5,2.0,0.5,0.5,19,0,0,1056.3673655021432
app,installment,3606,60,6,6,0.18,0,70,36,30,M,4,middle,single,6,private,4208.0,2,59,5,1,1,605.0,0,0.17,7,0,1,1,0,0.0,0,0.0,48.0,48.0,2.0,2.0,1.0,1.0,2,5,0,1103.6525663535508
app,installment,690,180,3,20,0.17,0,44,4,54,F,3,high,married,5,private,2317.0,97,55,2,2,0,653.0,0,0.09,4,2,2,2,0,0.0,0,0.0,47.5,58.0,1.0,1.0,1.0,0.0,7,0,0,987.375008626821
app,short_term,3225,14,3,5,0.13,0,65,55,42,F,4,college,married,3,private,4401.0,40,463,2,1,0,521.0,0,0.32,8,0,1,1,0,0.0,0,0.0,32.0,32.0,2.0,2.0,1.0,1.0,4,1,0,1057.7718446537847
app,short_term,1591,30,5,16,0.15,0,82,46,48,F,5,middle,married,5,private,3958.0,104,195,3,1,1,749.0,4,0.41,9,0,1,1,0,0.0,0,0.0,59.0,59.0,1.0,1.0,1.0,1.0,22,4,0,766.0138072616535
app,installment,2373,60,1,13,0.21,0,81,21,47,M,2,college,single,5,private,4935.0,16,251,3,2,0,468.0,0,0.44,3,2,2,2,0,0.0,0,0.0,22.5,43.0,2.5,3.0,1.0,0.5,2,3,0,896.8634724814096
app,short_term,3737,21,6,29,0.21,0,68,33,50,F,3,college,single,7,private,7469.0,4,280,1,2,0,657.0,1,0.1,8,0,2,1,0,0.0,0,0.0,45.5,59.0,4.0,5.0,1.0,1.0,13,3,0,836.419096020733
app,installment,2595,180,5,22,0.11,0,42,39,53,F,4,college,single,1,private,9459.0,73,234,4,3,0,639.0,1,0.22,2,0,3,2,0,0.0,0,0.0,48.333333333333336,69.0,1.6666666666666667,3.0,0.6666666666666666,0.6666666666666666,3,1,0,1323.8193637099537
app,short_term,1795,14,3,24,0.37,0,53,27,34,M,4,graduate,married,5,unemployed,6067.0,75,271,5,3,0,702.0,0,0.32,9,2,3,3,0,0.0,0,0.0,15.666666666666666,36.0,2.3333333333333335,4.0,1.0,1.0,9,5,0,1040.707837194728
web,short_term,1600,21,3,12,0.3,0,73,0,40,F,4,college,single,10,private,3900.0,47,117,2,3,0,698.0,1,0.15,8,0,3,2,0,0.0,0,0.0,40.333333333333336,92.0,2.3333333333333335,3.0,0.6666666666666666,0.6666666666666666,4,3,0,1102.2554199602441
app,short_term,1853,30,3,16,0.46,1,44,33,48,M,2,college,married,5,state,2599.0,104,149,1,2,0,604.0,0,0.46,10,0,2,2,0,0.0,0,0.0,31.0,44.0,2.0,3.0,1.0,0.0,10,4,0,1081.1075115845597
app,short_term,1410,30,6,17,0.19,0,55,47,23,M,1,college,married,9,private,3032.0,31,188,3,3,0,568.0,0,0.56,9,2,3,3,0,0.0,0,0.0,35.0,69.0,1.6666666666666667,3.0,1.0,0.6666666666666666,19,1,0,906.4744771562935
app,short_term,1954,7,6,8,0.35,0,76,11,55,M,2,middle,married,9,self_employed,5209.0,97,319,5,2,0,442.0,0,0.01,0,0,2,2,0,0.0,0,0.0,3.5,6.0,1.0,1.0,1.0,0.5,0,2,0,813.1885346103073
app,short_term,4118,14,6,24,0.22,0,50,48,52,M,4,high,single,3,state,3041.0,97,154,4,1,1,453.0,0,0.69,3,0,1,1,0,0.0,0,0.0,10.0,10.0,2.0,2.0,1.0,0.0,13,5,0,703.3985961549298
app,short_term,2640,30,3,21,0.08,0,57,47,27,F,3,middle,single,1,private,4101.0,103,205,5,2,1,567.0,0,0.52,8,3,2,2,0,0.0,1,0.5,51.0,65.0,1.5,2.0,1.0,1.0,11,3,0,1151.7312695467213
app,installment,4608,90,7,16,0.28,0,39,28,20,F,1,high,single,9,unemployed,7720.0,85,460,4,2,0,580.0,1,0.48,8,4,2,2,0,0.0,0,0.0,19.5,39.0,1.0,1.0,1.0,1.0,11,5,0,572.4849872511676
app,installment,1306,90,7,23,0.37,0,56,5,34,M,3,high,married,7,private,4443.0,24,266,4,1,0,604.0,0,0.6,8,0,1,1,0,0.0,0,0.0,4.0,4.0,3.0,3.0,1.0,1.0,6,2,0,978.0154239284241
app,installment,1613,180,4,23,0.49,0,72,31,43,M,3,college,single,6,state,3609.0,1,205,3,3,0,675.0,0,0.25,6,0,3,2,0,0.0,0,0.0,39.333333333333336,55.0,1.6666666666666667,2.0,0.6666666666666666,0.6666666666666666,18,5,0,1024.3991693044454
app,short_term,4001,30,3,18,0.31,0,79,32,47,M,1,college,single,1,state,2465.0,69,83,2,2,0,495.0,2,0.42,7,0,2,2,0,0.0,1,0.5,42.5,58.0,1.0,1.0,1.0,1.0,22,6,1,178.26461855189388
app,installment,3174,120,9,26,0.41,0,27,15,49,M,4,college,single,6,private,3576.0,20,207,4,3,0,712.0,0,0.58,0,1,3,3,0,0.0,0,0.0,40.0,67.0,3.0,4.0,1.0,1.0,23,4,0,673.7400847105451
app,short_term,3615,30,6,17,0.35,0,42,37,44,M,5,college,married,2,private,2808.0,80,257,4,3,0,625.0,0,0.33,0,3,3,2,0,0.0,0,0.0,40.0,49.0,1.3333333333333333,2.0,0.6666666666666666,0.3333333333333333,18,1,1,424.81621057685743
app,installment,4644,60,8,29,0.2,0,84,15,46,F,5,college,married,5,self_employed,4323.0,115,318,3,2,1,567.0,0,0.29,10,2,2,2,0,0.0,0,0.0,34.5,45.0,1.5,2.0,1.0,1.0,14,2,0,1005.5562539082575
app,installment,3964,90,5,0,0.28,0,45,49,49,F,4,high,married,9,private,3658.0,16,262,4,1,1,767.0,0,0.41,1,2,1,1,0,0.0,0,0.0,12.0,12.0,3.0,3.0,1.0,0.0,17,0,0,635.0214000372919
web,installment,4267,120,6,14,0.22,0,75,64,45,F,2,high,married,10,self_employed,2592.0,106,243,5,2,1,746.0,1,0.6,6,0,2,2,0,0.0,0,0.0,21.5,36.0,2.5,3.0,1.0,0.5,13,3,0,837.9939223013123
app,installment,3536,90,0,23,0.23,0,87,27,43,F,1,high,single,5,private,4074.0,95,336,2,3,1,561.0,0,0.31,6,0,3,3,0,0.0,0,0.0,34.666666666666664,50.0,2.0,3.0,1.0,0.6666666666666666,8,0,0,893.6913820502275
web,installment,1630,120,9,29,0.2,0,66,40,24,M,5,graduate,single,4,self_employed,5221.0,72,99,4,2,1,599.0,0,0.73,0,2,2,2,0,0.0,0,0.0,36.0,49.0,1.0,1.0,1.0,1.0,18,6,0,924.7796013081718
app,installment,1019,120,0,20,0.27,0,46,16,49,F,4,high,married,3,private,2764.0,72,228,3,2,1,630.0,1,0.24,8,0,2,2,0,0.0,0,0.0,46.5,59.0,1.0,1.0,1.0,1.0,1,4,0,627.9676819879815
app,short_term,2900,14,7,19,0.28,0,41,21,18,M,4,college,married,8,private,5836.0,14,239,4,2,0,595.0,0,0.52,7,3,2,2,0,0.0,0,0.0,41.5,46.0,1.0,1.0,1.0,1.0,17,5,0,810.1005234876958
web,installment,4175,90,4,13,0.18,0,68,42,55,M,3,college,married,1,private,5728.0,54,464,4,3,0,614.0,0,0.14,3,0,3,3,0,0.0,0,0.0,35.666666666666664,52.0,2.0,3.0,1.0,1.0,18,1,0,1122.2582250782416
web,installment,502,180,3,12,0.35,0,37,3,43,M,1,college,married,0,private,3989.0,103,244,3,2,1,675.0,0,0.08,9,3,2,2,0,0.0,1,0.5,46.0,55.0,1.5,2.0,1.0,1.0,3,4,0,1149.8720492979128
app,installment,4808,90,5,22,0.14,0,34,24,39,M,3,high,married,2,private,4352.0,43,419,2,2,1,734.0,1,0.16,5,0,2,2,1,0.5,0,0.0,38.5,53.0,1.5,2.0,1.0,1.0,1,0,0,763.1931100410006
app,installment,1010,180,0,19,0.29,0,81,43,25,M,2,high,married,5,private,3648.0,30,417,2,3,1,617.0,0,0.69,10,0,3,3,0,0.0,1,0.3333333333333333,55.0,83.0,2.3333333333333335,4.0,1.0,1.0,7,3,0,1119.0383344298302
web,short_term,900,14,5,32,0.11,0,61,35,52,F,1,middle,married,3,private,5241.0,46,384,4,1,0,584.0,0,0.17,5,0,1,1,0,0.0,0,0.0,20.0,20.0,2.0,2.0,1.0,1.0,10,3,0,995.5988320427333
app,short_term,4921,14,4,21,0.14,1,45,28,40,M,2,high,single,9,private,5909.0,41,241,5,1,0,661.0,0,0.17,10,0,1,1,0,0.0,0,0.0,69.0,69.0,2.0,2.0,1.0,1.0,18,0,0,1292.199554216705
app,installment,3240,120,5,30,0.43,0,71,26,24,M,2,high,single,9,state,4383.0,73,184,5,3,0,603.0,0,0.18,0,0,3,2,0,0.0,0,0.0,39.333333333333336,56.0,2.0,2.0,1.0,1.0,5,6,0,967.6848142000819
app,short_term,2406,21,0,40,0.41,0,38,10,51,M,5,college,married,3,state,3471.0,113,138,2,2,0,733.0,0,0.32,0,2,2,2,0,0.0,0,0.0,31.5,35.0,2.0,3.0,1.0,1.0,20,5,0,1121.2943953255383
app,installment,3639,90,0,11,0.2,0,35,47,47,M,3,high,married,1,unemployed,6129.0,24,79,2,1,0,594.0,0,0.44,9,3,1,1,0,0.0,0,0.0,54.0,54.0,1.0,1.0,1.0,1.0,11,4,0,841.8523966412426
app,short_term,1100,30,9,6,0.06,0,37,50,36,F,3,college,single,0,private,3559.0,29,371,5,2,1,650.0,0,0.27,4,2,2,2,0,0.0,0,0.0,60.0,65.0,2.0,2.0,0.5,0.5,1,2,0,765.1210522477825
app,short_term,2429,30,3,26,0.52,0,66,39,43,M,2,college,married,8,private,4598.0,15,159,1,1,0,672.0,0,0.45,0,0,1,1,0,0.0,0,0.0,43.0,43.0,1.0,1.0,1.0,1.0,12,3,0,998.3303251081554
app,installment,952,60,6,23,0.08,0,45,10,33,F,4,high,single,10,private,6280.0,118,169,5,2,0,590.0,0,0.12,5,1,2,2,0,0.0,0,0.0,15.0,25.0,1.5,2.0,1.0,1.0,15,3,0,976.9751176552544
app,short_term,1763,30,4,22,0.17,0,49,28,40,M,2,high,single,9,private,5909.0,41,241,5,1,0,661.0,0,0.17,10,0,1,1,0,0.0,0,0.0,69.0,69.0,2.0,2.0,1.0,1.0,11,5,0,1428.3249589877937
app,short_term,4829,21,4,11,0.43,0,63,42,42,M,4,graduate,single,8,private,2494.0,82,158,1,3,0,559.0,0,0.31,6,2,3,3,0,0.0,0,0.0,43.0,55.0,3.3333333333333335,4.0,1.0,0.6666666666666666,6,0,0,871.3445199834625
app,short_term,3673,21,5,20,0.18,0,24,38,42,M,1,high,married,7,private,1529.0,73,156,5,3,1,522.0,0,0.46,1,3,3,3,0,0.0,0,0.0,29.333333333333332,44.0,2.3333333333333335,3.0,1.0,1.0,21,0,1,454.37543583343916
app,installment,2343,90,4,45,0.56,0,51,11,22,M,3,high,single,7,private,3666.0,118,424,3,1,0,621.0,0,0.1,1,0,1,1,0,0.0,0,0.0,25.0,25.0,1.0,1.0,1.0,1.0,13,2,0,994.8808191934834
app,short_term,3977,30,2,14,0.3,0,41,46,25,M,2,college,single,3,state,2627.0,31,355,4,1,1,554.0,0,0.1,3,2,1,1,0,0.0,0,0.0,52.0,52.0,2.0,2.0,1.0,1.0,16,1,0,657.3333701920778
partner,short_term,4625,14,6,19,0.37,0,56,57,26,M,3,middle,single,6,private,4228.0,17,489,2,3,0,681.0,0,0.46,3,1,3,2,0,0.0,0,0.0,42.333333333333336,60.0,2.6666666666666665,4.0,1.0,0.3333333333333333,19,5,0,830.4882740327596
app,short_term,3092,30,0,40,0.27,0,53,33,49,F,3,college,married,5,self_employed,3744.0,35,497,2,1,1,660.0,0,0.32,3,0,1,1,0,0.0,0,0.0,11.0,11.0,3.0,3.0,1.0,1.0,17,0,0,971.981258473412
app,short_term,2673,30,0,9,0.23,0,35,28,28,M,3,high,divorced,3,private,4701.0,68,328,2,3,1,609.0,1,0.22,3,0,3,2,0,0.0,0,0.0,33.333333333333336,57.0,2.0,4.0,1.0,0.3333333333333333,0,4,0,806.9243565910854
partner,short_term,3502,21,7,35,0.41,0,52,35,48,F,1,college,married,2,private,5600.0,77,204,5,1,1,599.0,0,0.09,9,2,1,1,0,0.0,0,0.0,16.0,16.0,3.0,3.0,1.0,1.0,23,3,0,1099.1864959100537
web,short_term,793,21,10,23,0.25,0,43,43,45,F,4,college,married,1,private,4654.0,120,345,5,3,1,518.0,0,0.58,0,0,3,3,0,0.0,0,0.0,46.333333333333336,82.0,2.3333333333333335,4.0,1.0,0.6666666666666666,1,4,0,973.9056237995687
app,short_term,1531,30,6,34,0.35,0,60,19,19,F,5,college,married,5,self_employed,3661.0,57,494,1,2,1,730.0,1,0.63,7,0,2,2,0,0.0,0,0.0,50.5,56.0,3.0,5.0,1.0,0.5,15,4,0,788.330625125803
app,short_term,1860,30,8,0,0.34,0,84,49,50,F,1,high,married,7,private,2045.0,25,51,5,2,1,577.0,0,0.53,2,0,2,2,0,0.0,0,0.0,17.5,30.0,1.0,1.0,1.0,1.0,7,4,0,670.2845847943438
web,installment,2616,120,6,32,0.06,0,63,21,32,M,2,high,married,2,private,3579.0,64,90,1,1,1,696.0,0,0.17,4,2,1,1,0,0.0,0,0.0,42.0,42.0,1.0,1.0,0.0,1.0,11,1,0,956.3077685522023
web,short_term,1302,14,0,21,0.45,0,64,23,21,M,2,college,single,5,private,4845.0,37,194,4,1,0,711.0,0,0.01,9,0,1,1,0,0.0,0,0.0,27.0,27.0,4.0,4.0,1.0,1.0,2,5,0,1179.0838964328057
app,short_term,4809,7,5,15,0.28,0,84,31,25,M,2,college,married,5,private,3996.0,83,355,3,1,0,602.0,0,0.58,3,0,1,1,0,0.0,0,0.0,0.0,0.0,2.0,2.0,1.0,1.0,0,6,0,1068.4124176782489
partner,short_term,3837,30,7,19,0.11,0,59,21,54,F,2,college,married,8,private,1871.0,61,93,3,2,0,657.0,0,0.52,9,1,2,2,0,0.0,0,0.0,46.0,71.0,1.0,1.0,0.5,1.0,18,2,0,778.7419215462277
app,short_term,4709,30,1,25,0.29,0,91,41,28,M,1,college,single,0,private,2541.0,79,67,1,3,0,616.0,0,0.56,0,0,3,2,0,0.0,0,0.0,29.666666666666668,49.0,1.3333333333333333,2.0,1.0,1.0,22,4,0,621.36297016445
app,installment,3044,60,4,14,0.09,0,58,20,37,F,2,high,married,1,private,1902.0,76,487,3,2,0,646.0,0,0.24,5,0,2,2,0,0.0,0,0.0,42.0,46.0,2.0,2.0,1.0,1.0,15,2,0,722.9481500895565
partner,short_term,3408,14,3,20,0.33,0,69,23,34,M,2,graduate,single,6,self_employed,2973.0,74,131,3,1,0,506.0,0,0.19,0,0,1,1,0,0.0,0,0.0,26.0,26.0,1.0,1.0,1.0,1.0,22,4,0,874.6569031749756
app,installment,3164,120,1,17,0.19,0,81,27,29,F,5,high,single,7,self_employed,7279.0,116,490,2,1,1,472.0,2,0.17,8,1,1,1,0,0.0,0,0.0,4.0,4.0,1.0,1.0,1.0,0.0,9,1,0,733.9827956337679
app,short_term,3896,30,5,30,0.19,0,44,45,28,M,1,college,married,0,state,2129.0,71,370,3,1,1,712.0,1,0.42,9,4,1,1,0,0.0,0,0.0,41.0,41.0,1.0,1.0,1.0,1.0,23,2,1,182.88684438498973
app,installment,1578,180,0,4,0.43,0,62,30,47,M,1,middle,single,0,self_employed,4784.0,96,155,5,1,1,695.0,1,0.28,6,1,1,1,0,0.0,0,0.0,29.0,29.0,2.0,2.0,1.0,1.0,11,4,0,738.3819970259603
web,installment,1575,90,4,37,0.52,0,62,3,27,M,5,graduate,married,0,private,2402.0,57,357,1,1,1,627.0,0,0.52,1,2,1,1,0,0.0,0,0.0,0.0,0.0,1.0,1.0,1.0,1.0,6,2,0,851.9077617657988
app,short_term,3484,7,4,29,0.43,0,82,36,26,F,2,college,married,0,private,2558.0,17,327,3,1,0,593.0,0,0.17,6,2,1,1,0,0.0,0,0.0,35.0,35.0,1.0,1.0,1.0,0.0,20,6,0,553.0571080953919
partner,short_term,1216,30,5,18,0.02,0,55,4,27,M,3,college,divorced,2,private,6363.0,36,379,1,2,0,643.0,0,0.19,7,4,2,2,0,0.0,0,0.0,67.0,73.0,2.5,3.0,1.0,1.0,11,6,0,735.2025877361001
app,short_term,4251,21,3,15,0.2,0,63,47,28,M,3,middle,single,0,private,6352.0,108,396,1,2,0,685.0,0,0.33,9,0,2,2,0,0.0,0,0.0,55.5,60.0,1.0,1.0,1.0,0.0,21,6,0,908.5142069967609
app,short_term,2864,7,0,6,0.34,0,40,18,26,F,2,high,single,7,private,2685.0,102,231,4,1,0,653.0,0,0.24,10,0,1,1,0,0.0,0,0.0,24.0,24.0,1.0,1.0,1.0,1.0,2,0,0,1007.019124671295
app,installment,2391,120,7,16,0.36,0,71,15,53,F,2,high,single,7,self_employed,5109.0,78,64,4,1,0,694.0,0,0.37,10,4,1,1,0,0.0,0,0.0,36.0,36.0,1.0,1.0,1.0,1.0,22,4,0,1005.6656181843176
web,short_term,4269,14,6,19,0.18,0,66,41,36,M,5,high,married,10,state,3995.0,13,418,4,2,0,599.0,0,0.31,8,2,2,2,0,0.0,1,0.5,43.0,57.0,2.0,3.0,1.0,1.0,5,1,0,1121.8128019513824
app,installment,3984,60,10,16,0.4,1,16,9,34,M,2,high,single,4,private,5499.0,24,237,3,3,1,575.0,0,0.3,8,4,3,2,0,0.0,0,0.0,17.666666666666668,34.0,2.0,4.0,1.0,1.0,10,5,0,912.333464012012
app,installment,3819,60,2,26,0.62,0,53,36,49,F,3,college,single,1,private,7861.0,74,213,1,3,0,549.0,0,0.18,6,1,3,2,0,0.0,0,0.0,54.0,67.0,1.6666666666666667,3.0,1.0,1.0,12,1,0,882.904997153592
web,installment,2290,60,9,0,0.46,0,52,20,44,M,5,high,single,1,state,2699.0,59,280,2,2,1,598.0,0,0.24,4,4,2,2,0,0.0,0,0.0,44.5,59.0,2.0,3.0,1.0,1.0,6,0,0,607.5286566117499
app,installment,1595,120,5,11,0.4,0,65,36,33,F,2,high,married,7,state,1961.0,85,479,3,2,0,522.0,0,0.26,9,0,2,2,0,0.0,0,0.0,39.0,47.0,2.0,3.0,1.0,1.0,18,1,0,1044.506086568041
app,installment,1518,60,7,28,0.33,0,80,31,34,M,3,college,single,2,self_employed,7277.0,33,361,2,2,0,697.0,0,0.11,5,1,2,1,0,0.0,0,0.0,54.0,77.0,2.5,3.0,1.0,1.0,14,1,0,831.1260493715379
web,installment,4794,90,5,35,0.34,0,91,5,34,F,1,graduate,married,3,private,4416.0,22,300,4,3,1,574.0,0,0.11,10,0,3,3,0,0.0,1,0.3333333333333333,43.333333333333336,61.0,2.0,4.0,0.6666666666666666,0.6666666666666666,12,5,0,958.2626649209899
app,short_term,538,7,10,9,0.38,0,62,38,34,F,3,high,single,5,private,3626.0,101,245,1,3,0,587.0,0,0.44,8,0,3,3,0,0.0,0,0.0,30.333333333333332,44.0,1.6666666666666667,3.0,1.0,1.0,5,0,0,1167.4063143082017
app,installment,2036,180,8,21,0.07,0,95,31,54,M,2,graduate,single,5,state,2709.0,54,155,3,3,1,551.0,0,0.46,4,3,3,3,0,0.0,0,0.0,45.666666666666664,59.0,1.0,1.0,1.0,1.0,11,6,0,735.1368299754726
web,short_term,4825,7,6,14,0.38,0,72,27,37,F,1,graduate,married,7,self_employed,3567.0,15,304,2,1,0,560.0,0,0.45,7,0,1,1,0,0.0,0,0.0,36.0,36.0,2.0,2.0,1.0,1.0,22,0,0,697.3635882158616
partner,short_term,1331,14,1,18,0.18,0,92,16,19,M,2,middle,single,10,private,5636.0,30,463,1,2,1,508.0,0,0.5,2,1,2,2,0,0.0,0,0.0,39.0,42.0,1.0,1.0,1.0,1.0,2,5,0,1005.6118652100174
partner,short_term,4191,21,5,24,0.27,0,37,19,50,M,4,college,married,3,private,3125.0,29,406,1,3,0,753.0,1,0.34,0,1,3,2,0,0.0,0,0.0,64.33333333333333,90.0,1.3333333333333333,2.0,0.6666666666666666,1.0,15,2,0,582.8741097512046
web,short_term,2607,14,4,2,0.18,1,34,16,51,M,5,college,married,1,private,6220.0,105,470,1,1,0,615.0,0,0.33,10,5,1,1,0,0.0,0,0.0,32.0,32.0,5.0,5.0,1.0,1.0,12,2,0,788.2003741269804
web,short_term,5000,30,9,26,0.35,0,72,22,53,M,2,college,married,0,self_employed,3574.0,107,263,4,2,0,661.0,0,0.26,10,0,2,2,0,0.0,1,0.5,28.0,32.0,2.0,2.0,1.0,0.5,4,5,0,1183.9242555693975
app,installment,3270,180,4,34,0.3,0,73,25,44,F,3,high,married,6,state,4818.0,94,250,3,2,0,571.0,0,0.5,7,2,2,1,0,0.0,0,0.0,50.0,73.0,1.5,2.0,1.0,0.5,23,3,0,951.2889327349286
app,short_term,1967,14,8,19,0.1,0,80,0,45,F,2,middle,married,6,private,3989.0,10,275,3,3,0,668.0,0,0.72,6,4,3,3,0,0.0,0,0.0,29.666666666666668,39.0,2.3333333333333335,5.0,1.0,0.6666666666666666,9,1,0,729.2883596677127
partner,short_term,4675,21,7,18,0.54,0,51,53,27,M,3,college,married,5,state,5984.0,81,266,1,3,1,620.0,0,0.42,2,3,3,3,0,0.0,0,0.0,47.0,69.0,1.0,1.0,1.0,1.0,21,0,0,953.1616844234783
app,installment,1913,120,2,17,0.56,0,67,41,40,F,2,middle,divorced,5,private,2665.0,101,211,3,3,1,750.0,0,0.38,9,0,3,2,0,0.0,1,0.3333333333333333,39.666666666666664,54.0,1.3333333333333333,2.0,1.0,1.0,2,2,0,882.5648273963075
app,short_term,3167,7,11,16,0.28,0,25,31,51,F,4,college,married,8,private,2804.0,32,98,5,1,1,717.0,0,0.5,3,0,1,1,0,0.0,0,0.0,63.0,63.0,2.0,2.0,1.0,1.0,6,1,0,809.9651932121845
app,installment,2134,120,4,25,0.16,0,58,34,18,F,1,graduate,single,6,state,3862.0,17,263,3,1,0,599.0,0,0.17,3,3,1,1,0,0.0,0,0.0,58.0,58.0,2.0,2.0,1.0,1.0,21,6,0,680.4672415815241
app,short_term,2084,14,1,14,0.52,0,100,17,26,F,2,high,single,7,private,5347.0,59,348,5,2,1,650.0,0,0.5,7,2,2,2,0,0.0,0,0.0,39.5,53.0,1.5,2.0,0.5,1.0,22,5,0,1163.0679228485053
app,short_term,3571,14,6,0,0.29,0,56,23,29,F,1,college,single,4,unemployed,4150.0,6,74,1,1,0,704.0,1,0.2,10,5,1,1,0,0.0,0,0.0,52.0,52.0,1.0,1.0,1.0,1.0,19,0,0,780.7546531841742
app,short_term,4748,14,1,21,0.11,0,56,18,51,M,5,college,single,5,self_employed,6941.0,33,89,3,2,1,497.0,0,0.29,6,1,2,2,0,0.0,0,0.0,16.0,25.0,1.5,2.0,1.0,1.0,19,1,0,884.509237416023
app,installment,2083,60,5,18,0.25,0,48,42,48,M,1,middle,single,0,self_employed,4013.0,5,251,1,1,1,677.0,0,0.28,3,0,1,1,0,0.0,0,0.0,17.0,17.0,1.0,1.0,1.0,1.0,21,0,0,998.1002838810798
app,installment,4530,120,6,31,0.42,0,69,40,44,F,2,college,married,2,self_employed,3188.0,37,194,2,2,1,681.0,0,0.14,6,0,2,2,0,0.0,0,0.0,40.5,50.0,1.5,2.0,0.5,0.5,23,5,0,1051.6140072748028
app,installment,3361,120,10,7,0.26,0,59,13,47,F,3,high,single,2,private,3036.0,4,450,4,2,1,704.0,0,0.22,7,0,2,1,0,0.0,0,0.0,50.0,67.0,2.5,4.0,1.0,0.5,6,1,0,964.9734846698918
app,installment,2960,180,6,12,0.2,0,41,51,52,M,4,college,married,0,private,4468.0,94,99,1,2,1,530.0,0,0.41,10,1,2,2,0,0.0,0,0.0,42.0,44.0,1.0,1.0,1.0,1.0,5,1,0,866.3125685374653
app,short_term,4320,7,8,30,0.23,1,64,56,35,M,4,college,single,4,private,4137.0,88,267,1,2,1,726.0,0,0.53,6,1,2,1,0,0.0,0,0.0,10.5,21.0,1.5,2.0,1.0,1.0,21,1,0,1009.3298188805584
partner,installment,1585,120,1,14,0.2,0,71,39,48,M,2,high,married,5,private,3417.0,14,169,5,3,1,661.0,0,0.6,5,2,3,2,0,0.0,0,0.0,43.0,49.0,1.3333333333333333,2.0,1.0,0.3333333333333333,16,4,0,1041.0478458289695
web,short_term,3274,7,1,23,0.13,0,91,18,24,M,3,high,married,10,self_employed,2672.0,87,293,2,2,0,672.0,1,0.34,6,1,2,2,0,0.0,0,0.0,56.5,70.0,1.5,2.0,0.5,1.0,1,0,0,691.9503371943205
web,short_term,4585,21,4,38,0.37,0,27,39,51,F,3,college,single,6,private,5836.0,117,298,5,2,0,622.0,0,0.1,8,2,2,2,0,0.0,0,0.0,44.5,49.0,1.0,1.0,1.0,0.5,3,2,0,1192.7943441214675
app,short_term,4895,30,13,18,0.13,0,51,14,38,F,2,college,single,3,private,4352.0,61,231,4,2,0,610.0,0,0.41,8,0,2,2,0,0.0,0,0.0,27.0,40.0,1.5,2.0,1.0,1.0,20,2,0,1087.6025477217622
app,short_term,3090,14,8,12,0.28,0,19,46,35,M,4,college,single,4,private,4137.0,88,267,1,2,1,726.0,0,0.53,6,1,2,1,0,0.0,0,0.0,10.5,21.0,1.5,2.0,1.0,1.0,23,4,0,959.7020312165032
app,installment,1928,120,7,24,0.35,1,70,17,40,F,3,college,married,10,private,3037.0,114,213,3,1,1,631.0,0,0.06,7,0,1,1,0,0.0,0,0.0,25.0,25.0,2.0,2.0,1.0,0.0,1,2,0,1024.6110111222583
app,installment,3122,90,2,16,0.25,0,68,28,52,F,3,high,single,9,private,2582.0,42,326,2,1,0,575.0,0,0.18,0,1,1,1,0,0.0,1,1.0,21.0,21.0,5.0,5.0,1.0,1.0,10,3,0,695.6475678386515
partner,installment,2483,180,7,2,0.65,0,93,33,21,F,4,high,married,4,unemployed,6067.0,67,179,2,1,1,423.0,0,0.2,5,0,1,1,0,0.0,0,0.0,10.0,10.0,2.0,2.0,1.0,0.0,11,1,0,976.8234227910712
partner,installment,4712,60,3,24,0.12,0,45,20,45,M,4,high,married,7,state,2886.0,19,486,1,3,0,654.0,0,0.48,8,0,3,3,0,0.0,0,0.0,34.333333333333336,53.0,2.3333333333333335,4.0,1.0,1.0,18,3,0,930.6950685208246
web,installment,3253,60,2,28,0.4,0,72,35,32,M,3,high,single,3,self_employed,1862.0,61,251,2,1,1,532.0,0,0.19,1,0,1,1,0,0.0,0,0.0,52.0,52.0,4.0,4.0,1.0,1.0,7,1,0,795.5310672310804
app,short_term,2410,7,2,29,0.54,0,55,38,33,M,1,high,married,2,self_employed,4836.0,75,117,4,2,1,584.0,0,0.21,10,0,2,2,0,0.0,0,0.0,25.5,51.0,2.0,2.0,1.0,1.0,0,3,0,1118.2321235237541
partner,installment,738,60,3,7,0.13,0,40,45,38,M,2,high,single,4,state,3845.0,67,413,1,1,0,729.0,0,0.13,5,5,1,1,0,0.0,0,0.0,14.0,14.0,1.0,1.0,1.0,1.0,2,0,0,694.7048722174076
app,short_term,3120,14,9,34,0.23,0,42,16,26,F,3,high,married,1,private,2514.0,29,327,4,3,1,662.0,0,0.79,8,3,3,2,0,0.0,0,0.0,48.666666666666664,64.0,2.3333333333333335,4.0,0.6666666666666666,1.0,22,1,0,847.9288087104533
app,installment,3395,180,5,26,0.29,0,71,28,31,F,2,middle,married,9,state,3615.0,19,134,2,3,0,605.0,0,0.47,6,1,3,3,0,0.0,0,0.0,47.333333333333336,60.0,1.0,1.0,1.0,1.0,22,4,0,838.2187043559297
web,installment,3828,60,5,37,0.32,0,74,47,29,F,3,college,married,5,private,6007.0,63,301,4,1,0,659.0,0,0.28,8,0,1,1,0,0.0,0,0.0,63.0,63.0,4.0,4.0,1.0,1.0,6,6,0,1083.410973965875
app,installment,1319,90,11,40,0.19,0,35,6,24,F,3,high,single,10,unemployed,2991.0,61,454,5,1,1,593.0,0,0.65,4,0,1,1,0,0.0,0,0.0,31.0,31.0,1.0,1.0,1.0,1.0,7,1,0,1014.2070443463259
app,short_term,890,14,5,30,0.16,0,53,15,49,F,4,college,single,10,unemployed,5478.0,109,392,4,3,1,540.0,0,0.8,5,0,3,3,0,0.0,0,0.0,38.333333333333336,68.0,1.0,1.0,1.0,1.0,11,2,0,1083.3393109987032
partner,short_term,1049,7,2,24,0.51,0,54,36,34,F,4,high,married,8,private,4031.0,16,447,5,1,1,688.0,0,0.37,8,0,1,1,0,0.0,0,0.0,60.0,60.0,3.0,3.0,1.0,1.0,10,5,0,1083.6848108422478
app,short_term,4275,30,5,40,0.21,0,53,41,48,M,3,middle,married,8,self_employed,3335.0,114,219,3,2,1,544.0,0,0.1,8,1,2,2,0,0.0,0,0.0,41.0,63.0,1.0,1.0,1.0,1.0,20,2,0,858.7135111087889
app,installment,3705,90,7,28,0.17,0,39,41,36,M,5,graduate,married,6,private,4146.0,116,425,2,2,0,626.0,0,0.12,9,4,2,2,0,0.0,0,0.0,20.5,22.0,2.0,3.0,1.0,1.0,4,5,0,1120.178393792397
app,installment,2350,90,11,19,0.39,0,98,56,39,M,4,college,divorced,9,state,4966.0,62,87,4,2,0,783.0,0,0.13,6,0,2,1,0,0.0,0,0.0,41.0,57.0,2.0,3.0,0.5,1.0,10,4,0,675.739728231632
app,short_term,4288,14,4,0,0.27,0,93,29,34,F,3,middle,married,5,private,5149.0,64,177,3,3,1,558.0,0,0.29,9,4,3,3,0,0.0,1,0.3333333333333333,37.0,54.0,2.3333333333333335,4.0,1.0,1.0,16,5,0,489.5469513987465
partner,short_term,1984,14,6,38,0.32,0,68,39,40,F,3,middle,married,1,private,4895.0,47,458,1,3,0,732.0,4,0.33,3,1,3,2,0,0.0,0,0.0,47.0,53.0,1.6666666666666667,2.0,1.0,0.3333333333333333,15,0,0,589.8864862011618
app,installment,759,90,4,5,0.4,0,75,55,49,M,5,middle,married,2,private,5464.0,26,191,3,3,0,481.0,0,0.1,0,2,3,3,0,0.0,0,0.0,35.0,39.0,2.3333333333333335,5.0,1.0,1.0,13,4,0,892.1027685117776
app,installment,1008,180,4,15,0.46,0,57,21,45,M,3,college,married,7,private,7509.0,96,104,3,3,0,517.0,0,0.19,5,1,3,2,0,0.0,0,0.0,49.333333333333336,80.0,2.0,3.0,1.0,1.0,16,5,0,920.6786993357098
app,installment,3388,90,0,13,0.34,0,74,36,48,M,3,college,married,5,private,4929.0,112,402,4,1,0,718.0,0,0.59,7,2,1,1,0,0.0,0,0.0,28.0,28.0,3.0,3.0,1.0,1.0,15,1,0,841.1289858578061
web,short_term,1378,14,9,20,0.33,0,49,23,53,F,4,graduate,married,6,private,4569.0,65,186,3,3,0,760.0,0,0.33,5,2,3,3,0,0.0,0,0.0,45.0,67.0,1.0,1.0,1.0,0.6666666666666666,13,2,0,630.5955623992787
web,installment,2024,120,3,37,0.4,0,52,25,22,M,3,high,married,1,self_employed,4325.0,70,335,4,2,0,571.0,0,0.03,10,0,2,2,0,0.0,0,0.0,46.0,56.0,1.5,2.0,1.0,0.0,16,0,0,1092.3765018399388
web,installment,4148,90,3,44,0.47,1,79,58,23,F,3,college,married,2,private,4901.0,13,455,2,3,0,688.0,2,0.25,7,0,3,2,0,0.0,0,0.0,38.666666666666664,66.0,1.3333333333333333,2.0,1.0,0.6666666666666666,5,0,0,740.1057233294672
web,installment,4144,120,0,25,0.41,0,62,26,42,M,3,high,married,4,private,3158.0,42,271,1,2,0,737.0,2,0.59,6,2,2,2,0,0.0,0,0.0,28.0,42.0,1.0,1.0,0.5,1.0,9,2,0,686.6544070197049
partner,short_term,4380,21,0,8,0.17,1,110,41,18,F,2,middle,divorced,6,self_employed,4693.0,91,134,5,2,0,598.0,0,0.53,9,1,2,2,0,0.0,0,0.0,28.5,46.0,3.0,4.0,1.0,0.5,1,5,0,895.2580088061284
app,short_term,3997,7,2,16,0.5,0,63,22,34,M,3,high,married,4,unemployed,9510.0,113,324,4,3,0,751.0,4,0.52,2,0,3,3,0,0.0,0,0.0,51.0,62.0,2.0,3.0,1.0,1.0,14,2,0,721.3866966618901
app,short_term,3150,7,4,13,0.34,1,87,26,44,M,3,middle,single,7,private,3226.0,26,272,2,2,1,525.0,0,0.4,10,1,2,2,0,0.0,0,0.0,57.0,70.0,1.0,1.0,1.0,0.5,11,6,0,944.5210629249069
app,short_term,1649,14,3,22,0.59,0,52,49,21,F,2,college,married,5,state,4982.0,93,221,1,3,0,492.0,0,0.45,5,1,3,2,0,0.0,0,0.0,31.666666666666668,43.0,4.0,5.0,1.0,1.0,22,0,0,845.6104288216515
app,installment,4245,90,8,39,0.21,0,40,52,49,M,2,graduate,single,4,self_employed,3194.0,39,146,4,3,0,580.0,0,0.39,5,3,3,3,0,0.0,1,0.3333333333333333,37.333333333333336,61.0,2.0,3.0,1.0,1.0,3,2,0,978.6301094436961
app,installment,1300,60,8,36,0.12,0,57,20,47,F,3,college,married,10,self_employed,2318.0,21,71,2,3,0,620.0,3,0.31,4,0,3,3,0,0.0,0,0.0,36.333333333333336,41.0,2.6666666666666665,5.0,0.6666666666666666,1.0,1,3,0,466.2988936644719
app,installment,2649,120,7,18,0.12,1,22,11,33,M,2,high,married,1,state,2874.0,103,123,4,3,1,466.0,1,0.34,6,0,3,2,0,0.0,0,0.0,39.0,75.0,2.3333333333333335,3.0,0.6666666666666666,0.6666666666666666,14,3,0,751.2679143890166
app,installment,1136,60,5,26,0.27,0,35,14,42,M,4,college,single,4,state,3675.0,44,333,3,3,0,345.0,0,0.25,4,0,3,2,0,0.0,0,0.0,49.0,86.0,1.0,1.0,1.0,1.0,4,5,0,983.6139714887953
app,installment,3465,90,3,21,0.03,1,99,25,39,F,2,middle,single,2,private,2888.0,40,456,5,3,0,740.0,0,0.2,0,0,3,2,0,0.0,1,0.3333333333333333,41.333333333333336,55.0,1.3333333333333333,2.0,1.0,1.0,20,6,0,859.170319855333
web,short_term,4395,7,2,7,0.22,0,40,20,40,M,3,college,divorced,4,unemployed,4037.0,44,487,4,3,1,594.0,0,0.17,1,1,3,3,0,0.0,0,0.0,42.666666666666664,57.0,1.0,1.0,0.6666666666666666,1.0,14,2,0,835.2184725078021
web,installment,1158,90,4,9,0.23,0,66,2,41,M,1,college,married,9,unemployed,5548.0,117,414,5,2,0,543.0,0,0.21,8,0,2,2,0,0.0,0,0.0,33.0,44.0,4.0,4.0,1.0,0.5,0,1,0,1105.2842239003803
app,short_term,2508,21,9,12,0.19,0,60,23,40,F,4,high,single,5,state,3126.0,100,94,4,1,1,680.0,0,0.5,4,0,1,1,0,0.0,0,0.0,25.0,25.0,1.0,1.0,1.0,0.0,1,2,0,991.0390575122653
web,short_term,4563,14,5,17,0.32,0,38,44,43,F,3,high,married,4,self_employed,3076.0,44,210,3,2,0,530.0,1,0.19,9,0,2,2,0,0.0,0,0.0,25.5,51.0,3.0,4.0,1.0,0.0,1,0,0,685.6426732216781
web,short_term,4496,7,11,21,0.19,0,106,34,32,F,2,high,single,4,self_employed,2563.0,107,325,1,1,1,688.0,0,0.66,7,0,1,1,0,0.0,0,0.0,31.0,31.0,1.0,1.0,1.0,1.0,4,2,0,899.5690411633082
app,short_term,4841,21,3,3,0.28,0,69,30,50,M,1,college,married,1,self_employed,5142.0,87,264,3,2,0,602.0,0,0.04,4,1,2,2,0,0.0,0,0.0,56.0,64.0,3.0,4.0,0.5,0.5,9,3,0,661.7335145851622
app,short_term,2705,21,4,12,0.45,0,39,23,46,F,4,high,married,7,private,1922.0,47,457,3,1,0,620.0,0,0.36,8,1,1,1,0,0.0,1,1.0,47.0,47.0,2.0,2.0,1.0,1.0,1,5,0,925.4244420454037
app,installment,819,90,2,35,0.15,0,53,32,24,M,5,high,single,0,state,6995.0,49,293,4,3,1,488.0,0,0.32,5,2,3,3,0,0.0,1,0.3333333333333333,42.333333333333336,85.0,1.0,1.0,1.0,1.0,5,3,0,763.1486072720802
web,short_term,1407,30,5,10,0.37,0,54,22,29,M,2,high,married,2,self_employed,3065.0,67,357,2,3,0,582.0,0,0.17,7,1,3,3,0,0.0,0,0.0,50.0,57.0,2.0,3.0,1.0,1.0,7,3,0,945.9756183832561
web,short_term,4537,21,1,0,0.19,0,85,12,27,F,3,college,married,5,unemployed,3394.0,120,431,4,2,1,681.0,0,0.15,2,0,2,2,0,0.0,0,0.0,54.0,54.0,1.0,1.0,1.0,0.5,19,3,0,1015.4188551634854
app,installment,3761,180,6,18,0.45,0,49,33,34,F,3,high,single,5,private,3626.0,101,245,1,3,0,587.0,0,0.44,8,0,3,3,0,0.0,0,0.0,30.333333333333332,44.0,1.6666666666666667,3.0,1.0,1.0,1,5,0,994.3461075662208
app,installment,1987,90,10,16,0.23,0,72,4,46,M,2,college,single,4,private,4182.0,110,151,2,1,1,585.0,0,0.56,9,1,1,1,0,0.0,0,0.0,36.0,36.0,3.0,3.0,1.0,0.0,7,5,0,1113.3645695265634
web,installment,1916,180,5,34,0.07,0,62,50,51,F,2,high,married,4,private,6280.0,114,135,5,3,0,479.0,0,0.38,1,1,3,1,0,0.0,0,0.0,18.666666666666668,29.0,2.0,4.0,1.0,1.0,2,2,0,1140.3265912067795
web,short_term,3750,14,8,16,0.3,0,37,55,41,F,4,high,divorced,4,state,3028.0,86,291,4,2,0,656.0,1,0.38,10,4,2,2,0,0.0,0,0.0,28.5,29.0,2.0,3.0,0.5,1.0,16,4,0,522.6425908018832
web,installment,883,60,5,0,0.29,0,66,42,33,M,2,high,married,2,private,4067.0,38,98,4,2,0,527.0,0,0.45,9,0,2,2,0,0.0,0,0.0,54.5,79.0,1.0,1.0,1.0,0.5,11,4,0,1174.5690287771465
app,installment,1370,60,4,26,0.3,0,86,41,52,M,3,college,single,0,self_employed,1602.0,98,251,4,1,0,677.0,0,0.36,5,2,1,1,0,0.0,0,0.0,19.0,19.0,1.0,1.0,1.0,1.0,16,6,1,526.7234888223835
app,short_term,2287,14,6,27,0.11,0,85,26,44,M,1,high,single,6,state,3016.0,97,232,1,3,1,644.0,1,0.51,7,0,3,2,0,0.0,0,0.0,22.0,37.0,2.3333333333333335,3.0,0.6666666666666666,1.0,5,3,0,762.4423739267736
web,installment,1242,60,7,13,0.23,0,42,59,49,F,4,high,married,3,self_employed,3621.0,33,250,4,2,0,638.0,0,0.31,6,0,2,2,0,0.0,0,0.0,31.0,54.0,2.0,3.0,1.0,0.5,22,4,0,758.7725087249944
app,installment,3330,60,0,3,0.16,0,44,35,44,F,3,college,single,3,private,4955.0,104,319,4,2,1,644.0,1,0.05,3,0,2,2,0,0.0,0,0.0,20.0,36.0,1.0,1.0,1.0,1.0,5,0,0,881.9848995253467
app,short_term,902,7,3,19,0.37,0,56,34,21,M,1,high,married,10,self_employed,4322.0,41,258,1,2,0,517.0,0,0.24,9,0,2,2,0,0.0,0,0.0,21.0,32.0,1.5,2.0,1.0,0.0,1,5,0,962.55127366127
app,short_term,1389,21,4,17,0.05,1,24,14,32,M,2,middle,married,2,private,3064.0,49,331,4,3,1,569.0,0,0.6,5,0,3,2,0,0.0,1,0.3333333333333333,37.333333333333336,56.0,1.0,1.0,0.6666666666666666,1.0,17,4,0,920.3062050824689
app,short_term,4551,21,3,0,0.57,0,75,21,54,M,2,high,married,9,private,2615.0,93,427,2,2,1,777.0,2,0.05,6,1,2,1,0,0.0,0,0.0,46.0,68.0,2.5,3.0,1.0,1.0,4,4,0,727.1737296024498
app,short_term,2653,7,8,12,0.35,0,74,21,48,F,5,college,married,8,private,4145.0,115,294,3,2,1,580.0,0,0.65,6,1,2,2,0,0.0,0,0.0,40.5,50.0,2.0,3.0,1.0,0.5,0,1,0,909.0647669984531
web,short_term,4964,21,3,6,0.32,0,57,21,26,M,1,graduate,single,1,self_employed,7524.0,52,395,5,1,1,577.0,0,0.13,0,1,1,1,0,0.0,0,0.0,44.0,44.0,2.0,2.0,1.0,1.0,8,2,0,678.3068594807207
app,installment,4230,90,7,20,0.3,0,53,42,38,F,2,college,single,10,private,3430.0,71,492,2,3,0,624.0,0,0.37,1,1,3,3,0,0.0,1,0.3333333333333333,46.333333333333336,56.0,1.6666666666666667,2.0,1.0,1.0,4,4,0,1143.732558767455
app,installment,4323,180,0,19,0.26,0,75,30,41,M,2,college,single,7,self_employed,4443.0,118,461,1,1,0,439.0,1,0.29,4,1,1,1,0,0.0,0,0.0,27.0,27.0,3.0,3.0,1.0,0.0,16,0,0,798.442134293621
web,short_term,3846,14,3,17,0.35,0,27,44,19,M,2,high,married,10,self_employed,3813.0,17,441,5,3,1,601.0,0,0.4,2,1,3,3,0,0.0,0,0.0,42.333333333333336,52.0,1.3333333333333333,2.0,1.0,0.3333333333333333,19,5,0,646.9402199814493
app,short_term,1337,21,7,22,0.17,0,34,20,26,M,4,college,married,2,private,4227.0,80,221,3,3,1,588.0,0,0.12,6,0,3,2,0,0.0,0,0.0,38.333333333333336,51.0,1.6666666666666667,3.0,0.6666666666666666,0.6666666666666666,8,5,0,1147.494520365824
app,installment,4978,60,3,15,0.39,0,91,34,22,F,4,college,single,4,unemployed,2759.0,13,188,4,1,0,577.0,0,0.34,3,0,1,1,0,0.0,0,0.0,76.0,76.0,1.0,1.0,1.0,0.0,18,4,1,554.5862862397604
app,short_term,2228,21,5,28,0.34,0,83,22,24,M,2,middle,single,7,unemployed,3271.0,44,75,2,3,1,499.0,0,0.27,9,0,3,2,0,0.0,0,0.0,49.0,54.0,1.0,1.0,1.0,1.0,8,3,0,859.1170924841313
app,short_term,4248,21,0,26,0.11,0,43,20,24,M,2,middle,single,7,self_employed,3368.0,41,169,4,2,0,638.0,0,0.27,7,0,2,2,0,0.0,1,0.5,48.0,59.0,1.5,2.0,0.5,1.0,12,6,0,1205.0219159619983
app,short_term,2673,7,6,28,0.13,0,48,55,29,M,4,high,married,8,private,3208.0,30,467,5,3,0,620.0,0,0.54,8,0,3,3,0,0.0,1,0.3333333333333333,46.333333333333336,54.0,1.6666666666666667,3.0,1.0,1.0,21,4,0,1189.8817514534899
app,installment,4038,120,10,14,0.28,0,64,17,46,M,5,graduate,single,7,private,3411.0,81,252,1,1,1,529.0,0,0.42,9,2,1,1,0,0.0,0,0.0,32.0,32.0,2.0,2.0,1.0,1.0,14,5,0,908.98322355016
app,short_term,2574,14,2,26,0.27,0,60,24,21,F,2,college,married,5,state,4982.0,93,221,1,3,0,492.0,0,0.45,5,1,3,2,0,0.0,0,0.0,31.666666666666668,43.0,4.0,5.0,1.0,1.0,14,1,0,792.8403559879823
app,installment,4068,180,0,16,0.16,0,39,12,40,F,3,high,married,0,state,2460.0,86,347,2,3,1,734.0,0,0.66,5,0,3,2,0,0.0,0,0.0,44.333333333333336,62.0,2.3333333333333335,3.0,0.6666666666666666,0.6666666666666666,15,3,0,632.1043662829377
web,installment,1341,90,6,10,0.52,0,74,32,23,M,3,high,single,9,private,2730.0,8,182,4,3,0,534.0,1,0.16,1,0,3,2,0,0.0,0,0.0,28.0,59.0,1.3333333333333333,2.0,0.6666666666666666,1.0,23,3,0,743.7789066312007
app,short_term,2319,7,8,21,0.24,0,71,20,35,F,2,high,married,5,private,2447.0,120,96,1,1,1,560.0,0,0.11,6,0,1,1,0,0.0,0,0.0,37.0,37.0,3.0,3.0,1.0,1.0,17,4,0,889.6276611617799
app,installment,921,90,7,16,0.13,0,43,12,34,M,3,high,married,6,private,3790.0,47,84,1,3,1,605.0,0,0.37,4,3,3,2,0,0.0,0,0.0,18.333333333333332,33.0,2.6666666666666665,5.0,1.0,0.6666666666666666,3,2,0,908.9006458764674
app,installment,4241,60,1,0,0.13,0,54,21,36,M,3,college,single,10,state,4035.0,57,74,4,2,0,674.0,1,0.4,9,2,2,2,0,0.0,0,0.0,39.0,53.0,2.5,3.0,0.5,1.0,13,0,0,843.073675854428
app,installment,2537,180,4,20,0.27,0,85,2,43,F,3,high,married,2,private,5677.0,72,440,5,2,0,661.0,1,0.4,3,0,2,2,0,0.0,0,0.0,54.5,67.0,3.0,4.0,1.0,1.0,5,1,0,1176.5813102035072
app,short_term,1427,30,5,14,0.35,0,10,33,44,M,3,high,married,6,private,6494.0,76,334,1,2,1,653.0,0,0.45,7,1,2,2,0,0.0,0,0.0,30.5,51.0,1.0,1.0,1.0,1.0,19,0,0,824.0421969829445
app,installment,3501,60,3,12,0.36,0,84,46,50,F,1,high,single,3,self_employed,5894.0,115,366,1,3,0,643.0,0,0.15,5,1,3,3,0,0.0,0,0.0,53.666666666666664,83.0,2.3333333333333335,5.0,1.0,0.6666666666666666,12,6,0,743.9534734566959
app,installment,3870,60,6,3,0.35,0,69,31,53,F,4,college,single,1,private,9459.0,73,234,4,3,0,639.0,1,0.22,2,0,3,2,0,0.0,0,0.0,48.333333333333336,69.0,1.6666666666666667,3.0,0.6666666666666666,0.6666666666666666,4,3,0,998.2798545112314
app,installment,1145,120,5,26,0.18,0,51,21,48,M,2,college,married,2,private,3965.0,51,230,1,3,0,637.0,1,0.16,8,0,3,3,0,0.0,0,0.0,56.333333333333336,100.0,1.3333333333333333,2.0,1.0,1.0,4,6,0,1453.2859640226607
app,installment,3324,60,4,24,0.16,0,66,20,38,F,4,high,single,3,private,6373.0,55,392,5,2,0,731.0,0,0.31,0,2,2,2,0,0.0,0,0.0,70.0,100.0,1.0,1.0,0.5,1.0,6,3,0,793.1553071015024
app,short_term,1217,30,5,28,0.17,0,63,12,22,F,2,college,married,9,private,3459.0,13,194,4,1,1,627.0,0,0.47,4,1,1,1,0,0.0,0,0.0,44.0,44.0,1.0,1.0,1.0,0.0,7,0,0,884.490975397953
app,installment,4392,60,5,24,0.45,0,52,16,32,M,5,college,single,9,self_employed,2657.0,111,343,2,1,1,596.0,0,0.12,4,4,1,1,0,0.0,0,0.0,32.0,32.0,2.0,2.0,1.0,1.0,4,6,0,708.3433365454214
app,installment,3055,120,5,19,0.91,0,21,22,32,M,3,graduate,single,9,private,3288.0,36,124,3,3,1,612.0,0,0.23,3,0,3,3,0,0.0,0,0.0,44.333333333333336,68.0,1.0,1.0,1.0,0.6666666666666666,12,6,0,1014.2793753287006
app,installment,1993,90,0,0,0.12,0,35,39,27,M,1,middle,married,7,private,2765.0,111,191,2,3,1,608.0,0,0.32,7,2,3,3,1,0.3333333333333333,0,0.0,40.0,58.0,2.0,3.0,0.6666666666666666,1.0,6,5,0,851.86654195085
app,installment,1585,120,7,6,0.18,0,52,38,33,M,3,middle,married,1,self_employed,3649.0,71,441,5,1,0,641.0,0,0.35,0,0,1,1,0,0.0,0,0.0,68.0,68.0,2.0,2.0,1.0,1.0,18,4,0,1042.4158091770817
web,installment,4566,90,2,27,0.1,0,13,31,43,M,2,high,married,8,state,2100.0,21,171,4,1,1,472.0,3,0.38,6,3,1,1,0,0.0,0,0.0,31.0,31.0,4.0,4.0,1.0,1.0,21,6,1,282.25818998770785
web,short_term,3744,14,4,18,0.23,0,70,51,21,M,1,college,single,7,private,3235.0,61,326,2,2,0,778.0,1,0.39,2,0,2,2,0,0.0,0,0.0,34.0,46.0,2.0,3.0,1.0,1.0,12,2,0,775.7097769248588
app,short_term,2062,7,0,20,0.39,0,39,29,27,M,1,middle,single,4,state,2488.0,31,55,3,3,0,517.0,0,0.6,10,5,3,2,0,0.0,0,0.0,34.666666666666664,44.0,1.0,1.0,1.0,0.6666666666666666,14,6,0,556.8753703037069
app,short_term,1454,30,1,5,0.39,0,79,36,46,M,5,college,single,4,private,3726.0,116,263,2,3,1,612.0,1,0.45,9,0,3,3,0,0.0,0,0.0,47.666666666666664,58.0,3.3333333333333335,4.0,1.0,0.6666666666666666,5,5,0,925.3506587727702
web,short_term,684,30,1,10,0.44,0,34,34,53,F,1,high,married,10,self_employed,4070.0,108,146,5,2,0,564.0,0,0.19,4,6,2,1,0,0.0,0,0.0,22.5,39.0,2.0,3.0,1.0,1.0,19,6,0,1075.3515888223988
app,short_term,3794,30,4,21,0.3,0,55,29,46,M,4,high,married,3,state,3167.0,82,357,2,1,0,510.0,0,0.44,2,2,1,1,0,0.0,0,0.0,63.0,63.0,2.0,2.0,0.0,0.0,3,4,0,645.364237458754
app,short_term,1503,14,4,18,0.06,0,43,26,40,F,3,college,single,9,state,4583.0,101,94,2,1,1,620.0,0,0.31,2,2,1,1,0,0.0,0,0.0,78.0,78.0,1.0,1.0,1.0,0.0,13,0,0,771.7918480549848
web,short_term,2732,30,3,16,0.07,0,73,23,25,M,3,high,married,6,private,3409.0,51,423,3,1,0,663.0,0,0.11,3,1,1,1,0,0.0,0,0.0,51.0,51.0,1.0,1.0,1.0,1.0,18,2,0,1018.308494265566
app,short_term,3876,21,4,24,0.41,0,63,12,28,M,4,high,married,3,state,3665.0,113,140,4,1,1,686.0,2,0.07,6,0,1,1,0,0.0,0,0.0,57.0,57.0,1.0,1.0,1.0,1.0,13,0,0,630.6903082632911
app,installment,4319,120,7,24,0.01,0,10,46,25,F,1,graduate,married,4,private,2861.0,59,78,3,3,0,533.0,0,0.23,10,2,3,2,0,0.0,0,0.0,40.666666666666664,48.0,1.3333333333333333,2.0,0.6666666666666666,1.0,17,1,0,802.1768027835766
web,short_term,710,14,6,29,0.3,0,92,27,47,F,3,graduate,single,2,private,4952.0,113,246,2,1,0,486.0,0,0.45,7,0,1,1,0,0.0,0,0.0,14.0,14.0,2.0,2.0,1.0,1.0,17,2,0,962.5905976243034
web,installment,1795,180,5,19,0.37,0,66,18,36,F,4,college,single,6,private,1714.0,94,114,2,2,1,615.0,0,0.4,6,0,2,2,0,0.0,1,0.5,60.0,64.0,3.0,5.0,1.0,1.0,0,5,0,667.9852178336747
web,installment,4698,180,5,17,0.44,0,65,59,41,F,2,college,married,1,private,6034.0,4,398,3,2,0,576.0,0,0.05,7,0,2,2,0,0.0,0,0.0,47.5,58.0,3.0,5.0,0.5,1.0,6,1,0,1098.7815044791998
