app_id,user_id,apply_dt,channel,product_type,requested_amount,requested_term,risk_score,decision,approve_dt,approved_amount,approved_term
1,1963,2025-08-17 18:49:12,app,short_term,1702,7,614,approved,2025-08-19 18:49:12,1702,7
2,922,2024-12-21 06:31:57,app,installment,3025,90,530,approved,2024-12-22 06:31:57,3025,90
3,4820,2024-04-14 11:04:50,app,short_term,3991,7,560,rejected,,0,0
4,689,2025-10-11 13:51:31,app,short_term,2481,30,626,approved,2025-10-12 13:51:31,2481,30
5,2570,2025-05-07 17:12:02,web,short_term,2480,30,605,approved,2025-05-08 17:12:02,2480,30
6,3881,2025-02-03 10:38:34,app,installment,4268,180,513,rejected,,0,0
7,4998,2024-02-05 21:02:27,web,installment,2042,90,637,approved,2024-02-07 21:02:27,2042,90
8,129,2024-10-15 13:50:22,app,short_term,1746,21,646,approved,2024-10-17 13:50:22,1746,21
9,1110,2024-11-04 10:45:04,app,installment,2872,90,619,rejected,,0,0
10,47,2025-02-01 07:09:00,app,installment,3276,60,575,rejected,,0,0
11,1052,2024-12-28 23:46:59,app,short_term,3139,14,591,rejected,,0,0
12,1101,2024-11-13 12:06:55,app,installment,2646,120,579,approved,2024-11-14 12:06:55,2646,120
13,4346,2024-09-13 23:12:00,partner,installment,4636,90,544,rejected,,0,0
14,280,2025-11-05 01:52:46,app,short_term,2579,14,525,rejected,,0,0
15,4273,2025-03-12 10:45:35,app,short_term,4578,14,655,approved,2025-03-12 10:45:35,4578,14
16,2491,2025-11-17 07:11:25,app,short_term,3062,30,575,rejected,,0,0
17,4356,2025-05-20 19:05:02,app,installment,4584,90,577,rejected,,0,0
18,2753,2024-08-14 12:09:07,web,installment,2510,120,617,rejected,,0,0
19,2877,2024-05-27 07:36:20,app,short_term,640,14,607,rejected,,0,0
20,2178,2025-06-20 00:34:28,app,short_term,1556,7,562,rejected,,0,0
21,3931,2025-01-04 23:35:09,app,short_term,4762,14,608,approved,2025-01-06 23:35:09,4762,14
22,2099,2024-05-09 09:04:02,web,short_term,974,14,647,approved,2024-05-11 09:04:02,974,14
23,2526,2025-08-13 07:32:41,app,short_term,1755,21,598,rejected,,0,0
24,1393,2025-06-27 04:10:42,partner,short_term,1697,7,675,approved,2025-06-27 04:10:42,1697,7
25,1192,2024-08-08 03:51:33,app,installment,887,90,641,approved,2024-08-08 03:51:33,887,90
26,4410,2024-02-03 05:15:43,app,short_term,3730,30,545,rejected,,0,0
27,3971,2025-01-26 10:55:45,app,installment,3510,120,615,approved,2025-01-27 10:55:45,3510,120
28,2328,2024-06-19 04:54:59,app,installment,4190,120,568,rejected,,0,0
29,1156,2025-06-14 11:15:33,partner,short_term,3313,7,573,rejected,,0,0
30,3724,2025-03-27 21:04:07,partner,installment,1674,180,582,rejected,,0,0
31,120,2025-06-04 16:37:00,app,short_term,4716,14,621,approved,2025-06-04 16:37:00,4716,14
32,3504,2024-09-14 11:08:36,partner,installment,1042,60,620,approved,2024-09-16 11:08:36,1042,60
33,1344,2024-10-25 14:01:35,app,short_term,3378,30,644,approved,2024-10-26 14:01:35,3378,30
34,299,2024-05-10 19:41:50,app,short_term,709,21,614,rejected,,0,0
35,227,2024-10-08 15:21:36,app,installment,675,180,621,approved,2024-10-09 15:21:36,675,180
36,4540,2024-06-05 17:14:35,partner,installment,684,180,606,rejected,,0,0
37,939,2025-07-03 09:59:11,web,short_term,1305,7,618,rejected,,0,0
38,1999,2025-07-21 09:03:56,app,short_term,3362,7,580,rejected,,0,0
39,1864,2025-03-15 00:58:57,app,installment,4058,120,591,rejected,,0,0
40,3703,2025-11-09 22:28:31,app,installment,1393,60,605,approved,2025-11-11 22:28:31,1393,60
41,2522,2024-04-03 05:02:28,app,short_term,3400,30,587,rejected,,0,0
42,2590,2025-05-25 11:26:21,web,installment,1930,60,639,approved,2025-05-26 11:26:21,1930,60
43,4769,2024-08-05 15:00:36,app,installment,1005,90,641,approved,2024-08-05 15:00:36,1005,90
44,63,2024-05-08 01:42:49,partner,short_term,1538,7,647,approved,2024-05-09 01:42:49,1538,7
45,2310,2025-01-17 21:34:47,web,installment,4284,120,625,rejected,,0,0
46,4699,2024-06-22 18:14:24,app,short_term,664,21,637,approved,2024-06-24 18:14:24,664,21
47,2475,2025-07-01 16:28:22,app,installment,4093,120,577,rejected,,0,0
48,618,2025-02-28 03:31:23,app,installment,2069,90,677,approved,2025-03-01 03:31:23,2069,90
49,4349,2025-06-04 13:12:02,partner,short_term,4725,7,626,rejected,,0,0
50,3902,2024-12-23 13:44:45,app,short_term,2315,30,550,approved,2024-12-23 13:44:45,2315,30
51,1245,2025-10-14 00:22:34,app,short_term,2763,14,608,rejected,,0,0
52,4731,2025-01-03 06:56:50,app,short_term,2400,7,600,approved,2025-01-05 06:56:50,2400,7
53,4380,2024-12-23 09:12:50,app,short_term,2649,14,595,approved,2024-12-25 09:12:50,2649,14
54,3643,2024-12-21 10:21:35,web,installment,3150,90,571,approved,2024-12-23 10:21:35,3150,90
55,4620,2024-12-31 12:04:00,app,short_term,1942,7,669,approved,2025-01-02 12:04:00,1942,7
56,2669,2024-09-27 14:06:48,app,short_term,1999,14,542,rejected,,0,0
57,1839,2024-06-19 12:45:24,partner,installment,3668,90,549,rejected,,0,0
58,1402,2024-03-25 04:35:09,partner,short_term,1825,7,632,approved,2024-03-26 04:35:09,1825,7
59,1352,2025-08-04 08:04:40,app,installment,4573,90,614,approved,2025-08-04 08:04:40,4538,90
60,3108,2025-01-07 06:55:45,app,installment,3042,180,553,rejected,,0,0
61,3913,2024-05-16 07:22:25,partner,short_term,1057,14,466,rejected,,0,0
62,1540,2025-11-01 21:52:53,app,short_term,3687,7,467,rejected,,0,0
63,3536,2025-02-05 23:46:13,web,installment,1242,180,595,approved,2025-02-05 23:46:13,1242,180
64,1113,2025-04-05 13:13:58,web,installment,3298,90,680,approved,2025-04-06 13:13:58,3298,90
65,1562,2024-08-19 20:12:11,web,installment,2390,60,575,rejected,,0,0
66,2739,2025-03-20 14:14:00,app,installment,2764,180,504,rejected,,0,0
67,2034,2024-04-13 15:24:57,app,short_term,2843,7,544,rejected,,0,0
68,1135,2025-08-09 18:41:25,app,installment,2297,120,581,approved,2025-08-10 18:41:25,2297,120
69,2469,2025-08-30 03:00:13,app,installment,1707,180,564,rejected,,0,0
70,3037,2025-08-19 18:27:14,app,installment,3419,120,591,approved,2025-08-19 18:27:14,3419,120
71,2705,2025-03-20 12:09:48,app,short_term,977,21,554,rejected,,0,0
72,3064,2024-08-15 04:48:16,app,short_term,2696,7,572,approved,2024-08-16 04:48:16,2696,7
73,3139,2025-10-11 07:32:57,app,short_term,1873,7,591,rejected,,0,0
74,2214,2025-08-03 23:05:30,app,short_term,4238,21,541,rejected,,0,0
75,1841,2025-05-02 01:22:29,app,installment,1955,90,555,rejected,,0,0
76,3910,2025-09-01 07:31:25,web,installment,4862,60,621,approved,2025-09-03 07:31:25,4862,60
77,1613,2025-12-22 14:33:05,app,short_term,1528,14,626,approved,2025-12-24 14:33:05,1528,14
78,3238,2024-12-14 19:36:40,app,short_term,613,30,601,approved,2024-12-14 19:36:40,613,30
79,3669,2024-04-20 04:28:10,app,installment,652,90,484,rejected,,0,0
80,4622,2025-02-12 08:36:38,web,short_term,2177,21,633,rejected,,0,0
81,1168,2025-01-26 03:32:35,app,installment,3042,180,557,rejected,,0,0
82,1406,2025-05-20 10:03:06,app,short_term,3327,30,488,rejected,,0,0
83,429,2024-10-21 18:20:53,web,installment,4217,60,498,rejected,,0,0
84,4243,2025-07-15 10:10:46,app,short_term,512,30,527,approved,2025-07-15 10:10:46,512,30
85,2565,2025-03-22 07:15:20,app,installment,722,120,542,rejected,,0,0
86,997,2024-05-22 14:22:48,app,short_term,1851,21,636,approved,2024-05-23 14:22:48,1851,21
87,4251,2024-07-04 01:09:42,app,short_term,1641,7,520,rejected,,0,0
88,39,2025-07-15 12:27:03,app,short_term,3866,30,566,rejected,,0,0
89,991,2024-02-29 15:44:47,app,installment,2806,60,537,approved,2024-03-01 15:44:47,2806,60
90,648,2024-03-05 17:07:49,web,short_term,1633,21,609,rejected,,0,0
91,4764,2025-09-28 22:17:48,app,short_term,4708,21,557,rejected,,0,0
92,4243,2025-07-31 19:54:41,web,installment,2690,120,523,rejected,,0,0
93,3358,2024-08-09 10:17:45,app,short_term,4816,7,558,rejected,,0,0
94,3628,2024-05-09 08:23:21,app,installment,1966,120,634,approved,2024-05-11 08:23:21,1966,120
95,2866,2025-10-25 00:50:02,app,short_term,721,30,618,rejected,,0,0
96,898,2024-09-26 07:24:13,app,installment,4758,60,589,approved,2024-09-28 07:24:13,4312,60
97,2302,2024-02-16 07:38:32,app,installment,2059,180,561,approved,2024-02-17 07:38:32,2059,180
98,4867,2025-06-26 04:30:23,app,short_term,4115,7,592,rejected,,0,0
99,2824,2025-08-16 07:22:21,app,short_term,838,7,555,rejected,,0,0
100,2827,2024-10-10 12:03:07,app,installment,1136,90,617,rejected,,0,0
101,818,2024-08-26 05:00:21,web,short_term,2760,14,627,approved,2024-08-27 05:00:21,2760,14
102,1965,2024-03-03 00:05:41,app,short_term,2803,14,539,rejected,,0,0
103,4006,2025-09-22 14:28:14,partner,short_term,666,30,582,rejected,,0,0
104,1834,2024-03-20 21:28:05,app,short_term,3851,14,581,approved,2024-03-22 21:28:05,3851,14
105,3762,2024-12-23 17:49:22,app,short_term,3099,21,566,approved,2024-12-24 17:49:22,2319,21
106,3316,2024-12-02 17:02:43,partner,installment,3440,120,585,rejected,,0,0
107,4877,2024-05-15 03:23:55,app,short_term,4231,30,579,rejected,,0,0
108,4957,2025-03-16 21:53:56,app,short_term,1232,21,431,rejected,,0,0
109,3687,2024-07-29 23:23:53,app,short_term,4586,21,508,rejected,,0,0
110,4202,2024-10-06 07:06:41,partner,short_term,4262,21,622,rejected,,0,0
111,4881,2024-07-30 23:56:13,app,short_term,915,7,560,rejected,,0,0
112,140,2025-08-20 06:44:49,partner,installment,3686,120,578,approved,2025-08-21 06:44:49,3686,120
113,2586,2025-10-24 00:34:31,app,short_term,4784,21,615,approved,2025-10-24 00:34:31,4784,21
114,4219,2025-07-18 13:20:02,app,installment,902,180,459,rejected,,0,0
115,1894,2024-09-19 19:07:58,app,installment,4148,120,633,approved,2024-09-20 19:07:58,4148,120
116,4490,2024-09-11 15:38:06,partner,short_term,3929,21,609,approved,2024-09-11 15:38:06,3929,21
117,1838,2024-07-28 00:34:08,app,short_term,855,14,584,approved,2024-07-29 00:34:08,855,14
118,375,2025-03-07 00:50:28,app,short_term,4440,21,588,rejected,,0,0
119,3027,2024-06-18 01:04:27,app,installment,893,180,561,rejected,,0,0
120,4570,2025-04-03 16:07:37,app,short_term,2898,7,532,rejected,,0,0
121,334,2025-01-07 19:47:49,app,installment,4219,120,543,rejected,,0,0
122,4512,2024-11-22 02:22:29,app,short_term,1531,7,475,rejected,,0,0
123,3625,2025-01-16 00:27:22,app,short_term,2449,7,619,rejected,,0,0
124,4146,2024-02-11 04:24:42,app,installment,2233,180,609,approved,2024-02-13 04:24:42,2233,180
125,4567,2025-09-17 15:52:14,web,short_term,2587,30,628,approved,2025-09-19 15:52:14,2587,30
126,2391,2025-06-20 08:53:49,web,short_term,1270,7,573,rejected,,0,0
127,3342,2025-01-10 02:12:55,app,short_term,3224,21,555,approved,2025-01-11 02:12:55,3224,21
128,1299,2025-04-26 12:10:35,app,short_term,1003,14,609,approved,2025-04-27 12:10:35,1003,14
129,4714,2024-09-07 23:08:45,app,installment,3925,60,575,approved,2024-09-07 23:08:45,3003,60
130,843,2024-07-09 10:09:57,app,short_term,3054,14,609,rejected,,0,0
131,4348,2025-08-11 12:54:04,app,short_term,2578,21,523,approved,2025-08-11 12:54:04,2250,21
132,870,2025-01-26 05:49:25,web,installment,1387,180,664,approved,2025-01-26 05:49:25,1387,180
133,2142,2025-07-04 04:44:34,web,installment,4978,180,615,approved,2025-07-06 04:44:34,4978,180
134,4879,2025-06-10 22:46:02,app,short_term,4551,21,574,approved,2025-06-11 22:46:02,4551,21
135,2604,2024-06-03 00:43:02,app,short_term,4375,21,604,approved,2024-06-04 00:43:02,4375,21
136,3097,2025-09-27 21:22:15,app,short_term,3407,7,638,approved,2025-09-29 21:22:15,3407,7
137,1787,2025-10-18 22:22:27,app,installment,967,90,554,approved,2025-10-19 22:22:27,967,90
138,2811,2025-08-21 02:27:08,app,short_term,2876,30,584,approved,2025-08-21 02:27:08,2876,30
139,4972,2025-02-06 01:52:31,app,installment,2519,180,613,rejected,,0,0
140,293,2025-04-16 09:03:51,app,short_term,3010,14,620,approved,2025-04-17 09:03:51,3010,14
141,524,2025-07-09 12:20:05,app,installment,719,60,553,approved,2025-07-10 12:20:05,719,60
142,1858,2024-02-01 10:07:06,web,installment,2264,120,569,rejected,,0,0
143,4822,2025-11-03 11:13:30,web,installment,1898,60,645,approved,2025-11-05 11:13:30,1898,60
144,3039,2025-07-23 13:58:43,app,short_term,4189,30,553,rejected,,0,0
145,4565,2025-10-12 20:07:11,app,short_term,1054,14,586,approved,2025-10-13 20:07:11,1054,14
146,4497,2024-05-06 20:00:54,web,short_term,4766,7,517,rejected,,0,0
147,3224,2024-09-30 06:19:37,app,short_term,1052,21,545,rejected,,0,0
148,2871,2025-08-06 06:14:33,app,short_term,1147,7,588,approved,2025-08-07 06:14:33,1147,7
149,596,2024-05-17 17:18:50,app,short_term,2537,14,488,rejected,,0,0
150,2638,2025-04-18 12:58:31,app,installment,3564,90,553,rejected,,0,0
151,182,2025-02-07 19:01:23,app,short_term,1481,7,568,rejected,,0,0
152,1123,2025-11-25 20:27:34,app,short_term,2812,7,592,rejected,,0,0
153,3051,2025-05-20 19:01:27,web,short_term,1519,30,525,rejected,,0,0
154,437,2025-01-22 01:45:01,app,short_term,4374,30,692,approved,2025-01-22 01:45:01,4374,30
155,4805,2025-08-08 19:49:09,partner,short_term,1231,21,644,approved,2025-08-08 19:49:09,1231,21
156,2401,2024-12-08 11:11:20,app,short_term,2828,14,626,approved,2024-12-09 11:11:20,2828,14
157,3398,2024-04-23 19:34:53,partner,short_term,4210,14,618,approved,2024-04-23 19:34:53,3660,14
158,2386,2024-08-29 03:14:35,partner,installment,794,120,537,rejected,,0,0
159,754,2024-11-01 07:45:10,app,installment,859,60,628,approved,2024-11-01 07:45:10,859,60
160,3949,2024-06-23 11:23:44,app,short_term,2935,21,596,approved,2024-06-24 11:23:44,2935,21
161,2045,2025-11-27 06:21:07,app,short_term,1768,21,600,approved,2025-11-27 06:21:07,1768,21
162,269,2024-03-02 18:43:38,app,short_term,2162,21,612,rejected,,0,0
163,1140,2024-12-13 06:27:43,app,short_term,4648,21,636,rejected,,0,0
164,4823,2025-11-25 08:21:52,partner,short_term,2368,21,598,approved,2025-11-25 08:21:52,2368,21
165,3728,2025-07-30 22:47:42,app,short_term,2057,7,590,rejected,,0,0
166,949,2024-03-26 21:59:05,app,short_term,3508,30,572,approved,2024-03-26 21:59:05,3508,30
167,2803,2024-10-25 05:11:58,app,installment,978,180,601,rejected,,0,0
168,4204,2024-05-28 22:06:09,app,short_term,864,30,627,approved,2024-05-30 22:06:09,864,30
169,4265,2025-04-11 13:01:14,web,installment,4971,60,612,approved,2025-04-13 13:01:14,4971,60
170,2094,2025-11-20 12:17:24,web,short_term,1333,14,483,rejected,,0,0
171,69,2025-05-29 09:02:22,web,short_term,1341,30,481,rejected,,0,0
172,4737,2025-05-06 02:29:05,web,short_term,1637,30,538,rejected,,0,0
173,3341,2025-03-16 21:21:05,app,short_term,2209,14,644,rejected,,0,0
174,3608,2024-04-29 13:39:26,app,installment,4446,180,609,approved,2024-05-01 13:39:26,4446,180
175,4630,2025-02-26 05:01:45,partner,installment,588,60,591,approved,2025-02-27 05:01:45,588,60
176,2023,2025-05-15 08:38:21,app,installment,1171,90,646,approved,2025-05-17 08:38:21,1171,90
177,1535,2024-03-16 20:41:10,app,short_term,756,21,580,rejected,,0,0
178,4954,2025-06-17 03:46:06,app,short_term,2091,21,561,rejected,,0,0
179,2979,2025-02-08 21:09:47,app,installment,805,60,615,approved,2025-02-10 21:09:47,805,60
180,1676,2024-12-27 08:25:07,web,installment,3036,180,616,approved,2024-12-29 08:25:07,3036,180
181,703,2025-10-02 11:07:32,web,installment,4127,90,581,rejected,,0,0
182,200,2025-03-27 23:05:37,app,installment,1484,60,585,rejected,,0,0
183,3742,2025-12-11 23:13:35,app,short_term,3219,21,558,approved,2025-12-13 23:13:35,3219,21
184,190,2024-12-15 11:05:06,app,installment,4311,120,638,rejected,,0,0
185,3930,2025-12-09 20:25:39,web,installment,3103,120,492,rejected,,0,0
186,1893,2024-03-18 22:21:38,app,short_term,922,30,583,rejected,,0,0
187,4820,2025-01-15 11:11:31,app,short_term,4570,30,565,approved,2025-01-15 11:11:31,4570,30
188,4436,2024-06-28 13:16:17,app,installment,2768,180,608,approved,2024-06-29 13:16:17,2768,180
189,320,2025-05-13 14:39:34,web,installment,3699,120,598,rejected,,0,0
190,453,2025-02-16 21:36:16,app,short_term,3975,30,557,rejected,,0,0
191,1523,2024-07-12 00:18:11,app,short_term,3838,30,612,approved,2024-07-12 00:18:11,3838,30
192,2868,2024-04-08 03:32:01,app,short_term,1867,14,601,rejected,,0,0
193,3057,2025-07-09 12:21:36,app,installment,3447,90,556,rejected,,0,0
194,2450,2025-07-06 02:36:10,web,short_term,2101,7,602,approved,2025-07-07 02:36:10,2101,7
195,2352,2024-08-27 03:26:48,app,short_term,1883,30,608,rejected,,0,0
196,3290,2025-10-23 16:46:48,web,short_term,925,14,551,rejected,,0,0
197,2455,2024-06-02 15:04:35,app,short_term,2643,30,488,rejected,,0,0
198,4270,2024-07-12 07:32:55,web,short_term,4565,30,622,approved,2024-07-13 07:32:55,4426,30
199,4085,2025-12-13 12:22:56,app,installment,4142,90,592,rejected,,0,0
200,3338,2024-08-01 00:00:39,app,short_term,4547,14,546,rejected,,0,0
201,3777,2025-09-05 04:16:26,partner,short_term,993,21,549,approved,2025-09-05 04:16:26,993,21
202,559,2024-09-23 16:59:08,app,short_term,707,30,610,approved,2024-09-25 16:59:08,707,30
203,3123,2024-10-12 03:42:42,app,short_term,1440,21,552,rejected,,0,0
204,1836,2025-06-02 03:36:42,app,short_term,1514,30,606,approved,2025-06-03 03:36:42,1514,30
205,1599,2024-12-04 03:12:03,web,installment,1411,120,629,rejected,,0,0
206,2845,2024-09-01 10:03:56,app,installment,2528,90,683,approved,2024-09-03 10:03:56,2528,90
207,2622,2025-01-21 02:06:22,web,short_term,1682,30,585,rejected,,0,0
208,2582,2024-02-28 06:14:43,app,installment,2954,60,578,approved,2024-02-28 06:14:43,2954,60
209,564,2025-12-01 15:52:15,app,short_term,2236,30,586,approved,2025-12-01 15:52:15,2236,30
210,4087,2024-07-27 06:57:22,web,installment,3615,60,645,approved,2024-07-27 06:57:22,3615,60
211,3569,2024-03-24 15:10:51,app,short_term,739,30,613,approved,2024-03-25 15:10:51,739,30
212,1849,2024-03-25 04:03:54,app,installment,923,120,569,rejected,,0,0
213,3638,2025-04-02 12:18:39,app,short_term,4495,21,515,rejected,,0,0
214,1399,2024-01-28 22:04:37,app,short_term,2115,14,574,rejected,,0,0
215,1436,2025-12-17 02:14:40,app,short_term,3180,14,620,approved,2025-12-17 02:14:40,3180,14
216,4839,2024-04-18 20:06:23,app,short_term,2226,21,609,approved,2024-04-19 20:06:23,2226,21
217,2949,2024-07-20 18:14:16,partner,short_term,3128,30,599,approved,2024-07-20 18:14:16,3128,30
218,2288,2024-08-12 14:41:41,app,installment,3348,60,615,approved,2024-08-14 14:41:41,3348,60
219,355,2025-02-06 17:51:59,app,short_term,2014,21,584,rejected,,0,0
220,3289,2025-06-09 03:43:50,web,installment,1889,120,588,rejected,,0,0
221,407,2024-09-04 01:01:46,partner,installment,4319,120,670,approved,2024-09-04 01:01:46,4319,120
222,874,2025-06-15 13:19:11,app,short_term,851,21,627,approved,2025-06-15 13:19:11,851,21
223,1063,2025-02-10 08:57:50,app,installment,1127,60,663,approved,2025-02-12 08:57:50,1127,60
224,2674,2025-03-29 21:56:33,partner,installment,2095,180,608,rejected,,0,0
225,1858,2025-07-19 18:44:29,app,installment,1860,60,560,rejected,,0,0
226,3781,2025-01-11 12:54:42,app,short_term,3686,14,586,rejected,,0,0
227,372,2025-12-19 20:07:01,app,installment,1052,180,614,rejected,,0,0
228,3750,2024-03-03 21:03:55,web,short_term,1425,30,621,approved,2024-03-05 21:03:55,1425,30
229,3991,2024-04-17 02:10:21,app,installment,1746,60,554,rejected,,0,0
230,4582,2025-05-23 13:39:01,app,installment,683,120,571,rejected,,0,0
231,2980,2024-06-10 23:01:01,app,installment,3135,60,633,approved,2024-06-11 23:01:01,3135,60
232,4566,2024-11-11 13:23:35,app,short_term,1967,7,561,rejected,,0,0
233,4294,2024-07-24 19:19:28,app,short_term,3989,21,666,approved,2024-07-24 19:19:28,3989,21
234,4041,2024-08-23 08:38:11,app,installment,1420,180,584,rejected,,0,0
235,3445,2024-06-12 10:55:42,app,installment,1271,60,555,rejected,,0,0
236,936,2025-04-30 22:20:35,app,short_term,3155,30,633,rejected,,0,0
237,1939,2024-02-05 21:39:01,partner,short_term,4157,7,546,rejected,,0,0
238,1422,2024-05-02 16:08:59,app,installment,2554,180,581,rejected,,0,0
239,1508,2025-05-06 23:48:54,app,short_term,3021,21,611,approved,2025-05-07 23:48:54,3021,21
240,3911,2025-07-12 17:06:53,app,short_term,3724,14,493,rejected,,0,0
241,4289,2024-06-23 17:40:13,app,installment,4067,60,650,approved,2024-06-25 17:40:13,4067,60
242,467,2025-04-15 22:26:35,app,short_term,3060,7,568,approved,2025-04-17 22:26:35,3060,7
243,4046,2025-02-15 04:09:49,app,short_term,782,21,617,approved,2025-02-17 04:09:49,782,21
244,672,2024-08-01 05:45:31,app,short_term,4484,14,564,approved,2024-08-02 05:45:31,4484,14
245,4163,2024-02-01 03:38:33,app,installment,3992,60,616,approved,2024-02-03 03:38:33,3314,60
246,2219,2024-08-26 09:46:18,app,short_term,2252,21,649,rejected,,0,0
247,2008,2024-08-26 13:14:06,app,installment,1460,60,603,rejected,,0,0
248,3294,2024-12-10 22:01:12,app,short_term,2435,14,585,approved,2024-12-11 22:01:12,2435,14
249,830,2025-11-15 11:16:44,app,short_term,919,14,618,approved,2025-11-17 11:16:44,919,14
250,3062,2025-07-27 09:21:13,app,installment,3870,120,587,approved,2025-07-28 09:21:13,3870,120
251,258,2024-10-10 01:03:45,web,short_term,1783,7,625,approved,2024-10-10 01:03:45,1783,7
252,792,2024-07-29 00:11:01,partner,short_term,1119,30,648,rejected,,0,0
253,1830,2024-08-26 22:28:12,app,short_term,4176,30,654,approved,2024-08-28 22:28:12,4176,30
254,3441,2024-11-26 01:50:19,app,short_term,1252,30,667,approved,2024-11-27 01:50:19,1252,30
255,944,2024-07-17 21:32:50,app,short_term,2815,7,642,approved,2024-07-18 21:32:50,2815,7
256,2749,2024-12-27 07:14:21,web,short_term,2269,14,597,approved,2024-12-28 07:14:21,2269,14
257,1921,2024-09-22 11:48:27,app,installment,2337,180,577,approved,2024-09-24 11:48:27,2337,180
258,4353,2025-06-07 16:19:31,partner,installment,4294,90,550,rejected,,0,0
259,2318,2025-10-11 14:01:25,app,installment,2499,120,618,approved,2025-10-12 14:01:25,2499,120
260,1500,2024-07-07 21:32:48,app,installment,2609,120,468,rejected,,0,0
261,2191,2024-10-12 17:57:59,app,installment,2929,60,546,rejected,,0,0
262,858,2025-12-10 21:45:10,app,short_term,2381,30,547,rejected,,0,0
263,4477,2024-11-25 23:46:08,web,installment,4179,60,546,rejected,,0,0
264,1834,2024-03-06 22:07:52,web,installment,4752,120,565,rejected,,0,0
265,1231,2024-05-06 13:42:50,app,short_term,3004,30,679,approved,2024-05-08 13:42:50,3004,30
266,3673,2024-06-01 03:32:23,app,installment,3444,90,640,approved,2024-06-02 03:32:23,3440,90
267,57,2025-12-11 03:08:34,app,short_term,1979,14,590,approved,2025-12-12 03:08:34,1979,14
268,1583,2024-10-27 02:54:51,app,installment,674,90,533,rejected,,0,0
269,1071,2024-07-13 00:45:48,app,installment,3902,90,631,approved,2024-07-13 00:45:48,3902,90
270,3811,2024-12-19 21:58:47,app,installment,4194,120,636,approved,2024-12-19 21:58:47,4194,120
271,3,2024-11-02 16:17:08,web,installment,4619,60,579,rejected,,0,0
272,1463,2024-08-14 22:24:36,app,installment,910,180,595,rejected,,0,0
273,4515,2024-07-30 23:26:38,web,short_term,567,7,578,rejected,,0,0
274,2545,2025-02-16 12:44:43,app,installment,4861,120,625,approved,2025-02-18 12:44:43,4861,120
275,382,2024-04-19 18:54:45,app,short_term,3269,7,583,approved,2024-04-19 18:54:45,2974,7
276,1367,2025-04-24 08:22:06,app,short_term,509,21,527,rejected,,0,0
277,1673,2024-11-28 02:33:37,app,installment,1429,120,527,rejected,,0,0
278,971,2024-07-21 06:01:40,web,installment,3126,120,565,rejected,,0,0
279,1713,2024-03-06 23:30:01,app,installment,4944,90,587,rejected,,0,0
280,1220,2024-05-19 03:13:17,app,installment,2592,90,628,approved,2024-05-20 03:13:17,2592,90
281,1767,2025-01-18 00:36:56,app,installment,1472,120,543,rejected,,0,0
282,4655,2025-09-14 23:37:24,partner,installment,1603,60,559,rejected,,0,0
283,1866,2025-06-25 16:43:26,app,installment,3278,90,546,rejected,,0,0
284,4840,2024-03-30 10:34:20,app,installment,763,120,611,approved,2024-04-01 10:34:20,763,120
285,3219,2024-04-12 16:08:36,app,short_term,2166,7,579,rejected,,0,0
286,2973,2025-09-06 14:30:13,app,short_term,2633,30,548,rejected,,0,0
287,507,2025-07-30 06:52:58,app,short_term,2474,14,568,rejected,,0,0
288,836,2025-10-23 00:43:42,app,short_term,4210,30,621,approved,2025-10-23 00:43:42,4210,30
289,3379,2024-03-07 07:18:28,app,short_term,4623,21,553,rejected,,0,0
290,540,2024-02-11 02:15:18,web,installment,2498,60,601,rejected,,0,0
291,2026,2025-03-05 03:54:14,web,installment,960,120,585,rejected,,0,0
292,1665,2025-09-10 21:13:15,app,short_term,1968,7,633,approved,2025-09-11 21:13:15,1968,7
293,1121,2024-11-03 22:00:56,app,installment,641,60,582,rejected,,0,0
294,4520,2024-11-29 00:56:02,app,short_term,3415,7,566,approved,2024-11-30 00:56:02,3415,7
295,1527,2025-08-17 11:28:48,web,installment,3624,60,477,rejected,,0,0
296,812,2025-09-09 11:28:01,app,installment,1087,120,572,rejected,,0,0
297,4376,2024-12-21 16:06:23,app,short_term,1283,21,568,rejected,,0,0
298,2094,2024-10-24 13:15:10,app,short_term,2532,30,493,approved,2024-10-24 13:15:10,2532,30
299,3075,2024-09-02 13:21:31,app,installment,1444,120,699,approved,2024-09-02 13:21:31,1444,120
300,2365,2024-09-11 15:23:45,app,short_term,3060,30,512,rejected,,0,0
301,3468,2024-03-16 02:01:55,app,short_term,2897,21,548,rejected,,0,0
302,4413,2024-10-03 19:45:00,app,short_term,2129,14,569,rejected,,0,0
303,603,2024-02-05 06:56:33,app,short_term,4617,14,506,rejected,,0,0
304,4478,2025-03-05 16:27:35,app,short_term,796,7,627,rejected,,0,0
305,2977,2024-10-21 20:29:55,web,short_term,4450,30,550,approved,2024-10-22 20:29:55,2450,30
306,1068,2025-08-18 08:20:52,web,short_term,3078,14,640,approved,2025-08-20 08:20:52,3078,14
307,3743,2025-01-16 21:39:21,app,short_term,3960,14,603,approved,2025-01-16 21:39:21,3960,14
308,769,2024-07-25 00:27:35,app,short_term,1336,7,570,rejected,,0,0
309,693,2024-10-12 02:49:23,app,short_term,1960,14,592,rejected,,0,0
310,777,2025-02-13 14:44:49,app,short_term,4060,14,595,approved,2025-02-15 14:44:49,3744,14
311,194,2024-02-14 04:10:25,app,installment,3808,120,574,rejected,,0,0
312,2493,2024-08-16 07:15:44,app,short_term,4055,30,604,rejected,,0,0
313,1505,2024-05-30 11:48:25,app,short_term,4997,7,600,rejected,,0,0
314,2719,2024-12-05 14:24:17,app,short_term,703,30,573,rejected,,0,0
315,638,2025-08-23 23:34:02,web,short_term,3712,30,605,rejected,,0,0
316,1569,2025-05-06 16:05:06,app,short_term,689,30,558,rejected,,0,0
317,4431,2024-02-09 16:16:52,web,installment,2316,180,648,approved,2024-02-11 16:16:52,2316,180
318,4141,2024-10-02 21:27:27,app,short_term,2018,21,596,approved,2024-10-02 21:27:27,2018,21
319,4009,2025-09-11 21:59:26,web,installment,4174,90,673,rejected,,0,0
320,2543,2025-05-27 22:12:03,app,short_term,3797,7,613,rejected,,0,0
321,1873,2025-01-19 12:00:51,app,short_term,3204,7,606,approved,2025-01-21 12:00:51,3204,7
322,3799,2025-04-18 18:09:27,app,installment,4673,90,546,approved,2025-04-20 18:09:27,4673,90
323,2527,2024-07-11 15:37:11,app,installment,2301,90,536,rejected,,0,0
324,42,2024-04-01 00:57:32,app,installment,3103,60,613,rejected,,0,0
325,2349,2024-10-13 03:00:34,web,installment,1975,60,527,approved,2024-10-13 03:00:34,1975,60
326,1809,2024-06-24 17:09:07,web,short_term,3883,14,611,approved,2024-06-24 17:09:07,3212,14
327,1473,2025-09-08 05:16:20,app,short_term,3174,21,563,approved,2025-09-10 05:16:20,3174,21
328,3823,2025-01-22 12:09:56,app,short_term,4798,30,558,approved,2025-01-22 12:09:56,4798,30
329,3352,2025-01-13 12:57:53,web,short_term,3947,21,543,rejected,,0,0
330,1698,2024-04-14 08:46:33,app,short_term,2271,14,647,rejected,,0,0
331,2555,2024-05-21 03:50:25,app,installment,2898,90,581,rejected,,0,0
332,58,2025-09-09 19:20:54,partner,installment,3006,180,594,approved,2025-09-10 19:20:54,3006,180
333,1665,2025-01-18 21:02:10,app,short_term,4397,21,615,approved,2025-01-20 21:02:10,4397,21
334,1212,2025-07-18 22:00:07,partner,short_term,2774,14,574,approved,2025-07-18 22:00:07,2774,14
335,1244,2024-06-04 03:25:40,app,installment,2422,180,579,rejected,,0,0
336,3001,2025-06-09 14:06:12,app,installment,1537,120,492,rejected,,0,0
337,204,2025-05-08 22:58:58,web,installment,786,120,573,rejected,,0,0
338,2604,2024-04-20 02:17:09,app,short_term,2370,14,586,rejected,,0,0
339,1904,2025-11-05 20:04:12,app,short_term,3297,7,564,rejected,,0,0
340,211,2024-03-10 02:21:29,app,short_term,2521,21,558,rejected,,0,0
341,1022,2025-08-29 07:13:41,app,installment,582,120,529,rejected,,0,0
342,3890,2025-10-06 06:02:23,web,short_term,3825,30,676,approved,2025-10-06 06:02:23,3825,30
343,1155,2025-02-10 11:36:25,app,short_term,4519,14,558,rejected,,0,0
344,355,2024-08-26 04:18:58,app,short_term,4587,30,596,rejected,,0,0
345,3867,2024-08-18 01:40:37,web,installment,4627,120,528,rejected,,0,0
346,64,2024-08-03 15:37:33,app,short_term,4106,7,578,approved,2024-08-04 15:37:33,4106,7
347,4890,2024-03-29 22:10:26,app,installment,2172,60,587,approved,2024-03-30 22:10:26,2172,60
348,4357,2024-09-13 16:40:11,partner,short_term,1825,30,603,approved,2024-09-15 16:40:11,1825,30
349,55,2024-04-12 11:10:17,web,installment,4960,60,493,rejected,,0,0
350,4702,2025-03-14 07:23:16,app,installment,1091,180,575,approved,2025-03-15 07:23:16,1091,180
351,1171,2024-03-07 03:43:28,app,installment,1099,90,587,approved,2024-03-08 03:43:28,1099,90
352,4602,2025-07-13 15:40:18,app,installment,788,90,596,approved,2025-07-14 15:40:18,788,90
353,3728,2024-11-05 05:21:15,app,short_term,1519,7,599,approved,2024-11-07 05:21:15,1519,7
354,933,2024-07-25 23:09:18,app,short_term,2220,7,550,rejected,,0,0
355,2945,2024-10-29 22:21:07,app,short_term,1017,7,590,approved,2024-10-30 22:21:07,1017,7
356,4338,2024-11-28 10:21:12,app,short_term,2436,21,592,approved,2024-11-28 10:21:12,2436,21
357,606,2025-10-18 23:55:52,app,short_term,2253,21,587,rejected,,0,0
358,355,2024-10-02 17:24:07,app,installment,2085,180,593,approved,2024-10-03 17:24:07,2085,180
359,2568,2024-09-30 05:39:08,web,short_term,2279,21,635,approved,2024-09-30 05:39:08,2279,21
360,268,2024-07-18 14:24:48,web,short_term,4805,30,637,rejected,,0,0
361,1139,2025-02-06 01:36:50,web,short_term,2821,14,524,rejected,,0,0
362,4572,2025-01-09 07:26:34,partner,installment,2866,60,547,rejected,,0,0
363,2824,2025-09-26 05:09:20,app,installment,1921,60,586,rejected,,0,0
364,3468,2024-02-29 12:38:34,web,short_term,4450,30,537,rejected,,0,0
365,623,2024-06-18 23:00:07,app,short_term,852,21,549,rejected,,0,0
366,1926,2024-07-17 00:39:30,app,installment,775,60,573,approved,2024-07-18 00:39:30,775,60
367,306,2025-05-09 15:43:13,app,short_term,1839,7,530,rejected,,0,0
368,3326,2024-03-10 07:28:51,app,installment,3520,180,540,approved,2024-03-10 07:28:51,3520,180
369,3238,2025-07-08 10:11:59,web,short_term,4953,21,612,approved,2025-07-10 10:11:59,4953,21
370,3740,2024-03-19 07:40:56,app,short_term,1543,7,568,rejected,,0,0
371,1904,2024-05-14 23:14:05,app,installment,2629,180,546,rejected,,0,0
372,4298,2024-02-01 06:42:10,app,installment,1396,120,606,approved,2024-02-01 06:42:10,1396,120
373,3132,2025-05-19 01:31:36,web,short_term,635,7,604,rejected,,0,0
374,2240,2025-08-08 16:51:15,web,installment,4518,180,624,rejected,,0,0
375,1713,2024-12-14 17:18:06,app,installment,2244,90,594,rejected,,0,0
376,3914,2025-07-13 09:38:54,app,installment,4126,180,531,rejected,,0,0
377,3462,2025-09-07 07:11:25,app,short_term,1134,7,570,rejected,,0,0
378,3532,2024-09-04 04:01:16,app,installment,3215,180,575,approved,2024-09-05 04:01:16,3215,180
379,3016,2024-02-17 10:33:31,web,installment,2648,120,598,approved,2024-02-18 10:33:31,2648,120
380,1051,2025-02-09 19:10:13,app,installment,2913,120,625,rejected,,0,0
381,2017,2024-10-01 06:36:01,web,installment,4365,60,549,rejected,,0,0
382,4746,2024-07-17 00:11:10,partner,installment,3372,120,539,rejected,,0,0
383,2803,2025-09-04 22:23:21,app,short_term,3080,14,571,rejected,,0,0
384,1539,2024-02-18 22:18:13,web,short_term,3188,21,638,approved,2024-02-19 22:18:13,3188,21
385,3365,2025-03-07 23:48:29,app,installment,2896,90,572,approved,2025-03-08 23:48:29,2806,90
386,3302,2024-12-07 23:02:39,app,short_term,2396,30,589,rejected,,0,0
387,4420,2025-12-21 11:22:43,app,installment,2584,90,684,approved,2025-12-22 11:22:43,2584,90
388,2430,2024-05-04 18:03:46,app,short_term,4261,30,608,rejected,,0,0
389,1070,2025-08-28 03:55:05,web,short_term,4920,30,605,approved,2025-08-28 03:55:05,4286,30
390,2476,2025-01-07 21:53:53,app,short_term,2561,30,456,rejected,,0,0
391,404,2024-10-08 15:34:59,app,installment,4686,90,514,rejected,,0,0
392,4766,2024-09-07 14:40:50,app,short_term,2080,30,595,approved,2024-09-08 14:40:50,2080,30
393,2060,2025-11-03 00:41:00,app,installment,4706,120,569,rejected,,0,0
394,1134,2025-06-06 05:23:50,app,short_term,2164,30,576,rejected,,0,0
395,2098,2025-09-02 19:50:22,app,short_term,1182,7,573,rejected,,0,0
396,2922,2025-03-04 08:13:25,app,short_term,1944,14,621,approved,2025-03-05 08:13:25,1944,14
397,4510,2024-03-21 18:56:20,app,installment,4616,120,618,approved,2024-03-21 18:56:20,4616,120
398,4334,2025-01-21 18:23:26,app,short_term,1078,21,589,approved,2025-01-23 18:23:26,1078,21
399,4687,2025-06-02 17:46:09,web,installment,4083,120,612,rejected,,0,0
400,1285,2024-08-04 05:19:30,app,short_term,4816,30,587,approved,2024-08-06 05:19:30,4816,30
401,2599,2025-03-06 04:33:07,app,short_term,1913,30,543,rejected,,0,0
402,2790,2024-06-29 07:36:42,app,installment,1031,180,603,rejected,,0,0
403,3462,2024-12-07 05:47:47,app,installment,2316,60,589,rejected,,0,0
404,3652,2025-09-10 16:15:22,app,installment,1702,60,633,approved,2025-09-12 16:15:22,1702,60
405,2600,2024-09-10 12:53:53,app,short_term,2240,30,618,rejected,,0,0
406,3481,2024-09-25 03:54:43,app,installment,1183,120,530,rejected,,0,0
407,4681,2025-08-17 05:30:35,app,installment,3511,90,514,rejected,,0,0
408,2937,2024-04-24 11:52:34,web,short_term,4131,30,587,rejected,,0,0
409,3856,2025-05-22 07:11:57,app,short_term,4782,7,541,rejected,,0,0
410,1598,2024-11-19 23:13:58,partner,short_term,1065,7,584,approved,2024-11-19 23:13:58,1065,7
411,2911,2024-11-19 02:13:34,app,installment,3979,180,611,approved,2024-11-19 02:13:34,3979,180
412,3430,2025-03-29 18:45:12,app,short_term,2043,14,554,rejected,,0,0
413,4112,2024-02-15 02:53:22,app,short_term,1339,21,616,approved,2024-02-15 02:53:22,1339,21
414,4052,2024-02-28 18:53:29,app,short_term,4559,14,636,approved,2024-03-01 18:53:29,4559,14
415,1013,2025-06-18 12:11:11,web,installment,2749,90,585,approved,2025-06-19 12:11:11,2749,90
416,3295,2024-08-21 07:37:48,app,installment,1425,60,572,rejected,,0,0
417,4075,2025-10-31 15:26:29,app,installment,1048,60,648,approved,2025-11-02 15:26:29,1048,60
418,3565,2025-09-01 16:31:26,app,installment,1095,180,609,approved,2025-09-02 16:31:26,1095,180
419,491,2025-06-14 06:58:53,app,installment,2901,90,619,approved,2025-06-15 06:58:53,2901,90
420,4114,2025-11-11 06:17:06,app,installment,664,60,524,rejected,,0,0
421,3323,2025-09-12 13:58:11,partner,short_term,3900,30,577,rejected,,0,0
422,209,2025-04-19 02:16:30,app,short_term,1122,21,526,rejected,,0,0
423,4543,2024-11-23 09:53:22,partner,installment,4698,120,593,approved,2024-11-25 09:53:22,4698,120
424,294,2025-12-13 00:21:57,app,short_term,3253,14,619,rejected,,0,0
425,1648,2024-02-08 23:21:26,partner,installment,2397,180,540,rejected,,0,0
426,685,2024-04-18 19:08:01,app,installment,4157,90,574,approved,2024-04-20 19:08:01,3604,90
427,487,2025-10-29 21:52:50,app,short_term,4336,30,556,rejected,,0,0
428,2716,2025-06-28 04:17:43,app,short_term,3830,21,639,rejected,,0,0
429,2070,2025-12-22 17:51:10,app,short_term,2000,7,459,rejected,,0,0
430,3890,2025-09-24 16:42:21,app,installment,4751,90,679,approved,2025-09-24 16:42:21,4751,90
431,2452,2025-09-24 14:32:58,web,short_term,2164,14,614,approved,2025-09-25 14:32:58,2164,14
432,2284,2025-04-23 17:10:06,app,installment,3122,60,632,approved,2025-04-24 17:10:06,3122,60
433,319,2024-12-15 04:02:17,app,installment,1454,180,553,approved,2024-12-16 04:02:17,1454,180
434,2455,2025-08-14 05:54:28,web,installment,651,90,501,rejected,,0,0
435,3532,2024-09-30 16:40:31,partner,short_term,650,7,555,rejected,,0,0
436,402,2025-05-11 05:59:59,partner,installment,2189,120,617,approved,2025-05-12 05:59:59,2189,120
437,4679,2025-04-12 17:04:39,app,installment,1861,90,532,rejected,,0,0
438,1728,2025-03-31 18:55:17,app,short_term,1931,7,528,approved,2025-04-01 18:55:17,1931,7
439,1505,2024-04-29 03:28:45,partner,installment,1631,180,566,rejected,,0,0
440,1426,2025-06-25 17:59:37,partner,short_term,852,21,414,rejected,,0,0
441,1677,2025-04-08 15:56:38,web,installment,3817,60,655,approved,2025-04-09 15:56:38,3817,60
442,4107,2024-11-17 18:12:45,app,short_term,1610,21,549,approved,2024-11-19 18:12:45,1610,21
443,3266,2024-08-14 01:11:33,app,short_term,1711,14,575,rejected,,0,0
444,3939,2024-10-27 09:29:39,app,short_term,762,21,514,rejected,,0,0
445,2711,2024-10-18 04:29:48,app,short_term,2888,21,623,approved,2024-10-18 04:29:48,2888,21
446,661,2024-04-09 12:52:31,web,short_term,4372,7,604,rejected,,0,0
447,1072,2024-07-27 04:43:01,app,installment,3232,120,597,rejected,,0,0
448,4699,2025-11-30 14:51:38,app,short_term,643,21,632,approved,2025-12-02 14:51:38,643,21
449,2035,2024-07-22 22:57:13,app,installment,554,60,576,rejected,,0,0
450,2768,2024-03-19 05:07:47,web,short_term,4794,14,560,rejected,,0,0
451,696,2024-05-21 09:10:11,app,installment,684,60,603,rejected,,0,0
452,3124,2025-12-16 00:00:54,web,short_term,4989,7,603,approved,2025-12-18 00:00:54,4989,7
453,1229,2025-08-09 08:35:11,app,installment,2678,90,587,approved,2025-08-09 08:35:11,2678,90
454,1616,2024-03-11 08:49:52,app,installment,616,90,632,approved,2024-03-12 08:49:52,616,90
455,4440,2025-03-29 09:59:56,web,installment,1591,60,625,approved,2025-03-29 09:59:56,1591,60
456,1839,2025-11-01 01:40:08,app,short_term,2037,21,536,approved,2025-11-02 01:40:08,2037,21
457,2212,2024-06-11 06:52:18,app,short_term,866,14,652,approved,2024-06-13 06:52:18,866,14
458,2110,2024-10-20 09:54:47,app,short_term,4902,30,652,rejected,,0,0
459,2743,2025-05-02 02:58:10,app,short_term,4973,30,571,rejected,,0,0
460,874,2025-11-11 04:48:28,web,short_term,4500,14,597,approved,2025-11-12 04:48:28,4482,14
461,1737,2025-10-03 08:55:58,app,short_term,4846,30,580,rejected,,0,0
462,3396,2025-03-08 15:06:30,web,installment,2030,120,582,approved,2025-03-08 15:06:30,2030,120
463,3823,2025-04-18 11:43:01,app,installment,1920,180,553,rejected,,0,0
464,2056,2024-09-25 18:36:08,app,short_term,4039,14,624,approved,2024-09-25 18:36:08,4039,14
465,443,2025-03-07 12:17:58,web,installment,3091,180,611,rejected,,0,0
466,2355,2024-03-23 08:27:00,app,installment,3501,90,550,rejected,,0,0
467,2751,2025-12-18 10:38:48,app,installment,677,90,640,approved,2025-12-18 10:38:48,677,90
468,2969,2025-06-18 01:44:11,app,installment,1182,90,604,rejected,,0,0
469,2859,2024-12-21 09:27:31,app,installment,4826,120,621,approved,2024-12-21 09:27:31,4826,120
470,3258,2025-03-26 04:56:45,web,installment,2245,60,645,rejected,,0,0
471,4084,2025-12-02 04:02:05,partner,short_term,2208,14,584,approved,2025-12-03 04:02:05,2208,14
472,1484,2024-12-18 13:17:51,partner,installment,4765,90,608,approved,2024-12-19 13:17:51,4765,90
473,4441,2025-03-30 00:05:12,app,short_term,1821,7,625,approved,2025-03-31 00:05:12,1821,7
474,4243,2025-02-20 02:59:28,app,short_term,4142,14,467,rejected,,0,0
475,830,2025-11-27 03:18:07,app,short_term,3365,14,603,approved,2025-11-27 03:18:07,3365,14
476,1268,2024-06-25 05:33:10,app,short_term,3383,14,579,rejected,,0,0
477,4804,2024-06-22 22:26:31,app,installment,4261,180,568,approved,2024-06-23 22:26:31,4261,180
478,2470,2025-04-11 16:43:54,app,installment,1729,120,577,rejected,,0,0
479,4991,2024-12-19 14:28:31,web,installment,4501,180,627,approved,2024-12-20 14:28:31,4501,180
480,517,2025-01-27 09:53:00,app,short_term,3367,21,580,rejected,,0,0
481,3203,2024-11-18 18:13:11,app,short_term,1679,7,644,approved,2024-11-18 18:13:11,1679,7
482,1193,2024-03-16 01:53:00,web,short_term,3781,14,610,approved,2024-03-18 01:53:00,3781,14
483,101,2024-08-04 10:37:39,web,short_term,807,7,543,rejected,,0,0
484,3765,2025-08-26 02:28:02,web,short_term,4487,21,621,approved,2025-08-28 02:28:02,4487,21
485,262,2025-02-01 06:48:14,app,short_term,3476,7,619,approved,2025-02-01 06:48:14,3476,7
486,2639,2025-02-15 14:06:31,app,short_term,751,21,584,approved,2025-02-16 14:06:31,751,21
487,4660,2025-11-04 17:28:03,app,installment,1996,180,569,approved,2025-11-05 17:28:03,1996,180
488,1473,2025-10-17 08:59:44,app,installment,2984,180,525,approved,2025-10-17 08:59:44,2984,180
489,4057,2025-12-15 04:57:08,app,short_term,1906,7,600,rejected,,0,0
490,463,2025-01-31 10:47:59,partner,installment,1728,120,495,rejected,,0,0
491,1757,2024-09-17 00:24:32,app,short_term,590,7,598,rejected,,0,0
492,3824,2025-11-06 02:41:18,web,short_term,4249,21,588,rejected,,0,0
493,1193,2024-10-17 22:30:13,app,installment,4162,90,581,rejected,,0,0
494,2259,2025-05-07 01:08:49,web,short_term,1402,14,556,rejected,,0,0
495,2553,2025-01-13 23:53:47,web,short_term,2998,21,564,approved,2025-01-15 23:53:47,2998,21
496,4715,2024-06-20 03:35:24,app,short_term,4667,30,605,rejected,,0,0
497,3871,2024-07-08 01:04:02,app,short_term,2588,14,552,approved,2024-07-10 01:04:02,2588,14
498,2597,2025-09-01 04:58:03,partner,installment,1232,120,557,rejected,,0,0
499,2516,2025-04-03 10:16:00,app,installment,3752,90,520,approved,2025-04-04 10:16:00,3752,90
500,1419,2024-05-14 11:03:22,app,installment,2723,180,592,rejected,,0,0
501,4242,2024-10-16 04:22:22,app,short_term,4405,30,548,rejected,,0,0
502,2066,2024-10-29 13:59:20,app,installment,2731,90,608,approved,2024-10-29 13:59:20,2731,90
503,293,2024-03-18 08:01:02,web,installment,4827,120,656,approved,2024-03-20 08:01:02,4827,120
504,3867,2025-08-28 17:04:48,app,short_term,971,30,558,approved,2025-08-29 17:04:48,971,30
505,4118,2025-08-18 14:41:51,app,short_term,4523,30,617,rejected,,0,0
506,1255,2024-10-03 23:56:10,app,short_term,4265,21,575,approved,2024-10-04 23:56:10,4265,21
507,574,2024-07-20 16:40:16,app,short_term,3366,7,610,rejected,,0,0
508,2219,2024-02-01 10:10:32,app,installment,3224,90,672,approved,2024-02-03 10:10:32,3224,90
509,3821,2025-02-21 14:42:22,app,installment,3793,90,549,approved,2025-02-23 14:42:22,3793,90
510,3365,2024-04-04 19:25:17,app,short_term,2544,7,592,rejected,,0,0
511,1103,2025-09-08 00:10:40,app,short_term,2502,7,587,rejected,,0,0
512,4811,2024-06-14 22:33:14,web,installment,1092,60,528,rejected,,0,0
513,3501,2024-12-21 01:11:09,web,short_term,3760,7,602,rejected,,0,0
514,4924,2024-03-03 03:41:51,web,installment,889,120,627,rejected,,0,0
515,4525,2024-09-22 20:24:46,app,short_term,4079,14,575,rejected,,0,0
516,901,2024-12-24 20:36:34,web,short_term,3139,14,619,approved,2024-12-24 20:36:34,3139,14
517,3731,2024-12-20 20:34:25,app,short_term,1635,30,637,approved,2024-12-20 20:34:25,1635,30
518,1533,2024-10-22 13:13:58,web,installment,2601,60,498,rejected,,0,0
519,1132,2024-05-14 15:57:43,app,short_term,1676,14,592,rejected,,0,0
520,4432,2024-10-24 03:56:09,partner,installment,4705,120,653,approved,2024-10-25 03:56:09,4705,120
521,1125,2025-01-04 05:38:50,app,installment,1255,180,577,approved,2025-01-06 05:38:50,1255,180
522,1050,2025-02-27 16:39:22,app,short_term,2250,21,519,rejected,,0,0
523,1131,2025-04-01 23:26:02,partner,installment,4659,90,596,approved,2025-04-01 23:26:02,4659,90
524,2237,2024-12-25 18:09:26,app,short_term,3193,7,585,rejected,,0,0
525,535,2025-07-30 02:49:18,app,short_term,3065,21,585,rejected,,0,0
526,559,2025-08-09 09:17:31,app,short_term,4065,30,586,approved,2025-08-09 09:17:31,4023,30
527,398,2025-02-28 01:32:26,partner,short_term,4371,14,600,rejected,,0,0
528,3717,2024-08-02 21:20:17,app,short_term,1856,7,580,approved,2024-08-04 21:20:17,1856,7
529,1072,2024-07-07 02:31:57,app,installment,4280,60,594,approved,2024-07-09 02:31:57,4280,60
530,2020,2024-10-18 22:46:53,app,installment,732,90,574,rejected,,0,0
531,808,2024-05-05 08:46:48,web,installment,3169,60,631,approved,2024-05-06 08:46:48,3169,60
532,4998,2024-09-06 15:49:11,app,installment,1477,120,641,approved,2024-09-08 15:49:11,1477,120
533,4522,2025-12-01 00:32:33,app,installment,3731,90,557,rejected,,0,0
534,2761,2024-05-11 13:07:25,app,installment,802,90,624,approved,2024-05-12 13:07:25,802,90
535,4329,2025-08-29 19:21:14,app,installment,1369,90,603,rejected,,0,0
536,2355,2024-12-17 14:01:14,app,short_term,4298,7,536,rejected,,0,0
537,4138,2025-01-20 01:01:13,web,installment,3045,120,632,approved,2025-01-22 01:01:13,3045,120
538,1924,2024-06-17 00:56:13,app,short_term,1860,30,585,approved,2024-06-19 00:56:13,1860,30
539,1896,2024-10-08 18:00:00,app,short_term,3875,21,563,rejected,,0,0
540,2816,2024-10-31 15:47:50,app,short_term,1962,7,609,approved,2024-10-31 15:47:50,1962,7
541,3415,2025-08-18 00:37:01,app,short_term,1594,30,543,rejected,,0,0
542,2702,2024-09-28 06:02:07,app,installment,2656,90,492,rejected,,0,0
543,1547,2024-05-06 04:20:12,app,short_term,4024,7,589,approved,2024-05-07 04:20:12,3747,7
544,1543,2025-11-21 14:22:51,app,installment,2382,180,667,approved,2025-11-22 14:22:51,2382,180
545,3035,2025-10-13 13:41:54,app,short_term,2529,7,571,rejected,,0,0
546,4686,2025-01-28 19:36:55,partner,short_term,3585,14,607,rejected,,0,0
547,4994,2025-12-15 10:36:54,app,short_term,2495,21,615,approved,2025-12-17 10:36:54,2495,21
548,4285,2025-10-04 04:10:10,app,installment,1538,60,582,rejected,,0,0
549,3087,2025-10-07 12:04:18,app,short_term,2906,14,584,rejected,,0,0
550,427,2024-06-13 12:10:51,app,short_term,1610,7,528,rejected,,0,0
551,2413,2025-09-04 05:42:49,web,installment,1989,180,530,rejected,,0,0
552,1503,2024-08-23 21:57:14,app,short_term,2482,30,435,rejected,,0,0
553,3790,2024-10-16 15:02:27,app,short_term,4347,7,585,approved,2024-10-16 15:02:27,3664,7
554,510,2024-02-03 13:16:43,app,short_term,2867,7,583,rejected,,0,0
555,4629,2024-10-21 19:02:13,partner,installment,4206,180,627,approved,2024-10-22 19:02:13,4206,180
556,2401,2025-08-06 22:49:54,app,short_term,4750,14,602,approved,2025-08-08 22:49:54,4750,14
557,2554,2025-11-10 02:26:41,app,short_term,2683,30,603,rejected,,0,0
558,4009,2024-06-18 07:18:04,partner,short_term,2881,14,669,approved,2024-06-18 07:18:04,2881,14
559,3336,2024-06-26 23:45:35,app,installment,2144,90,550,rejected,,0,0
560,3995,2025-07-24 08:31:31,app,short_term,1731,14,612,rejected,,0,0
561,3885,2024-12-14 02:10:05,app,short_term,2716,7,538,rejected,,0,0
562,4110,2024-02-28 21:18:05,app,short_term,3361,14,597,approved,2024-03-01 21:18:05,3361,14
563,926,2024-10-16 14:33:37,web,installment,2793,120,640,approved,2024-10-16 14:33:37,2793,120
564,1241,2024-07-02 01:21:56,app,short_term,774,30,613,rejected,,0,0
565,1601,2024-12-11 19:26:07,app,short_term,4915,21,625,rejected,,0,0
566,4670,2025-07-07 20:41:28,app,short_term,4761,14,607,approved,2025-07-09 20:41:28,4761,14
567,3504,2025-06-20 02:59:48,app,short_term,3402,14,578,rejected,,0,0
568,4709,2025-05-11 00:25:48,web,installment,3585,120,587,approved,2025-05-11 00:25:48,3585,120
569,3636,2025-05-15 21:18:03,app,installment,4488,60,562,approved,2025-05-15 21:18:03,4488,60
570,1466,2025-09-29 05:10:47,web,installment,4704,180,625,approved,2025-09-29 05:10:47,4704,180
571,2511,2024-06-03 06:00:26,app,installment,2860,180,572,approved,2024-06-04 06:00:26,2860,180
572,2037,2025-02-22 21:10:54,app,short_term,1270,7,544,rejected,,0,0
573,4045,2025-02-23 02:23:30,app,installment,1639,120,582,rejected,,0,0
574,4112,2024-06-30 21:46:46,app,installment,4860,120,625,approved,2024-07-01 21:46:46,4860,120
575,3371,2025-08-22 12:49:07,app,installment,4452,90,524,rejected,,0,0
576,1822,2025-09-30 23:09:03,app,installment,4041,180,566,rejected,,0,0
577,2409,2024-06-11 11:14:34,app,installment,4990,120,594,rejected,,0,0
578,1717,2024-09-03 08:21:43,app,short_term,1697,14,510,rejected,,0,0
579,4287,2025-02-20 22:56:21,app,short_term,3856,30,600,rejected,,0,0
580,2933,2024-01-28 17:34:28,app,short_term,1644,30,502,rejected,,0,0
581,42,2025-11-08 15:57:17,app,short_term,875,30,632,approved,2025-11-08 15:57:17,875,30
582,4177,2024-05-29 22:40:39,app,installment,2808,90,595,approved,2024-05-30 22:40:39,2808,90
583,2368,2025-05-09 18:30:17,app,short_term,1733,21,578,rejected,,0,0
584,944,2025-03-24 08:01:38,app,short_term,2426,30,629,approved,2025-03-25 08:01:38,2426,30
585,4476,2025-02-22 16:01:51,app,short_term,4872,30,611,approved,2025-02-24 16:01:51,4872,30
586,4123,2024-04-18 11:02:43,partner,short_term,1688,30,615,approved,2024-04-20 11:02:43,1688,30
587,1651,2025-08-19 19:40:25,app,short_term,4078,14,589,rejected,,0,0
588,4010,2024-04-10 01:13:07,app,short_term,771,21,597,approved,2024-04-11 01:13:07,771,21
589,3252,2025-10-17 09:07:04,app,short_term,3406,7,615,rejected,,0,0
590,4672,2024-01-30 20:00:59,app,installment,2462,180,616,approved,2024-01-31 20:00:59,2462,180
591,2948,2025-12-03 10:24:27,app,installment,2983,120,583,rejected,,0,0
592,878,2025-06-08 09:18:34,app,short_term,547,21,491,rejected,,0,0
593,2920,2024-05-02 11:42:26,app,installment,4490,180,569,approved,2024-05-04 11:42:26,3626,180
594,3420,2024-06-26 21:14:58,app,short_term,4120,7,647,rejected,,0,0
595,703,2025-08-20 14:05:40,app,installment,2388,60,607,approved,2025-08-20 14:05:40,2388,60
596,3647,2024-10-17 00:48:38,web,installment,4317,120,625,approved,2024-10-19 00:48:38,4317,120
597,4328,2024-09-27 02:58:16,app,short_term,2068,30,532,rejected,,0,0
598,154,2024-02-25 19:18:19,app,installment,3979,120,504,rejected,,0,0
599,941,2025-11-29 13:28:22,app,installment,2465,90,631,rejected,,0,0
600,1442,2025-09-25 02:02:13,web,installment,2766,60,668,approved,2025-09-25 02:02:13,2766,60
601,2318,2025-05-14 19:59:49,app,short_term,2927,14,560,approved,2025-05-14 19:59:49,2927,14
602,4474,2024-04-03 04:55:13,app,short_term,898,14,556,approved,2024-04-03 04:55:13,898,14
603,3241,2025-09-17 16:44:01,partner,installment,2702,90,559,rejected,,0,0
604,988,2025-05-30 17:37:32,web,short_term,1542,14,659,approved,2025-05-31 17:37:32,1542,14
605,362,2025-06-02 03:19:29,partner,short_term,4263,21,535,approved,2025-06-02 03:19:29,4263,21
606,4732,2024-02-05 21:09:45,app,short_term,3778,30,509,rejected,,0,0
607,937,2024-09-04 23:29:18,app,installment,3977,60,568,rejected,,0,0
608,2430,2025-01-01 16:52:19,app,installment,4565,90,619,approved,2025-01-01 16:52:19,4166,90
609,4577,2025-04-01 02:20:46,web,installment,884,60,619,approved,2025-04-03 02:20:46,884,60
610,481,2024-06-18 07:25:01,web,short_term,2481,30,608,approved,2024-06-20 07:25:01,2481,30
611,231,2024-10-02 13:12:41,partner,short_term,3871,7,635,approved,2024-10-02 13:12:41,2848,7
612,2838,2024-06-03 06:00:07,partner,short_term,3487,14,550,rejected,,0,0
613,1351,2025-09-11 04:17:59,partner,short_term,769,30,535,rejected,,0,0
614,1380,2025-10-12 19:31:05,app,short_term,1338,14,617,approved,2025-10-12 19:31:05,1338,14
615,101,2025-04-09 15:46:03,app,installment,3326,60,561,rejected,,0,0
616,3920,2024-11-15 06:41:14,app,installment,3228,120,601,rejected,,0,0
617,194,2025-03-13 01:29:30,app,short_term,988,21,577,rejected,,0,0
618,377,2024-04-14 05:53:03,app,short_term,4750,7,512,rejected,,0,0
619,4336,2024-05-18 06:35:02,partner,installment,1392,180,622,approved,2024-05-20 06:35:02,1392,180
620,1035,2024-07-30 09:06:58,app,installment,4354,90,607,rejected,,0,0
621,211,2025-08-07 13:19:23,app,installment,4338,180,482,rejected,,0,0
622,4648,2025-02-18 13:38:13,app,short_term,4729,30,611,rejected,,0,0
623,3955,2025-07-14 05:38:04,web,installment,922,90,601,approved,2025-07-16 05:38:04,922,90
624,69,2025-04-06 11:33:27,app,short_term,1233,14,491,rejected,,0,0
625,2742,2025-09-25 14:05:30,app,short_term,2485,14,613,rejected,,0,0
626,3086,2025-06-20 23:28:49,app,installment,4268,180,577,approved,2025-06-21 23:28:49,4268,180
627,797,2025-02-14 01:27:00,app,installment,3746,180,540,rejected,,0,0
628,3319,2024-01-23 21:33:46,web,short_term,616,21,601,approved,2024-01-25 21:33:46,616,21
629,52,2024-11-16 09:44:26,app,short_term,3761,30,543,rejected,,0,0
630,3359,2024-02-08 23:28:38,app,installment,2840,90,620,approved,2024-02-08 23:28:38,2840,90
631,438,2024-02-22 05:54:36,app,installment,1736,120,615,rejected,,0,0
632,1676,2024-02-02 08:26:27,web,installment,2552,60,626,approved,2024-02-04 08:26:27,2552,60
633,4231,2024-10-14 19:17:46,app,short_term,1527,7,560,rejected,,0,0
634,1340,2024-02-26 15:42:29,partner,short_term,2409,30,544,approved,2024-02-28 15:42:29,2409,30
635,2282,2025-04-20 06:18:00,web,installment,1407,120,620,approved,2025-04-22 06:18:00,1407,120
636,4598,2024-07-03 10:08:27,app,installment,3545,90,620,approved,2024-07-04 10:08:27,3304,90
637,3806,2024-01-23 05:19:34,app,short_term,4869,21,558,rejected,,0,0
638,4433,2024-04-05 22:20:11,app,installment,1876,60,585,rejected,,0,0
639,691,2025-07-03 23:51:01,partner,short_term,3405,21,613,rejected,,0,0
640,2780,2025-02-21 04:01:15,web,installment,3540,120,615,rejected,,0,0
641,4219,2025-10-06 23:51:14,app,short_term,4870,14,477,rejected,,0,0
642,4951,2025-05-21 20:36:32,app,short_term,3903,30,537,rejected,,0,0
643,1052,2024-12-12 16:51:17,app,installment,885,180,596,rejected,,0,0
644,1321,2025-08-24 08:25:33,app,short_term,2855,21,541,approved,2025-08-24 08:25:33,2855,21
645,3037,2025-02-05 14:51:01,web,short_term,3144,30,581,rejected,,0,0
646,2707,2025-11-24 17:42:06,app,installment,1543,180,616,approved,2025-11-24 17:42:06,1543,180
647,3250,2024-12-06 08:34:21,app,short_term,2481,21,545,rejected,,0,0
648,4605,2024-12-22 01:55:22,partner,short_term,3597,7,479,rejected,,0,0
649,1944,2025-01-07 11:18:33,web,short_term,3768,30,576,rejected,,0,0
650,1135,2024-11-24 11:30:44,app,installment,920,180,572,rejected,,0,0
651,2193,2024-06-23 21:33:17,app,installment,3903,90,549,rejected,,0,0
652,2037,2024-05-24 22:51:27,app,installment,1885,120,584,approved,2024-05-26 22:51:27,1885,120
653,263,2025-08-18 08:51:08,app,short_term,1349,30,592,rejected,,0,0
654,4183,2025-07-21 14:47:40,app,installment,1213,90,486,rejected,,0,0
655,3968,2025-01-28 21:11:08,app,short_term,735,30,541,rejected,,0,0
656,4756,2024-12-08 22:14:20,app,short_term,2281,14,605,approved,2024-12-09 22:14:20,2281,14
657,574,2025-04-24 05:11:33,app,installment,1294,120,597,rejected,,0,0
658,5,2024-11-12 00:58:15,web,short_term,3151,30,603,rejected,,0,0
659,2672,2025-12-18 01:09:43,app,short_term,2280,14,595,rejected,,0,0
660,1304,2024-08-31 07:59:55,app,installment,3195,90,623,rejected,,0,0
661,2413,2024-03-19 10:19:48,app,short_term,1399,21,561,rejected,,0,0
662,142,2024-11-05 16:28:07,partner,installment,1039,90,575,rejected,,0,0
663,2444,2024-12-27 18:42:58,app,installment,1098,60,592,rejected,,0,0
664,2879,2024-10-19 11:00:43,app,short_term,3592,14,564,approved,2024-10-21 11:00:43,3592,14
665,4133,2025-12-08 13:42:20,app,short_term,2606,7,599,rejected,,0,0
666,901,2025-06-23 07:11:34,app,installment,2924,180,625,approved,2025-06-24 07:11:34,2924,180
667,4225,2024-12-23 16:19:07,app,short_term,2903,21,599,rejected,,0,0
668,3192,2025-08-31 21:19:25,partner,installment,1860,120,604,approved,2025-09-02 21:19:25,1860,120
669,4104,2025-09-08 08:48:15,app,installment,2583,90,625,approved,2025-09-10 08:48:15,2583,90
670,3737,2024-03-01 03:15:22,app,short_term,1911,7,594,rejected,,0,0
671,4241,2025-01-14 22:18:43,web,short_term,993,21,521,rejected,,0,0
672,1085,2024-04-30 12:10:18,web,short_term,4073,30,653,approved,2024-05-01 12:10:18,4073,30
673,3061,2024-09-08 17:28:43,partner,installment,1311,180,647,approved,2024-09-09 17:28:43,1311,180
674,2704,2024-02-02 00:40:29,app,short_term,1461,30,592,rejected,,0,0
675,4393,2025-07-30 08:26:32,app,short_term,2996,7,503,rejected,,0,0
676,386,2025-02-11 12:02:28,app,short_term,1918,21,591,approved,2025-02-11 12:02:28,1918,21
677,1699,2024-07-19 01:39:11,app,short_term,1028,7,562,rejected,,0,0
678,4767,2024-06-27 01:11:09,app,short_term,4515,30,624,rejected,,0,0
679,2211,2025-12-19 01:17:27,app,short_term,2819,14,612,approved,2025-12-19 01:17:27,2819,14
680,3398,2024-10-06 05:02:35,app,short_term,3630,21,617,rejected,,0,0
681,3997,2025-10-06 15:04:20,app,installment,3223,60,551,rejected,,0,0
682,3205,2024-02-06 22:50:27,app,short_term,3179,14,587,rejected,,0,0
683,965,2024-10-26 10:31:01,app,short_term,3135,7,501,rejected,,0,0
684,4051,2024-11-13 13:46:52,app,short_term,3923,14,585,approved,2024-11-15 13:46:52,3923,14
685,2675,2025-04-07 20:52:33,app,installment,1980,60,626,approved,2025-04-09 20:52:33,1980,60
686,4119,2024-10-19 08:44:08,app,short_term,3746,21,602,rejected,,0,0
687,1564,2024-04-28 15:46:40,app,installment,2118,120,553,rejected,,0,0
688,1226,2025-08-10 05:44:17,app,installment,1930,90,495,rejected,,0,0
689,2040,2025-06-01 09:15:17,web,short_term,921,14,540,rejected,,0,0
690,2839,2024-04-18 03:46:30,partner,installment,3401,60,463,rejected,,0,0
691,957,2025-09-06 15:59:09,partner,short_term,1594,30,600,rejected,,0,0
692,1502,2024-06-13 20:35:55,app,installment,4948,120,593,rejected,,0,0
693,2462,2025-08-24 09:03:05,app,installment,4575,180,632,rejected,,0,0
694,3094,2025-04-20 20:19:26,partner,installment,1223,60,525,rejected,,0,0
695,4696,2024-06-22 22:03:33,web,short_term,2393,21,601,rejected,,0,0
696,1471,2025-01-20 19:26:10,app,installment,2524,60,621,rejected,,0,0
697,478,2024-03-25 15:30:30,app,installment,537,120,634,rejected,,0,0
698,3210,2025-05-02 21:19:22,app,installment,2636,120,602,rejected,,0,0
699,592,2024-11-14 05:49:16,web,short_term,1127,21,596,rejected,,0,0
700,3692,2024-11-10 13:19:56,web,short_term,2764,30,648,rejected,,0,0
701,538,2024-08-18 05:33:08,app,installment,2180,60,591,approved,2024-08-19 05:33:08,2180,60
702,1177,2024-03-14 06:06:29,web,installment,1485,60,568,approved,2024-03-15 06:06:29,1485,60
703,648,2024-04-15 05:57:38,app,short_term,1422,14,605,rejected,,0,0
704,4076,2025-02-07 06:57:55,partner,short_term,4615,30,634,approved,2025-02-09 06:57:55,4615,30
705,3525,2025-12-05 22:37:58,app,short_term,4609,30,520,rejected,,0,0
706,907,2025-03-23 07:06:11,web,installment,2283,60,566,rejected,,0,0
707,852,2024-08-27 03:19:40,app,installment,3120,60,614,rejected,,0,0
708,1886,2024-01-26 05:05:02,app,short_term,817,30,609,rejected,,0,0
709,2459,2025-10-03 06:09:15,app,short_term,4905,7,575,approved,2025-10-03 06:09:15,4905,7
710,343,2024-03-26 14:43:12,app,short_term,3820,7,552,rejected,,0,0
711,3041,2024-08-07 21:14:44,app,short_term,2649,21,615,rejected,,0,0
712,1383,2024-08-09 08:32:29,partner,short_term,2689,14,539,rejected,,0,0
713,3318,2024-05-19 23:58:29,app,short_term,4630,7,569,rejected,,0,0
714,3948,2024-08-31 00:39:50,web,short_term,4353,21,609,approved,2024-09-01 00:39:50,4266,21
715,4571,2025-12-03 14:14:53,web,installment,4676,60,566,rejected,,0,0
716,475,2024-05-11 20:38:57,partner,installment,1337,90,563,rejected,,0,0
717,1804,2024-07-30 17:38:29,partner,short_term,3617,7,531,rejected,,0,0
718,378,2025-09-24 04:04:28,app,installment,1909,60,588,approved,2025-09-25 04:04:28,1909,60
719,4270,2024-05-19 12:29:23,partner,installment,3761,60,603,rejected,,0,0
720,1060,2024-11-16 05:33:09,app,short_term,4962,30,644,approved,2024-11-17 05:33:09,4962,30
721,4862,2024-10-04 11:52:20,app,short_term,741,30,605,approved,2024-10-04 11:52:20,741,30
722,4745,2025-09-14 00:56:12,app,installment,675,90,610,approved,2025-09-15 00:56:12,675,90
723,1338,2025-03-29 07:43:25,app,short_term,3691,7,509,rejected,,0,0
724,1707,2025-01-10 07:04:16,web,short_term,3522,21,609,rejected,,0,0
725,360,2024-08-29 07:24:54,app,short_term,3636,21,552,rejected,,0,0
726,4815,2025-10-14 13:03:46,partner,short_term,4432,21,534,rejected,,0,0
727,2965,2024-05-22 17:36:51,app,short_term,3382,21,495,rejected,,0,0
728,2409,2024-12-03 20:49:38,web,installment,3254,120,602,approved,2024-12-04 20:49:38,3254,120
729,3777,2025-06-15 05:53:10,app,short_term,4500,7,590,approved,2025-06-17 05:53:10,3714,7
730,1720,2025-01-21 21:55:43,app,installment,2540,180,530,rejected,,0,0
731,4096,2024-09-27 08:24:19,app,short_term,3603,21,531,approved,2024-09-28 08:24:19,3603,21
732,4750,2024-07-14 21:50:28,app,short_term,4723,14,651,approved,2024-07-15 21:50:28,4723,14
733,2379,2024-10-17 14:20:18,app,short_term,500,7,566,rejected,,0,0
734,4674,2025-11-14 12:28:58,web,installment,2976,90,637,rejected,,0,0
735,3785,2025-08-27 09:52:38,app,short_term,2938,14,548,approved,2025-08-28 09:52:38,2938,14
736,4870,2025-10-24 14:44:01,app,short_term,1769,14,541,rejected,,0,0
737,427,2025-01-19 13:29:02,partner,installment,2816,180,533,rejected,,0,0
738,745,2024-03-03 12:45:53,web,short_term,1945,14,595,rejected,,0,0
739,4125,2024-10-29 11:28:50,partner,installment,4572,60,618,rejected,,0,0
740,1462,2024-05-20 02:11:53,partner,short_term,3767,21,547,rejected,,0,0
741,4098,2025-11-22 19:53:36,app,installment,2175,120,621,rejected,,0,0
742,3084,2025-04-15 22:23:46,app,short_term,4345,7,607,approved,2025-04-15 22:23:46,4298,7
743,4640,2025-03-20 04:53:56,app,short_term,4084,14,578,approved,2025-03-22 04:53:56,3555,14
744,313,2025-11-01 10:00:32,web,short_term,795,21,602,approved,2025-11-03 10:00:32,795,21
745,2864,2024-09-03 05:13:18,app,short_term,3320,7,617,approved,2024-09-04 05:13:18,3320,7
746,4545,2024-04-17 22:00:44,app,short_term,3574,7,577,rejected,,0,0
747,548,2024-04-14 16:33:09,app,installment,3828,120,570,rejected,,0,0
748,1582,2024-09-19 20:30:55,web,short_term,3723,14,596,rejected,,0,0
749,1350,2025-01-20 09:30:41,partner,short_term,3117,14,614,rejected,,0,0
750,3754,2024-04-01 18:09:27,app,installment,2338,90,598,approved,2024-04-01 18:09:27,2338,90
751,1279,2024-10-08 02:18:36,app,installment,2685,90,518,rejected,,0,0
752,2002,2025-01-17 09:17:52,app,short_term,4331,30,653,rejected,,0,0
753,4285,2024-10-09 07:25:06,app,installment,3268,60,562,rejected,,0,0
754,728,2024-03-19 08:03:05,app,short_term,630,7,546,rejected,,0,0
755,4378,2025-04-14 00:26:06,app,short_term,3345,21,558,rejected,,0,0
756,3346,2024-09-19 13:02:05,app,installment,4802,120,606,approved,2024-09-21 13:02:05,4802,120
757,176,2025-03-01 01:57:33,web,short_term,1228,7,614,rejected,,0,0
758,2709,2025-11-10 02:05:21,web,installment,540,180,660,approved,2025-11-12 02:05:21,540,180
759,4082,2025-09-16 12:56:25,app,short_term,848,7,636,rejected,,0,0
760,3681,2025-09-30 23:42:39,web,short_term,2388,7,546,rejected,,0,0
761,4599,2024-08-19 05:01:10,app,short_term,1375,7,579,approved,2024-08-19 05:01:10,1375,7
762,1946,2025-11-17 08:08:21,app,installment,3531,120,586,approved,2025-11-18 08:08:21,3531,120
763,2787,2025-06-28 12:08:19,app,installment,508,60,648,approved,2025-06-29 12:08:19,508,60
764,3446,2024-02-16 08:44:32,app,short_term,3458,14,584,approved,2024-02-18 08:44:32,3458,14
765,3642,2024-07-01 01:15:11,app,short_term,4873,14,549,approved,2024-07-01 01:15:11,2715,14
766,4703,2024-04-25 19:38:10,partner,short_term,1690,21,630,approved,2024-04-25 19:38:10,1690,21
767,2773,2024-03-11 23:51:04,app,installment,829,60,596,rejected,,0,0
768,87,2024-04-07 02:13:54,app,short_term,4303,7,525,rejected,,0,0
769,4494,2024-05-28 21:57:16,app,short_term,4215,21,578,rejected,,0,0
770,4511,2025-04-23 09:40:49,web,installment,3991,90,613,approved,2025-04-25 09:40:49,3991,90
771,2344,2025-11-26 13:05:22,app,short_term,1675,7,560,rejected,,0,0
772,4845,2025-07-31 02:21:59,partner,short_term,2892,14,621,approved,2025-08-01 02:21:59,2892,14
773,1627,2025-08-19 08:53:16,app,installment,3587,120,539,rejected,,0,0
774,3677,2025-12-06 08:54:08,partner,short_term,3391,21,523,rejected,,0,0
775,3242,2025-09-04 20:39:49,web,short_term,1637,21,539,rejected,,0,0
776,1754,2025-02-25 09:05:29,app,short_term,861,21,620,rejected,,0,0
777,2264,2025-07-31 13:40:16,app,short_term,4340,7,563,rejected,,0,0
778,3332,2025-06-05 03:31:27,partner,short_term,1999,21,593,rejected,,0,0
779,869,2025-09-02 23:40:30,partner,installment,2246,120,587,rejected,,0,0
780,2653,2024-04-04 21:52:55,app,installment,4331,90,626,rejected,,0,0
781,368,2025-03-14 15:57:39,partner,installment,4025,120,611,approved,2025-03-14 15:57:39,4025,120
782,2726,2024-12-23 11:18:04,app,installment,726,180,482,rejected,,0,0
783,3357,2025-09-04 09:39:11,partner,short_term,3326,7,596,rejected,,0,0
784,2386,2025-03-19 22:42:44,app,short_term,2527,30,564,rejected,,0,0
785,2906,2024-12-06 02:07:41,app,installment,2760,180,515,rejected,,0,0
786,3897,2025-03-31 03:53:34,app,short_term,2444,30,616,approved,2025-03-31 03:53:34,2444,30
787,1907,2024-01-26 16:47:23,app,short_term,3416,30,553,rejected,,0,0
788,2416,2024-06-17 20:48:11,app,short_term,2862,14,503,rejected,,0,0
789,931,2025-09-22 03:48:19,app,installment,910,120,576,rejected,,0,0
790,3495,2024-08-31 23:18:06,app,installment,539,90,611,approved,2024-08-31 23:18:06,539,90
791,828,2024-03-08 22:07:37,app,short_term,1088,30,582,approved,2024-03-10 22:07:37,1088,30
792,175,2025-05-16 14:02:21,app,short_term,2461,30,575,approved,2025-05-17 14:02:21,2461,30
793,2361,2024-06-09 03:46:39,app,installment,4470,120,514,rejected,,0,0
794,526,2024-12-02 08:04:59,app,installment,1554,90,543,rejected,,0,0
795,1202,2025-03-04 20:45:42,app,short_term,4091,7,586,approved,2025-03-06 20:45:42,4091,7
796,4138,2025-11-08 19:36:09,app,short_term,4746,14,641,rejected,,0,0
797,3297,2025-02-03 14:16:20,app,short_term,709,14,564,rejected,,0,0
798,4157,2025-04-30 12:46:56,app,short_term,1418,7,578,rejected,,0,0
799,3039,2024-05-10 10:48:13,web,short_term,4924,30,580,approved,2024-05-10 10:48:13,4192,30
800,3509,2024-07-31 22:41:54,app,installment,4225,60,533,rejected,,0,0
801,4046,2024-11-27 09:05:58,app,installment,920,60,604,rejected,,0,0
802,1922,2024-05-26 21:56:20,app,installment,1398,60,596,rejected,,0,0
803,4284,2025-02-14 00:12:54,partner,short_term,2084,30,587,rejected,,0,0
804,4574,2025-04-27 07:07:13,app,installment,1585,180,546,rejected,,0,0
805,4513,2024-04-03 20:21:37,app,short_term,3081,7,577,rejected,,0,0
806,1491,2025-08-19 16:04:51,partner,short_term,1922,21,548,rejected,,0,0
807,3771,2024-02-27 04:51:06,partner,short_term,906,7,644,approved,2024-02-28 04:51:06,906,7
808,1639,2024-09-12 17:03:23,app,short_term,3515,14,582,rejected,,0,0
809,856,2025-05-28 15:41:22,app,installment,1736,120,583,rejected,,0,0
810,2004,2025-11-03 21:15:55,web,short_term,4557,14,529,rejected,,0,0
811,1564,2025-12-01 12:43:41,partner,short_term,2629,21,569,rejected,,0,0
812,196,2025-05-18 15:36:51,web,short_term,2676,30,514,rejected,,0,0
813,4573,2025-11-30 13:06:30,app,installment,4618,60,573,rejected,,0,0
814,1107,2025-12-21 14:59:53,app,short_term,1731,21,533,rejected,,0,0
815,3396,2024-12-07 22:05:58,web,installment,3556,90,605,approved,2024-12-09 22:05:58,3556,90
816,369,2024-12-09 23:02:24,app,short_term,4217,21,582,approved,2024-12-09 23:02:24,4217,21
817,2482,2024-05-28 14:23:53,app,installment,4377,180,632,approved,2024-05-29 14:23:53,4377,180
818,2657,2025-03-02 21:43:02,app,installment,4943,90,584,rejected,,0,0
819,1130,2025-06-06 22:24:42,app,short_term,1051,30,638,approved,2025-06-07 22:24:42,1051,30
820,3477,2025-03-15 00:11:10,app,short_term,4139,21,640,approved,2025-03-16 00:11:10,4139,21
821,1134,2025-01-13 00:25:01,app,installment,3797,120,559,approved,2025-01-13 00:25:01,3797,120
822,2951,2025-05-19 23:04:34,app,short_term,2659,7,603,approved,2025-05-20 23:04:34,2659,7
823,2235,2025-05-27 08:48:05,app,short_term,4266,30,597,rejected,,0,0
824,3327,2024-10-16 02:41:18,app,installment,4127,120,592,approved,2024-10-17 02:41:18,4127,120
825,1989,2025-01-03 09:29:12,app,installment,3723,60,595,approved,2025-01-05 09:29:12,3723,60
826,4100,2025-04-21 07:44:51,app,short_term,813,14,581,approved,2025-04-21 07:44:51,813,14
827,3060,2025-04-08 02:08:06,web,installment,1422,180,508,rejected,,0,0
828,4903,2024-05-16 01:51:16,web,short_term,3363,14,592,rejected,,0,0
829,1556,2024-02-22 06:26:47,app,short_term,516,21,543,rejected,,0,0
830,630,2025-10-07 19:34:18,app,installment,2168,90,539,approved,2025-10-07 19:34:18,2168,90
831,1017,2024-05-28 10:18:37,app,installment,3024,180,612,approved,2024-05-30 10:18:37,3024,180
832,741,2025-02-28 08:06:00,app,short_term,1082,30,614,approved,2025-02-28 08:06:00,1082,30
833,3579,2025-03-20 01:59:55,app,short_term,2280,7,582,rejected,,0,0
834,4223,2024-08-15 10:26:53,app,installment,3084,60,627,rejected,,0,0
835,3454,2025-05-11 02:28:09,app,short_term,1636,14,679,approved,2025-05-12 02:28:09,1636,14
836,2845,2024-12-01 00:20:28,app,installment,4861,90,658,approved,2024-12-01 00:20:28,4861,90
837,1237,2024-09-18 00:23:40,app,short_term,3588,7,575,rejected,,0,0
838,4775,2025-11-30 19:14:34,web,short_term,1427,7,492,rejected,,0,0
839,3942,2024-12-21 19:35:16,web,installment,3077,60,572,rejected,,0,0
840,1998,2024-10-26 13:58:53,app,short_term,4920,21,611,approved,2024-10-28 13:58:53,4920,21
841,4408,2025-07-04 17:27:34,app,short_term,2636,7,628,rejected,,0,0
842,3685,2025-11-24 11:35:43,web,installment,2623,180,569,rejected,,0,0
843,10,2025-01-19 02:30:53,app,short_term,1242,21,522,rejected,,0,0
844,1698,2025-06-17 17:42:41,app,short_term,3617,14,600,approved,2025-06-19 17:42:41,3617,14
845,2499,2024-03-16 06:39:00,web,short_term,2026,14,585,rejected,,0,0
846,3395,2024-08-05 11:57:25,app,short_term,1547,30,564,rejected,,0,0
847,1537,2024-06-24 21:15:07,app,installment,2409,120,482,rejected,,0,0
848,3111,2025-07-27 19:52:24,app,short_term,4666,14,602,approved,2025-07-27 19:52:24,4666,14
849,3113,2025-01-24 16:13:33,app,short_term,4293,21,570,rejected,,0,0
850,2748,2025-10-06 20:02:20,app,short_term,4943,21,480,rejected,,0,0
851,1905,2024-07-13 08:02:52,web,installment,2125,120,598,approved,2024-07-15 08:02:52,2125,120
852,1457,2024-09-01 22:16:41,app,short_term,2639,21,582,approved,2024-09-03 22:16:41,2639,21
853,1004,2025-12-19 06:26:08,app,short_term,4388,7,635,approved,2025-12-21 06:26:08,4388,7
854,4282,2025-04-09 01:06:02,web,installment,2050,180,590,rejected,,0,0
855,1691,2025-02-19 02:47:20,app,installment,3189,90,541,rejected,,0,0
856,570,2025-05-10 19:58:33,app,short_term,2484,7,580,rejected,,0,0
857,3743,2024-06-26 13:15:24,web,short_term,3480,7,591,approved,2024-06-28 13:15:24,3480,7
858,4298,2024-10-23 16:22:06,partner,installment,1936,180,604,rejected,,0,0
859,3718,2025-04-05 11:46:24,app,short_term,3889,30,603,rejected,,0,0
860,1297,2025-07-02 09:16:38,web,short_term,619,30,637,approved,2025-07-04 09:16:38,619,30
861,2915,2024-04-06 22:36:37,web,short_term,661,21,499,rejected,,0,0
862,3996,2025-01-13 05:46:59,web,short_term,4938,14,577,rejected,,0,0
863,2641,2025-06-28 00:07:32,web,short_term,929,7,607,approved,2025-06-30 00:07:32,929,7
864,4788,2024-12-17 22:39:42,app,installment,907,60,542,rejected,,0,0
865,4216,2024-02-09 03:21:18,web,short_term,3994,30,600,approved,2024-02-10 03:21:18,3994,30
866,382,2024-04-24 04:16:17,app,installment,2058,180,576,approved,2024-04-24 04:16:17,2058,180
867,4714,2024-04-21 21:47:07,app,short_term,1530,14,590,rejected,,0,0
868,2443,2025-01-06 15:02:36,app,installment,4155,60,564,rejected,,0,0
869,441,2024-11-05 14:58:06,app,short_term,1845,14,608,rejected,,0,0
870,4839,2024-07-12 15:00:54,app,short_term,731,7,608,rejected,,0,0
871,1758,2024-04-01 11:17:15,app,installment,1209,90,528,rejected,,0,0
872,98,2025-03-07 11:06:46,app,short_term,1087,21,597,rejected,,0,0
873,975,2024-07-11 03:13:04,web,installment,1995,60,566,rejected,,0,0
874,108,2024-09-06 11:23:35,app,installment,3944,90,634,approved,2024-09-06 11:23:35,3944,90
875,2313,2025-01-20 14:19:46,partner,installment,4800,180,524,rejected,,0,0
876,2396,2025-06-24 13:03:15,web,short_term,1323,7,593,rejected,,0,0
877,369,2025-02-15 22:58:10,app,short_term,3586,21,578,rejected,,0,0
878,2617,2025-06-19 00:10:46,partner,installment,4644,120,575,rejected,,0,0
879,4812,2024-10-02 19:56:56,app,installment,3461,60,582,rejected,,0,0
880,3168,2025-04-01 11:23:35,app,short_term,651,14,546,rejected,,0,0
881,4621,2024-03-15 18:59:11,web,installment,4562,120,610,approved,2024-03-16 18:59:11,4562,120
882,3547,2024-10-19 18:00:13,app,installment,3871,60,606,approved,2024-10-19 18:00:13,3871,60
883,2228,2025-08-24 04:55:01,web,short_term,844,21,576,rejected,,0,0
884,821,2024-02-10 09:29:58,partner,installment,805,90,570,rejected,,0,0
885,3016,2024-12-22 15:05:27,app,installment,878,120,579,rejected,,0,0
886,1083,2024-10-01 01:23:51,app,short_term,1009,14,535,rejected,,0,0
887,947,2025-05-18 18:20:43,web,short_term,4967,30,504,rejected,,0,0
888,304,2024-11-13 20:06:44,app,short_term,761,7,620,rejected,,0,0
889,4692,2024-04-29 12:27:28,app,short_term,4802,14,589,approved,2024-04-29 12:27:28,4006,14
890,163,2025-05-12 21:01:58,web,short_term,912,21,591,approved,2025-05-12 21:01:58,912,21
891,3927,2025-09-16 09:24:54,partner,short_term,1361,30,575,approved,2025-09-18 09:24:54,1361,30
892,1891,2024-11-27 13:07:25,web,installment,2618,90,611,rejected,,0,0
893,4739,2025-04-24 11:21:04,app,short_term,4432,14,610,approved,2025-04-24 11:21:04,4432,14
894,4325,2025-04-17 00:08:01,app,installment,3779,120,693,approved,2025-04-18 00:08:01,3779,120
895,1734,2024-04-28 17:36:12,app,short_term,4303,21,572,rejected,,0,0
896,2885,2025-03-12 23:35:37,app,short_term,1691,14,605,rejected,,0,0
897,4575,2024-07-19 17:43:09,app,installment,4223,120,556,approved,2024-07-21 17:43:09,4223,120
898,2047,2024-08-02 12:57:26,app,installment,4056,60,525,rejected,,0,0
899,3103,2025-04-21 12:47:06,web,short_term,671,30,587,rejected,,0,0
900,447,2025-07-15 10:38:31,app,short_term,4105,14,613,approved,2025-07-16 10:38:31,4105,14
901,3158,2024-11-07 02:35:30,app,installment,2875,90,594,approved,2024-11-07 02:35:30,2875,90
902,3666,2025-06-12 05:44:53,app,installment,1858,180,604,approved,2025-06-13 05:44:53,1858,180
903,1819,2024-04-07 10:10:49,app,short_term,4684,30,590,rejected,,0,0
904,4485,2024-05-19 21:56:40,app,installment,4784,60,585,rejected,,0,0
905,3820,2025-04-15 01:50:25,app,short_term,3178,30,605,approved,2025-04-16 01:50:25,3178,30
906,340,2025-01-07 13:34:09,partner,short_term,689,21,602,approved,2025-01-07 13:34:09,689,21
907,4336,2024-10-26 08:51:38,app,short_term,2749,7,662,approved,2024-10-28 08:51:38,2749,7
908,3431,2024-03-01 19:08:23,app,installment,1004,90,608,rejected,,0,0
909,3820,2025-04-08 12:22:05,app,short_term,3781,7,596,rejected,,0,0
910,3204,2024-10-23 04:02:22,app,installment,669,90,566,rejected,,0,0
911,1028,2025-05-02 14:14:26,app,short_term,1477,21,509,rejected,,0,0
912,4524,2024-03-29 11:19:58,app,installment,2094,180,567,rejected,,0,0
913,3689,2024-12-09 03:49:29,app,short_term,3633,7,583,rejected,,0,0
914,2692,2024-06-15 14:38:04,web,short_term,2655,21,593,approved,2024-06-16 14:38:04,2655,21
915,2042,2024-07-01 11:26:31,app,short_term,1513,14,609,approved,2024-07-01 11:26:31,1513,14
916,675,2024-10-19 23:46:05,web,short_term,755,21,647,rejected,,0,0
917,3415,2025-10-27 22:11:45,web,short_term,3203,21,558,rejected,,0,0
918,2304,2025-10-31 20:12:12,app,short_term,2302,30,654,approved,2025-11-01 20:12:12,2302,30
919,4174,2025-11-15 09:59:19,web,installment,2395,180,578,approved,2025-11-16 09:59:19,2395,180
920,4820,2025-01-26 14:06:12,app,short_term,3134,21,577,rejected,,0,0
921,4020,2024-09-08 20:38:48,app,short_term,3337,30,629,approved,2024-09-09 20:38:48,3337,30
922,3162,2024-07-19 05:01:18,app,installment,2050,90,541,rejected,,0,0
923,697,2025-04-16 15:38:38,partner,short_term,1757,14,601,approved,2025-04-18 15:38:38,1757,14
924,434,2024-06-17 01:32:40,app,short_term,3229,7,556,approved,2024-06-19 01:32:40,3229,7
925,1957,2025-05-07 06:59:49,app,short_term,3652,7,597,rejected,,0,0
926,2524,2024-11-18 21:49:39,app,short_term,2094,21,623,approved,2024-11-18 21:49:39,2094,21
927,1935,2024-11-29 04:09:58,partner,short_term,2809,21,550,approved,2024-12-01 04:09:58,2809,21
928,3080,2025-05-16 22:49:30,app,short_term,4987,21,574,rejected,,0,0
929,1422,2024-11-20 16:05:55,app,short_term,3357,21,597,approved,2024-11-20 16:05:55,3357,21
930,867,2024-11-28 04:35:07,app,short_term,931,21,513,rejected,,0,0
931,2316,2025-10-12 02:21:41,app,short_term,3832,7,633,approved,2025-10-12 02:21:41,3832,7
932,4083,2025-10-15 23:11:50,app,installment,2334,90,602,approved,2025-10-16 23:11:50,2334,90
933,3805,2024-09-16 16:51:59,app,installment,2578,120,692,rejected,,0,0
934,236,2025-07-25 02:26:48,web,installment,903,120,557,rejected,,0,0
935,1444,2024-08-15 18:35:33,app,short_term,862,14,579,approved,2024-08-16 18:35:33,862,14
936,3647,2025-06-03 15:24:44,app,short_term,1399,21,631,approved,2025-06-04 15:24:44,1399,21
937,272,2025-11-03 02:19:09,app,installment,3406,120,611,approved,2025-11-03 02:19:09,3406,120
938,2291,2024-02-11 12:20:12,app,short_term,895,7,623,approved,2024-02-11 12:20:12,895,7
939,4455,2024-07-31 22:34:22,web,installment,3025,60,656,approved,2024-08-02 22:34:22,3025,60
940,2686,2025-05-24 01:05:56,web,short_term,2955,7,620,approved,2025-05-25 01:05:56,2955,7
941,4094,2024-10-26 22:43:26,app,installment,4245,90,587,approved,2024-10-26 22:43:26,4245,90
942,2280,2024-08-08 14:11:35,web,installment,1403,180,635,approved,2024-08-09 14:11:35,1403,180
943,1158,2025-12-14 23:36:35,app,short_term,3064,21,617,rejected,,0,0
944,935,2024-05-18 07:19:33,web,installment,3084,180,598,approved,2024-05-20 07:19:33,3084,180
945,4859,2024-10-22 13:50:26,app,installment,3982,90,607,rejected,,0,0
946,2572,2024-05-10 06:22:05,app,installment,1702,180,609,approved,2024-05-12 06:22:05,1702,180
947,1135,2025-11-10 10:26:16,web,installment,2843,60,579,rejected,,0,0
948,77,2025-08-21 21:05:50,app,installment,1805,120,589,approved,2025-08-23 21:05:50,1805,120
949,1063,2024-12-27 15:14:58,web,short_term,2266,21,665,approved,2024-12-27 15:14:58,2266,21
950,4858,2025-03-25 14:26:46,web,short_term,2525,7,493,rejected,,0,0
951,2284,2024-03-21 04:19:26,app,short_term,3767,30,624,approved,2024-03-23 04:19:26,3767,30
952,1093,2025-06-14 01:13:50,web,installment,913,60,596,approved,2025-06-16 01:13:50,913,60
953,2607,2024-04-18 23:16:57,app,installment,4326,180,672,rejected,,0,0
954,3432,2024-12-21 19:40:53,app,installment,3198,180,610,approved,2024-12-23 19:40:53,3198,180
955,4492,2025-08-15 04:25:32,app,short_term,4889,14,656,approved,2025-08-17 04:25:32,4889,14
956,2544,2025-10-11 11:01:26,web,short_term,1001,30,457,rejected,,0,0
957,2903,2025-10-03 19:49:27,app,installment,581,60,599,approved,2025-10-04 19:49:27,581,60
958,1056,2025-11-20 23:22:20,web,short_term,660,21,525,rejected,,0,0
959,2717,2024-10-07 14:13:44,app,short_term,4672,30,615,rejected,,0,0
960,1544,2025-06-23 14:49:19,partner,short_term,4777,14,655,approved,2025-06-24 14:49:19,4777,14
961,2214,2024-11-03 04:38:11,app,short_term,1155,21,547,rejected,,0,0
962,1099,2025-11-24 19:51:51,web,short_term,1077,7,615,approved,2025-11-26 19:51:51,1077,7
963,1364,2025-12-15 00:04:25,app,short_term,4104,7,583,approved,2025-12-15 00:04:25,4104,7
964,4387,2025-11-13 21:56:17,app,short_term,4288,30,520,approved,2025-11-14 21:56:17,4288,30
965,1473,2025-04-13 17:32:22,app,short_term,4160,21,546,rejected,,0,0
966,801,2024-05-02 09:32:57,app,short_term,1461,30,620,approved,2024-05-03 09:32:57,1461,30
967,1638,2025-08-15 06:30:45,partner,short_term,2915,7,624,approved,2025-08-17 06:30:45,2915,7
968,335,2025-02-21 06:15:00,web,installment,997,120,589,rejected,,0,0
969,3050,2024-02-28 13:42:44,app,installment,3754,60,627,approved,2024-02-29 13:42:44,3754,60
970,3007,2025-06-05 22:32:05,app,short_term,2773,14,609,rejected,,0,0
971,2124,2024-09-09 13:20:36,app,installment,2856,90,592,approved,2024-09-11 13:20:36,2856,90
972,1766,2024-08-23 18:00:07,app,short_term,3362,30,589,rejected,,0,0
973,4340,2025-07-07 08:54:55,app,installment,4827,90,604,rejected,,0,0
974,2142,2025-02-24 09:39:14,web,installment,2951,90,599,rejected,,0,0
975,4664,2024-02-01 01:04:20,app,short_term,1219,7,532,approved,2024-02-02 01:04:20,1219,7
976,2375,2024-07-05 06:13:57,web,installment,1211,60,595,rejected,,0,0
977,4117,2024-03-14 06:40:36,partner,short_term,3006,30,549,rejected,,0,0
978,4831,2025-07-17 16:30:14,app,installment,4845,180,558,rejected,,0,0
979,3671,2024-07-17 09:11:02,app,short_term,1383,7,542,rejected,,0,0
980,592,2024-06-22 19:24:50,app,installment,3676,60,571,rejected,,0,0
981,1633,2025-11-24 06:11:46,partner,short_term,1820,21,546,rejected,,0,0
982,199,2025-03-12 20:45:01,web,installment,3328,60,540,approved,2025-03-14 20:45:01,3279,60
983,1078,2025-04-22 18:51:21,app,short_term,2158,21,569,approved,2025-04-24 18:51:21,2158,21
984,4213,2025-09-22 06:20:39,app,installment,2481,90,590,rejected,,0,0
985,1867,2024-08-17 16:46:04,partner,installment,783,60,530,rejected,,0,0
986,3576,2025-10-16 15:38:41,app,installment,886,180,614,rejected,,0,0
987,4864,2025-07-25 16:38:56,app,short_term,1401,14,618,rejected,,0,0
988,923,2024-08-28 21:22:35,app,short_term,1855,14,628,approved,2024-08-30 21:22:35,1855,14
989,2234,2025-08-19 11:34:14,app,installment,2620,180,619,rejected,,0,0
990,2588,2024-08-24 08:59:06,partner,short_term,1692,7,570,approved,2024-08-24 08:59:06,1692,7
991,1000,2024-12-15 10:35:32,web,installment,1202,60,595,approved,2024-12-17 10:35:32,1202,60
992,362,2024-05-10 23:39:38,partner,short_term,2791,14,517,rejected,,0,0
993,3108,2025-05-09 16:06:50,web,installment,1087,180,570,rejected,,0,0
994,3098,2024-11-13 06:49:10,app,short_term,2643,14,673,approved,2024-11-15 06:49:10,2643,14
995,1913,2024-03-30 17:18:40,partner,short_term,903,14,609,rejected,,0,0
996,3062,2025-09-24 06:55:30,app,short_term,2431,7,581,approved,2025-09-26 06:55:30,2431,7
997,364,2024-09-27 18:22:19,partner,short_term,3553,7,508,rejected,,0,0
998,3240,2024-02-10 22:38:07,app,installment,954,60,597,rejected,,0,0
999,1111,2024-11-02 20:44:13,web,short_term,4423,30,627,approved,2024-11-03 20:44:13,4423,30
1000,1410,2024-12-24 12:44:12,app,short_term,4587,30,620,approved,2024-12-26 12:44:12,4587,30
1001,3139,2024-12-10 10:28:17,app,installment,1754,180,564,approved,2024-12-10 10:28:17,1754,180
1002,2734,2025-10-02 10:26:22,app,installment,892,60,638,approved,2025-10-03 10:26:22,892,60
1003,2007,2024-09-07 04:35:49,app,short_term,3858,7,532,rejected,,0,0
1004,3010,2024-11-06 15:56:50,app,installment,1469,90,632,approved,2024-11-06 15:56:50,1469,90
1005,4844,2024-12-13 07:11:12,web,short_term,3063,30,590,approved,2024-12-14 07:11:12,3063,30
1006,673,2025-03-05 01:38:11,app,short_term,1004,14,614,rejected,,0,0
1007,1590,2024-03-20 16:05:49,web,installment,4743,180,585,approved,2024-03-21 16:05:49,4743,180
1008,4800,2025-11-02 10:54:59,app,short_term,2779,14,572,approved,2025-11-04 10:54:59,2484,14
1009,4111,2025-08-16 13:17:49,app,short_term,2395,30,590,rejected,,0,0
1010,4233,2025-09-06 23:47:17,app,installment,2232,120,587,rejected,,0,0
1011,2667,2024-10-31 13:40:41,web,short_term,3342,7,601,approved,2024-11-02 13:40:41,3342,7
1012,4424,2025-07-21 00:40:37,web,short_term,4478,14,616,approved,2025-07-21 00:40:37,3399,14
1013,1499,2025-02-08 00:51:20,app,installment,4401,60,630,approved,2025-02-09 00:51:20,3723,60
1014,3808,2025-02-16 00:31:01,web,short_term,966,14,498,rejected,,0,0
1015,4005,2025-02-11 14:56:55,web,short_term,3738,14,587,approved,2025-02-11 14:56:55,3738,14
1016,3957,2024-07-26 12:35:19,app,short_term,2745,21,620,approved,2024-07-27 12:35:19,2745,21
1017,4775,2024-06-05 03:15:26,web,installment,845,180,517,rejected,,0,0
1018,2342,2025-05-15 21:26:46,app,short_term,4203,14,599,rejected,,0,0
1019,591,2025-03-04 23:51:25,app,installment,2490,180,639,approved,2025-03-06 23:51:25,2490,180
1020,2463,2024-11-10 02:23:51,app,installment,3011,180,571,rejected,,0,0
1021,3433,2025-12-11 19:02:39,app,installment,522,90,552,rejected,,0,0
1022,4219,2025-09-16 20:53:33,app,installment,1127,90,439,rejected,,0,0
1023,1261,2024-02-24 14:07:07,app,short_term,4784,21,587,approved,2024-02-25 14:07:07,4784,21
1024,443,2024-12-21 04:20:11,app,short_term,3467,21,616,rejected,,0,0
1025,3642,2025-06-28 20:23:34,app,installment,915,90,551,rejected,,0,0
1026,946,2025-11-11 18:04:17,app,short_term,3886,30,601,approved,2025-11-11 18:04:17,3886,30
1027,928,2024-08-06 09:07:55,partner,short_term,3958,30,614,approved,2024-08-06 09:07:55,3958,30
1028,1841,2025-10-12 02:41:14,web,short_term,818,14,570,rejected,,0,0
1029,3752,2025-09-15 14:09:37,app,installment,2014,60,534,rejected,,0,0
1030,2168,2025-08-18 00:53:14,web,short_term,3820,7,520,rejected,,0,0
1031,2430,2024-12-27 23:35:36,web,short_term,4828,21,590,approved,2024-12-29 23:35:36,4166,21
1032,4179,2024-11-27 16:50:47,partner,short_term,2121,14,545,rejected,,0,0
1033,1642,2025-09-18 11:36:15,app,short_term,3937,30,608,approved,2025-09-18 11:36:15,3937,30
1034,4907,2025-02-23 15:12:34,app,installment,1573,60,596,approved,2025-02-25 15:12:34,1573,60
1035,2709,2024-12-10 14:39:49,web,short_term,4983,30,602,approved,2024-12-11 14:39:49,4958,30
1036,4035,2024-07-18 17:53:26,app,installment,980,60,591,rejected,,0,0
1037,2266,2024-08-25 18:20:26,partner,short_term,3823,30,591,rejected,,0,0
1038,495,2024-02-08 08:22:34,app,short_term,2160,21,576,rejected,,0,0
1039,1061,2025-05-20 18:34:23,app,short_term,2573,14,608,approved,2025-05-21 18:34:23,2573,14
1040,2732,2025-03-05 16:49:18,web,short_term,3942,21,522,rejected,,0,0
1041,4601,2024-05-18 02:36:32,web,installment,4062,120,605,approved,2024-05-20 02:36:32,3033,120
1042,3591,2025-02-10 18:19:53,app,installment,1831,60,514,rejected,,0,0
1043,4813,2024-02-19 17:17:16,app,installment,3078,60,531,approved,2024-02-21 17:17:16,3078,60
1044,2778,2025-03-08 23:44:43,app,installment,1052,120,515,rejected,,0,0
1045,2958,2024-12-26 17:39:58,app,installment,2775,120,556,rejected,,0,0
1046,2219,2025-07-28 20:28:25,app,installment,1535,90,648,approved,2025-07-28 20:28:25,1535,90
1047,1168,2024-03-10 19:14:21,web,installment,2945,120,563,rejected,,0,0
1048,2128,2024-02-09 03:46:51,app,short_term,4844,30,623,rejected,,0,0
1049,2775,2024-02-06 09:35:17,app,short_term,2067,14,592,approved,2024-02-08 09:35:17,2067,14
1050,3128,2025-04-06 07:15:49,app,short_term,2217,14,661,approved,2025-04-06 07:15:49,2217,14
1051,1926,2025-09-13 04:13:44,app,installment,4063,180,552,rejected,,0,0
1052,3174,2024-03-31 04:07:17,app,installment,4834,180,557,rejected,,0,0
1053,4198,2024-02-11 15:57:14,app,installment,2426,90,605,approved,2024-02-13 15:57:14,2426,90
1054,1536,2025-03-30 17:32:13,app,short_term,4707,7,590,approved,2025-03-31 17:32:13,4707,7
1055,4772,2025-06-19 02:28:43,partner,short_term,3499,14,618,rejected,,0,0
1056,2083,2024-05-15 15:36:39,web,installment,4071,120,566,rejected,,0,0
1057,2193,2024-04-20 11:17:28,web,short_term,1612,30,576,rejected,,0,0
1058,765,2025-11-04 08:54:20,web,installment,1149,60,595,rejected,,0,0
1059,3248,2025-06-20 19:11:25,web,installment,4072,60,595,rejected,,0,0
1060,4419,2025-10-14 00:07:54,app,installment,4470,120,515,rejected,,0,0
1061,1932,2024-12-11 18:36:43,web,short_term,2549,21,585,approved,2024-12-13 18:36:43,2549,21
1062,4347,2025-12-16 13:46:53,app,installment,938,90,593,approved,2025-12-16 13:46:53,938,90
1063,4769,2024-11-28 02:48:45,app,installment,2496,180,608,rejected,,0,0
1064,3300,2024-09-15 02:49:31,app,short_term,971,30,624,rejected,,0,0
1065,1498,2024-06-28 15:24:52,app,short_term,4241,14,638,rejected,,0,0
1066,4874,2024-10-02 05:42:39,web,installment,1951,90,599,approved,2024-10-03 05:42:39,1951,90
1067,1445,2025-11-06 12:59:01,app,short_term,4142,7,472,rejected,,0,0
1068,2438,2025-12-03 16:37:16,app,installment,1976,120,626,approved,2025-12-05 16:37:16,1976,120
1069,2343,2024-03-24 11:19:42,app,installment,4416,180,532,rejected,,0,0
1070,4397,2024-06-01 14:51:56,app,installment,2075,120,628,approved,2024-06-02 14:51:56,2075,120
1071,4804,2025-02-09 23:29:25,partner,short_term,600,7,598,rejected,,0,0
1072,3722,2025-03-26 04:37:32,partner,short_term,1693,7,551,rejected,,0,0
1073,1561,2025-04-20 04:49:02,app,installment,845,120,532,rejected,,0,0
1074,888,2024-05-24 07:55:12,web,installment,2207,60,617,rejected,,0,0
1075,1641,2025-01-22 20:44:08,partner,short_term,3053,14,567,rejected,,0,0
1076,4336,2024-04-02 01:37:24,app,short_term,2196,30,620,rejected,,0,0
1077,2586,2024-11-27 09:09:47,app,short_term,736,14,635,rejected,,0,0
1078,843,2024-10-17 05:56:29,web,installment,1749,90,582,approved,2024-10-18 05:56:29,1749,90
1079,2497,2025-12-19 13:54:12,app,installment,3443,180,633,approved,2025-12-19 13:54:12,3443,180
1080,3108,2025-05-28 11:27:08,app,short_term,507,21,570,rejected,,0,0
1081,2207,2024-04-09 02:20:33,app,short_term,4179,30,644,approved,2024-04-11 02:20:33,4179,30
1082,865,2024-10-18 21:01:24,app,installment,3453,120,545,approved,2024-10-19 21:01:24,3453,120
1083,483,2024-12-24 02:23:50,app,short_term,2493,14,615,approved,2024-12-25 02:23:50,2493,14
1084,4769,2024-09-22 07:56:52,app,short_term,2573,30,657,approved,2024-09-22 07:56:52,2573,30
1085,4796,2025-07-17 10:37:41,app,short_term,1108,7,577,rejected,,0,0
1086,3315,2025-04-26 22:13:25,app,installment,1415,180,538,rejected,,0,0
1087,1611,2024-12-03 16:10:10,app,short_term,3464,14,666,rejected,,0,0
1088,640,2024-03-16 05:27:43,web,short_term,1392,30,577,rejected,,0,0
1089,883,2024-09-11 05:07:12,app,short_term,2467,21,655,approved,2024-09-13 05:07:12,2467,21
1090,547,2025-11-01 17:57:45,app,short_term,696,21,605,approved,2025-11-02 17:57:45,696,21
1091,1218,2024-01-25 14:51:52,app,short_term,2872,7,589,rejected,,0,0
1092,955,2025-10-08 22:32:59,app,installment,2033,90,593,approved,2025-10-08 22:32:59,2033,90
1093,3736,2024-05-13 14:33:23,web,installment,4471,90,638,approved,2024-05-14 14:33:23,4471,90
1094,2720,2024-03-01 22:53:53,web,installment,4020,120,645,rejected,,0,0
1095,4122,2024-05-29 17:22:43,app,short_term,2243,30,630,rejected,,0,0
1096,254,2024-09-19 19:06:34,app,short_term,4990,30,571,rejected,,0,0
1097,2152,2024-04-12 12:01:53,web,short_term,4665,30,593,approved,2024-04-13 12:01:53,4665,30
1098,4679,2025-05-06 10:36:47,web,short_term,4750,14,527,rejected,,0,0
1099,382,2025-06-17 21:13:15,app,installment,3700,90,570,rejected,,0,0
1100,1004,2024-04-16 02:50:10,app,installment,3263,120,618,rejected,,0,0
1101,3418,2024-06-22 22:15:37,app,short_term,1884,7,567,approved,2024-06-24 22:15:37,1884,7
1102,2486,2024-03-01 20:17:54,app,installment,2977,120,594,rejected,,0,0
1103,1950,2024-11-08 04:04:27,app,short_term,4056,21,585,approved,2024-11-09 04:04:27,4056,21
1104,3521,2025-10-23 11:29:09,app,installment,4549,60,594,rejected,,0,0
1105,4414,2025-05-07 07:50:31,partner,short_term,1159,30,596,approved,2025-05-07 07:50:31,1159,30
1106,3743,2025-09-18 19:31:22,app,short_term,1263,7,607,rejected,,0,0
1107,4023,2025-01-06 22:39:01,web,short_term,1216,30,607,approved,2025-01-08 22:39:01,1216,30
1108,2508,2024-02-24 21:52:03,app,short_term,2300,14,548,rejected,,0,0
1109,709,2024-03-01 09:45:23,app,short_term,2148,7,591,rejected,,0,0
1110,556,2025-06-28 08:12:18,app,short_term,2266,21,570,rejected,,0,0
1111,2021,2024-05-06 06:46:44,partner,installment,702,120,657,approved,2024-05-07 06:46:44,702,120
1112,936,2024-10-09 21:35:58,app,installment,4633,90,608,approved,2024-10-09 21:35:58,4633,90
1113,4020,2024-08-25 05:18:49,web,short_term,2766,30,624,rejected,,0,0
1114,4408,2025-07-13 10:21:04,partner,short_term,2020,21,614,rejected,,0,0
1115,3266,2025-01-24 22:32:07,app,short_term,2510,30,568,rejected,,0,0
1116,188,2024-07-09 01:53:09,app,installment,2624,180,568,approved,2024-07-11 01:53:09,2624,180
1117,4224,2024-08-17 04:40:56,app,short_term,3064,14,586,approved,2024-08-17 04:40:56,3064,14
1118,2032,2024-08-21 08:56:55,app,short_term,2496,7,594,rejected,,0,0
1119,677,2025-02-05 04:27:51,web,installment,2756,180,642,approved,2025-02-07 04:27:51,2756,180
1120,2174,2024-12-12 03:29:39,app,installment,2368,90,525,rejected,,0,0
1121,2128,2025-09-08 15:33:43,app,short_term,804,7,593,rejected,,0,0
1122,4832,2025-05-25 23:12:17,partner,installment,858,180,512,rejected,,0,0
1123,974,2024-05-14 15:23:28,partner,short_term,1584,21,543,rejected,,0,0
1124,4038,2024-08-24 08:09:34,app,short_term,4741,7,629,rejected,,0,0
1125,452,2025-06-13 03:07:18,app,installment,1362,60,630,approved,2025-06-15 03:07:18,1362,60
1126,3637,2025-01-06 23:55:33,app,short_term,753,7,534,rejected,,0,0
1127,3256,2025-06-04 01:09:59,app,installment,3502,180,582,rejected,,0,0
1128,2424,2024-03-04 19:57:02,app,installment,2454,120,585,rejected,,0,0
1129,544,2024-06-09 17:44:43,app,short_term,4516,14,571,rejected,,0,0
1130,3382,2025-11-15 14:15:43,web,installment,1271,180,559,rejected,,0,0
1131,79,2025-11-28 11:40:04,partner,short_term,524,14,595,rejected,,0,0
1132,1238,2024-08-12 12:33:16,app,short_term,905,7,494,rejected,,0,0
1133,3748,2024-04-23 13:13:38,app,installment,1523,120,578,rejected,,0,0
1134,1154,2024-07-11 11:21:41,app,short_term,4652,14,538,rejected,,0,0
1135,1904,2024-11-13 06:55:49,web,installment,3004,180,591,approved,2024-11-14 06:55:49,3004,180
1136,3446,2025-08-01 15:11:49,partner,short_term,1637,7,581,rejected,,0,0
1137,2110,2025-01-18 02:51:02,app,short_term,4522,21,602,approved,2025-01-20 02:51:02,4522,21
1138,1864,2025-07-17 14:37:06,app,installment,616,90,585,rejected,,0,0
1139,1104,2025-07-20 07:21:26,app,short_term,559,7,526,rejected,,0,0
1140,2545,2024-09-10 03:01:58,app,short_term,3561,14,604,approved,2024-09-12 03:01:58,3561,14
1141,3040,2025-02-10 06:53:05,web,short_term,2236,7,629,approved,2025-02-11 06:53:05,2236,7
1142,1386,2025-10-21 06:17:56,app,installment,4673,120,656,rejected,,0,0
1143,1650,2025-04-15 03:08:23,app,installment,3912,60,657,approved,2025-04-17 03:08:23,3912,60
1144,692,2024-05-04 17:21:35,web,short_term,1772,21,653,approved,2024-05-05 17:21:35,1772,21
1145,2391,2024-11-18 10:37:47,app,installment,2333,120,593,rejected,,0,0
1146,2220,2024-10-11 05:52:01,app,short_term,4825,7,631,approved,2024-10-11 05:52:01,4825,7
1147,482,2025-02-09 10:49:14,app,short_term,3060,30,636,approved,2025-02-10 10:49:14,3060,30
1148,4947,2024-03-17 01:47:20,partner,short_term,2348,30,642,rejected,,0,0
1149,4571,2024-07-15 00:59:36,partner,short_term,931,30,537,rejected,,0,0
1150,499,2025-05-25 08:16:24,web,installment,2854,90,635,rejected,,0,0
1151,97,2025-09-15 07:23:03,web,installment,1454,120,514,rejected,,0,0
1152,2552,2025-10-15 18:09:55,app,short_term,1125,7,637,rejected,,0,0
1153,1207,2025-01-24 01:26:22,web,installment,3926,180,490,rejected,,0,0
1154,1466,2025-05-19 17:36:18,app,short_term,2030,21,622,approved,2025-05-19 17:36:18,2030,21
1155,3805,2025-06-11 15:09:16,app,short_term,3739,21,697,approved,2025-06-11 15:09:16,3739,21
1156,2071,2025-09-11 23:10:41,app,installment,3172,90,607,approved,2025-09-13 23:10:41,3172,90
1157,3394,2025-08-01 12:42:31,app,installment,3314,180,533,rejected,,0,0
1158,2929,2025-04-10 05:13:33,app,short_term,4766,21,625,approved,2025-04-11 05:13:33,4766,21
1159,1359,2025-08-03 15:52:28,app,installment,3842,180,629,approved,2025-08-04 15:52:28,3842,180
1160,1987,2024-02-04 12:26:23,web,short_term,2344,14,428,rejected,,0,0
1161,2248,2024-02-01 00:17:21,partner,short_term,4981,21,622,rejected,,0,0
1162,719,2025-01-14 02:06:35,app,installment,2562,180,597,rejected,,0,0
1163,4223,2025-11-07 09:28:44,app,short_term,3169,7,625,rejected,,0,0
1164,1758,2024-09-20 17:39:43,app,short_term,2306,14,532,rejected,,0,0
1165,1914,2024-10-07 12:49:05,app,installment,4090,90,621,approved,2024-10-09 12:49:05,3378,90
1166,2725,2025-11-24 13:28:14,web,installment,1766,90,554,rejected,,0,0
1167,2205,2024-11-06 01:45:06,web,installment,2134,60,475,rejected,,0,0
1168,3699,2025-07-17 04:06:01,app,short_term,3651,30,620,approved,2025-07-18 04:06:01,3651,30
1169,4662,2024-05-31 22:44:26,partner,short_term,2711,7,649,rejected,,0,0
1170,957,2025-10-10 08:31:45,app,installment,4306,60,594,rejected,,0,0
1171,3032,2024-08-22 03:30:54,app,short_term,1228,7,624,approved,2024-08-22 03:30:54,1228,7
1172,2721,2025-05-06 00:35:55,app,short_term,2047,30,524,approved,2025-05-07 00:35:55,2047,30
1173,2008,2025-02-08 10:42:10,app,short_term,2636,14,598,approved,2025-02-10 10:42:10,2636,14
1174,4418,2024-08-26 22:01:17,app,short_term,2607,30,609,rejected,,0,0
1175,2363,2025-04-02 19:32:24,web,installment,4334,90,525,rejected,,0,0
1176,4918,2025-11-01 19:22:54,web,short_term,2189,30,576,approved,2025-11-03 19:22:54,2189,30
1177,872,2025-07-11 07:10:34,app,installment,3081,60,601,approved,2025-07-13 07:10:34,3081,60
1178,1552,2025-09-18 19:38:40,app,short_term,1107,7,609,rejected,,0,0
1179,2514,2025-07-13 19:13:42,app,installment,4717,180,545,rejected,,0,0
1180,1116,2024-09-16 07:00:58,app,short_term,2317,14,620,approved,2024-09-16 07:00:58,2317,14
1181,916,2024-11-04 20:41:13,app,short_term,2886,7,623,rejected,,0,0
1182,4182,2025-10-29 23:55:11,app,installment,1682,120,581,approved,2025-10-31 23:55:11,1682,120
1183,3003,2025-04-11 16:25:27,app,short_term,1985,14,540,approved,2025-04-12 16:25:27,1985,14
1184,4786,2024-09-18 23:38:50,app,installment,3062,90,598,rejected,,0,0
1185,849,2025-03-09 22:50:23,app,short_term,1089,21,506,rejected,,0,0
1186,4501,2025-05-13 21:09:33,app,short_term,2502,21,605,approved,2025-05-13 21:09:33,2502,21
1187,3759,2024-11-16 16:17:42,web,short_term,4279,14,579,rejected,,0,0
1188,1888,2025-04-28 03:55:47,app,installment,3104,60,674,approved,2025-04-28 03:55:47,3104,60
1189,3940,2025-07-09 05:09:57,app,short_term,4475,7,605,rejected,,0,0
1190,3612,2024-07-06 08:29:51,app,installment,1111,60,484,rejected,,0,0
1191,4795,2024-02-28 18:53:02,partner,short_term,4594,14,579,approved,2024-02-28 18:53:02,4594,14
1192,1306,2025-12-16 21:28:11,app,short_term,4820,7,598,rejected,,0,0
1193,213,2025-11-03 11:06:53,app,short_term,507,7,568,approved,2025-11-03 11:06:53,507,7
1194,2950,2025-07-06 23:23:10,app,short_term,4749,7,585,approved,2025-07-08 23:23:10,4749,7
1195,3934,2024-10-02 23:46:57,web,short_term,4788,30,588,rejected,,0,0
1196,3172,2025-10-02 20:58:02,partner,installment,3362,180,475,rejected,,0,0
1197,4116,2024-12-12 14:59:38,app,short_term,2836,7,607,approved,2024-12-14 14:59:38,2836,7
1198,3713,2024-10-08 04:40:06,app,short_term,1384,30,557,rejected,,0,0
1199,3330,2025-07-03 08:13:11,web,installment,2204,60,607,approved,2025-07-05 08:13:11,2204,60
1200,4920,2025-11-24 08:24:29,partner,short_term,4410,21,587,approved,2025-11-24 08:24:29,4410,21
1201,3819,2025-09-25 23:07:43,app,short_term,3917,30,556,rejected,,0,0
1202,3766,2024-11-24 19:17:45,app,installment,2255,120,602,approved,2024-11-26 19:17:45,2255,120
1203,126,2024-08-01 12:25:17,web,short_term,2267,14,508,rejected,,0,0
1204,7,2024-09-15 09:27:03,app,short_term,2312,14,618,rejected,,0,0
1205,4249,2025-01-14 13:23:51,app,installment,1568,90,563,rejected,,0,0
1206,2241,2024-09-06 16:54:53,web,short_term,1932,14,623,rejected,,0,0
1207,3425,2024-11-30 21:14:15,app,installment,3467,90,615,rejected,,0,0
1208,3625,2025-02-27 04:49:39,web,short_term,781,30,639,rejected,,0,0
1209,3490,2024-03-04 21:29:33,app,installment,1652,90,580,rejected,,0,0
1210,4540,2025-06-30 14:47:58,app,short_term,1226,14,600,approved,2025-07-01 14:47:58,1226,14
1211,146,2025-09-08 07:22:16,web,short_term,702,7,596,approved,2025-09-08 07:22:16,702,7
1212,843,2025-09-07 02:07:29,app,installment,635,60,591,rejected,,0,0
1213,4584,2024-06-14 00:35:14,app,short_term,1685,7,615,approved,2024-06-15 00:35:14,1685,7
1214,482,2025-03-03 13:55:55,app,short_term,1082,7,581,approved,2025-03-05 13:55:55,1082,7
1215,1839,2024-03-26 17:13:30,app,short_term,2965,7,559,approved,2024-03-27 17:13:30,2965,7
1216,1894,2024-07-20 21:09:37,app,short_term,2260,7,647,approved,2024-07-20 21:09:37,2260,7
1217,710,2025-07-28 19:30:11,app,short_term,4337,7,563,rejected,,0,0
1218,3380,2024-02-12 10:32:40,app,short_term,1112,7,570,rejected,,0,0
1219,2040,2025-01-04 15:59:25,partner,short_term,969,30,532,rejected,,0,0
1220,3130,2025-10-12 17:35:08,web,short_term,1048,14,589,approved,2025-10-14 17:35:08,1048,14
1221,3966,2025-07-27 17:13:27,app,installment,1737,180,564,rejected,,0,0
1222,1167,2024-03-12 14:40:35,app,installment,1354,120,643,approved,2024-03-13 14:40:35,1354,120
1223,1336,2025-01-21 12:08:54,app,short_term,4106,21,645,approved,2025-01-22 12:08:54,4106,21
1224,1990,2024-08-06 11:18:41,app,short_term,4004,21,591,rejected,,0,0
1225,4853,2024-02-10 19:55:52,app,short_term,3823,21,537,rejected,,0,0
1226,3518,2024-04-11 14:17:30,app,short_term,1778,21,543,rejected,,0,0
1227,2232,2024-09-09 18:40:18,partner,installment,3830,90,564,rejected,,0,0
1228,2919,2024-11-20 10:10:29,app,short_term,2826,14,624,approved,2024-11-22 10:10:29,2826,14
1229,512,2025-09-14 06:52:56,app,installment,996,120,640,approved,2025-09-16 06:52:56,996,120
1230,3850,2025-11-13 21:23:11,web,short_term,3200,7,572,approved,2025-11-13 21:23:11,3200,7
1231,1162,2025-11-26 06:23:52,app,installment,1318,180,589,rejected,,0,0
1232,570,2025-09-21 08:02:10,app,installment,1750,60,564,approved,2025-09-22 08:02:10,1750,60
1233,3425,2024-05-07 04:13:45,app,short_term,4574,7,590,approved,2024-05-07 04:13:45,4574,7
1234,4932,2024-12-17 15:41:20,app,installment,3338,90,592,rejected,,0,0
1235,4079,2024-08-09 10:22:24,web,installment,1669,90,615,approved,2024-08-09 10:22:24,1669,90
1236,2946,2025-07-09 12:50:30,app,installment,652,90,612,rejected,,0,0
1237,2910,2024-06-13 16:38:38,app,installment,1019,60,569,approved,2024-06-15 16:38:38,1019,60
1238,2,2024-06-29 16:43:16,app,short_term,3473,14,565,approved,2024-06-29 16:43:16,3315,14
1239,3078,2024-10-13 14:38:41,web,installment,4743,180,605,approved,2024-10-15 14:38:41,4743,180
1240,3584,2025-10-06 05:57:04,app,short_term,2927,14,536,rejected,,0,0
1241,2123,2025-11-26 06:25:59,app,short_term,793,7,572,rejected,,0,0
1242,277,2024-04-15 07:39:25,web,short_term,4858,30,580,approved,2024-04-17 07:39:25,4858,30
1243,4526,2024-02-04 13:56:48,app,short_term,4114,30,564,rejected,,0,0
1244,996,2025-04-30 18:01:12,partner,short_term,3615,7,605,approved,2025-04-30 18:01:12,3615,7
1245,4340,2024-06-20 00:12:43,app,short_term,1755,7,592,rejected,,0,0
1246,3211,2024-02-22 09:10:45,web,installment,947,180,598,rejected,,0,0
1247,2996,2025-02-16 18:42:28,partner,installment,4900,60,576,approved,2025-02-17 18:42:28,4900,60
1248,1601,2024-11-08 00:46:34,web,installment,3769,60,583,approved,2024-11-10 00:46:34,3769,60
1249,1709,2025-09-10 13:49:37,app,short_term,4261,7,585,rejected,,0,0
1250,4286,2024-07-26 21:34:42,app,short_term,4482,14,648,approved,2024-07-28 21:34:42,4482,14
1251,4726,2025-08-04 08:44:21,web,short_term,3422,21,587,approved,2025-08-04 08:44:21,3422,21
1252,4441,2025-04-23 16:24:45,partner,short_term,3672,21,619,approved,2025-04-23 16:24:45,3672,21
1253,3698,2024-02-19 15:12:44,app,short_term,645,14,571,rejected,,0,0
1254,3459,2025-12-14 19:50:50,app,installment,3808,180,487,rejected,,0,0
1255,3825,2024-10-12 10:36:07,web,short_term,1804,7,614,approved,2024-10-13 10:36:07,1804,7
1256,4547,2024-09-28 10:09:18,app,short_term,1371,14,601,approved,2024-09-29 10:09:18,1371,14
1257,1571,2024-06-23 07:41:07,web,short_term,4645,7,600,approved,2024-06-24 07:41:07,4558,7
1258,234,2025-10-21 08:13:33,app,short_term,2385,21,584,approved,2025-10-23 08:13:33,2385,21
1259,2231,2025-10-12 07:19:07,app,short_term,1801,21,535,rejected,,0,0
1260,2055,2025-03-25 04:53:33,app,short_term,4223,21,591,rejected,,0,0
1261,2892,2025-05-28 17:02:26,partner,short_term,1737,30,591,approved,2025-05-30 17:02:26,1737,30
1262,2428,2025-09-28 07:04:59,app,short_term,3947,14,537,rejected,,0,0
1263,3476,2024-12-07 00:33:22,web,short_term,1434,21,599,approved,2024-12-07 00:33:22,1434,21
1264,1673,2024-10-07 03:31:31,app,short_term,919,7,535,approved,2024-10-09 03:31:31,919,7
1265,3672,2024-09-18 01:23:32,app,short_term,2996,14,626,approved,2024-09-18 01:23:32,2996,14
1266,1477,2025-01-17 14:10:22,partner,installment,4417,180,628,approved,2025-01-19 14:10:22,4417,180
1267,2062,2025-04-30 06:56:55,app,installment,2157,120,564,rejected,,0,0
1268,1357,2024-03-18 20:24:08,web,installment,1846,120,619,rejected,,0,0
1269,2210,2024-07-23 09:30:21,web,short_term,3693,21,575,approved,2024-07-25 09:30:21,3693,21
1270,2967,2024-06-29 21:22:56,app,short_term,2534,21,548,rejected,,0,0
1271,2429,2024-02-25 07:50:27,app,short_term,577,14,643,approved,2024-02-26 07:50:27,577,14
1272,2325,2024-04-07 00:44:35,app,installment,713,90,645,rejected,,0,0
1273,2876,2024-10-26 15:06:53,app,installment,2499,90,544,approved,2024-10-27 15:06:53,2499,90
1274,4010,2025-02-16 21:09:12,app,installment,3103,60,614,approved,2025-02-17 21:09:12,3103,60
1275,717,2025-05-03 14:37:37,app,short_term,2965,30,680,approved,2025-05-05 14:37:37,2965,30
1276,2347,2024-06-29 21:26:13,app,installment,3593,60,580,approved,2024-07-01 21:26:13,3593,60
1277,288,2025-04-21 05:19:09,app,installment,2239,120,625,rejected,,0,0
1278,780,2025-09-01 20:04:39,app,short_term,2164,30,603,approved,2025-09-01 20:04:39,2164,30
1279,4951,2025-04-11 20:04:59,web,short_term,2994,21,549,rejected,,0,0
1280,3754,2025-01-24 23:47:44,app,short_term,3945,30,624,rejected,,0,0
1281,4210,2024-08-13 01:55:23,app,installment,1547,120,647,rejected,,0,0
1282,339,2024-10-19 16:12:08,app,short_term,3695,30,588,approved,2024-10-21 16:12:08,3695,30
1283,2125,2024-10-23 11:36:24,app,short_term,2900,30,525,rejected,,0,0
1284,2454,2024-03-02 03:56:53,app,installment,1274,60,572,approved,2024-03-03 03:56:53,1274,60
1285,3722,2025-11-24 21:53:59,web,short_term,4953,7,560,approved,2025-11-25 21:53:59,3290,7
1286,1333,2024-12-12 04:26:49,app,short_term,781,30,589,rejected,,0,0
1287,286,2024-08-23 10:51:45,app,short_term,2949,30,664,approved,2024-08-25 10:51:45,2949,30
1288,3174,2024-11-28 13:39:23,partner,installment,1672,180,545,rejected,,0,0
1289,1340,2024-06-28 20:32:44,app,short_term,1348,30,532,rejected,,0,0
1290,2900,2024-04-09 11:47:16,web,short_term,1683,21,547,approved,2024-04-10 11:47:16,1683,21
1291,4665,2024-10-29 00:22:55,partner,short_term,2326,7,581,rejected,,0,0
1292,1437,2025-09-23 18:48:42,app,installment,534,60,643,approved,2025-09-25 18:48:42,534,60
1293,4867,2024-04-28 06:45:08,app,installment,2147,90,612,approved,2024-04-28 06:45:08,2147,90
1294,3782,2024-03-28 07:50:53,app,short_term,4076,14,615,approved,2024-03-30 07:50:53,4076,14
1295,620,2025-04-22 13:15:53,partner,short_term,1589,30,651,approved,2025-04-23 13:15:53,1589,30
1296,1571,2024-05-11 20:14:21,web,short_term,3251,14,631,rejected,,0,0
1297,4449,2024-10-07 09:34:49,app,short_term,564,7,622,approved,2024-10-08 09:34:49,564,7
1298,3550,2024-11-13 22:20:01,app,installment,982,120,599,approved,2024-11-13 22:20:01,982,120
1299,2603,2024-10-05 20:05:08,app,short_term,2392,21,530,rejected,,0,0
1300,418,2025-09-26 22:29:13,app,short_term,3368,21,653,approved,2025-09-28 22:29:13,3368,21
1301,2865,2024-01-29 14:50:54,app,short_term,1029,14,481,rejected,,0,0
1302,4127,2024-05-22 01:08:18,app,short_term,2846,14,600,approved,2024-05-23 01:08:18,2846,14
1303,3364,2024-04-19 18:38:04,app,short_term,4276,21,619,approved,2024-04-19 18:38:04,4276,21
1304,4569,2025-04-22 21:14:38,app,installment,1658,60,601,approved,2025-04-22 21:14:38,1658,60
1305,592,2024-11-09 11:18:01,app,short_term,3784,21,588,approved,2024-11-10 11:18:01,3784,21
1306,107,2024-05-28 21:54:56,app,short_term,3329,7,572,rejected,,0,0
1307,4866,2024-06-08 02:37:31,partner,short_term,1003,21,623,approved,2024-06-08 02:37:31,1003,21
1308,4715,2024-11-08 10:22:00,web,installment,823,90,591,approved,2024-11-09 10:22:00,823,90
1309,1889,2024-06-22 12:17:08,app,short_term,3463,14,651,rejected,,0,0
1310,1496,2025-03-06 13:34:48,web,installment,609,180,572,rejected,,0,0
1311,2527,2024-06-21 06:34:21,app,short_term,2100,7,563,approved,2024-06-22 06:34:21,2100,7
1312,2161,2024-08-15 07:09:34,app,short_term,3893,30,534,rejected,,0,0
1313,757,2025-04-26 04:52:52,web,short_term,931,14,649,rejected,,0,0
1314,2510,2024-06-05 14:22:22,app,installment,3589,90,618,approved,2024-06-05 14:22:22,3589,90
1315,4482,2024-02-21 04:16:43,app,installment,1528,90,571,rejected,,0,0
1316,4051,2025-10-13 21:30:51,app,installment,4289,90,572,approved,2025-10-13 21:30:51,4289,90
1317,740,2025-10-09 01:39:03,web,installment,2177,180,572,rejected,,0,0
1318,1454,2025-03-26 06:35:08,partner,installment,4278,90,569,rejected,,0,0
1319,2564,2024-12-01 00:25:19,app,short_term,2960,21,536,rejected,,0,0
1320,2753,2024-11-06 04:10:49,app,installment,2598,60,605,rejected,,0,0
1321,4952,2024-04-23 02:14:40,app,short_term,3373,14,576,approved,2024-04-23 02:14:40,3373,14
1322,827,2024-08-17 15:47:57,app,short_term,666,21,557,rejected,,0,0
1323,455,2024-03-23 00:51:41,app,installment,2235,180,564,rejected,,0,0
1324,3667,2025-12-09 06:31:44,web,short_term,2420,7,528,rejected,,0,0
1325,4294,2025-02-10 13:12:53,app,short_term,2883,7,638,approved,2025-02-10 13:12:53,2883,7
1326,3355,2024-12-01 12:22:36,app,installment,4949,180,563,rejected,,0,0
1327,2859,2024-12-02 16:31:43,web,installment,1566,180,621,approved,2024-12-02 16:31:43,1566,180
1328,2445,2025-02-09 00:55:57,web,short_term,1041,14,580,approved,2025-02-09 00:55:57,1041,14
1329,2575,2025-05-01 16:27:39,app,short_term,4440,21,589,rejected,,0,0
1330,4866,2025-12-22 13:24:55,app,short_term,3368,7,581,rejected,,0,0
1331,533,2025-04-11 01:56:31,app,installment,4016,60,538,rejected,,0,0
1332,1832,2025-12-02 16:13:58,web,short_term,3281,14,570,approved,2025-12-02 16:13:58,3281,14
1333,2993,2025-08-12 13:50:05,app,installment,1155,120,616,rejected,,0,0
1334,251,2025-07-03 01:39:20,app,short_term,1140,14,619,rejected,,0,0
1335,3310,2024-07-09 05:29:36,app,installment,1993,90,503,rejected,,0,0
1336,4428,2024-07-09 21:14:52,app,short_term,4426,30,605,approved,2024-07-11 21:14:52,4426,30
1337,3701,2025-10-05 00:28:13,app,short_term,1727,7,567,approved,2025-10-07 00:28:13,1727,7
1338,2901,2025-02-17 13:32:45,app,installment,2373,180,583,rejected,,0,0
1339,4233,2025-05-12 12:24:40,app,short_term,3257,7,604,approved,2025-05-14 12:24:40,3257,7
1340,4506,2024-10-22 00:25:28,app,installment,1911,180,634,approved,2024-10-22 00:25:28,1911,180
1341,1632,2024-09-14 01:32:23,web,short_term,4809,21,574,approved,2024-09-16 01:32:23,3369,21
1342,4444,2025-04-27 15:25:34,app,installment,1288,120,633,approved,2025-04-28 15:25:34,1288,120
1343,1520,2025-01-05 18:02:38,app,installment,2182,90,611,approved,2025-01-06 18:02:38,2182,90
1344,4011,2025-02-15 15:47:29,app,short_term,917,30,579,approved,2025-02-17 15:47:29,917,30
1345,515,2024-08-30 13:20:18,app,short_term,4928,14,546,rejected,,0,0
1346,387,2024-02-23 07:25:58,web,short_term,4628,14,609,rejected,,0,0
1347,1326,2024-06-26 23:03:53,app,installment,3257,180,593,rejected,,0,0
1348,4175,2024-03-17 20:42:37,partner,short_term,2228,14,530,rejected,,0,0
1349,2326,2025-08-12 04:17:19,partner,installment,3992,90,587,approved,2025-08-12 04:17:19,3992,90
1350,4997,2024-09-09 10:10:56,app,short_term,2173,30,535,rejected,,0,0
1351,2176,2025-09-14 00:00:23,web,short_term,4389,7,569,rejected,,0,0
1352,3168,2024-10-12 05:40:12,app,installment,993,60,587,approved,2024-10-13 05:40:12,993,60
1353,1407,2025-10-22 19:59:59,app,installment,1860,90,635,approved,2025-10-24 19:59:59,1860,90
1354,4990,2024-03-01 23:22:19,partner,short_term,3583,21,590,rejected,,0,0
1355,139,2024-02-11 14:28:52,app,short_term,2880,7,588,rejected,,0,0
1356,2720,2024-02-16 09:25:30,app,short_term,2093,14,668,approved,2024-02-17 09:25:30,2093,14
1357,3229,2025-09-27 14:59:02,web,installment,2403,180,508,rejected,,0,0
1358,204,2025-09-03 23:56:57,partner,short_term,685,21,577,rejected,,0,0
1359,1405,2025-03-29 23:57:52,app,short_term,1083,30,573,rejected,,0,0
1360,2034,2024-05-24 19:10:11,app,installment,1152,180,575,rejected,,0,0
1361,271,2025-09-03 09:01:40,app,short_term,1157,21,602,approved,2025-09-03 09:01:40,1157,21
1362,1350,2025-06-01 20:14:14,web,installment,2228,180,608,approved,2025-06-01 20:14:14,2228,180
1363,1948,2025-12-09 06:10:36,app,installment,4474,180,614,approved,2025-12-09 06:10:36,4474,180
1364,391,2025-07-10 07:53:38,app,installment,615,60,587,rejected,,0,0
1365,4988,2025-09-10 17:37:30,web,installment,2201,180,580,rejected,,0,0
1366,1839,2025-01-10 02:22:55,app,installment,3544,180,502,rejected,,0,0
1367,3933,2024-12-31 23:56:15,app,installment,1553,120,589,approved,2024-12-31 23:56:15,1553,120
1368,595,2024-02-01 14:05:23,app,short_term,869,21,607,rejected,,0,0
1369,3681,2025-07-21 04:12:19,app,short_term,1969,30,576,approved,2025-07-21 04:12:19,1969,30
1370,2736,2024-10-25 19:03:49,app,installment,2516,180,637,rejected,,0,0
1371,100,2025-11-21 06:36:55,partner,installment,2229,60,500,rejected,,0,0
1372,3414,2025-04-30 06:06:46,app,short_term,1021,30,611,rejected,,0,0
1373,252,2025-08-04 02:09:11,app,short_term,1624,30,585,approved,2025-08-04 02:09:11,1624,30
1374,271,2025-07-22 22:15:01,partner,installment,2002,60,635,approved,2025-07-24 22:15:01,2002,60
1375,1214,2025-09-01 23:23:23,partner,installment,2934,120,509,rejected,,0,0
1376,2674,2025-08-23 10:56:59,web,short_term,2590,7,584,rejected,,0,0
1377,251,2025-07-19 00:33:59,web,installment,2241,120,610,rejected,,0,0
1378,3546,2024-03-05 21:48:59,web,short_term,2014,30,628,approved,2024-03-06 21:48:59,2014,30
1379,2290,2024-08-24 13:45:46,app,short_term,4434,14,560,rejected,,0,0
1380,787,2024-11-12 07:03:25,web,short_term,2804,14,570,rejected,,0,0
1381,1173,2024-09-10 03:30:20,app,installment,770,180,528,rejected,,0,0
1382,4751,2025-02-23 01:32:38,app,short_term,3181,14,609,approved,2025-02-25 01:32:38,2930,14
1383,4801,2025-01-11 07:46:57,app,short_term,4770,14,648,approved,2025-01-12 07:46:57,4770,14
1384,4670,2025-10-08 11:28:14,web,installment,4414,60,599,rejected,,0,0
1385,4517,2024-09-23 14:50:11,web,short_term,621,7,547,approved,2024-09-24 14:50:11,621,7
1386,4233,2025-07-16 03:04:05,app,installment,4290,60,631,rejected,,0,0
1387,1553,2025-03-05 12:22:21,app,short_term,3910,21,582,rejected,,0,0
1388,3410,2025-06-23 05:07:11,web,short_term,2345,30,550,rejected,,0,0
1389,2284,2025-01-02 00:47:51,web,short_term,3558,21,639,approved,2025-01-02 00:47:51,3558,21
1390,1666,2024-07-04 07:10:03,app,short_term,2395,21,645,approved,2024-07-05 07:10:03,2395,21
1391,357,2024-11-03 02:02:52,app,short_term,2216,21,583,rejected,,0,0
1392,2113,2024-12-29 23:06:55,app,short_term,670,30,592,approved,2024-12-31 23:06:55,670,30
1393,3375,2024-05-11 02:13:08,web,installment,1694,120,564,approved,2024-05-13 02:13:08,1694,120
1394,4449,2025-06-29 11:29:44,web,short_term,4147,7,644,approved,2025-06-29 11:29:44,4147,7
1395,1070,2024-03-09 17:26:54,app,installment,2144,120,629,approved,2024-03-11 17:26:54,2144,120
1396,2153,2025-03-27 20:56:15,web,installment,4056,120,556,rejected,,0,0
1397,2310,2024-12-20 19:33:36,web,short_term,3870,7,601,approved,2024-12-21 19:33:36,3870,7
1398,1684,2024-11-24 16:29:04,web,short_term,2334,14,496,approved,2024-11-24 16:29:04,2334,14
1399,2212,2025-05-05 11:48:57,app,short_term,1985,30,598,approved,2025-05-07 11:48:57,1985,30
1400,2607,2025-03-05 20:51:29,app,short_term,4725,7,645,approved,2025-03-05 20:51:29,4725,7
1401,4330,2025-02-26 09:48:41,app,short_term,968,7,612,rejected,,0,0
1402,2569,2024-08-11 15:48:53,app,short_term,2227,14,590,rejected,,0,0
1403,2108,2025-06-23 03:34:34,app,short_term,3042,21,596,approved,2025-06-23 03:34:34,3042,21
1404,3953,2024-11-22 17:23:02,web,installment,2030,180,593,rejected,,0,0
1405,2730,2024-08-31 13:48:25,web,installment,4811,60,595,approved,2024-09-01 13:48:25,4811,60
1406,1943,2024-12-02 20:04:39,app,short_term,3287,30,545,approved,2024-12-03 20:04:39,3287,30
1407,4016,2025-07-20 11:28:20,app,installment,3652,60,623,approved,2025-07-20 11:28:20,3652,60
1408,1568,2025-08-02 16:52:20,app,short_term,4160,14,593,rejected,,0,0
1409,2751,2025-11-06 07:21:07,web,short_term,4588,14,617,rejected,,0,0
1410,2311,2024-08-19 10:36:56,web,short_term,1540,14,598,approved,2024-08-20 10:36:56,1540,14
1411,220,2025-07-21 22:27:30,app,short_term,3324,7,603,approved,2025-07-22 22:27:30,3324,7
1412,4055,2025-01-02 05:30:42,partner,installment,1111,90,509,rejected,,0,0
1413,2475,2024-11-16 16:55:28,app,installment,2021,180,593,approved,2024-11-17 16:55:28,2021,180
1414,4586,2025-12-01 01:54:24,web,short_term,963,7,589,approved,2025-12-03 01:54:24,963,7
1415,1259,2025-01-07 10:21:08,app,short_term,1846,30,590,rejected,,0,0
1416,2115,2024-07-05 10:08:46,app,short_term,3350,14,618,rejected,,0,0
1417,1702,2024-09-01 08:41:00,app,installment,2794,180,507,rejected,,0,0
1418,2557,2024-06-13 09:48:04,partner,short_term,1383,14,596,rejected,,0,0
1419,327,2025-11-28 10:06:10,partner,installment,2391,180,601,approved,2025-11-29 10:06:10,2391,180
1420,3909,2025-03-26 01:00:22,app,installment,4685,180,551,rejected,,0,0
1421,4549,2025-09-17 13:35:28,app,short_term,2025,7,576,rejected,,0,0
1422,1536,2025-03-16 13:54:05,app,short_term,4278,14,598,approved,2025-03-17 13:54:05,4278,14
1423,3646,2025-08-30 05:35:46,web,installment,2451,90,617,rejected,,0,0
1424,998,2025-03-06 17:33:49,app,short_term,2341,30,588,rejected,,0,0
1425,654,2024-09-10 07:37:31,app,short_term,2813,21,608,rejected,,0,0
1426,3642,2025-03-22 08:09:00,app,installment,3834,90,541,rejected,,0,0
1427,411,2024-03-16 14:18:21,app,short_term,3612,21,579,rejected,,0,0
1428,2163,2025-01-10 22:34:57,app,short_term,3886,30,592,rejected,,0,0
1429,4646,2024-11-02 15:26:05,partner,installment,1455,90,601,approved,2024-11-03 15:26:05,1455,90
1430,1446,2025-07-14 12:04:15,app,installment,3019,180,592,rejected,,0,0
1431,2901,2024-04-03 14:32:35,web,installment,2248,180,561,approved,2024-04-04 14:32:35,2248,180
1432,1222,2025-04-09 19:56:41,app,installment,1346,180,571,approved,2025-04-11 19:56:41,1346,180
1433,4834,2025-11-22 00:54:07,app,installment,2861,90,536,rejected,,0,0
1434,2610,2024-03-24 07:03:01,app,short_term,4867,30,628,approved,2024-03-24 07:03:01,4867,30
1435,3577,2025-11-16 21:13:17,app,short_term,3449,30,543,rejected,,0,0
1436,2094,2025-09-07 09:49:20,app,short_term,3133,7,465,rejected,,0,0
1437,3713,2025-08-24 12:50:43,app,installment,4310,120,537,rejected,,0,0
1438,4925,2025-05-07 23:13:51,app,installment,3362,120,610,approved,2025-05-09 23:13:51,3362,120
1439,479,2025-12-10 18:08:14,app,short_term,2561,30,633,rejected,,0,0
1440,4228,2024-11-05 05:01:19,app,short_term,3667,30,627,approved,2024-11-05 05:01:19,2901,30
1441,2241,2024-02-09 01:19:27,app,short_term,4198,21,610,approved,2024-02-11 01:19:27,4198,21
1442,4393,2025-03-26 09:38:58,app,short_term,4247,14,518,rejected,,0,0
1443,441,2024-08-07 03:08:40,app,short_term,1111,30,611,approved,2024-08-07 03:08:40,1111,30
1444,4703,2025-03-26 23:17:03,web,installment,4361,60,611,rejected,,0,0
1445,294,2025-01-30 13:47:04,app,short_term,3701,21,583,rejected,,0,0
1446,86,2024-04-26 13:08:42,web,short_term,2334,14,583,approved,2024-04-27 13:08:42,2334,14
1447,3012,2024-09-29 05:13:29,app,short_term,4653,21,608,approved,2024-09-30 05:13:29,4036,21
1448,2300,2025-07-06 19:29:44,app,short_term,1590,21,613,rejected,,0,0
1449,3629,2025-12-02 21:55:40,app,short_term,4861,14,651,approved,2025-12-04 21:55:40,4861,14
1450,737,2025-05-30 17:53:09,app,short_term,2648,14,591,rejected,,0,0
1451,3918,2025-06-20 22:26:00,app,installment,2031,180,609,rejected,,0,0
1452,3528,2025-08-25 20:59:33,partner,installment,3019,120,622,rejected,,0,0
1453,630,2024-07-02 23:59:15,app,short_term,1295,7,529,rejected,,0,0
1454,3927,2025-02-11 07:46:02,web,short_term,4927,21,587,rejected,,0,0
1455,789,2024-05-15 03:06:42,app,installment,1634,120,667,approved,2024-05-16 03:06:42,1634,120
1456,504,2024-06-14 13:06:25,app,installment,2557,60,577,rejected,,0,0
1457,1437,2024-07-13 19:25:33,app,short_term,2670,30,626,approved,2024-07-13 19:25:33,2670,30
1458,2604,2025-10-02 07:42:49,partner,short_term,982,14,558,approved,2025-10-02 07:42:49,982,14
1459,2097,2025-10-31 16:46:52,app,short_term,1824,14,508,approved,2025-10-31 16:46:52,1824,14
1460,3301,2024-08-15 22:25:09,app,installment,1324,180,662,approved,2024-08-17 22:25:09,1324,180
1461,4284,2024-06-11 20:20:57,app,installment,1799,180,580,rejected,,0,0
1462,2704,2024-10-13 16:44:07,web,short_term,667,14,573,rejected,,0,0
1463,1504,2024-03-29 01:08:24,app,short_term,3630,21,617,approved,2024-03-30 01:08:24,3627,21
1464,250,2025-12-16 10:30:58,app,installment,4618,90,525,rejected,,0,0
1465,1478,2024-08-14 21:41:36,app,installment,2277,90,565,rejected,,0,0
1466,1745,2024-06-18 21:48:44,web,short_term,1637,21,618,approved,2024-06-18 21:48:44,1637,21
1467,3985,2025-08-31 14:55:13,app,installment,2035,60,578,rejected,,0,0
1468,3756,2024-10-10 13:54:49,web,short_term,4757,7,493,rejected,,0,0
1469,2374,2024-05-26 05:51:05,app,short_term,2895,14,513,rejected,,0,0
1470,1053,2024-08-18 03:52:50,app,short_term,3091,7,555,rejected,,0,0
1471,4111,2024-12-03 07:58:41,partner,installment,1128,180,588,rejected,,0,0
1472,958,2025-10-25 18:16:14,app,short_term,4214,7,520,rejected,,0,0
1473,1730,2025-06-05 04:53:39,app,short_term,1438,7,579,rejected,,0,0
1474,2798,2025-02-26 10:29:15,web,short_term,695,21,521,rejected,,0,0
1475,4314,2025-03-12 02:14:32,partner,installment,1895,60,516,rejected,,0,0
1476,4141,2024-03-21 13:29:08,web,installment,1365,90,592,approved,2024-03-23 13:29:08,1365,90
1477,3530,2025-03-03 22:39:24,web,short_term,4760,21,537,approved,2025-03-04 22:39:24,4760,21
1478,3699,2024-07-11 19:24:25,app,short_term,838,30,624,approved,2024-07-11 19:24:25,838,30
1479,2573,2024-03-10 13:36:14,app,installment,3724,180,533,approved,2024-03-12 13:36:14,3724,180
1480,3414,2024-12-28 04:34:13,web,installment,3789,120,640,rejected,,0,0
1481,4342,2025-06-18 07:00:24,partner,installment,1173,90,606,approved,2025-06-20 07:00:24,1173,90
1482,4302,2025-09-23 04:20:47,app,installment,829,180,582,approved,2025-09-25 04:20:47,829,180
1483,3405,2025-03-10 21:12:49,web,short_term,3421,30,617,rejected,,0,0
1484,3050,2025-08-16 11:54:55,app,installment,723,90,614,approved,2025-08-16 11:54:55,723,90
1485,2926,2024-02-06 07:48:04,app,short_term,2140,30,602,approved,2024-02-07 07:48:04,2140,30
1486,2195,2024-06-14 09:21:49,web,short_term,1695,30,596,rejected,,0,0
1487,2702,2024-07-07 08:52:42,web,installment,3201,120,548,rejected,,0,0
1488,3085,2025-01-20 07:41:15,partner,installment,2154,90,392,rejected,,0,0
1489,4329,2024-08-01 11:55:01,app,installment,1041,180,601,rejected,,0,0
1490,3182,2025-01-19 22:46:29,app,installment,2145,60,645,approved,2025-01-20 22:46:29,2145,60
1491,96,2025-05-21 07:13:35,app,short_term,4667,30,620,approved,2025-05-23 07:13:35,4667,30
1492,3222,2025-10-28 02:52:15,app,short_term,1239,7,608,approved,2025-10-30 02:52:15,1239,7
1493,1561,2024-04-22 06:55:47,app,short_term,1343,14,539,rejected,,0,0
1494,4499,2025-06-10 21:14:27,partner,installment,2737,120,596,rejected,,0,0
1495,3633,2024-05-23 12:49:47,partner,short_term,2071,30,641,approved,2024-05-23 12:49:47,2071,30
1496,4888,2025-10-13 20:01:06,app,short_term,2878,14,571,rejected,,0,0
1497,2008,2025-07-14 18:17:51,app,short_term,1005,14,575,rejected,,0,0
1498,2886,2025-10-14 04:41:32,web,short_term,2334,7,621,rejected,,0,0
1499,3808,2024-03-15 20:04:15,web,short_term,2202,14,493,rejected,,0,0
1500,3244,2024-05-03 22:33:03,web,short_term,2657,14,616,rejected,,0,0
1501,1777,2024-10-27 23:58:03,app,installment,4167,180,519,rejected,,0,0
1502,1042,2025-12-07 02:12:20,app,short_term,2712,21,625,approved,2025-12-07 02:12:20,2712,21
1503,3728,2024-11-03 05:45:00,web,installment,950,60,595,approved,2024-11-04 05:45:00,950,60
1504,3854,2024-02-14 17:26:12,app,installment,2616,120,638,rejected,,0,0
1505,1482,2025-05-16 19:10:05,app,installment,936,60,639,approved,2025-05-16 19:10:05,936,60
1506,719,2025-02-18 03:42:26,app,installment,2073,60,593,rejected,,0,0
1507,3676,2024-05-05 03:33:31,app,short_term,4480,21,503,rejected,,0,0
1508,2485,2025-11-27 01:06:12,app,short_term,1175,21,619,approved,2025-11-28 01:06:12,1175,21
1509,4390,2024-04-21 07:26:02,app,short_term,4278,14,649,rejected,,0,0
1510,730,2025-07-08 01:33:44,app,installment,4224,180,591,rejected,,0,0
1511,2308,2025-08-14 01:42:47,app,short_term,4977,30,663,rejected,,0,0
1512,2745,2024-06-09 15:44:21,app,installment,806,120,533,rejected,,0,0
1513,2971,2025-11-28 19:33:37,app,short_term,2069,21,580,rejected,,0,0
1514,2687,2024-02-14 04:16:36,app,installment,3718,60,544,rejected,,0,0
1515,3801,2024-05-19 18:02:15,web,installment,970,90,538,approved,2024-05-20 18:02:15,970,90
1516,2652,2025-09-29 18:13:21,app,installment,3180,120,667,approved,2025-09-30 18:13:21,3180,120
1517,2719,2024-11-24 03:04:19,app,installment,4268,60,597,rejected,,0,0
1518,1042,2025-05-31 15:48:42,web,installment,666,60,602,approved,2025-06-02 15:48:42,666,60
1519,3746,2025-05-28 02:11:00,partner,short_term,4032,7,646,approved,2025-05-29 02:11:00,4032,7
1520,2716,2025-06-27 01:48:48,app,installment,2631,180,656,approved,2025-06-27 01:48:48,2631,180
1521,4594,2025-11-15 06:43:12,app,installment,3588,120,556,rejected,,0,0
1522,3902,2025-07-29 16:26:04,web,installment,1811,180,583,rejected,,0,0
1523,1190,2024-09-13 15:41:12,web,short_term,1966,30,558,rejected,,0,0
1524,1318,2024-04-13 18:57:33,app,installment,693,60,525,rejected,,0,0
1525,314,2025-10-12 18:03:27,app,short_term,1183,7,645,approved,2025-10-13 18:03:27,1183,7
1526,2552,2024-08-12 04:15:00,app,installment,3942,90,614,rejected,,0,0
1527,3210,2025-12-10 16:52:40,app,installment,2748,90,588,rejected,,0,0
1528,3453,2024-09-27 02:38:56,web,installment,4920,180,526,rejected,,0,0
1529,4197,2024-07-10 04:25:50,web,installment,1174,60,573,approved,2024-07-11 04:25:50,1174,60
1530,3962,2024-07-23 08:36:19,app,short_term,1088,14,504,rejected,,0,0
1531,4308,2024-04-28 23:08:21,app,installment,2986,180,566,rejected,,0,0
1532,3184,2025-11-26 10:07:28,partner,short_term,4682,7,582,rejected,,0,0
1533,1761,2025-04-07 23:25:25,app,short_term,645,7,555,approved,2025-04-07 23:25:25,645,7
1534,3893,2024-07-31 02:12:58,app,short_term,4631,21,601,rejected,,0,0
1535,882,2024-07-07 02:33:42,app,short_term,2174,21,602,approved,2024-07-07 02:33:42,2174,21
1536,1375,2025-07-11 19:31:53,app,installment,4947,60,563,approved,2025-07-11 19:31:53,4947,60
1537,3854,2024-08-28 11:52:34,app,short_term,2992,21,620,rejected,,0,0
1538,1524,2025-05-10 09:47:30,app,short_term,2195,14,632,approved,2025-05-10 09:47:30,2195,14
1539,425,2025-04-17 20:09:02,app,installment,4680,120,612,rejected,,0,0
1540,1743,2024-03-23 23:54:45,web,installment,731,60,621,approved,2024-03-24 23:54:45,731,60
1541,307,2025-05-21 08:39:02,app,short_term,3880,7,605,approved,2025-05-21 08:39:02,3880,7
1542,4442,2024-05-16 20:51:17,web,installment,1421,60,636,approved,2024-05-16 20:51:17,1421,60
1543,4978,2024-11-07 08:03:22,app,short_term,1411,14,594,rejected,,0,0
1544,3417,2025-04-14 09:05:51,app,installment,4840,60,535,rejected,,0,0
1545,273,2025-10-07 18:59:24,app,short_term,608,30,615,rejected,,0,0
1546,4715,2025-02-07 12:48:15,app,installment,1973,90,604,rejected,,0,0
1547,1,2024-03-08 13:22:40,app,short_term,4413,30,606,approved,2024-03-09 13:22:40,4413,30
1548,1825,2025-04-25 21:22:11,app,short_term,4367,7,643,rejected,,0,0
1549,424,2025-07-18 17:37:58,partner,installment,2352,180,482,rejected,,0,0
1550,2134,2025-07-23 16:29:58,app,installment,1143,120,640,rejected,,0,0
1551,2235,2024-10-06 09:00:57,app,short_term,739,7,588,approved,2024-10-06 09:00:57,739,7
1552,3258,2024-07-10 07:37:59,app,short_term,1280,7,617,approved,2024-07-10 07:37:59,1280,7
1553,891,2024-02-06 13:31:38,partner,short_term,2223,14,561,rejected,,0,0
1554,4788,2025-05-02 10:47:56,web,short_term,3038,21,589,rejected,,0,0
1555,4979,2025-07-24 23:28:33,app,short_term,4350,7,590,approved,2025-07-26 23:28:33,4350,7
1556,1077,2024-12-04 22:33:34,web,short_term,4937,21,591,approved,2024-12-04 22:33:34,3516,21
1557,477,2024-11-01 03:17:59,web,short_term,1722,14,652,approved,2024-11-01 03:17:59,1722,14
1558,1572,2024-12-17 18:18:38,partner,short_term,4120,21,589,rejected,,0,0
1559,512,2024-02-12 01:23:53,web,installment,1014,120,657,approved,2024-02-13 01:23:53,1014,120
1560,1285,2025-09-08 21:53:12,app,short_term,3571,21,599,rejected,,0,0
1561,1086,2024-05-03 07:52:05,app,installment,4052,180,648,rejected,,0,0
1562,1780,2024-06-21 12:09:52,app,installment,3959,60,663,rejected,,0,0
1563,2011,2024-05-21 10:43:33,app,installment,1479,60,559,rejected,,0,0
1564,3529,2024-05-11 06:07:32,app,short_term,4449,30,553,approved,2024-05-12 06:07:32,4449,30
1565,4623,2024-03-23 14:58:04,app,short_term,2970,7,574,rejected,,0,0
1566,4775,2025-05-22 02:57:35,app,installment,2786,120,485,rejected,,0,0
1567,4309,2025-08-30 22:51:07,web,short_term,2102,30,576,rejected,,0,0
1568,4887,2025-05-27 10:29:19,web,installment,4518,120,618,approved,2025-05-29 10:29:19,4518,120
1569,1775,2025-03-10 04:19:38,app,installment,1518,60,580,rejected,,0,0
1570,3359,2025-05-19 11:54:13,app,installment,1591,180,590,approved,2025-05-21 11:54:13,1591,180
1571,2312,2025-02-06 20:28:26,app,short_term,2309,7,591,rejected,,0,0
1572,4216,2024-01-25 11:04:29,app,short_term,2444,30,589,approved,2024-01-25 11:04:29,2444,30
1573,54,2024-04-22 05:32:50,partner,installment,3739,120,549,rejected,,0,0
1574,2899,2024-05-17 13:31:17,web,short_term,4892,7,554,rejected,,0,0
1575,4831,2024-06-28 09:33:35,app,short_term,1448,14,576,rejected,,0,0
1576,4266,2024-07-09 17:01:27,app,short_term,3013,21,522,rejected,,0,0
1577,2004,2025-01-12 13:00:22,app,installment,4794,120,545,rejected,,0,0
1578,1532,2024-03-12 16:23:41,app,short_term,3846,7,576,rejected,,0,0
1579,4068,2025-03-25 16:13:01,app,short_term,4907,7,584,rejected,,0,0
1580,1379,2024-06-09 00:49:07,app,short_term,2760,21,590,rejected,,0,0
1581,1810,2025-05-31 08:03:36,web,short_term,2443,7,660,rejected,,0,0
1582,1525,2024-07-06 16:22:58,app,installment,4316,90,613,approved,2024-07-07 16:22:58,3784,90
1583,4167,2025-05-21 11:31:11,app,installment,3951,180,576,rejected,,0,0
1584,2645,2024-03-21 13:05:30,app,installment,2066,60,474,rejected,,0,0
1585,2963,2025-12-02 07:31:32,app,short_term,1123,7,594,rejected,,0,0
1586,895,2025-02-13 16:51:02,web,installment,2357,180,591,approved,2025-02-14 16:51:02,2357,180
1587,2638,2024-05-13 08:52:13,app,installment,1094,60,564,approved,2024-05-13 08:52:13,1094,60
1588,3948,2024-07-12 10:57:05,app,short_term,4032,7,632,approved,2024-07-12 10:57:05,4032,7
1589,4104,2024-09-18 08:39:11,app,short_term,1218,21,617,approved,2024-09-20 08:39:11,1218,21
1590,2988,2025-05-27 19:58:54,partner,installment,930,60,585,rejected,,0,0
1591,4760,2025-05-28 20:33:35,partner,short_term,4967,21,572,rejected,,0,0
1592,134,2024-07-08 05:12:39,app,short_term,3715,7,593,approved,2024-07-08 05:12:39,3715,7
1593,2565,2024-09-22 16:50:32,app,short_term,1172,14,557,rejected,,0,0
1594,432,2025-09-06 09:12:39,app,installment,2140,120,603,approved,2025-09-07 09:12:39,2140,120
1595,307,2025-03-06 23:01:44,app,installment,3187,60,646,approved,2025-03-06 23:01:44,3187,60
1596,4821,2024-12-10 12:44:18,app,installment,4076,180,560,rejected,,0,0
1597,1246,2024-04-13 15:15:37,app,installment,2559,180,551,rejected,,0,0
1598,51,2024-01-27 09:13:28,web,installment,4867,180,571,approved,2024-01-29 09:13:28,3927,180
1599,448,2024-06-26 07:49:50,app,short_term,4834,14,550,rejected,,0,0
1600,3342,2025-07-28 00:25:41,app,short_term,1403,21,554,rejected,,0,0
1601,2691,2024-06-21 17:50:57,web,short_term,1335,30,588,rejected,,0,0
1602,2953,2024-02-05 21:19:58,web,installment,4078,90,587,approved,2024-02-06 21:19:58,4078,90
1603,1286,2025-04-21 20:12:19,app,short_term,967,21,602,approved,2025-04-22 20:12:19,967,21
1604,4576,2025-10-19 01:07:31,partner,short_term,2107,7,598,approved,2025-10-20 01:07:31,2107,7
1605,1510,2024-03-20 17:27:38,web,installment,2700,180,525,rejected,,0,0
1606,1210,2024-01-25 17:23:35,app,short_term,1747,7,596,approved,2024-01-26 17:23:35,1747,7
1607,38,2024-03-25 21:46:33,web,short_term,1891,14,530,rejected,,0,0
1608,198,2025-07-05 06:55:31,app,installment,3391,60,655,approved,2025-07-07 06:55:31,3391,60
1609,1749,2024-11-20 18:05:31,app,installment,1463,60,527,rejected,,0,0
1610,4395,2024-11-04 11:08:59,web,installment,3398,180,593,approved,2024-11-05 11:08:59,3398,180
1611,3072,2025-02-27 14:21:47,app,short_term,2934,30,609,approved,2025-02-28 14:21:47,2934,30
1612,4625,2024-07-03 12:50:30,app,installment,4728,120,625,approved,2024-07-04 12:50:30,4728,120
1613,3946,2025-08-06 15:22:41,app,short_term,2211,30,577,rejected,,0,0
1614,4032,2025-04-24 15:12:06,app,short_term,2913,7,595,rejected,,0,0
1615,1790,2025-07-20 21:54:46,web,short_term,2432,7,602,rejected,,0,0
1616,820,2024-05-18 14:32:39,partner,short_term,3613,14,553,approved,2024-05-19 14:32:39,3613,14
1617,3064,2024-05-28 14:50:03,app,installment,4770,180,585,approved,2024-05-29 14:50:03,4479,180
1618,2450,2024-08-31 00:57:45,web,installment,4663,120,608,rejected,,0,0
1619,1600,2024-09-06 21:23:38,app,short_term,4838,30,633,approved,2024-09-07 21:23:38,4838,30
1620,1169,2024-08-26 00:26:26,app,short_term,4603,7,602,rejected,,0,0
1621,1712,2025-03-16 18:49:27,app,short_term,2840,7,561,rejected,,0,0
1622,2850,2024-04-25 14:21:39,app,installment,4978,180,641,approved,2024-04-26 14:21:39,3312,180
1623,2599,2024-04-24 04:08:18,app,short_term,768,7,509,approved,2024-04-24 04:08:18,768,7
1624,3073,2024-03-17 06:43:48,app,installment,1754,120,549,rejected,,0,0
1625,3689,2025-05-24 09:16:22,partner,installment,3930,180,604,rejected,,0,0
1626,4284,2025-05-15 18:51:21,app,short_term,1877,14,562,approved,2025-05-16 18:51:21,1877,14
1627,1857,2024-03-21 21:06:11,app,short_term,1226,7,599,approved,2024-03-23 21:06:11,1226,7
1628,1741,2024-10-08 12:59:27,app,installment,1364,60,499,rejected,,0,0
1629,3458,2024-06-10 02:03:22,web,installment,2501,180,650,approved,2024-06-12 02:03:22,2501,180
1630,927,2024-02-25 18:48:49,app,short_term,858,7,602,rejected,,0,0
1631,624,2025-08-16 21:41:04,app,short_term,1958,30,517,rejected,,0,0
1632,4057,2025-12-05 16:06:37,app,installment,3624,180,608,approved,2025-12-06 16:06:37,3624,180
1633,4028,2024-02-27 18:25:41,app,short_term,2188,21,637,rejected,,0,0
1634,228,2025-04-10 23:44:23,partner,installment,4131,90,599,approved,2025-04-11 23:44:23,4131,90
1635,3062,2025-04-20 03:16:50,web,installment,2933,120,573,approved,2025-04-22 03:16:50,2933,120
1636,1358,2024-04-27 01:10:58,app,short_term,2418,30,556,rejected,,0,0
1637,4421,2024-05-02 04:55:37,web,installment,4537,120,605,approved,2024-05-04 04:55:37,4537,120
1638,2650,2025-11-13 06:35:04,app,short_term,2753,14,476,rejected,,0,0
1639,1552,2025-12-19 08:44:57,app,installment,3121,60,591,rejected,,0,0
1640,3005,2024-06-26 16:42:53,web,installment,4480,60,568,approved,2024-06-28 16:42:53,4480,60
1641,1098,2024-05-08 04:36:46,partner,installment,4589,90,588,rejected,,0,0
1642,4070,2025-09-18 16:22:28,web,installment,3720,60,577,rejected,,0,0
1643,2155,2025-06-07 13:28:12,app,installment,1224,180,586,approved,2025-06-09 13:28:12,1224,180
1644,3072,2024-02-21 08:47:15,web,installment,1412,90,619,approved,2024-02-21 08:47:15,1412,90
1645,3982,2024-05-04 22:29:25,app,short_term,2058,21,519,rejected,,0,0
1646,1520,2024-03-28 14:57:27,web,short_term,2074,21,625,approved,2024-03-30 14:57:27,2074,21
1647,1799,2025-04-22 02:34:48,partner,installment,3762,180,569,approved,2025-04-23 02:34:48,3762,180
1648,1612,2024-07-13 06:58:35,app,short_term,842,14,601,rejected,,0,0
1649,2773,2025-06-03 03:00:14,app,short_term,4315,14,595,rejected,,0,0
1650,783,2024-07-15 16:48:10,app,installment,1423,120,558,approved,2024-07-16 16:48:10,1423,120
1651,3009,2025-07-19 17:58:56,web,installment,3465,60,567,rejected,,0,0
1652,817,2024-08-05 13:41:40,web,installment,3816,90,631,rejected,,0,0
1653,4241,2025-11-25 17:08:39,app,short_term,1432,14,547,rejected,,0,0
1654,4165,2024-07-15 00:24:47,web,short_term,4531,14,489,rejected,,0,0
1655,3235,2025-08-13 08:45:35,app,short_term,1177,30,601,rejected,,0,0
1656,2565,2024-02-17 17:28:36,app,short_term,1359,7,567,rejected,,0,0
1657,462,2024-09-07 17:19:04,app,short_term,3542,30,623,approved,2024-09-09 17:19:04,3542,30
1658,4794,2024-06-05 14:09:44,app,short_term,3460,7,537,rejected,,0,0
1659,1884,2025-10-14 09:13:42,app,short_term,3698,7,592,rejected,,0,0
1660,1730,2025-12-08 18:42:08,web,short_term,3635,21,606,rejected,,0,0
1661,324,2025-08-08 21:41:11,app,short_term,4899,21,510,rejected,,0,0
1662,2337,2025-07-13 17:49:43,app,short_term,4025,14,588,approved,2025-07-13 17:49:43,4025,14
1663,955,2024-03-14 22:44:27,web,installment,1085,120,564,rejected,,0,0
1664,4960,2024-07-07 20:35:14,partner,installment,3169,60,605,rejected,,0,0
1665,4018,2025-04-10 06:23:24,app,short_term,4526,30,503,approved,2025-04-10 06:23:24,4086,30
1666,2912,2024-02-12 10:18:02,app,short_term,689,7,561,rejected,,0,0
1667,1899,2025-11-15 00:35:25,web,short_term,1415,7,563,rejected,,0,0
1668,2135,2024-03-15 11:31:55,app,installment,2246,120,557,approved,2024-03-17 11:31:55,2246,120
1669,3668,2025-01-16 22:25:34,app,installment,1001,90,515,rejected,,0,0
1670,680,2024-11-03 18:07:19,app,short_term,3572,7,557,approved,2024-11-04 18:07:19,3572,7
1671,93,2025-09-24 05:50:30,app,installment,3729,60,614,approved,2025-09-25 05:50:30,3729,60
1672,561,2025-09-23 13:44:47,app,short_term,3556,30,607,rejected,,0,0
1673,13,2024-10-19 04:33:40,app,installment,4667,90,553,rejected,,0,0
1674,2590,2025-10-06 14:52:14,app,short_term,2578,14,588,approved,2025-10-06 14:52:14,2578,14
1675,836,2024-05-13 06:53:54,app,short_term,944,14,604,rejected,,0,0
1676,4073,2024-07-30 04:53:21,app,installment,4176,180,595,rejected,,0,0
1677,3337,2024-03-08 00:15:06,app,installment,2892,120,631,approved,2024-03-09 00:15:06,2892,120
1678,4488,2025-02-17 11:24:30,app,installment,2011,120,600,rejected,,0,0
1679,2122,2024-08-05 03:41:01,app,short_term,4196,21,591,approved,2024-08-05 03:41:01,4196,21
1680,589,2024-05-27 15:44:29,app,installment,1504,90,592,approved,2024-05-27 15:44:29,1504,90
1681,390,2024-07-20 07:51:21,app,installment,4820,60,569,approved,2024-07-21 07:51:21,4820,60
1682,2879,2025-10-03 13:47:17,web,installment,3130,60,588,rejected,,0,0
1683,3960,2025-04-09 01:27:09,app,short_term,4819,21,555,rejected,,0,0
1684,2166,2025-09-23 14:40:54,app,short_term,3873,14,542,rejected,,0,0
1685,3017,2024-02-05 05:57:06,partner,installment,1309,60,610,approved,2024-02-07 05:57:06,1309,60
1686,2252,2024-10-28 22:53:42,partner,short_term,3601,21,598,rejected,,0,0
1687,2871,2025-07-27 12:30:12,app,installment,2137,60,567,approved,2025-07-27 12:30:12,2137,60
1688,1191,2024-09-15 10:59:29,app,short_term,911,30,618,approved,2024-09-17 10:59:29,911,30
1689,2644,2025-11-16 07:41:50,partner,short_term,856,21,551,approved,2025-11-16 07:41:50,856,21
1690,3753,2025-07-23 09:49:07,app,short_term,1283,7,525,rejected,,0,0
1691,4470,2025-11-27 17:03:39,web,installment,3964,90,609,rejected,,0,0
1692,2408,2025-08-20 03:26:09,app,installment,4701,120,529,approved,2025-08-21 03:26:09,4701,120
1693,468,2025-08-08 14:26:19,app,short_term,2594,7,589,rejected,,0,0
1694,151,2025-09-24 00:44:03,app,installment,1875,120,570,rejected,,0,0
1695,3642,2025-09-24 04:37:00,app,installment,1516,180,503,rejected,,0,0
1696,1373,2024-04-06 20:23:09,app,short_term,1941,14,537,approved,2024-04-06 20:23:09,1941,14
1697,4400,2024-11-20 04:13:31,app,installment,3486,60,528,rejected,,0,0
1698,4354,2025-05-10 01:07:40,app,installment,1609,180,609,rejected,,0,0
1699,1870,2025-06-11 07:34:43,web,short_term,1377,21,555,approved,2025-06-12 07:34:43,1377,21
1700,3359,2024-08-30 13:59:42,web,short_term,2454,7,564,approved,2024-08-30 13:59:42,2454,7
1701,2938,2025-12-08 20:23:39,web,short_term,4205,30,617,approved,2025-12-09 20:23:39,4205,30
1702,3641,2024-07-31 21:54:53,app,short_term,3024,30,630,approved,2024-07-31 21:54:53,3024,30
1703,251,2024-12-04 10:54:09,app,installment,4361,120,602,rejected,,0,0
1704,3980,2024-06-23 02:55:20,app,short_term,3824,21,597,rejected,,0,0
1705,2808,2024-09-30 05:41:16,app,short_term,2003,21,610,rejected,,0,0
1706,1356,2025-08-06 01:56:14,app,short_term,1191,7,618,rejected,,0,0
1707,253,2025-12-10 21:37:33,app,short_term,4275,14,591,approved,2025-12-11 21:37:33,4275,14
1708,892,2024-12-07 19:57:29,app,short_term,2831,7,593,rejected,,0,0
1709,1817,2024-08-11 13:41:10,web,installment,3648,60,564,rejected,,0,0
1710,1307,2024-08-07 19:01:36,app,installment,1326,120,601,approved,2024-08-08 19:01:36,1326,120
1711,4446,2024-10-30 02:47:35,app,short_term,4310,7,586,rejected,,0,0
1712,278,2024-06-30 23:13:38,partner,short_term,1743,30,643,approved,2024-07-02 23:13:38,1743,30
1713,1272,2025-10-11 07:28:35,app,short_term,2181,14,581,rejected,,0,0
1714,4736,2024-03-10 14:03:28,partner,installment,3818,180,516,rejected,,0,0
1715,297,2025-11-01 02:47:43,app,installment,3238,60,577,rejected,,0,0
1716,3049,2024-09-22 13:35:06,app,installment,3573,90,591,rejected,,0,0
1717,535,2024-12-07 01:44:35,app,installment,4083,120,576,approved,2024-12-08 01:44:35,4083,120
1718,2674,2024-12-15 11:41:23,web,installment,623,180,581,rejected,,0,0
1719,404,2024-11-20 11:49:39,app,installment,1624,90,507,rejected,,0,0
1720,4601,2025-10-10 22:33:30,partner,short_term,3272,30,603,rejected,,0,0
1721,1994,2025-05-15 18:28:27,app,installment,4690,90,540,rejected,,0,0
1722,2125,2024-01-28 06:20:31,app,short_term,4376,7,536,rejected,,0,0
1723,2329,2025-12-09 06:50:29,app,short_term,3158,14,532,rejected,,0,0
1724,1748,2024-11-30 09:44:53,web,short_term,4192,30,618,rejected,,0,0
1725,4118,2025-06-18 01:47:58,app,short_term,3490,21,592,rejected,,0,0
1726,304,2024-12-21 05:41:27,app,installment,2501,60,617,rejected,,0,0
1727,1410,2024-02-11 02:03:42,partner,short_term,4057,21,600,approved,2024-02-11 02:03:42,4057,21
1728,4455,2024-01-24 20:17:27,partner,installment,3606,60,610,approved,2024-01-26 20:17:27,3606,60
1729,3098,2025-01-28 17:06:41,app,installment,3684,90,658,approved,2025-01-30 17:06:41,3684,90
1730,4178,2024-05-04 07:20:29,app,short_term,2014,21,520,rejected,,0,0
1731,1707,2024-05-18 03:57:21,app,installment,4431,60,592,approved,2024-05-20 03:57:21,3440,60
1732,419,2024-02-15 22:27:40,app,installment,4009,120,607,approved,2024-02-16 22:27:40,4009,120
1733,2660,2024-12-09 04:29:20,web,installment,4403,60,620,approved,2024-12-09 04:29:20,4403,60
1734,330,2025-11-23 09:24:58,partner,short_term,4839,21,601,rejected,,0,0
1735,3529,2024-03-27 14:45:41,app,installment,3553,60,573,rejected,,0,0
1736,2582,2025-01-13 14:25:26,app,installment,3697,90,585,rejected,,0,0
1737,1811,2025-09-20 10:29:06,app,short_term,2973,7,608,rejected,,0,0
1738,3097,2025-10-03 11:07:56,app,installment,852,180,629,rejected,,0,0
1739,3727,2024-02-04 09:11:05,app,installment,4642,60,567,rejected,,0,0
1740,329,2025-01-14 02:05:56,app,short_term,4443,7,582,approved,2025-01-16 02:05:56,3879,7
1741,1823,2024-06-25 21:52:26,app,installment,2072,180,515,rejected,,0,0
1742,3332,2024-12-04 06:31:34,partner,short_term,4400,7,669,approved,2024-12-04 06:31:34,4400,7
1743,2196,2024-02-28 18:17:10,web,short_term,1177,14,446,rejected,,0,0
1744,2887,2024-09-02 22:33:47,app,short_term,589,7,559,rejected,,0,0
1745,679,2025-11-27 07:34:24,app,installment,2950,60,583,rejected,,0,0
1746,3818,2025-02-18 03:22:10,app,installment,895,120,548,rejected,,0,0
1747,4284,2025-08-20 19:38:50,web,installment,3393,60,570,rejected,,0,0
1748,4640,2025-06-05 02:41:13,app,installment,1908,120,585,rejected,,0,0
1749,2646,2025-12-06 18:14:27,app,short_term,3320,7,558,approved,2025-12-06 18:14:27,3320,7
1750,891,2024-07-01 01:37:46,app,short_term,3675,30,557,approved,2024-07-02 01:37:46,3675,30
1751,3364,2025-01-02 15:46:52,app,installment,4878,120,611,approved,2025-01-02 15:46:52,4878,120
1752,3901,2025-12-01 06:05:52,app,short_term,3828,14,497,approved,2025-12-02 06:05:52,3828,14
1753,3902,2024-07-06 00:35:12,app,installment,3663,120,549,rejected,,0,0
1754,1243,2024-04-23 19:43:25,app,short_term,1654,30,583,rejected,,0,0
1755,79,2024-08-07 06:13:19,app,short_term,1408,30,635,approved,2024-08-07 06:13:19,1408,30
1756,4298,2025-10-18 16:11:45,app,short_term,3328,7,608,rejected,,0,0
1757,849,2025-03-05 16:20:05,app,short_term,1523,30,544,rejected,,0,0
1758,1999,2025-10-17 10:37:07,app,installment,934,90,590,approved,2025-10-19 10:37:07,934,90
1759,4889,2024-02-05 14:22:58,web,short_term,716,14,585,rejected,,0,0
1760,4596,2025-11-22 10:42:52,app,installment,2887,180,608,approved,2025-11-24 10:42:52,2887,180
1761,1553,2025-09-19 04:59:23,partner,short_term,1911,14,609,approved,2025-09-21 04:59:23,1911,14
1762,3046,2025-09-26 14:00:52,app,installment,1751,180,567,approved,2025-09-27 14:00:52,1751,180
1763,2693,2025-02-11 22:47:40,web,installment,2670,180,635,approved,2025-02-13 22:47:40,2670,180
1764,252,2025-06-29 22:18:12,app,short_term,1244,21,630,approved,2025-06-29 22:18:12,1244,21
1765,1638,2025-05-10 00:33:06,partner,installment,3469,120,608,rejected,,0,0
1766,4307,2025-06-02 02:48:47,app,installment,3458,90,607,approved,2025-06-02 02:48:47,3458,90
1767,4407,2025-07-24 13:38:22,app,short_term,909,7,614,rejected,,0,0
1768,2211,2025-09-20 05:33:24,app,short_term,3223,14,601,rejected,,0,0
1769,200,2024-12-25 00:49:53,app,installment,915,180,556,approved,2024-12-26 00:49:53,915,180
1770,3161,2025-09-01 16:43:55,app,short_term,776,21,618,approved,2025-09-01 16:43:55,776,21
1771,3842,2025-05-31 01:14:02,app,installment,3904,180,532,rejected,,0,0
1772,4814,2024-05-24 15:57:51,partner,short_term,1003,7,581,approved,2024-05-24 15:57:51,1003,7
1773,299,2025-02-07 10:35:58,app,short_term,4303,30,614,approved,2025-02-08 10:35:58,4303,30
1774,2191,2025-04-13 04:42:21,web,short_term,3109,21,508,rejected,,0,0
1775,3856,2024-06-17 09:18:06,app,short_term,894,14,535,rejected,,0,0
1776,1944,2024-05-01 10:35:32,partner,short_term,4290,14,587,rejected,,0,0
1777,3495,2025-06-04 13:24:07,web,installment,4862,90,575,approved,2025-06-04 13:24:07,4862,90
1778,4739,2024-09-06 10:06:39,app,short_term,2775,30,620,approved,2024-09-07 10:06:39,2775,30
1779,2419,2025-03-02 18:14:39,app,installment,2881,120,654,approved,2025-03-02 18:14:39,2881,120
1780,1197,2025-03-01 18:50:09,app,short_term,2422,30,575,rejected,,0,0
1781,3983,2025-05-15 21:12:03,app,short_term,3965,30,579,rejected,,0,0
1782,2017,2025-08-09 01:21:57,web,short_term,4145,30,551,approved,2025-08-10 01:21:57,4145,30
1783,842,2025-08-07 14:30:56,app,short_term,2462,14,553,rejected,,0,0
1784,3789,2025-12-15 19:08:49,app,installment,1381,180,576,rejected,,0,0
1785,148,2024-03-21 16:49:02,app,installment,1254,60,599,approved,2024-03-23 16:49:02,1254,60
1786,2895,2025-02-28 03:59:29,app,short_term,3400,7,605,approved,2025-03-02 03:59:29,3400,7
1787,4841,2025-09-30 20:34:05,web,short_term,2117,7,614,approved,2025-10-02 20:34:05,2117,7
1788,1500,2024-03-30 20:07:51,app,short_term,4001,14,470,rejected,,0,0
1789,1615,2025-10-14 08:50:14,app,short_term,1000,21,589,rejected,,0,0
1790,2113,2025-11-30 00:11:51,web,short_term,4281,7,590,approved,2025-12-01 00:11:51,4281,7
1791,4094,2024-03-20 10:40:29,app,short_term,1749,30,574,approved,2024-03-21 10:40:29,1749,30
1792,4984,2024-06-22 21:02:27,web,installment,2556,90,530,rejected,,0,0
1793,1515,2024-08-22 11:59:27,app,short_term,3279,7,606,approved,2024-08-24 11:59:27,3279,7
1794,3737,2024-02-24 20:38:41,web,installment,2347,90,592,approved,2024-02-25 20:38:41,2347,90
1795,719,2025-09-05 13:30:06,web,short_term,1208,21,574,rejected,,0,0
1796,4830,2025-11-23 16:45:47,app,short_term,2626,14,563,rejected,,0,0
1797,4154,2025-07-15 04:21:10,web,installment,3677,180,592,rejected,,0,0
1798,455,2024-02-28 16:58:46,app,installment,2225,120,557,rejected,,0,0
1799,4396,2025-06-24 16:02:46,app,short_term,615,14,663,approved,2025-06-25 16:02:46,615,14
1800,345,2024-01-29 14:15:39,app,short_term,1530,21,624,rejected,,0,0
1801,1901,2024-07-15 08:29:40,app,short_term,1058,14,588,rejected,,0,0
1802,188,2024-12-04 12:08:39,app,installment,3163,120,566,rejected,,0,0
1803,1889,2025-06-02 23:48:04,app,short_term,1870,21,638,rejected,,0,0
1804,4524,2025-02-09 01:27:09,partner,installment,1169,60,531,rejected,,0,0
1805,1005,2025-09-27 21:43:43,app,installment,1639,60,607,approved,2025-09-27 21:43:43,1639,60
1806,3396,2024-06-29 20:45:04,app,installment,3610,120,623,approved,2024-06-30 20:45:04,3610,120
1807,2642,2024-05-29 10:33:39,app,short_term,697,14,607,rejected,,0,0
1808,1283,2024-09-05 15:12:59,app,installment,3007,120,644,approved,2024-09-05 15:12:59,3007,120
1809,4769,2025-12-11 14:02:53,app,short_term,646,7,619,rejected,,0,0
1810,2824,2025-12-09 03:15:45,app,short_term,2185,14,531,rejected,,0,0
1811,2065,2025-11-02 17:19:55,app,short_term,3709,7,583,rejected,,0,0
1812,1014,2024-08-16 16:09:33,web,short_term,3410,7,622,approved,2024-08-18 16:09:33,3410,7
1813,4830,2025-12-22 04:27:45,app,short_term,1498,30,584,rejected,,0,0
1814,3018,2025-05-21 00:05:08,app,short_term,4386,14,534,rejected,,0,0
1815,3242,2024-09-27 06:59:13,web,short_term,1387,21,572,approved,2024-09-28 06:59:13,1387,21
1816,1557,2025-03-26 19:16:53,app,short_term,4611,7,519,rejected,,0,0
1817,741,2024-07-17 10:09:14,app,short_term,658,21,583,rejected,,0,0
1818,3175,2024-04-13 03:35:05,app,installment,2317,120,500,approved,2024-04-14 03:35:05,2317,120
1819,2646,2024-10-20 21:34:14,web,short_term,837,14,573,rejected,,0,0
1820,667,2024-08-25 08:50:43,app,short_term,4521,7,526,rejected,,0,0
1821,4634,2025-07-27 17:32:29,partner,installment,1697,120,576,approved,2025-07-28 17:32:29,1697,120
1822,1271,2024-11-02 19:23:11,web,installment,2956,60,590,rejected,,0,0
1823,841,2024-07-27 03:50:12,app,short_term,1587,21,658,rejected,,0,0
1824,96,2025-04-06 16:58:02,app,short_term,965,14,625,rejected,,0,0
1825,1436,2025-05-18 16:23:09,app,short_term,2211,30,625,rejected,,0,0
1826,4115,2025-10-04 17:16:57,app,installment,3331,60,607,approved,2025-10-04 17:16:57,3331,60
1827,2035,2025-12-02 13:38:27,app,installment,1002,180,599,rejected,,0,0
1828,4016,2025-03-26 04:51:13,app,installment,645,180,593,rejected,,0,0
1829,3247,2025-02-22 16:45:03,app,short_term,1924,30,601,approved,2025-02-23 16:45:03,1924,30
1830,1693,2024-12-05 00:43:51,app,short_term,2151,21,561,rejected,,0,0
1831,3760,2024-02-13 17:22:14,app,short_term,2186,14,561,rejected,,0,0
1832,828,2025-08-09 09:06:49,app,short_term,3670,21,586,rejected,,0,0
1833,2553,2024-07-14 13:13:40,partner,installment,866,90,562,rejected,,0,0
1834,301,2024-02-03 12:05:39,app,installment,2954,60,558,rejected,,0,0
1835,2760,2025-12-12 00:23:18,app,installment,4212,60,647,approved,2025-12-13 00:23:18,3134,60
1836,3469,2025-07-26 19:10:09,app,short_term,2041,7,636,approved,2025-07-27 19:10:09,2041,7
1837,3019,2025-06-14 21:42:39,web,short_term,1728,7,656,rejected,,0,0
1838,713,2025-03-05 04:55:15,web,short_term,4187,7,602,rejected,,0,0
1839,325,2024-03-03 23:09:21,app,installment,4107,90,517,approved,2024-03-04 23:09:21,2924,90
1840,1575,2025-08-12 11:21:05,web,installment,3697,180,565,approved,2025-08-12 11:21:05,3697,180
1841,2291,2025-04-30 11:12:50,web,installment,1956,90,605,rejected,,0,0
1842,4229,2025-08-26 21:54:28,web,short_term,1319,14,567,rejected,,0,0
1843,4883,2025-03-12 15:22:18,app,installment,4966,120,575,rejected,,0,0
1844,214,2024-01-30 19:20:33,app,short_term,2634,7,602,rejected,,0,0
1845,3817,2024-10-14 18:55:02,partner,installment,1789,60,574,rejected,,0,0
1846,1365,2025-10-10 16:14:02,web,short_term,4525,14,550,rejected,,0,0
1847,876,2025-04-05 07:49:51,web,installment,4685,120,542,rejected,,0,0
1848,4832,2025-09-02 15:08:52,web,installment,2740,120,528,rejected,,0,0
1849,196,2025-11-19 12:02:03,partner,short_term,1768,14,523,rejected,,0,0
1850,586,2025-05-31 20:40:59,app,short_term,3365,7,665,rejected,,0,0
1851,2791,2024-11-29 07:21:43,partner,installment,1657,180,575,rejected,,0,0
1852,585,2024-09-08 23:20:37,web,short_term,3885,14,622,approved,2024-09-08 23:20:37,3885,14
1853,957,2025-07-03 07:46:26,app,short_term,937,7,577,approved,2025-07-03 07:46:26,937,7
1854,4518,2024-03-22 05:36:48,app,short_term,1418,30,530,rejected,,0,0
1855,4492,2024-03-26 06:04:03,app,installment,4913,90,641,approved,2024-03-26 06:04:03,4913,90
1856,4507,2024-10-11 18:29:46,app,installment,2789,90,578,approved,2024-10-13 18:29:46,2789,90
1857,711,2025-02-01 12:09:40,app,short_term,4735,21,621,approved,2025-02-03 12:09:40,4735,21
1858,3562,2024-07-11 14:34:46,app,short_term,1043,21,597,rejected,,0,0
1859,3523,2025-07-09 08:13:01,app,short_term,3017,21,600,rejected,,0,0
1860,3473,2025-02-08 18:30:44,app,installment,4878,90,669,approved,2025-02-10 18:30:44,4878,90
1861,2278,2024-12-13 14:14:23,app,short_term,1993,30,564,rejected,,0,0
1862,3201,2024-12-28 09:43:57,app,installment,1396,90,597,approved,2024-12-29 09:43:57,1396,90
1863,2670,2025-01-12 21:21:54,app,installment,3938,60,641,rejected,,0,0
1864,3091,2025-03-14 08:19:25,app,short_term,4343,14,550,rejected,,0,0
1865,3111,2024-10-20 17:05:45,app,short_term,2572,30,617,rejected,,0,0
1866,2855,2024-05-11 17:36:20,app,installment,1931,180,563,rejected,,0,0
1867,433,2025-02-21 01:09:56,app,short_term,3159,30,589,approved,2025-02-22 01:09:56,3159,30
1868,4659,2024-11-22 20:34:51,app,installment,1288,60,600,approved,2024-11-24 20:34:51,1288,60
1869,1866,2024-12-09 02:25:12,app,installment,782,120,545,approved,2024-12-10 02:25:12,782,120
1870,2778,2024-07-15 10:47:29,app,short_term,4305,21,524,rejected,,0,0
1871,4964,2024-11-20 03:14:24,app,installment,2974,120,552,approved,2024-11-22 03:14:24,2974,120
1872,3517,2024-10-11 00:55:11,app,short_term,2245,21,586,rejected,,0,0
1873,1450,2024-06-09 10:54:01,web,installment,3408,120,637,approved,2024-06-09 10:54:01,3408,120
1874,2710,2024-08-06 11:09:12,app,short_term,4927,14,586,approved,2024-08-08 11:09:12,4298,14
1875,1187,2025-04-10 19:44:56,web,installment,2485,120,607,rejected,,0,0
1876,2238,2024-10-09 19:49:27,app,installment,4297,60,597,approved,2024-10-11 19:49:27,3112,60
1877,2765,2024-07-25 01:52:04,web,short_term,4385,7,624,approved,2024-07-27 01:52:04,4385,7
1878,2938,2024-11-11 18:14:11,web,short_term,2569,7,620,rejected,,0,0
1879,3966,2024-03-08 12:25:39,app,short_term,4846,21,605,approved,2024-03-08 12:25:39,4846,21
1880,2205,2025-08-04 13:18:10,app,short_term,928,14,474,rejected,,0,0
1881,4319,2025-04-22 18:14:21,app,short_term,995,30,591,approved,2025-04-24 18:14:21,995,30
1882,2056,2024-11-02 19:41:36,app,short_term,1155,14,609,rejected,,0,0
1883,1953,2024-10-21 02:59:27,app,installment,2800,60,557,rejected,,0,0
1884,63,2024-05-13 04:27:44,web,installment,2003,60,640,approved,2024-05-14 04:27:44,2003,60
1885,2081,2024-08-09 05:58:00,app,short_term,4251,7,588,approved,2024-08-09 05:58:00,4108,7
1886,2718,2025-11-26 09:44:54,app,short_term,1716,21,558,rejected,,0,0
1887,2282,2024-11-11 09:46:37,app,installment,1321,120,626,rejected,,0,0
1888,3466,2025-06-06 18:18:16,app,short_term,4487,30,584,rejected,,0,0
1889,1445,2024-08-08 21:03:32,partner,installment,2338,90,471,rejected,,0,0
1890,3401,2024-12-14 01:11:29,app,short_term,3196,21,634,approved,2024-12-15 01:11:29,2878,21
1891,4135,2024-01-27 23:25:42,app,short_term,4911,30,606,approved,2024-01-27 23:25:42,3000,30
1892,1740,2025-10-12 01:40:05,app,installment,1863,120,631,approved,2025-10-13 01:40:05,1863,120
1893,2650,2025-11-06 20:23:13,app,short_term,4262,30,463,rejected,,0,0
1894,4291,2024-05-27 16:33:08,app,installment,3071,180,587,approved,2024-05-28 16:33:08,3071,180
1895,1959,2025-03-16 20:35:12,app,short_term,598,21,640,rejected,,0,0
1896,1285,2024-11-19 04:18:15,web,short_term,1104,7,607,rejected,,0,0
1897,2055,2024-04-23 18:43:04,app,installment,3214,60,557,rejected,,0,0
1898,1436,2025-09-28 22:37:01,web,short_term,3453,14,626,approved,2025-09-29 22:37:01,3453,14
1899,1898,2024-09-24 18:26:18,web,installment,2813,180,555,rejected,,0,0
1900,3517,2025-05-19 06:21:35,app,short_term,2331,21,610,approved,2025-05-21 06:21:35,2331,21
1901,3547,2025-02-12 16:48:25,app,installment,3165,180,590,approved,2025-02-14 16:48:25,3165,180
1902,916,2024-02-20 19:09:08,app,short_term,3310,30,610,rejected,,0,0
1903,4283,2024-02-13 13:35:58,app,short_term,4416,7,552,rejected,,0,0
1904,16,2025-02-08 20:32:19,web,short_term,1487,7,560,rejected,,0,0
1905,3109,2025-03-02 09:50:36,app,short_term,3675,30,587,rejected,,0,0
1906,3727,2024-02-04 03:00:58,app,installment,3865,180,558,rejected,,0,0
1907,548,2025-01-28 02:50:19,app,short_term,3394,30,575,rejected,,0,0
1908,786,2024-01-29 12:33:56,app,short_term,2745,14,579,rejected,,0,0
1909,4252,2025-02-18 06:49:23,partner,short_term,2179,7,575,approved,2025-02-18 06:49:23,2179,7
1910,2162,2025-12-02 04:22:57,app,short_term,1903,30,585,rejected,,0,0
1911,2895,2024-03-06 17:04:16,app,installment,3069,90,636,approved,2024-03-07 17:04:16,3069,90
1912,2408,2025-10-27 22:45:15,web,short_term,3195,14,522,rejected,,0,0
1913,1829,2024-07-09 00:19:30,app,short_term,2878,14,570,rejected,,0,0
1914,2998,2025-01-14 14:05:48,app,short_term,4215,14,555,approved,2025-01-16 14:05:48,4215,14
1915,1564,2025-08-11 00:00:41,web,short_term,1739,21,569,approved,2025-08-12 00:00:41,1739,21
1916,2173,2025-01-15 14:39:52,app,short_term,2403,21,624,approved,2025-01-16 14:39:52,2403,21
1917,2890,2025-08-30 16:25:55,web,installment,2711,60,611,approved,2025-08-30 16:25:55,2711,60
1918,1147,2025-08-23 09:07:05,web,short_term,4758,30,546,rejected,,0,0
1919,1749,2024-10-22 13:52:58,partner,installment,3775,60,522,approved,2024-10-23 13:52:58,3775,60
1920,3872,2024-07-12 20:33:29,app,short_term,2826,14,561,rejected,,0,0
1921,1076,2025-10-31 15:56:09,app,short_term,2034,30,571,rejected,,0,0
1922,1290,2025-11-04 08:11:35,web,short_term,2511,7,599,rejected,,0,0
1923,3461,2025-01-15 22:09:28,app,installment,3016,120,637,approved,2025-01-15 22:09:28,3016,120
1924,2310,2025-08-31 02:13:51,app,installment,1357,60,607,rejected,,0,0
1925,4462,2024-08-10 02:08:56,app,installment,2485,180,603,approved,2024-08-11 02:08:56,2485,180
1926,233,2025-07-27 03:39:43,app,installment,3570,90,641,approved,2025-07-27 03:39:43,3570,90
1927,225,2025-07-30 12:01:22,app,installment,1629,180,551,rejected,,0,0
1928,900,2025-07-10 05:04:34,app,installment,4501,120,611,approved,2025-07-10 05:04:34,4501,120
1929,4039,2024-07-03 06:21:23,web,short_term,3306,14,542,rejected,,0,0
1930,671,2024-05-01 02:32:52,partner,short_term,3040,30,640,approved,2024-05-01 02:32:52,3040,30
1931,651,2024-01-24 05:50:38,app,short_term,3310,30,565,rejected,,0,0
1932,2128,2024-08-29 22:42:05,app,short_term,856,30,588,rejected,,0,0
1933,4811,2024-07-22 17:53:58,app,installment,652,180,545,rejected,,0,0
1934,2054,2024-08-21 05:32:40,app,installment,4388,120,606,approved,2024-08-21 05:32:40,4388,120
1935,2059,2024-11-05 18:25:24,app,short_term,4183,21,557,rejected,,0,0
1936,824,2024-03-12 03:08:19,partner,installment,2619,180,503,rejected,,0,0
1937,2107,2025-02-23 12:00:01,app,short_term,1847,7,643,rejected,,0,0
1938,4222,2024-06-06 20:40:01,app,short_term,1662,21,618,approved,2024-06-08 20:40:01,1662,21
1939,4549,2024-12-10 06:23:30,app,installment,3827,60,544,rejected,,0,0
1940,2479,2025-07-12 21:11:49,partner,installment,1374,120,574,rejected,,0,0
1941,2589,2025-08-27 02:12:22,app,installment,2044,60,547,approved,2025-08-28 02:12:22,2044,60
1942,3938,2025-06-17 05:22:27,web,short_term,1859,14,603,rejected,,0,0
1943,4505,2025-05-02 21:08:29,app,installment,4357,60,490,rejected,,0,0
1944,2995,2025-06-04 17:42:09,app,installment,1249,120,527,rejected,,0,0
1945,51,2025-01-18 01:34:22,app,short_term,3955,14,557,approved,2025-01-20 01:34:22,3927,14
1946,328,2024-10-18 05:35:46,app,short_term,3425,21,572,approved,2024-10-20 05:35:46,3425,21
1947,75,2025-04-18 12:55:40,app,short_term,3361,21,592,approved,2025-04-19 12:55:40,3361,21
1948,3060,2024-09-30 19:56:33,app,short_term,4305,14,500,rejected,,0,0
1949,2017,2024-01-28 01:41:16,web,installment,2891,180,561,approved,2024-01-30 01:41:16,2891,180
1950,1110,2025-08-29 13:49:38,app,installment,2627,90,599,rejected,,0,0
1951,1779,2024-12-12 22:20:15,app,short_term,4886,7,661,approved,2024-12-13 22:20:15,4886,7
1952,1723,2024-11-08 13:47:46,app,short_term,3905,7,564,approved,2024-11-09 13:47:46,3905,7
1953,4244,2024-03-14 13:05:52,app,installment,4795,90,660,approved,2024-03-16 13:05:52,4795,90
1954,4332,2025-03-19 04:20:04,app,installment,3992,180,595,rejected,,0,0
1955,4964,2024-09-17 21:14:06,app,installment,4598,180,559,rejected,,0,0
1956,3370,2025-07-10 03:41:52,app,short_term,3833,21,466,rejected,,0,0
1957,4232,2025-07-03 13:52:41,app,installment,2552,60,590,rejected,,0,0
1958,2675,2024-03-06 07:12:50,app,installment,1317,120,647,approved,2024-03-06 07:12:50,1317,120
1959,1033,2025-01-01 00:25:18,app,installment,4784,60,532,rejected,,0,0
1960,713,2025-12-01 20:58:48,app,installment,2655,90,621,rejected,,0,0
1961,3543,2024-02-03 18:17:05,app,installment,3020,180,618,approved,2024-02-03 18:17:05,3020,180
1962,412,2024-03-03 06:45:05,app,installment,4431,180,643,approved,2024-03-05 06:45:05,4431,180
1963,2452,2025-07-02 19:02:33,app,installment,2554,90,607,rejected,,0,0
1964,2335,2025-07-26 04:53:46,app,short_term,1792,21,516,approved,2025-07-26 04:53:46,1792,21
1965,2362,2024-08-14 13:21:27,app,installment,973,60,614,approved,2024-08-16 13:21:27,973,60
1966,1794,2024-11-14 10:48:53,app,short_term,2719,30,553,rejected,,0,0
1967,1270,2024-04-12 01:04:06,partner,short_term,3739,7,580,rejected,,0,0
1968,3960,2024-05-10 13:12:32,app,short_term,870,7,583,approved,2024-05-10 13:12:32,870,7
1969,3504,2024-11-08 21:58:53,app,short_term,2095,7,608,rejected,,0,0
1970,673,2025-07-21 09:38:02,web,installment,1499,180,595,approved,2025-07-23 09:38:02,1499,180
1971,2440,2025-07-12 21:12:19,web,installment,3050,60,510,rejected,,0,0
1972,1739,2024-11-02 15:49:00,partner,installment,3370,90,593,rejected,,0,0
1973,3486,2025-12-17 22:43:39,partner,short_term,4201,7,545,rejected,,0,0
1974,3209,2024-03-17 20:44:43,partner,short_term,3330,14,586,rejected,,0,0
1975,2667,2024-02-05 10:39:34,app,short_term,1987,7,603,approved,2024-02-06 10:39:34,1987,7
1976,4688,2024-07-10 11:26:50,partner,installment,3640,60,579,rejected,,0,0
1977,2794,2024-09-19 08:48:21,app,installment,1825,120,575,approved,2024-09-20 08:48:21,1825,120
1978,558,2024-12-27 20:44:34,app,short_term,1027,21,545,rejected,,0,0
1979,493,2025-06-30 14:32:59,web,installment,4893,90,514,rejected,,0,0
1980,4280,2024-06-04 19:43:13,app,installment,3763,180,610,approved,2024-06-06 19:43:13,3763,180
1981,3215,2025-09-12 11:34:31,app,installment,4504,60,580,rejected,,0,0
1982,3945,2025-07-09 15:25:44,app,installment,936,180,597,rejected,,0,0
1983,4041,2024-02-27 14:44:21,app,short_term,624,30,558,rejected,,0,0
1984,3089,2025-03-10 12:52:33,web,short_term,4828,14,573,rejected,,0,0
1985,3999,2024-01-24 09:00:52,app,short_term,4460,21,647,approved,2024-01-26 09:00:52,4460,21
1986,894,2025-09-30 00:58:37,web,short_term,1879,14,527,rejected,,0,0
1987,1760,2024-05-29 21:36:54,web,short_term,2595,30,622,approved,2024-05-29 21:36:54,2595,30
1988,2515,2024-07-12 12:40:11,app,installment,2427,90,564,approved,2024-07-14 12:40:11,2427,90
1989,3530,2025-10-20 06:14:36,app,short_term,509,30,513,rejected,,0,0
1990,3279,2025-01-31 21:14:45,app,installment,2942,180,552,rejected,,0,0
1991,4952,2024-12-19 19:12:19,app,short_term,1921,14,614,approved,2024-12-20 19:12:19,1921,14
1992,366,2024-02-29 06:52:56,app,short_term,4012,30,575,rejected,,0,0
1993,362,2024-03-29 02:14:57,app,installment,4588,180,573,rejected,,0,0
1994,3915,2024-07-02 20:53:38,web,short_term,838,30,496,rejected,,0,0
1995,488,2025-03-29 06:34:02,app,installment,1745,180,584,rejected,,0,0
1996,4829,2024-12-26 17:43:11,app,short_term,4660,21,578,rejected,,0,0
1997,2662,2025-09-15 11:54:25,app,short_term,3370,21,585,rejected,,0,0
1998,3261,2024-05-20 17:38:46,app,installment,4945,180,566,rejected,,0,0
1999,2107,2025-10-22 10:49:58,web,installment,3260,180,615,approved,2025-10-23 10:49:58,3260,180
2000,1983,2025-06-03 06:34:30,web,installment,4363,90,647,approved,2025-06-04 06:34:30,4363,90
2001,305,2024-09-04 00:39:59,app,short_term,782,30,559,rejected,,0,0
2002,3706,2024-08-10 08:51:31,partner,short_term,3566,7,557,rejected,,0,0
2003,3601,2025-03-14 03:03:38,app,short_term,1331,7,561,rejected,,0,0
2004,2275,2024-07-05 05:26:54,app,short_term,1498,30,603,rejected,,0,0
2005,1754,2024-06-01 09:26:16,app,short_term,4899,21,639,approved,2024-06-02 09:26:16,4899,21
2006,2879,2025-11-04 08:48:38,app,installment,2566,180,560,rejected,,0,0
2007,1206,2024-11-05 04:24:37,web,short_term,4804,30,615,approved,2024-11-07 04:24:37,4641,30
2008,108,2024-03-17 12:14:37,partner,short_term,2001,14,602,rejected,,0,0
2009,4345,2024-03-01 00:07:06,web,short_term,592,14,583,approved,2024-03-02 00:07:06,592,14
2010,2227,2024-11-23 17:15:43,web,short_term,1691,7,608,approved,2024-11-23 17:15:43,1691,7
2011,1931,2024-11-12 10:23:57,app,short_term,3143,14,561,rejected,,0,0
2012,4962,2024-07-28 16:58:28,app,short_term,2967,14,574,approved,2024-07-28 16:58:28,2892,14
2013,2727,2025-04-19 01:45:48,app,installment,3302,120,549,rejected,,0,0
2014,809,2025-11-22 07:17:23,app,short_term,3033,21,570,approved,2025-11-22 07:17:23,3033,21
2015,82,2025-04-10 04:25:28,app,installment,2047,90,594,approved,2025-04-11 04:25:28,2047,90
2016,4113,2025-10-24 14:25:02,app,short_term,2865,30,614,rejected,,0,0
2017,997,2025-12-09 20:07:37,app,short_term,1974,30,623,approved,2025-12-10 20:07:37,1974,30
2018,1869,2025-09-04 20:53:12,app,installment,3288,180,626,approved,2025-09-06 20:53:12,3288,180
2019,3587,2025-02-02 21:07:00,app,short_term,2922,7,538,rejected,,0,0
2020,1381,2025-06-09 23:31:46,partner,installment,782,90,565,approved,2025-06-10 23:31:46,782,90
2021,4430,2024-06-05 17:21:38,app,installment,2076,60,560,rejected,,0,0
2022,4660,2024-01-27 03:31:23,app,short_term,4490,21,566,rejected,,0,0
2023,2497,2025-01-12 00:15:21,web,short_term,3358,14,650,approved,2025-01-14 00:15:21,3358,14
2024,2304,2024-08-27 19:32:53,web,short_term,807,7,625,approved,2024-08-27 19:32:53,807,7
2025,4618,2025-08-04 15:59:14,partner,short_term,3089,14,672,rejected,,0,0
2026,4987,2024-11-10 16:59:28,app,installment,4032,120,487,rejected,,0,0
2027,2145,2024-03-18 14:56:16,web,short_term,3730,30,569,rejected,,0,0
2028,2786,2024-10-29 01:13:06,web,short_term,2185,21,587,rejected,,0,0
2029,957,2025-09-29 12:38:13,web,short_term,1644,21,598,rejected,,0,0
2030,2194,2024-03-16 05:24:53,app,short_term,2763,21,601,rejected,,0,0
2031,249,2024-11-09 21:24:59,app,short_term,622,7,651,approved,2024-11-09 21:24:59,622,7
2032,1380,2024-10-31 05:23:42,app,short_term,648,7,628,rejected,,0,0
2033,1218,2024-02-03 23:57:21,app,short_term,1793,14,576,approved,2024-02-04 23:57:21,1793,14
2034,163,2024-09-19 18:46:10,app,short_term,3045,30,576,rejected,,0,0
2035,1255,2024-03-07 21:14:59,app,short_term,2236,7,622,approved,2024-03-09 21:14:59,2236,7
2036,3855,2024-04-03 23:26:51,app,installment,4607,60,590,rejected,,0,0
2037,134,2025-02-06 05:39:23,app,short_term,4694,14,639,approved,2025-02-08 05:39:23,4694,14
2038,1754,2025-09-20 23:47:50,app,installment,4659,180,585,rejected,,0,0
2039,2608,2024-02-03 02:24:50,app,installment,1959,90,607,approved,2024-02-05 02:24:50,1959,90
2040,3763,2025-06-28 01:02:46,app,installment,4613,90,606,approved,2025-06-28 01:02:46,4613,90
2041,4288,2025-02-05 14:07:15,app,installment,4014,60,573,rejected,,0,0
2042,4518,2024-10-03 22:32:13,app,installment,1873,180,552,rejected,,0,0
2043,4981,2025-03-30 20:34:51,app,short_term,2489,30,578,rejected,,0,0
2044,1476,2025-10-28 14:30:40,app,installment,2187,120,583,rejected,,0,0
2045,1550,2025-10-23 06:04:24,partner,installment,4007,120,619,approved,2025-10-25 06:04:24,4007,120
2046,1600,2024-10-07 20:30:33,app,short_term,1973,7,650,approved,2024-10-07 20:30:33,1973,7
2047,3344,2025-02-15 04:51:36,partner,short_term,4323,7,499,rejected,,0,0
2048,4978,2024-03-23 19:52:34,app,short_term,1668,21,607,rejected,,0,0
2049,1303,2025-12-10 08:09:51,web,installment,2338,180,592,approved,2025-12-10 08:09:51,2338,180
2050,2011,2025-07-04 01:27:59,app,short_term,4133,7,555,rejected,,0,0
2051,1102,2025-02-13 12:35:15,web,short_term,1924,14,590,approved,2025-02-14 12:35:15,1924,14
2052,4077,2024-02-01 05:05:17,app,short_term,1235,14,611,rejected,,0,0
2053,1979,2025-08-20 20:34:09,app,short_term,1067,7,592,approved,2025-08-22 20:34:09,1067,7
2054,3146,2025-05-11 14:47:43,partner,short_term,4129,14,618,rejected,,0,0
2055,286,2025-08-11 23:07:06,app,short_term,4144,14,675,approved,2025-08-12 23:07:06,4144,14
2056,233,2025-07-11 04:47:54,app,installment,3451,180,622,rejected,,0,0
2057,3144,2024-04-08 23:44:19,partner,installment,1058,120,576,approved,2024-04-08 23:44:19,1058,120
2058,817,2024-07-14 21:43:42,app,installment,2827,60,625,approved,2024-07-15 21:43:42,2827,60
2059,3043,2025-09-12 17:28:04,web,installment,1204,120,596,rejected,,0,0
2060,3257,2024-10-02 07:18:45,app,installment,1387,180,503,rejected,,0,0
2061,4567,2025-08-05 18:18:03,app,short_term,4280,21,622,approved,2025-08-05 18:18:03,4280,21
2062,4609,2024-10-19 09:27:37,app,installment,2053,180,555,rejected,,0,0
2063,4404,2024-03-06 03:06:40,app,installment,2257,120,503,rejected,,0,0
2064,136,2024-07-19 12:25:29,web,short_term,816,30,573,rejected,,0,0
2065,4380,2024-05-13 22:19:01,app,installment,3581,120,637,approved,2024-05-15 22:19:01,3581,120
2066,201,2025-03-17 12:50:23,app,installment,1515,60,557,approved,2025-03-19 12:50:23,1515,60
2067,4390,2024-12-14 04:03:00,app,installment,3454,60,621,rejected,,0,0
2068,1279,2025-12-07 15:45:34,app,short_term,3561,21,524,approved,2025-12-09 15:45:34,3394,21
2069,4204,2025-06-18 15:03:09,app,installment,700,120,622,approved,2025-06-19 15:03:09,700,120
2070,1843,2025-09-28 03:19:31,app,installment,4594,60,591,approved,2025-09-30 03:19:31,3543,60
2071,1697,2025-05-10 16:10:48,app,installment,1077,90,584,rejected,,0,0
2072,1041,2024-05-19 10:37:51,app,installment,4722,180,598,rejected,,0,0
2073,590,2025-05-31 07:04:52,web,installment,874,60,550,rejected,,0,0
2074,1182,2025-07-09 09:21:22,app,short_term,4167,14,567,rejected,,0,0
2075,1712,2024-09-30 14:24:39,app,short_term,3334,30,587,approved,2024-09-30 14:24:39,3334,30
2076,637,2024-03-10 18:53:38,app,short_term,2548,7,592,rejected,,0,0
2077,391,2024-11-28 20:09:52,app,short_term,3895,21,552,rejected,,0,0
2078,1636,2025-02-24 11:10:56,app,short_term,520,7,614,rejected,,0,0
2079,4984,2025-01-23 15:18:56,app,short_term,3078,21,530,rejected,,0,0
2080,2340,2025-09-22 16:31:11,app,installment,1001,180,544,approved,2025-09-22 16:31:11,1001,180
2081,2933,2024-09-10 12:11:35,app,installment,912,120,489,rejected,,0,0
2082,4408,2024-10-19 15:32:35,web,installment,4911,60,599,approved,2024-10-20 15:32:35,4911,60
2083,187,2024-08-24 17:57:02,web,installment,3967,180,564,rejected,,0,0
2084,2063,2024-09-29 23:24:12,app,short_term,3156,7,540,rejected,,0,0
2085,2859,2024-08-09 18:17:53,web,short_term,780,21,640,approved,2024-08-11 18:17:53,780,21
2086,4652,2025-06-10 22:33:35,app,short_term,2576,7,565,approved,2025-06-12 22:33:35,2576,7
2087,1057,2024-12-22 00:11:40,web,short_term,3943,30,568,approved,2024-12-23 00:11:40,3943,30
2088,2904,2024-11-07 22:02:40,web,short_term,2084,7,587,rejected,,0,0
2089,414,2024-05-03 05:04:53,web,installment,4734,180,603,rejected,,0,0
2090,3292,2025-11-23 01:38:29,partner,installment,2148,180,524,rejected,,0,0
2091,4057,2024-09-10 19:49:17,app,short_term,1946,7,604,approved,2024-09-11 19:49:17,1946,7
2092,4593,2025-03-03 20:55:49,app,short_term,940,14,602,rejected,,0,0
2093,4675,2025-10-21 02:12:24,web,installment,778,90,532,approved,2025-10-23 02:12:24,778,90
2094,712,2024-10-26 00:00:47,web,installment,3477,60,642,approved,2024-10-28 00:00:47,3477,60
2095,3304,2025-10-06 06:53:48,app,short_term,3096,30,557,approved,2025-10-08 06:53:48,3096,30
2096,2645,2024-12-25 15:04:12,app,short_term,749,21,468,rejected,,0,0
2097,4147,2024-05-07 14:10:25,app,short_term,1492,14,609,approved,2024-05-09 14:10:25,1492,14
2098,1540,2024-05-25 06:28:15,app,installment,1284,60,455,rejected,,0,0
2099,967,2024-05-03 05:51:49,partner,installment,3126,180,639,approved,2024-05-05 05:51:49,3126,180
2100,4785,2024-02-14 09:47:49,web,installment,2512,90,630,approved,2024-02-15 09:47:49,2512,90
2101,866,2025-12-22 13:18:11,web,short_term,4318,30,494,rejected,,0,0
2102,4528,2024-04-18 04:54:46,app,installment,2012,90,557,rejected,,0,0
2103,4093,2025-03-23 06:13:17,app,installment,1113,90,566,rejected,,0,0
2104,2769,2025-05-22 01:14:42,web,installment,2450,120,626,approved,2025-05-24 01:14:42,2450,120
2105,3836,2025-06-16 12:26:06,app,short_term,1541,21,607,approved,2025-06-18 12:26:06,1541,21
2106,2228,2025-12-16 20:17:01,app,short_term,3061,30,538,rejected,,0,0
2107,733,2024-09-05 16:04:36,app,short_term,3950,14,589,approved,2024-09-07 16:04:36,3950,14
2108,1441,2025-03-27 20:08:14,app,short_term,2986,30,529,rejected,,0,0
2109,4130,2025-03-07 22:02:43,app,short_term,3392,14,568,approved,2025-03-07 22:02:43,3392,14
2110,2525,2025-03-01 13:27:16,app,installment,4266,60,634,approved,2025-03-01 13:27:16,4266,60
2111,3046,2025-10-24 13:52:56,app,short_term,999,14,573,approved,2025-10-25 13:52:56,999,14
2112,3354,2025-10-30 15:41:33,app,short_term,3377,14,457,rejected,,0,0
2113,1726,2025-09-14 03:09:28,app,installment,525,90,587,rejected,,0,0
2114,2748,2024-08-22 03:10:29,app,installment,1901,120,476,rejected,,0,0
2115,3768,2025-02-08 22:29:58,app,installment,3365,180,600,approved,2025-02-10 22:29:58,3365,180
2116,4195,2025-09-30 16:09:34,app,short_term,1217,30,586,approved,2025-09-30 16:09:34,1217,30
2117,4696,2025-05-17 12:18:51,app,installment,2380,120,618,rejected,,0,0
2118,1710,2025-12-21 15:03:44,app,installment,3297,90,620,approved,2025-12-23 15:03:44,3297,90
2119,4675,2024-05-20 14:35:58,partner,installment,1309,60,533,rejected,,0,0
2120,777,2024-03-08 16:40:34,app,installment,1417,90,612,approved,2024-03-10 16:40:34,1417,90
2121,3896,2024-06-26 02:25:44,partner,short_term,2021,30,525,rejected,,0,0
2122,4329,2025-08-31 18:21:20,app,short_term,930,30,639,approved,2025-09-02 18:21:20,930,30
2123,17,2025-08-07 20:48:34,app,short_term,4594,21,685,approved,2025-08-08 20:48:34,4594,21
2124,1559,2025-10-15 10:26:15,partner,short_term,1268,30,611,approved,2025-10-17 10:26:15,1268,30
2125,2104,2024-08-04 19:25:19,app,installment,4275,120,643,rejected,,0,0
2126,3625,2024-05-23 16:46:21,web,installment,580,120,614,approved,2024-05-23 16:46:21,580,120
2127,4136,2025-07-05 15:09:13,app,installment,3001,120,544,rejected,,0,0
2128,412,2024-04-10 12:27:35,app,installment,2834,180,617,approved,2024-04-10 12:27:35,2834,180
2129,2759,2025-09-23 18:27:22,app,short_term,2484,14,600,rejected,,0,0
2130,3826,2025-05-07 13:32:37,app,installment,4972,180,538,rejected,,0,0
2131,1121,2025-05-22 05:37:53,app,installment,4154,180,589,approved,2025-05-23 05:37:53,3819,180
2132,12,2025-07-28 06:56:16,app,short_term,4473,7,583,rejected,,0,0
2133,2003,2024-10-18 08:41:30,app,installment,4075,180,546,approved,2024-10-19 08:41:30,4075,180
2134,445,2025-12-18 12:47:51,app,short_term,2200,14,510,rejected,,0,0
2135,304,2024-02-22 02:30:29,app,installment,3380,180,606,rejected,,0,0
2136,635,2024-03-06 23:02:15,app,installment,2188,90,620,rejected,,0,0
2137,882,2024-12-05 20:29:10,partner,short_term,3289,30,626,approved,2024-12-06 20:29:10,3289,30
2138,2480,2025-09-02 03:18:54,app,installment,4539,180,605,approved,2025-09-04 03:18:54,3068,180
2139,4498,2024-04-30 19:35:35,app,short_term,3605,30,627,rejected,,0,0
2140,936,2024-09-10 04:28:39,app,short_term,2614,30,631,approved,2024-09-10 04:28:39,2614,30
2141,2692,2025-04-15 04:31:24,app,installment,3450,60,608,approved,2025-04-15 04:31:24,3450,60
2142,4473,2024-10-08 12:35:40,app,installment,2817,90,603,approved,2024-10-08 12:35:40,2817,90
2143,3350,2025-12-15 22:46:04,app,installment,3266,120,551,rejected,,0,0
2144,2924,2024-12-08 14:46:29,app,installment,3054,120,571,rejected,,0,0
2145,1736,2025-11-16 08:08:40,app,installment,2986,120,454,rejected,,0,0
2146,564,2025-10-20 10:50:55,app,installment,953,90,564,rejected,,0,0
2147,359,2024-07-27 10:00:11,app,installment,2797,180,491,rejected,,0,0
2148,2784,2024-11-25 23:20:50,app,installment,1162,180,557,rejected,,0,0
2149,960,2025-10-31 22:12:01,web,installment,1735,60,601,rejected,,0,0
2150,2288,2024-09-05 10:36:59,app,installment,3804,90,623,rejected,,0,0
2151,591,2024-10-09 01:12:23,app,short_term,4251,30,619,approved,2024-10-09 01:12:23,4251,30
2152,4253,2024-10-21 08:37:20,app,short_term,3854,21,598,approved,2024-10-22 08:37:20,3088,21
2153,400,2025-02-16 23:29:07,partner,short_term,869,7,578,approved,2025-02-16 23:29:07,869,7
2154,1766,2024-12-23 21:49:33,app,short_term,4259,30,615,rejected,,0,0
2155,1944,2025-06-06 17:54:56,app,installment,3473,180,602,approved,2025-06-07 17:54:56,3473,180
2156,752,2024-10-23 15:47:32,app,installment,2044,90,594,rejected,,0,0
2157,636,2024-11-26 08:53:45,app,short_term,3898,7,621,approved,2024-11-28 08:53:45,3898,7
2158,3294,2025-10-25 19:22:50,partner,installment,3456,90,604,approved,2025-10-25 19:22:50,3456,90
2159,1598,2025-05-10 13:58:07,app,installment,1159,90,578,rejected,,0,0
2160,4543,2025-12-18 14:53:33,web,installment,2118,180,584,rejected,,0,0
2161,2666,2024-02-27 13:31:12,app,short_term,791,30,554,rejected,,0,0
2162,3135,2024-06-28 15:09:07,web,short_term,3344,21,637,approved,2024-06-29 15:09:07,3344,21
2163,1540,2024-09-09 19:40:40,app,installment,878,180,493,rejected,,0,0
2164,4146,2024-03-19 08:44:05,web,installment,4954,90,598,approved,2024-03-19 08:44:05,4947,90
2165,2744,2024-02-04 20:45:45,app,short_term,3281,14,597,approved,2024-02-05 20:45:45,3281,14
2166,198,2024-10-06 23:18:09,app,installment,2819,180,664,approved,2024-10-08 23:18:09,2819,180
2167,797,2024-01-28 04:18:34,app,installment,810,60,592,approved,2024-01-29 04:18:34,810,60
2168,1266,2025-03-10 10:47:35,app,short_term,1019,30,623,approved,2025-03-12 10:47:35,1019,30
2169,365,2025-08-29 20:00:54,app,short_term,1697,14,547,rejected,,0,0
2170,3934,2024-07-09 13:58:47,partner,short_term,2683,14,620,approved,2024-07-09 13:58:47,2683,14
2171,4622,2025-10-22 13:29:02,app,short_term,1287,30,583,rejected,,0,0
2172,418,2025-10-13 10:18:56,app,short_term,1204,7,637,approved,2025-10-14 10:18:56,1204,7
2173,1108,2024-10-17 08:43:44,web,short_term,2353,21,633,approved,2024-10-17 08:43:44,2353,21
2174,372,2025-06-23 23:15:40,app,short_term,1539,14,613,rejected,,0,0
2175,1577,2025-11-27 01:23:27,app,short_term,4475,7,494,rejected,,0,0
2176,4357,2024-04-02 05:41:08,app,installment,1006,60,612,approved,2024-04-02 05:41:08,1006,60
2177,704,2025-09-15 17:14:16,app,installment,1632,180,604,rejected,,0,0
2178,4426,2025-03-03 04:57:05,app,short_term,3099,30,575,approved,2025-03-05 04:57:05,3099,30
2179,2864,2025-11-22 15:11:03,app,installment,2846,180,624,approved,2025-11-23 15:11:03,2846,180
2180,4339,2025-06-30 05:52:47,app,installment,2306,60,626,approved,2025-07-01 05:52:47,2306,60
2181,2056,2025-08-13 13:51:26,web,installment,3149,180,630,rejected,,0,0
2182,4543,2025-09-23 23:55:30,app,short_term,675,21,583,rejected,,0,0
2183,2998,2024-03-03 11:33:48,app,short_term,1540,7,597,rejected,,0,0
2184,1455,2025-11-21 22:33:24,app,short_term,2543,21,579,rejected,,0,0
2185,698,2025-01-20 11:07:01,web,short_term,2909,7,632,approved,2025-01-21 11:07:01,2909,7
2186,2138,2024-06-22 19:29:06,app,short_term,1725,14,630,approved,2024-06-24 19:29:06,1725,14
2187,2977,2024-06-05 03:27:37,app,short_term,3733,21,579,rejected,,0,0
2188,2206,2025-08-19 23:15:25,app,short_term,2032,30,561,approved,2025-08-21 23:15:25,2032,30
2189,306,2025-07-10 12:03:03,web,short_term,526,21,510,rejected,,0,0
2190,3551,2024-10-21 23:54:37,web,installment,1056,180,680,approved,2024-10-23 23:54:37,1056,180
2191,4027,2024-07-25 22:39:26,app,short_term,527,7,625,rejected,,0,0
2192,680,2025-01-31 00:44:35,app,installment,4264,180,558,approved,2025-01-31 00:44:35,4264,180
2193,4131,2024-12-19 14:43:00,web,short_term,2057,21,559,rejected,,0,0
2194,2890,2024-03-05 14:16:36,app,short_term,4705,14,617,approved,2024-03-06 14:16:36,4705,14
2195,3191,2025-02-26 11:06:29,app,installment,2970,120,551,rejected,,0,0
2196,2464,2024-11-21 14:07:19,app,short_term,4635,30,545,approved,2024-11-21 14:07:19,3303,30
2197,28,2025-09-19 12:07:02,app,short_term,1779,21,596,approved,2025-09-19 12:07:02,1779,21
2198,4156,2024-05-16 21:27:24,web,installment,3898,120,638,approved,2024-05-17 21:27:24,3898,120
2199,2308,2024-02-26 19:15:05,app,installment,2910,120,657,approved,2024-02-28 19:15:05,2910,120
2200,1388,2024-11-03 06:56:33,app,installment,640,180,632,approved,2024-11-05 06:56:33,640,180
2201,3778,2025-09-07 09:30:12,app,short_term,4053,21,570,rejected,,0,0
2202,1518,2025-10-23 09:13:49,app,short_term,1802,21,595,approved,2025-10-25 09:13:49,1802,21
2203,4185,2025-03-30 18:46:38,app,installment,2239,180,537,rejected,,0,0
2204,3104,2025-01-21 09:47:02,app,short_term,509,21,570,approved,2025-01-21 09:47:02,509,21
2205,3265,2025-06-13 16:48:56,app,short_term,4776,21,608,rejected,,0,0
2206,1760,2024-05-24 08:11:26,app,short_term,1256,14,625,approved,2024-05-25 08:11:26,1256,14
2207,4649,2024-04-02 22:19:32,app,installment,4173,180,599,rejected,,0,0
2208,3035,2024-08-01 19:59:13,app,installment,4193,180,535,rejected,,0,0
2209,1661,2025-05-31 13:18:58,app,installment,574,90,591,approved,2025-06-02 13:18:58,574,90
2210,2609,2025-05-17 20:08:42,app,short_term,3066,7,548,rejected,,0,0
2211,346,2024-04-15 07:31:12,app,short_term,673,21,614,rejected,,0,0
2212,4999,2025-07-10 11:28:14,app,installment,761,90,550,rejected,,0,0
2213,1526,2024-08-06 22:26:11,web,short_term,1401,7,627,approved,2024-08-06 22:26:11,1401,7
2214,2328,2025-02-24 01:02:52,app,installment,3009,180,570,rejected,,0,0
2215,4853,2025-04-03 13:49:03,app,installment,4405,60,513,rejected,,0,0
2216,3622,2025-10-10 09:27:18,app,short_term,983,21,631,approved,2025-10-11 09:27:18,983,21
2217,4718,2025-07-24 05:01:39,app,installment,646,90,549,rejected,,0,0
2218,2367,2024-08-12 06:29:40,web,short_term,3592,14,551,rejected,,0,0
2219,2542,2025-03-31 09:52:32,app,short_term,1198,30,589,rejected,,0,0
2220,2266,2024-08-05 10:45:55,web,short_term,4792,21,611,rejected,,0,0
2221,4247,2024-02-26 02:11:16,web,installment,4400,60,571,approved,2024-02-26 02:11:16,4260,60
2222,637,2025-06-02 18:43:36,app,installment,2506,90,592,rejected,,0,0
2223,2141,2024-08-19 07:52:02,app,short_term,833,7,610,rejected,,0,0
2224,3692,2025-05-09 20:34:53,app,short_term,744,14,645,rejected,,0,0
2225,560,2024-12-23 21:04:13,app,installment,4179,90,551,rejected,,0,0
2226,3716,2025-02-05 01:25:14,partner,installment,4271,120,608,rejected,,0,0
2227,4212,2024-07-29 03:55:31,app,short_term,3431,14,620,approved,2024-07-31 03:55:31,3431,14
2228,792,2024-11-24 22:07:48,web,installment,3921,90,630,rejected,,0,0
2229,79,2025-12-19 05:09:01,app,short_term,2797,14,621,rejected,,0,0
2230,3693,2024-05-11 10:07:00,app,installment,3151,60,610,approved,2024-05-12 10:07:00,3151,60
2231,9,2025-11-23 19:58:23,app,installment,3007,90,632,approved,2025-11-24 19:58:23,2496,90
2232,256,2025-12-22 16:15:08,web,short_term,2653,21,595,rejected,,0,0
2233,278,2025-08-16 04:53:26,app,short_term,3526,14,612,rejected,,0,0
2234,1117,2025-04-05 08:18:27,app,installment,1685,120,556,rejected,,0,0
2235,4198,2025-11-05 07:56:15,app,installment,4718,120,588,approved,2025-11-06 07:56:15,3178,120
2236,377,2025-04-10 21:12:48,app,short_term,3426,7,484,approved,2025-04-10 21:12:48,3426,7
2237,4659,2024-08-21 15:10:34,web,installment,2149,180,620,rejected,,0,0
2238,62,2025-08-10 11:09:41,app,short_term,4292,7,559,approved,2025-08-12 11:09:41,4292,7
2239,1817,2024-06-06 23:08:31,partner,short_term,582,7,578,rejected,,0,0
2240,1078,2024-07-06 22:21:28,app,short_term,4462,14,596,rejected,,0,0
2241,1715,2025-03-10 18:21:57,web,short_term,4845,30,593,approved,2025-03-11 18:21:57,4845,30
2242,1875,2024-06-06 21:46:20,web,short_term,2161,30,571,rejected,,0,0
2243,1545,2025-07-17 20:46:55,app,short_term,2407,7,531,rejected,,0,0
2244,3986,2024-02-15 10:08:21,web,short_term,1013,21,551,rejected,,0,0
2245,3396,2024-09-17 14:38:29,web,short_term,2719,30,590,approved,2024-09-19 14:38:29,2719,30
2246,703,2025-07-31 09:30:01,partner,installment,4950,180,596,rejected,,0,0
2247,1747,2025-01-02 02:12:11,app,installment,2231,180,594,rejected,,0,0
2248,2323,2025-04-12 23:51:53,app,installment,2119,180,626,approved,2025-04-13 23:51:53,2119,180
2249,4629,2024-10-11 22:43:44,app,installment,2421,120,637,rejected,,0,0
2250,2600,2025-11-27 04:57:44,app,short_term,2674,30,636,approved,2025-11-28 04:57:44,2674,30
2251,2128,2024-08-21 11:52:16,web,installment,968,90,639,approved,2024-08-22 11:52:16,968,90
2252,3126,2024-06-04 18:37:16,app,short_term,3510,30,627,approved,2024-06-04 18:37:16,3510,30
2253,4417,2024-09-05 02:34:01,app,short_term,4570,21,622,approved,2024-09-06 02:34:01,4570,21
2254,708,2025-07-09 00:06:16,app,short_term,1536,14,602,rejected,,0,0
2255,856,2024-12-12 03:12:57,app,installment,910,120,576,rejected,,0,0
2256,2921,2024-02-14 10:37:18,app,short_term,4485,21,542,rejected,,0,0
2257,3044,2024-10-07 17:15:56,app,short_term,2262,21,626,rejected,,0,0
2258,1023,2024-02-25 00:09:58,app,short_term,905,30,631,rejected,,0,0
2259,4644,2025-07-26 15:24:29,web,short_term,3685,21,665,approved,2025-07-27 15:24:29,3685,21
2260,2923,2024-12-07 18:24:30,app,short_term,1159,7,604,approved,2024-12-09 18:24:30,1159,7
2261,694,2024-04-24 08:57:04,partner,short_term,2437,14,602,approved,2024-04-24 08:57:04,2437,14
2262,335,2025-08-20 01:39:34,app,installment,4146,90,608,approved,2025-08-21 01:39:34,4146,90
2263,4532,2025-04-12 13:13:33,app,short_term,3775,7,534,rejected,,0,0
2264,18,2025-06-30 16:58:21,app,short_term,4189,30,527,rejected,,0,0
2265,4155,2024-04-12 20:15:13,web,short_term,1552,14,570,approved,2024-04-12 20:15:13,1552,14
2266,2125,2025-02-03 04:50:24,app,installment,2508,180,537,rejected,,0,0
2267,4738,2024-11-24 10:53:55,app,short_term,1851,7,594,rejected,,0,0
2268,3765,2025-07-22 15:31:58,app,short_term,1401,14,611,approved,2025-07-22 15:31:58,1401,14
2269,2438,2025-06-05 04:55:06,web,short_term,2934,14,628,approved,2025-06-06 04:55:06,2934,14
2270,3007,2025-10-21 10:49:59,app,short_term,3037,14,596,approved,2025-10-23 10:49:59,3037,14
2271,1526,2025-01-03 07:58:47,app,short_term,2746,7,658,approved,2025-01-03 07:58:47,2746,7
2272,2574,2024-06-19 18:13:12,partner,short_term,884,14,596,approved,2024-06-20 18:13:12,884,14
2273,4673,2025-04-16 11:49:53,web,installment,4981,90,626,approved,2025-04-17 11:49:53,4981,90
2274,4876,2025-02-21 21:40:05,app,short_term,1104,14,606,rejected,,0,0
2275,3953,2025-11-25 04:39:05,app,short_term,1341,14,592,rejected,,0,0
2276,3152,2025-04-05 06:38:31,app,short_term,4905,14,572,rejected,,0,0
2277,596,2025-06-28 08:39:59,app,short_term,3170,14,503,rejected,,0,0
2278,1331,2025-10-05 00:43:19,partner,short_term,1412,30,473,rejected,,0,0
2279,3718,2025-03-16 04:00:03,app,short_term,3753,30,587,rejected,,0,0
2280,2034,2024-03-30 10:35:31,app,installment,2856,180,582,rejected,,0,0
2281,2744,2025-02-10 23:42:12,app,short_term,3437,14,594,rejected,,0,0
2282,169,2024-03-25 04:44:21,app,installment,1302,120,591,rejected,,0,0
2283,2713,2025-10-06 16:47:26,app,short_term,4785,21,630,approved,2025-10-06 16:47:26,4785,21
2284,3546,2025-05-11 01:39:19,app,installment,1583,60,580,approved,2025-05-11 01:39:19,1583,60
2285,316,2024-07-09 16:23:00,app,installment,760,90,633,rejected,,0,0
2286,2298,2025-09-05 20:46:00,web,installment,1939,180,608,rejected,,0,0
2287,555,2025-10-11 19:33:11,app,short_term,1163,30,547,rejected,,0,0
2288,3681,2024-09-25 13:57:29,web,short_term,993,14,557,rejected,,0,0
2289,945,2025-08-02 16:36:38,app,short_term,3546,21,505,rejected,,0,0
2290,4829,2025-02-03 04:57:12,app,short_term,524,7,549,rejected,,0,0
2291,2774,2025-06-22 04:01:17,partner,installment,4622,120,569,rejected,,0,0
2292,424,2025-02-04 16:35:40,app,installment,4425,60,507,approved,2025-02-06 16:35:40,3962,60
2293,3822,2024-04-09 07:46:19,app,short_term,2334,14,525,approved,2024-04-11 07:46:19,2334,14
2294,4494,2024-11-26 09:15:08,app,installment,4202,180,578,rejected,,0,0
2295,163,2025-08-04 01:19:42,web,installment,2580,120,570,rejected,,0,0
2296,1357,2024-05-13 06:30:53,app,installment,2933,120,604,approved,2024-05-15 06:30:53,2933,120
2297,4294,2025-04-12 13:46:01,web,short_term,2231,21,658,rejected,,0,0
2298,2766,2025-12-11 06:58:26,web,short_term,2552,7,522,rejected,,0,0
2299,4831,2025-06-03 05:25:15,app,short_term,3475,21,569,rejected,,0,0
2300,3953,2025-07-25 06:39:34,partner,short_term,3290,7,581,rejected,,0,0
2301,1145,2025-06-01 15:44:09,partner,short_term,3073,7,521,rejected,,0,0
2302,2784,2024-08-22 15:36:45,web,short_term,2829,7,556,approved,2024-08-22 15:36:45,2829,7
2303,4262,2024-05-09 22:04:14,app,installment,2515,180,630,approved,2024-05-10 22:04:14,2515,180
2304,2674,2025-04-03 05:42:58,web,installment,4830,60,620,rejected,,0,0
2305,163,2025-08-08 07:31:24,app,installment,996,180,591,rejected,,0,0
2306,3316,2024-08-14 07:31:18,app,short_term,1923,21,592,rejected,,0,0
2307,3107,2024-10-06 14:40:26,app,short_term,901,14,544,rejected,,0,0
2308,478,2025-11-15 18:12:38,partner,short_term,3280,7,592,approved,2025-11-17 18:12:38,3280,7
2309,4285,2024-07-06 14:02:47,web,short_term,871,7,580,rejected,,0,0
2310,4758,2025-04-07 16:27:18,app,short_term,1923,30,607,approved,2025-04-09 16:27:18,1923,30
2311,2606,2024-05-25 06:08:19,app,short_term,2228,7,597,rejected,,0,0
2312,3454,2025-06-06 12:22:48,web,installment,4215,60,619,approved,2025-06-08 12:22:48,4215,60
2313,1138,2025-10-23 22:21:30,app,installment,4196,120,614,approved,2025-10-24 22:21:30,4196,120
2314,3586,2024-11-19 10:42:43,app,installment,852,120,605,approved,2024-11-19 10:42:43,852,120
2315,1784,2025-08-17 12:23:50,app,short_term,1638,30,631,approved,2025-08-17 12:23:50,1638,30
2316,3811,2024-01-30 02:33:57,web,installment,1906,120,603,approved,2024-01-31 02:33:57,1906,120
2317,2907,2024-08-03 04:07:47,app,short_term,3360,14,634,rejected,,0,0
2318,3014,2024-11-07 11:12:23,app,short_term,873,7,567,rejected,,0,0
2319,2795,2025-08-24 22:23:06,partner,short_term,4945,21,666,approved,2025-08-26 22:23:06,4716,21
2320,4359,2025-02-05 12:32:52,app,short_term,4100,14,547,rejected,,0,0
2321,2564,2025-02-08 19:19:05,app,short_term,1563,14,515,rejected,,0,0
2322,4670,2025-11-07 20:08:37,app,installment,3425,120,568,approved,2025-11-07 20:08:37,3425,120
2323,181,2025-07-25 06:49:42,app,installment,4943,60,501,rejected,,0,0
2324,4197,2024-06-21 10:11:23,app,short_term,3430,14,586,rejected,,0,0
2325,3449,2025-06-05 06:13:06,app,short_term,2166,14,625,approved,2025-06-07 06:13:06,2166,14
2326,794,2025-07-10 21:28:06,app,installment,2805,90,659,rejected,,0,0
2327,259,2025-05-08 11:53:55,web,installment,4270,90,617,approved,2025-05-08 11:53:55,4270,90
2328,1243,2024-03-10 11:19:48,web,installment,4197,180,579,rejected,,0,0
2329,4687,2025-05-01 18:52:23,app,short_term,4098,14,580,rejected,,0,0
2330,3144,2025-03-19 19:40:38,web,short_term,3849,30,563,rejected,,0,0
2331,4429,2025-05-31 19:14:16,app,short_term,3984,14,576,rejected,,0,0
2332,2783,2025-02-08 22:00:43,app,short_term,3272,30,575,rejected,,0,0
2333,970,2024-12-12 03:57:15,app,short_term,2374,30,592,rejected,,0,0
2334,3536,2025-06-14 01:30:59,app,short_term,4561,14,601,rejected,,0,0
2335,573,2024-01-25 17:50:58,app,installment,4292,180,604,approved,2024-01-26 17:50:58,4263,180
2336,1478,2025-05-08 04:55:48,app,installment,3278,180,501,rejected,,0,0
2337,4286,2024-03-09 15:44:52,app,installment,2761,60,619,rejected,,0,0
2338,2488,2025-09-10 04:03:59,web,short_term,2409,21,596,rejected,,0,0
2339,4211,2025-11-24 19:07:31,web,installment,905,180,627,rejected,,0,0
2340,4886,2024-06-12 08:40:32,web,short_term,3518,7,544,rejected,,0,0
2341,1317,2025-11-16 09:33:42,app,short_term,4164,30,614,rejected,,0,0
2342,4061,2024-10-08 22:41:12,web,short_term,2676,7,620,approved,2024-10-10 22:41:12,2676,7
2343,3509,2024-11-04 12:33:06,web,short_term,1681,14,515,rejected,,0,0
2344,3631,2025-02-18 16:17:43,app,short_term,4877,30,607,rejected,,0,0
2345,2511,2024-12-03 05:42:07,web,short_term,988,21,559,rejected,,0,0
2346,3709,2024-03-14 17:40:32,app,installment,3348,90,569,approved,2024-03-14 17:40:32,3348,90
2347,343,2025-03-01 05:54:12,app,short_term,1620,30,532,rejected,,0,0
2348,199,2024-12-25 10:03:15,app,installment,4557,60,557,rejected,,0,0
2349,807,2024-12-05 00:58:46,app,short_term,4060,7,566,approved,2024-12-07 00:58:46,4060,7
2350,881,2025-05-24 22:00:10,web,installment,3589,120,589,rejected,,0,0
2351,2759,2025-05-13 23:19:48,app,installment,4726,180,577,rejected,,0,0
2352,2785,2025-09-23 01:40:08,app,installment,1651,180,642,rejected,,0,0
2353,4075,2024-12-29 18:46:09,app,short_term,3603,14,619,rejected,,0,0
2354,2410,2025-11-01 00:50:05,app,installment,1549,180,645,approved,2025-11-01 00:50:05,1549,180
2355,4441,2025-05-22 02:47:47,partner,short_term,1641,30,625,approved,2025-05-22 02:47:47,1641,30
2356,1144,2025-03-18 22:56:34,app,short_term,2223,7,603,approved,2025-03-19 22:56:34,2223,7
2357,45,2025-02-08 13:50:34,web,installment,4706,120,571,rejected,,0,0
2358,3087,2025-07-21 20:22:42,app,installment,4238,90,578,approved,2025-07-22 20:22:42,4238,90
2359,4202,2024-10-25 09:51:09,web,installment,2288,60,590,rejected,,0,0
2360,3653,2024-04-26 17:40:49,app,installment,1675,90,587,approved,2024-04-28 17:40:49,1675,90
2361,796,2024-06-28 05:18:40,partner,short_term,4011,30,569,rejected,,0,0
2362,310,2024-02-25 10:35:04,app,installment,4616,60,551,approved,2024-02-27 10:35:04,4558,60
2363,3704,2024-08-15 09:56:55,app,short_term,575,7,563,approved,2024-08-16 09:56:55,575,7
2364,2798,2025-01-05 21:16:56,web,short_term,3793,21,544,rejected,,0,0
2365,4873,2024-03-29 04:20:38,app,installment,2168,60,577,rejected,,0,0
2366,2598,2024-05-15 08:47:47,web,short_term,1120,7,602,rejected,,0,0
2367,285,2024-05-19 07:45:22,app,short_term,2540,30,638,approved,2024-05-21 07:45:22,2540,30
2368,785,2025-07-20 12:59:50,app,short_term,594,30,547,rejected,,0,0
2369,1585,2024-02-03 11:55:41,web,installment,1685,120,539,rejected,,0,0
2370,3595,2024-04-05 23:35:35,app,installment,2373,180,568,rejected,,0,0
2371,1806,2024-09-01 21:26:51,app,installment,3442,180,625,approved,2024-09-02 21:26:51,3442,180
2372,394,2024-03-17 12:21:49,app,short_term,3818,7,638,approved,2024-03-18 12:21:49,3818,7
2373,2194,2025-08-08 10:59:44,partner,short_term,2276,30,575,rejected,,0,0
2374,4928,2024-08-09 13:41:35,partner,short_term,2562,14,572,rejected,,0,0
2375,2062,2025-05-13 20:45:03,app,short_term,865,14,543,rejected,,0,0
2376,127,2024-09-28 19:06:48,web,installment,4920,90,597,approved,2024-09-30 19:06:48,2622,90
2377,173,2024-07-27 18:33:30,app,short_term,3507,30,518,rejected,,0,0
2378,3308,2025-11-13 14:43:54,web,installment,901,180,598,approved,2025-11-14 14:43:54,901,180
2379,4013,2025-01-27 19:45:50,app,short_term,1557,21,605,approved,2025-01-28 19:45:50,1557,21
2380,1550,2025-11-13 23:24:48,app,installment,2239,180,626,approved,2025-11-14 23:24:48,2239,180
2381,107,2025-01-29 23:52:13,partner,installment,3636,120,522,rejected,,0,0
2382,2598,2025-11-08 01:29:18,web,short_term,3680,7,611,rejected,,0,0
2383,1742,2025-04-01 22:03:01,app,short_term,599,14,601,approved,2025-04-01 22:03:01,599,14
2384,1528,2024-04-24 00:41:21,app,short_term,1947,14,549,rejected,,0,0
2385,1036,2025-08-14 01:10:21,app,installment,3611,180,575,rejected,,0,0
2386,2881,2024-08-09 03:04:05,app,short_term,2279,30,553,rejected,,0,0
2387,2511,2024-07-21 02:04:54,app,installment,1020,90,590,approved,2024-07-22 02:04:54,1020,90
2388,939,2024-08-10 03:50:10,app,installment,4082,60,578,rejected,,0,0
2389,2987,2024-04-20 00:19:02,web,short_term,1083,21,610,approved,2024-04-21 00:19:02,1083,21
2390,2950,2024-11-30 21:07:51,web,installment,1905,90,590,approved,2024-12-02 21:07:51,1905,90
2391,1801,2025-02-13 10:44:30,partner,installment,3069,60,575,rejected,,0,0
2392,4904,2024-05-21 14:57:23,app,installment,2901,60,562,approved,2024-05-23 14:57:23,2901,60
2393,519,2024-10-04 14:39:32,app,short_term,1351,30,598,approved,2024-10-06 14:39:32,1351,30
2394,853,2025-06-12 22:37:25,web,installment,4950,90,559,rejected,,0,0
2395,3050,2025-05-05 17:13:30,app,short_term,3968,30,615,approved,2025-05-05 17:13:30,3968,30
2396,3916,2024-02-20 13:53:56,app,short_term,4783,7,606,approved,2024-02-20 13:53:56,4783,7
2397,4108,2025-10-10 04:47:15,app,short_term,1624,14,648,approved,2025-10-10 04:47:15,1624,14
2398,2816,2024-05-04 00:17:59,app,short_term,966,21,638,approved,2024-05-05 00:17:59,966,21
2399,3012,2024-02-26 18:33:42,app,installment,2182,90,568,approved,2024-02-28 18:33:42,2182,90
2400,2006,2025-05-23 08:07:26,app,installment,651,60,600,approved,2025-05-25 08:07:26,651,60
2401,1797,2025-03-17 04:57:07,partner,installment,4610,180,586,approved,2025-03-19 04:57:07,3712,180
2402,2930,2024-07-28 04:31:03,app,installment,3374,180,657,approved,2024-07-29 04:31:03,3374,180
2403,3757,2024-03-01 04:14:50,app,installment,4482,120,553,rejected,,0,0
2404,3114,2024-07-03 08:57:55,partner,installment,4044,120,572,approved,2024-07-05 08:57:55,4044,120
2405,868,2024-09-16 18:52:45,web,installment,2976,60,654,approved,2024-09-16 18:52:45,2976,60
2406,3681,2025-08-25 16:09:07,web,installment,4767,90,546,rejected,,0,0
2407,51,2024-07-24 16:51:57,app,short_term,1942,30,579,rejected,,0,0
2408,910,2024-08-12 18:53:09,app,installment,956,180,547,rejected,,0,0
2409,1970,2024-02-06 11:07:17,app,short_term,3140,21,443,rejected,,0,0
2410,3759,2024-10-23 21:48:47,partner,installment,4394,90,604,rejected,,0,0
2411,1546,2024-06-19 09:11:09,app,installment,4519,90,572,approved,2024-06-21 09:11:09,4519,90
2412,3075,2025-01-19 13:46:23,app,short_term,2144,21,665,approved,2025-01-19 13:46:23,2144,21
2413,574,2024-04-09 13:51:45,app,short_term,2135,14,623,approved,2024-04-09 13:51:45,2135,14
2414,4239,2024-09-26 08:51:27,web,short_term,2555,7,628,rejected,,0,0
2415,2348,2025-11-20 06:47:25,app,installment,3618,60,555,approved,2025-11-22 06:47:25,3618,60
2416,1410,2025-01-05 16:46:05,app,short_term,2370,7,577,rejected,,0,0
2417,259,2024-01-31 18:07:23,app,installment,757,60,666,approved,2024-02-01 18:07:23,757,60
2418,3775,2025-05-06 14:36:25,app,installment,4328,120,581,rejected,,0,0
2419,3136,2024-05-23 13:27:43,app,short_term,2106,30,648,approved,2024-05-23 13:27:43,2106,30
2420,1256,2024-06-17 23:36:18,app,installment,3662,180,573,approved,2024-06-19 23:36:18,3662,180
2421,3014,2025-07-18 00:50:57,app,installment,2555,180,584,rejected,,0,0
2422,3248,2025-04-03 00:01:53,partner,short_term,1630,21,582,approved,2025-04-05 00:01:53,1630,21
2423,1406,2024-06-25 03:19:38,web,installment,775,120,478,rejected,,0,0
2424,3053,2025-10-25 02:11:16,web,installment,1825,60,533,rejected,,0,0
2425,4166,2024-05-28 13:06:49,app,installment,2303,180,609,approved,2024-05-29 13:06:49,2303,180
2426,1236,2024-06-03 15:45:18,web,short_term,3887,30,599,approved,2024-06-04 15:45:18,3887,30
2427,3368,2025-06-02 07:23:00,app,short_term,950,14,622,approved,2025-06-04 07:23:00,950,14
2428,4883,2024-07-07 02:52:13,app,short_term,2303,7,551,approved,2024-07-09 02:52:13,2303,7
2429,2009,2024-03-16 22:08:50,web,short_term,4008,14,547,rejected,,0,0
2430,4965,2024-12-07 05:00:29,app,installment,3298,180,616,approved,2024-12-08 05:00:29,3298,180
2431,4351,2024-06-05 18:01:57,app,installment,2678,90,516,approved,2024-06-06 18:01:57,2678,90
2432,4782,2025-03-29 04:13:57,app,installment,1961,180,555,rejected,,0,0
2433,2657,2024-12-09 04:50:29,app,installment,4687,90,590,rejected,,0,0
2434,4505,2024-10-23 07:10:02,app,installment,4260,120,490,rejected,,0,0
2435,4578,2025-05-16 08:45:53,app,installment,1469,60,634,approved,2025-05-17 08:45:53,1469,60
2436,3908,2025-09-04 07:16:34,web,installment,3941,180,468,rejected,,0,0
2437,1769,2025-08-25 07:56:49,app,short_term,3580,14,570,rejected,,0,0
2438,112,2024-02-01 06:44:31,web,short_term,3833,30,597,rejected,,0,0
2439,4896,2025-09-07 18:43:19,app,short_term,3006,14,488,rejected,,0,0
2440,1434,2025-05-14 01:02:08,app,short_term,3872,14,612,rejected,,0,0
2441,1642,2025-09-11 07:14:07,app,short_term,715,7,616,approved,2025-09-13 07:14:07,715,7
2442,4978,2025-07-15 02:23:23,app,short_term,1394,21,590,approved,2025-07-17 02:23:23,1394,21
2443,2722,2025-07-26 13:14:11,app,short_term,2970,7,519,rejected,,0,0
2444,3112,2025-02-15 11:28:21,app,installment,1982,90,558,rejected,,0,0
2445,2948,2025-03-26 10:49:28,app,short_term,868,21,555,rejected,,0,0
2446,3395,2025-06-17 15:42:16,web,short_term,2976,30,561,rejected,,0,0
2447,3244,2025-06-21 07:00:52,partner,short_term,1162,7,596,rejected,,0,0
2448,1606,2025-06-07 08:48:47,app,short_term,3790,30,620,approved,2025-06-09 08:48:47,3790,30
2449,3524,2024-09-03 02:05:27,app,installment,3703,90,580,approved,2024-09-03 02:05:27,3703,90
2450,3430,2025-10-28 03:49:22,app,short_term,562,21,564,rejected,,0,0
2451,4187,2024-07-30 09:47:02,web,installment,545,90,659,approved,2024-07-31 09:47:02,545,90
2452,1679,2025-01-09 02:10:27,web,short_term,825,14,614,rejected,,0,0
2453,2027,2025-09-04 14:19:17,app,installment,1205,90,551,rejected,,0,0
2454,3635,2025-01-26 19:42:10,app,installment,3687,90,570,approved,2025-01-26 19:42:10,3008,90
2455,1097,2024-02-02 21:30:43,app,short_term,1938,21,637,rejected,,0,0
2456,4630,2025-09-06 06:03:35,partner,short_term,4860,7,586,rejected,,0,0
2457,3848,2024-02-14 03:48:09,app,short_term,3165,21,602,rejected,,0,0
2458,2301,2025-01-03 07:59:13,web,installment,3469,180,578,approved,2025-01-04 07:59:13,3469,180
2459,4429,2024-11-28 05:22:38,app,installment,4607,120,594,rejected,,0,0
2460,4084,2025-02-24 04:56:03,app,short_term,1974,14,565,rejected,,0,0
2461,712,2024-02-22 06:20:51,app,short_term,1624,7,640,approved,2024-02-23 06:20:51,1624,7
2462,4574,2025-11-16 06:26:30,app,installment,4955,180,513,approved,2025-11-16 06:26:30,4955,180
2463,3497,2024-09-05 17:04:34,app,installment,4336,60,572,rejected,,0,0
2464,996,2024-05-31 16:24:07,app,short_term,1227,7,600,approved,2024-06-02 16:24:07,1227,7
2465,4643,2025-05-28 07:04:37,app,installment,1596,120,565,approved,2025-05-29 07:04:37,1596,120
2466,4132,2025-03-08 04:58:38,web,short_term,2631,21,579,approved,2025-03-09 04:58:38,2631,21
2467,3261,2024-12-29 09:22:03,app,installment,2297,120,530,rejected,,0,0
2468,3313,2024-06-22 07:54:47,app,short_term,2099,21,607,rejected,,0,0
2469,1714,2024-11-29 20:59:26,web,installment,918,120,541,rejected,,0,0
2470,2643,2025-09-20 07:26:39,app,short_term,1497,21,606,approved,2025-09-21 07:26:39,1497,21
2471,3154,2025-03-18 21:19:36,app,installment,4729,60,596,approved,2025-03-18 21:19:36,3024,60
2472,3167,2025-08-27 21:15:58,app,short_term,2274,7,631,approved,2025-08-28 21:15:58,2274,7
2473,1289,2025-06-01 00:53:26,app,short_term,756,14,584,approved,2025-06-03 00:53:26,756,14
2474,591,2025-10-04 18:13:15,app,installment,4966,60,607,approved,2025-10-04 18:13:15,4966,60
2475,4065,2024-05-17 21:38:58,app,installment,2650,120,525,rejected,,0,0
2476,4308,2025-02-23 01:18:42,app,installment,4733,90,534,rejected,,0,0
2477,3057,2025-03-27 19:45:58,app,short_term,3685,14,566,approved,2025-03-29 19:45:58,3076,14
2478,1558,2025-08-21 11:33:13,app,installment,4940,180,628,approved,2025-08-21 11:33:13,4940,180
2479,4376,2024-07-02 12:13:20,partner,installment,3056,60,548,approved,2024-07-04 12:13:20,3056,60
2480,1695,2024-12-24 11:01:03,app,short_term,3990,30,572,rejected,,0,0
2481,63,2024-08-05 22:08:38,app,installment,2646,90,656,approved,2024-08-07 22:08:38,2646,90
2482,3064,2025-03-20 14:07:29,app,installment,4325,60,579,approved,2025-03-20 14:07:29,4325,60
2483,111,2025-05-24 06:23:41,app,installment,577,180,548,rejected,,0,0
2484,831,2025-04-17 06:46:07,web,short_term,2821,21,629,approved,2025-04-18 06:46:07,2821,21
2485,2820,2025-11-27 05:44:25,app,installment,3464,90,586,approved,2025-11-27 05:44:25,2792,90
2486,4789,2025-04-20 06:54:43,partner,installment,2359,60,546,rejected,,0,0
2487,82,2025-10-08 17:59:07,app,installment,1990,90,576,rejected,,0,0
2488,1394,2024-04-14 11:32:43,app,installment,3918,180,640,approved,2024-04-16 11:32:43,3918,180
2489,2798,2025-06-17 05:24:46,app,installment,2080,60,488,rejected,,0,0
2490,1628,2025-05-03 05:24:17,app,short_term,2054,14,517,rejected,,0,0
2491,1536,2025-09-30 10:24:35,app,short_term,1592,14,602,rejected,,0,0
2492,3087,2024-03-08 14:25:46,app,installment,4247,120,599,approved,2024-03-09 14:25:46,4247,120
2493,3646,2024-12-08 02:22:27,app,installment,2962,180,596,rejected,,0,0
2494,2105,2024-09-19 20:22:23,app,installment,4494,60,652,rejected,,0,0
2495,2049,2025-06-29 13:54:38,web,short_term,1687,30,583,rejected,,0,0
2496,3080,2024-09-22 04:39:46,partner,short_term,1090,30,544,rejected,,0,0
2497,846,2024-05-24 04:45:10,web,short_term,2397,21,605,approved,2024-05-25 04:45:10,2397,21
2498,3836,2025-02-06 18:03:52,app,short_term,4699,14,608,rejected,,0,0
2499,558,2025-04-11 04:15:02,partner,short_term,2764,14,563,rejected,,0,0
2500,914,2025-05-24 05:06:05,app,installment,1477,120,600,rejected,,0,0
2501,2443,2024-06-26 14:14:48,app,short_term,881,7,568,approved,2024-06-27 14:14:48,881,7
2502,3712,2025-10-04 10:12:34,app,installment,2481,180,585,approved,2025-10-05 10:12:34,2481,180
2503,4251,2025-12-19 09:15:31,app,installment,3109,120,487,rejected,,0,0
2504,1308,2025-08-02 13:33:39,app,short_term,1413,21,577,rejected,,0,0
2505,2926,2025-01-11 12:29:59,app,short_term,2687,7,594,rejected,,0,0
2506,1713,2025-06-16 17:39:26,web,short_term,1372,7,576,rejected,,0,0
2507,2102,2024-02-11 18:55:16,app,installment,3680,90,583,approved,2024-02-11 18:55:16,3680,90
2508,3742,2025-05-06 12:47:56,web,short_term,4684,14,531,rejected,,0,0
2509,1361,2024-12-26 02:42:26,web,short_term,1154,30,530,rejected,,0,0
2510,3158,2025-02-17 19:47:47,app,installment,3385,60,594,approved,2025-02-17 19:47:47,3385,60
2511,3822,2024-04-12 04:30:32,app,short_term,4588,30,520,rejected,,0,0
2512,2840,2024-11-20 02:46:20,web,installment,1358,60,604,approved,2024-11-22 02:46:20,1358,60
2513,1595,2025-04-15 19:23:05,web,installment,3176,90,579,rejected,,0,0
2514,1722,2025-01-24 09:36:47,app,installment,4553,180,550,rejected,,0,0
2515,514,2024-01-26 02:52:55,app,installment,900,120,583,rejected,,0,0
2516,2254,2024-10-31 06:11:05,app,installment,1932,60,510,rejected,,0,0
2517,1747,2025-05-19 11:33:37,app,installment,2757,60,614,rejected,,0,0
2518,3480,2024-02-01 13:10:10,app,installment,1240,90,590,rejected,,0,0
2519,1402,2024-10-12 02:15:08,partner,installment,3188,180,669,approved,2024-10-12 02:15:08,3188,180
2520,3583,2024-04-02 00:26:31,app,installment,1010,180,592,rejected,,0,0
2521,2114,2025-10-03 22:07:20,app,short_term,1871,30,549,rejected,,0,0
2522,4682,2024-04-04 13:38:46,web,installment,2011,180,567,approved,2024-04-06 13:38:46,2011,180
2523,1928,2024-07-19 00:03:33,partner,short_term,3317,7,572,rejected,,0,0
2524,3331,2024-12-12 04:28:12,web,short_term,654,7,561,rejected,,0,0
2525,2553,2025-02-08 07:54:49,app,installment,2191,60,533,rejected,,0,0
2526,3498,2024-07-27 15:50:25,web,short_term,805,14,557,rejected,,0,0
2527,3425,2025-01-12 03:58:45,web,short_term,2183,30,619,rejected,,0,0
2528,2520,2025-03-18 22:41:19,app,short_term,1697,14,586,rejected,,0,0
2529,3920,2024-11-20 07:33:52,partner,installment,2712,90,593,rejected,,0,0
2530,2634,2025-06-25 11:14:19,web,short_term,4976,7,569,approved,2025-06-26 11:14:19,4976,7
2531,1521,2024-12-30 07:47:37,app,installment,4072,90,663,rejected,,0,0
2532,3831,2025-02-27 01:55:12,app,installment,1871,180,609,approved,2025-02-28 01:55:12,1871,180
2533,1562,2024-07-21 12:41:11,app,installment,2148,120,573,rejected,,0,0
2534,4068,2025-06-03 10:21:54,web,short_term,1991,7,606,approved,2025-06-05 10:21:54,1991,7
2535,4131,2025-11-08 02:02:49,app,installment,3084,180,571,rejected,,0,0
2536,974,2025-11-08 09:29:15,app,short_term,3143,30,544,rejected,,0,0
2537,4797,2025-11-04 21:19:10,web,installment,872,90,587,approved,2025-11-06 21:19:10,872,90
2538,335,2024-09-16 21:05:41,app,installment,1516,60,561,rejected,,0,0
2539,2352,2024-09-13 09:17:11,app,installment,1782,180,592,rejected,,0,0
2540,4704,2025-06-29 10:52:26,app,short_term,1350,7,548,rejected,,0,0
2541,2747,2024-07-21 22:53:15,app,installment,1361,60,610,approved,2024-07-23 22:53:15,1361,60
2542,368,2025-11-15 02:17:46,app,short_term,4449,7,616,approved,2025-11-16 02:17:46,4449,7
2543,3297,2024-01-27 04:02:16,app,short_term,1927,7,573,approved,2024-01-29 04:02:16,1927,7
2544,3786,2025-03-22 16:48:52,partner,short_term,3559,30,605,approved,2025-03-23 16:48:52,3559,30
2545,3953,2024-05-12 22:22:36,partner,installment,3611,90,551,approved,2024-05-14 22:22:36,3611,90
2546,4233,2025-12-09 12:54:47,app,short_term,3604,14,572,rejected,,0,0
2547,610,2024-07-10 12:49:42,app,short_term,3480,30,582,rejected,,0,0
2548,1742,2024-02-27 06:17:51,app,short_term,3545,30,580,rejected,,0,0
2549,1162,2025-07-13 04:43:32,app,installment,825,60,590,rejected,,0,0
2550,1025,2024-06-11 09:36:55,app,installment,3138,180,542,rejected,,0,0
2551,1573,2024-11-10 22:07:02,partner,installment,4155,180,634,approved,2024-11-11 22:07:02,2250,180
2552,138,2025-12-02 13:48:48,app,installment,1732,90,577,approved,2025-12-02 13:48:48,1732,90
2553,985,2024-04-06 17:34:46,app,short_term,3453,30,606,rejected,,0,0
2554,4064,2024-07-27 00:59:57,app,short_term,4965,30,639,approved,2024-07-28 00:59:57,4965,30
2555,2296,2025-06-22 07:07:03,web,short_term,2211,7,638,approved,2025-06-24 07:07:03,2211,7
2556,2396,2024-04-12 08:42:56,app,short_term,1402,7,603,approved,2024-04-13 08:42:56,1402,7
2557,4852,2025-01-12 10:17:05,web,short_term,2109,7,561,rejected,,0,0
2558,1155,2024-03-14 20:03:06,app,short_term,935,7,566,rejected,,0,0
2559,1150,2024-11-20 02:34:51,web,short_term,3543,7,578,rejected,,0,0
2560,4638,2024-09-13 22:51:46,app,short_term,2313,7,608,approved,2024-09-15 22:51:46,2313,7
2561,3325,2024-10-30 14:07:47,web,installment,2307,180,616,rejected,,0,0
2562,2236,2024-11-27 08:08:59,partner,short_term,4758,7,627,approved,2024-11-27 08:08:59,4758,7
2563,4113,2024-06-29 22:36:51,app,short_term,2403,30,602,approved,2024-06-30 22:36:51,2403,30
2564,1294,2025-06-11 02:22:51,app,short_term,3778,30,598,approved,2025-06-12 02:22:51,3778,30
2565,993,2025-01-24 10:47:50,app,short_term,3028,14,585,rejected,,0,0
2566,1405,2024-06-05 05:54:48,app,short_term,4855,14,542,rejected,,0,0
2567,4391,2024-10-05 14:53:22,app,installment,1345,60,513,rejected,,0,0
2568,2458,2024-11-18 18:54:16,app,installment,4272,90,622,rejected,,0,0
2569,1634,2024-12-31 11:49:28,app,short_term,3598,7,651,approved,2024-12-31 11:49:28,3598,7
2570,3162,2025-01-11 21:35:54,app,installment,3440,90,566,approved,2025-01-11 21:35:54,3440,90
2571,2249,2025-08-19 07:24:28,app,installment,4644,180,607,rejected,,0,0
2572,4854,2025-11-22 09:01:53,app,short_term,4560,30,592,rejected,,0,0
2573,22,2025-11-12 08:11:38,app,short_term,1038,21,521,rejected,,0,0
2574,1886,2025-02-06 01:40:54,app,short_term,1226,14,569,approved,2025-02-07 01:40:54,1226,14
2575,1654,2025-04-06 08:50:36,app,short_term,3310,14,611,approved,2025-04-08 08:50:36,3310,14
2576,3242,2025-01-25 10:10:34,app,installment,1301,180,569,rejected,,0,0
2577,850,2024-01-31 21:59:16,app,installment,1091,180,530,rejected,,0,0
2578,2393,2025-10-31 15:12:57,app,installment,871,60,616,approved,2025-10-31 15:12:57,871,60
2579,4342,2024-04-10 21:05:40,app,installment,3434,60,562,approved,2024-04-12 21:05:40,3434,60
2580,4192,2025-07-29 10:51:43,web,installment,3131,180,591,rejected,,0,0
2581,3394,2025-09-14 17:03:24,web,short_term,3974,14,524,rejected,,0,0
2582,4347,2024-12-07 17:40:42,web,installment,4710,120,587,rejected,,0,0
2583,3444,2025-12-19 20:29:53,app,installment,1150,90,574,rejected,,0,0
2584,105,2025-01-29 02:14:30,web,short_term,2678,7,600,rejected,,0,0
2585,4822,2025-08-18 09:30:49,web,installment,3101,60,637,approved,2025-08-18 09:30:49,3101,60
2586,390,2025-11-05 13:26:14,app,installment,2455,60,576,rejected,,0,0
2587,3742,2025-11-17 00:00:49,app,installment,4088,180,518,approved,2025-11-18 00:00:49,4088,180
2588,976,2024-05-31 22:38:57,app,short_term,3737,30,587,rejected,,0,0
2589,3644,2024-12-08 20:33:24,app,short_term,3153,14,536,rejected,,0,0
2590,608,2025-04-15 11:02:02,app,short_term,1361,30,526,approved,2025-04-16 11:02:02,1361,30
2591,603,2024-06-28 20:23:09,app,short_term,4375,14,570,rejected,,0,0
2592,1458,2025-12-18 07:31:32,app,short_term,2623,14,615,rejected,,0,0
2593,1016,2024-10-09 21:56:18,partner,installment,4088,120,686,approved,2024-10-09 21:56:18,4088,120
2594,4881,2025-08-05 07:21:10,app,short_term,2770,7,559,rejected,,0,0
2595,1093,2024-08-11 02:14:52,app,short_term,2977,14,577,rejected,,0,0
2596,3924,2025-11-11 12:11:45,app,short_term,2879,7,567,rejected,,0,0
2597,4686,2024-12-12 00:32:34,partner,short_term,4692,30,625,approved,2024-12-12 00:32:34,4692,30
2598,599,2024-05-03 08:40:26,app,installment,3358,180,554,rejected,,0,0
2599,1825,2024-08-22 01:18:56,app,short_term,2006,14,631,approved,2024-08-23 01:18:56,2006,14
2600,4752,2024-09-19 05:12:36,app,short_term,788,7,598,rejected,,0,0
2601,4794,2024-04-16 03:05:39,web,short_term,1062,30,534,rejected,,0,0
2602,3773,2025-05-28 00:39:36,app,installment,3595,60,623,rejected,,0,0
2603,1923,2025-07-04 07:15:25,web,short_term,2466,30,613,rejected,,0,0
2604,840,2024-03-25 16:43:46,partner,short_term,791,30,611,rejected,,0,0
2605,3440,2024-08-29 09:35:24,app,short_term,4303,30,575,rejected,,0,0
2606,4585,2025-04-10 08:40:45,web,short_term,1945,7,577,rejected,,0,0
2607,322,2024-12-26 18:55:04,app,installment,2721,60,577,approved,2024-12-26 18:55:04,2721,60
2608,2815,2025-11-26 05:24:49,app,short_term,2564,30,510,rejected,,0,0
2609,2977,2024-11-13 13:26:23,app,short_term,4585,7,575,approved,2024-11-15 13:26:23,2450,7
2610,4985,2024-10-22 11:19:48,web,short_term,1806,7,512,rejected,,0,0
2611,1107,2024-01-26 06:43:07,app,short_term,4013,30,548,rejected,,0,0
2612,4694,2025-08-01 12:56:53,web,installment,4182,120,599,rejected,,0,0
2613,4304,2025-04-15 19:54:25,partner,installment,1822,120,595,approved,2025-04-17 19:54:25,1822,120
2614,1669,2024-05-05 02:46:24,app,short_term,597,7,619,approved,2024-05-07 02:46:24,597,7
2615,725,2024-04-07 00:34:55,app,installment,958,90,598,approved,2024-04-08 00:34:55,958,90
2616,4579,2024-12-18 18:07:53,app,installment,2381,60,609,approved,2024-12-18 18:07:53,2381,60
2617,3478,2024-06-10 17:23:06,app,installment,988,180,565,rejected,,0,0
2618,2871,2025-02-27 16:11:09,app,short_term,1886,7,611,rejected,,0,0
2619,4971,2025-06-27 04:42:38,app,short_term,3727,30,580,approved,2025-06-27 04:42:38,3727,30
2620,1290,2024-02-11 16:19:23,app,installment,4260,120,584,rejected,,0,0
2621,1952,2024-02-22 18:35:47,web,installment,544,60,582,approved,2024-02-23 18:35:47,544,60
2622,4934,2025-02-03 02:23:29,app,installment,4210,180,599,approved,2025-02-03 02:23:29,4210,180
2623,3398,2025-07-15 07:12:32,web,installment,1845,60,601,approved,2025-07-15 07:12:32,1845,60
2624,244,2025-06-25 00:45:04,app,installment,4185,120,578,rejected,,0,0
2625,3019,2024-02-06 04:06:33,partner,installment,1382,60,601,rejected,,0,0
2626,4289,2025-11-04 22:05:14,app,installment,4520,60,636,approved,2025-11-04 22:05:14,4520,60
2627,4244,2024-06-19 10:19:46,app,short_term,1737,7,663,approved,2024-06-19 10:19:46,1737,7
2628,224,2024-10-12 15:10:12,app,installment,3718,60,588,approved,2024-10-12 15:10:12,3718,60
2629,4043,2025-06-05 23:18:02,app,installment,4534,120,661,rejected,,0,0
2630,2914,2025-03-02 22:02:29,app,short_term,1816,21,607,rejected,,0,0
2631,1738,2025-12-18 02:13:28,app,installment,2465,90,576,approved,2025-12-19 02:13:28,2465,90
2632,2823,2025-11-25 07:42:00,web,short_term,4880,30,570,rejected,,0,0
2633,1852,2024-11-05 22:13:34,app,short_term,3594,14,584,rejected,,0,0
2634,83,2025-06-26 12:47:36,app,short_term,3863,14,593,rejected,,0,0
2635,4599,2024-05-29 13:32:06,app,short_term,4495,14,577,approved,2024-05-31 13:32:06,4495,14
2636,175,2025-06-28 22:43:39,web,short_term,4831,30,549,rejected,,0,0
2637,3907,2024-06-22 02:07:40,app,short_term,513,21,668,approved,2024-06-24 02:07:40,513,21
2638,2410,2025-03-06 04:54:05,partner,installment,4735,180,655,approved,2025-03-06 04:54:05,4048,180
2639,1120,2024-11-25 23:27:29,web,short_term,2927,21,587,approved,2024-11-26 23:27:29,2927,21
2640,1792,2024-06-10 02:32:42,app,short_term,3683,21,569,rejected,,0,0
2641,4176,2024-05-05 08:16:32,app,short_term,4970,7,611,rejected,,0,0
2642,4683,2024-12-16 01:11:07,app,installment,559,90,608,approved,2024-12-17 01:11:07,559,90
2643,2259,2024-04-02 08:41:55,app,short_term,555,14,575,approved,2024-04-04 08:41:55,555,14
2644,3617,2024-08-03 10:42:43,app,short_term,2819,21,570,rejected,,0,0
2645,4693,2025-01-06 04:41:08,web,installment,504,180,577,rejected,,0,0
2646,1149,2024-06-28 12:55:52,app,short_term,4072,14,674,rejected,,0,0
2647,3518,2024-10-20 00:58:51,app,short_term,1632,7,573,rejected,,0,0
2648,1409,2025-02-11 03:09:37,app,short_term,3473,14,569,rejected,,0,0
2649,1420,2025-06-10 03:47:48,web,short_term,1189,14,441,rejected,,0,0
2650,4061,2024-11-09 21:08:50,app,short_term,2931,14,626,rejected,,0,0
2651,1549,2025-08-22 17:13:35,web,installment,3515,120,563,rejected,,0,0
2652,4932,2025-02-21 02:03:24,partner,short_term,3179,21,618,rejected,,0,0
2653,729,2024-02-20 08:16:05,app,short_term,1111,7,581,rejected,,0,0
2654,2236,2025-09-15 15:55:30,app,installment,2374,90,627,rejected,,0,0
2655,2711,2025-07-25 16:32:00,app,short_term,1482,14,637,approved,2025-07-25 16:32:00,1482,14
2656,1177,2024-01-30 19:02:37,partner,short_term,2276,14,582,rejected,,0,0
2657,2236,2025-05-09 22:31:21,app,short_term,2433,21,665,approved,2025-05-09 22:31:21,2433,21
2658,3286,2024-05-04 20:21:05,app,short_term,1326,30,633,approved,2024-05-06 20:21:05,1326,30
2659,1716,2024-05-19 06:34:20,app,installment,4207,60,486,rejected,,0,0
2660,495,2025-01-01 14:05:39,app,short_term,2979,14,613,approved,2025-01-02 14:05:39,2979,14
2661,1552,2024-05-23 13:01:53,app,short_term,1065,21,569,rejected,,0,0
2662,3341,2025-05-15 20:14:08,app,installment,1577,60,615,rejected,,0,0
2663,313,2025-01-07 03:55:07,app,short_term,1214,21,619,approved,2025-01-09 03:55:07,1214,21
2664,84,2025-04-09 22:41:02,app,installment,671,180,625,approved,2025-04-11 22:41:02,671,180
2665,2824,2024-04-05 14:58:38,app,short_term,4202,21,572,rejected,,0,0
2666,4805,2025-12-01 05:02:27,app,installment,1701,180,649,rejected,,0,0
2667,993,2025-10-21 00:08:44,app,short_term,4276,14,560,rejected,,0,0
2668,180,2025-01-31 06:53:54,app,installment,4415,120,639,rejected,,0,0
2669,1729,2025-08-30 04:14:37,app,short_term,1637,21,618,approved,2025-08-31 04:14:37,1637,21
2670,2250,2024-03-02 09:21:21,app,short_term,4450,14,572,approved,2024-03-03 09:21:21,4335,14
2671,1280,2025-06-27 05:36:01,web,installment,2731,60,533,rejected,,0,0
2672,2949,2025-08-27 02:50:07,app,installment,2207,120,601,rejected,,0,0
2673,867,2025-09-29 02:38:21,app,installment,2336,180,512,rejected,,0,0
2674,4032,2025-01-18 23:00:46,app,installment,3040,180,563,rejected,,0,0
2675,1844,2025-11-05 22:33:50,app,short_term,1293,21,580,approved,2025-11-06 22:33:50,1293,21
2676,841,2025-10-07 05:46:39,web,short_term,564,21,666,approved,2025-10-09 05:46:39,564,21
2677,3948,2024-07-01 23:47:33,web,installment,2852,180,640,rejected,,0,0
2678,3083,2025-03-17 11:39:24,app,installment,2219,120,605,approved,2025-03-19 11:39:24,2219,120
2679,2065,2025-01-13 12:42:36,app,short_term,3001,30,538,rejected,,0,0
2680,968,2025-12-02 15:53:10,app,installment,681,180,487,approved,2025-12-03 15:53:10,681,180
2681,2629,2024-09-10 08:53:44,app,installment,1375,180,621,rejected,,0,0
2682,1457,2024-08-13 04:09:02,web,installment,1022,60,588,rejected,,0,0
2683,3021,2025-03-01 06:33:50,app,short_term,1154,14,597,approved,2025-03-02 06:33:50,1154,14
2684,3211,2024-06-23 10:16:01,app,short_term,2211,21,587,rejected,,0,0
2685,3050,2025-03-01 23:14:38,app,short_term,3514,14,587,approved,2025-03-02 23:14:38,3514,14
2686,166,2025-09-20 01:15:41,app,installment,1915,180,498,rejected,,0,0
2687,2119,2025-05-22 21:27:26,app,installment,2076,60,549,approved,2025-05-24 21:27:26,2076,60
2688,1132,2024-06-15 08:02:07,web,short_term,2536,30,567,rejected,,0,0
2689,372,2024-07-22 00:03:38,web,short_term,870,7,645,approved,2024-07-24 00:03:38,870,7
2690,619,2025-03-05 05:41:58,app,short_term,780,7,583,rejected,,0,0
2691,2726,2024-07-11 08:57:31,web,short_term,1931,14,505,rejected,,0,0
2692,519,2024-11-10 15:03:15,app,installment,4399,60,594,approved,2024-11-10 15:03:15,4399,60
2693,386,2024-10-18 01:13:13,app,installment,4720,60,607,rejected,,0,0
2694,4523,2025-03-09 22:36:31,app,installment,2462,120,601,approved,2025-03-11 22:36:31,2462,120
2695,1038,2025-11-01 09:38:27,web,short_term,1044,14,593,rejected,,0,0
2696,3650,2024-04-29 06:13:48,app,short_term,2601,7,551,rejected,,0,0
2697,2183,2024-06-04 18:13:28,web,installment,3525,90,631,approved,2024-06-06 18:13:28,3525,90
2698,640,2025-06-18 22:13:14,app,installment,1011,120,594,rejected,,0,0
2699,151,2024-08-16 08:11:24,web,installment,4738,60,554,rejected,,0,0
2700,4703,2024-03-27 12:24:48,app,short_term,4011,21,616,rejected,,0,0
2701,4497,2025-09-01 22:30:00,app,installment,3790,90,497,rejected,,0,0
2702,2547,2024-06-08 14:16:48,app,short_term,1396,7,534,rejected,,0,0
2703,3679,2025-10-04 10:02:32,app,short_term,2504,14,615,approved,2025-10-05 10:02:32,2504,14
2704,3533,2025-04-09 03:53:51,app,installment,2581,120,566,rejected,,0,0
2705,4842,2024-06-09 13:56:47,app,installment,1879,180,565,rejected,,0,0
2706,2720,2025-08-01 20:36:20,web,installment,3152,90,654,approved,2025-08-03 20:36:20,3152,90
2707,1203,2024-03-02 13:03:11,partner,installment,2647,90,607,approved,2024-03-04 13:03:11,2647,90
2708,4836,2025-06-01 03:53:22,app,installment,4127,180,622,approved,2025-06-02 03:53:22,4127,180
2709,3523,2024-03-02 22:20:17,web,installment,1941,180,630,rejected,,0,0
2710,1802,2024-12-09 17:35:06,app,short_term,4239,14,538,rejected,,0,0
2711,3670,2025-09-02 02:59:23,app,short_term,1004,21,653,approved,2025-09-03 02:59:23,1004,21
2712,398,2024-09-14 18:47:15,app,short_term,828,14,559,approved,2024-09-14 18:47:15,828,14
2713,3931,2025-12-19 04:54:08,partner,short_term,3956,30,602,rejected,,0,0
2714,3781,2024-03-01 15:21:52,app,short_term,3668,21,588,approved,2024-03-02 15:21:52,3668,21
2715,1226,2025-05-03 06:20:05,app,short_term,1122,7,524,approved,2025-05-05 06:20:05,1122,7
2716,3531,2024-06-18 08:23:38,partner,short_term,1933,30,603,approved,2024-06-20 08:23:38,1933,30
2717,2597,2024-12-15 14:28:09,app,short_term,583,30,553,rejected,,0,0
2718,474,2024-06-15 22:44:06,web,short_term,3864,21,616,approved,2024-06-17 22:44:06,3864,21
2719,1415,2024-04-07 03:37:49,app,short_term,3345,14,548,rejected,,0,0
2720,661,2024-03-02 10:44:29,partner,short_term,4365,7,581,rejected,,0,0
2721,920,2024-12-17 12:21:19,web,short_term,3871,7,609,rejected,,0,0
2722,4482,2025-01-16 20:58:33,partner,short_term,1109,14,600,approved,2025-01-18 20:58:33,1109,14
2723,1759,2025-05-14 08:11:22,app,installment,2073,180,541,rejected,,0,0
2724,273,2025-05-31 03:02:53,partner,short_term,1647,7,614,approved,2025-06-01 03:02:53,1647,7
2725,3778,2024-02-25 17:59:01,app,short_term,3216,30,605,rejected,,0,0
2726,1811,2025-03-02 21:21:36,app,installment,3582,60,600,rejected,,0,0
2727,1790,2024-10-21 05:23:56,web,short_term,2432,30,574,rejected,,0,0
2728,3551,2025-05-11 23:28:15,web,installment,4479,180,651,rejected,,0,0
2729,3086,2025-04-09 05:08:25,app,short_term,2298,21,589,rejected,,0,0
2730,3338,2024-02-24 18:18:44,web,installment,865,60,534,rejected,,0,0
2731,4237,2025-07-13 01:40:46,app,installment,1281,90,626,approved,2025-07-13 01:40:46,1281,90
2732,573,2025-08-09 10:02:15,app,installment,2251,180,595,rejected,,0,0
2733,11,2025-06-04 02:32:20,app,short_term,2761,14,645,approved,2025-06-04 02:32:20,2761,14
2734,1283,2025-08-27 13:07:42,app,installment,2248,120,622,approved,2025-08-27 13:07:42,2248,120
2735,902,2024-02-22 03:50:36,app,short_term,1640,21,598,approved,2024-02-22 03:50:36,1640,21
2736,4793,2025-10-22 03:34:07,app,installment,3608,180,617,rejected,,0,0
2737,124,2024-06-10 21:46:40,app,short_term,4808,30,642,approved,2024-06-10 21:46:40,4808,30
2738,2647,2024-11-02 22:31:10,app,short_term,3104,14,642,approved,2024-11-02 22:31:10,3104,14
2739,3820,2025-02-17 16:50:42,app,short_term,3545,7,590,rejected,,0,0
2740,3025,2025-12-15 18:58:28,app,installment,1598,120,612,approved,2025-12-15 18:58:28,1598,120
2741,4077,2024-10-30 14:19:15,app,installment,2325,120,612,rejected,,0,0
2742,2874,2024-02-24 22:34:48,app,installment,4047,180,605,approved,2024-02-25 22:34:48,4047,180
2743,4204,2024-04-07 03:47:49,app,installment,3639,90,602,approved,2024-04-07 03:47:49,3639,90
2744,643,2025-10-02 02:49:08,app,installment,832,90,586,approved,2025-10-04 02:49:08,832,90
2745,1771,2024-10-26 11:33:58,app,short_term,3928,7,602,rejected,,0,0
2746,1643,2024-11-03 15:20:09,app,installment,3102,90,611,approved,2024-11-04 15:20:09,3102,90
2747,1274,2024-08-29 00:00:23,web,installment,2564,90,576,rejected,,0,0
2748,4428,2024-06-07 09:47:44,app,short_term,4272,7,619,rejected,,0,0
2749,2316,2024-06-20 14:26:58,app,short_term,4470,7,601,rejected,,0,0
2750,3056,2025-02-15 01:32:30,app,installment,2483,60,521,rejected,,0,0
2751,880,2025-01-19 12:27:17,app,short_term,4186,21,565,approved,2025-01-20 12:27:17,4186,21
2752,1220,2025-10-01 05:19:02,app,short_term,1853,30,626,approved,2025-10-01 05:19:02,1853,30
2753,2510,2024-01-25 15:29:45,app,installment,3922,120,601,rejected,,0,0
2754,2124,2024-06-10 05:12:22,app,installment,3280,60,594,approved,2024-06-12 05:12:22,3280,60
2755,3653,2025-09-28 20:31:18,app,installment,2443,120,568,approved,2025-09-29 20:31:18,2443,120
2756,490,2024-02-18 22:14:32,app,installment,4468,120,578,approved,2024-02-19 22:14:32,2298,120
2757,1135,2024-08-14 08:29:33,app,short_term,3634,21,594,approved,2024-08-15 08:29:33,3634,21
2758,3232,2024-10-12 09:56:14,web,installment,4842,60,581,approved,2024-10-14 09:56:14,3696,60
2759,3460,2025-03-18 22:32:34,app,short_term,3285,21,591,rejected,,0,0
2760,843,2024-04-16 12:06:56,app,installment,1916,90,610,rejected,,0,0
2761,1055,2025-08-09 07:50:40,web,short_term,3674,30,607,rejected,,0,0
2762,148,2025-06-27 03:48:21,app,short_term,971,30,620,approved,2025-06-28 03:48:21,971,30
2763,912,2025-05-01 18:44:27,app,short_term,2535,7,475,rejected,,0,0
2764,2968,2025-06-01 10:19:45,app,installment,4454,60,582,rejected,,0,0
2765,3964,2025-10-13 20:14:23,app,installment,3765,120,567,rejected,,0,0
2766,3365,2024-10-23 07:48:06,app,installment,2119,180,561,approved,2024-10-24 07:48:06,2119,180
2767,4221,2025-03-02 21:02:10,partner,short_term,1862,7,575,approved,2025-03-04 21:02:10,1862,7
2768,417,2025-05-22 01:35:34,app,installment,1058,120,611,rejected,,0,0
2769,738,2025-03-15 04:19:46,app,installment,2765,60,574,approved,2025-03-17 04:19:46,2765,60
2770,1471,2024-08-15 19:40:38,partner,installment,559,60,624,approved,2024-08-15 19:40:38,559,60
2771,2506,2025-11-07 05:42:10,partner,installment,2997,120,556,rejected,,0,0
2772,4565,2024-04-18 00:46:47,app,short_term,1284,30,618,approved,2024-04-20 00:46:47,1284,30
2773,1381,2024-11-28 15:43:05,app,installment,2340,90,583,rejected,,0,0
2774,4612,2024-12-26 02:13:20,web,installment,4456,180,674,approved,2024-12-28 02:13:20,4456,180
2775,1663,2024-11-20 09:12:46,app,short_term,838,7,510,rejected,,0,0
2776,4411,2025-12-12 01:45:46,app,short_term,3980,7,575,approved,2025-12-12 01:45:46,3980,7
2777,455,2025-10-27 04:22:15,web,installment,4873,180,561,rejected,,0,0
2778,4510,2025-08-01 03:49:05,app,installment,2107,180,608,approved,2025-08-03 03:49:05,2107,180
2779,4307,2025-07-17 21:59:30,app,installment,2331,180,619,approved,2025-07-17 21:59:30,2331,180
2780,1295,2024-02-12 21:55:14,app,short_term,4086,7,561,rejected,,0,0
2781,2167,2025-05-13 16:40:34,partner,installment,3820,90,614,rejected,,0,0
2782,2307,2024-06-21 01:49:42,app,short_term,2299,7,657,rejected,,0,0
2783,4473,2025-07-25 08:39:46,web,installment,3282,180,587,approved,2025-07-26 08:39:46,3282,180
2784,4873,2024-11-20 12:48:08,partner,installment,4831,90,555,rejected,,0,0
2785,2307,2024-10-21 06:05:04,web,short_term,1673,14,620,approved,2024-10-23 06:05:04,1673,14
2786,2035,2024-10-31 01:27:21,app,installment,4562,90,573,approved,2024-11-02 01:27:21,4562,90
2787,4074,2025-10-26 19:42:06,partner,short_term,971,7,628,rejected,,0,0
2788,1561,2024-11-30 20:36:02,web,short_term,585,21,552,approved,2024-12-02 20:36:02,585,21
2789,2095,2024-06-28 10:43:48,web,short_term,2608,21,566,approved,2024-06-28 10:43:48,2608,21
2790,3890,2025-09-13 10:20:00,app,short_term,630,7,692,approved,2025-09-15 10:20:00,630,7
2791,2438,2025-11-30 15:18:17,app,short_term,2962,30,630,approved,2025-12-02 15:18:17,2962,30
2792,3011,2025-04-01 07:06:44,web,short_term,3211,30,585,rejected,,0,0
2793,1460,2025-04-07 10:06:06,app,short_term,2800,21,595,approved,2025-04-07 10:06:06,2800,21
2794,1169,2024-05-04 05:15:34,app,short_term,1374,7,619,rejected,,0,0
2795,4640,2024-11-30 13:07:00,app,short_term,4058,21,569,rejected,,0,0
2796,2681,2025-01-11 03:20:02,app,installment,2914,180,431,rejected,,0,0
2797,2190,2024-04-01 06:28:47,app,short_term,3347,7,610,approved,2024-04-03 06:28:47,3347,7
2798,1847,2024-06-11 13:45:05,app,short_term,1889,30,588,approved,2024-06-13 13:45:05,1889,30
2799,3742,2024-05-25 23:05:51,app,short_term,4520,14,522,rejected,,0,0
2800,1171,2024-01-27 15:52:23,app,installment,4219,120,582,rejected,,0,0
2801,4,2024-09-13 06:14:55,app,short_term,1740,30,572,rejected,,0,0
2802,4479,2024-05-05 08:56:18,partner,short_term,1662,30,534,rejected,,0,0
2803,3891,2025-05-28 07:32:25,partner,installment,2950,90,618,rejected,,0,0
2804,2608,2025-05-05 04:53:15,app,short_term,2148,21,578,rejected,,0,0
2805,1547,2024-05-06 01:14:02,app,short_term,1556,30,583,approved,2024-05-08 01:14:02,1556,30
2806,3587,2025-11-18 05:43:32,app,short_term,967,7,541,approved,2025-11-18 05:43:32,967,7
2807,2552,2024-06-13 08:21:30,app,installment,3761,60,599,approved,2024-06-13 08:21:30,3761,60
2808,2304,2024-08-24 12:09:05,app,installment,2660,180,604,approved,2024-08-25 12:09:05,2552,180
2809,42,2025-01-23 19:38:42,app,installment,990,180,623,approved,2025-01-25 19:38:42,990,180
2810,1484,2025-12-13 00:24:25,app,short_term,3344,30,564,rejected,,0,0
2811,975,2025-01-27 19:27:17,app,installment,3970,60,595,approved,2025-01-27 19:27:17,3970,60
2812,4179,2024-02-22 23:24:01,app,short_term,4907,7,514,rejected,,0,0
2813,3655,2025-12-15 11:45:25,app,short_term,1610,7,608,approved,2025-12-16 11:45:25,1610,7
2814,4128,2025-02-13 00:31:59,app,short_term,744,30,555,rejected,,0,0
2815,2797,2025-04-25 12:35:09,web,short_term,1332,30,583,approved,2025-04-25 12:35:09,1332,30
2816,937,2025-07-23 01:02:09,partner,short_term,2754,14,578,rejected,,0,0
2817,4509,2025-03-21 13:50:00,app,installment,2775,180,593,approved,2025-03-21 13:50:00,2775,180
2818,519,2024-11-26 09:38:55,app,installment,2624,60,579,rejected,,0,0
2819,2368,2024-02-11 15:44:56,web,installment,2739,120,586,rejected,,0,0
2820,2736,2025-03-10 20:27:26,app,installment,2082,90,639,rejected,,0,0
2821,1701,2024-06-12 00:47:29,app,installment,1066,90,585,rejected,,0,0
2822,2577,2025-01-06 12:44:43,partner,short_term,2799,14,609,rejected,,0,0
2823,1166,2025-05-17 03:39:43,partner,installment,2774,90,600,rejected,,0,0
2824,614,2025-07-21 20:20:12,app,short_term,609,14,569,approved,2025-07-21 20:20:12,609,14
2825,4494,2025-02-26 04:47:54,app,installment,2560,180,542,rejected,,0,0
2826,2989,2025-09-14 08:40:43,app,installment,1189,120,446,rejected,,0,0
2827,1003,2024-06-27 09:26:47,app,short_term,1182,14,618,approved,2024-06-29 09:26:47,1182,14
2828,4417,2024-07-08 15:01:50,app,installment,4058,90,621,rejected,,0,0
2829,3637,2025-11-01 12:36:53,partner,installment,2840,180,540,rejected,,0,0
2830,4059,2025-05-04 12:29:34,partner,installment,3330,180,551,approved,2025-05-06 12:29:34,3330,180
2831,1694,2025-04-08 00:56:27,web,short_term,910,7,598,rejected,,0,0
2832,3814,2024-11-04 02:01:00,app,installment,1675,120,603,rejected,,0,0
2833,2994,2025-03-08 06:25:22,app,installment,2141,90,590,rejected,,0,0
2834,4263,2024-02-12 04:33:29,web,short_term,1538,30,574,approved,2024-02-12 04:33:29,1538,30
2835,2844,2024-06-24 17:53:04,app,short_term,1096,14,623,approved,2024-06-26 17:53:04,1096,14
2836,590,2025-08-09 03:06:23,app,installment,4817,90,576,rejected,,0,0
2837,3021,2024-08-19 06:09:23,app,short_term,3718,14,574,approved,2024-08-21 06:09:23,3718,14
2838,2103,2025-08-16 03:32:12,app,installment,2487,60,560,approved,2025-08-16 03:32:12,2487,60
2839,4647,2024-02-14 08:20:31,app,installment,4810,120,611,approved,2024-02-16 08:20:31,4810,120
2840,998,2024-09-27 18:30:27,app,short_term,1040,7,597,approved,2024-09-28 18:30:27,1040,7
2841,2085,2024-03-25 19:44:28,app,short_term,4616,14,634,rejected,,0,0
2842,4218,2024-10-15 21:47:10,web,installment,3617,120,552,approved,2024-10-16 21:47:10,3561,120
2843,1314,2025-06-12 14:47:15,app,installment,3340,120,611,rejected,,0,0
2844,673,2024-08-19 22:10:19,app,installment,2044,60,628,rejected,,0,0
2845,2227,2024-01-29 23:19:55,app,installment,1300,120,637,rejected,,0,0
2846,4440,2025-10-28 11:50:19,partner,installment,998,120,582,rejected,,0,0
2847,376,2024-12-31 05:17:23,app,short_term,1022,30,551,rejected,,0,0
2848,4887,2025-11-12 20:56:29,app,short_term,2700,14,621,approved,2025-11-12 20:56:29,2700,14
2849,486,2025-07-26 01:21:51,app,short_term,2395,30,586,approved,2025-07-27 01:21:51,2395,30
2850,2911,2025-08-26 23:36:54,web,installment,2310,180,604,rejected,,0,0
2851,3904,2025-04-07 14:10:09,app,installment,4081,60,587,rejected,,0,0
2852,3602,2024-12-12 17:03:33,web,installment,4662,60,596,rejected,,0,0
2853,2261,2025-12-19 21:03:19,app,installment,1043,90,630,approved,2025-12-21 21:03:19,1043,90
2854,331,2024-11-03 21:41:36,app,short_term,3003,14,579,rejected,,0,0
2855,3588,2025-07-29 04:49:35,app,short_term,4911,21,526,rejected,,0,0
2856,1433,2025-12-04 03:14:47,app,short_term,4945,21,607,rejected,,0,0
2857,3149,2024-05-07 17:47:36,app,short_term,1710,30,603,approved,2024-05-09 17:47:36,1710,30
2858,4115,2024-06-05 03:58:13,web,installment,906,90,581,rejected,,0,0
2859,4170,2025-11-02 21:33:51,app,installment,1000,60,614,rejected,,0,0
2860,4291,2025-03-09 20:25:50,app,installment,1415,60,622,approved,2025-03-10 20:25:50,1415,60
2861,2039,2025-08-16 15:06:43,app,short_term,4963,21,630,approved,2025-08-17 15:06:43,4963,21
2862,3173,2025-11-18 14:22:29,app,installment,2848,180,594,approved,2025-11-20 14:22:29,2848,180
2863,895,2025-02-14 03:29:24,app,short_term,930,21,596,rejected,,0,0
2864,4631,2025-09-25 01:15:04,partner,installment,3077,90,596,approved,2025-09-25 01:15:04,3077,90
2865,4549,2025-05-08 01:40:33,web,installment,2800,90,529,rejected,,0,0
2866,175,2024-03-12 15:21:59,web,installment,3290,90,580,rejected,,0,0
2867,569,2025-04-01 07:38:18,app,installment,2957,180,562,rejected,,0,0
2868,4334,2024-02-05 05:45:16,app,short_term,4741,30,603,rejected,,0,0
2869,3407,2024-05-14 01:43:08,web,short_term,996,7,568,rejected,,0,0
2870,4840,2024-05-11 08:06:14,app,installment,1671,180,605,approved,2024-05-13 08:06:14,1671,180
2871,4176,2025-06-18 20:59:24,app,short_term,2058,30,584,approved,2025-06-19 20:59:24,2058,30
2872,3830,2024-12-26 00:36:08,app,installment,1073,60,594,approved,2024-12-26 00:36:08,1073,60
2873,2122,2025-09-24 22:36:52,app,installment,2118,60,631,approved,2025-09-26 22:36:52,2118,60
2874,4430,2025-03-13 21:03:32,web,short_term,975,7,529,rejected,,0,0
2875,4998,2024-09-23 02:54:25,web,short_term,3716,30,660,approved,2024-09-23 02:54:25,3694,30
2876,2005,2024-07-22 20:59:36,app,short_term,4017,14,639,rejected,,0,0
2877,3854,2024-10-07 19:57:25,app,installment,3384,180,612,approved,2024-10-08 19:57:25,3384,180
2878,3791,2024-09-08 07:27:11,app,short_term,1216,30,612,rejected,,0,0
2879,4197,2024-05-02 10:16:55,app,short_term,1109,7,604,approved,2024-05-02 10:16:55,1109,7
2880,1612,2024-07-11 12:17:42,app,short_term,4105,30,602,rejected,,0,0
2881,1588,2025-11-14 22:03:09,app,installment,4344,60,545,rejected,,0,0
2882,2789,2025-11-28 00:39:06,app,short_term,2406,7,508,rejected,,0,0
2883,138,2024-11-29 23:00:16,app,short_term,4233,7,588,rejected,,0,0
2884,3716,2025-09-08 14:57:01,web,installment,908,90,620,approved,2025-09-10 14:57:01,908,90
2885,4041,2024-05-31 20:01:18,app,short_term,4277,30,575,approved,2024-06-02 20:01:18,4277,30
2886,549,2024-06-22 00:08:24,web,short_term,1635,14,598,approved,2024-06-22 00:08:24,1635,14
2887,3982,2025-06-18 16:31:18,app,short_term,638,14,555,rejected,,0,0
2888,1587,2024-03-13 09:38:14,web,short_term,3394,14,601,approved,2024-03-14 09:38:14,3394,14
2889,1348,2025-06-28 08:55:52,app,installment,1345,120,533,rejected,,0,0
2890,757,2025-06-20 07:15:28,partner,installment,593,60,577,rejected,,0,0
2891,1665,2025-10-22 06:19:57,web,short_term,1554,21,623,approved,2025-10-22 06:19:57,1554,21
2892,2977,2024-11-25 14:08:52,partner,installment,3133,120,576,rejected,,0,0
2893,426,2024-05-29 06:39:44,web,installment,3337,180,582,approved,2024-05-29 06:39:44,3337,180
2894,3742,2024-04-24 08:37:01,app,short_term,989,21,531,rejected,,0,0
2895,3990,2024-06-19 13:05:38,web,installment,2562,120,581,approved,2024-06-19 13:05:38,2562,120
2896,716,2025-01-14 01:55:01,app,installment,3361,60,444,rejected,,0,0
2897,3953,2024-05-18 02:00:58,web,short_term,4423,14,576,rejected,,0,0
2898,2938,2024-03-16 01:35:42,web,short_term,2300,14,587,rejected,,0,0
2899,1197,2024-04-23 04:57:04,app,installment,3343,180,505,rejected,,0,0
2900,258,2024-04-17 22:54:53,app,installment,3939,60,613,rejected,,0,0
2901,628,2024-01-30 23:30:04,app,short_term,607,7,591,rejected,,0,0
2902,1072,2025-04-30 10:03:21,app,short_term,3691,30,582,rejected,,0,0
2903,3679,2025-05-20 21:58:23,partner,installment,3638,180,597,approved,2025-05-20 21:58:23,3638,180
2904,4574,2024-12-01 15:03:49,app,short_term,4215,14,505,rejected,,0,0
2905,4876,2025-09-09 09:16:26,web,short_term,646,14,603,approved,2025-09-09 09:16:26,646,14
2906,1129,2024-11-17 12:38:47,app,short_term,2063,30,596,rejected,,0,0
2907,1975,2025-06-24 12:35:13,app,short_term,3388,14,597,rejected,,0,0
2908,3956,2025-04-15 11:00:58,web,short_term,3111,7,559,rejected,,0,0
2909,226,2024-02-21 03:52:06,web,installment,1782,120,643,rejected,,0,0
2910,2355,2024-06-10 03:33:02,web,installment,3244,60,588,approved,2024-06-10 03:33:02,3244,60
2911,1647,2025-07-29 01:00:40,app,short_term,1427,7,580,rejected,,0,0
2912,4415,2025-08-04 01:24:19,app,installment,1969,180,551,rejected,,0,0
2913,1866,2025-03-20 10:52:01,web,installment,3789,60,549,rejected,,0,0
2914,3795,2024-06-28 17:02:42,app,installment,1929,90,559,rejected,,0,0
2915,4677,2024-04-14 16:13:53,app,installment,1079,60,595,approved,2024-04-14 16:13:53,1079,60
2916,1135,2025-04-30 18:37:55,app,short_term,966,21,570,approved,2025-05-02 18:37:55,966,21
2917,1228,2024-12-21 06:05:03,app,installment,1821,120,549,approved,2024-12-22 06:05:03,1821,120
2918,85,2024-09-27 23:15:33,app,short_term,2293,14,626,rejected,,0,0
2919,2465,2025-08-01 17:04:47,app,installment,3926,180,615,approved,2025-08-01 17:04:47,3926,180
2920,4535,2024-08-14 16:45:50,web,installment,4517,120,587,approved,2024-08-16 16:45:50,4517,120
2921,4791,2025-02-07 23:08:34,app,short_term,2980,7,543,rejected,,0,0
2922,1470,2024-09-09 01:09:29,app,short_term,3914,30,607,approved,2024-09-11 01:09:29,3914,30
2923,3791,2025-07-26 12:39:48,app,installment,3550,90,597,approved,2025-07-26 12:39:48,3550,90
2924,3245,2024-05-05 14:34:24,app,short_term,4051,14,608,approved,2024-05-05 14:34:24,4051,14
2925,3793,2025-06-22 00:33:33,app,installment,4736,180,664,approved,2025-06-24 00:33:33,4736,180
2926,1198,2024-09-11 14:57:46,web,installment,4318,90,601,rejected,,0,0
2927,3058,2024-10-12 06:00:09,app,installment,1738,180,554,rejected,,0,0
2928,874,2024-07-15 02:51:59,web,installment,4357,60,594,approved,2024-07-15 02:51:59,4357,60
2929,358,2025-12-16 03:49:35,web,installment,986,120,505,rejected,,0,0
2930,3235,2025-05-07 05:58:15,app,installment,4461,180,623,approved,2025-05-08 05:58:15,4461,180
2931,150,2025-07-14 12:53:36,app,installment,1084,120,602,rejected,,0,0
2932,2834,2025-07-18 01:19:15,partner,short_term,4713,14,632,approved,2025-07-19 01:19:15,4166,14
2933,1990,2024-05-09 17:28:05,web,short_term,1665,7,565,approved,2024-05-10 17:28:05,1665,7
2934,1773,2024-09-05 08:06:53,app,short_term,3321,30,667,approved,2024-09-05 08:06:53,3321,30
2935,3212,2024-02-02 06:55:44,partner,short_term,4092,7,585,rejected,,0,0
2936,89,2024-09-17 15:25:13,app,installment,2468,180,631,approved,2024-09-18 15:25:13,2468,180
2937,3022,2024-04-13 19:24:51,app,short_term,3523,7,573,rejected,,0,0
2938,2443,2025-11-04 03:02:28,app,short_term,855,30,561,rejected,,0,0
2939,1069,2024-10-07 15:58:27,app,short_term,1839,14,565,approved,2024-10-08 15:58:27,1839,14
2940,4863,2024-02-20 15:23:19,web,short_term,4078,21,597,approved,2024-02-21 15:23:19,4078,21
2941,3845,2024-10-25 01:30:59,web,short_term,4196,7,581,approved,2024-10-27 01:30:59,4196,7
2942,1496,2024-05-28 00:11:31,web,short_term,4569,21,590,approved,2024-05-29 00:11:31,4569,21
2943,112,2025-05-30 04:30:29,app,installment,3645,60,604,rejected,,0,0
2944,3490,2025-02-12 05:31:00,app,short_term,2421,14,596,approved,2025-02-13 05:31:00,2421,14
2945,820,2025-06-19 06:27:37,app,short_term,559,7,559,rejected,,0,0
2946,428,2024-03-06 02:31:05,app,installment,4094,90,565,approved,2024-03-06 02:31:05,4094,90
2947,2554,2025-01-05 13:37:28,app,installment,564,120,637,approved,2025-01-05 13:37:28,564,120
2948,4588,2024-06-05 00:41:07,app,short_term,2849,21,560,approved,2024-06-05 00:41:07,2849,21
2949,1103,2024-06-25 03:56:38,app,installment,4190,180,590,approved,2024-06-27 03:56:38,2811,180
2950,1280,2025-01-31 12:15:55,app,installment,2548,60,550,approved,2025-02-01 12:15:55,2548,60
2951,136,2025-01-29 00:41:07,app,short_term,1298,30,599,approved,2025-01-31 00:41:07,1298,30
2952,1003,2024-05-05 12:38:23,app,short_term,4416,14,619,approved,2024-05-05 12:38:23,4416,14
2953,3760,2025-03-09 03:59:15,web,short_term,2422,21,539,rejected,,0,0
2954,617,2025-10-19 15:52:14,app,installment,2875,90,603,rejected,,0,0
2955,1444,2025-08-14 18:29:42,web,short_term,4643,21,603,rejected,,0,0
2956,4597,2024-11-06 15:26:20,app,short_term,1555,21,544,rejected,,0,0
2957,3563,2024-03-13 12:26:23,app,installment,4985,60,559,rejected,,0,0
2958,866,2024-03-10 02:44:43,partner,installment,1531,60,518,rejected,,0,0
2959,4642,2025-02-06 09:53:22,partner,short_term,3020,21,618,approved,2025-02-07 09:53:22,3020,21
2960,1067,2024-07-24 21:01:14,app,installment,1928,90,620,approved,2024-07-25 21:01:14,1928,90
2961,4633,2025-02-18 06:02:58,app,installment,4262,90,564,rejected,,0,0
2962,4741,2025-03-18 00:03:16,app,short_term,3245,21,583,rejected,,0,0
2963,2531,2024-06-12 06:58:14,app,installment,1594,60,607,approved,2024-06-13 06:58:14,1594,60
2964,26,2025-04-23 11:03:56,app,installment,2047,90,605,approved,2025-04-23 11:03:56,2047,90
2965,4655,2024-03-30 15:27:08,app,short_term,2224,30,546,rejected,,0,0
2966,4074,2024-06-12 00:14:47,web,short_term,2980,21,630,rejected,,0,0
2967,2008,2024-05-01 14:00:39,web,short_term,4019,14,604,approved,2024-05-01 14:00:39,3570,14
2968,1191,2024-07-31 06:55:06,web,installment,983,90,550,rejected,,0,0
2969,3604,2025-12-11 14:58:51,app,short_term,4814,30,530,rejected,,0,0
2970,943,2025-12-03 12:56:59,app,short_term,2528,14,558,approved,2025-12-05 12:56:59,2528,14
2971,881,2025-07-21 13:57:52,app,short_term,2522,30,649,rejected,,0,0
2972,560,2025-07-29 13:22:16,app,installment,4336,90,547,rejected,,0,0
2973,2711,2025-11-13 11:41:28,app,short_term,2146,14,622,approved,2025-11-15 11:41:28,2146,14
2974,2306,2024-03-16 05:33:46,web,installment,1711,120,611,rejected,,0,0
2975,246,2025-04-24 17:31:47,app,short_term,3164,30,616,rejected,,0,0
2976,1615,2025-03-06 09:27:07,web,short_term,1471,14,602,approved,2025-03-08 09:27:07,1471,14
2977,1821,2025-04-10 15:18:00,app,short_term,3931,7,617,approved,2025-04-12 15:18:00,3478,7
2978,1142,2024-05-19 04:59:00,app,short_term,3934,21,510,rejected,,0,0
2979,2612,2024-11-19 21:43:08,partner,short_term,2782,30,619,approved,2024-11-20 21:43:08,2782,30
2980,1051,2024-08-25 12:22:42,app,short_term,1718,30,614,rejected,,0,0
2981,1300,2025-02-28 15:37:43,app,short_term,1664,30,598,rejected,,0,0
2982,1976,2025-03-14 06:49:22,partner,short_term,2790,7,591,rejected,,0,0
2983,932,2025-08-21 21:19:28,app,short_term,4772,21,611,rejected,,0,0
2984,4312,2024-10-13 05:17:19,app,installment,2732,90,553,rejected,,0,0
2985,3565,2024-02-24 08:59:15,app,installment,4317,90,563,approved,2024-02-24 08:59:15,3876,90
2986,4785,2025-02-16 02:28:25,partner,short_term,1594,7,612,rejected,,0,0
2987,3153,2024-11-19 12:31:40,app,short_term,4686,30,540,rejected,,0,0
2988,513,2024-12-04 03:04:20,app,short_term,3568,21,614,approved,2024-12-06 03:04:20,2576,21
2989,2082,2025-04-19 21:54:19,app,installment,4306,60,629,rejected,,0,0
2990,1396,2025-11-19 20:05:24,app,short_term,1833,21,541,rejected,,0,0
2991,869,2024-02-21 18:12:36,web,short_term,1930,7,600,rejected,,0,0
2992,534,2024-04-28 19:54:33,app,installment,1514,180,569,approved,2024-04-30 19:54:33,1514,180
2993,4594,2024-08-08 20:17:16,app,short_term,1652,21,521,approved,2024-08-09 20:17:16,1652,21
2994,3341,2025-12-08 07:18:23,app,installment,755,90,623,approved,2025-12-09 07:18:23,755,90
2995,2097,2024-11-02 09:18:24,app,short_term,4266,21,543,rejected,,0,0
2996,4228,2025-05-20 19:13:06,app,short_term,4662,14,599,approved,2025-05-22 19:13:06,2901,14
2997,1313,2024-01-29 04:18:58,web,short_term,4976,30,562,approved,2024-01-30 04:18:58,4976,30
2998,52,2025-08-20 15:28:53,app,short_term,890,21,554,approved,2025-08-21 15:28:53,890,21
2999,889,2024-05-16 19:32:15,app,short_term,2373,30,593,rejected,,0,0
3000,2475,2025-12-20 01:12:11,web,installment,881,90,579,rejected,,0,0
3001,1317,2025-05-06 09:37:24,app,short_term,1982,7,626,approved,2025-05-08 09:37:24,1982,7
3002,320,2025-04-27 23:39:01,web,installment,2088,90,616,approved,2025-04-27 23:39:01,2088,90
3003,1999,2025-05-26 01:21:27,app,installment,1381,60,594,approved,2025-05-27 01:21:27,1381,60
3004,4682,2025-03-07 05:43:49,app,short_term,2491,30,590,approved,2025-03-07 05:43:49,2491,30
3005,1947,2025-02-16 14:59:42,app,short_term,4045,21,590,rejected,,0,0
3006,1025,2024-03-28 05:27:53,partner,short_term,3558,30,542,rejected,,0,0
3007,2131,2025-01-07 22:23:23,app,short_term,3683,21,555,rejected,,0,0
3008,3191,2024-04-18 04:01:51,app,installment,2886,180,567,rejected,,0,0
3009,1085,2024-11-18 16:34:19,app,short_term,4521,30,625,approved,2024-11-20 16:34:19,4521,30
3010,1849,2025-07-15 22:50:31,app,short_term,3760,21,580,rejected,,0,0
3011,3140,2025-12-16 15:28:01,app,short_term,2709,21,588,rejected,,0,0
3012,1978,2025-01-15 00:59:31,web,short_term,2906,30,490,approved,2025-01-17 00:59:31,2906,30
3013,4701,2024-10-12 15:07:35,app,short_term,3763,7,593,rejected,,0,0
3014,1687,2025-04-26 20:09:07,partner,short_term,4929,14,589,rejected,,0,0
3015,3796,2024-11-20 15:31:42,app,installment,3496,60,611,approved,2024-11-21 15:31:42,3496,60
3016,1958,2024-05-18 19:57:53,app,short_term,3174,21,583,approved,2024-05-20 19:57:53,3174,21
3017,3876,2025-10-06 09:40:56,app,installment,996,120,526,rejected,,0,0
3018,2501,2025-07-08 08:48:28,app,installment,1710,120,631,approved,2025-07-10 08:48:28,1710,120
3019,3559,2025-06-03 11:42:40,web,installment,1612,90,546,rejected,,0,0
3020,2724,2024-02-11 06:04:37,app,installment,3366,60,647,approved,2024-02-13 06:04:37,3366,60
3021,2445,2025-10-13 09:26:05,app,installment,4030,60,569,approved,2025-10-15 09:26:05,4030,60
3022,3994,2025-09-06 00:05:42,web,installment,3583,180,585,rejected,,0,0
3023,218,2025-07-08 17:23:53,app,short_term,4888,7,553,rejected,,0,0
3024,3354,2025-08-27 05:57:55,app,installment,2557,120,483,rejected,,0,0
3025,381,2025-12-13 07:14:52,app,installment,2758,90,595,approved,2025-12-13 07:14:52,2758,90
3026,3407,2024-05-19 00:12:37,app,installment,2951,120,556,rejected,,0,0
3027,1435,2025-07-14 23:24:14,partner,short_term,4421,14,606,rejected,,0,0
3028,4125,2024-10-08 03:54:58,app,short_term,1337,21,591,rejected,,0,0
3029,2870,2024-10-10 10:41:55,web,short_term,3697,7,512,rejected,,0,0
3030,1803,2025-01-15 20:11:59,app,installment,2434,180,608,rejected,,0,0
3031,4160,2024-05-02 20:20:25,app,installment,705,60,559,approved,2024-05-04 20:20:25,705,60
3032,4760,2025-08-31 14:27:26,app,short_term,2632,21,575,rejected,,0,0
3033,1585,2024-02-03 23:35:33,app,short_term,3184,7,525,rejected,,0,0
3034,2578,2024-08-03 13:33:03,web,short_term,4699,14,656,approved,2024-08-05 13:33:03,4699,14
3035,3951,2024-04-04 17:28:52,web,short_term,3425,30,619,approved,2024-04-06 17:28:52,3425,30
3036,1219,2024-07-30 11:31:37,web,installment,3670,120,581,rejected,,0,0
3037,1118,2025-03-01 17:29:18,app,short_term,1651,21,644,approved,2025-03-03 17:29:18,1651,21
3038,263,2024-03-30 15:25:53,app,short_term,2970,21,621,approved,2024-04-01 15:25:53,2970,21
3039,502,2024-04-06 01:34:14,app,short_term,1674,7,601,approved,2024-04-07 01:34:14,1674,7
3040,4318,2025-10-20 23:14:32,partner,installment,4699,120,585,rejected,,0,0
3041,4738,2024-02-19 03:41:52,app,installment,4956,120,580,approved,2024-02-20 03:41:52,4956,120
3042,2187,2024-09-04 02:27:18,web,installment,4516,90,599,approved,2024-09-04 02:27:18,4516,90
3043,1857,2025-05-16 09:41:22,app,short_term,723,7,560,rejected,,0,0
3044,2531,2024-11-25 12:08:59,app,short_term,4108,30,570,approved,2024-11-25 12:08:59,4108,30
3045,4743,2025-01-08 03:01:09,app,short_term,1985,30,617,rejected,,0,0
3046,984,2025-06-10 02:34:06,app,short_term,2104,30,483,rejected,,0,0
3047,797,2025-01-13 03:53:36,app,short_term,3891,7,605,rejected,,0,0
3048,2856,2024-02-25 16:28:48,app,short_term,1286,7,623,approved,2024-02-26 16:28:48,1286,7
3049,541,2025-09-15 01:11:43,app,installment,1319,60,580,rejected,,0,0
3050,1997,2024-05-25 01:43:34,app,short_term,4675,14,596,approved,2024-05-26 01:43:34,4000,14
3051,1500,2025-09-02 21:47:16,app,installment,1936,60,469,rejected,,0,0
3052,1629,2024-11-08 23:04:16,partner,short_term,4920,14,642,rejected,,0,0
3053,3362,2024-10-16 23:38:37,app,installment,4108,60,580,rejected,,0,0
3054,3593,2024-06-01 22:32:57,web,short_term,3209,14,588,rejected,,0,0
3055,3620,2024-11-14 12:47:35,app,installment,4652,120,578,rejected,,0,0
3056,2096,2025-09-14 06:03:33,app,short_term,804,30,588,approved,2025-09-15 06:03:33,804,30
3057,1749,2025-08-21 14:57:55,app,short_term,3023,30,516,approved,2025-08-22 14:57:55,3023,30
3058,3201,2025-11-30 21:11:25,web,installment,4108,120,609,approved,2025-12-02 21:11:25,4108,120
3059,3503,2024-05-23 04:27:59,app,installment,4620,90,650,approved,2024-05-25 04:27:59,4620,90
3060,2277,2025-09-21 04:22:52,app,short_term,3389,21,649,approved,2025-09-21 04:22:52,3389,21
3061,1958,2025-07-10 00:33:30,app,installment,1558,180,608,rejected,,0,0
3062,4069,2025-08-14 03:14:36,app,installment,3426,180,570,approved,2025-08-14 03:14:36,3426,180
3063,3846,2024-11-20 10:55:17,partner,short_term,3127,14,645,approved,2024-11-21 10:55:17,3127,14
3064,3052,2025-04-17 23:41:33,app,short_term,1416,21,470,approved,2025-04-19 23:41:33,1416,21
3065,1989,2024-11-09 19:23:51,app,installment,982,90,585,approved,2024-11-11 19:23:51,982,90
3066,2193,2025-10-30 02:24:08,app,short_term,2811,14,584,approved,2025-10-30 02:24:08,2811,14
3067,1409,2025-07-02 10:58:38,app,short_term,3958,30,541,approved,2025-07-02 10:58:38,3958,30
3068,1455,2025-10-10 08:13:51,app,installment,1091,90,629,approved,2025-10-11 08:13:51,1091,90
3069,2606,2025-03-03 16:48:21,app,installment,3755,180,569,rejected,,0,0
3070,2184,2024-11-09 14:32:16,web,short_term,1296,7,602,rejected,,0,0
3071,4096,2025-07-03 22:09:15,app,short_term,4648,14,578,rejected,,0,0
3072,4967,2025-09-26 16:23:22,app,installment,2279,60,621,approved,2025-09-27 16:23:22,2279,60
3073,3221,2025-10-28 07:23:41,partner,short_term,4362,7,568,rejected,,0,0
3074,1704,2025-02-08 11:05:08,app,short_term,2934,7,560,approved,2025-02-10 11:05:08,2934,7
3075,4758,2025-04-06 17:51:09,app,installment,4567,180,592,approved,2025-04-08 17:51:09,4567,180
3076,125,2025-01-11 02:47:00,app,installment,2515,90,657,approved,2025-01-13 02:47:00,2515,90
3077,1217,2025-11-30 05:19:28,web,installment,4541,180,585,approved,2025-12-01 05:19:28,4541,180
3078,95,2025-06-01 20:40:02,app,short_term,2550,21,612,approved,2025-06-01 20:40:02,2550,21
3079,2532,2024-03-02 04:36:43,app,short_term,3478,30,613,approved,2024-03-03 04:36:43,3478,30
3080,3148,2024-10-10 08:35:09,app,short_term,2171,14,580,approved,2024-10-11 08:35:09,2171,14
3081,3384,2025-07-31 13:19:20,web,short_term,4575,21,581,rejected,,0,0
3082,147,2025-09-29 02:49:14,app,installment,1976,120,564,rejected,,0,0
3083,1033,2024-10-08 05:58:45,partner,installment,2469,120,587,rejected,,0,0
3084,234,2025-10-21 15:01:38,app,short_term,1531,7,602,approved,2025-10-21 15:01:38,1531,7
3085,2701,2025-07-05 04:17:25,app,installment,2847,120,555,rejected,,0,0
3086,3371,2024-03-18 01:48:23,app,short_term,3700,7,537,rejected,,0,0
3087,4252,2025-09-10 19:38:16,app,installment,4830,120,562,approved,2025-09-12 19:38:16,4065,120
3088,3163,2024-10-27 20:02:55,app,short_term,4288,21,510,rejected,,0,0
3089,4856,2024-01-31 05:21:34,web,installment,1184,60,546,rejected,,0,0
3090,3624,2024-02-29 04:17:19,app,short_term,3558,7,571,approved,2024-03-01 04:17:19,3558,7
3091,4886,2025-04-05 18:25:56,app,installment,2383,180,592,approved,2025-04-07 18:25:56,2383,180
3092,4622,2025-02-05 01:40:54,partner,short_term,568,14,646,approved,2025-02-07 01:40:54,568,14
3093,2718,2024-11-24 08:20:29,app,installment,2912,60,534,rejected,,0,0
3094,2387,2024-03-27 16:59:18,app,installment,3584,180,617,rejected,,0,0
3095,1642,2025-07-14 05:47:32,partner,short_term,1305,14,671,approved,2025-07-15 05:47:32,1305,14
3096,4465,2024-05-25 14:13:07,app,short_term,2342,7,628,approved,2024-05-26 14:13:07,2342,7
3097,2462,2025-05-19 12:37:20,app,installment,1867,120,617,approved,2025-05-20 12:37:20,1867,120
3098,2921,2024-02-28 08:27:51,app,short_term,1277,7,549,rejected,,0,0
3099,3765,2024-12-11 13:38:42,app,installment,534,180,623,approved,2024-12-11 13:38:42,534,180
3100,4399,2025-02-22 21:46:26,app,short_term,2604,7,600,rejected,,0,0
3101,3659,2025-09-08 08:30:20,app,short_term,4744,14,513,rejected,,0,0
3102,4949,2024-02-03 05:58:37,app,short_term,3461,21,558,rejected,,0,0
3103,1747,2024-08-17 02:17:43,app,short_term,822,7,622,approved,2024-08-17 02:17:43,822,7
3104,1157,2024-09-05 13:14:50,app,short_term,1675,21,598,approved,2024-09-05 13:14:50,1675,21
3105,2678,2024-09-04 23:34:41,app,short_term,4866,21,588,rejected,,0,0
3106,3633,2025-04-23 00:08:54,app,installment,836,180,616,rejected,,0,0
3107,368,2025-07-19 15:28:48,web,short_term,4510,21,588,rejected,,0,0
3108,4409,2025-03-13 12:12:59,app,short_term,3928,21,624,approved,2025-03-14 12:12:59,3928,21
3109,1969,2025-04-27 01:13:45,web,short_term,2462,7,546,rejected,,0,0
3110,140,2024-02-09 05:16:35,partner,installment,2375,90,614,rejected,,0,0
3111,2340,2024-11-15 22:44:43,app,installment,1771,120,563,rejected,,0,0
3112,68,2025-03-04 21:38:34,app,installment,3161,60,631,approved,2025-03-04 21:38:34,3161,60
3113,3631,2025-10-29 20:49:50,partner,installment,4428,90,602,rejected,,0,0
3114,1064,2024-10-17 04:03:07,app,short_term,1269,14,618,approved,2024-10-18 04:03:07,1269,14
3115,2412,2024-02-22 13:08:20,app,short_term,2009,30,610,rejected,,0,0
3116,820,2024-05-29 09:51:39,web,short_term,1420,30,560,rejected,,0,0
3117,237,2024-09-13 11:35:17,app,installment,600,60,609,approved,2024-09-13 11:35:17,600,60
3118,2266,2024-06-10 20:44:37,web,short_term,2377,21,635,rejected,,0,0
3119,1415,2025-02-11 08:59:44,web,short_term,2725,14,575,rejected,,0,0
3120,4510,2025-06-17 14:20:55,partner,installment,959,180,617,approved,2025-06-18 14:20:55,959,180
3121,2964,2024-10-02 22:26:36,app,installment,4405,180,613,approved,2024-10-03 22:26:36,3718,180
3122,4456,2025-08-30 03:13:01,partner,installment,3149,90,609,approved,2025-08-30 03:13:01,3149,90
3123,3092,2025-03-27 07:59:51,app,installment,3967,90,642,approved,2025-03-29 07:59:51,3967,90
3124,570,2024-12-19 02:58:27,app,installment,3970,60,574,rejected,,0,0
3125,3998,2025-10-12 10:55:03,app,short_term,3939,30,532,rejected,,0,0
3126,4314,2025-06-06 21:32:34,app,installment,1555,90,489,rejected,,0,0
3127,267,2025-09-10 17:33:15,web,short_term,1705,21,583,rejected,,0,0
3128,774,2024-12-21 22:55:17,app,short_term,3389,21,536,rejected,,0,0
3129,3943,2024-06-03 20:45:06,app,installment,1096,60,609,rejected,,0,0
3130,1745,2024-09-08 05:46:56,app,short_term,3365,21,610,rejected,,0,0
3131,266,2024-10-30 12:50:02,web,short_term,2639,21,513,rejected,,0,0
3132,3055,2025-11-01 15:40:14,partner,installment,1243,60,652,approved,2025-11-01 15:40:14,1243,60
3133,3664,2024-10-31 06:59:30,web,short_term,2362,30,619,approved,2024-11-02 06:59:30,2362,30
3134,1400,2025-03-31 10:16:45,app,short_term,1415,7,566,approved,2025-03-31 10:16:45,1415,7
3135,4008,2025-03-12 06:22:33,app,installment,1611,180,646,approved,2025-03-12 06:22:33,1611,180
3136,1427,2024-06-18 08:42:49,partner,installment,2079,180,589,rejected,,0,0
3137,2489,2024-08-25 19:08:49,app,short_term,3589,14,602,approved,2024-08-25 19:08:49,3589,14
3138,1455,2025-10-02 10:02:08,app,short_term,802,21,612,approved,2025-10-04 10:02:08,802,21
3139,1708,2025-10-31 22:52:01,app,short_term,3403,21,634,approved,2025-11-02 22:52:01,3403,21
3140,2244,2024-05-17 06:44:56,app,installment,2983,90,642,approved,2024-05-19 06:44:56,2983,90
3141,2774,2025-03-03 17:27:56,web,short_term,2266,7,578,rejected,,0,0
3142,230,2024-08-20 20:50:03,partner,installment,1230,90,619,rejected,,0,0
3143,2266,2025-02-13 09:53:08,web,installment,3083,180,603,rejected,,0,0
3144,3059,2025-06-09 03:19:01,app,short_term,3040,7,515,approved,2025-06-10 03:19:01,3040,7
3145,4223,2025-11-15 19:00:07,web,installment,3216,60,592,rejected,,0,0
3146,1885,2024-02-15 23:11:14,app,installment,2207,120,529,rejected,,0,0
3147,5,2024-10-14 03:07:04,app,short_term,3903,30,605,approved,2024-10-16 03:07:04,3903,30
3148,3087,2024-06-07 07:04:04,partner,short_term,904,14,600,approved,2024-06-09 07:04:04,904,14
3149,756,2024-10-11 05:12:42,web,installment,2540,180,540,rejected,,0,0
3150,714,2024-11-27 11:39:13,app,installment,654,90,616,approved,2024-11-29 11:39:13,654,90
3151,4867,2025-04-08 06:48:05,partner,short_term,3593,14,591,approved,2025-04-08 06:48:05,3593,14
3152,3613,2025-05-26 13:51:51,app,short_term,3255,30,603,approved,2025-05-27 13:51:51,3255,30
3153,1575,2025-07-07 07:27:44,app,installment,2356,180,591,approved,2025-07-08 07:27:44,2356,180
3154,2401,2024-12-11 03:12:08,partner,installment,1393,60,631,rejected,,0,0
3155,4624,2025-12-12 07:11:14,app,short_term,4579,21,652,approved,2025-12-14 07:11:14,4579,21
3156,526,2024-02-04 09:30:02,app,short_term,4591,30,541,rejected,,0,0
3157,3466,2024-04-05 22:26:40,web,installment,2619,120,522,approved,2024-04-06 22:26:40,2619,120
3158,3312,2025-12-20 04:35:57,web,installment,4930,180,508,rejected,,0,0
3159,170,2024-04-21 18:55:50,web,installment,4599,120,614,approved,2024-04-21 18:55:50,4599,120
3160,3141,2025-08-22 00:22:01,app,short_term,1114,21,587,rejected,,0,0
3161,1705,2024-02-09 13:18:47,app,installment,4269,90,589,rejected,,0,0
3162,4050,2025-02-11 00:14:37,app,installment,909,120,561,rejected,,0,0
3163,3827,2025-11-28 04:12:01,app,installment,3165,120,604,approved,2025-11-28 04:12:01,3165,120
3164,4523,2025-10-28 10:12:18,app,installment,4205,120,628,approved,2025-10-28 10:12:18,4205,120
3165,3003,2025-04-19 03:24:05,web,short_term,3394,30,514,rejected,,0,0
3166,3142,2024-05-30 07:38:56,app,short_term,666,21,637,approved,2024-05-31 07:38:56,666,21
3167,4418,2025-03-31 01:21:41,web,short_term,2895,7,624,approved,2025-04-01 01:21:41,2895,7
3168,2080,2024-02-10 05:10:51,app,short_term,3476,30,630,approved,2024-02-12 05:10:51,3476,30
3169,914,2024-09-16 23:07:30,app,short_term,2423,30,586,approved,2024-09-17 23:07:30,2423,30
3170,3877,2025-06-03 16:43:44,app,installment,4104,180,582,rejected,,0,0
3171,2427,2025-04-14 16:55:09,app,short_term,3932,30,536,rejected,,0,0
3172,3795,2024-03-07 04:05:22,partner,installment,4478,60,599,approved,2024-03-08 04:05:22,4478,60
3173,3640,2025-11-03 13:21:46,web,short_term,886,30,533,rejected,,0,0
3174,4463,2024-08-14 09:31:27,app,installment,1524,60,585,approved,2024-08-15 09:31:27,1524,60
3175,4287,2024-12-20 11:59:57,partner,short_term,3173,7,629,approved,2024-12-22 11:59:57,3173,7
3176,3827,2025-01-24 14:12:42,app,short_term,3215,7,606,rejected,,0,0
3177,4635,2025-11-14 22:44:35,app,installment,3107,90,543,rejected,,0,0
3178,3038,2024-04-26 16:41:49,app,short_term,1681,14,536,rejected,,0,0
3179,2084,2024-04-30 07:28:17,web,short_term,3850,14,527,rejected,,0,0
3180,2850,2024-08-13 06:55:53,app,installment,869,180,628,approved,2024-08-14 06:55:53,869,180
3181,4734,2025-02-06 00:59:35,web,installment,822,90,562,rejected,,0,0
3182,2882,2024-09-03 17:38:51,app,installment,2771,60,628,approved,2024-09-05 17:38:51,2771,60
3183,1795,2024-04-30 11:29:04,app,short_term,2995,7,492,rejected,,0,0
3184,2369,2024-02-19 23:47:10,web,installment,2857,60,611,rejected,,0,0
3185,828,2024-02-10 06:23:15,web,short_term,856,21,623,rejected,,0,0
3186,3451,2025-01-07 01:37:28,app,short_term,1924,30,663,approved,2025-01-08 01:37:28,1924,30
3187,3737,2025-01-19 17:43:08,app,installment,2101,180,539,rejected,,0,0
3188,4339,2025-04-24 23:24:05,app,installment,2275,180,639,approved,2025-04-26 23:24:05,2275,180
3189,4917,2025-08-20 09:59:27,web,installment,2227,90,615,approved,2025-08-22 09:59:27,2227,90
3190,1059,2024-02-17 17:31:54,web,installment,2931,120,556,rejected,,0,0
3191,2585,2025-05-21 17:01:43,app,installment,2359,180,578,approved,2025-05-21 17:01:43,2359,180
3192,3101,2024-11-25 14:51:32,partner,installment,3771,60,647,approved,2024-11-25 14:51:32,3771,60
3193,3478,2024-10-09 07:02:28,partner,short_term,2127,7,532,rejected,,0,0
3194,3196,2024-07-14 09:35:39,app,installment,1250,120,562,rejected,,0,0
3195,3589,2025-11-17 16:11:50,web,short_term,2744,7,583,rejected,,0,0
3196,3775,2024-09-20 14:48:01,web,short_term,4108,7,556,rejected,,0,0
3197,1298,2025-03-22 22:30:23,app,short_term,568,14,602,approved,2025-03-23 22:30:23,568,14
3198,3100,2025-08-03 20:38:55,web,installment,3484,60,586,approved,2025-08-03 20:38:55,3484,60
3199,3414,2025-06-27 17:33:23,web,installment,4979,180,622,rejected,,0,0
3200,1528,2025-01-27 17:34:02,app,installment,1016,180,558,rejected,,0,0
3201,609,2024-04-12 20:49:51,app,short_term,1133,7,610,approved,2024-04-13 20:49:51,1133,7
3202,322,2024-06-14 14:49:33,app,short_term,795,21,550,rejected,,0,0
3203,21,2024-10-13 15:34:55,app,installment,933,60,580,rejected,,0,0
3204,1714,2024-02-16 14:50:29,web,short_term,4590,7,545,rejected,,0,0
3205,3058,2025-02-17 21:43:55,app,short_term,4419,14,526,rejected,,0,0
3206,1753,2025-12-08 19:51:32,app,installment,513,120,591,rejected,,0,0
3207,4071,2024-11-24 11:31:00,web,short_term,2384,7,580,rejected,,0,0
3208,2967,2024-06-15 20:33:37,partner,short_term,3650,30,557,rejected,,0,0
3209,188,2025-01-12 00:05:58,app,short_term,4655,21,570,rejected,,0,0
3210,3607,2024-03-18 20:34:14,app,short_term,576,7,587,approved,2024-03-20 20:34:14,576,7
3211,2288,2025-11-27 23:36:33,app,installment,1741,120,601,rejected,,0,0
3212,4381,2024-10-13 22:52:40,app,installment,4664,90,620,approved,2024-10-13 22:52:40,4664,90
3213,4348,2025-10-02 01:46:59,app,short_term,3309,14,531,rejected,,0,0
3214,1473,2025-11-24 13:56:58,partner,installment,2657,90,554,approved,2025-11-26 13:56:58,2657,90
3215,3550,2025-07-03 15:44:05,app,short_term,1720,7,633,approved,2025-07-03 15:44:05,1720,7
3216,3370,2024-12-31 17:44:46,web,short_term,549,21,432,rejected,,0,0
3217,2175,2025-07-20 12:54:33,web,installment,4268,120,573,rejected,,0,0
3218,1005,2024-03-14 04:59:16,app,short_term,1193,30,603,rejected,,0,0
3219,2938,2025-06-20 12:17:47,app,installment,4582,180,610,approved,2025-06-22 12:17:47,4582,180
3220,78,2025-04-27 18:27:08,web,installment,687,60,596,approved,2025-04-27 18:27:08,687,60
3221,3235,2025-09-21 15:43:05,app,short_term,4638,14,589,approved,2025-09-21 15:43:05,4551,14
3222,3490,2025-05-26 08:54:51,web,short_term,4826,21,601,rejected,,0,0
3223,1446,2025-05-31 13:03:08,app,short_term,1210,14,591,approved,2025-05-31 13:03:08,1210,14
3224,2808,2024-02-16 15:44:19,app,installment,3600,90,610,rejected,,0,0
3225,1985,2025-12-02 05:17:29,app,short_term,2495,30,605,approved,2025-12-03 05:17:29,2495,30
3226,4516,2024-02-01 01:35:32,app,installment,4735,180,587,rejected,,0,0
3227,361,2024-06-28 09:14:52,app,short_term,2465,14,645,approved,2024-06-29 09:14:52,2465,14
3228,3059,2024-08-06 07:46:30,app,short_term,3378,30,530,approved,2024-08-06 07:46:30,3378,30
3229,2241,2024-10-05 20:28:50,app,short_term,4525,7,646,approved,2024-10-06 20:28:50,4525,7
3230,4279,2025-01-01 04:09:44,app,installment,1833,90,641,approved,2025-01-01 04:09:44,1833,90
3231,4954,2024-10-02 00:09:36,web,installment,4435,120,555,approved,2024-10-02 00:09:36,4435,120
3232,4972,2025-11-04 09:20:03,app,short_term,4237,21,632,rejected,,0,0
3233,2024,2025-08-20 23:19:56,partner,short_term,4465,21,599,rejected,,0,0
3234,2176,2025-03-19 19:21:36,app,installment,3722,60,607,approved,2025-03-21 19:21:36,3722,60
3235,3773,2024-11-21 11:33:51,app,installment,1198,90,639,rejected,,0,0
3236,1852,2025-08-01 17:55:47,app,installment,2076,180,609,approved,2025-08-03 17:55:47,2076,180
3237,2396,2024-05-05 15:56:55,app,short_term,2992,7,616,approved,2024-05-06 15:56:55,2992,7
3238,433,2025-05-02 01:09:18,app,short_term,4651,21,570,rejected,,0,0
3239,4465,2024-06-19 18:55:51,web,short_term,1602,7,628,rejected,,0,0
3240,4435,2025-10-05 16:19:13,web,installment,3380,90,646,approved,2025-10-05 16:19:13,3380,90
3241,4942,2025-02-08 15:44:33,app,installment,1498,90,523,rejected,,0,0
3242,4806,2025-09-17 11:08:42,app,installment,2159,180,635,approved,2025-09-19 11:08:42,2159,180
3243,1805,2024-11-07 06:52:15,web,installment,2287,180,513,rejected,,0,0
3244,4996,2024-02-12 21:23:39,app,installment,831,120,552,rejected,,0,0
3245,3383,2024-08-24 15:40:57,app,short_term,2630,7,573,rejected,,0,0
3246,1668,2024-09-03 14:31:36,app,installment,1058,90,607,approved,2024-09-03 14:31:36,1058,90
3247,4359,2025-09-23 06:17:43,partner,short_term,763,7,573,rejected,,0,0
3248,2273,2024-07-11 03:31:33,app,installment,3131,180,565,rejected,,0,0
3249,2001,2025-08-25 07:52:11,app,installment,1087,120,655,approved,2025-08-26 07:52:11,1087,120
3250,884,2024-02-03 13:36:48,web,short_term,3166,21,540,rejected,,0,0
3251,466,2024-07-12 10:53:03,app,installment,4026,120,638,rejected,,0,0
3252,2673,2024-05-14 10:19:49,app,short_term,4646,30,578,rejected,,0,0
3253,2866,2024-04-06 03:17:37,partner,short_term,1669,30,578,approved,2024-04-08 03:17:37,1669,30
3254,1027,2024-07-01 17:54:18,app,short_term,4444,21,574,rejected,,0,0
3255,93,2024-08-11 08:27:15,web,installment,4254,90,649,approved,2024-08-13 08:27:15,4254,90
3256,557,2025-12-19 18:01:09,web,short_term,688,14,584,rejected,,0,0
3257,1718,2024-10-01 01:40:15,app,installment,1166,90,641,rejected,,0,0
3258,448,2025-06-19 15:54:25,app,installment,4362,180,591,rejected,,0,0
3259,3133,2025-08-30 17:06:53,app,installment,3722,120,537,rejected,,0,0
3260,787,2024-06-02 11:12:31,app,installment,1824,120,543,rejected,,0,0
3261,2575,2025-04-24 20:26:24,app,short_term,2186,21,588,rejected,,0,0
3262,2303,2024-08-05 10:10:21,web,short_term,2261,30,614,approved,2024-08-06 10:10:21,2261,30
3263,1427,2025-12-22 01:06:05,app,short_term,2109,7,566,rejected,,0,0
3264,1541,2024-09-02 18:02:47,app,installment,2441,120,603,approved,2024-09-04 18:02:47,2441,120
3265,417,2025-03-05 19:15:02,app,short_term,4999,7,582,approved,2025-03-05 19:15:02,4999,7
3266,2869,2025-05-17 01:45:55,app,installment,874,90,659,approved,2025-05-17 01:45:55,874,90
3267,1892,2025-11-30 23:30:50,app,installment,2053,60,592,rejected,,0,0
3268,2439,2025-05-20 12:12:00,app,installment,1397,60,629,approved,2025-05-20 12:12:00,1397,60
3269,4259,2024-02-19 20:47:23,app,installment,2414,120,630,approved,2024-02-20 20:47:23,2414,120
3270,2785,2024-05-01 15:18:42,app,short_term,3571,30,592,rejected,,0,0
3271,409,2025-09-19 16:26:26,app,installment,4647,90,649,approved,2025-09-21 16:26:26,4647,90
3272,1986,2024-12-13 11:41:29,app,installment,3363,180,609,rejected,,0,0
3273,2510,2024-04-02 04:57:28,web,short_term,1861,30,620,rejected,,0,0
3274,244,2024-05-08 19:46:59,web,short_term,1397,21,594,rejected,,0,0
3275,265,2025-04-21 00:50:18,app,short_term,4817,14,555,rejected,,0,0
3276,1753,2024-11-04 10:44:19,app,short_term,3516,30,627,approved,2024-11-04 10:44:19,3516,30
3277,1578,2025-02-19 14:49:24,web,installment,2380,90,589,approved,2025-02-21 14:49:24,2380,90
3278,2912,2025-05-14 16:37:19,app,short_term,3213,30,545,rejected,,0,0
3279,1566,2025-11-29 15:49:55,web,installment,1773,180,603,approved,2025-11-29 15:49:55,1773,180
3280,1905,2025-06-10 03:23:17,web,short_term,2714,21,616,rejected,,0,0
3281,3278,2025-03-10 14:42:19,partner,short_term,1053,14,501,rejected,,0,0
3282,752,2024-03-23 21:20:11,app,short_term,2956,14,597,rejected,,0,0
3283,71,2025-10-30 05:09:12,app,installment,2593,180,625,approved,2025-11-01 05:09:12,2593,180
3284,1712,2025-06-10 00:11:39,app,short_term,1374,7,562,approved,2025-06-12 00:11:39,1374,7
3285,4161,2024-05-19 18:46:29,app,short_term,1957,30,576,rejected,,0,0
3286,700,2025-01-14 21:48:32,partner,installment,3698,60,567,rejected,,0,0
3287,3649,2024-09-01 04:15:56,app,short_term,2607,21,564,rejected,,0,0
3288,4911,2025-01-19 17:11:30,app,installment,2827,120,642,approved,2025-01-20 17:11:30,2827,120
3289,2924,2025-08-15 16:14:46,app,short_term,4391,7,560,rejected,,0,0
3290,2396,2025-06-05 19:52:14,app,installment,4787,60,585,approved,2025-06-05 19:52:14,4787,60
3291,4408,2025-12-01 15:20:07,app,installment,4985,120,610,rejected,,0,0
3292,4551,2025-03-18 22:46:59,app,installment,4656,60,601,approved,2025-03-18 22:46:59,3465,60
3293,281,2025-01-28 04:28:34,app,short_term,2434,14,545,approved,2025-01-29 04:28:34,2434,14
3294,781,2024-03-14 14:46:08,app,short_term,3044,7,524,rejected,,0,0
3295,2628,2025-11-18 20:08:39,app,short_term,2013,7,588,approved,2025-11-19 20:08:39,2013,7
3296,2096,2024-08-03 01:21:20,app,installment,2867,180,587,rejected,,0,0
3297,3506,2024-10-06 05:18:16,web,short_term,4724,21,612,approved,2024-10-07 05:18:16,4724,21
3298,2318,2025-02-19 17:34:04,partner,short_term,3068,7,592,approved,2025-02-19 17:34:04,3068,7
3299,38,2025-12-13 09:13:34,web,short_term,527,7,538,rejected,,0,0
3300,1918,2025-10-07 03:15:39,web,short_term,716,21,480,rejected,,0,0
3301,1312,2024-10-04 19:37:31,app,short_term,2302,21,648,approved,2024-10-05 19:37:31,2302,21
3302,1528,2024-11-15 01:56:28,web,installment,3396,180,550,approved,2024-11-16 01:56:28,3396,180
3303,4349,2024-06-07 08:49:46,web,installment,2409,120,609,rejected,,0,0
3304,3132,2025-02-09 02:58:59,app,short_term,4454,7,568,rejected,,0,0
3305,3997,2024-12-17 18:10:39,app,short_term,3367,7,544,rejected,,0,0
3306,4726,2025-08-18 14:48:31,app,installment,3075,180,563,rejected,,0,0
3307,1442,2025-09-11 18:08:08,web,short_term,4468,30,612,rejected,,0,0
3308,4350,2025-08-11 18:42:39,partner,short_term,3673,14,611,rejected,,0,0
3309,2507,2024-11-03 13:54:43,app,short_term,3179,30,583,approved,2024-11-03 13:54:43,3179,30
3310,3449,2024-07-04 04:32:29,app,short_term,1339,30,601,approved,2024-07-04 04:32:29,1339,30
3311,2507,2024-11-29 17:21:14,app,short_term,3689,21,590,rejected,,0,0
3312,3013,2025-01-18 07:53:16,app,short_term,2097,14,539,rejected,,0,0
3313,4345,2025-03-24 03:49:50,partner,short_term,4424,7,554,rejected,,0,0
3314,1848,2025-05-18 19:33:02,partner,short_term,2849,21,605,approved,2025-05-20 19:33:02,2849,21
3315,530,2024-05-22 23:08:26,web,short_term,949,14,622,approved,2024-05-24 23:08:26,949,14
3316,2793,2025-09-09 05:22:35,app,installment,726,120,546,rejected,,0,0
3317,1461,2025-09-22 19:10:53,partner,short_term,4575,14,574,rejected,,0,0
3318,4385,2025-05-26 21:59:01,app,installment,3003,90,611,rejected,,0,0
3319,2912,2025-02-08 12:21:32,web,installment,4961,180,520,rejected,,0,0
3320,4579,2025-04-17 00:57:24,app,short_term,3210,7,579,approved,2025-04-18 00:57:24,3210,7
3321,4596,2024-02-09 08:03:27,app,short_term,2660,14,646,rejected,,0,0
3322,2481,2024-09-23 16:16:17,app,installment,3627,90,572,rejected,,0,0
3323,1185,2024-12-05 01:07:53,partner,short_term,1350,21,607,approved,2024-12-06 01:07:53,1350,21
3324,3488,2024-12-28 12:46:43,app,short_term,1028,30,644,rejected,,0,0
3325,4513,2025-07-28 01:52:47,app,short_term,4066,21,572,approved,2025-07-30 01:52:47,4066,21
3326,2828,2025-10-06 08:10:36,app,short_term,982,14,563,rejected,,0,0
3327,4957,2024-08-29 06:25:38,app,installment,2647,60,439,rejected,,0,0
3328,11,2025-08-07 07:10:20,app,short_term,1049,14,634,approved,2025-08-09 07:10:20,1049,14
3329,4401,2025-09-13 19:33:44,app,short_term,748,7,549,rejected,,0,0
3330,3286,2024-12-16 07:01:36,app,installment,3010,180,606,rejected,,0,0
3331,702,2024-08-07 04:24:33,app,short_term,1425,14,595,rejected,,0,0
3332,571,2025-10-20 18:28:44,app,short_term,2541,30,570,rejected,,0,0
3333,3798,2025-11-03 00:19:11,app,short_term,4823,30,546,rejected,,0,0
3334,677,2025-10-23 21:04:27,app,installment,1324,60,646,approved,2025-10-25 21:04:27,1324,60
3335,4642,2025-09-21 01:26:23,app,short_term,1819,7,618,approved,2025-09-23 01:26:23,1819,7
3336,2084,2024-10-06 21:55:13,app,short_term,1847,30,530,approved,2024-10-08 21:55:13,1847,30
3337,22,2024-10-20 08:27:29,app,short_term,4077,21,473,rejected,,0,0
3338,4069,2025-02-04 03:04:23,app,installment,2659,180,561,rejected,,0,0
3339,4380,2025-09-10 05:57:36,app,short_term,1977,30,631,rejected,,0,0
3340,1725,2024-11-21 14:42:37,web,installment,4532,120,593,approved,2024-11-23 14:42:37,4532,120
3341,4201,2024-07-22 19:38:08,app,short_term,1117,7,587,rejected,,0,0
3342,3198,2025-03-29 15:31:59,app,short_term,4758,7,614,approved,2025-03-29 15:31:59,4758,7
3343,4931,2025-03-08 03:02:44,app,short_term,2350,14,607,rejected,,0,0
3344,820,2024-11-02 06:55:45,web,short_term,4158,30,540,rejected,,0,0
3345,2609,2024-06-20 02:17:19,app,short_term,2303,21,568,rejected,,0,0
3346,4815,2025-08-23 10:32:33,app,short_term,1047,30,551,rejected,,0,0
3347,121,2025-10-13 09:42:00,partner,installment,3033,120,574,rejected,,0,0
3348,455,2025-06-24 17:50:49,app,short_term,2037,14,529,rejected,,0,0
3349,1364,2025-04-24 03:32:32,web,short_term,1834,30,579,rejected,,0,0
3350,1014,2024-11-06 13:20:31,web,short_term,1143,14,646,rejected,,0,0
3351,3946,2025-03-28 16:38:10,web,installment,3397,120,570,rejected,,0,0
3352,2382,2024-08-19 15:30:16,partner,short_term,820,7,591,rejected,,0,0
3353,1998,2025-05-20 07:31:41,app,short_term,3746,7,614,rejected,,0,0
3354,4990,2025-01-24 01:08:50,app,short_term,2753,7,572,rejected,,0,0
3355,2476,2025-02-09 10:18:20,web,short_term,2087,30,467,rejected,,0,0
3356,339,2025-05-18 22:55:46,app,short_term,2613,14,590,rejected,,0,0
3357,1202,2025-02-17 06:59:39,app,installment,3035,180,596,rejected,,0,0
3358,2061,2024-11-20 12:42:32,app,short_term,2922,21,552,rejected,,0,0
3359,1326,2024-02-02 20:45:13,app,short_term,4849,14,553,approved,2024-02-03 20:45:13,2552,14
3360,3164,2024-10-01 01:12:05,app,short_term,4431,21,598,approved,2024-10-01 01:12:05,2906,21
3361,634,2024-10-28 16:46:22,web,short_term,1834,7,587,rejected,,0,0
3362,114,2025-07-22 19:15:13,app,installment,3844,60,625,rejected,,0,0
3363,3669,2025-02-16 05:02:23,app,short_term,4767,14,501,rejected,,0,0
3364,3030,2024-12-20 21:40:14,web,installment,4691,90,555,approved,2024-12-21 21:40:14,4691,90
3365,4392,2025-09-07 14:32:34,web,short_term,1693,7,568,rejected,,0,0
3366,559,2025-03-04 07:55:34,partner,short_term,3549,30,616,approved,2025-03-04 07:55:34,3549,30
3367,2093,2024-04-13 07:14:08,app,installment,2742,120,643,approved,2024-04-15 07:14:08,2742,120
3368,2274,2025-01-15 18:46:15,web,short_term,3675,7,563,rejected,,0,0
3369,1632,2025-05-04 23:01:35,app,installment,4198,180,576,rejected,,0,0
3370,1415,2024-06-16 03:46:10,partner,short_term,2496,7,599,rejected,,0,0
3371,4524,2025-02-21 15:37:58,web,short_term,1317,7,551,approved,2025-02-21 15:37:58,1317,7
3372,3997,2025-08-26 22:45:13,app,installment,1317,60,560,rejected,,0,0
3373,1532,2024-07-07 23:32:44,web,installment,1751,90,557,rejected,,0,0
3374,2616,2025-05-12 10:37:01,app,short_term,671,30,613,rejected,,0,0
3375,844,2025-02-27 15:06:35,partner,short_term,2782,21,615,rejected,,0,0
3376,3019,2025-11-02 02:01:44,app,installment,4468,90,632,approved,2025-11-02 02:01:44,4468,90
3377,4093,2025-11-06 03:59:43,web,installment,1074,90,545,rejected,,0,0
3378,1635,2024-03-25 07:31:31,app,installment,2698,180,599,rejected,,0,0
3379,78,2025-01-15 22:45:01,app,installment,4151,60,610,approved,2025-01-17 22:45:01,3760,60
3380,1074,2025-06-05 13:54:21,app,short_term,4112,30,582,approved,2025-06-07 13:54:21,4112,30
3381,504,2024-06-18 18:23:56,web,short_term,1443,21,552,rejected,,0,0
3382,3254,2024-03-17 10:22:48,web,short_term,2591,30,558,approved,2024-03-18 10:22:48,2591,30
3383,2900,2024-03-18 05:22:17,app,installment,2652,90,544,approved,2024-03-19 05:22:17,2652,90
3384,1316,2025-03-13 05:52:43,app,short_term,4312,7,601,rejected,,0,0
3385,2873,2025-08-26 16:42:22,app,installment,1939,180,455,rejected,,0,0
3386,530,2025-09-21 10:50:55,app,installment,2640,90,621,approved,2025-09-22 10:50:55,2640,90
3387,2739,2025-04-08 07:25:52,app,short_term,3438,14,496,rejected,,0,0
3388,643,2025-03-14 02:07:38,partner,short_term,2007,21,590,approved,2025-03-16 02:07:38,2007,21
3389,1267,2024-06-28 05:41:34,app,short_term,3440,21,615,rejected,,0,0
3390,1988,2024-08-18 07:59:36,app,short_term,3125,30,564,approved,2024-08-20 07:59:36,3125,30
3391,3274,2025-09-18 02:48:48,app,short_term,1819,7,517,rejected,,0,0
3392,3890,2025-08-14 14:41:51,app,installment,1318,90,668,approved,2025-08-15 14:41:51,1318,90
3393,1028,2025-08-11 06:58:56,app,installment,1615,90,523,rejected,,0,0
3394,2369,2025-09-12 07:00:16,web,short_term,3478,21,620,approved,2025-09-12 07:00:16,3478,21
3395,3338,2024-09-24 12:24:48,app,installment,756,120,549,rejected,,0,0
3396,4950,2024-03-03 21:58:29,app,installment,732,60,625,approved,2024-03-04 21:58:29,732,60
3397,1045,2025-08-23 11:07:50,partner,installment,2774,60,678,approved,2025-08-25 11:07:50,2774,60
3398,387,2024-09-19 06:59:03,web,short_term,517,14,604,rejected,,0,0
3399,1117,2025-06-19 18:15:21,app,short_term,2593,30,543,rejected,,0,0
3400,837,2024-06-14 22:15:58,partner,short_term,4103,30,663,approved,2024-06-15 22:15:58,4103,30
3401,533,2025-01-23 04:48:16,app,short_term,4694,14,525,rejected,,0,0
3402,453,2024-06-04 12:00:47,app,short_term,1087,30,611,rejected,,0,0
3403,2173,2024-08-26 12:20:50,app,short_term,2805,7,590,rejected,,0,0
3404,1851,2024-09-03 07:24:05,app,installment,1869,90,660,rejected,,0,0
3405,3143,2025-08-18 13:39:07,app,installment,2048,60,592,approved,2025-08-20 13:39:07,2048,60
3406,670,2025-03-04 20:26:12,web,installment,2065,60,547,rejected,,0,0
3407,1540,2025-01-21 11:37:09,app,installment,1608,60,489,rejected,,0,0
3408,4105,2024-08-24 11:55:41,app,installment,3992,90,598,approved,2024-08-24 11:55:41,3992,90
3409,301,2025-10-03 04:02:32,app,installment,2220,180,543,approved,2025-10-03 04:02:32,2220,180
3410,1311,2024-09-10 14:44:33,partner,installment,3140,90,619,approved,2024-09-10 14:44:33,3140,90
3411,2992,2025-08-31 18:15:41,web,installment,2476,120,604,rejected,,0,0
3412,564,2025-12-02 08:19:19,app,short_term,1014,7,603,rejected,,0,0
3413,1758,2025-03-09 01:58:11,app,installment,1731,90,552,rejected,,0,0
3414,1375,2024-02-28 06:59:14,partner,short_term,2375,30,563,approved,2024-02-29 06:59:14,2375,30
3415,1199,2025-10-23 10:29:08,app,short_term,1459,30,591,approved,2025-10-25 10:29:08,1459,30
3416,4888,2024-03-23 14:06:24,app,installment,2568,120,568,rejected,,0,0
3417,4011,2025-05-18 15:32:19,app,short_term,4396,21,570,rejected,,0,0
3418,3670,2025-12-13 11:09:46,partner,short_term,2575,7,633,rejected,,0,0
3419,3337,2025-05-20 17:45:45,app,short_term,1547,30,593,rejected,,0,0
3420,4009,2025-03-23 01:48:27,app,installment,4351,120,649,approved,2025-03-23 01:48:27,4351,120
3421,3874,2025-01-15 00:53:22,app,short_term,3209,7,601,rejected,,0,0
3422,585,2024-05-12 22:53:44,app,installment,2326,90,612,approved,2024-05-14 22:53:44,2326,90
3423,2088,2025-09-07 08:43:50,web,short_term,4931,7,652,approved,2025-09-09 08:43:50,4931,7
3424,4239,2024-03-03 12:09:52,app,short_term,3493,14,638,approved,2024-03-04 12:09:52,3493,14
3425,2359,2024-05-18 03:14:30,web,short_term,3825,14,650,approved,2024-05-19 03:14:30,3224,14
3426,3470,2025-07-11 05:59:13,app,installment,2955,180,573,rejected,,0,0
3427,3031,2024-03-05 23:48:09,app,installment,3324,180,565,approved,2024-03-07 23:48:09,3324,180
3428,894,2024-12-08 21:26:47,app,installment,667,120,544,rejected,,0,0
3429,2104,2025-02-04 12:11:53,app,installment,626,90,616,rejected,,0,0
3430,2700,2024-03-21 08:17:00,app,installment,2188,90,614,approved,2024-03-23 08:17:00,2188,90
3431,2988,2024-09-25 02:40:57,web,short_term,4735,14,629,rejected,,0,0
3432,3119,2025-10-30 12:50:27,app,installment,4740,120,535,rejected,,0,0
3433,493,2024-02-25 03:55:43,app,short_term,590,7,531,approved,2024-02-26 03:55:43,590,7
3434,2312,2024-09-07 01:45:58,app,installment,956,120,581,approved,2024-09-08 01:45:58,956,120
3435,504,2025-08-24 18:46:31,app,short_term,2797,7,566,rejected,,0,0
3436,470,2024-09-08 01:08:23,partner,short_term,3429,14,602,approved,2024-09-10 01:08:23,2990,14
3437,2811,2025-09-25 23:07:46,app,installment,4829,90,595,approved,2025-09-25 23:07:46,4298,90
3438,2329,2025-07-19 18:44:55,app,short_term,4944,30,565,rejected,,0,0
3439,1008,2025-04-23 07:07:33,app,installment,4636,90,588,rejected,,0,0
3440,2555,2024-03-07 04:51:40,web,installment,2624,180,606,rejected,,0,0
3441,942,2024-08-07 16:34:12,app,installment,1995,120,568,rejected,,0,0
3442,3757,2024-10-17 08:53:13,app,short_term,2154,30,575,rejected,,0,0
3443,3717,2025-10-08 03:44:45,app,short_term,3739,21,561,approved,2025-10-08 03:44:45,3739,21
3444,2380,2024-10-19 01:34:32,web,installment,4922,90,617,approved,2024-10-21 01:34:32,4922,90
3445,263,2025-01-24 07:57:33,app,short_term,3703,30,608,rejected,,0,0
3446,2416,2024-06-16 12:45:33,app,short_term,3506,7,514,rejected,,0,0
3447,2425,2024-10-13 20:17:52,partner,short_term,1271,30,565,rejected,,0,0
3448,1586,2025-03-27 03:13:31,app,short_term,695,7,551,rejected,,0,0
3449,2706,2024-06-19 20:04:07,app,installment,4806,180,650,approved,2024-06-19 20:04:07,4806,180
3450,4136,2024-06-09 11:14:46,web,installment,1679,60,569,rejected,,0,0
3451,4175,2024-08-21 19:25:42,app,installment,1908,120,558,approved,2024-08-22 19:25:42,1908,120
3452,1806,2024-02-23 06:08:53,app,short_term,2170,30,625,rejected,,0,0
3453,227,2024-05-24 12:03:01,app,installment,1721,180,608,approved,2024-05-24 12:03:01,1721,180
3454,3076,2025-07-19 11:31:16,app,short_term,1103,14,547,approved,2025-07-20 11:31:16,1103,14
3455,631,2024-05-30 22:12:31,app,short_term,971,30,506,rejected,,0,0
3456,4952,2025-03-06 18:02:41,partner,short_term,4017,14,563,rejected,,0,0
3457,398,2024-11-22 03:11:37,app,installment,4194,60,610,approved,2024-11-24 03:11:37,4194,60
3458,2371,2024-11-20 10:34:51,app,installment,2354,120,677,approved,2024-11-20 10:34:51,2354,120
3459,1840,2024-02-13 22:12:00,app,installment,2574,60,554,rejected,,0,0
3460,3759,2025-06-30 21:29:16,web,installment,4811,60,584,approved,2025-07-01 21:29:16,4811,60
3461,874,2024-07-12 14:26:51,app,installment,4932,120,614,approved,2024-07-12 14:26:51,4482,120
3462,2736,2025-11-02 16:14:38,app,installment,1047,120,624,rejected,,0,0
3463,4224,2024-09-16 13:29:57,app,installment,4280,120,611,approved,2024-09-18 13:29:57,4280,120
3464,4523,2024-04-26 01:02:35,app,short_term,3418,30,598,approved,2024-04-26 01:02:35,3418,30
3465,3037,2024-07-01 11:32:53,partner,installment,2215,120,580,rejected,,0,0
3466,3767,2025-04-30 06:01:23,partner,installment,1313,60,550,rejected,,0,0
3467,1451,2024-05-25 16:17:01,app,short_term,3925,7,599,approved,2024-05-27 16:17:01,3925,7
3468,1187,2025-10-16 18:35:41,app,installment,4383,60,560,rejected,,0,0
3469,2941,2024-10-07 11:08:20,app,installment,929,90,657,approved,2024-10-07 11:08:20,929,90
3470,4425,2024-02-11 19:34:20,app,short_term,3488,30,623,rejected,,0,0
3471,4936,2024-08-10 13:32:14,web,installment,4152,180,649,approved,2024-08-12 13:32:14,4152,180
3472,1524,2024-11-22 05:20:26,app,installment,4970,120,641,approved,2024-11-24 05:20:26,4970,120
3473,4066,2024-09-13 18:56:04,app,short_term,4100,21,620,rejected,,0,0
3474,2,2025-06-16 16:11:21,app,installment,1007,60,600,rejected,,0,0
3475,296,2025-05-14 16:10:23,app,short_term,1994,30,554,rejected,,0,0
3476,1407,2024-06-20 17:24:43,app,short_term,3273,14,633,rejected,,0,0
3477,665,2024-05-02 10:04:33,app,installment,2229,60,504,rejected,,0,0
3478,4493,2024-07-01 14:38:22,app,installment,3611,180,615,approved,2024-07-02 14:38:22,3611,180
3479,3578,2025-10-07 01:13:32,app,short_term,1059,30,599,approved,2025-10-08 01:13:32,1059,30
3480,1934,2024-06-05 04:49:04,app,short_term,946,14,577,rejected,,0,0
3481,2819,2024-03-14 08:53:25,web,installment,2592,60,591,rejected,,0,0
3482,555,2025-02-18 11:34:50,web,installment,2683,120,556,rejected,,0,0
3483,3234,2025-03-17 14:53:19,partner,short_term,1028,7,570,rejected,,0,0
3484,312,2025-04-01 03:21:13,app,installment,1666,90,605,rejected,,0,0
3485,1703,2024-12-05 07:51:56,app,short_term,2150,7,650,approved,2024-12-06 07:51:56,2150,7
3486,744,2024-09-05 08:53:07,web,short_term,3458,7,685,approved,2024-09-07 08:53:07,3458,7
3487,2106,2024-04-08 01:53:49,app,installment,3119,90,617,rejected,,0,0
3488,2803,2025-07-28 16:18:07,app,short_term,1580,21,616,rejected,,0,0
3489,296,2024-12-17 16:17:12,app,installment,3599,180,530,approved,2024-12-19 16:17:12,3599,180
3490,286,2024-04-26 06:27:02,web,installment,3048,180,656,rejected,,0,0
3491,3121,2025-04-05 10:57:27,app,short_term,3040,21,613,rejected,,0,0
3492,1702,2025-09-17 07:49:19,partner,short_term,860,30,521,rejected,,0,0
3493,4626,2025-12-12 21:14:38,app,short_term,1392,7,534,rejected,,0,0
3494,2703,2024-07-14 10:01:28,web,installment,3306,60,590,rejected,,0,0
3495,1374,2025-05-19 12:51:22,app,installment,4855,90,486,rejected,,0,0
3496,4329,2024-11-22 13:23:10,app,short_term,4451,30,623,approved,2024-11-22 13:23:10,4451,30
3497,779,2024-12-14 18:44:22,app,installment,2552,60,588,rejected,,0,0
3498,1964,2024-12-09 19:52:12,app,short_term,3063,21,624,approved,2024-12-10 19:52:12,3063,21
3499,622,2025-10-15 12:45:04,web,installment,4920,180,571,rejected,,0,0
3500,2951,2025-05-19 22:54:37,partner,short_term,3565,7,581,rejected,,0,0
3501,3172,2025-02-22 23:38:59,app,short_term,4301,7,478,rejected,,0,0
3502,2460,2024-04-04 22:32:49,web,short_term,3200,30,547,rejected,,0,0
3503,4048,2025-01-09 21:40:43,app,short_term,4141,21,587,approved,2025-01-09 21:40:43,4141,21
3504,1303,2024-11-11 03:56:52,partner,installment,3450,90,596,rejected,,0,0
3505,538,2024-03-03 06:04:42,app,installment,4275,60,546,approved,2024-03-03 06:04:42,3591,60
3506,3939,2024-12-28 13:02:23,app,short_term,3360,21,504,rejected,,0,0
3507,4552,2025-10-14 14:28:14,app,installment,1829,120,616,approved,2025-10-14 14:28:14,1829,120
3508,2690,2025-06-15 04:55:12,app,short_term,2258,7,613,approved,2025-06-15 04:55:12,2258,7
3509,4859,2024-11-23 00:38:39,app,short_term,960,30,606,rejected,,0,0
3510,381,2025-01-02 12:42:35,app,short_term,1480,21,640,approved,2025-01-03 12:42:35,1480,21
3511,1364,2024-07-20 03:54:54,app,short_term,2583,7,576,approved,2024-07-22 03:54:54,2583,7
3512,835,2025-07-02 20:46:58,app,installment,4309,60,577,approved,2025-07-04 20:46:58,4309,60
3513,1112,2025-06-05 14:32:15,app,installment,1239,90,609,rejected,,0,0
3514,2122,2024-08-23 07:58:56,app,installment,2662,120,596,approved,2024-08-23 07:58:56,2662,120
3515,2352,2024-02-21 00:46:35,app,installment,3380,60,618,rejected,,0,0
3516,1620,2024-06-06 07:32:59,app,installment,2229,60,576,rejected,,0,0
3517,1433,2025-07-31 19:28:01,app,short_term,3553,7,609,rejected,,0,0
3518,3195,2025-08-03 17:50:07,partner,installment,1822,180,680,approved,2025-08-05 17:50:07,1822,180
3519,4236,2024-03-19 14:41:07,web,installment,1154,60,528,rejected,,0,0
3520,3467,2024-08-30 10:43:35,partner,short_term,1385,30,515,rejected,,0,0
3521,4886,2024-12-04 14:25:12,web,short_term,3823,30,560,approved,2024-12-04 14:25:12,3823,30
3522,1946,2024-02-27 02:22:54,app,installment,1569,120,619,approved,2024-02-27 02:22:54,1569,120
3523,3559,2025-03-14 09:31:29,app,installment,1156,60,582,rejected,,0,0
3524,1044,2024-07-24 08:53:34,web,short_term,1271,21,584,approved,2024-07-25 08:53:34,1271,21
3525,1440,2025-11-20 00:37:38,app,short_term,2346,21,564,rejected,,0,0
3526,224,2024-09-10 09:12:57,app,installment,4824,180,565,rejected,,0,0
3527,3925,2024-01-25 09:23:22,app,short_term,703,7,617,approved,2024-01-26 09:23:22,703,7
3528,3679,2025-06-07 19:24:41,app,installment,2946,90,614,rejected,,0,0
3529,383,2025-03-18 13:57:29,app,installment,1006,60,566,rejected,,0,0
3530,723,2024-03-03 14:33:16,app,installment,4655,60,591,approved,2024-03-05 14:33:16,4242,60
3531,3596,2025-01-13 22:48:06,app,installment,1126,60,645,approved,2025-01-15 22:48:06,1126,60
3532,4574,2025-03-04 03:03:49,partner,short_term,1314,7,516,rejected,,0,0
3533,3207,2024-07-02 10:30:19,web,installment,1616,90,662,approved,2024-07-04 10:30:19,1616,90
3534,2530,2025-05-26 13:34:59,app,short_term,4906,30,504,rejected,,0,0
3535,957,2024-06-19 06:04:42,partner,installment,4942,180,576,approved,2024-06-19 06:04:42,4942,180
3536,947,2024-06-09 14:30:54,app,installment,782,180,521,rejected,,0,0
3537,128,2025-03-03 16:26:39,app,short_term,3409,21,565,rejected,,0,0
3538,4830,2025-10-27 20:45:50,app,installment,1457,90,565,approved,2025-10-28 20:45:50,1457,90
3539,4826,2024-03-13 06:29:47,app,installment,3580,120,551,rejected,,0,0
3540,1208,2024-03-03 16:39:39,partner,short_term,3574,7,615,approved,2024-03-03 16:39:39,3003,7
3541,748,2024-08-26 06:15:22,app,short_term,1623,30,632,rejected,,0,0
3542,4274,2024-08-01 02:56:50,web,installment,4110,120,581,approved,2024-08-02 02:56:50,4110,120
3543,685,2024-08-03 15:35:06,app,short_term,1317,30,591,rejected,,0,0
3544,3385,2024-08-04 23:00:28,app,short_term,2085,7,599,rejected,,0,0
3545,310,2025-07-19 02:13:00,web,short_term,4254,21,517,rejected,,0,0
3546,684,2025-11-26 16:39:15,app,installment,2866,120,604,rejected,,0,0
3547,1501,2025-07-23 14:09:17,app,installment,2045,120,563,rejected,,0,0
3548,4138,2025-05-31 23:49:26,app,short_term,3046,7,603,rejected,,0,0
3549,3697,2024-11-06 02:20:25,app,short_term,4903,14,665,rejected,,0,0
3550,4272,2024-03-12 22:42:53,app,short_term,1645,21,573,rejected,,0,0
3551,4107,2025-12-20 06:09:00,partner,short_term,2167,21,533,approved,2025-12-22 06:09:00,2167,21
3552,4493,2025-03-23 07:40:14,app,installment,2377,180,636,rejected,,0,0
3553,4032,2025-02-17 08:05:27,web,short_term,962,14,595,rejected,,0,0
3554,135,2024-12-07 22:37:52,app,short_term,4750,21,636,approved,2024-12-08 22:37:52,4750,21
3555,4532,2024-06-15 15:57:35,app,short_term,4913,7,512,rejected,,0,0
3556,3437,2025-07-02 11:38:56,app,installment,3655,90,591,approved,2025-07-04 11:38:56,3212,90
3557,665,2024-02-06 11:50:06,web,short_term,4609,7,521,rejected,,0,0
3558,3844,2025-11-02 15:41:37,app,short_term,4658,30,615,rejected,,0,0
3559,3369,2025-07-01 19:39:33,web,short_term,1828,7,611,rejected,,0,0
3560,3184,2025-11-17 20:39:51,app,short_term,1137,21,567,rejected,,0,0
3561,1084,2024-05-14 10:34:37,app,short_term,789,30,628,approved,2024-05-14 10:34:37,789,30
3562,4215,2024-03-02 12:41:11,partner,installment,4323,60,595,rejected,,0,0
3563,4484,2025-01-09 18:56:50,partner,installment,2970,90,603,rejected,,0,0
3564,2525,2025-10-21 07:59:08,app,short_term,2769,7,624,approved,2025-10-23 07:59:08,2769,7
3565,2739,2024-04-15 22:17:00,app,short_term,4341,7,474,rejected,,0,0
3566,3134,2025-11-17 04:14:27,app,short_term,4356,14,593,rejected,,0,0
3567,839,2025-12-01 04:14:07,app,short_term,4167,7,588,rejected,,0,0
3568,2935,2025-08-12 17:55:45,app,short_term,985,7,603,approved,2025-08-12 17:55:45,985,7
3569,3783,2024-10-07 22:20:40,app,installment,1726,120,637,approved,2024-10-07 22:20:40,1726,120
3570,3797,2024-09-08 06:26:52,app,short_term,2787,21,545,rejected,,0,0
3571,4083,2024-06-09 11:44:41,app,short_term,2274,21,594,approved,2024-06-10 11:44:41,2274,21
3572,132,2024-04-25 08:32:19,app,installment,1173,60,465,rejected,,0,0
3573,124,2025-03-18 10:23:19,app,installment,1228,180,629,rejected,,0,0
3574,1858,2024-04-10 14:24:36,app,installment,1642,180,570,rejected,,0,0
3575,208,2025-09-14 13:24:52,app,installment,4597,60,625,approved,2025-09-14 13:24:52,4597,60
3576,1207,2025-11-10 20:00:33,app,installment,4320,120,496,rejected,,0,0
3577,1718,2024-12-19 18:21:14,web,short_term,811,21,640,approved,2024-12-19 18:21:14,811,21
3578,1819,2025-07-30 21:47:12,partner,short_term,4764,7,609,rejected,,0,0
3579,3370,2025-09-05 11:18:32,app,installment,3962,120,476,rejected,,0,0
3580,3728,2025-02-13 05:31:31,app,short_term,2445,21,601,rejected,,0,0
3581,1725,2024-03-19 05:50:11,app,short_term,2474,7,598,rejected,,0,0
3582,4966,2025-11-14 06:28:20,app,installment,2552,90,624,approved,2025-11-14 06:28:20,2552,90
3583,890,2024-04-20 19:43:20,app,short_term,1437,7,637,rejected,,0,0
3584,3853,2024-04-15 09:31:52,app,short_term,4596,7,609,approved,2024-04-16 09:31:52,4596,7
3585,706,2025-01-24 01:08:54,partner,short_term,1163,7,572,rejected,,0,0
3586,1118,2025-02-16 07:15:35,app,short_term,2814,7,647,approved,2025-02-18 07:15:35,2814,7
3587,4261,2025-12-19 13:31:33,partner,short_term,4545,14,631,rejected,,0,0
3588,648,2025-07-03 16:53:06,app,installment,3759,90,633,rejected,,0,0
3589,4208,2025-07-07 20:55:31,app,short_term,894,21,636,approved,2025-07-07 20:55:31,894,21
3590,902,2025-06-18 11:38:54,app,short_term,3361,30,593,approved,2025-06-20 11:38:54,3361,30
3591,1436,2025-05-30 11:59:52,app,installment,2859,60,637,approved,2025-05-31 11:59:52,2859,60
3592,957,2025-12-03 22:13:07,app,installment,2563,90,580,approved,2025-12-04 22:13:07,2563,90
3593,528,2024-12-06 17:31:46,app,installment,2431,90,611,approved,2024-12-08 17:31:46,2431,90
3594,3777,2024-04-22 09:41:37,web,short_term,3218,14,596,rejected,,0,0
3595,2128,2025-01-21 06:05:28,app,installment,539,90,599,rejected,,0,0
3596,97,2024-04-15 06:27:30,app,short_term,4776,7,572,rejected,,0,0
3597,4942,2024-09-27 04:26:59,web,short_term,1296,21,516,rejected,,0,0
3598,3661,2025-08-11 10:15:37,app,installment,2311,120,588,rejected,,0,0
3599,2943,2025-01-18 17:41:09,app,installment,2275,120,610,rejected,,0,0
3600,448,2025-08-14 08:31:59,web,short_term,1952,30,579,rejected,,0,0
3601,4794,2024-11-29 17:45:11,app,installment,2257,120,491,rejected,,0,0
3602,2274,2024-08-16 03:56:16,app,installment,4253,60,591,approved,2024-08-17 03:56:16,4253,60
3603,551,2025-05-22 22:34:26,app,installment,3416,60,555,rejected,,0,0
3604,3860,2024-10-09 07:43:40,app,short_term,3079,21,577,rejected,,0,0
3605,4229,2025-10-24 04:08:48,app,short_term,4387,30,542,rejected,,0,0
3606,4128,2025-02-26 23:18:30,app,short_term,1540,21,540,rejected,,0,0
3607,2241,2025-03-15 13:27:02,app,installment,4294,60,611,approved,2025-03-17 13:27:02,4294,60
3608,4884,2024-07-12 12:16:30,partner,short_term,4127,30,602,rejected,,0,0
3609,3876,2025-08-17 00:56:56,web,short_term,2263,30,552,rejected,,0,0
3610,1383,2025-02-25 16:11:04,app,short_term,4411,14,554,rejected,,0,0
3611,3480,2024-02-07 15:01:00,app,short_term,4532,21,608,approved,2024-02-09 15:01:00,4080,21
3612,2024,2025-06-03 10:29:34,app,short_term,1202,14,595,approved,2025-06-03 10:29:34,1202,14
3613,3119,2025-05-07 03:41:56,app,short_term,4855,14,486,rejected,,0,0
3614,3796,2024-12-13 10:40:47,partner,short_term,1058,14,579,rejected,,0,0
3615,356,2025-02-19 07:24:50,app,installment,4984,90,628,approved,2025-02-20 07:24:50,4984,90
3616,3905,2024-03-16 19:46:28,app,installment,4896,120,584,approved,2024-03-17 19:46:28,3771,120
3617,2074,2024-11-20 17:59:10,partner,installment,3266,120,606,approved,2024-11-22 17:59:10,3266,120
3618,3920,2024-05-22 16:39:06,app,short_term,3636,14,602,approved,2024-05-23 16:39:06,3636,14
3619,4055,2025-11-07 01:55:08,app,installment,3934,180,538,rejected,,0,0
3620,2691,2024-05-10 08:29:11,web,short_term,4612,30,592,approved,2024-05-12 08:29:11,4612,30
3621,934,2024-02-09 16:55:42,web,installment,1121,90,679,approved,2024-02-11 16:55:42,1121,90
3622,4563,2025-04-04 04:20:31,app,installment,2929,90,596,rejected,,0,0
3623,3693,2024-02-03 14:28:16,app,installment,2915,120,607,approved,2024-02-05 14:28:16,2915,120
3624,2611,2025-02-16 23:55:07,app,short_term,1255,14,557,rejected,,0,0
3625,2351,2025-08-22 19:28:20,app,short_term,882,7,576,rejected,,0,0
3626,1535,2025-04-17 15:26:16,app,short_term,2152,14,549,rejected,,0,0
3627,3003,2025-11-13 14:37:39,app,installment,1215,60,538,rejected,,0,0
3628,486,2025-06-02 00:07:03,app,short_term,3495,30,589,rejected,,0,0
3629,2993,2024-07-23 00:23:42,app,short_term,3399,21,585,rejected,,0,0
3630,4734,2024-11-02 00:48:51,app,installment,3184,180,583,approved,2024-11-04 00:48:51,3184,180
3631,857,2024-08-17 16:25:59,app,installment,2389,60,611,rejected,,0,0
3632,1653,2025-05-13 19:17:28,web,installment,4398,120,546,rejected,,0,0
3633,1147,2024-08-13 05:56:03,app,installment,1435,180,546,approved,2024-08-15 05:56:03,1435,180
3634,4441,2025-07-31 00:34:55,web,installment,2250,90,602,rejected,,0,0
3635,4775,2025-11-05 20:13:30,web,installment,2639,120,468,rejected,,0,0
3636,3150,2024-10-23 14:52:55,app,short_term,563,14,619,approved,2024-10-23 14:52:55,563,14
3637,115,2024-06-25 16:15:34,partner,short_term,4093,21,585,rejected,,0,0
3638,1310,2024-02-17 17:52:52,app,installment,1025,120,594,approved,2024-02-18 17:52:52,1025,120
3639,2343,2025-04-09 09:57:15,app,installment,4478,180,609,approved,2025-04-10 09:57:15,2961,180
3640,3803,2024-07-08 16:46:41,app,installment,1883,60,525,rejected,,0,0
3641,2489,2024-02-15 09:11:02,app,short_term,4727,14,607,rejected,,0,0
3642,3420,2024-12-25 00:56:59,web,short_term,2103,7,670,approved,2024-12-26 00:56:59,2103,7
3643,3470,2025-11-05 01:22:48,web,short_term,2349,7,573,rejected,,0,0
3644,4629,2024-09-13 01:43:18,app,short_term,601,14,621,rejected,,0,0
3645,4159,2024-12-24 07:18:55,app,short_term,563,14,614,rejected,,0,0
3646,983,2024-11-13 00:36:58,app,installment,2786,60,631,rejected,,0,0
3647,3209,2025-12-02 12:51:15,partner,short_term,1930,14,573,approved,2025-12-03 12:51:15,1930,14
3648,2121,2025-11-15 06:58:21,app,short_term,845,30,557,rejected,,0,0
3649,3805,2025-09-13 03:11:41,app,installment,3951,90,680,approved,2025-09-14 03:11:41,3951,90
3650,900,2025-10-01 01:45:45,app,short_term,4090,7,546,rejected,,0,0
3651,4723,2024-05-18 19:25:05,app,installment,2392,60,579,approved,2024-05-19 19:25:05,2392,60
3652,3117,2024-01-31 06:04:23,web,short_term,4778,7,628,approved,2024-02-01 06:04:23,4778,7
3653,337,2025-02-04 12:12:43,web,short_term,3639,7,628,approved,2025-02-06 12:12:43,3639,7
3654,4047,2024-08-01 06:52:02,app,installment,3798,60,604,rejected,,0,0
3655,821,2024-03-03 19:59:34,app,installment,3671,90,539,approved,2024-03-05 19:59:34,3671,90
3656,1174,2025-08-21 19:09:11,app,installment,2608,60,626,approved,2025-08-21 19:09:11,2608,60
3657,4170,2024-09-18 09:47:18,app,installment,912,90,608,rejected,,0,0
3658,2877,2024-07-15 08:05:11,app,installment,1268,90,621,approved,2024-07-16 08:05:11,1268,90
3659,3039,2025-07-10 09:51:00,web,short_term,2647,7,515,rejected,,0,0
3660,1441,2024-11-07 11:12:30,app,short_term,2344,7,506,rejected,,0,0
3661,3143,2024-09-21 23:31:37,app,short_term,2300,7,567,rejected,,0,0
3662,2676,2024-08-01 07:45:43,app,installment,4491,90,567,rejected,,0,0
3663,3684,2024-10-16 01:16:11,app,short_term,2249,30,656,approved,2024-10-17 01:16:11,2249,30
3664,4682,2024-07-30 00:02:30,app,short_term,2896,21,570,rejected,,0,0
3665,3498,2025-03-16 05:55:28,app,short_term,4361,14,569,rejected,,0,0
3666,3844,2024-05-18 22:35:33,web,installment,3164,60,606,approved,2024-05-18 22:35:33,3164,60
3667,2026,2024-07-04 14:39:17,app,installment,3471,180,584,rejected,,0,0
3668,2723,2025-10-07 00:40:01,app,installment,1428,90,600,rejected,,0,0
3669,3455,2024-12-29 19:16:44,web,short_term,3689,21,605,approved,2024-12-31 19:16:44,3689,21
3670,2633,2024-04-30 13:39:42,app,installment,2917,90,530,rejected,,0,0
3671,112,2024-02-12 11:32:40,app,installment,1989,120,613,approved,2024-02-14 11:32:40,1989,120
3672,130,2025-03-10 11:24:10,app,installment,4041,120,566,approved,2025-03-11 11:24:10,4041,120
3673,3666,2025-09-28 14:04:45,app,installment,1850,90,573,rejected,,0,0
3674,4459,2025-04-30 22:52:34,app,installment,1496,180,554,rejected,,0,0
3675,3541,2025-10-16 11:57:18,app,short_term,1234,21,626,approved,2025-10-18 11:57:18,1234,21
3676,4553,2024-09-19 15:50:24,app,installment,2886,90,640,rejected,,0,0
3677,3320,2024-01-29 23:43:19,app,short_term,568,14,555,rejected,,0,0
3678,1909,2025-06-29 14:26:21,app,installment,4570,90,557,rejected,,0,0
3679,498,2024-11-28 01:13:58,app,installment,4385,180,600,approved,2024-11-28 01:13:58,4385,180
3680,3915,2024-03-25 12:26:00,partner,short_term,2985,14,499,rejected,,0,0
3681,3516,2025-08-14 23:02:32,app,installment,1335,60,574,rejected,,0,0
3682,4658,2024-05-02 13:22:39,app,installment,1386,120,611,rejected,,0,0
3683,1577,2025-10-16 15:37:43,app,installment,2046,90,511,rejected,,0,0
3684,4911,2024-04-24 20:50:00,app,short_term,4386,7,614,approved,2024-04-25 20:50:00,3250,7
3685,4907,2024-01-30 20:03:37,app,installment,2011,180,567,approved,2024-01-30 20:03:37,2011,180
3686,3527,2024-12-20 22:06:49,app,installment,2437,90,585,rejected,,0,0
3687,2089,2025-02-06 15:19:31,app,installment,1549,120,584,rejected,,0,0
3688,1668,2024-06-17 18:29:02,web,short_term,3311,30,580,approved,2024-06-18 18:29:02,3311,30
3689,4553,2024-04-20 01:15:54,partner,installment,3680,90,618,rejected,,0,0
3690,230,2025-07-16 10:16:37,app,short_term,3823,7,588,rejected,,0,0
3691,1766,2025-10-11 15:49:46,web,short_term,4120,7,563,approved,2025-10-11 15:49:46,4120,7
3692,509,2025-02-22 02:28:01,app,short_term,2045,14,582,rejected,,0,0
3693,725,2025-05-30 23:27:43,app,short_term,1503,30,612,rejected,,0,0
3694,2999,2024-08-25 05:14:07,web,installment,1503,90,651,approved,2024-08-26 05:14:07,1503,90
3695,3131,2025-08-03 23:07:15,app,installment,2294,120,589,rejected,,0,0
3696,194,2025-05-30 22:41:41,partner,short_term,2062,7,568,rejected,,0,0
3697,3432,2025-07-23 04:21:04,app,short_term,945,7,628,approved,2025-07-25 04:21:04,945,7
3698,4328,2025-12-01 15:37:59,app,short_term,4791,21,553,approved,2025-12-03 15:37:59,4230,21
3699,3785,2025-12-14 01:51:31,app,installment,2045,60,554,rejected,,0,0
3700,1337,2025-01-17 14:28:32,app,installment,2949,180,536,rejected,,0,0
3701,4642,2025-10-31 08:05:53,app,short_term,3709,14,620,approved,2025-11-01 08:05:53,3709,14
3702,3640,2025-05-19 10:51:23,app,installment,3142,90,548,rejected,,0,0
3703,2076,2024-09-09 00:34:06,app,short_term,2816,30,628,approved,2024-09-10 00:34:06,2816,30
3704,4118,2024-07-16 20:07:37,app,installment,2815,90,603,rejected,,0,0
3705,35,2025-10-11 03:01:25,web,installment,4743,180,549,rejected,,0,0
3706,3205,2025-06-02 10:32:40,app,installment,2298,120,591,rejected,,0,0
3707,2044,2024-03-06 09:24:18,app,installment,4462,90,602,rejected,,0,0
3708,1206,2024-11-23 20:54:33,app,short_term,1478,14,587,rejected,,0,0
3709,2284,2025-05-28 15:08:09,app,short_term,1044,14,617,approved,2025-05-29 15:08:09,1044,14
3710,2876,2025-08-13 22:23:40,app,installment,3553,120,540,rejected,,0,0
3711,1652,2025-10-10 16:09:17,app,installment,2777,90,567,rejected,,0,0
3712,1007,2025-07-20 10:04:53,app,installment,1308,180,634,approved,2025-07-20 10:04:53,1308,180
3713,307,2025-06-06 02:34:03,app,installment,2428,120,611,rejected,,0,0
3714,3135,2025-01-06 08:19:38,app,short_term,3158,21,617,approved,2025-01-08 08:19:38,3158,21
3715,3379,2024-10-17 01:11:49,partner,installment,3231,120,552,rejected,,0,0
3716,367,2025-10-13 04:06:27,app,short_term,3894,21,578,rejected,,0,0
3717,4101,2024-12-25 08:17:08,app,installment,3963,120,650,approved,2024-12-27 08:17:08,3963,120
3718,1094,2025-05-08 21:52:46,app,short_term,2789,21,597,rejected,,0,0
3719,3109,2025-10-27 08:31:54,app,installment,3353,90,592,approved,2025-10-29 08:31:54,3353,90
3720,4673,2024-07-17 02:49:08,app,installment,3345,120,655,approved,2024-07-18 02:49:08,3345,120
3721,3029,2025-05-27 10:19:23,app,short_term,2553,30,508,rejected,,0,0
3722,1113,2025-05-28 19:41:57,app,short_term,3026,21,680,approved,2025-05-29 19:41:57,3026,21
3723,579,2024-09-19 06:58:45,app,short_term,942,21,582,approved,2024-09-19 06:58:45,942,21
3724,4246,2024-01-23 11:37:58,app,short_term,3400,14,622,approved,2024-01-25 11:37:58,3400,14
3725,2562,2024-08-14 14:53:35,app,short_term,4218,30,568,rejected,,0,0
3726,4030,2025-07-11 18:43:30,partner,short_term,502,14,614,rejected,,0,0
3727,700,2024-04-09 14:55:32,web,installment,3628,120,541,rejected,,0,0
3728,579,2024-09-15 18:42:52,app,short_term,1313,21,580,rejected,,0,0
3729,16,2024-12-27 03:35:40,app,short_term,4687,30,564,rejected,,0,0
3730,4476,2024-03-25 07:02:22,app,installment,4640,180,641,approved,2024-03-27 07:02:22,4640,180
3731,3066,2025-03-21 00:14:34,web,installment,2740,180,572,rejected,,0,0
3732,2167,2024-02-10 10:32:51,web,short_term,2977,14,598,rejected,,0,0
3733,3966,2024-06-04 04:17:30,app,installment,2691,60,582,approved,2024-06-05 04:17:30,2691,60
3734,3783,2024-05-02 11:33:21,app,installment,3700,60,633,approved,2024-05-02 11:33:21,3700,60
3735,984,2025-09-17 00:12:55,app,short_term,854,7,529,rejected,,0,0
3736,2306,2024-12-03 09:37:55,web,short_term,2207,21,599,approved,2024-12-04 09:37:55,2207,21
3737,2961,2024-03-24 11:03:35,app,short_term,3214,21,616,rejected,,0,0
3738,130,2025-10-10 02:58:06,web,short_term,4045,30,575,approved,2025-10-11 02:58:06,4045,30
3739,440,2024-09-23 06:32:14,partner,installment,3800,180,638,approved,2024-09-23 06:32:14,3800,180
3740,4939,2025-02-10 08:40:12,app,short_term,701,21,607,approved,2025-02-10 08:40:12,701,21
3741,1383,2024-07-08 00:51:03,app,installment,1294,180,546,rejected,,0,0
3742,767,2024-08-18 07:05:41,partner,installment,3528,180,652,approved,2024-08-20 07:05:41,3528,180
3743,2694,2025-03-22 02:34:52,web,installment,3495,180,506,rejected,,0,0
3744,509,2025-05-01 13:43:53,partner,installment,2236,120,581,rejected,,0,0
3745,2560,2024-12-10 00:58:29,app,short_term,894,14,617,approved,2024-12-12 00:58:29,894,14
3746,380,2024-04-17 22:01:33,app,short_term,4728,30,569,rejected,,0,0
3747,2011,2024-12-18 15:30:56,app,installment,3414,90,560,rejected,,0,0
3748,3850,2025-03-13 07:34:16,app,installment,3544,120,575,rejected,,0,0
3749,42,2025-02-22 13:20:58,app,installment,1995,60,595,rejected,,0,0
3750,1044,2025-01-25 08:31:39,partner,short_term,2442,14,591,rejected,,0,0
3751,3185,2025-09-11 05:22:43,app,short_term,3114,21,526,rejected,,0,0
3752,467,2025-03-07 00:23:26,web,installment,3999,60,549,rejected,,0,0
3753,751,2025-11-10 12:37:51,app,short_term,788,30,627,rejected,,0,0
3754,1480,2024-05-20 15:18:15,app,short_term,3008,30,454,rejected,,0,0
3755,921,2025-03-24 22:08:51,app,short_term,1015,21,566,approved,2025-03-25 22:08:51,1015,21
3756,4758,2025-02-15 14:20:31,app,short_term,1219,7,637,approved,2025-02-16 14:20:31,1219,7
3757,3091,2024-02-14 19:02:27,app,short_term,3071,21,560,rejected,,0,0
3758,2008,2025-11-19 10:40:26,web,short_term,4797,21,583,rejected,,0,0
3759,4627,2025-02-12 02:36:09,app,installment,745,180,614,rejected,,0,0
3760,3233,2025-07-30 23:59:15,app,short_term,3561,14,584,approved,2025-08-01 23:59:15,3561,14
3761,3413,2024-03-16 18:44:40,app,short_term,948,21,551,rejected,,0,0
3762,2014,2024-09-17 10:55:04,app,short_term,3330,7,620,approved,2024-09-17 10:55:04,3330,7
3763,2065,2024-10-14 14:07:18,partner,short_term,3485,14,538,rejected,,0,0
3764,1915,2024-03-08 16:59:11,app,short_term,934,21,585,approved,2024-03-08 16:59:11,934,21
3765,4135,2025-06-07 23:01:43,app,installment,2115,60,589,approved,2025-06-08 23:01:43,2115,60
3766,4419,2025-03-03 05:34:05,app,short_term,4857,7,502,rejected,,0,0
3767,2167,2025-06-12 18:59:03,web,short_term,2558,7,602,approved,2025-06-14 18:59:03,2558,7
3768,850,2024-05-12 20:04:37,app,short_term,2042,7,546,approved,2024-05-14 20:04:37,2042,7
3769,2698,2024-07-24 03:30:57,app,short_term,4691,14,528,rejected,,0,0
3770,2842,2025-10-16 15:38:09,app,installment,3447,120,619,rejected,,0,0
3771,2405,2025-02-11 20:29:56,app,installment,3364,60,620,approved,2025-02-11 20:29:56,3364,60
3772,4567,2024-12-25 17:15:00,app,short_term,3182,21,600,rejected,,0,0
3773,3950,2024-07-21 05:29:39,partner,short_term,2470,21,587,rejected,,0,0
3774,556,2024-12-28 10:46:44,app,short_term,1515,14,566,rejected,,0,0
3775,1979,2025-09-17 05:39:53,app,short_term,3888,21,609,approved,2025-09-18 05:39:53,3888,21
3776,4290,2025-08-30 09:20:45,web,installment,541,90,558,rejected,,0,0
3777,2057,2025-05-10 05:17:35,app,short_term,4872,14,576,rejected,,0,0
3778,2256,2024-10-06 05:58:50,app,short_term,4699,14,550,rejected,,0,0
3779,2637,2025-08-21 04:20:54,app,short_term,3305,7,638,rejected,,0,0
3780,3870,2025-07-08 00:04:24,app,short_term,858,7,572,approved,2025-07-09 00:04:24,858,7
3781,2787,2025-04-08 04:42:48,app,short_term,4246,14,616,rejected,,0,0
3782,2486,2024-08-10 22:52:11,app,short_term,1917,7,585,rejected,,0,0
3783,3464,2024-02-08 07:30:34,web,short_term,4744,21,601,rejected,,0,0
3784,1478,2024-12-15 05:51:49,partner,short_term,2532,7,584,rejected,,0,0
3785,2938,2024-06-10 05:24:52,web,short_term,706,7,591,rejected,,0,0
3786,998,2024-06-20 05:06:31,web,short_term,1968,14,573,rejected,,0,0
3787,1606,2025-10-01 20:11:20,app,short_term,3267,7,636,approved,2025-10-03 20:11:20,3267,7
3788,250,2025-06-16 22:28:55,app,short_term,4082,7,551,rejected,,0,0
3789,677,2024-04-26 12:46:39,web,installment,2479,180,660,approved,2024-04-26 12:46:39,2479,180
3790,4116,2024-05-15 12:59:11,web,short_term,4223,30,618,approved,2024-05-15 12:59:11,4223,30
3791,844,2025-06-01 00:41:48,app,installment,4159,180,648,approved,2025-06-02 00:41:48,4159,180
3792,3740,2024-07-11 08:47:29,app,short_term,4564,7,572,rejected,,0,0
3793,3433,2024-06-07 23:21:20,web,installment,4523,180,582,rejected,,0,0
3794,1913,2025-03-21 11:07:22,app,installment,2599,180,589,approved,2025-03-21 11:07:22,2599,180
3795,1726,2024-05-23 11:54:02,app,short_term,1389,21,558,approved,2024-05-23 11:54:02,1389,21
3796,1811,2024-03-26 04:06:10,app,installment,529,120,584,approved,2024-03-26 04:06:10,529,120
3797,2004,2024-02-14 12:52:51,app,installment,3604,180,530,rejected,,0,0
3798,3231,2025-05-11 09:41:10,web,short_term,858,21,523,rejected,,0,0
3799,720,2024-12-05 22:06:28,app,short_term,3558,7,550,rejected,,0,0
3800,3955,2024-10-02 13:26:53,web,short_term,2345,21,606,approved,2024-10-02 13:26:53,2345,21
3801,1343,2024-03-12 20:02:40,app,short_term,3707,7,619,approved,2024-03-12 20:02:40,3707,7
3802,346,2025-10-23 11:01:24,app,installment,2416,90,558,rejected,,0,0
3803,2517,2025-05-04 06:16:32,app,installment,1252,120,604,rejected,,0,0
3804,4153,2025-05-14 04:10:02,app,installment,4521,180,573,rejected,,0,0
3805,4085,2025-10-27 09:55:16,app,short_term,2104,7,600,rejected,,0,0
3806,827,2025-07-30 06:17:31,partner,installment,1797,90,544,rejected,,0,0
3807,1922,2025-10-31 17:21:11,app,short_term,3862,14,589,rejected,,0,0
3808,801,2025-11-09 21:18:09,app,short_term,4548,7,615,approved,2025-11-09 21:18:09,4548,7
3809,4244,2025-10-22 18:22:29,app,short_term,4226,14,660,approved,2025-10-23 18:22:29,4226,14
3810,3735,2025-10-24 22:41:16,app,short_term,1269,30,517,rejected,,0,0
3811,1523,2025-02-27 01:06:52,app,short_term,4305,30,611,approved,2025-03-01 01:06:52,4305,30
3812,4612,2024-05-31 14:28:10,app,short_term,1002,14,682,approved,2024-05-31 14:28:10,1002,14
3813,526,2025-11-28 00:53:47,app,short_term,1675,14,567,approved,2025-11-30 00:53:47,1675,14
3814,2277,2025-07-11 07:22:05,partner,installment,698,180,653,rejected,,0,0
3815,1291,2025-02-08 07:06:22,web,short_term,3750,30,599,approved,2025-02-10 07:06:22,3750,30
3816,2567,2025-05-19 15:21:45,web,installment,931,180,603,rejected,,0,0
3817,1426,2024-05-11 11:19:48,web,short_term,786,21,419,rejected,,0,0
3818,1324,2024-01-31 22:10:16,app,installment,3112,60,496,rejected,,0,0
3819,1214,2025-02-15 03:11:27,partner,installment,3627,60,558,rejected,,0,0
3820,1404,2025-12-09 02:04:01,web,short_term,2115,21,617,rejected,,0,0
3821,2935,2025-02-16 10:07:50,app,short_term,1718,21,607,approved,2025-02-16 10:07:50,1718,21
3822,2276,2024-07-04 10:58:12,web,short_term,1775,30,585,rejected,,0,0
3823,3766,2025-03-14 08:32:40,web,installment,4121,180,616,rejected,,0,0
3824,2246,2025-08-08 07:23:01,app,short_term,4052,14,566,rejected,,0,0
3825,2535,2025-01-11 18:34:33,app,installment,4307,60,576,approved,2025-01-12 18:34:33,4307,60
3826,118,2024-04-24 15:48:46,app,installment,1598,180,529,rejected,,0,0
3827,1798,2025-05-22 07:07:06,app,short_term,1875,7,624,approved,2025-05-22 07:07:06,1875,7
3828,259,2025-10-15 02:34:07,web,short_term,2050,30,643,approved,2025-10-15 02:34:07,2050,30
3829,1443,2025-08-06 08:25:06,app,installment,4226,60,621,approved,2025-08-08 08:25:06,4226,60
3830,2490,2025-05-30 22:56:23,app,short_term,4029,30,518,rejected,,0,0
3831,2758,2025-07-22 08:20:18,web,short_term,2098,21,591,rejected,,0,0
3832,1830,2024-09-28 16:59:05,app,installment,4858,120,622,approved,2024-09-28 16:59:05,4858,120
3833,3319,2025-06-13 02:05:27,web,short_term,2552,14,618,approved,2025-06-13 02:05:27,2552,14
3834,3609,2025-09-04 22:47:35,app,short_term,3217,21,510,rejected,,0,0
3835,4558,2024-12-08 11:49:58,app,short_term,4713,30,546,rejected,,0,0
3836,1433,2024-04-24 15:58:45,app,short_term,2474,30,620,approved,2024-04-24 15:58:45,2474,30
3837,4102,2024-02-06 06:58:47,app,short_term,4394,21,593,rejected,,0,0
3838,2532,2025-04-07 04:25:39,web,installment,2072,60,606,rejected,,0,0
3839,3005,2025-01-30 14:29:01,app,short_term,4354,21,559,approved,2025-02-01 14:29:01,4354,21
3840,1750,2024-03-20 09:14:43,partner,short_term,3822,30,616,approved,2024-03-20 09:14:43,3822,30
3841,2460,2025-08-25 03:01:45,app,installment,3148,180,544,approved,2025-08-25 03:01:45,3148,180
3842,697,2024-01-31 04:19:10,app,installment,1891,180,566,rejected,,0,0
3843,4506,2025-08-20 23:36:41,app,installment,1555,120,659,approved,2025-08-21 23:36:41,1555,120
3844,2659,2024-08-26 00:08:46,web,short_term,4917,21,634,rejected,,0,0
3845,3447,2024-07-28 12:03:13,web,short_term,3121,21,612,approved,2024-07-30 12:03:13,3121,21
3846,3998,2025-08-16 14:24:00,app,short_term,2861,7,521,rejected,,0,0
3847,1548,2025-11-13 03:49:54,web,installment,2339,60,565,rejected,,0,0
3848,4501,2025-02-03 21:36:22,partner,installment,2598,120,577,approved,2025-02-04 21:36:22,2598,120
3849,1820,2025-09-10 18:44:56,app,short_term,2956,30,428,rejected,,0,0
3850,3432,2025-07-25 19:15:02,app,short_term,2629,21,615,rejected,,0,0
3851,385,2025-07-18 15:57:22,app,short_term,2101,30,543,rejected,,0,0
3852,20,2025-05-06 19:18:22,app,installment,694,60,587,approved,2025-05-07 19:18:22,694,60
3853,1044,2024-01-31 18:01:48,app,installment,4385,90,627,approved,2024-02-02 18:01:48,4385,90
3854,1175,2024-02-25 16:47:01,app,short_term,3228,7,543,approved,2024-02-26 16:47:01,3228,7
3855,1643,2024-05-21 09:45:58,app,short_term,1235,30,612,rejected,,0,0
3856,1245,2024-03-04 03:40:11,app,short_term,1082,14,543,rejected,,0,0
3857,1531,2024-09-01 00:18:25,app,short_term,4458,14,560,rejected,,0,0
3858,4321,2024-08-27 10:52:13,app,short_term,4336,14,520,rejected,,0,0
3859,609,2024-09-22 08:08:09,web,installment,3638,60,589,approved,2024-09-22 08:08:09,3638,60
3860,4141,2025-09-08 11:28:36,app,installment,1942,90,607,approved,2025-09-09 11:28:36,1942,90
3861,301,2025-03-15 16:37:29,app,short_term,2243,30,536,rejected,,0,0
3862,3472,2024-08-27 08:02:25,web,short_term,2349,7,551,approved,2024-08-28 08:02:25,2349,7
3863,476,2025-07-16 13:30:53,app,installment,4509,180,624,approved,2025-07-16 13:30:53,4509,180
3864,915,2025-09-15 02:27:02,app,short_term,2759,30,594,approved,2025-09-17 02:27:02,2759,30
3865,421,2025-12-22 01:01:03,partner,installment,1134,120,595,rejected,,0,0
3866,4723,2025-02-10 05:33:20,app,short_term,3470,30,576,rejected,,0,0
3867,3531,2025-03-04 02:20:53,app,installment,1697,60,620,rejected,,0,0
3868,4206,2024-04-17 09:48:53,web,short_term,3410,14,572,rejected,,0,0
3869,981,2024-10-26 03:54:20,app,short_term,2059,14,591,rejected,,0,0
3870,3737,2025-07-24 12:29:51,partner,installment,2070,120,556,rejected,,0,0
3871,2393,2024-05-04 23:51:37,app,short_term,4614,21,589,approved,2024-05-06 23:51:37,4614,21
3872,4111,2025-03-05 12:09:35,app,installment,2159,120,627,approved,2025-03-05 12:09:35,2159,120
3873,1009,2024-05-08 01:39:56,app,installment,4744,60,632,approved,2024-05-10 01:39:56,4744,60
3874,1532,2025-03-20 07:54:58,app,short_term,3701,21,585,rejected,,0,0
3875,2526,2024-01-24 10:47:39,web,installment,564,90,573,rejected,,0,0
3876,4433,2025-06-12 13:03:00,partner,short_term,749,30,590,rejected,,0,0
3877,2363,2024-04-02 17:02:39,app,short_term,3785,21,586,approved,2024-04-03 17:02:39,3785,21
3878,1069,2024-07-29 23:04:46,app,short_term,1643,7,600,rejected,,0,0
3879,1826,2024-06-10 06:15:34,app,installment,4000,120,583,rejected,,0,0
3880,2654,2025-08-25 20:29:44,web,short_term,4393,21,588,rejected,,0,0
3881,543,2024-03-08 10:05:47,app,short_term,1373,14,595,approved,2024-03-09 10:05:47,1373,14
3882,4373,2024-04-11 22:31:43,app,installment,4049,180,528,rejected,,0,0
3883,417,2024-12-23 23:48:53,web,installment,3848,90,568,rejected,,0,0
3884,1503,2025-03-15 10:40:47,web,short_term,4225,30,445,rejected,,0,0
3885,1703,2025-12-22 01:17:12,app,installment,1779,60,630,rejected,,0,0
3886,3454,2025-08-25 16:03:58,app,installment,1654,120,653,approved,2025-08-27 16:03:58,1654,120
3887,2042,2024-11-30 00:25:48,web,installment,3081,120,591,rejected,,0,0
3888,1125,2024-08-22 02:37:36,web,short_term,4217,14,599,approved,2024-08-23 02:37:36,4217,14
3889,2698,2025-08-06 23:57:14,partner,short_term,1791,7,553,rejected,,0,0
3890,813,2025-12-06 22:19:28,app,installment,2502,120,632,rejected,,0,0
3891,3716,2025-10-16 09:19:35,partner,installment,3375,120,605,rejected,,0,0
3892,680,2025-06-09 14:50:14,web,installment,3304,60,538,rejected,,0,0
3893,155,2024-05-04 08:30:44,web,installment,3394,180,609,approved,2024-05-05 08:30:44,3394,180
3894,373,2024-09-14 05:56:50,app,short_term,3897,7,623,rejected,,0,0
3895,4822,2024-08-11 06:18:28,partner,short_term,637,7,658,approved,2024-08-13 06:18:28,637,7
3896,3729,2025-01-30 17:23:03,app,short_term,940,7,609,approved,2025-01-31 17:23:03,940,7
3897,4863,2025-08-31 22:34:42,app,short_term,4593,7,597,rejected,,0,0
3898,3552,2024-04-10 19:40:16,web,installment,4718,90,594,rejected,,0,0
3899,3249,2024-08-12 16:15:29,app,short_term,1517,21,604,rejected,,0,0
3900,1362,2025-05-05 10:30:55,app,short_term,2626,30,564,approved,2025-05-06 10:30:55,2626,30
3901,1260,2024-11-29 02:04:09,partner,installment,735,120,544,approved,2024-11-30 02:04:09,735,120
3902,2078,2025-03-01 12:34:01,app,short_term,3775,21,583,rejected,,0,0
3903,2340,2024-04-15 11:14:35,partner,short_term,1740,7,586,rejected,,0,0
3904,4357,2025-05-12 01:22:21,web,short_term,4867,30,617,rejected,,0,0
3905,2417,2025-06-04 18:58:26,app,installment,1529,90,545,rejected,,0,0
3906,66,2024-06-20 09:04:44,web,short_term,4245,14,593,approved,2024-06-20 09:04:44,4245,14
3907,1941,2024-07-15 06:48:13,app,installment,1995,180,533,rejected,,0,0
3908,1703,2025-09-24 21:14:45,web,installment,1448,60,657,approved,2025-09-26 21:14:45,1448,60
3909,2763,2025-05-01 17:19:18,app,short_term,4722,14,573,rejected,,0,0
3910,4604,2025-04-20 13:44:14,app,short_term,2661,14,446,rejected,,0,0
3911,2395,2024-07-14 00:22:27,web,installment,1700,60,562,rejected,,0,0
3912,3490,2025-10-24 02:14:39,app,installment,3581,180,607,rejected,,0,0
3913,3664,2024-08-16 03:43:34,app,short_term,1884,14,616,approved,2024-08-18 03:43:34,1884,14
3914,2417,2024-11-14 10:03:30,app,short_term,4797,21,532,approved,2024-11-16 10:03:30,4602,21
3915,743,2025-10-29 03:08:29,app,installment,4763,120,546,approved,2025-10-30 03:08:29,4763,120
3916,3467,2024-10-15 22:35:38,app,installment,4376,180,566,rejected,,0,0
3917,1722,2025-05-12 11:07:35,app,installment,2480,120,611,approved,2025-05-12 11:07:35,2480,120
3918,2690,2025-01-26 00:16:42,web,short_term,3960,21,600,approved,2025-01-28 00:16:42,3960,21
3919,4648,2025-10-30 20:18:35,app,installment,4702,180,638,approved,2025-10-31 20:18:35,4702,180
3920,379,2024-03-14 08:06:54,app,short_term,4056,14,601,rejected,,0,0
3921,1761,2024-09-02 09:55:27,app,short_term,1358,14,620,rejected,,0,0
3922,979,2025-10-25 15:18:03,app,installment,2740,120,592,rejected,,0,0
3923,1560,2025-02-23 14:18:25,web,short_term,2102,30,653,approved,2025-02-23 14:18:25,2102,30
3924,1769,2024-05-29 16:28:00,app,short_term,3024,7,547,rejected,,0,0
3925,3305,2024-02-28 03:30:23,partner,installment,1291,120,547,rejected,,0,0
3926,581,2024-04-19 13:04:33,app,short_term,1697,21,453,rejected,,0,0
3927,3152,2025-06-15 11:02:57,partner,short_term,1854,21,576,approved,2025-06-17 11:02:57,1854,21
3928,1088,2024-02-24 17:50:43,web,installment,4891,90,563,rejected,,0,0
3929,4148,2024-07-03 19:09:56,app,short_term,586,21,642,approved,2024-07-05 19:09:56,586,21
3930,4382,2025-09-02 21:59:40,app,short_term,4018,14,565,rejected,,0,0
3931,3099,2024-07-30 07:38:33,app,short_term,700,7,638,rejected,,0,0
3932,2114,2024-12-22 17:21:35,app,short_term,808,7,583,rejected,,0,0
3933,3686,2024-11-06 12:31:51,web,short_term,983,30,518,rejected,,0,0
3934,1259,2024-10-11 08:58:04,app,installment,3427,120,571,approved,2024-10-13 08:58:04,3427,120
3935,410,2024-03-27 15:02:53,app,installment,2442,90,622,approved,2024-03-27 15:02:53,2442,90
3936,1627,2024-02-11 07:10:20,app,installment,3592,180,547,approved,2024-02-12 07:10:20,3592,180
3937,3051,2024-08-22 19:55:11,app,installment,797,120,548,rejected,,0,0
3938,3149,2024-04-29 08:47:02,app,installment,1155,180,601,rejected,,0,0
3939,4027,2025-01-07 16:18:01,web,short_term,4593,30,667,rejected,,0,0
3940,193,2025-11-22 17:23:34,app,installment,4307,180,624,rejected,,0,0
3941,1069,2025-11-21 05:57:04,app,short_term,3045,14,608,approved,2025-11-21 05:57:04,3045,14
3942,3194,2025-09-29 23:57:41,app,installment,1246,180,507,rejected,,0,0
3943,2488,2024-05-25 00:34:37,app,installment,1014,120,610,rejected,,0,0
3944,49,2024-01-26 13:51:19,partner,installment,3177,120,525,approved,2024-01-27 13:51:19,3177,120
3945,1049,2025-02-11 23:15:50,app,installment,1354,90,596,rejected,,0,0
3946,235,2025-02-22 23:36:27,app,installment,3823,60,495,rejected,,0,0
3947,4063,2025-05-09 23:25:01,app,installment,4337,90,510,rejected,,0,0
3948,328,2024-06-16 23:18:47,partner,short_term,1663,7,590,rejected,,0,0
3949,847,2025-05-08 03:45:16,app,installment,630,120,555,rejected,,0,0
3950,338,2024-01-23 01:22:57,app,installment,3706,60,574,approved,2024-01-24 01:22:57,3706,60
3951,3407,2024-01-27 16:28:59,app,installment,1695,180,547,rejected,,0,0
3952,1090,2025-10-01 13:55:53,app,short_term,1941,30,590,rejected,,0,0
3953,2251,2025-12-22 11:37:54,app,short_term,1050,21,579,approved,2025-12-23 11:37:54,1050,21
3954,413,2025-10-21 10:26:07,app,short_term,703,14,590,approved,2025-10-23 10:26:07,703,14
3955,505,2025-09-19 20:16:31,partner,installment,683,90,542,rejected,,0,0
3956,2945,2025-09-06 13:35:46,web,installment,3329,60,558,rejected,,0,0
3957,903,2024-07-27 00:10:42,app,short_term,3551,14,554,rejected,,0,0
3958,3528,2024-11-14 01:01:01,app,installment,4803,180,599,rejected,,0,0
3959,4762,2025-04-15 08:54:35,web,installment,1559,90,601,rejected,,0,0
3960,965,2024-09-13 21:34:33,app,installment,4957,120,547,approved,2024-09-15 21:34:33,3950,120
3961,1652,2025-07-16 13:59:42,partner,installment,1963,90,573,rejected,,0,0
3962,4956,2024-02-18 16:31:19,app,short_term,2718,30,611,rejected,,0,0
3963,790,2025-07-24 01:19:58,app,short_term,1973,7,647,approved,2025-07-25 01:19:58,1973,7
3964,4728,2024-03-13 07:36:49,app,installment,1317,120,606,approved,2024-03-14 07:36:49,1317,120
3965,1803,2025-04-28 19:02:50,app,short_term,3796,7,615,approved,2025-04-28 19:02:50,3796,7
3966,2015,2024-03-23 16:53:17,app,short_term,1001,21,488,rejected,,0,0
3967,3523,2024-07-17 22:06:16,app,installment,2561,120,625,approved,2024-07-17 22:06:16,2561,120
3968,4831,2025-01-15 08:01:21,app,installment,4688,90,560,rejected,,0,0
3969,3393,2025-01-17 09:44:36,app,short_term,4768,14,568,rejected,,0,0
3970,1378,2025-07-28 23:39:01,app,short_term,3449,21,537,rejected,,0,0
3971,409,2024-11-12 13:47:12,app,short_term,3406,21,620,approved,2024-11-12 13:47:12,3406,21
3972,2442,2025-03-02 05:36:35,app,short_term,3494,7,661,rejected,,0,0
3973,2235,2024-08-09 19:06:44,app,short_term,3315,7,571,approved,2024-08-09 19:06:44,3315,7
3974,4967,2025-01-15 12:34:25,app,short_term,2369,7,580,rejected,,0,0
3975,2025,2025-12-06 09:26:52,app,installment,2124,60,589,approved,2025-12-08 09:26:52,2124,60
3976,3436,2025-12-22 06:41:00,partner,short_term,1425,30,509,rejected,,0,0
3977,1265,2024-08-20 09:58:59,app,installment,4538,120,617,approved,2024-08-22 09:58:59,3428,120
3978,4617,2024-09-03 03:48:36,web,short_term,3423,21,563,rejected,,0,0
3979,2197,2025-08-20 17:29:59,app,short_term,1617,7,604,rejected,,0,0
3980,2549,2024-04-06 07:26:27,app,short_term,837,14,645,approved,2024-04-08 07:26:27,837,14
3981,1584,2025-09-10 20:30:28,app,short_term,3034,7,654,approved,2025-09-12 20:30:28,3034,7
3982,1201,2024-06-28 04:36:48,app,short_term,3150,14,618,approved,2024-06-28 04:36:48,3150,14
3983,1727,2024-03-30 17:44:29,app,short_term,4976,21,598,rejected,,0,0
3984,1749,2025-02-24 13:38:43,partner,installment,4353,180,547,approved,2025-02-26 13:38:43,4353,180
3985,3736,2025-07-08 03:26:06,app,short_term,1629,14,610,rejected,,0,0
3986,4937,2025-09-05 01:20:33,app,installment,1542,60,573,rejected,,0,0
3987,703,2025-10-06 17:19:32,app,installment,2376,120,566,rejected,,0,0
3988,381,2025-04-04 03:17:33,app,short_term,4659,21,579,rejected,,0,0
3989,877,2025-02-15 23:02:46,partner,installment,1562,120,532,rejected,,0,0
3990,3410,2025-01-06 02:28:36,app,short_term,4782,30,572,rejected,,0,0
3991,3329,2024-11-19 19:56:07,app,installment,4030,60,572,rejected,,0,0
3992,4807,2025-09-22 11:58:52,app,short_term,3209,21,569,rejected,,0,0
3993,4861,2025-11-01 01:46:17,app,short_term,2810,30,438,rejected,,0,0
3994,4494,2024-08-11 00:30:56,app,short_term,677,7,578,rejected,,0,0
3995,2558,2024-07-28 15:29:52,app,installment,3920,120,546,approved,2024-07-29 15:29:52,3920,120
3996,4269,2025-06-05 11:36:27,app,short_term,4489,21,502,rejected,,0,0
3997,3361,2024-07-07 14:27:39,partner,short_term,2593,30,621,approved,2024-07-08 14:27:39,2593,30
3998,529,2024-12-13 12:48:00,app,short_term,2216,21,559,approved,2024-12-14 12:48:00,2216,21
3999,3512,2025-11-18 20:19:23,app,short_term,2920,21,555,rejected,,0,0
4000,4794,2024-01-26 07:46:01,app,installment,2400,60,482,rejected,,0,0
4001,88,2025-12-12 14:52:13,app,installment,1690,60,597,rejected,,0,0
4002,166,2024-02-02 16:38:35,app,installment,1738,60,517,rejected,,0,0
4003,4027,2024-04-14 08:42:58,partner,short_term,2174,14,649,approved,2024-04-16 08:42:58,2174,14
4004,1547,2025-06-25 00:10:59,web,installment,1797,60,576,approved,2025-06-26 00:10:59,1797,60
4005,157,2025-03-28 21:01:12,web,short_term,4468,21,638,rejected,,0,0
4006,4763,2024-10-07 18:01:40,app,installment,2822,120,543,rejected,,0,0
4007,1343,2025-08-02 01:25:32,app,short_term,2817,21,590,approved,2025-08-04 01:25:32,2817,21
4008,3833,2024-05-17 21:00:44,app,installment,3028,180,639,rejected,,0,0
4009,3736,2025-11-04 23:06:10,web,short_term,1426,21,621,approved,2025-11-04 23:06:10,1426,21
4010,4804,2025-05-03 06:28:37,partner,short_term,2449,14,560,rejected,,0,0
4011,1335,2024-05-23 15:00:50,app,installment,705,120,645,approved,2024-05-25 15:00:50,705,120
4012,1200,2024-09-01 04:21:22,app,short_term,4804,21,600,rejected,,0,0
4013,4783,2025-02-13 08:56:13,app,installment,2737,60,587,approved,2025-02-15 08:56:13,2737,60
4014,3598,2024-06-07 01:24:10,app,short_term,3894,30,588,rejected,,0,0
4015,113,2025-03-01 15:57:44,app,short_term,3643,30,622,rejected,,0,0
4016,3817,2024-02-23 22:05:10,app,installment,4150,90,566,rejected,,0,0
4017,2495,2025-12-04 15:07:57,web,installment,2397,90,655,approved,2025-12-06 15:07:57,2397,90
4018,4178,2025-04-04 08:48:58,app,installment,2373,60,510,rejected,,0,0
4019,2364,2025-05-31 19:25:14,app,installment,724,120,636,rejected,,0,0
4020,3951,2025-10-06 11:04:33,app,short_term,729,30,614,rejected,,0,0
4021,1913,2025-09-17 09:35:00,app,installment,2920,90,590,approved,2025-09-18 09:35:00,2920,90
4022,2505,2024-12-09 14:47:50,partner,installment,4922,120,635,approved,2024-12-10 14:47:50,4922,120
4023,367,2024-08-20 11:13:27,app,short_term,4070,7,588,rejected,,0,0
4024,78,2025-12-12 15:49:02,app,short_term,4972,21,573,rejected,,0,0
4025,1102,2025-01-04 19:23:31,app,short_term,1950,30,615,approved,2025-01-05 19:23:31,1950,30
4026,2881,2024-12-12 12:40:49,partner,short_term,3748,7,556,rejected,,0,0
4027,3210,2024-10-07 19:47:10,web,short_term,4564,7,576,approved,2024-10-09 19:47:10,4564,7
4028,4162,2024-06-18 06:41:08,app,installment,4885,120,599,approved,2024-06-18 06:41:08,4885,120
4029,1760,2025-01-22 15:56:19,app,short_term,2899,7,630,approved,2025-01-24 15:56:19,2899,7
4030,2102,2024-12-30 03:56:55,app,short_term,4365,30,574,rejected,,0,0
4031,3885,2024-06-11 09:17:02,app,installment,2024,60,574,rejected,,0,0
4032,1598,2025-11-29 15:55:51,web,short_term,4928,30,576,rejected,,0,0
4033,2790,2024-05-20 01:12:23,app,short_term,2493,14,623,approved,2024-05-21 01:12:23,2493,14
4034,1773,2025-12-20 19:00:18,app,short_term,2548,30,636,approved,2025-12-21 19:00:18,2548,30
4035,3878,2025-06-18 14:31:24,app,short_term,3773,21,616,approved,2025-06-18 14:31:24,3773,21
4036,3258,2024-03-05 00:07:23,app,short_term,2487,30,641,approved,2024-03-05 00:07:23,2487,30
4037,4342,2024-09-05 17:45:54,web,short_term,918,21,573,rejected,,0,0
4038,2044,2024-08-23 09:28:32,app,short_term,4339,30,561,rejected,,0,0
4039,4922,2024-02-16 08:20:37,app,installment,2602,180,568,approved,2024-02-18 08:20:37,2602,180
4040,2297,2025-08-15 18:07:05,app,installment,3245,120,600,rejected,,0,0
4041,2354,2024-04-11 03:41:36,app,short_term,3491,7,541,rejected,,0,0
4042,3698,2025-06-23 19:14:06,app,installment,3417,90,552,rejected,,0,0
4043,352,2025-06-17 07:17:33,app,short_term,3025,14,629,approved,2025-06-19 07:17:33,3025,14
4044,2903,2024-08-10 00:36:58,app,installment,4474,90,592,approved,2024-08-11 00:36:58,4474,90
4045,2921,2025-05-26 15:20:20,partner,installment,2739,120,554,rejected,,0,0
4046,2957,2024-12-09 11:56:22,web,installment,2054,180,563,approved,2024-12-10 11:56:22,2054,180
4047,2347,2024-04-04 10:54:01,app,short_term,1152,7,586,rejected,,0,0
4048,3487,2025-07-21 16:00:46,web,installment,3171,180,637,rejected,,0,0
4049,1364,2024-07-14 22:01:13,app,installment,4906,120,599,approved,2024-07-16 22:01:13,4906,120
4050,4435,2024-06-18 08:43:08,app,installment,2716,120,657,approved,2024-06-20 08:43:08,2716,120
4051,1268,2025-08-27 17:50:19,app,short_term,1137,30,572,approved,2025-08-27 17:50:19,1137,30
4052,2306,2025-08-17 17:16:40,web,installment,1167,120,593,rejected,,0,0
4053,4952,2024-02-18 17:02:31,web,short_term,1524,21,536,approved,2024-02-18 17:02:31,1524,21
4054,679,2025-04-13 17:39:19,app,installment,848,120,600,approved,2025-04-13 17:39:19,848,120
4055,480,2024-08-17 08:30:06,web,installment,1498,60,571,approved,2024-08-18 08:30:06,1498,60
4056,4251,2025-01-04 02:56:32,app,short_term,862,14,553,rejected,,0,0
4057,235,2025-01-29 22:37:46,app,short_term,3578,21,490,rejected,,0,0
4058,2275,2024-12-18 00:05:48,app,installment,1040,60,550,rejected,,0,0
4059,3908,2025-07-20 17:06:06,app,installment,3086,180,516,rejected,,0,0
4060,3991,2025-03-07 03:10:40,web,installment,1968,60,596,rejected,,0,0
4061,1488,2025-03-17 15:47:23,web,short_term,3887,14,521,rejected,,0,0
4062,3837,2024-04-05 12:18:59,web,installment,3761,180,611,rejected,,0,0
4063,1292,2025-09-05 15:44:45,app,short_term,2187,30,588,rejected,,0,0
4064,1638,2025-10-30 19:43:27,app,short_term,1553,30,615,approved,2025-10-31 19:43:27,1553,30
4065,4200,2025-01-25 09:46:02,app,installment,855,90,581,rejected,,0,0
4066,2197,2024-12-28 20:58:58,app,short_term,4870,7,649,rejected,,0,0
4067,1374,2024-08-04 14:32:38,web,short_term,2079,14,453,rejected,,0,0
4068,4934,2025-09-03 14:34:10,web,short_term,4145,21,598,rejected,,0,0
4069,1819,2025-06-25 08:01:55,web,short_term,640,30,626,approved,2025-06-27 08:01:55,640,30
4070,2777,2025-07-30 13:57:40,app,installment,1598,180,472,rejected,,0,0
4071,3073,2025-04-01 14:33:50,app,installment,1468,120,563,rejected,,0,0
4072,1804,2025-06-08 19:35:06,app,short_term,886,21,584,approved,2025-06-09 19:35:06,886,21
4073,1132,2024-09-29 23:25:38,app,short_term,4053,7,584,rejected,,0,0
4074,4941,2024-10-31 15:59:31,app,short_term,3817,30,593,approved,2024-11-02 15:59:31,3817,30
4075,2027,2025-01-12 00:16:25,app,short_term,2838,21,531,rejected,,0,0
4076,3924,2025-02-08 20:04:14,web,short_term,614,21,575,approved,2025-02-09 20:04:14,614,21
4077,167,2025-01-02 02:55:11,app,installment,1581,90,557,rejected,,0,0
4078,182,2024-06-20 13:22:12,web,installment,3616,180,569,approved,2024-06-21 13:22:12,3616,180
4079,3643,2025-07-23 18:50:00,app,short_term,1236,7,593,rejected,,0,0
4080,1587,2024-07-29 13:33:20,app,short_term,2952,30,608,rejected,,0,0
4081,2786,2025-05-01 21:37:55,app,short_term,2448,14,580,approved,2025-05-01 21:37:55,2448,14
4082,3517,2024-12-11 20:53:36,app,short_term,3834,21,589,approved,2024-12-12 20:53:36,3834,21
4083,1370,2024-06-15 14:12:38,web,installment,3101,60,614,approved,2024-06-17 14:12:38,3101,60
4084,2787,2024-01-27 01:52:53,app,installment,4341,90,606,approved,2024-01-27 01:52:53,4341,90
4085,1218,2024-02-24 00:05:57,web,short_term,4492,14,574,approved,2024-02-24 00:05:57,4492,14
4086,3879,2024-02-09 07:28:05,app,installment,4471,60,549,rejected,,0,0
4087,565,2025-09-29 05:30:30,app,short_term,2990,14,448,rejected,,0,0
4088,3547,2025-06-17 14:43:33,app,installment,1210,120,607,approved,2025-06-19 14:43:33,1210,120
4089,1402,2025-07-05 22:10:29,app,installment,3903,60,622,rejected,,0,0
4090,3178,2025-10-03 16:15:13,app,short_term,3224,30,526,rejected,,0,0
4091,4069,2025-07-18 00:33:10,web,short_term,904,14,560,approved,2025-07-18 00:33:10,904,14
4092,4484,2024-12-23 16:15:41,web,short_term,4472,21,619,approved,2024-12-25 16:15:41,4472,21
4093,3229,2024-09-02 00:28:56,app,installment,2157,60,558,approved,2024-09-03 00:28:56,2157,60
4094,3355,2024-09-15 15:17:59,partner,installment,955,60,542,rejected,,0,0
4095,4526,2024-10-18 08:35:28,partner,short_term,1086,30,570,approved,2024-10-20 08:35:28,1086,30
4096,3455,2025-07-13 16:29:00,app,short_term,3314,14,567,rejected,,0,0
4097,4748,2024-05-23 13:49:30,app,installment,803,90,597,rejected,,0,0
4098,1014,2024-09-21 14:29:51,partner,installment,4086,90,664,approved,2024-09-21 14:29:51,4086,90
4099,4152,2025-02-24 18:22:03,app,installment,4940,120,583,rejected,,0,0
4100,1537,2025-02-23 13:58:59,app,installment,888,60,518,approved,2025-02-24 13:58:59,888,60
4101,70,2025-06-26 13:38:47,app,short_term,2545,14,527,rejected,,0,0
4102,1471,2025-06-11 11:51:43,web,short_term,4226,30,651,approved,2025-06-13 11:51:43,4226,30
4103,4508,2025-10-25 02:47:01,app,installment,1114,60,585,rejected,,0,0
4104,3032,2025-09-05 14:18:16,app,installment,2798,90,622,rejected,,0,0
4105,57,2024-09-26 01:30:08,app,installment,2512,60,601,approved,2024-09-28 01:30:08,2366,60
4106,854,2025-11-23 19:50:44,web,installment,3364,180,585,rejected,,0,0
4107,3578,2025-11-28 20:18:06,partner,installment,851,120,603,approved,2025-11-29 20:18:06,851,120
4108,884,2025-08-15 21:05:11,web,installment,2510,180,526,approved,2025-08-15 21:05:11,2510,180
4109,3668,2025-04-28 11:42:53,app,short_term,1953,21,522,rejected,,0,0
4110,3374,2025-08-02 13:29:23,app,short_term,3979,7,589,approved,2025-08-03 13:29:23,3979,7
4111,1105,2024-05-11 16:20:39,app,installment,2549,60,482,rejected,,0,0
4112,266,2024-12-01 07:15:20,web,short_term,1242,30,535,rejected,,0,0
4113,4628,2025-11-07 07:03:51,web,short_term,679,7,564,rejected,,0,0
4114,1037,2024-03-27 00:26:59,app,short_term,2290,21,611,rejected,,0,0
4115,3851,2024-06-16 02:04:01,app,installment,2875,120,553,rejected,,0,0
4116,668,2024-05-25 04:42:53,app,installment,4011,120,630,approved,2024-05-25 04:42:53,4011,120
4117,2567,2024-07-13 10:49:34,app,short_term,2856,7,630,approved,2024-07-15 10:49:34,2856,7
4118,3876,2025-07-28 12:24:54,web,installment,2047,90,532,rejected,,0,0
4119,1901,2025-11-08 04:12:55,app,installment,2762,90,588,rejected,,0,0
4120,1038,2025-10-08 12:04:47,web,short_term,4452,14,606,rejected,,0,0
4121,1642,2025-07-08 18:26:26,app,short_term,1821,7,605,approved,2025-07-10 18:26:26,1821,7
4122,2894,2025-07-10 18:10:49,app,installment,2398,90,623,rejected,,0,0
4123,4170,2024-05-07 09:15:36,app,installment,3301,90,661,approved,2024-05-07 09:15:36,3301,90
4124,1091,2025-03-23 10:24:49,app,installment,2595,180,602,rejected,,0,0
4125,953,2025-10-24 06:02:08,app,installment,4109,180,523,approved,2025-10-25 06:02:08,4109,180
4126,2948,2025-11-04 02:46:45,partner,installment,3497,90,554,rejected,,0,0
4127,3049,2025-02-05 16:03:05,app,short_term,543,30,616,approved,2025-02-06 16:03:05,543,30
4128,1920,2024-06-14 09:17:08,web,short_term,652,7,468,rejected,,0,0
4129,1528,2025-11-18 01:41:06,app,short_term,2352,21,563,rejected,,0,0
4130,2354,2024-03-26 16:05:22,app,short_term,2348,30,528,rejected,,0,0
4131,2644,2025-08-13 04:45:43,app,installment,1854,90,541,rejected,,0,0
4132,2091,2025-10-24 00:56:41,app,short_term,3887,21,619,approved,2025-10-26 00:56:41,3700,21
4133,2283,2025-09-28 22:23:41,app,installment,1541,180,587,rejected,,0,0
4134,2277,2024-12-26 04:48:14,app,installment,3383,180,613,approved,2024-12-27 04:48:14,3383,180
4135,4340,2024-06-18 13:52:50,app,short_term,3950,30,603,rejected,,0,0
4136,1466,2025-07-24 20:00:41,app,short_term,1137,21,620,approved,2025-07-24 20:00:41,1137,21
4137,4764,2024-04-10 15:52:19,web,short_term,3037,30,563,rejected,,0,0
4138,4822,2024-04-24 19:52:23,app,short_term,3781,30,613,approved,2024-04-26 19:52:23,3297,30
4139,1084,2025-10-24 13:59:43,app,short_term,711,7,609,rejected,,0,0
4140,2419,2024-02-09 12:56:00,app,short_term,993,21,627,approved,2024-02-09 12:56:00,993,21
4141,4953,2024-10-15 06:54:34,app,short_term,3619,21,597,approved,2024-10-15 06:54:34,3530,21
4142,1733,2025-03-06 13:27:22,partner,installment,2906,120,617,approved,2025-03-06 13:27:22,2906,120
4143,1348,2024-10-09 13:10:12,web,short_term,1663,14,547,rejected,,0,0
4144,513,2024-02-13 03:00:54,app,installment,4164,120,582,approved,2024-02-14 03:00:54,2576,120
4145,2770,2024-04-26 07:56:18,app,short_term,1655,7,597,approved,2024-04-27 07:56:18,1655,7
4146,853,2024-08-18 14:08:43,partner,short_term,815,7,588,approved,2024-08-18 14:08:43,815,7
4147,1417,2024-11-12 07:15:43,partner,installment,1092,120,617,approved,2024-11-14 07:15:43,1092,120
4148,1465,2025-07-17 17:00:20,app,short_term,1240,30,620,rejected,,0,0
4149,4591,2025-05-30 04:06:46,app,short_term,1826,30,595,rejected,,0,0
4150,3776,2024-04-08 11:34:14,web,short_term,1021,7,600,rejected,,0,0
4151,1928,2025-08-28 09:00:28,app,short_term,2043,30,601,rejected,,0,0
4152,480,2024-12-01 18:26:25,web,installment,2807,90,544,rejected,,0,0
4153,3539,2025-01-03 20:31:54,web,installment,4545,90,599,rejected,,0,0
4154,354,2024-08-28 16:40:00,partner,short_term,615,14,570,rejected,,0,0
4155,384,2024-02-05 02:22:01,partner,short_term,1341,21,484,rejected,,0,0
4156,4709,2025-01-11 04:11:14,app,installment,4994,120,637,approved,2025-01-13 04:11:14,4994,120
4157,4658,2025-04-28 11:58:11,app,installment,4376,120,628,approved,2025-04-28 11:58:11,4376,120
4158,2989,2025-01-24 06:30:39,app,installment,2578,60,456,rejected,,0,0
4159,1305,2024-08-18 10:57:59,web,short_term,1944,7,556,rejected,,0,0
4160,3807,2025-01-06 07:12:07,app,short_term,2642,21,600,rejected,,0,0
4161,763,2024-07-23 04:54:50,app,short_term,1843,14,625,approved,2024-07-25 04:54:50,1843,14
4162,2061,2024-11-29 21:52:24,app,short_term,4109,21,573,rejected,,0,0
4163,704,2024-05-26 15:25:28,app,installment,4717,120,603,approved,2024-05-27 15:25:28,4717,120
4164,3427,2025-09-04 16:34:28,app,installment,2074,180,582,rejected,,0,0
4165,2260,2024-05-08 11:54:48,app,installment,4157,90,633,approved,2024-05-09 11:54:48,4157,90
4166,4937,2024-11-27 02:49:24,web,installment,1969,180,563,rejected,,0,0
4167,133,2025-05-14 05:01:50,app,installment,2905,120,631,rejected,,0,0
4168,3650,2025-03-26 06:58:38,partner,short_term,2263,30,530,rejected,,0,0
4169,3541,2025-09-18 04:29:28,app,installment,1800,180,628,approved,2025-09-19 04:29:28,1800,180
4170,149,2025-01-05 14:13:42,app,short_term,4096,21,566,rejected,,0,0
4171,4005,2025-05-15 14:24:56,app,short_term,2074,7,609,approved,2025-05-17 14:24:56,2074,7
4172,3724,2025-12-09 13:41:12,partner,short_term,1227,14,569,rejected,,0,0
4173,2093,2025-11-06 09:25:27,web,short_term,1984,21,618,approved,2025-11-07 09:25:27,1984,21
4174,231,2024-07-06 19:13:36,app,short_term,2580,21,616,rejected,,0,0
4175,2699,2025-10-21 01:04:10,app,short_term,2981,30,616,rejected,,0,0
4176,4089,2025-07-09 19:07:44,web,short_term,654,14,660,approved,2025-07-09 19:07:44,654,14
4177,1185,2024-02-17 21:03:03,partner,short_term,3553,30,563,rejected,,0,0
4178,2686,2024-03-03 00:01:15,app,installment,4172,60,658,approved,2024-03-03 00:01:15,4172,60
4179,4634,2024-07-30 23:53:01,app,installment,4398,90,572,rejected,,0,0
4180,77,2024-11-22 04:31:35,app,installment,2423,120,616,rejected,,0,0
4181,1009,2024-11-04 11:27:09,app,short_term,2179,30,640,approved,2024-11-06 11:27:09,2179,30
4182,3048,2024-08-02 21:07:11,app,short_term,2036,14,603,approved,2024-08-04 21:07:11,2036,14
4183,3022,2025-02-16 10:20:14,web,installment,1649,90,589,approved,2025-02-17 10:20:14,1649,90
4184,1848,2025-09-20 21:53:56,partner,short_term,819,7,617,approved,2025-09-20 21:53:56,819,7
4185,3723,2025-07-16 02:19:28,app,short_term,2923,21,604,approved,2025-07-18 02:19:28,2923,21
4186,3488,2025-03-27 10:35:06,app,short_term,4881,14,617,rejected,,0,0
4187,2851,2024-06-08 12:36:14,app,short_term,1083,14,533,rejected,,0,0
4188,1966,2024-11-10 16:23:10,web,installment,2773,60,543,approved,2024-11-11 16:23:10,2773,60
4189,3032,2024-09-14 17:22:11,app,short_term,2379,14,623,approved,2024-09-15 17:22:11,2379,14
4190,3224,2024-06-24 08:58:52,app,installment,4364,120,554,rejected,,0,0
4191,4628,2025-10-03 19:20:49,app,installment,3949,60,522,rejected,,0,0
4192,776,2025-02-17 10:13:25,app,installment,978,60,609,rejected,,0,0
4193,4623,2025-09-21 04:48:42,partner,short_term,2487,30,554,approved,2025-09-21 04:48:42,2487,30
4194,93,2024-11-02 19:42:29,app,short_term,4214,30,620,rejected,,0,0
4195,4350,2025-11-20 00:40:17,partner,installment,1747,120,576,rejected,,0,0
4196,4564,2024-09-06 12:42:12,web,installment,3762,180,610,rejected,,0,0
4197,681,2025-06-10 11:04:17,app,installment,1221,180,601,approved,2025-06-10 11:04:17,1221,180
4198,3773,2024-06-26 15:55:37,app,short_term,3259,30,614,rejected,,0,0
4199,4703,2025-11-05 23:53:31,app,installment,1701,90,652,approved,2025-11-05 23:53:31,1701,90
4200,650,2024-11-23 02:07:14,partner,short_term,3614,7,591,approved,2024-11-25 02:07:14,3614,7
4201,1586,2024-02-07 04:29:29,app,installment,632,120,538,rejected,,0,0
4202,2199,2024-08-25 12:16:00,partner,installment,2822,120,586,rejected,,0,0
4203,1256,2024-03-08 04:55:31,app,installment,2642,90,575,approved,2024-03-09 04:55:31,2642,90
4204,161,2025-08-30 01:48:58,app,installment,1393,90,520,rejected,,0,0
4205,4710,2025-03-07 02:34:34,app,short_term,3765,14,623,rejected,,0,0
4206,4997,2024-09-21 06:43:42,app,installment,4378,90,539,rejected,,0,0
4207,4803,2024-02-04 15:09:31,app,short_term,936,7,600,approved,2024-02-05 15:09:31,936,7
4208,4242,2024-09-23 05:00:11,app,installment,3126,90,571,rejected,,0,0
4209,321,2024-02-08 22:48:53,app,short_term,1574,7,555,rejected,,0,0
4210,2320,2024-01-24 10:14:01,app,short_term,513,30,583,rejected,,0,0
4211,4511,2024-11-25 01:59:05,app,short_term,4912,21,605,approved,2024-11-25 01:59:05,4912,21
4212,43,2025-10-28 05:55:40,app,short_term,4974,7,629,approved,2025-10-30 05:55:40,4974,7
4213,682,2024-07-14 07:37:27,app,installment,2546,120,563,approved,2024-07-15 07:37:27,2546,120
4214,3857,2024-12-15 16:44:44,app,installment,1281,180,628,approved,2024-12-15 16:44:44,1281,180
4215,1987,2025-08-18 06:57:51,app,installment,1771,90,440,rejected,,0,0
4216,889,2025-09-15 01:42:45,app,short_term,2102,30,593,rejected,,0,0
4217,392,2025-09-24 04:13:27,app,installment,1225,120,583,approved,2025-09-25 04:13:27,1225,120
4218,3162,2025-06-24 11:11:05,app,short_term,4433,30,580,rejected,,0,0
4219,524,2025-12-05 17:51:44,partner,installment,4770,120,569,rejected,,0,0
4220,2831,2025-07-16 06:08:37,app,installment,4280,60,613,approved,2025-07-18 06:08:37,4280,60
4221,3225,2025-11-07 12:00:48,partner,installment,1693,90,624,approved,2025-11-09 12:00:48,1693,90
4222,2612,2025-05-14 20:12:21,app,installment,4406,120,616,approved,2025-05-14 20:12:21,4406,120
4223,1803,2024-11-09 05:22:58,app,short_term,3366,30,584,approved,2024-11-11 05:22:58,3366,30
4224,1984,2025-06-05 08:19:03,web,installment,2816,120,614,rejected,,0,0
4225,4086,2024-03-20 12:58:07,web,short_term,3555,30,627,approved,2024-03-20 12:58:07,3555,30
4226,3851,2025-01-29 01:39:50,web,installment,3695,90,579,rejected,,0,0
4227,1279,2024-09-21 18:50:35,app,short_term,4997,30,515,rejected,,0,0
4228,3231,2024-10-28 23:24:32,app,installment,1765,90,501,rejected,,0,0
4229,3593,2024-11-02 20:50:26,app,installment,2792,60,597,approved,2024-11-02 20:50:26,2792,60
4230,528,2025-08-03 15:27:33,app,installment,1784,120,570,rejected,,0,0
4231,1945,2024-09-11 09:50:46,app,short_term,2736,21,506,approved,2024-09-12 09:50:46,2736,21
4232,2940,2025-06-07 22:29:15,web,installment,2174,60,517,rejected,,0,0
4233,2282,2025-11-24 17:12:02,app,installment,832,180,606,approved,2025-11-26 17:12:02,832,180
4234,2121,2025-11-17 19:10:15,app,installment,4887,60,539,rejected,,0,0
4235,3069,2024-08-18 03:25:49,web,short_term,4066,21,620,approved,2024-08-20 03:25:49,3387,21
4236,1855,2025-05-25 23:09:16,web,short_term,3484,21,533,rejected,,0,0
4237,153,2025-08-20 15:18:24,app,installment,571,180,616,rejected,,0,0
4238,1792,2024-02-09 15:47:07,app,short_term,3164,21,571,approved,2024-02-11 15:47:07,3164,21
4239,1787,2025-12-22 10:20:21,partner,short_term,3738,21,606,rejected,,0,0
4240,2186,2024-12-11 16:01:57,app,short_term,1363,21,565,approved,2024-12-11 16:01:57,1363,21
4241,1373,2025-11-28 03:10:13,app,installment,1340,90,569,approved,2025-11-30 03:10:13,1340,90
4242,1382,2024-04-18 23:35:21,app,short_term,1757,30,570,rejected,,0,0
4243,3944,2024-06-24 14:45:05,web,installment,2257,90,622,approved,2024-06-24 14:45:05,2257,90
4244,1977,2024-03-20 16:40:00,app,short_term,3129,7,606,rejected,,0,0
4245,4518,2025-08-14 19:04:02,app,installment,3488,120,575,rejected,,0,0
4246,1370,2025-05-25 10:31:42,app,short_term,2998,30,596,approved,2025-05-25 10:31:42,2998,30
4247,3586,2025-09-17 09:35:33,app,short_term,3569,7,605,approved,2025-09-19 09:35:33,3569,7
4248,3971,2024-03-11 03:51:21,app,installment,3638,60,615,approved,2024-03-12 03:51:21,3638,60
4249,1059,2024-04-09 09:16:36,app,installment,2644,60,563,rejected,,0,0
4250,428,2025-11-26 11:03:53,app,installment,1009,90,579,approved,2025-11-26 11:03:53,1009,90
4251,3848,2025-03-01 18:55:25,app,short_term,2059,30,619,approved,2025-03-01 18:55:25,2059,30
4252,3249,2025-04-03 05:19:44,web,short_term,4162,21,625,rejected,,0,0
4253,1092,2025-03-27 02:40:20,app,short_term,3658,21,466,rejected,,0,0
4254,2904,2024-02-22 06:18:07,app,short_term,684,7,585,rejected,,0,0
4255,2758,2025-10-10 05:00:32,app,installment,3681,90,533,rejected,,0,0
4256,4683,2024-10-02 10:28:12,app,short_term,4719,30,581,approved,2024-10-02 10:28:12,4719,30
4257,3682,2024-06-12 07:37:09,app,installment,4660,90,511,rejected,,0,0
4258,3114,2024-06-20 22:25:58,web,short_term,1102,7,596,approved,2024-06-22 22:25:58,1102,7
4259,645,2025-05-28 20:37:45,app,installment,2284,60,647,rejected,,0,0
4260,4731,2024-10-07 09:42:40,app,short_term,787,7,594,rejected,,0,0
4261,4694,2024-03-15 12:42:34,web,installment,1791,90,590,approved,2024-03-17 12:42:34,1791,90
4262,3233,2025-12-19 21:46:24,app,short_term,3378,21,586,approved,2025-12-21 21:46:24,3378,21
4263,1665,2025-03-08 11:37:50,app,installment,3787,90,632,rejected,,0,0
4264,4722,2024-06-06 08:45:54,app,short_term,1126,21,613,approved,2024-06-06 08:45:54,1126,21
4265,2018,2024-10-12 10:50:19,web,installment,3722,180,660,rejected,,0,0
4266,274,2024-05-02 13:26:56,web,installment,761,180,554,approved,2024-05-02 13:26:56,761,180
4267,2374,2025-06-14 19:25:33,partner,short_term,848,7,505,rejected,,0,0
4268,3668,2024-06-25 01:38:27,app,short_term,772,30,531,rejected,,0,0
4269,764,2025-06-26 17:38:29,app,installment,4713,120,637,approved,2025-06-26 17:38:29,4713,120
4270,2271,2025-03-04 22:28:52,app,short_term,3342,21,617,rejected,,0,0
4271,148,2025-08-20 16:27:33,partner,short_term,3319,14,602,approved,2025-08-21 16:27:33,3319,14
4272,1680,2024-12-31 19:30:10,app,short_term,768,30,555,rejected,,0,0
4273,1990,2024-07-01 02:01:55,app,installment,3497,180,606,rejected,,0,0
4274,3856,2024-10-26 04:07:21,app,short_term,3684,7,545,rejected,,0,0
4275,204,2025-02-08 05:07:59,app,short_term,534,21,612,rejected,,0,0
4276,384,2024-05-28 00:26:45,web,short_term,4297,14,480,rejected,,0,0
4277,741,2024-07-20 06:58:59,app,installment,797,120,626,rejected,,0,0
4278,3187,2025-06-30 18:12:20,app,installment,2916,90,653,rejected,,0,0
4279,4103,2024-02-18 01:03:10,app,installment,1662,60,622,approved,2024-02-18 01:03:10,1662,60
4280,4813,2024-05-19 04:24:49,app,installment,1429,60,533,rejected,,0,0
4281,725,2024-10-24 12:45:42,app,short_term,3213,21,585,approved,2024-10-24 12:45:42,3213,21
4282,614,2025-12-15 10:40:08,app,short_term,2782,7,546,rejected,,0,0
4283,954,2025-10-03 05:03:55,app,short_term,2419,30,620,approved,2025-10-05 05:03:55,2419,30
4284,3265,2025-04-23 09:25:54,app,short_term,4790,14,619,approved,2025-04-25 09:25:54,4790,14
4285,3562,2025-06-20 00:28:42,app,short_term,1672,14,584,rejected,,0,0
4286,3276,2025-04-11 21:03:28,app,installment,2043,90,521,rejected,,0,0
4287,2713,2024-12-26 06:50:16,app,short_term,3562,14,591,rejected,,0,0
4288,1936,2025-05-28 18:06:43,app,short_term,2197,21,601,rejected,,0,0
4289,3986,2025-11-13 23:23:06,app,short_term,1191,30,578,approved,2025-11-14 23:23:06,1191,30
4290,3541,2025-03-22 00:19:18,app,short_term,4630,7,609,rejected,,0,0
4291,3749,2025-12-14 05:19:32,web,installment,668,180,494,rejected,,0,0
4292,2188,2024-08-27 05:04:48,app,short_term,4464,7,559,rejected,,0,0
4293,1686,2024-04-11 22:56:35,app,installment,1423,180,486,rejected,,0,0
4294,1738,2025-03-24 22:49:38,app,short_term,4872,14,565,rejected,,0,0
4295,2287,2025-09-06 03:17:58,app,installment,2774,180,587,approved,2025-09-07 03:17:58,2774,180
4296,4223,2024-11-30 10:23:42,app,short_term,2263,21,641,approved,2024-12-02 10:23:42,2263,21
4297,2567,2024-12-05 16:35:39,web,short_term,4536,14,644,approved,2024-12-06 16:35:39,4536,14
4298,1378,2024-11-22 05:18:34,app,short_term,2672,21,559,rejected,,0,0
4299,2706,2025-11-20 21:31:20,app,installment,4194,90,661,approved,2025-11-22 21:31:20,4194,90
4300,4293,2025-05-10 01:34:28,partner,short_term,4170,7,621,rejected,,0,0
4301,1342,2025-04-18 00:13:43,app,short_term,2839,30,564,approved,2025-04-18 00:13:43,2839,30
4302,2542,2024-04-13 16:43:55,web,short_term,1859,21,626,approved,2024-04-14 16:43:55,1859,21
4303,2643,2024-04-01 14:54:50,app,short_term,4166,21,605,approved,2024-04-01 14:54:50,4166,21
4304,1278,2024-04-01 21:51:45,app,installment,726,120,599,rejected,,0,0
4305,3534,2025-02-05 02:06:50,app,short_term,2447,30,575,approved,2025-02-07 02:06:50,2447,30
4306,1951,2025-06-08 09:26:08,web,short_term,1116,7,597,approved,2025-06-10 09:26:08,1116,7
4307,1426,2025-03-09 22:06:56,app,installment,4952,120,464,rejected,,0,0
4308,193,2025-07-31 14:43:09,app,short_term,2037,14,591,approved,2025-07-31 14:43:09,2037,14
4309,2073,2025-07-08 11:58:24,app,installment,4482,60,553,rejected,,0,0
4310,1136,2024-09-01 23:55:06,app,short_term,1980,21,511,rejected,,0,0
4311,3586,2025-09-04 13:52:29,app,short_term,4794,7,620,rejected,,0,0
4312,3990,2024-09-23 05:40:18,app,installment,1916,60,649,approved,2024-09-25 05:40:18,1916,60
4313,2312,2025-08-03 07:47:01,app,short_term,3738,21,594,approved,2025-08-05 07:47:01,3738,21
4314,1486,2024-01-31 01:34:52,app,installment,1131,60,529,rejected,,0,0
4315,4007,2024-03-14 15:06:31,app,short_term,3399,14,599,rejected,,0,0
4316,2539,2025-12-09 00:41:38,app,short_term,1112,30,607,rejected,,0,0
4317,1594,2025-08-05 19:58:48,app,short_term,2091,30,641,rejected,,0,0
4318,3301,2024-02-08 12:15:47,app,installment,4385,90,635,approved,2024-02-10 12:15:47,4385,90
4319,1033,2025-01-27 05:19:58,app,short_term,1338,30,603,approved,2025-01-27 05:19:58,1338,30
4320,3842,2024-08-02 10:22:33,app,short_term,4000,7,550,rejected,,0,0
4321,1698,2024-08-30 07:58:57,web,short_term,4871,14,586,rejected,,0,0
4322,33,2024-12-23 23:17:35,app,installment,2798,90,597,approved,2024-12-23 23:17:35,2798,90
4323,3560,2025-02-13 22:58:12,app,short_term,1159,14,604,approved,2025-02-14 22:58:12,1159,14
4324,4650,2025-06-24 09:53:05,app,installment,2138,60,559,approved,2025-06-26 09:53:05,2138,60
4325,2758,2024-08-15 13:34:53,app,installment,1221,120,597,approved,2024-08-17 13:34:53,1221,120
4326,1879,2025-11-13 05:25:20,app,short_term,3121,21,647,approved,2025-11-14 05:25:20,3121,21
4327,908,2025-11-13 23:07:33,partner,installment,4605,120,647,approved,2025-11-15 23:07:33,4605,120
4328,1950,2025-03-08 12:51:01,app,short_term,1883,21,603,approved,2025-03-08 12:51:01,1883,21
4329,3083,2025-05-23 22:45:21,app,installment,1213,120,622,rejected,,0,0
4330,4494,2025-06-26 20:01:40,web,short_term,4181,30,563,rejected,,0,0
4331,2399,2024-11-03 21:14:58,app,short_term,959,14,638,rejected,,0,0
4332,4712,2025-08-15 18:53:16,app,short_term,2898,14,623,approved,2025-08-15 18:53:16,2898,14
4333,4587,2024-07-26 06:58:12,app,short_term,3140,21,611,approved,2024-07-28 06:58:12,3140,21
4334,1668,2025-10-04 07:00:02,web,installment,2780,60,574,rejected,,0,0
4335,730,2025-02-28 09:27:12,partner,short_term,3501,7,602,rejected,,0,0
4336,1617,2024-04-24 17:38:39,app,installment,3834,90,546,rejected,,0,0
4337,2259,2024-09-10 04:18:09,app,short_term,3459,21,536,rejected,,0,0
4338,909,2025-08-25 22:41:47,partner,short_term,3823,7,614,approved,2025-08-26 22:41:47,3823,7
4339,1605,2024-06-26 03:52:37,web,installment,2834,120,613,approved,2024-06-28 03:52:37,2834,120
4340,3874,2024-02-14 21:37:37,app,short_term,4477,30,585,rejected,,0,0
4341,116,2024-05-16 22:30:25,app,short_term,1240,14,563,approved,2024-05-16 22:30:25,1240,14
4342,406,2024-09-20 22:20:16,app,short_term,2989,21,561,rejected,,0,0
4343,779,2024-03-10 02:53:43,app,short_term,2200,7,555,rejected,,0,0
4344,4468,2025-04-01 01:33:45,app,short_term,1457,21,621,approved,2025-04-03 01:33:45,1457,21
4345,3656,2025-04-03 09:14:59,app,installment,3701,120,622,approved,2025-04-04 09:14:59,3701,120
4346,2709,2024-05-31 16:48:04,app,installment,4924,90,591,approved,2024-06-01 16:48:04,4924,90
4347,3788,2024-02-08 16:36:56,app,short_term,1846,14,580,rejected,,0,0
4348,3262,2024-02-06 05:06:19,app,installment,3790,90,591,rejected,,0,0
4349,2898,2025-08-27 15:49:28,app,short_term,1188,21,457,rejected,,0,0
4350,4206,2024-11-01 21:47:30,app,short_term,698,14,541,rejected,,0,0
4351,168,2024-03-14 06:39:56,web,short_term,1900,21,554,rejected,,0,0
4352,2107,2024-11-08 11:29:49,app,short_term,3404,14,597,approved,2024-11-09 11:29:49,3404,14
4353,1447,2025-07-09 15:56:14,app,short_term,1009,21,536,approved,2025-07-11 15:56:14,1009,21
4354,345,2025-02-25 14:18:04,app,installment,2054,90,635,approved,2025-02-25 14:18:04,2054,90
4355,4731,2025-05-15 15:00:54,web,short_term,1647,14,580,rejected,,0,0
4356,3994,2024-06-13 23:16:39,app,short_term,3482,7,596,rejected,,0,0
4357,1756,2025-03-21 02:09:17,app,installment,2447,60,589,rejected,,0,0
4358,577,2025-02-14 19:42:42,app,installment,4198,60,566,approved,2025-02-14 19:42:42,4198,60
4359,3607,2024-06-17 19:18:31,app,short_term,3143,7,558,approved,2024-06-18 19:18:31,3143,7
4360,4961,2025-11-26 21:11:21,web,short_term,2572,30,617,rejected,,0,0
4361,1406,2024-04-06 19:31:24,app,short_term,3690,30,478,rejected,,0,0
4362,1829,2024-05-28 10:09:58,app,short_term,4809,14,592,rejected,,0,0
4363,969,2024-02-03 13:59:30,app,short_term,3511,7,667,approved,2024-02-03 13:59:30,3511,7
4364,2365,2024-10-02 05:47:12,partner,installment,993,90,515,rejected,,0,0
4365,1318,2025-12-19 14:33:37,app,short_term,1065,21,493,rejected,,0,0
4366,3501,2025-05-28 00:35:05,app,installment,4394,90,538,rejected,,0,0
4367,254,2025-11-29 14:52:18,app,short_term,2722,21,534,rejected,,0,0
4368,2684,2025-02-19 14:51:50,app,installment,3248,90,613,rejected,,0,0
4369,4334,2024-09-30 15:34:00,app,short_term,1109,21,610,rejected,,0,0
4370,2010,2024-07-06 21:17:22,app,short_term,1376,7,553,approved,2024-07-07 21:17:22,1376,7
4371,3349,2024-06-11 07:32:12,app,installment,1825,120,649,approved,2024-06-13 07:32:12,1825,120
4372,1189,2025-05-14 09:57:49,app,installment,3229,120,538,rejected,,0,0
4373,4861,2024-09-14 11:21:25,app,short_term,3798,30,507,rejected,,0,0
4374,4685,2024-05-03 20:35:01,app,short_term,2808,7,569,rejected,,0,0
4375,3391,2025-10-17 11:27:15,app,short_term,2255,30,649,approved,2025-10-18 11:27:15,2255,30
4376,1548,2024-08-07 21:35:44,web,short_term,1908,30,563,rejected,,0,0
4377,3869,2025-06-12 23:35:50,app,short_term,4982,30,591,approved,2025-06-12 23:35:50,2421,30
4378,3875,2025-03-20 12:14:55,app,short_term,1703,14,577,rejected,,0,0
4379,2742,2025-09-04 14:49:08,app,installment,4609,60,598,approved,2025-09-04 14:49:08,4609,60
4380,3282,2025-02-04 00:49:07,app,installment,664,60,700,approved,2025-02-05 00:49:07,664,60
4381,3800,2024-04-15 14:46:52,app,short_term,2001,30,638,rejected,,0,0
4382,280,2024-03-30 20:46:26,app,short_term,1950,14,506,rejected,,0,0
4383,1123,2025-02-03 02:08:20,app,short_term,3478,14,614,rejected,,0,0
4384,209,2024-09-07 10:09:39,partner,short_term,3684,30,522,rejected,,0,0
4385,2575,2024-05-15 12:19:13,app,installment,2283,120,578,rejected,,0,0
4386,2202,2024-04-09 02:36:50,web,installment,669,60,542,approved,2024-04-10 02:36:50,669,60
4387,4313,2025-09-21 00:53:45,app,short_term,3426,30,599,approved,2025-09-21 00:53:45,3426,30
4388,3205,2024-11-14 03:47:01,app,installment,1722,60,584,approved,2024-11-14 03:47:01,1722,60
4389,4477,2024-12-13 08:17:14,web,short_term,1248,7,580,approved,2024-12-13 08:17:14,1248,7
4390,3958,2024-01-27 09:28:55,app,short_term,3184,30,588,rejected,,0,0
4391,464,2024-02-26 05:47:37,app,short_term,508,21,612,approved,2024-02-26 05:47:37,508,21
4392,2934,2025-07-01 05:35:06,app,short_term,4484,14,561,rejected,,0,0
4393,2947,2024-04-27 20:57:32,app,installment,3551,60,617,approved,2024-04-29 20:57:32,3551,60
4394,1000,2025-11-10 17:44:01,app,short_term,1139,21,622,approved,2025-11-11 17:44:01,1139,21
4395,1365,2024-12-23 03:17:28,app,installment,1668,60,524,rejected,,0,0
4396,2204,2024-11-06 16:03:58,app,short_term,2280,21,616,approved,2024-11-06 16:03:58,2280,21
4397,4685,2024-08-27 00:15:08,app,installment,1353,180,586,rejected,,0,0
4398,522,2025-09-11 05:57:27,app,short_term,4125,14,644,rejected,,0,0
4399,59,2025-05-29 15:02:15,app,short_term,2642,21,583,approved,2025-05-31 15:02:15,2642,21
4400,1079,2024-10-07 14:37:17,app,installment,861,180,634,approved,2024-10-09 14:37:17,861,180
4401,378,2025-12-03 00:48:49,app,installment,3869,120,557,rejected,,0,0
4402,2258,2025-08-29 12:02:23,app,short_term,1902,7,602,rejected,,0,0
4403,1771,2025-07-11 04:02:22,app,short_term,1213,30,596,approved,2025-07-13 04:02:22,1213,30
4404,1998,2025-05-11 12:59:10,app,short_term,2564,7,592,rejected,,0,0
4405,1761,2025-03-15 18:26:31,app,short_term,1782,14,581,rejected,,0,0
4406,4607,2025-01-03 17:04:46,partner,installment,2918,90,470,rejected,,0,0
4407,1378,2025-03-12 11:27:43,app,short_term,1169,21,527,rejected,,0,0
4408,100,2024-06-09 08:25:16,web,short_term,1427,14,512,rejected,,0,0
4409,4851,2025-04-12 08:17:22,app,short_term,744,30,588,approved,2025-04-13 08:17:22,744,30
4410,477,2024-04-04 19:50:53,web,short_term,3182,7,646,approved,2024-04-05 19:50:53,3182,7
4411,2328,2024-02-29 15:59:05,app,installment,2223,90,594,approved,2024-02-29 15:59:05,2223,90
4412,4711,2024-06-15 09:50:24,partner,short_term,4407,7,565,rejected,,0,0
4413,2852,2024-04-09 03:46:50,app,installment,2613,180,548,rejected,,0,0
4414,1618,2024-05-03 03:45:08,app,short_term,3222,21,632,rejected,,0,0
4415,4613,2025-05-13 19:06:28,app,installment,1795,60,590,rejected,,0,0
4416,1434,2024-12-28 00:13:31,app,installment,2147,90,633,rejected,,0,0
4417,4271,2024-11-17 07:14:40,app,installment,4053,120,574,rejected,,0,0
4418,4911,2025-10-10 19:13:57,app,short_term,1635,30,601,approved,2025-10-12 19:13:57,1635,30
4419,4946,2025-06-24 15:01:21,partner,short_term,1792,14,566,approved,2025-06-25 15:01:21,1792,14
4420,1316,2024-06-30 08:13:43,app,installment,2768,120,627,approved,2024-06-30 08:13:43,2768,120
4421,4967,2024-11-26 05:24:25,app,installment,2469,180,590,rejected,,0,0
4422,1129,2024-03-28 15:22:54,web,short_term,3326,14,579,rejected,,0,0
4423,3869,2025-06-27 13:44:29,web,installment,1351,120,592,rejected,,0,0
4424,884,2024-02-22 16:39:31,web,short_term,4551,7,545,approved,2024-02-24 16:39:31,3618,7
4425,1478,2025-05-26 10:46:25,partner,installment,2582,90,531,rejected,,0,0
4426,3091,2024-10-05 21:36:42,app,installment,3374,60,592,rejected,,0,0
4427,2171,2024-09-14 06:26:20,app,short_term,808,14,583,approved,2024-09-14 06:26:20,808,14
4428,3001,2025-09-21 21:30:41,app,short_term,2697,30,547,approved,2025-09-21 21:30:41,2697,30
4429,4005,2025-07-09 10:57:03,app,installment,3907,120,590,rejected,,0,0
4430,1718,2024-03-02 07:38:42,app,short_term,3125,21,632,approved,2024-03-04 07:38:42,3125,21
4431,763,2025-08-06 16:15:37,app,short_term,4023,30,618,approved,2025-08-07 16:15:37,4023,30
4432,2400,2024-11-03 05:57:16,web,short_term,4116,21,543,rejected,,0,0
4433,4106,2025-11-11 13:02:09,app,short_term,729,7,555,rejected,,0,0
4434,3543,2025-10-07 19:34:16,app,short_term,2199,7,604,approved,2025-10-07 19:34:16,2199,7
4435,2207,2024-03-29 00:14:43,app,installment,3243,180,635,approved,2024-03-30 00:14:43,3243,180
4436,2406,2024-11-07 02:58:26,app,installment,1142,90,594,rejected,,0,0
4437,3597,2024-05-22 22:38:47,app,short_term,1878,30,552,rejected,,0,0
4438,4017,2024-04-03 20:35:23,app,short_term,2196,7,608,approved,2024-04-03 20:35:23,2196,7
4439,4518,2025-10-08 04:20:24,app,short_term,2095,21,555,rejected,,0,0
4440,1658,2024-03-25 07:17:27,partner,installment,4312,90,461,rejected,,0,0
4441,4824,2025-06-05 03:23:33,app,installment,3691,60,598,rejected,,0,0
4442,76,2024-05-14 03:33:08,app,short_term,791,21,584,approved,2024-05-15 03:33:08,791,21
4443,4209,2025-12-09 06:27:38,app,short_term,2131,30,520,rejected,,0,0
4444,711,2025-07-16 22:59:44,app,short_term,3365,14,605,approved,2025-07-16 22:59:44,3365,14
4445,3735,2024-02-04 08:47:03,app,short_term,3186,14,564,approved,2024-02-04 08:47:03,3186,14
4446,3081,2024-04-06 23:47:10,partner,short_term,1109,14,578,rejected,,0,0
4447,4774,2024-08-17 12:36:38,app,short_term,4245,30,645,approved,2024-08-17 12:36:38,4245,30
4448,2237,2025-07-27 06:28:40,app,installment,2777,60,573,rejected,,0,0
4449,445,2024-03-19 13:06:10,partner,short_term,2894,21,527,rejected,,0,0
4450,4644,2024-05-24 04:52:22,app,short_term,3951,21,674,approved,2024-05-26 04:52:22,3951,21
4451,3967,2025-12-19 07:41:22,app,installment,4373,180,568,rejected,,0,0
4452,994,2024-04-08 13:32:46,web,installment,1114,180,610,approved,2024-04-10 13:32:46,1114,180
4453,598,2025-10-05 09:18:49,web,short_term,2418,30,579,rejected,,0,0
4454,749,2024-11-30 15:54:47,partner,installment,1212,180,583,rejected,,0,0
4455,2324,2024-03-07 01:51:12,app,installment,2573,60,598,rejected,,0,0
4456,3014,2025-08-18 14:10:50,web,installment,1929,180,587,rejected,,0,0
4457,4304,2025-02-13 08:53:36,app,installment,4223,90,582,rejected,,0,0
4458,3970,2024-08-03 19:54:47,app,installment,1419,120,627,approved,2024-08-03 19:54:47,1419,120
4459,4679,2024-03-05 08:54:25,partner,short_term,4879,7,520,rejected,,0,0
4460,2688,2024-06-02 08:14:58,web,installment,4401,180,594,approved,2024-06-02 08:14:58,4401,180
4461,2698,2025-04-25 07:36:03,app,installment,3980,120,538,rejected,,0,0
4462,1797,2025-03-20 14:25:47,app,installment,3753,60,600,approved,2025-03-21 14:25:47,3712,60
4463,1847,2024-06-08 11:46:37,web,installment,2182,120,608,approved,2024-06-10 11:46:37,2182,120
4464,2001,2025-11-05 17:00:56,app,installment,2742,180,647,approved,2025-11-07 17:00:56,2742,180
4465,3846,2024-06-03 06:50:26,web,installment,4233,60,586,rejected,,0,0
4466,2315,2025-07-17 03:51:28,app,short_term,2905,30,635,rejected,,0,0
4467,2616,2025-04-09 10:38:24,app,installment,2038,60,614,approved,2025-04-11 10:38:24,2038,60
4468,4725,2025-11-25 05:00:08,partner,installment,1113,60,523,approved,2025-11-25 05:00:08,1113,60
4469,3755,2025-02-15 02:38:38,web,short_term,3990,14,661,approved,2025-02-15 02:38:38,3990,14
4470,1103,2025-06-01 05:46:05,app,short_term,1616,7,571,rejected,,0,0
4471,4278,2024-07-02 03:30:15,app,installment,3704,90,666,approved,2024-07-04 03:30:15,3704,90
4472,547,2024-08-22 11:54:52,web,installment,1818,120,612,approved,2024-08-23 11:54:52,1818,120
4473,2492,2024-08-31 06:24:13,app,installment,1290,120,637,approved,2024-09-01 06:24:13,1290,120
4474,2706,2024-12-09 01:28:19,web,short_term,4692,7,663,rejected,,0,0
4475,1484,2024-10-22 18:56:14,web,installment,4231,60,561,rejected,,0,0
4476,3017,2024-07-14 06:29:12,app,short_term,4359,14,589,approved,2024-07-15 06:29:12,3712,14
4477,3472,2024-06-29 15:02:48,app,short_term,4879,21,525,rejected,,0,0
4478,4041,2024-03-17 10:58:29,app,installment,4383,90,572,approved,2024-03-18 10:58:29,4383,90
4479,1703,2024-03-18 18:20:44,app,short_term,2262,30,660,approved,2024-03-20 18:20:44,2262,30
4480,4039,2024-06-29 22:02:11,web,short_term,1385,30,545,approved,2024-06-29 22:02:11,1385,30
4481,3132,2024-02-20 00:48:17,app,installment,3708,180,575,rejected,,0,0
4482,1714,2025-06-11 16:03:43,web,installment,3451,180,564,rejected,,0,0
4483,4870,2025-10-27 05:15:46,partner,short_term,2354,14,590,approved,2025-10-27 05:15:46,2354,14
4484,3562,2024-11-07 06:36:14,app,installment,1488,90,595,approved,2024-11-09 06:36:14,1488,90
4485,4084,2025-10-12 06:29:47,partner,short_term,3609,30,603,approved,2025-10-14 06:29:47,3374,30
4486,3013,2025-09-27 09:01:27,web,short_term,4593,21,546,approved,2025-09-28 09:01:27,2253,21
4487,3255,2025-02-11 06:12:57,partner,short_term,2900,30,626,rejected,,0,0
4488,4845,2024-05-03 06:47:48,partner,short_term,2559,30,628,approved,2024-05-05 06:47:48,2559,30
4489,4572,2025-01-07 00:05:44,app,short_term,2186,21,558,approved,2025-01-07 00:05:44,2186,21
4490,1567,2025-02-20 00:47:08,app,installment,1168,180,607,approved,2025-02-21 00:47:08,1168,180
4491,4672,2025-08-20 12:56:40,app,short_term,1315,14,576,approved,2025-08-20 12:56:40,1315,14
4492,4970,2025-06-28 02:22:08,app,short_term,4475,14,610,rejected,,0,0
4493,4073,2025-11-21 11:15:03,app,short_term,884,14,562,rejected,,0,0
4494,1755,2025-02-17 10:50:52,app,installment,1939,180,561,rejected,,0,0
4495,60,2024-05-05 13:26:59,app,installment,4822,90,631,approved,2024-05-05 13:26:59,2250,90
4496,2234,2024-07-10 11:39:31,partner,installment,1928,120,609,rejected,,0,0
4497,4956,2024-09-03 22:19:01,app,short_term,3405,7,619,rejected,,0,0
4498,443,2025-03-01 07:50:17,app,short_term,3349,7,595,rejected,,0,0
4499,3749,2025-12-07 07:18:23,app,installment,2930,120,500,rejected,,0,0
4500,2175,2024-07-10 04:43:25,app,installment,3875,90,613,rejected,,0,0
4501,4152,2024-10-17 00:22:40,app,installment,1873,180,576,rejected,,0,0
4502,85,2024-03-16 20:38:45,app,installment,2022,120,630,rejected,,0,0
4503,3947,2025-01-27 06:20:09,web,installment,3386,180,562,rejected,,0,0
4504,2269,2025-03-15 11:53:55,app,installment,1985,60,633,rejected,,0,0
4505,1234,2024-04-29 02:00:28,web,installment,2260,120,650,rejected,,0,0
4506,587,2025-01-21 09:03:55,web,installment,4008,60,626,rejected,,0,0
4507,3968,2024-11-29 15:28:06,app,short_term,981,21,549,rejected,,0,0
4508,1806,2024-12-05 23:07:32,app,installment,1761,120,647,approved,2024-12-07 23:07:32,1761,120
4509,455,2025-06-30 01:50:49,app,installment,2582,120,554,rejected,,0,0
4510,2006,2025-06-23 04:16:53,app,installment,712,120,594,approved,2025-06-24 04:16:53,712,120
4511,1851,2024-08-06 07:32:07,app,short_term,3131,14,620,rejected,,0,0
4512,4395,2025-11-24 13:53:07,app,installment,2843,180,643,approved,2025-11-25 13:53:07,2843,180
4513,4102,2024-04-23 01:25:50,app,short_term,1288,21,591,approved,2024-04-23 01:25:50,1288,21
4514,4441,2024-09-14 03:27:49,web,installment,3471,120,614,approved,2024-09-14 03:27:49,3471,120
4515,1874,2024-02-01 03:02:38,partner,installment,1546,120,570,rejected,,0,0
4516,6,2024-02-10 12:30:08,app,installment,3035,180,611,rejected,,0,0
4517,4669,2024-10-27 13:15:31,web,short_term,4628,7,557,rejected,,0,0
4518,2001,2024-11-05 18:01:40,app,short_term,3091,7,639,rejected,,0,0
4519,2411,2024-10-25 07:57:25,app,installment,2024,180,603,rejected,,0,0
4520,2324,2024-01-31 15:36:38,web,short_term,3632,30,552,rejected,,0,0
4521,4828,2024-11-10 18:23:43,app,installment,3497,180,551,approved,2024-11-12 18:23:43,3497,180
4522,4307,2025-01-21 21:10:26,app,installment,649,120,620,rejected,,0,0
4523,4130,2024-03-01 05:42:53,partner,short_term,4084,21,576,rejected,,0,0
4524,3245,2025-12-20 07:02:43,app,short_term,3280,21,559,rejected,,0,0
4525,2771,2024-10-20 12:03:06,web,short_term,2848,7,600,rejected,,0,0
4526,2408,2025-06-14 14:46:32,app,installment,4582,60,520,rejected,,0,0
4527,3782,2025-05-21 02:30:03,partner,short_term,2026,21,596,rejected,,0,0
4528,1971,2025-08-06 14:53:23,app,short_term,1600,7,577,rejected,,0,0
4529,4320,2024-06-23 14:42:51,partner,installment,4196,60,614,rejected,,0,0
4530,2908,2024-09-29 10:15:54,app,installment,571,90,586,rejected,,0,0
4531,671,2025-04-24 13:04:01,app,short_term,3817,7,621,rejected,,0,0
4532,2358,2025-09-28 05:11:27,partner,short_term,4680,14,526,rejected,,0,0
4533,662,2025-04-16 05:57:32,app,installment,1360,180,557,rejected,,0,0
4534,2283,2025-08-12 17:04:26,app,installment,1397,180,582,rejected,,0,0
4535,1450,2024-09-17 17:33:21,app,installment,3818,60,625,rejected,,0,0
4536,2121,2024-02-17 14:56:12,app,installment,2776,90,540,rejected,,0,0
4537,3371,2025-02-27 18:37:55,app,installment,3771,180,540,rejected,,0,0
4538,4140,2024-05-10 02:33:20,app,installment,780,90,595,rejected,,0,0
4539,4864,2024-01-26 12:33:24,app,installment,2609,60,580,approved,2024-01-26 12:33:24,2609,60
4540,613,2025-09-19 13:51:56,app,installment,3536,120,528,rejected,,0,0
4541,854,2025-11-17 18:45:14,app,installment,3863,90,604,approved,2025-11-17 18:45:14,3863,90
4542,1818,2025-05-19 15:04:54,app,installment,2621,120,617,approved,2025-05-21 15:04:54,2621,120
4543,3775,2024-06-15 22:28:03,app,installment,3457,120,565,approved,2024-06-15 22:28:03,3457,120
4544,4559,2024-04-21 01:56:46,app,installment,1366,120,597,approved,2024-04-23 01:56:46,1366,120
4545,1575,2025-12-06 09:37:31,web,short_term,1647,7,575,approved,2025-12-08 09:37:31,1647,7
4546,4794,2025-10-12 05:58:54,web,short_term,3545,14,504,rejected,,0,0
4547,627,2025-02-16 09:40:18,app,short_term,3884,7,571,rejected,,0,0
4548,3744,2024-04-01 01:38:18,web,installment,857,90,619,approved,2024-04-02 01:38:18,857,90
4549,1768,2024-07-10 05:31:41,web,installment,4037,90,586,rejected,,0,0
4550,774,2025-06-29 11:36:51,app,short_term,4204,14,537,rejected,,0,0
4551,316,2025-07-29 07:10:52,app,short_term,1645,30,618,approved,2025-07-29 07:10:52,1645,30
4552,73,2024-09-10 04:26:00,web,short_term,2598,14,520,rejected,,0,0
4553,139,2025-07-24 12:58:52,app,installment,1928,120,599,rejected,,0,0
4554,4789,2025-02-09 16:13:08,app,short_term,4080,7,586,approved,2025-02-09 16:13:08,4080,7
4555,601,2024-05-08 07:54:58,app,short_term,3716,30,617,approved,2024-05-08 07:54:58,3716,30
4556,2963,2025-10-18 11:05:43,app,short_term,2442,30,611,approved,2025-10-19 11:05:43,2442,30
4557,3145,2025-11-29 13:48:58,app,short_term,2847,30,600,approved,2025-11-30 13:48:58,2847,30
4558,4096,2024-07-26 20:52:32,app,installment,4132,90,556,approved,2024-07-28 20:52:32,4132,90
4559,21,2024-06-15 14:29:31,app,installment,1415,60,572,rejected,,0,0
4560,3594,2024-06-08 01:30:22,app,short_term,784,7,580,rejected,,0,0
4561,352,2025-05-02 03:05:40,app,short_term,4445,14,651,approved,2025-05-02 03:05:40,4445,14
4562,4649,2025-04-04 17:35:16,app,short_term,1738,21,592,rejected,,0,0
4563,3284,2025-12-18 18:53:08,web,installment,4444,60,573,rejected,,0,0
4564,4945,2025-07-18 00:56:12,web,installment,3388,180,536,approved,2025-07-20 00:56:12,3122,180
4565,4536,2024-10-05 03:58:58,app,installment,1545,120,620,rejected,,0,0
4566,1381,2025-07-15 21:59:00,partner,installment,909,60,607,approved,2025-07-17 21:59:00,909,60
4567,1084,2024-03-23 09:58:58,web,short_term,4928,21,606,rejected,,0,0
4568,4519,2025-08-19 14:41:00,app,short_term,2452,30,636,rejected,,0,0
4569,1519,2024-09-25 13:35:51,app,installment,3401,180,508,rejected,,0,0
4570,1331,2024-05-24 20:03:34,app,installment,3536,120,529,rejected,,0,0
4571,855,2025-08-12 11:34:26,app,installment,2329,60,543,approved,2025-08-13 11:34:26,2329,60
4572,3531,2025-01-10 09:58:40,app,short_term,3815,21,594,approved,2025-01-11 09:58:40,3290,21
4573,792,2024-11-11 02:25:17,partner,short_term,1217,30,644,rejected,,0,0
4574,2813,2025-09-05 02:35:40,app,short_term,4735,14,574,rejected,,0,0
4575,2920,2025-04-07 00:34:37,app,short_term,4791,14,593,rejected,,0,0
4576,1384,2024-10-14 03:02:22,web,short_term,590,21,554,rejected,,0,0
4577,915,2025-12-15 21:32:44,app,short_term,2831,21,597,rejected,,0,0
4578,73,2025-04-17 05:36:32,web,short_term,2575,30,502,rejected,,0,0
4579,4191,2024-04-16 11:11:18,partner,short_term,4191,30,480,rejected,,0,0
4580,1496,2024-09-22 22:49:57,web,installment,4181,120,584,rejected,,0,0
4581,3908,2025-03-18 13:17:14,app,installment,2543,90,513,rejected,,0,0
4582,3214,2025-10-16 17:17:02,app,installment,3699,90,576,rejected,,0,0
4583,2097,2024-05-03 03:35:32,web,short_term,766,14,530,rejected,,0,0
4584,2656,2024-11-26 21:21:17,web,installment,3008,60,595,rejected,,0,0
4585,355,2025-09-13 15:28:00,app,short_term,3903,7,596,approved,2025-09-15 15:28:00,3903,7
4586,3686,2025-07-07 23:41:18,app,short_term,4159,7,516,approved,2025-07-09 23:41:18,4159,7
4587,4416,2025-04-19 14:17:47,web,installment,1204,90,635,approved,2025-04-21 14:17:47,1204,90
4588,2628,2025-02-08 03:21:50,web,installment,3151,60,593,approved,2025-02-10 03:21:50,3151,60
4589,4102,2024-07-20 21:51:13,web,installment,1654,180,581,rejected,,0,0
4590,2078,2025-05-22 23:35:28,web,short_term,4521,14,606,rejected,,0,0
4591,3502,2024-08-25 04:41:58,app,short_term,4909,30,533,rejected,,0,0
4592,4341,2024-11-12 01:21:26,app,short_term,852,21,601,approved,2024-11-12 01:21:26,852,21
4593,4313,2025-02-28 06:23:15,app,short_term,4587,21,604,rejected,,0,0
4594,4179,2025-08-10 16:18:59,app,short_term,1516,14,540,rejected,,0,0
4595,2425,2024-02-28 06:15:59,partner,short_term,2039,14,578,rejected,,0,0
4596,2148,2024-09-04 03:51:50,web,short_term,2607,30,619,approved,2024-09-04 03:51:50,2607,30
4597,4,2025-07-06 19:50:28,app,short_term,740,21,575,rejected,,0,0
4598,3716,2025-06-03 05:16:00,app,installment,2436,60,597,rejected,,0,0
4599,1297,2024-05-27 16:41:58,app,short_term,1101,30,621,approved,2024-05-28 16:41:58,1101,30
4600,3034,2024-04-23 03:44:58,app,short_term,3844,14,569,rejected,,0,0
4601,1974,2025-11-13 05:54:48,app,short_term,1591,30,584,rejected,,0,0
4602,3474,2025-07-24 12:34:36,app,short_term,1579,30,550,rejected,,0,0
4603,2412,2025-02-24 19:00:07,web,installment,4303,180,634,approved,2025-02-24 19:00:07,4161,180
4604,1909,2025-03-17 21:49:17,app,installment,673,60,609,rejected,,0,0
4605,1595,2024-09-21 08:58:38,app,installment,4714,60,535,rejected,,0,0
4606,3900,2024-06-27 16:43:35,app,short_term,4462,7,479,rejected,,0,0
4607,1762,2024-08-02 19:02:13,app,short_term,2965,7,641,rejected,,0,0
4608,2637,2025-04-18 08:08:32,app,installment,2310,90,613,rejected,,0,0
4609,2170,2024-07-12 20:03:16,web,short_term,3179,21,596,approved,2024-07-12 20:03:16,3179,21
4610,4726,2025-08-03 19:30:52,app,short_term,3651,14,567,approved,2025-08-05 19:30:52,3651,14
4611,3669,2025-02-08 21:25:38,web,short_term,1086,7,473,rejected,,0,0
4612,754,2024-05-09 10:35:41,app,short_term,3021,21,598,approved,2024-05-10 10:35:41,3021,21
4613,330,2024-05-22 21:27:13,app,installment,1010,60,601,rejected,,0,0
4614,57,2024-10-14 01:41:38,app,short_term,4362,14,578,rejected,,0,0
4615,328,2024-05-02 20:50:17,app,installment,949,90,561,approved,2024-05-02 20:50:17,949,90
4616,4648,2024-11-18 10:19:36,partner,short_term,1941,14,631,approved,2024-11-20 10:19:36,1941,14
4617,3218,2025-07-26 05:34:08,app,installment,1491,120,592,approved,2025-07-26 05:34:08,1491,120
4618,3723,2024-04-10 15:30:08,app,installment,4041,120,587,rejected,,0,0
4619,1898,2024-04-02 09:25:54,app,short_term,2342,7,567,rejected,,0,0
4620,4352,2024-12-22 08:19:01,partner,short_term,575,7,607,rejected,,0,0
4621,1950,2025-10-15 21:16:31,app,installment,1523,180,575,approved,2025-10-17 21:16:31,1523,180
4622,732,2024-08-21 14:28:48,partner,installment,3342,120,629,approved,2024-08-22 14:28:48,3342,120
4623,2864,2024-05-06 21:22:09,web,short_term,3954,14,593,rejected,,0,0
4624,2901,2025-06-23 18:49:44,web,short_term,4091,30,556,rejected,,0,0
4625,3793,2024-02-13 21:27:03,app,short_term,3526,30,629,approved,2024-02-13 21:27:03,3526,30
4626,4310,2025-07-29 14:19:43,partner,short_term,3394,30,548,approved,2025-07-31 14:19:43,3394,30
4627,2526,2024-07-29 15:09:49,app,short_term,4760,7,598,approved,2024-07-31 15:09:49,4760,7
4628,3370,2024-03-27 17:26:50,app,installment,4138,180,477,rejected,,0,0
4629,4342,2025-03-08 05:06:56,app,installment,4032,180,543,approved,2025-03-09 05:06:56,3849,180
4630,4959,2024-07-21 04:13:04,app,installment,2777,90,555,rejected,,0,0
4631,4545,2025-11-01 20:43:03,web,installment,4062,90,562,rejected,,0,0
4632,4431,2024-07-07 03:08:34,app,short_term,1419,14,611,approved,2024-07-09 03:08:34,1419,14
4633,4647,2024-02-13 20:55:04,partner,installment,3415,180,636,rejected,,0,0
4634,4903,2024-03-18 13:07:30,app,installment,1435,180,579,approved,2024-03-19 13:07:30,1435,180
4635,2106,2025-04-14 18:09:47,partner,installment,677,180,587,rejected,,0,0
4636,3874,2024-05-31 03:06:43,app,installment,1324,90,571,rejected,,0,0
4637,3051,2024-08-28 06:53:00,app,short_term,3593,14,543,rejected,,0,0
4638,187,2024-04-06 18:43:47,app,installment,2875,180,554,approved,2024-04-06 18:43:47,2875,180
4639,3449,2024-02-18 19:51:57,app,installment,3798,60,594,approved,2024-02-20 19:51:57,3798,60
4640,1200,2024-06-28 19:51:43,app,short_term,3291,21,607,approved,2024-06-30 19:51:43,3291,21
4641,339,2025-12-08 21:11:18,app,installment,575,180,574,rejected,,0,0
4642,2979,2025-10-10 10:51:53,partner,installment,942,60,567,approved,2025-10-11 10:51:53,942,60
4643,2005,2024-12-09 01:15:05,app,short_term,4228,30,615,approved,2024-12-10 01:15:05,4228,30
4644,1901,2025-11-13 01:28:35,app,installment,4298,90,594,rejected,,0,0
4645,1986,2025-06-19 10:36:42,app,installment,1225,180,589,approved,2025-06-19 10:36:42,1225,180
4646,3471,2024-11-21 06:02:46,app,installment,987,180,621,approved,2024-11-23 06:02:46,987,180
4647,122,2024-10-24 14:54:24,app,short_term,3532,30,593,approved,2024-10-25 14:54:24,2853,30
4648,4480,2025-02-16 03:34:50,app,installment,4029,90,537,rejected,,0,0
4649,4633,2024-04-26 01:36:27,app,installment,2111,180,560,rejected,,0,0
4650,105,2025-07-27 16:01:15,app,short_term,3350,30,588,approved,2025-07-27 16:01:15,3350,30
4651,2912,2025-09-13 12:57:50,web,installment,4894,120,552,approved,2025-09-15 12:57:50,3320,120
4652,552,2025-05-07 11:50:31,partner,short_term,3627,21,481,rejected,,0,0
4653,10,2024-07-12 08:08:04,app,short_term,3733,7,522,rejected,,0,0
4654,1193,2025-07-10 14:19:06,app,short_term,3518,7,612,rejected,,0,0
4655,3862,2025-01-19 07:36:50,partner,installment,4000,90,590,rejected,,0,0
4656,398,2024-11-30 21:34:22,app,installment,2807,180,607,approved,2024-12-01 21:34:22,2807,180
4657,3261,2024-04-26 07:07:40,app,short_term,1868,14,582,rejected,,0,0
4658,1184,2024-05-21 07:18:17,app,installment,4234,180,611,approved,2024-05-22 07:18:17,4234,180
4659,3194,2024-05-06 23:32:28,app,short_term,2414,14,499,rejected,,0,0
4660,949,2024-08-23 07:43:38,app,short_term,4767,14,588,approved,2024-08-23 07:43:38,4767,14
4661,4763,2025-12-03 01:43:14,web,short_term,3021,7,507,rejected,,0,0
4662,3511,2024-04-23 21:24:06,partner,short_term,2875,21,565,approved,2024-04-23 21:24:06,2875,21
4663,262,2024-10-16 12:16:43,app,short_term,2476,14,625,approved,2024-10-17 12:16:43,2476,14
4664,1194,2024-05-13 16:05:32,web,installment,1226,180,577,approved,2024-05-13 16:05:32,1226,180
4665,1563,2025-11-18 04:08:10,app,short_term,4714,14,458,rejected,,0,0
4666,2916,2024-10-11 04:05:14,web,short_term,1545,30,582,rejected,,0,0
4667,1395,2024-04-24 00:57:31,web,installment,3424,90,512,approved,2024-04-26 00:57:31,3424,90
4668,3902,2025-01-28 23:21:01,web,short_term,1482,30,557,rejected,,0,0
4669,2478,2024-12-05 22:07:41,app,installment,3945,60,569,rejected,,0,0
4670,1442,2024-06-05 20:33:53,partner,installment,2282,60,622,approved,2024-06-06 20:33:53,2282,60
4671,4401,2024-07-04 13:30:52,app,installment,3843,60,598,rejected,,0,0
4672,4965,2024-12-26 04:25:52,app,short_term,1689,14,626,approved,2024-12-26 04:25:52,1689,14
4673,334,2024-09-28 16:22:34,web,short_term,4743,7,553,approved,2024-09-29 16:22:34,4743,7
4674,1158,2025-10-31 20:12:29,app,installment,4397,120,591,rejected,,0,0
4675,1991,2025-02-10 01:35:56,app,short_term,894,7,593,rejected,,0,0
4676,1945,2025-12-17 15:27:31,app,installment,3144,90,502,rejected,,0,0
4677,2135,2025-08-05 08:27:51,app,installment,1922,90,560,rejected,,0,0
4678,3415,2025-01-22 06:27:31,app,installment,3369,120,542,rejected,,0,0
4679,4276,2024-08-31 14:59:28,app,short_term,1136,14,624,approved,2024-08-31 14:59:28,1136,14
4680,826,2025-07-10 03:26:08,web,installment,814,60,482,rejected,,0,0
4681,4277,2025-04-02 19:30:43,web,short_term,1405,7,600,approved,2025-04-02 19:30:43,1405,7
4682,1626,2024-05-04 14:25:43,web,installment,2906,60,568,approved,2024-05-04 14:25:43,2906,60
4683,743,2024-07-19 07:59:16,web,short_term,2042,14,525,rejected,,0,0
4684,3213,2024-08-14 11:09:57,app,installment,1730,60,509,rejected,,0,0
4685,416,2025-03-25 19:32:34,app,short_term,1323,7,593,rejected,,0,0
4686,3957,2024-04-29 08:36:16,app,short_term,3448,7,654,approved,2024-05-01 08:36:16,3448,7
4687,4081,2024-11-29 18:06:07,web,installment,4767,180,603,rejected,,0,0
4688,4378,2025-09-24 08:14:15,app,installment,968,120,582,approved,2025-09-26 08:14:15,968,120
4689,722,2024-01-29 23:48:55,app,short_term,1764,30,604,rejected,,0,0
4690,1307,2024-08-03 02:23:02,app,short_term,2039,14,592,approved,2024-08-04 02:23:02,2039,14
4691,3755,2024-03-23 10:31:08,web,installment,2720,90,619,rejected,,0,0
4692,427,2025-09-12 20:54:02,app,short_term,900,7,554,rejected,,0,0
4693,1188,2024-10-06 12:34:21,partner,installment,4262,120,610,approved,2024-10-06 12:34:21,3588,120
4694,4054,2024-03-22 18:04:04,app,short_term,4101,30,587,approved,2024-03-22 18:04:04,4101,30
4695,4869,2025-08-17 15:52:23,app,short_term,1058,7,649,approved,2025-08-18 15:52:23,1058,7
4696,3088,2024-06-26 08:39:44,app,short_term,4394,30,535,rejected,,0,0
4697,511,2025-07-23 07:39:41,app,short_term,1151,7,596,approved,2025-07-23 07:39:41,1151,7
4698,3715,2024-09-06 07:32:14,app,short_term,3250,14,578,approved,2024-09-08 07:32:14,3250,14
4699,3904,2025-08-10 18:04:13,web,installment,1408,120,614,approved,2025-08-12 18:04:13,1408,120
4700,191,2025-06-09 18:38:56,app,short_term,4078,30,581,rejected,,0,0
4701,2208,2025-10-16 00:13:00,app,short_term,763,14,525,rejected,,0,0
4702,3900,2025-12-01 09:30:06,partner,short_term,2604,14,474,approved,2025-12-02 09:30:06,2604,14
4703,1494,2024-06-28 04:05:02,app,short_term,3343,21,617,approved,2024-06-28 04:05:02,3343,21
4704,4792,2025-09-06 03:58:15,app,short_term,880,30,461,rejected,,0,0
4705,4416,2024-04-02 00:36:15,app,short_term,4486,30,624,rejected,,0,0
4706,4713,2024-02-04 11:51:53,app,installment,580,120,543,rejected,,0,0
4707,2369,2025-03-10 18:17:30,app,short_term,3506,30,597,rejected,,0,0
4708,955,2024-03-12 16:28:04,web,installment,2607,60,588,approved,2024-03-12 16:28:04,2607,60
4709,4673,2025-06-12 02:40:57,app,installment,2518,180,661,approved,2025-06-13 02:40:57,2518,180
4710,4918,2024-05-02 00:11:19,app,short_term,818,21,598,rejected,,0,0
4711,632,2025-06-11 22:33:11,web,installment,4731,90,520,rejected,,0,0
4712,1818,2024-03-15 10:39:00,app,short_term,3900,14,578,approved,2024-03-15 10:39:00,3900,14
4713,1652,2025-09-03 23:13:15,app,short_term,3493,7,559,approved,2025-09-04 23:13:15,3493,7
4714,3722,2025-08-24 12:15:13,app,short_term,2645,14,559,rejected,,0,0
4715,2149,2024-12-22 03:37:03,web,installment,3876,180,443,rejected,,0,0
4716,3542,2024-09-12 07:44:50,web,installment,1797,120,602,rejected,,0,0
4717,2876,2025-10-05 14:09:38,partner,short_term,3226,30,582,rejected,,0,0
4718,1494,2024-05-28 01:28:04,app,short_term,1360,21,604,approved,2024-05-30 01:28:04,1360,21
4719,2014,2025-03-15 02:26:59,app,short_term,1063,30,631,rejected,,0,0
4720,3550,2025-01-19 03:28:13,web,short_term,1402,30,615,rejected,,0,0
4721,3367,2025-10-15 05:17:05,web,installment,2288,180,609,approved,2025-10-15 05:17:05,2288,180
4722,3734,2025-08-31 01:17:38,app,short_term,4144,7,636,approved,2025-08-31 01:17:38,4144,7
4723,2896,2025-07-09 14:33:50,app,installment,2462,60,604,approved,2025-07-09 14:33:50,2462,60
4724,4994,2024-06-19 20:18:54,web,short_term,2720,21,598,approved,2024-06-19 20:18:54,2720,21
4725,2462,2025-08-04 07:05:12,app,short_term,1385,21,609,approved,2025-08-06 07:05:12,1385,21
4726,987,2024-06-19 18:12:10,web,short_term,2880,30,532,rejected,,0,0
4727,4298,2024-10-13 22:45:28,web,short_term,991,30,604,approved,2024-10-13 22:45:28,991,30
4728,4690,2024-10-13 08:21:47,web,installment,3264,90,566,rejected,,0,0
4729,822,2025-07-02 06:11:39,partner,short_term,1951,21,481,rejected,,0,0
4730,3863,2025-05-06 20:03:44,app,installment,1623,90,607,rejected,,0,0
4731,1710,2025-01-27 01:55:56,partner,short_term,2881,21,620,approved,2025-01-28 01:55:56,2881,21
4732,193,2025-06-23 09:22:10,app,short_term,2308,30,599,rejected,,0,0
4733,2706,2024-05-02 01:28:29,app,short_term,3012,7,664,approved,2024-05-03 01:28:29,3012,7
4734,3214,2024-09-20 10:32:55,app,installment,848,60,599,approved,2024-09-20 10:32:55,848,60
4735,1438,2025-04-15 16:35:50,partner,short_term,4786,30,571,rejected,,0,0
4736,2981,2025-06-01 22:04:47,app,short_term,3482,21,663,approved,2025-06-03 22:04:47,3482,21
4737,4519,2025-10-25 04:05:26,app,installment,4218,120,618,rejected,,0,0
4738,958,2025-10-13 15:22:42,app,short_term,3580,7,548,rejected,,0,0
4739,3002,2025-01-06 05:31:50,app,installment,2281,180,522,rejected,,0,0
4740,4882,2025-04-11 16:47:10,app,short_term,1880,21,639,approved,2025-04-13 16:47:10,1880,21
4741,2296,2025-07-23 17:15:12,app,installment,3639,60,635,rejected,,0,0
4742,4284,2024-04-20 14:35:55,partner,short_term,4629,7,574,rejected,,0,0
4743,1865,2024-05-29 11:05:50,web,short_term,2141,30,622,rejected,,0,0
4744,1871,2025-11-23 13:59:36,app,short_term,3094,30,545,rejected,,0,0
4745,723,2025-10-31 09:00:05,app,short_term,3643,30,560,approved,2025-11-02 09:00:05,3643,30
4746,4254,2024-09-16 18:17:56,web,short_term,3421,14,528,rejected,,0,0
4747,2450,2025-01-20 11:10:25,web,short_term,4146,14,648,approved,2025-01-20 11:10:25,4146,14
4748,2345,2024-11-21 08:24:26,app,installment,1400,90,620,approved,2024-11-23 08:24:26,1400,90
4749,2601,2025-05-06 13:06:46,web,short_term,2065,30,608,rejected,,0,0
4750,1768,2024-08-03 19:13:41,web,installment,2210,60,617,approved,2024-08-05 19:13:41,2210,60
4751,4613,2024-10-13 01:25:47,web,installment,3433,180,546,rejected,,0,0
4752,248,2024-09-26 22:21:31,web,installment,2710,90,586,rejected,,0,0
4753,4681,2025-07-02 22:43:01,app,short_term,2996,30,511,rejected,,0,0
4754,3354,2025-07-04 07:39:23,app,installment,3995,60,493,rejected,,0,0
4755,3104,2025-02-06 22:17:48,partner,installment,2174,60,562,rejected,,0,0
4756,3147,2025-05-05 03:11:12,app,short_term,2327,7,533,rejected,,0,0
4757,2285,2024-12-02 02:46:00,app,short_term,4458,14,600,approved,2024-12-02 02:46:00,4458,14
4758,4446,2025-11-09 05:12:22,web,short_term,2375,14,616,approved,2025-11-10 05:12:22,2375,14
4759,2251,2024-03-20 09:22:24,app,installment,2926,60,585,rejected,,0,0
4760,1861,2024-09-22 21:17:42,partner,short_term,3157,7,610,approved,2024-09-22 21:17:42,3157,7
4761,1229,2025-08-11 08:19:50,partner,installment,3163,60,596,rejected,,0,0
4762,2415,2025-05-30 18:55:26,app,installment,2112,90,553,rejected,,0,0
4763,3584,2024-02-24 18:40:40,app,installment,2223,60,523,rejected,,0,0
4764,2106,2025-10-28 16:03:07,web,short_term,3949,21,617,approved,2025-10-28 16:03:07,3608,21
4765,3873,2025-04-19 16:50:00,app,short_term,1303,7,563,approved,2025-04-19 16:50:00,1303,7
4766,2989,2025-10-14 13:24:03,app,installment,2550,120,438,rejected,,0,0
4767,282,2025-11-24 09:07:48,web,installment,4214,90,624,rejected,,0,0
4768,2734,2024-09-02 11:30:50,app,installment,4737,120,651,approved,2024-09-04 11:30:50,4737,120
4769,679,2025-01-11 15:28:40,web,short_term,2712,21,582,rejected,,0,0
4770,2298,2025-03-12 04:42:04,app,short_term,2200,14,599,rejected,,0,0
4771,1639,2024-04-19 20:47:36,app,short_term,2508,30,572,approved,2024-04-21 20:47:36,2508,30
4772,1819,2024-05-19 14:31:27,app,short_term,4773,21,605,approved,2024-05-19 14:31:27,4773,21
4773,811,2024-05-11 07:18:49,app,installment,3046,120,570,approved,2024-05-12 07:18:49,2250,120
4774,1765,2025-01-04 03:59:28,web,installment,3525,60,583,approved,2025-01-04 03:59:28,3525,60
4775,4484,2025-02-25 20:36:33,app,short_term,4357,21,587,rejected,,0,0
4776,1224,2025-01-18 00:34:40,app,installment,1932,120,547,approved,2025-01-18 00:34:40,1932,120
4777,3804,2024-07-06 17:14:13,app,short_term,2928,21,551,approved,2024-07-07 17:14:13,2928,21
4778,1755,2025-06-29 15:37:50,app,installment,1562,120,537,rejected,,0,0
4779,3646,2024-06-26 19:22:08,app,short_term,1136,14,616,rejected,,0,0
4780,3443,2025-03-11 18:35:11,app,short_term,3341,14,619,approved,2025-03-13 18:35:11,3341,14
4781,2068,2025-12-08 16:47:19,web,short_term,4963,21,623,approved,2025-12-09 16:47:19,4963,21
4782,2829,2025-11-11 13:17:55,web,installment,4373,60,599,approved,2025-11-12 13:17:55,4373,60
4783,355,2025-03-01 14:34:19,web,installment,859,120,589,rejected,,0,0
4784,499,2025-10-09 21:29:47,app,short_term,1789,30,650,approved,2025-10-09 21:29:47,1789,30
4785,849,2025-07-22 22:04:32,web,short_term,1929,14,524,approved,2025-07-22 22:04:32,1929,14
4786,4896,2025-07-08 08:01:21,partner,short_term,2560,7,490,rejected,,0,0
4787,711,2025-02-26 20:04:42,app,installment,4301,60,622,rejected,,0,0
4788,3396,2025-02-17 09:21:18,app,short_term,4228,14,602,rejected,,0,0
4789,1021,2025-04-20 05:52:49,app,short_term,801,7,538,rejected,,0,0
4790,2730,2024-05-22 10:34:58,app,short_term,1232,21,584,rejected,,0,0
4791,4145,2024-03-11 12:51:47,app,short_term,2344,30,529,approved,2024-03-13 12:51:47,2344,30
4792,379,2025-03-04 01:45:32,app,short_term,3087,7,602,rejected,,0,0
4793,231,2025-10-10 14:22:36,partner,short_term,4761,7,645,approved,2025-10-11 14:22:36,2848,7
4794,4483,2024-08-29 04:59:07,app,short_term,3166,14,586,rejected,,0,0
4795,3276,2025-12-15 13:18:34,app,short_term,2391,14,534,approved,2025-12-15 13:18:34,2391,14
4796,3524,2024-12-29 17:40:29,web,installment,2368,60,598,approved,2024-12-30 17:40:29,2368,60
4797,371,2025-09-15 18:07:08,app,short_term,1876,21,590,rejected,,0,0
4798,3995,2024-08-26 20:03:07,app,short_term,4481,30,621,approved,2024-08-27 20:03:07,4481,30
4799,1867,2024-12-15 13:14:30,app,short_term,990,30,484,rejected,,0,0
4800,1128,2024-07-09 06:50:02,app,installment,4271,60,555,approved,2024-07-11 06:50:02,4271,60
4801,118,2024-10-20 18:41:54,app,installment,4847,90,545,rejected,,0,0
4802,707,2025-08-20 14:21:05,web,short_term,1807,7,624,approved,2025-08-21 14:21:05,1807,7
4803,1115,2024-08-07 21:47:34,web,short_term,3060,14,570,rejected,,0,0
4804,4026,2025-05-27 00:53:50,web,short_term,926,7,632,approved,2025-05-27 00:53:50,926,7
4805,3010,2024-12-10 21:44:05,app,installment,827,120,613,approved,2024-12-10 21:44:05,827,120
4806,1263,2024-01-29 17:17:33,app,installment,2639,180,506,rejected,,0,0
4807,1455,2024-09-08 06:40:35,app,short_term,3738,7,620,approved,2024-09-08 06:40:35,3738,7
4808,1212,2025-04-01 16:36:28,app,short_term,3697,21,609,approved,2025-04-03 16:36:28,3697,21
4809,233,2025-05-10 08:27:05,app,short_term,3457,14,645,approved,2025-05-10 08:27:05,3457,14
4810,2856,2025-02-07 01:10:46,partner,short_term,4971,14,656,approved,2025-02-07 01:10:46,4971,14
4811,3363,2025-12-15 12:49:29,app,installment,3770,90,640,approved,2025-12-15 12:49:29,3770,90
4812,3124,2025-06-02 22:12:12,partner,installment,3437,90,667,approved,2025-06-04 22:12:12,3437,90
4813,4557,2024-05-28 05:44:11,app,installment,1873,60,588,rejected,,0,0
4814,3028,2025-07-01 03:49:06,web,short_term,3891,30,520,rejected,,0,0
4815,3415,2024-12-26 21:01:34,web,short_term,2497,7,527,rejected,,0,0
4816,4277,2024-03-26 03:37:57,app,short_term,1232,21,592,approved,2024-03-27 03:37:57,1232,21
4817,715,2025-08-01 08:06:00,app,installment,3921,180,561,rejected,,0,0
4818,4128,2024-04-14 06:30:43,web,short_term,2424,30,569,rejected,,0,0
4819,653,2025-01-10 09:50:45,app,installment,2831,180,553,rejected,,0,0
4820,4991,2025-01-19 09:32:40,app,installment,502,120,619,approved,2025-01-19 09:32:40,502,120
4821,3757,2025-02-20 03:27:55,partner,short_term,3598,14,563,approved,2025-02-20 03:27:55,3598,14
4822,3124,2024-06-29 08:42:59,app,short_term,4687,21,599,approved,2024-06-30 08:42:59,4687,21
4823,1605,2025-10-05 03:19:27,web,short_term,3699,21,584,rejected,,0,0
4824,2448,2025-04-20 05:25:48,web,installment,3090,90,478,rejected,,0,0
4825,2872,2025-07-10 10:55:38,app,short_term,3234,30,589,approved,2025-07-11 10:55:38,3234,30
4826,1193,2024-02-27 17:05:05,web,short_term,1713,14,590,rejected,,0,0
4827,184,2024-03-04 17:39:32,app,installment,4258,120,545,approved,2024-03-05 17:39:32,3230,120
4828,2971,2025-01-31 04:21:07,app,installment,3937,120,582,approved,2025-02-02 04:21:07,3937,120
4829,2515,2024-02-19 17:14:09,app,short_term,1186,30,586,approved,2024-02-19 17:14:09,1186,30
4830,2246,2025-05-20 20:34:15,app,installment,2819,90,591,approved,2025-05-20 20:34:15,2819,90
4831,1351,2024-06-02 23:00:12,web,short_term,3594,14,558,approved,2024-06-04 23:00:12,3594,14
4832,128,2025-03-30 13:51:13,web,short_term,3474,21,571,rejected,,0,0
4833,2455,2024-12-10 22:20:21,app,short_term,4861,21,524,rejected,,0,0
4834,542,2025-08-22 06:32:55,web,installment,2173,180,548,rejected,,0,0
4835,1827,2024-08-10 18:25:49,app,short_term,2254,7,539,rejected,,0,0
4836,2015,2025-02-20 21:25:56,app,short_term,2341,14,491,rejected,,0,0
4837,1315,2024-06-17 01:05:05,app,short_term,2795,7,593,approved,2024-06-18 01:05:05,2795,7
4838,3819,2024-10-14 19:15:24,app,short_term,4250,7,547,rejected,,0,0
4839,4546,2025-08-11 00:20:32,web,installment,3860,60,617,rejected,,0,0
4840,2315,2024-06-03 13:54:06,app,short_term,2072,21,600,rejected,,0,0
4841,3183,2025-01-27 18:48:15,app,installment,2066,180,561,rejected,,0,0
4842,600,2024-10-07 03:01:00,app,installment,2755,60,597,rejected,,0,0
4843,1505,2025-11-29 23:27:30,app,installment,4366,180,602,approved,2025-12-01 23:27:30,4366,180
4844,4345,2025-02-10 11:26:16,app,installment,1102,120,558,rejected,,0,0
4845,665,2025-08-08 01:33:45,partner,short_term,4644,7,513,rejected,,0,0
4846,4276,2025-05-23 15:18:28,app,installment,1121,180,630,approved,2025-05-23 15:18:28,1121,180
4847,2663,2025-12-18 22:11:10,web,short_term,2331,14,541,rejected,,0,0
4848,3886,2025-05-30 03:24:46,app,short_term,4414,7,602,rejected,,0,0
4849,3688,2024-10-21 19:31:07,app,installment,3732,60,622,rejected,,0,0
4850,3739,2025-11-30 10:14:15,app,short_term,4878,30,644,approved,2025-12-02 10:14:15,4878,30
4851,1696,2024-03-14 03:43:06,app,short_term,3063,21,552,rejected,,0,0
4852,4608,2024-05-06 10:31:58,app,installment,815,90,461,rejected,,0,0
4853,1779,2025-07-29 17:14:19,partner,short_term,1468,30,648,approved,2025-07-29 17:14:19,1468,30
4854,3065,2025-11-11 18:33:14,web,installment,1734,60,642,rejected,,0,0
4855,1555,2024-11-14 23:08:01,partner,short_term,4835,30,583,rejected,,0,0
4856,1974,2024-10-19 06:32:40,app,installment,4423,90,554,approved,2024-10-21 06:32:40,4423,90
4857,792,2024-07-02 10:33:15,app,short_term,1850,30,633,approved,2024-07-02 10:33:15,1850,30
4858,4569,2025-01-12 18:09:57,app,installment,2051,180,583,rejected,,0,0
4859,757,2024-12-25 22:17:34,app,short_term,1993,14,593,rejected,,0,0
4860,1604,2024-11-02 12:21:48,web,short_term,3449,7,610,rejected,,0,0
4861,1525,2025-10-21 10:52:54,web,installment,4312,60,631,approved,2025-10-23 10:52:54,3784,60
4862,1982,2025-07-22 13:13:50,app,installment,939,120,494,rejected,,0,0
4863,1570,2024-09-10 21:31:05,web,installment,4245,120,585,rejected,,0,0
4864,3710,2025-02-03 16:30:50,web,short_term,610,14,457,rejected,,0,0
4865,1217,2025-03-24 17:31:12,web,short_term,1569,14,581,rejected,,0,0
4866,3416,2025-09-17 08:19:32,app,short_term,3368,30,554,approved,2025-09-17 08:19:32,3368,30
4867,616,2024-09-29 22:38:24,web,short_term,2827,21,583,rejected,,0,0
4868,473,2025-04-26 20:40:12,app,installment,3526,120,499,rejected,,0,0
4869,884,2025-10-08 20:43:41,partner,short_term,4527,30,538,rejected,,0,0
4870,1705,2024-09-10 21:02:20,app,short_term,2323,30,588,approved,2024-09-10 21:02:20,2323,30
4871,634,2025-06-03 15:09:08,web,installment,3886,120,590,approved,2025-06-05 15:09:08,3886,120
4872,3935,2025-06-02 00:21:21,app,installment,1460,90,614,rejected,,0,0
4873,3808,2024-12-28 03:43:34,partner,installment,3072,180,482,rejected,,0,0
4874,2715,2024-11-26 17:54:04,web,installment,3759,90,647,rejected,,0,0
4875,4498,2025-03-29 10:19:20,app,installment,1627,120,636,approved,2025-03-30 10:19:20,1627,120
4876,1152,2024-12-19 01:20:20,app,installment,4654,120,625,approved,2024-12-20 01:20:20,4654,120
4877,84,2024-01-27 15:01:12,web,installment,1104,180,656,approved,2024-01-28 15:01:12,1104,180
4878,3502,2025-06-12 15:04:12,app,short_term,3678,7,548,rejected,,0,0
4879,3659,2024-05-24 22:55:10,app,short_term,930,30,497,rejected,,0,0
4880,253,2024-12-04 18:41:42,app,short_term,1390,14,576,rejected,,0,0
4881,4867,2025-06-01 14:40:34,partner,installment,2564,180,574,rejected,,0,0
4882,2982,2025-06-12 06:07:00,app,installment,2411,90,614,approved,2025-06-14 06:07:00,2411,90
4883,1599,2024-02-11 00:11:51,web,installment,2905,60,585,approved,2024-02-11 00:11:51,2905,60
4884,2082,2024-07-10 08:34:44,partner,short_term,732,21,615,rejected,,0,0
4885,1892,2024-07-21 00:03:43,app,installment,2869,60,610,approved,2024-07-21 00:03:43,2869,60
4886,3875,2024-05-11 11:17:08,web,installment,2653,180,543,rejected,,0,0
4887,1345,2024-06-18 19:47:15,web,short_term,1576,7,564,approved,2024-06-20 19:47:15,1576,7
4888,4483,2025-08-21 15:03:46,app,short_term,2910,30,603,approved,2025-08-21 15:03:46,2910,30
4889,3714,2025-06-10 04:50:04,app,short_term,2633,14,588,approved,2025-06-11 04:50:04,2602,14
4890,2259,2025-03-14 23:13:08,app,short_term,538,21,527,rejected,,0,0
4891,14,2024-03-10 13:34:47,app,short_term,4184,30,575,approved,2024-03-11 13:34:47,4184,30
4892,128,2024-10-14 14:38:14,web,installment,4900,120,583,approved,2024-10-14 14:38:14,4900,120
4893,3155,2025-03-29 19:07:38,web,short_term,2268,14,657,approved,2025-03-29 19:07:38,2268,14
4894,1999,2025-01-11 22:48:49,app,short_term,2956,21,584,rejected,,0,0
4895,2268,2025-02-13 11:32:41,web,short_term,3221,14,601,approved,2025-02-14 11:32:41,3221,14
4896,2420,2024-03-22 09:26:25,app,installment,3849,60,567,rejected,,0,0
4897,3867,2024-09-22 17:22:14,web,installment,2522,120,549,rejected,,0,0
4898,1475,2024-03-17 09:43:59,app,installment,1265,60,611,approved,2024-03-19 09:43:59,1265,60
4899,2568,2024-07-29 00:19:41,app,installment,3495,60,612,approved,2024-07-29 00:19:41,3495,60
4900,4384,2024-12-23 08:09:16,partner,short_term,3687,21,539,rejected,,0,0
4901,3371,2024-03-29 14:54:38,app,short_term,2228,21,535,approved,2024-03-30 14:54:38,2228,21
4902,2405,2024-07-09 11:39:25,app,installment,3762,180,618,rejected,,0,0
4903,2394,2025-07-29 08:37:55,partner,short_term,4610,14,575,rejected,,0,0
4904,1541,2024-04-17 15:59:12,app,installment,2512,60,581,rejected,,0,0
4905,2344,2025-05-03 19:44:49,partner,short_term,799,7,550,rejected,,0,0
4906,1959,2025-02-21 16:46:10,web,installment,2454,60,630,approved,2025-02-22 16:46:10,2454,60
4907,2822,2024-12-17 09:57:53,app,installment,1026,180,567,rejected,,0,0
4908,636,2025-09-29 01:50:56,web,installment,1069,60,615,approved,2025-10-01 01:50:56,1069,60
4909,4342,2024-04-01 20:36:33,app,installment,2512,180,573,approved,2024-04-02 20:36:33,2512,180
4910,2041,2024-04-06 22:59:59,app,short_term,4205,14,525,rejected,,0,0
4911,3146,2024-10-27 08:22:40,web,short_term,1570,30,594,rejected,,0,0
4912,507,2025-02-07 17:28:03,app,installment,1910,120,543,rejected,,0,0
4913,2341,2024-02-22 09:28:02,app,installment,829,60,612,approved,2024-02-24 09:28:02,829,60
4914,1989,2025-02-23 09:34:47,app,short_term,3577,30,588,rejected,,0,0
4915,3791,2025-01-26 05:42:54,web,short_term,4929,7,568,rejected,,0,0
4916,3401,2024-12-06 12:42:25,app,installment,3560,180,644,approved,2024-12-06 12:42:25,2878,180
4917,4975,2024-02-08 20:55:51,web,short_term,3625,14,585,rejected,,0,0
4918,587,2025-10-18 06:34:01,app,short_term,1471,30,593,rejected,,0,0
4919,1370,2025-04-02 12:52:46,app,short_term,2028,7,583,rejected,,0,0
4920,2187,2024-07-07 19:42:58,app,short_term,785,21,616,approved,2024-07-08 19:42:58,785,21
4921,634,2025-02-22 03:51:31,app,short_term,4657,21,593,approved,2025-02-23 03:51:31,4657,21
4922,3792,2024-02-27 11:30:03,app,installment,1781,60,548,rejected,,0,0
4923,1449,2025-07-26 14:32:09,app,short_term,652,14,592,rejected,,0,0
4924,737,2025-08-15 17:45:01,partner,installment,630,180,620,rejected,,0,0
4925,2344,2025-06-28 15:04:04,app,short_term,1493,14,561,rejected,,0,0
4926,4382,2025-02-08 12:01:27,app,short_term,586,7,567,rejected,,0,0
4927,4315,2025-10-14 13:45:09,partner,installment,4304,120,670,approved,2025-10-15 13:45:09,4304,120
4928,4249,2024-11-23 12:35:51,app,short_term,3607,30,547,rejected,,0,0
4929,3540,2025-10-31 09:36:45,app,installment,4138,60,596,rejected,,0,0
4930,4179,2024-10-09 21:38:29,web,short_term,1119,30,546,rejected,,0,0
4931,3173,2025-11-18 07:17:12,app,installment,1093,90,613,approved,2025-11-20 07:17:12,1093,90
4932,4591,2024-02-17 13:54:09,web,short_term,4984,30,613,approved,2024-02-19 13:54:09,2402,30
4933,3327,2025-07-05 09:17:21,app,installment,3390,60,615,approved,2025-07-05 09:17:21,3390,60
4934,4166,2025-12-19 04:00:56,web,short_term,1790,30,567,rejected,,0,0
4935,4189,2024-12-21 19:18:39,app,short_term,571,7,625,approved,2024-12-22 19:18:39,571,7
4936,2859,2025-11-06 09:32:31,web,installment,1141,90,630,approved,2025-11-06 09:32:31,1141,90
4937,1989,2025-06-21 16:06:43,partner,short_term,1140,7,584,rejected,,0,0
4938,782,2025-09-23 23:36:31,app,installment,4134,120,573,rejected,,0,0
4939,234,2024-05-23 04:46:29,app,installment,2570,120,604,rejected,,0,0
4940,4680,2025-09-17 20:32:09,app,short_term,839,14,571,approved,2025-09-19 20:32:09,839,14
4941,1885,2024-09-20 02:38:14,app,short_term,1210,30,517,rejected,,0,0
4942,305,2024-01-23 04:19:23,web,installment,1599,60,605,rejected,,0,0
4943,3242,2025-02-01 08:03:54,app,short_term,1401,30,541,approved,2025-02-03 08:03:54,1401,30
4944,1801,2025-12-15 17:45:48,app,installment,2429,90,583,approved,2025-12-15 17:45:48,2429,90
4945,1148,2024-10-28 07:29:11,app,short_term,2390,30,641,rejected,,0,0
4946,4701,2025-02-10 07:27:22,app,short_term,3272,14,604,rejected,,0,0
4947,1517,2024-03-09 00:54:18,app,short_term,1083,30,593,approved,2024-03-11 00:54:18,1083,30
4948,4131,2024-04-24 09:51:01,app,short_term,4642,21,529,rejected,,0,0
4949,3233,2024-11-22 06:47:54,app,installment,1196,120,544,rejected,,0,0
4950,2410,2024-12-23 15:59:26,app,short_term,2786,14,620,rejected,,0,0
4951,2747,2024-11-06 14:15:20,web,installment,3559,60,616,rejected,,0,0
4952,1017,2024-09-07 09:00:18,app,installment,1228,90,603,rejected,,0,0
4953,4361,2025-02-26 12:12:49,app,installment,2722,90,594,rejected,,0,0
4954,3611,2024-08-26 22:34:53,app,installment,4230,90,597,approved,2024-08-27 22:34:53,4230,90
4955,2913,2024-07-28 13:51:45,partner,short_term,2254,7,558,rejected,,0,0
4956,4493,2024-08-21 10:16:28,app,short_term,3600,21,638,approved,2024-08-22 10:16:28,3600,21
4957,3797,2025-11-26 10:53:48,app,short_term,3642,14,550,rejected,,0,0
4958,1835,2024-04-04 19:14:09,app,short_term,961,21,627,approved,2024-04-04 19:14:09,961,21
4959,4863,2024-08-20 11:06:53,partner,short_term,1400,14,604,approved,2024-08-20 11:06:53,1400,14
4960,3713,2024-07-11 21:11:44,app,short_term,759,7,588,approved,2024-07-11 21:11:44,759,7
4961,1162,2024-02-18 23:10:53,app,short_term,2339,14,609,approved,2024-02-19 23:10:53,2339,14
4962,86,2024-03-29 04:19:00,app,installment,1475,60,576,rejected,,0,0
4963,3645,2025-03-27 11:14:56,app,installment,2684,60,558,approved,2025-03-28 11:14:56,2684,60
4964,2138,2024-05-01 15:43:01,app,installment,1373,60,629,approved,2024-05-02 15:43:01,1373,60
4965,3372,2024-01-26 14:15:49,app,installment,1317,120,580,approved,2024-01-28 14:15:49,1317,120
4966,2995,2024-09-03 08:36:53,app,installment,3232,180,479,rejected,,0,0
4967,4396,2025-07-19 09:38:18,app,short_term,1267,7,673,approved,2025-07-19 09:38:18,1267,7
4968,1621,2024-04-14 02:34:36,app,installment,3602,120,666,approved,2024-04-16 02:34:36,3602,120
4969,1177,2025-07-18 01:01:14,app,installment,3112,90,592,rejected,,0,0
4970,1837,2025-11-03 01:28:52,app,installment,2924,180,608,rejected,,0,0
4971,2631,2024-07-10 14:57:23,app,installment,3630,90,563,rejected,,0,0
4972,2565,2025-02-20 23:51:57,app,installment,739,180,559,rejected,,0,0
4973,2065,2024-10-16 21:27:06,app,short_term,2765,14,555,rejected,,0,0
4974,4170,2025-07-09 04:58:51,app,short_term,4626,30,619,rejected,,0,0
4975,3574,2025-01-26 11:17:58,partner,installment,2055,180,578,rejected,,0,0
4976,4304,2024-01-29 13:11:51,app,short_term,3246,30,606,rejected,,0,0
4977,4205,2024-12-27 11:08:37,app,short_term,1229,7,584,approved,2024-12-29 11:08:37,1229,7
4978,1532,2025-10-10 20:16:42,app,installment,2377,90,553,rejected,,0,0
4979,138,2025-01-06 21:18:58,app,short_term,3534,7,586,approved,2025-01-08 21:18:58,3534,7
4980,2837,2025-03-01 03:36:58,app,installment,2651,120,528,rejected,,0,0
4981,3593,2024-10-13 03:15:45,app,short_term,919,7,612,approved,2024-10-14 03:15:45,919,7
4982,4899,2025-07-08 15:19:09,app,short_term,3200,7,571,rejected,,0,0
4983,2424,2024-04-13 23:29:19,app,short_term,4381,21,574,approved,2024-04-14 23:29:19,4381,21
4984,3851,2024-06-20 17:17:17,web,short_term,754,21,598,rejected,,0,0
4985,3856,2024-04-25 11:14:25,app,installment,3780,120,522,rejected,,0,0
4986,406,2025-02-16 09:07:38,partner,installment,4723,60,580,approved,2025-02-17 09:07:38,3842,60
4987,2378,2024-11-25 08:53:34,app,installment,2881,180,571,rejected,,0,0
4988,686,2025-07-14 04:21:42,app,short_term,4769,30,570,rejected,,0,0
4989,4498,2025-04-22 00:04:48,app,short_term,1817,14,617,rejected,,0,0
4990,3345,2024-11-26 17:44:13,app,short_term,1945,14,605,approved,2024-11-28 17:44:13,1945,14
4991,2608,2025-03-16 16:32:08,app,installment,1456,60,610,approved,2025-03-16 16:32:08,1456,60
4992,116,2024-11-11 15:03:15,partner,installment,3413,90,535,rejected,,0,0
4993,2330,2024-05-20 10:26:15,app,installment,2129,60,581,rejected,,0,0
4994,2621,2024-11-02 23:00:24,app,short_term,1307,14,572,rejected,,0,0
4995,1919,2025-11-19 21:07:50,web,installment,2757,120,600,rejected,,0,0
4996,3138,2024-02-08 06:46:46,app,installment,971,180,549,rejected,,0,0
4997,1597,2024-04-02 20:34:32,app,short_term,3177,21,589,approved,2024-04-02 20:34:32,3177,21
4998,874,2024-03-24 18:19:04,web,short_term,4636,7,632,rejected,,0,0
4999,4519,2025-06-15 03:27:57,app,installment,2328,180,636,approved,2025-06-15 03:27:57,2328,180
5000,4986,2025-08-26 07:05:36,app,short_term,4307,14,586,approved,2025-08-26 07:05:36,4307,14
5001,4011,2025-04-08 01:29:10,partner,short_term,2874,21,595,rejected,,0,0
5002,4636,2024-03-16 14:37:15,app,short_term,2875,30,633,approved,2024-03-18 14:37:15,2875,30
5003,2406,2025-10-18 14:34:43,app,short_term,4544,21,580,rejected,,0,0
5004,2514,2025-05-22 07:42:28,partner,installment,3507,180,546,rejected,,0,0
5005,904,2025-12-18 05:59:41,web,installment,839,90,601,rejected,,0,0
5006,4159,2025-02-04 12:21:11,partner,short_term,3432,14,630,approved,2025-02-04 12:21:11,3432,14
5007,4273,2024-01-23 05:00:33,app,installment,4830,90,662,approved,2024-01-24 05:00:33,4830,90
5008,3321,2024-12-04 01:12:15,web,installment,2839,180,594,rejected,,0,0
5009,1310,2024-10-23 18:15:41,web,installment,2132,60,609,approved,2024-10-25 18:15:41,2132,60
5010,1723,2025-11-07 03:11:57,web,installment,4007,60,552,rejected,,0,0
5011,3598,2024-02-25 03:09:49,app,installment,1834,60,585,approved,2024-02-26 03:09:49,1834,60
5012,1070,2025-03-18 00:19:10,app,installment,1176,120,588,approved,2025-03-20 00:19:10,1176,120
5013,3899,2025-07-22 07:43:50,app,short_term,2363,30,549,rejected,,0,0
5014,342,2024-02-07 17:04:21,app,installment,2704,90,588,rejected,,0,0
5015,345,2025-01-29 12:25:19,web,installment,4941,60,601,approved,2025-01-31 12:25:19,4941,60
5016,3304,2025-09-05 02:45:07,web,short_term,2653,21,587,rejected,,0,0
5017,4092,2024-12-01 12:53:26,app,installment,4730,60,636,approved,2024-12-02 12:53:26,3716,60
5018,3147,2025-07-21 08:19:41,app,short_term,1587,7,557,rejected,,0,0
5019,584,2024-08-10 23:40:57,app,short_term,4212,21,549,rejected,,0,0
5020,4179,2025-07-27 16:54:08,app,short_term,3474,14,553,rejected,,0,0
5021,4399,2025-02-03 15:24:24,app,installment,514,180,599,rejected,,0,0
5022,2511,2024-09-08 01:29:30,app,short_term,3063,7,605,approved,2024-09-09 01:29:30,3063,7
5023,998,2024-02-02 04:32:39,app,installment,2627,90,570,rejected,,0,0
5024,2504,2024-08-28 00:22:20,app,short_term,3799,14,623,rejected,,0,0
5025,4285,2025-03-01 22:03:01,app,short_term,2511,21,588,approved,2025-03-02 22:03:01,2511,21
5026,3884,2024-12-14 13:44:11,app,installment,1334,120,594,approved,2024-12-16 13:44:11,1334,120
5027,306,2024-04-04 20:26:07,app,installment,2660,180,545,approved,2024-04-05 20:26:07,2660,180
5028,1132,2025-04-08 22:06:41,app,installment,962,180,610,approved,2025-04-09 22:06:41,962,180
5029,4705,2025-06-23 18:38:40,app,short_term,4493,30,614,approved,2025-06-24 18:38:40,4493,30
5030,4577,2024-06-04 12:36:32,web,installment,3440,60,613,approved,2024-06-06 12:36:32,3440,60
5031,2127,2025-11-01 20:06:38,web,installment,3627,90,637,rejected,,0,0
5032,1017,2025-10-19 14:09:53,app,installment,3002,60,623,approved,2025-10-21 14:09:53,3002,60
5033,2220,2024-03-17 07:23:40,app,short_term,1360,21,652,rejected,,0,0
5034,4248,2024-08-24 02:48:34,app,short_term,504,7,605,rejected,,0,0
5035,2178,2024-05-24 11:14:41,web,short_term,1296,30,580,rejected,,0,0
5036,3783,2024-12-01 10:29:50,app,installment,1353,180,636,approved,2024-12-03 10:29:50,1353,180
5037,4048,2024-12-18 08:32:12,app,short_term,1585,14,623,approved,2024-12-18 08:32:12,1585,14
5038,738,2025-04-03 18:54:24,web,installment,4402,60,605,approved,2025-04-04 18:54:24,4402,60
5039,4089,2024-06-30 09:49:55,web,installment,1536,90,650,approved,2024-06-30 09:49:55,1536,90
5040,3615,2025-08-27 06:08:05,web,installment,1036,60,612,approved,2025-08-28 06:08:05,1036,60
5041,824,2024-05-21 23:53:01,partner,short_term,1127,21,476,rejected,,0,0
5042,359,2025-04-26 01:46:58,web,short_term,3396,21,467,rejected,,0,0
5043,1820,2024-02-26 20:27:33,app,installment,650,120,430,rejected,,0,0
5044,3061,2025-03-20 14:53:06,partner,installment,3495,120,653,approved,2025-03-21 14:53:06,3495,120
5045,4160,2024-12-26 11:55:53,app,short_term,3200,7,580,approved,2024-12-27 11:55:53,3200,7
5046,2247,2025-03-11 17:40:04,app,short_term,2273,21,560,approved,2025-03-11 17:40:04,2273,21
5047,1731,2024-02-07 08:25:13,app,short_term,2342,7,591,rejected,,0,0
5048,4100,2024-11-29 13:36:05,app,installment,511,120,579,rejected,,0,0
5049,460,2025-11-08 00:00:46,app,installment,593,60,558,rejected,,0,0
5050,4512,2025-05-27 18:47:34,partner,installment,3248,90,474,rejected,,0,0
5051,1354,2025-01-28 12:00:02,app,short_term,2890,30,665,approved,2025-01-29 12:00:02,2890,30
5052,1848,2025-12-07 08:14:29,web,short_term,2882,21,584,rejected,,0,0
5053,3914,2024-07-11 18:16:22,app,installment,4286,180,521,rejected,,0,0
5054,4710,2024-10-28 01:48:43,app,installment,2578,90,642,approved,2024-10-29 01:48:43,2578,90
5055,2801,2025-01-14 20:56:34,app,short_term,1915,30,584,rejected,,0,0
5056,4240,2025-01-05 13:13:44,app,short_term,2068,14,576,approved,2025-01-06 13:13:44,2068,14
5057,1295,2024-09-26 06:07:43,app,short_term,4404,7,582,approved,2024-09-27 06:07:43,4404,7
5058,3909,2025-07-05 05:14:14,app,installment,4374,90,561,rejected,,0,0
5059,1960,2024-02-15 14:24:05,app,installment,2180,90,573,rejected,,0,0
5060,594,2025-06-28 15:55:25,app,installment,4260,60,580,approved,2025-06-28 15:55:25,4260,60
5061,937,2024-02-07 10:41:14,app,short_term,3433,14,563,approved,2024-02-07 10:41:14,3433,14
5062,2280,2025-10-14 02:14:44,app,installment,2523,120,593,approved,2025-10-15 02:14:44,2523,120
5063,4564,2024-07-06 06:00:58,web,installment,1890,120,590,rejected,,0,0
5064,4023,2024-02-11 20:16:50,app,installment,3283,90,576,rejected,,0,0
5065,756,2024-10-14 18:02:52,web,short_term,2398,7,547,rejected,,0,0
5066,2141,2024-12-31 01:34:14,web,short_term,1626,7,585,rejected,,0,0
5067,4720,2025-11-04 23:01:29,app,short_term,1576,21,616,approved,2025-11-05 23:01:29,1576,21
5068,4277,2024-01-31 23:55:43,app,short_term,3143,14,620,approved,2024-02-01 23:55:43,3143,14
5069,3340,2025-05-23 00:22:40,app,short_term,1779,21,591,rejected,,0,0
5070,4525,2025-02-10 13:44:03,app,installment,1019,60,575,approved,2025-02-12 13:44:03,1019,60
5071,1151,2024-06-10 11:40:31,app,short_term,2113,14,546,rejected,,0,0
5072,3060,2024-03-30 00:33:46,web,short_term,2740,21,522,rejected,,0,0
5073,2889,2025-09-06 14:36:37,app,short_term,3792,7,598,approved,2025-09-07 14:36:37,2493,7
5074,184,2024-06-08 23:02:30,app,short_term,4826,14,576,rejected,,0,0
5075,1294,2025-12-12 23:57:30,app,short_term,4467,30,610,rejected,,0,0
5076,2327,2024-11-28 16:17:05,app,installment,896,60,606,rejected,,0,0
5077,2708,2025-03-02 16:21:55,app,short_term,949,14,508,rejected,,0,0
5078,1275,2024-10-28 09:59:26,app,installment,2535,90,633,approved,2024-10-29 09:59:26,2535,90
5079,4663,2024-05-20 22:12:45,app,short_term,778,21,601,rejected,,0,0
5080,2634,2025-03-16 15:22:49,web,installment,2637,120,553,rejected,,0,0
5081,636,2024-10-03 14:21:08,partner,installment,4596,90,624,approved,2024-10-04 14:21:08,4596,90
5082,2510,2025-06-18 10:02:14,app,short_term,3288,21,607,rejected,,0,0
5083,1894,2025-02-14 07:05:14,app,short_term,3370,30,632,approved,2025-02-14 07:05:14,3370,30
5084,3945,2025-10-07 10:27:19,web,short_term,1323,14,565,rejected,,0,0
5085,124,2025-02-20 20:20:21,app,installment,2418,90,624,approved,2025-02-20 20:20:21,2418,90
5086,241,2025-12-02 17:03:24,partner,short_term,4173,14,629,approved,2025-12-03 17:03:24,4014,14
5087,746,2025-01-26 20:24:07,app,short_term,1012,14,590,rejected,,0,0
5088,59,2025-03-18 09:44:31,app,short_term,2124,30,601,rejected,,0,0
5089,874,2025-06-12 07:00:36,app,installment,4565,120,624,approved,2025-06-12 07:00:36,4482,120
5090,3812,2025-12-09 21:25:28,app,installment,3232,90,589,approved,2025-12-10 21:25:28,3232,90
5091,4137,2024-04-14 23:21:12,app,installment,1397,120,642,approved,2024-04-16 23:21:12,1397,120
5092,4541,2024-03-30 08:19:55,app,short_term,3924,21,659,rejected,,0,0
5093,3139,2024-11-13 09:53:14,partner,short_term,3249,7,562,rejected,,0,0
5094,1131,2025-01-18 16:44:52,app,short_term,2230,7,610,approved,2025-01-19 16:44:52,2230,7
5095,4806,2025-09-04 11:17:47,app,short_term,1209,30,634,rejected,,0,0
5096,1721,2024-07-18 08:12:00,app,installment,3513,90,613,rejected,,0,0
5097,4478,2024-05-12 01:01:23,app,short_term,4647,7,637,rejected,,0,0
5098,3833,2025-08-20 18:19:13,app,short_term,2061,30,615,rejected,,0,0
5099,3618,2025-11-21 12:36:03,app,installment,2095,90,682,approved,2025-11-23 12:36:03,2095,90
5100,2542,2024-08-28 03:36:50,app,short_term,4547,21,595,rejected,,0,0
5101,1386,2024-10-14 01:56:14,web,installment,3604,90,636,rejected,,0,0
5102,3048,2024-06-27 07:28:23,app,short_term,548,21,632,rejected,,0,0
5103,764,2024-11-14 15:40:08,app,installment,2503,180,649,rejected,,0,0
5104,143,2024-03-03 23:31:29,partner,short_term,2108,21,567,rejected,,0,0
5105,4179,2025-04-12 03:35:46,app,short_term,772,21,526,approved,2025-04-14 03:35:46,772,21
5106,4371,2024-12-11 23:12:47,app,installment,3709,180,671,approved,2024-12-12 23:12:47,3709,180
5107,4131,2025-09-10 01:23:00,web,short_term,3058,21,564,rejected,,0,0
5108,795,2025-11-09 14:07:29,partner,short_term,4568,14,616,approved,2025-11-09 14:07:29,3596,14
5109,68,2025-08-11 05:20:56,app,short_term,2595,30,611,rejected,,0,0
5110,3684,2024-09-26 20:06:47,web,short_term,4967,21,636,rejected,,0,0
5111,3570,2025-09-24 04:49:13,app,installment,1841,90,547,rejected,,0,0
5112,326,2025-12-17 06:10:55,app,short_term,1168,21,602,approved,2025-12-18 06:10:55,1168,21
5113,1793,2024-12-23 22:32:40,app,installment,3059,60,586,rejected,,0,0
5114,4977,2024-09-22 15:17:07,app,installment,2353,60,604,approved,2024-09-24 15:17:07,2353,60
5115,339,2025-05-14 12:15:31,app,short_term,3172,14,572,rejected,,0,0
5116,4516,2024-08-07 02:34:05,web,short_term,571,7,578,approved,2024-08-07 02:34:05,571,7
5117,1700,2025-09-12 11:50:29,app,short_term,2622,30,525,rejected,,0,0
5118,4464,2025-07-13 06:59:33,app,installment,3753,120,582,approved,2025-07-13 06:59:33,3753,120
5119,1472,2025-09-21 04:48:48,app,short_term,2506,7,476,rejected,,0,0
5120,138,2024-09-08 07:13:00,web,installment,3085,60,582,approved,2024-09-08 07:13:00,3085,60
5121,2697,2024-04-01 05:13:32,app,installment,952,90,567,rejected,,0,0
5122,1272,2025-11-28 08:28:52,partner,installment,831,120,579,approved,2025-11-30 08:28:52,831,120
5123,2331,2024-06-19 14:25:43,app,short_term,2630,14,528,rejected,,0,0
5124,4941,2025-05-12 14:21:03,app,short_term,3592,7,594,rejected,,0,0
5125,3740,2025-09-08 17:15:18,web,short_term,2789,7,562,rejected,,0,0
5126,3143,2024-06-05 01:32:28,app,short_term,1774,14,555,approved,2024-06-05 01:32:28,1774,14
5127,4924,2025-11-01 20:58:54,app,installment,2414,120,635,approved,2025-11-03 20:58:54,2414,120
5128,702,2025-03-25 02:02:29,web,short_term,1552,7,589,rejected,,0,0
5129,2333,2025-10-26 17:38:53,app,installment,4686,120,514,rejected,,0,0
5130,2784,2025-07-24 05:27:59,web,short_term,673,21,547,approved,2025-07-25 05:27:59,673,21
5131,4092,2024-03-07 12:43:22,app,short_term,4774,7,622,approved,2024-03-09 12:43:22,3716,7
5132,4645,2024-08-07 02:06:24,web,installment,4812,180,605,rejected,,0,0
5133,3345,2025-04-01 09:18:43,app,installment,3413,120,575,rejected,,0,0
5134,4635,2025-02-05 14:53:46,app,short_term,3440,30,543,approved,2025-02-05 14:53:46,3440,30
5135,2682,2025-04-16 07:59:51,web,short_term,1401,14,624,rejected,,0,0
5136,1061,2025-11-03 02:59:12,web,short_term,3176,14,601,rejected,,0,0
5137,2290,2025-05-27 12:18:34,app,installment,4975,120,589,rejected,,0,0
5138,2072,2024-11-24 22:18:11,web,short_term,1349,14,533,rejected,,0,0
5139,3075,2024-08-08 20:51:39,app,installment,4332,90,652,approved,2024-08-10 20:51:39,4332,90
5140,1507,2024-06-30 12:53:31,web,installment,1931,60,604,approved,2024-07-02 12:53:31,1931,60
5141,1354,2025-09-22 13:51:49,app,short_term,4136,30,611,approved,2025-09-22 13:51:49,4136,30
5142,267,2025-09-12 01:14:21,app,installment,2414,120,602,approved,2025-09-13 01:14:21,2414,120
5143,3869,2024-09-15 01:17:23,app,installment,4761,90,607,rejected,,0,0
5144,4707,2024-11-21 09:32:29,app,short_term,1311,14,571,rejected,,0,0
5145,1022,2024-07-15 08:38:21,partner,installment,3121,90,543,rejected,,0,0
5146,3411,2024-07-31 11:29:38,web,installment,3041,120,568,rejected,,0,0
5147,4851,2025-07-28 22:32:47,app,short_term,722,30,567,rejected,,0,0
5148,3634,2024-02-26 02:18:32,app,short_term,3832,7,585,approved,2024-02-26 02:18:32,3832,7
5149,2541,2025-04-12 21:40:01,app,installment,2074,60,642,approved,2025-04-14 21:40:01,2074,60
5150,608,2024-04-01 11:10:17,web,short_term,3403,7,523,approved,2024-04-02 11:10:17,3403,7
5151,271,2024-11-04 08:57:55,app,short_term,1942,30,629,rejected,,0,0
5152,1534,2024-08-02 06:26:15,app,short_term,3301,30,595,rejected,,0,0
5153,2785,2025-03-11 18:48:08,app,short_term,1166,21,637,approved,2025-03-13 18:48:08,1166,21
5154,2730,2024-06-13 11:36:37,app,installment,3823,180,603,rejected,,0,0
5155,1355,2025-05-26 03:18:46,partner,installment,3521,90,538,rejected,,0,0
5156,1950,2024-03-21 19:08:01,app,short_term,4151,14,581,rejected,,0,0
5157,4388,2024-05-29 05:58:30,app,installment,2472,60,593,rejected,,0,0
5158,4710,2025-10-26 02:57:54,app,installment,4917,120,626,rejected,,0,0
5159,1045,2024-06-24 07:50:41,app,short_term,4425,21,660,approved,2024-06-24 07:50:41,4425,21
5160,3867,2024-09-19 08:17:38,web,installment,4153,180,531,rejected,,0,0
5161,3287,2025-10-28 07:23:57,web,installment,2974,60,647,rejected,,0,0
5162,1913,2024-04-10 22:40:56,app,short_term,4603,30,616,approved,2024-04-11 22:40:56,4603,30
5163,4496,2024-08-06 11:14:40,app,short_term,2249,21,531,rejected,,0,0
5164,4024,2025-10-05 11:07:34,app,short_term,4446,14,584,rejected,,0,0
5165,3405,2025-12-05 09:32:15,app,installment,3600,180,601,rejected,,0,0
5166,3172,2025-03-18 11:41:53,web,installment,3050,90,472,rejected,,0,0
5167,3189,2025-01-11 00:52:46,app,short_term,3111,30,558,rejected,,0,0
5168,4683,2025-10-15 13:41:32,app,installment,4534,120,590,rejected,,0,0
5169,1759,2025-04-23 02:59:51,app,short_term,2745,30,549,rejected,,0,0
5170,2175,2024-09-03 17:31:04,app,short_term,4861,14,593,rejected,,0,0
5171,4827,2025-12-20 04:18:14,app,installment,1163,90,579,rejected,,0,0
5172,3260,2025-03-17 01:42:57,app,short_term,955,21,630,approved,2025-03-18 01:42:57,955,21
5173,4254,2025-07-25 10:07:13,app,installment,2743,120,564,rejected,,0,0
5174,4608,2024-02-29 01:21:08,web,short_term,4136,14,460,rejected,,0,0
5175,3142,2025-11-28 15:22:27,app,installment,2414,120,638,approved,2025-11-29 15:22:27,2414,120
5176,4436,2025-02-01 14:40:52,app,installment,1993,60,641,approved,2025-02-01 14:40:52,1993,60
5177,4706,2025-04-23 00:38:58,app,short_term,3303,30,589,approved,2025-04-23 00:38:58,3303,30
5178,3408,2024-05-18 15:58:43,app,installment,4181,90,584,approved,2024-05-20 15:58:43,4181,90
5179,752,2024-10-25 13:53:56,app,installment,3736,60,622,rejected,,0,0
5180,4629,2024-05-11 20:03:48,partner,installment,1328,120,621,approved,2024-05-12 20:03:48,1328,120
5181,509,2024-12-18 05:06:32,partner,installment,1979,60,579,approved,2024-12-18 05:06:32,1979,60
5182,3175,2024-05-03 21:14:27,partner,installment,2892,120,554,rejected,,0,0
5183,513,2025-03-29 01:02:33,app,installment,1619,60,618,approved,2025-03-29 01:02:33,1619,60
5184,1012,2024-04-30 02:14:00,web,installment,4829,90,578,approved,2024-05-02 02:14:00,4761,90
5185,2003,2025-10-24 21:00:56,app,short_term,1187,21,557,approved,2025-10-26 21:00:56,1187,21
5186,365,2024-03-19 09:45:45,app,short_term,3453,30,561,approved,2024-03-21 09:45:45,3453,30
5187,4799,2024-07-22 21:07:06,app,short_term,3068,14,600,approved,2024-07-24 21:07:06,3068,14
5188,552,2024-06-13 01:41:39,app,installment,2047,120,481,rejected,,0,0
5189,2071,2024-11-02 02:35:45,app,installment,1148,180,585,rejected,,0,0
5190,915,2024-02-19 10:54:19,app,short_term,3664,21,588,rejected,,0,0
5191,1957,2025-05-07 08:40:33,app,installment,1868,180,626,rejected,,0,0
5192,3395,2024-10-29 05:46:38,app,short_term,2323,30,575,rejected,,0,0
5193,586,2024-03-23 19:59:24,app,short_term,3608,7,619,approved,2024-03-24 19:59:24,3608,7
5194,1187,2024-07-18 02:13:08,partner,installment,1241,120,609,approved,2024-07-19 02:13:08,1241,120
5195,3722,2025-02-19 00:31:35,partner,installment,3017,60,570,rejected,,0,0
5196,257,2024-11-03 11:44:22,app,installment,4807,120,608,approved,2024-11-05 11:44:22,4807,120
5197,236,2024-11-09 10:23:00,web,short_term,1625,21,561,approved,2024-11-10 10:23:00,1625,21
5198,479,2024-07-16 22:49:01,app,short_term,867,21,606,rejected,,0,0
5199,700,2024-01-28 19:57:25,web,short_term,2881,14,564,rejected,,0,0
5200,3000,2024-02-18 18:51:23,app,short_term,813,7,598,rejected,,0,0
5201,4872,2025-05-23 17:17:31,app,short_term,4760,21,616,approved,2025-05-24 17:17:31,4760,21
5202,2769,2025-03-12 21:47:01,app,short_term,4470,30,592,approved,2025-03-14 21:47:01,4470,30
5203,247,2024-12-30 17:59:49,web,short_term,833,7,618,rejected,,0,0
5204,1720,2025-03-07 15:30:30,app,installment,4907,120,502,rejected,,0,0
5205,3263,2025-12-13 03:06:30,app,installment,859,180,469,rejected,,0,0
5206,4418,2024-10-20 09:02:35,app,short_term,1655,14,595,rejected,,0,0
5207,1962,2024-07-12 12:37:28,app,short_term,1915,14,577,rejected,,0,0
5208,1940,2025-11-10 19:57:45,app,installment,1292,60,606,approved,2025-11-12 19:57:45,1292,60
5209,3061,2024-10-08 06:11:21,web,short_term,1070,30,594,approved,2024-10-09 06:11:21,1070,30
5210,4219,2025-03-27 16:31:46,app,installment,3863,180,445,rejected,,0,0
5211,3068,2025-05-11 01:45:04,app,short_term,808,7,560,rejected,,0,0
5212,4821,2025-07-13 05:12:18,partner,short_term,3583,21,574,rejected,,0,0
5213,4423,2024-11-03 22:56:02,app,installment,2112,60,573,approved,2024-11-04 22:56:02,2112,60
5214,3950,2025-09-11 21:21:24,app,short_term,4472,30,611,rejected,,0,0
5215,2672,2025-05-10 22:31:37,web,short_term,4811,14,606,approved,2025-05-10 22:31:37,4811,14
5216,4832,2025-09-07 17:31:48,app,installment,4793,90,508,rejected,,0,0
5217,559,2024-10-22 02:04:44,app,short_term,1490,21,575,rejected,,0,0
5218,2851,2024-11-09 11:14:55,app,short_term,2308,21,555,rejected,,0,0
5219,4286,2025-05-09 15:27:08,app,installment,3056,60,622,rejected,,0,0
5220,4509,2024-09-06 21:53:37,web,short_term,2051,21,585,approved,2024-09-07 21:53:37,2051,21
5221,898,2024-06-27 13:25:57,web,short_term,3444,14,600,approved,2024-06-28 13:25:57,3444,14
5222,550,2024-09-08 20:13:57,app,installment,1108,180,619,approved,2024-09-10 20:13:57,1108,180
5223,3980,2025-01-29 09:31:00,web,short_term,2450,14,614,rejected,,0,0
5224,2033,2025-10-07 19:05:25,app,short_term,3317,21,564,rejected,,0,0
5225,1355,2024-05-14 13:40:08,partner,short_term,3908,7,543,rejected,,0,0
5226,3647,2024-03-06 01:02:12,app,installment,533,90,637,approved,2024-03-07 01:02:12,533,90
5227,1954,2024-01-29 13:50:56,web,installment,4329,120,603,rejected,,0,0
5228,3450,2025-06-08 05:58:06,app,installment,4893,180,627,approved,2025-06-09 05:58:06,4893,180
5229,2286,2025-01-05 08:47:19,partner,short_term,2781,14,585,approved,2025-01-05 08:47:19,2781,14
5230,1146,2025-05-30 05:01:34,app,short_term,3469,14,552,rejected,,0,0
5231,3837,2025-09-20 06:53:17,partner,short_term,4934,30,595,rejected,,0,0
5232,4532,2024-05-06 01:18:23,app,installment,737,60,519,rejected,,0,0
5233,1484,2025-02-02 23:34:45,partner,short_term,3368,21,588,rejected,,0,0
5234,1541,2024-08-09 20:55:52,app,installment,973,120,605,rejected,,0,0
5235,3981,2025-06-16 20:38:22,web,short_term,971,14,515,rejected,,0,0
5236,1226,2024-11-03 00:06:54,app,installment,789,180,523,rejected,,0,0
5237,4446,2025-04-22 09:29:08,app,short_term,1965,14,591,approved,2025-04-22 09:29:08,1965,14
5238,4472,2025-04-20 08:39:10,app,short_term,1347,14,606,approved,2025-04-22 08:39:10,1347,14
5239,4687,2024-02-04 03:24:34,partner,short_term,3152,30,569,approved,2024-02-06 03:24:34,3152,30
5240,4672,2025-07-29 06:59:24,app,installment,2504,180,593,rejected,,0,0
5241,4190,2025-03-01 14:36:25,app,installment,844,90,564,rejected,,0,0
5242,1268,2024-08-03 01:24:09,app,short_term,1346,7,572,approved,2024-08-03 01:24:09,1346,7
5243,236,2024-03-29 23:32:22,app,installment,4081,180,550,approved,2024-03-30 23:32:22,3324,180
5244,3447,2024-03-04 18:28:35,app,short_term,1118,30,622,rejected,,0,0
5245,2356,2024-02-06 10:20:55,app,installment,4948,180,621,rejected,,0,0
5246,3513,2025-08-20 14:17:31,app,installment,2566,180,605,rejected,,0,0
5247,756,2024-05-15 06:59:47,app,short_term,1044,30,551,rejected,,0,0
5248,1110,2024-11-14 12:50:45,app,short_term,2352,14,624,approved,2024-11-16 12:50:45,2352,14
5249,2175,2025-06-18 07:18:52,app,installment,1830,90,570,rejected,,0,0
5250,2549,2024-03-20 02:55:36,app,short_term,2737,7,657,approved,2024-03-22 02:55:36,2737,7
5251,4434,2025-09-16 22:52:16,app,short_term,3367,21,544,approved,2025-09-17 22:52:16,3367,21
5252,4805,2024-07-30 14:45:56,app,short_term,2333,7,635,approved,2024-08-01 14:45:56,2333,7
5253,4676,2025-04-22 01:25:00,app,installment,2326,90,566,rejected,,0,0
5254,1294,2024-09-24 04:34:44,app,installment,3211,120,617,approved,2024-09-24 04:34:44,3211,120
5255,965,2025-01-22 08:53:49,app,short_term,624,7,518,rejected,,0,0
5256,3985,2024-04-08 00:47:12,web,short_term,1384,30,597,approved,2024-04-08 00:47:12,1384,30
5257,845,2024-09-15 14:37:25,app,short_term,3787,21,645,approved,2024-09-16 14:37:25,3787,21
5258,5000,2025-01-22 23:38:35,app,short_term,2837,30,513,rejected,,0,0
5259,4057,2024-12-12 13:49:09,app,short_term,3027,7,584,approved,2024-12-12 13:49:09,3027,7
5260,3980,2025-10-11 14:46:17,app,short_term,3712,14,588,rejected,,0,0
5261,3411,2025-12-07 23:11:05,app,installment,1193,90,631,approved,2025-12-09 23:11:05,1193,90
5262,1777,2024-03-23 04:00:22,partner,short_term,4259,14,543,rejected,,0,0
5263,3816,2025-07-08 03:22:05,app,short_term,3410,30,539,rejected,,0,0
5264,992,2025-02-21 15:20:21,web,short_term,3901,21,534,approved,2025-02-22 15:20:21,3440,21
5265,4097,2025-12-14 18:36:32,partner,short_term,3444,21,536,rejected,,0,0
5266,947,2024-04-30 12:19:19,web,installment,4146,90,499,rejected,,0,0
5267,463,2024-05-30 01:19:32,app,short_term,4803,21,502,rejected,,0,0
5268,4821,2024-08-01 11:06:18,app,installment,1483,90,544,rejected,,0,0
5269,3988,2025-01-16 06:33:43,web,installment,1036,120,594,rejected,,0,0
5270,4356,2025-08-04 06:59:33,app,short_term,4855,21,565,rejected,,0,0
5271,160,2024-07-19 20:31:38,partner,installment,2473,120,486,rejected,,0,0
5272,1240,2024-07-21 02:00:25,app,installment,1236,60,553,approved,2024-07-23 02:00:25,1236,60
5273,3148,2024-02-16 19:21:59,app,short_term,2180,14,554,rejected,,0,0
5274,2314,2025-08-13 02:07:21,app,installment,4475,180,621,approved,2025-08-14 02:07:21,4475,180
5275,865,2025-05-15 19:33:45,app,short_term,1040,21,549,approved,2025-05-16 19:33:45,1040,21
5276,3651,2024-11-30 17:02:57,app,short_term,727,30,641,approved,2024-11-30 17:02:57,727,30
5277,2153,2024-10-29 17:36:55,app,short_term,1008,7,569,rejected,,0,0
5278,4229,2024-04-04 10:13:56,web,installment,1569,90,556,rejected,,0,0
5279,2589,2025-04-23 13:57:55,partner,short_term,787,14,536,rejected,,0,0
5280,4564,2025-12-15 16:05:54,partner,short_term,3142,30,585,approved,2025-12-17 16:05:54,3142,30
5281,3261,2024-02-20 06:17:21,app,installment,1019,90,566,rejected,,0,0
5282,4347,2024-02-12 16:20:24,app,short_term,4057,30,568,rejected,,0,0
5283,4374,2024-07-02 11:24:07,app,short_term,2152,30,622,rejected,,0,0
5284,4254,2025-07-14 10:02:30,app,short_term,2738,30,588,rejected,,0,0
5285,3161,2025-09-16 10:43:02,app,short_term,1223,30,645,rejected,,0,0
5286,1566,2025-01-07 10:21:13,web,short_term,3748,30,586,approved,2025-01-07 10:21:13,3748,30
5287,3503,2024-06-05 08:20:12,app,short_term,3959,30,600,approved,2024-06-05 08:20:12,3959,30
5288,4911,2025-01-05 12:51:10,app,short_term,4514,14,617,approved,2025-01-05 12:51:10,3250,14
5289,3573,2024-09-14 21:29:58,app,short_term,981,7,568,approved,2024-09-15 21:29:58,981,7
5290,2145,2024-06-03 00:27:14,app,short_term,1994,7,559,rejected,,0,0
5291,844,2024-04-06 06:43:49,app,short_term,4231,14,686,approved,2024-04-06 06:43:49,4231,14
5292,3592,2025-10-19 07:42:38,app,short_term,3683,30,586,rejected,,0,0
5293,1596,2024-07-24 19:23:43,partner,installment,3308,180,516,rejected,,0,0
5294,631,2024-08-24 19:13:23,app,installment,2419,120,503,rejected,,0,0
5295,1802,2025-09-03 15:02:34,web,short_term,1053,7,562,approved,2025-09-04 15:02:34,1053,7
5296,95,2024-04-21 21:15:09,app,short_term,1397,30,617,rejected,,0,0
5297,838,2025-09-27 11:26:01,app,short_term,639,14,590,approved,2025-09-28 11:26:01,639,14
5298,777,2025-06-30 23:43:50,app,installment,1388,120,573,approved,2025-07-01 23:43:50,1388,120
5299,2093,2024-09-24 21:13:13,app,installment,2091,90,632,approved,2024-09-24 21:13:13,2091,90
5300,2449,2025-08-16 09:41:26,app,installment,2130,60,618,approved,2025-08-18 09:41:26,2130,60
5301,3167,2024-09-25 04:10:33,app,short_term,1145,30,663,rejected,,0,0
5302,282,2025-03-12 11:59:18,app,short_term,1728,30,640,rejected,,0,0
5303,495,2025-07-07 11:23:48,app,installment,3354,120,592,approved,2025-07-08 11:23:48,3354,120
5304,3448,2025-06-17 13:41:02,app,short_term,4327,30,539,rejected,,0,0
5305,3712,2025-07-06 12:41:12,web,short_term,3593,30,589,rejected,,0,0
5306,3070,2025-11-23 16:37:47,app,short_term,829,21,536,rejected,,0,0
5307,376,2024-06-04 15:54:45,web,installment,2678,120,555,approved,2024-06-06 15:54:45,2678,120
5308,2238,2025-04-23 14:15:47,app,installment,3021,120,612,rejected,,0,0
5309,967,2024-09-19 18:47:18,app,short_term,1897,14,608,rejected,,0,0
5310,1986,2024-05-13 00:44:25,app,installment,3405,90,596,rejected,,0,0
5311,3640,2025-09-22 15:15:48,web,short_term,1822,7,547,rejected,,0,0
5312,3215,2025-06-25 19:50:11,app,short_term,4043,7,581,rejected,,0,0
5313,1679,2024-04-05 05:56:37,web,short_term,3957,30,535,rejected,,0,0
5314,157,2025-09-30 00:26:15,app,short_term,2669,21,624,rejected,,0,0
5315,4353,2024-12-04 14:54:36,app,short_term,826,30,568,rejected,,0,0
5316,500,2024-08-14 07:05:12,app,short_term,2787,30,550,rejected,,0,0
5317,4308,2025-01-20 08:05:51,app,installment,1420,180,537,rejected,,0,0
5318,216,2024-08-28 11:51:44,app,installment,1460,180,648,approved,2024-08-29 11:51:44,1460,180
5319,2666,2025-10-19 14:05:10,app,installment,3500,60,592,approved,2025-10-20 14:05:10,3500,60
5320,4890,2024-05-06 18:19:46,app,short_term,2315,30,577,approved,2024-05-07 18:19:46,2315,30
5321,1305,2024-07-29 23:25:57,app,installment,4594,90,598,rejected,,0,0
5322,4882,2024-05-18 14:44:44,web,installment,933,60,595,approved,2024-05-20 14:44:44,933,60
5323,3126,2024-12-29 06:11:25,app,installment,1007,90,630,approved,2024-12-30 06:11:25,1007,90
5324,1607,2024-11-17 16:59:44,web,installment,1689,180,560,approved,2024-11-17 16:59:44,1689,180
5325,4505,2024-06-29 17:59:23,app,installment,3518,120,509,rejected,,0,0
5326,723,2025-06-14 06:01:20,app,short_term,2759,14,583,approved,2025-06-16 06:01:20,2759,14
5327,4768,2024-02-29 01:00:47,web,installment,4586,180,632,approved,2024-03-01 01:00:47,4586,180
5328,2979,2025-09-07 02:52:37,partner,installment,3444,60,574,rejected,,0,0
5329,2421,2025-06-18 08:11:11,web,installment,2196,60,547,rejected,,0,0
5330,3078,2024-08-06 19:11:48,app,installment,4907,60,592,rejected,,0,0
5331,1300,2025-06-26 22:06:56,app,short_term,1259,14,595,rejected,,0,0
5332,3635,2024-01-30 14:56:42,app,short_term,3055,21,582,rejected,,0,0
5333,4082,2025-06-21 20:07:38,partner,short_term,2527,21,625,approved,2025-06-22 20:07:38,2527,21
5334,2048,2025-09-29 23:05:55,app,short_term,3716,7,518,rejected,,0,0
5335,895,2024-12-27 13:22:43,app,short_term,3660,7,590,rejected,,0,0
5336,2933,2025-10-17 15:53:01,app,short_term,951,7,514,rejected,,0,0
5337,2281,2024-07-09 16:13:57,app,short_term,2684,21,621,approved,2024-07-09 16:13:57,2684,21
5338,1646,2024-02-13 08:00:28,app,installment,2702,90,589,rejected,,0,0
5339,3412,2024-06-24 22:10:20,app,installment,1720,90,640,approved,2024-06-26 22:10:20,1720,90
5340,180,2025-09-30 18:27:04,app,short_term,4968,14,628,approved,2025-10-02 18:27:04,4968,14
5341,545,2025-09-19 06:07:52,app,short_term,3347,7,605,rejected,,0,0
5342,868,2024-11-27 05:24:50,app,short_term,3131,7,651,approved,2024-11-27 05:24:50,3131,7
5343,1885,2024-06-06 02:50:53,partner,installment,3061,60,501,rejected,,0,0
5344,188,2024-03-18 13:48:22,app,installment,3584,120,561,approved,2024-03-18 13:48:22,3584,120
5345,4196,2024-10-27 22:19:20,partner,short_term,2659,7,602,approved,2024-10-27 22:19:20,2659,7
5346,442,2025-05-15 07:46:07,web,installment,2289,120,558,rejected,,0,0
5347,1260,2024-02-26 02:29:35,web,short_term,1201,30,533,rejected,,0,0
5348,945,2024-07-21 19:59:35,partner,short_term,3994,7,539,rejected,,0,0
5349,1766,2024-10-29 14:15:56,app,short_term,4647,30,608,approved,2024-10-30 14:15:56,4131,30
5350,815,2024-05-06 21:58:52,app,short_term,2139,14,528,rejected,,0,0
5351,1227,2025-11-15 20:06:22,app,short_term,2694,30,570,rejected,,0,0
5352,912,2025-05-20 03:01:00,web,installment,3485,180,513,rejected,,0,0
5353,2707,2024-07-14 12:22:25,app,installment,4252,60,636,approved,2024-07-16 12:22:25,3831,60
5354,3710,2024-05-01 22:05:19,app,short_term,1693,7,428,rejected,,0,0
5355,2307,2025-03-22 01:07:55,web,short_term,4560,14,630,approved,2025-03-22 01:07:55,4560,14
5356,4993,2025-02-22 19:37:19,app,installment,560,90,562,rejected,,0,0
5357,2576,2024-10-14 12:38:20,app,short_term,3825,14,619,approved,2024-10-14 12:38:20,3825,14
5358,4846,2024-08-04 04:38:52,web,short_term,3941,30,644,approved,2024-08-04 04:38:52,3941,30
5359,3096,2025-08-30 20:47:05,app,installment,3679,180,622,approved,2025-08-31 20:47:05,3679,180
5360,860,2025-01-18 22:24:21,app,short_term,3705,7,613,rejected,,0,0
5361,4829,2024-08-04 02:56:47,partner,short_term,3403,7,570,approved,2024-08-06 02:56:47,3403,7
5362,4335,2024-12-26 23:16:28,app,installment,582,90,609,approved,2024-12-28 23:16:28,582,90
5363,1921,2024-05-13 03:53:07,app,short_term,2976,14,546,rejected,,0,0
5364,3957,2025-10-12 22:47:11,app,installment,770,180,656,approved,2025-10-12 22:47:11,770,180
5365,1276,2025-05-16 21:31:31,app,short_term,1106,7,628,approved,2025-05-16 21:31:31,1106,7
5366,1807,2025-11-04 18:45:04,web,installment,2537,60,481,rejected,,0,0
5367,2797,2024-05-29 07:24:53,app,short_term,4400,14,566,rejected,,0,0
5368,3624,2025-03-27 00:39:28,app,installment,1729,90,548,rejected,,0,0
5369,4346,2025-03-30 20:55:26,app,short_term,3802,14,553,rejected,,0,0
5370,283,2024-04-24 21:55:22,app,short_term,3291,30,570,approved,2024-04-25 21:55:22,3291,30
5371,3324,2025-11-08 20:16:18,web,short_term,2856,14,554,rejected,,0,0
5372,810,2024-06-15 09:45:46,app,short_term,3156,7,574,approved,2024-06-16 09:45:46,2502,7
5373,1121,2025-03-08 03:08:28,app,installment,2982,90,586,rejected,,0,0
5374,683,2025-02-12 11:37:05,partner,installment,1043,180,619,approved,2025-02-12 11:37:05,1043,180
5375,3699,2024-06-29 11:40:37,app,short_term,2499,21,622,approved,2024-07-01 11:40:37,2499,21
5376,1133,2025-06-15 21:46:36,app,installment,4568,60,481,rejected,,0,0
5377,541,2025-02-20 14:53:09,web,short_term,1533,30,597,approved,2025-02-22 14:53:09,1533,30
5378,3287,2024-03-19 14:08:27,app,short_term,2151,7,638,approved,2024-03-19 14:08:27,2151,7
5379,2161,2024-08-01 06:27:54,app,installment,3070,60,541,rejected,,0,0
5380,2778,2025-04-12 20:01:16,partner,short_term,4741,14,529,approved,2025-04-13 20:01:16,3582,14
5381,3550,2024-10-06 00:14:08,partner,short_term,2984,21,586,rejected,,0,0
5382,2251,2024-05-13 10:23:54,app,short_term,1286,21,583,rejected,,0,0
5383,1471,2025-07-23 20:20:49,app,installment,1762,180,639,rejected,,0,0
5384,2411,2025-11-26 15:21:56,app,installment,2140,180,591,rejected,,0,0
5385,2419,2024-03-28 05:53:37,web,short_term,3862,30,644,approved,2024-03-28 05:53:37,3862,30
5386,4271,2024-03-10 12:45:44,web,short_term,4768,14,599,rejected,,0,0
5387,1360,2025-01-21 11:07:57,app,short_term,4966,30,558,rejected,,0,0
5388,765,2024-12-09 07:45:27,app,installment,3969,90,659,approved,2024-12-09 07:45:27,3969,90
5389,4003,2024-12-17 20:17:20,partner,installment,1598,90,624,rejected,,0,0
5390,3467,2024-05-03 01:08:04,app,short_term,4889,14,497,rejected,,0,0
5391,224,2024-07-20 16:17:46,web,installment,2926,180,580,rejected,,0,0
5392,850,2025-12-01 03:29:03,app,short_term,4178,30,563,approved,2025-12-03 03:29:03,4178,30
5393,4056,2024-04-26 08:49:53,app,installment,4991,120,551,rejected,,0,0
5394,2751,2025-04-10 23:36:28,app,short_term,3256,7,646,approved,2025-04-10 23:36:28,3256,7
5395,2749,2024-04-29 21:45:29,app,installment,739,90,621,rejected,,0,0
5396,922,2024-11-17 23:56:13,app,installment,2464,90,542,rejected,,0,0
5397,295,2025-11-26 00:58:47,app,short_term,4577,7,477,rejected,,0,0
5398,2559,2024-06-19 21:40:50,app,short_term,4349,7,494,rejected,,0,0
5399,632,2024-06-24 13:07:25,app,short_term,980,7,481,rejected,,0,0
5400,214,2024-05-01 07:03:35,app,installment,2065,90,611,rejected,,0,0
5401,2979,2025-10-06 18:39:27,app,installment,2509,90,606,approved,2025-10-07 18:39:27,2509,90
5402,3307,2025-07-10 04:29:43,web,installment,4385,180,587,approved,2025-07-12 04:29:43,2942,180
5403,3643,2024-05-12 02:57:31,app,installment,4725,180,583,rejected,,0,0
5404,2553,2024-04-26 15:23:19,web,installment,2516,120,568,approved,2024-04-27 15:23:19,2516,120
5405,538,2024-02-14 04:32:32,app,short_term,3751,30,571,rejected,,0,0
5406,303,2024-05-21 02:19:14,app,short_term,4246,21,525,rejected,,0,0
5407,4095,2024-02-12 06:13:23,app,short_term,1952,14,622,rejected,,0,0
5408,236,2025-05-19 02:39:19,app,short_term,4285,21,553,rejected,,0,0
5409,769,2025-04-10 12:43:59,app,installment,2259,180,579,approved,2025-04-10 12:43:59,2259,180
5410,3324,2025-09-13 18:26:02,app,short_term,553,21,539,approved,2025-09-15 18:26:02,553,21
5411,4725,2025-02-05 17:50:16,app,short_term,3844,7,516,rejected,,0,0
5412,787,2024-08-24 15:44:37,app,installment,4851,180,539,rejected,,0,0
5413,2179,2025-09-27 16:22:07,partner,short_term,2653,14,622,rejected,,0,0
5414,1437,2025-03-24 15:43:04,app,short_term,1552,30,621,rejected,,0,0
5415,1404,2024-10-01 09:43:56,partner,installment,3656,180,612,approved,2024-10-02 09:43:56,3656,180
5416,4330,2025-06-14 20:43:10,app,short_term,2749,21,623,approved,2025-06-14 20:43:10,2749,21
5417,4642,2024-03-27 01:01:02,app,installment,1442,120,591,approved,2024-03-27 01:01:02,1442,120
5418,3880,2025-05-28 21:47:05,partner,installment,890,90,604,approved,2025-05-29 21:47:05,890,90
5419,3147,2024-05-26 12:01:53,app,short_term,1478,7,539,rejected,,0,0
5420,3057,2025-01-25 05:16:44,app,short_term,3758,7,587,rejected,,0,0
5421,3899,2024-12-13 10:24:59,app,installment,563,120,559,rejected,,0,0
5422,4574,2024-04-06 02:04:41,app,installment,1623,60,512,rejected,,0,0
5423,3193,2024-06-19 08:01:06,partner,short_term,2540,30,626,approved,2024-06-19 08:01:06,2540,30
5424,2920,2025-02-11 04:52:22,app,short_term,3011,7,631,approved,2025-02-11 04:52:22,3011,7
5425,1465,2025-03-14 05:39:40,web,installment,4240,120,601,rejected,,0,0
5426,598,2024-06-21 11:01:15,web,short_term,1691,7,590,rejected,,0,0
5427,3165,2024-04-10 07:46:16,app,short_term,3191,14,572,rejected,,0,0
5428,2493,2024-04-08 01:00:34,app,installment,4105,120,613,rejected,,0,0
5429,194,2025-04-10 07:02:34,app,installment,639,120,594,rejected,,0,0
5430,561,2025-10-28 23:18:47,app,short_term,2834,21,565,rejected,,0,0
5431,752,2024-12-27 06:33:34,web,installment,1499,180,570,rejected,,0,0
5432,4308,2024-11-03 16:50:18,app,installment,1628,90,578,rejected,,0,0
5433,2106,2025-07-17 23:02:31,app,installment,3767,90,596,approved,2025-07-19 23:02:31,3608,90
5434,4921,2024-04-23 20:37:58,app,short_term,876,30,627,approved,2024-04-24 20:37:58,876,30
5435,3656,2024-05-25 16:16:11,app,installment,900,60,649,approved,2024-05-25 16:16:11,900,60
5436,2377,2025-11-13 12:10:35,app,short_term,1193,21,552,approved,2025-11-15 12:10:35,1193,21
5437,4036,2024-12-26 05:29:34,partner,short_term,922,7,583,rejected,,0,0
5438,4763,2024-04-27 20:43:43,app,installment,1494,90,510,rejected,,0,0
5439,2051,2024-10-19 04:57:04,app,short_term,3301,30,663,approved,2024-10-19 04:57:04,3301,30
5440,4868,2025-12-09 20:37:47,app,installment,3963,60,610,rejected,,0,0
5441,4350,2025-07-28 03:27:19,app,installment,860,90,552,rejected,,0,0
5442,1519,2024-04-04 17:35:42,app,short_term,2467,30,502,rejected,,0,0
5443,2252,2024-11-03 14:38:20,web,short_term,669,7,579,rejected,,0,0
5444,2459,2024-04-13 09:56:45,app,installment,2845,120,561,rejected,,0,0
5445,2041,2025-03-23 15:02:28,app,short_term,1805,21,566,approved,2025-03-24 15:02:28,1805,21
5446,1091,2025-10-23 16:16:11,app,short_term,3451,14,627,approved,2025-10-24 16:16:11,3451,14
5447,4383,2024-11-21 14:31:58,web,short_term,4427,30,664,approved,2024-11-21 14:31:58,4427,30
5448,4530,2024-04-14 03:22:41,app,short_term,1270,7,587,approved,2024-04-15 03:22:41,1270,7
5449,3715,2024-03-06 21:13:30,web,short_term,1467,7,571,rejected,,0,0
5450,3858,2025-09-01 07:31:47,app,short_term,2455,7,569,rejected,,0,0
5451,2598,2025-02-06 07:16:17,app,installment,1780,90,589,approved,2025-02-07 07:16:17,1780,90
5452,2232,2024-07-08 12:10:58,app,installment,1116,120,549,rejected,,0,0
5453,219,2025-10-06 15:48:33,app,short_term,4420,7,536,approved,2025-10-07 15:48:33,3309,7
5454,4253,2025-11-24 21:58:27,app,installment,2853,180,638,approved,2025-11-25 21:58:27,2853,180
5455,4459,2025-03-15 10:11:07,app,installment,1753,120,547,rejected,,0,0
5456,3248,2024-03-28 06:07:53,app,installment,4152,60,598,rejected,,0,0
5457,2852,2025-09-05 04:22:43,web,short_term,2434,7,552,rejected,,0,0
5458,358,2025-08-13 01:57:15,partner,installment,1711,180,545,approved,2025-08-15 01:57:15,1711,180
5459,1873,2024-02-25 04:37:43,app,short_term,575,21,608,approved,2024-02-27 04:37:43,575,21
5460,2138,2025-12-10 09:47:09,web,short_term,3762,30,655,approved,2025-12-12 09:47:09,3762,30
5461,1601,2025-05-17 10:38:33,app,installment,1829,120,589,rejected,,0,0
5462,1764,2024-05-24 23:31:29,app,short_term,3721,30,584,approved,2024-05-24 23:31:29,3721,30
5463,3642,2025-02-26 09:06:00,partner,short_term,2066,21,528,rejected,,0,0
5464,1474,2025-02-22 14:44:55,app,short_term,2518,14,505,rejected,,0,0
5465,2296,2024-04-09 10:05:29,app,installment,1878,180,632,approved,2024-04-09 10:05:29,1878,180
5466,3727,2025-06-10 05:05:48,app,short_term,4447,14,565,approved,2025-06-10 05:05:48,3986,14
5467,3013,2024-05-09 19:06:24,web,short_term,3523,21,530,rejected,,0,0
5468,4448,2024-03-14 19:31:33,app,short_term,3714,30,535,rejected,,0,0
5469,463,2025-06-03 12:53:52,app,installment,1629,60,501,rejected,,0,0
5470,2272,2025-05-02 11:19:54,web,installment,3720,60,605,rejected,,0,0
5471,3672,2024-10-29 23:27:14,app,installment,2808,120,604,rejected,,0,0
5472,3012,2025-07-29 07:02:07,web,short_term,1592,7,592,approved,2025-07-30 07:02:07,1592,7
5473,114,2025-02-27 22:00:40,app,installment,2382,90,613,rejected,,0,0
5474,219,2024-07-31 00:12:46,app,short_term,1416,7,563,rejected,,0,0
5475,2099,2025-12-08 11:50:11,app,installment,1884,90,647,rejected,,0,0
5476,543,2024-06-29 04:43:03,app,installment,4476,90,566,rejected,,0,0
5477,1845,2024-12-09 22:48:23,app,installment,549,60,611,approved,2024-12-09 22:48:23,549,60
5478,2670,2025-11-17 17:31:43,web,installment,3431,180,637,rejected,,0,0
5479,743,2024-02-29 20:30:51,app,installment,1439,120,542,rejected,,0,0
5480,2139,2025-05-26 00:08:58,partner,short_term,4655,7,567,approved,2025-05-28 00:08:58,4655,7
5481,4297,2025-11-21 18:58:26,app,short_term,2828,30,610,approved,2025-11-23 18:58:26,2828,30
5482,1484,2025-01-07 20:14:54,web,installment,1002,60,607,rejected,,0,0
5483,3703,2024-06-10 17:33:16,app,short_term,2551,14,605,approved,2024-06-11 17:33:16,2551,14
5484,3342,2025-06-28 06:08:02,app,installment,2487,60,565,approved,2025-06-29 06:08:02,2487,60
5485,4049,2025-11-08 15:28:41,partner,short_term,803,14,616,rejected,,0,0
5486,533,2025-01-07 08:24:14,app,short_term,4710,21,527,rejected,,0,0
5487,330,2024-05-11 23:26:20,partner,short_term,3986,21,607,approved,2024-05-11 23:26:20,3986,21
5488,4177,2025-11-12 15:57:42,app,short_term,3461,30,604,rejected,,0,0
5489,4302,2024-09-08 07:00:23,partner,short_term,3479,30,581,rejected,,0,0
5490,4577,2025-12-02 09:03:08,app,installment,4166,90,586,approved,2025-12-03 09:03:08,4166,90
5491,1499,2024-11-03 22:16:12,app,short_term,4788,14,612,rejected,,0,0
5492,2459,2024-11-01 05:36:33,web,installment,2000,60,593,approved,2024-11-03 05:36:33,2000,60
5493,4433,2025-05-20 15:34:39,web,short_term,1117,14,596,rejected,,0,0
5494,2973,2024-06-09 03:32:01,app,short_term,3788,21,566,rejected,,0,0
5495,1674,2025-11-19 23:47:59,app,installment,2362,180,619,rejected,,0,0
5496,3201,2024-06-05 00:30:52,app,short_term,4295,21,608,rejected,,0,0
5497,2291,2025-05-19 02:01:13,app,installment,830,180,635,approved,2025-05-20 02:01:13,830,180
5498,4624,2024-08-22 22:28:43,app,short_term,4683,21,639,rejected,,0,0
5499,33,2025-03-15 12:51:42,app,installment,1969,90,572,rejected,,0,0
5500,981,2025-06-14 18:10:33,app,short_term,1082,7,613,approved,2025-06-16 18:10:33,1082,7
5501,3263,2024-09-26 21:07:19,app,installment,2115,90,525,rejected,,0,0
5502,1670,2024-01-30 02:19:07,app,short_term,2463,21,555,rejected,,0,0
5503,4697,2025-10-19 20:23:16,app,short_term,1157,7,592,approved,2025-10-20 20:23:16,1157,7
5504,3913,2024-06-21 08:06:15,app,installment,2211,60,474,rejected,,0,0
5505,405,2025-12-03 16:52:42,app,short_term,1329,21,647,approved,2025-12-04 16:52:42,1329,21
5506,1336,2025-06-05 14:17:34,app,installment,1941,90,627,rejected,,0,0
5507,901,2025-11-16 10:59:30,app,installment,2149,60,624,approved,2025-11-18 10:59:30,2149,60
5508,4434,2025-11-04 06:19:08,app,installment,2497,60,594,approved,2025-11-05 06:19:08,2497,60
5509,4676,2024-02-29 23:24:52,app,installment,4768,120,602,rejected,,0,0
5510,4855,2025-12-14 21:31:49,web,installment,1724,90,593,rejected,,0,0
5511,1239,2024-10-18 05:06:32,app,installment,1011,90,542,rejected,,0,0
5512,4140,2024-03-10 06:42:26,app,short_term,998,14,589,approved,2024-03-11 06:42:26,998,14
5513,1602,2025-04-12 07:21:47,app,installment,4345,120,629,approved,2025-04-12 07:21:47,4345,120
5514,4306,2025-04-14 15:27:38,app,short_term,4798,7,629,approved,2025-04-15 15:27:38,4798,7
5515,2940,2025-04-18 20:39:07,app,short_term,507,7,529,rejected,,0,0
5516,4492,2025-11-09 20:56:30,web,short_term,3068,30,635,approved,2025-11-11 20:56:30,3068,30
5517,3294,2025-04-13 17:42:38,app,short_term,2823,21,552,rejected,,0,0
5518,2983,2024-06-06 16:53:35,app,short_term,4255,30,599,approved,2024-06-07 16:53:35,4255,30
5519,821,2024-06-24 11:02:39,app,installment,865,120,545,approved,2024-06-24 11:02:39,865,120
5520,2125,2025-04-17 00:21:56,app,installment,1798,60,535,rejected,,0,0
5521,2608,2025-04-19 08:40:09,app,installment,4558,60,611,approved,2025-04-21 08:40:09,4558,60
5522,912,2025-09-30 10:35:41,app,short_term,1448,7,480,rejected,,0,0
5523,1085,2024-10-11 21:18:22,app,installment,974,90,633,approved,2024-10-13 21:18:22,974,90
5524,3704,2024-05-16 11:14:02,app,installment,776,180,534,rejected,,0,0
5525,2202,2025-05-31 07:07:12,app,installment,2732,120,563,approved,2025-06-01 07:07:12,2732,120
5526,4036,2024-03-22 21:41:02,partner,short_term,2360,30,553,rejected,,0,0
5527,18,2025-04-25 06:36:36,app,short_term,758,21,531,rejected,,0,0
5528,1103,2024-05-10 07:46:03,partner,short_term,1100,30,598,approved,2024-05-11 07:46:03,1100,30
5529,4561,2025-03-11 20:49:31,partner,short_term,4708,7,628,rejected,,0,0
5530,1829,2024-05-27 05:44:46,app,installment,2494,90,590,approved,2024-05-27 05:44:46,2494,90
5531,4468,2024-09-11 23:30:56,app,installment,1050,90,591,approved,2024-09-13 23:30:56,1050,90
5532,1775,2025-10-02 03:27:41,app,short_term,4731,7,570,approved,2025-10-02 03:27:41,4731,7
5533,629,2024-11-19 20:04:28,web,short_term,2309,7,572,approved,2024-11-20 20:04:28,2309,7
5534,789,2024-04-28 02:10:56,app,installment,1471,60,653,approved,2024-04-28 02:10:56,1471,60
5535,4308,2024-11-15 16:44:00,app,short_term,4608,14,522,rejected,,0,0
5536,2388,2024-05-07 18:25:36,partner,short_term,2815,14,610,rejected,,0,0
5537,92,2025-05-23 11:40:50,app,short_term,3467,30,549,rejected,,0,0
5538,4913,2024-10-16 02:16:56,app,installment,3720,60,598,rejected,,0,0
5539,540,2024-12-23 07:25:23,app,short_term,4957,30,575,rejected,,0,0
5540,4238,2024-10-10 22:15:15,app,short_term,769,7,568,rejected,,0,0
5541,2313,2024-12-03 02:22:11,app,installment,2117,120,506,rejected,,0,0
5542,422,2024-08-11 03:30:42,app,short_term,3070,30,552,rejected,,0,0
5543,2831,2025-02-14 17:01:09,app,installment,2230,180,632,approved,2025-02-16 17:01:09,2230,180
5544,2012,2024-07-14 01:50:23,web,short_term,3056,30,573,approved,2024-07-14 01:50:23,3056,30
5545,2438,2024-01-23 01:51:30,app,short_term,1342,7,588,approved,2024-01-25 01:51:30,1342,7
5546,4549,2025-04-06 01:45:08,app,installment,3137,180,561,rejected,,0,0
5547,2082,2025-05-15 15:58:27,web,installment,1132,120,623,rejected,,0,0
5548,541,2024-12-20 17:43:48,app,installment,4129,90,619,approved,2024-12-21 17:43:48,4129,90
5549,3889,2024-04-20 12:27:45,app,short_term,1264,21,637,approved,2024-04-22 12:27:45,1264,21
5550,42,2024-11-10 01:24:58,app,short_term,4206,14,619,approved,2024-11-12 01:24:58,4206,14
5551,4541,2024-01-28 14:19:55,app,short_term,3879,7,651,approved,2024-01-28 14:19:55,3879,7
5552,3345,2025-10-22 23:00:15,web,short_term,4333,7,609,approved,2025-10-23 23:00:15,4333,7
5553,373,2025-11-24 01:12:32,web,installment,2728,120,612,rejected,,0,0
5554,3666,2025-04-25 11:16:59,partner,short_term,1122,7,575,rejected,,0,0
5555,3461,2025-05-30 10:15:12,web,short_term,1391,30,650,approved,2025-06-01 10:15:12,1391,30
5556,3312,2024-04-25 16:51:56,app,installment,1509,60,539,approved,2024-04-25 16:51:56,1509,60
5557,3336,2025-02-26 14:58:09,app,short_term,4218,7,556,rejected,,0,0
5558,3789,2024-10-28 09:51:57,app,short_term,4255,21,615,rejected,,0,0
5559,1764,2024-05-06 11:10:34,web,short_term,2494,7,549,rejected,,0,0
5560,2569,2025-01-27 13:21:58,app,installment,2796,120,566,approved,2025-01-28 13:21:58,2796,120
5561,2933,2025-06-22 12:16:53,web,installment,4454,60,487,rejected,,0,0
5562,1363,2024-12-06 01:33:14,app,short_term,3099,30,547,rejected,,0,0
5563,1590,2024-05-04 20:23:43,app,short_term,2173,7,562,approved,2024-05-04 20:23:43,2173,7
5564,1459,2025-09-26 13:00:47,web,short_term,2973,21,561,approved,2025-09-26 13:00:47,2973,21
5565,1664,2025-03-22 09:56:54,app,short_term,3772,21,526,rejected,,0,0
5566,1409,2024-03-26 02:07:35,app,short_term,698,30,579,rejected,,0,0
5567,3618,2024-09-11 07:40:30,web,short_term,4566,14,665,approved,2024-09-12 07:40:30,4566,14
5568,1986,2024-05-11 22:20:07,app,installment,2007,90,577,rejected,,0,0
5569,929,2025-07-05 23:22:22,app,installment,3564,90,541,rejected,,0,0
5570,1122,2025-09-20 14:25:02,partner,short_term,2383,30,614,rejected,,0,0
5571,2271,2025-06-29 01:26:26,app,installment,2915,90,626,approved,2025-06-30 01:26:26,2915,90
5572,1650,2025-04-11 01:15:36,app,short_term,4005,7,614,rejected,,0,0
5573,4793,2025-02-14 00:02:19,app,installment,3061,90,601,rejected,,0,0
5574,1689,2024-02-22 12:09:10,web,short_term,3903,7,562,rejected,,0,0
5575,4687,2024-04-22 21:38:55,web,short_term,3179,7,578,approved,2024-04-23 21:38:55,3179,7
5576,3520,2025-03-04 01:38:54,app,short_term,1855,7,569,approved,2025-03-06 01:38:54,1855,7
5577,2556,2025-01-13 11:57:16,app,short_term,4196,14,598,rejected,,0,0
5578,1246,2025-12-01 21:23:59,web,installment,3403,180,555,approved,2025-12-03 21:23:59,3403,180
5579,4202,2025-07-21 07:19:54,web,installment,694,180,578,rejected,,0,0
5580,4640,2025-06-02 09:05:24,app,installment,3386,180,586,rejected,,0,0
5581,3758,2025-10-23 01:31:57,web,installment,1931,60,592,rejected,,0,0
5582,4870,2024-05-09 21:06:58,app,short_term,3928,14,572,rejected,,0,0
5583,1777,2025-11-29 06:07:36,app,installment,4890,90,536,rejected,,0,0
5584,4298,2024-09-10 18:31:57,web,installment,1621,90,613,approved,2024-09-11 18:31:57,1621,90
5585,3950,2024-07-18 21:58:47,web,short_term,1853,21,613,rejected,,0,0
5586,2623,2025-01-18 04:47:39,app,short_term,857,30,560,rejected,,0,0
5587,4954,2025-12-10 07:00:08,web,short_term,1380,14,604,approved,2025-12-11 07:00:08,1380,14
5588,2498,2024-03-06 06:42:10,web,installment,4517,120,630,rejected,,0,0
5589,2118,2024-03-28 18:34:55,app,installment,1771,90,600,rejected,,0,0
5590,1582,2024-05-22 12:16:11,app,short_term,3013,14,592,rejected,,0,0
5591,2052,2025-05-26 22:48:09,app,installment,1794,120,610,rejected,,0,0
5592,2844,2024-10-05 20:29:49,app,installment,2981,90,608,approved,2024-10-07 20:29:49,2981,90
5593,4549,2024-09-25 07:44:57,app,installment,1400,120,545,rejected,,0,0
5594,1518,2025-06-15 15:41:04,app,installment,3802,180,581,rejected,,0,0
5595,3089,2024-05-02 23:11:35,app,installment,2239,180,539,rejected,,0,0
5596,2615,2024-05-30 12:21:31,app,short_term,818,30,623,approved,2024-05-31 12:21:31,818,30
5597,195,2024-10-15 22:32:52,partner,short_term,3002,30,578,rejected,,0,0
5598,3134,2024-12-03 15:52:04,app,short_term,3289,14,619,rejected,,0,0
5599,2262,2024-04-16 03:16:28,app,short_term,1696,21,604,approved,2024-04-18 03:16:28,1696,21
5600,4400,2025-01-29 01:01:16,partner,installment,2030,90,513,rejected,,0,0
5601,1568,2024-12-03 11:47:34,app,short_term,4023,7,577,approved,2024-12-05 11:47:34,4023,7
5602,4163,2025-02-01 09:24:40,app,installment,2810,180,628,approved,2025-02-01 09:24:40,2810,180
5603,578,2025-07-03 08:46:35,app,short_term,2408,21,513,rejected,,0,0
5604,4075,2025-10-23 22:52:14,web,installment,3134,180,622,rejected,,0,0
5605,4660,2025-11-23 23:38:01,app,installment,3734,60,590,rejected,,0,0
5606,4731,2025-05-25 15:32:56,app,short_term,3035,7,618,rejected,,0,0
5607,549,2025-02-10 04:02:29,app,short_term,3339,7,607,rejected,,0,0
5608,3346,2025-09-13 08:22:56,app,short_term,1711,7,590,approved,2025-09-14 08:22:56,1711,7
5609,4607,2024-01-25 21:41:15,app,installment,1825,180,481,rejected,,0,0
5610,3531,2025-11-27 15:54:42,app,short_term,4106,21,609,approved,2025-11-27 15:54:42,3290,21
5611,1696,2024-10-25 14:09:20,partner,short_term,1464,21,548,rejected,,0,0
5612,3219,2025-10-28 02:36:28,web,installment,2044,180,592,rejected,,0,0
5613,3805,2024-03-02 04:25:02,app,installment,2719,180,692,approved,2024-03-02 04:25:02,2719,180
5614,2773,2025-09-07 05:34:55,app,installment,2522,120,596,rejected,,0,0
5615,2712,2025-08-17 22:47:13,app,installment,3968,60,601,rejected,,0,0
5616,571,2025-02-28 10:16:20,app,short_term,1979,30,565,approved,2025-03-02 10:16:20,1979,30
5617,2118,2024-03-29 09:55:14,web,short_term,4260,21,616,rejected,,0,0
5618,1807,2024-05-18 11:52:00,app,short_term,2600,30,527,rejected,,0,0
5619,3379,2025-03-11 11:37:38,partner,short_term,699,7,543,rejected,,0,0
5620,581,2024-06-02 19:13:39,app,short_term,3085,14,476,rejected,,0,0
5621,1139,2024-12-31 08:51:53,app,short_term,1853,30,526,rejected,,0,0
5622,3042,2025-02-07 19:45:52,app,short_term,3344,14,585,rejected,,0,0
5623,92,2025-01-23 08:17:46,partner,short_term,1604,21,547,rejected,,0,0
5624,1103,2025-01-05 18:11:59,app,installment,3328,120,594,approved,2025-01-06 18:11:59,2811,120
5625,3061,2024-10-22 02:43:59,app,installment,901,120,648,approved,2024-10-24 02:43:59,901,120
5626,3617,2025-01-03 01:33:31,web,short_term,1317,7,581,rejected,,0,0
5627,2225,2025-05-18 13:45:05,app,installment,1747,90,597,rejected,,0,0
5628,1435,2024-04-07 06:14:27,web,installment,3611,90,560,rejected,,0,0
5629,1355,2024-03-22 23:20:53,web,installment,1022,180,531,rejected,,0,0
5630,900,2025-05-05 10:15:56,app,short_term,4076,30,577,rejected,,0,0
5631,763,2025-01-21 19:15:11,app,short_term,1675,21,626,rejected,,0,0
5632,1420,2025-08-01 19:46:44,app,installment,4031,180,472,rejected,,0,0
5633,4022,2025-11-12 19:47:30,app,short_term,3407,21,551,rejected,,0,0
5634,2826,2025-03-07 01:02:29,web,installment,4084,120,558,rejected,,0,0
5635,2224,2024-10-12 00:10:38,app,short_term,1615,30,574,rejected,,0,0
5636,2378,2025-05-10 14:52:17,app,installment,3778,180,582,rejected,,0,0
5637,4750,2025-09-08 03:51:41,app,installment,1390,60,583,rejected,,0,0
5638,4897,2024-12-30 04:43:36,app,short_term,2319,21,585,rejected,,0,0
5639,4176,2025-08-12 09:51:32,app,installment,2886,120,615,rejected,,0,0
5640,81,2025-03-09 00:26:25,partner,short_term,2126,7,565,approved,2025-03-10 00:26:25,2126,7
5641,4956,2025-05-04 10:31:13,web,installment,2664,120,585,rejected,,0,0
5642,4820,2024-04-24 13:57:56,app,short_term,4085,21,576,approved,2024-04-26 13:57:56,4085,21
5643,1581,2025-01-01 01:23:49,partner,short_term,953,30,650,approved,2025-01-03 01:23:49,953,30
5644,818,2024-04-10 12:20:54,app,short_term,1460,21,610,approved,2024-04-10 12:20:54,1460,21
5645,4068,2024-07-17 18:24:03,web,short_term,3738,14,581,rejected,,0,0
5646,986,2024-08-27 22:38:02,app,installment,4391,180,630,rejected,,0,0
5647,3028,2024-05-14 03:02:27,app,short_term,4974,7,508,rejected,,0,0
5648,12,2024-12-17 06:26:16,app,installment,3207,120,640,approved,2024-12-18 06:26:16,3207,120
5649,1007,2025-05-18 00:25:33,app,short_term,2526,14,591,approved,2025-05-19 00:25:33,2526,14
5650,2388,2024-07-25 04:27:36,partner,short_term,3931,21,644,approved,2024-07-25 04:27:36,3931,21
5651,4435,2025-01-31 23:12:16,app,short_term,1382,30,676,rejected,,0,0
5652,3353,2025-07-06 09:35:05,web,installment,4981,60,637,rejected,,0,0
5653,3847,2025-04-28 14:55:47,app,short_term,3885,14,604,rejected,,0,0
5654,856,2025-05-15 07:42:36,app,short_term,4121,21,579,rejected,,0,0
5655,1061,2024-10-02 03:46:19,app,short_term,4601,30,602,rejected,,0,0
5656,1344,2024-11-19 18:19:33,app,short_term,1967,21,660,approved,2024-11-21 18:19:33,1967,21
5657,3376,2025-10-08 20:43:25,app,installment,1155,90,649,rejected,,0,0
5658,4022,2024-07-10 06:23:41,web,short_term,1221,30,531,rejected,,0,0
5659,2312,2025-07-24 07:10:46,app,short_term,2838,30,598,approved,2025-07-26 07:10:46,2838,30
5660,4907,2024-08-18 20:08:56,web,installment,4649,90,609,rejected,,0,0
5661,3901,2024-12-11 09:30:44,app,installment,4668,60,499,rejected,,0,0
5662,756,2024-04-29 00:44:24,app,installment,1664,90,520,rejected,,0,0
5663,901,2024-10-19 20:08:29,partner,short_term,2605,30,655,approved,2024-10-21 20:08:29,2605,30
5664,186,2024-02-28 15:31:26,app,installment,1367,90,565,rejected,,0,0
5665,123,2025-02-22 05:02:01,web,short_term,3642,30,659,approved,2025-02-22 05:02:01,3642,30
5666,4154,2024-03-03 22:45:12,app,installment,3710,120,588,rejected,,0,0
5667,1674,2025-11-25 14:35:43,app,installment,1256,90,591,approved,2025-11-26 14:35:43,1256,90
5668,332,2024-02-08 23:24:48,app,installment,3185,120,591,approved,2024-02-08 23:24:48,3185,120
5669,4202,2025-02-23 23:07:46,app,installment,3436,180,611,rejected,,0,0
5670,436,2025-07-07 11:06:55,partner,short_term,4284,30,572,rejected,,0,0
5671,3443,2024-10-04 14:09:09,app,installment,3230,120,590,approved,2024-10-06 14:09:09,3230,120
5672,3139,2024-04-02 22:43:34,app,short_term,4804,21,546,rejected,,0,0
5673,92,2025-03-10 21:58:07,partner,short_term,1439,21,546,rejected,,0,0
5674,3123,2025-02-08 05:01:55,app,short_term,1656,30,587,rejected,,0,0
5675,936,2024-08-23 00:43:41,app,short_term,1028,21,607,approved,2024-08-24 00:43:41,1028,21
5676,4738,2024-07-29 20:21:51,partner,installment,4509,120,631,approved,2024-07-31 20:21:51,4509,120
5677,3718,2024-10-06 22:49:13,app,short_term,3339,30,633,rejected,,0,0
5678,2952,2024-02-12 23:30:31,app,installment,3308,60,596,approved,2024-02-12 23:30:31,3308,60
5679,90,2024-11-16 03:02:09,app,installment,1281,60,601,approved,2024-11-16 03:02:09,1281,60
5680,3218,2025-09-06 19:12:55,app,short_term,2146,14,636,rejected,,0,0
5681,658,2025-03-26 23:47:35,web,installment,3909,180,615,rejected,,0,0
5682,136,2025-11-23 09:42:52,app,short_term,1056,7,556,rejected,,0,0
5683,4642,2025-05-24 17:47:59,web,short_term,2192,30,592,rejected,,0,0
5684,1543,2025-06-29 20:47:46,app,installment,3083,60,624,approved,2025-06-29 20:47:46,3083,60
5685,2754,2024-12-27 05:28:27,app,installment,2662,60,575,rejected,,0,0
5686,2941,2025-08-02 14:56:11,web,short_term,4593,30,624,rejected,,0,0
5687,1387,2024-10-08 03:12:05,app,installment,2911,180,610,rejected,,0,0
5688,2461,2025-09-15 10:08:20,app,short_term,861,21,433,rejected,,0,0
5689,2630,2025-03-14 04:01:36,app,installment,2307,60,620,approved,2025-03-16 04:01:36,2307,60
5690,706,2024-03-27 02:02:11,app,installment,4866,120,577,rejected,,0,0
5691,1287,2024-12-18 04:53:18,web,installment,1616,120,603,rejected,,0,0
5692,832,2025-01-12 18:25:45,web,installment,1523,90,607,approved,2025-01-14 18:25:45,1523,90
5693,4595,2025-07-04 23:09:20,app,short_term,819,21,613,approved,2025-07-06 23:09:20,819,21
5694,2088,2024-12-07 13:53:37,app,installment,728,90,637,approved,2024-12-08 13:53:37,728,90
5695,607,2025-03-12 11:21:51,web,short_term,1621,21,594,rejected,,0,0
5696,2797,2025-09-10 12:20:49,app,installment,2665,90,587,rejected,,0,0
5697,3681,2025-02-19 22:36:38,app,installment,1600,180,577,rejected,,0,0
5698,679,2024-03-23 13:43:23,partner,short_term,1641,14,623,approved,2024-03-23 13:43:23,1641,14
5699,1367,2024-04-07 14:39:43,app,short_term,4423,7,518,rejected,,0,0
5700,1034,2024-08-27 07:37:14,web,installment,904,60,599,rejected,,0,0
5701,1647,2024-04-10 12:17:28,web,short_term,4783,30,564,rejected,,0,0
5702,4815,2025-09-16 07:29:53,app,installment,2649,90,560,approved,2025-09-17 07:29:53,2649,90
5703,271,2024-12-09 20:26:59,app,short_term,1434,14,626,approved,2024-12-09 20:26:59,1434,14
5704,745,2025-12-14 06:42:08,app,short_term,3896,21,623,rejected,,0,0
5705,4658,2024-10-20 12:58:02,app,short_term,1934,21,602,rejected,,0,0
5706,2808,2024-06-08 23:08:55,app,short_term,4700,30,624,rejected,,0,0
5707,1867,2025-11-28 12:46:47,app,short_term,2966,14,505,rejected,,0,0
5708,74,2024-05-11 02:53:57,app,short_term,3543,21,598,rejected,,0,0
5709,4942,2024-06-28 19:49:22,app,installment,4927,180,515,rejected,,0,0
5710,12,2024-08-07 21:42:01,app,short_term,2805,7,580,approved,2024-08-09 21:42:01,2805,7
5711,3005,2024-05-30 01:30:30,partner,short_term,885,14,548,rejected,,0,0
5712,3100,2025-06-02 10:55:29,app,installment,4985,180,595,rejected,,0,0
5713,3202,2025-07-23 09:31:26,app,short_term,4736,7,622,approved,2025-07-25 09:31:26,4095,7
5714,4011,2025-02-22 00:39:52,app,installment,4461,120,567,rejected,,0,0
5715,1602,2025-08-25 18:08:05,app,installment,1690,90,582,rejected,,0,0
5716,827,2024-04-29 19:48:51,app,short_term,3571,7,559,rejected,,0,0
5717,881,2025-02-17 00:51:41,app,short_term,3884,21,593,approved,2025-02-17 00:51:41,3884,21
5718,1633,2024-08-05 12:49:02,app,installment,2662,90,549,rejected,,0,0
5719,1631,2025-06-28 18:42:21,app,installment,4116,90,609,rejected,,0,0
5720,3379,2024-07-07 09:44:46,app,short_term,4236,30,559,approved,2024-07-09 09:44:46,3064,30
5721,2106,2024-05-22 13:08:09,web,short_term,3001,30,622,approved,2024-05-23 13:08:09,3001,30
5722,557,2025-01-07 07:13:18,app,short_term,2649,21,582,rejected,,0,0
5723,141,2025-07-18 00:31:17,web,short_term,915,7,609,rejected,,0,0
5724,571,2024-05-20 12:50:28,app,short_term,3093,30,577,rejected,,0,0
5725,3611,2025-02-02 18:18:16,app,short_term,3131,21,569,rejected,,0,0
5726,4130,2025-06-12 10:00:24,web,installment,1020,60,558,rejected,,0,0
5727,2481,2024-07-19 19:00:20,web,installment,1724,90,584,approved,2024-07-20 19:00:20,1724,90
5728,4398,2024-02-04 20:17:14,web,short_term,2832,7,592,approved,2024-02-06 20:17:14,2832,7
5729,3060,2024-09-13 14:43:05,app,short_term,1199,30,518,rejected,,0,0
5730,1011,2024-04-02 13:27:15,app,short_term,4629,21,644,approved,2024-04-03 13:27:15,4629,21
5731,1472,2024-04-02 17:00:13,partner,short_term,1271,21,430,rejected,,0,0
5732,3359,2024-08-10 04:57:40,web,installment,662,90,558,approved,2024-08-11 04:57:40,662,90
5733,37,2025-06-05 21:25:49,app,short_term,2201,30,519,rejected,,0,0
5734,3178,2024-09-22 04:23:29,web,short_term,2743,30,566,rejected,,0,0
5735,3005,2025-08-07 23:17:30,app,short_term,2318,7,600,rejected,,0,0
5736,4205,2024-07-26 11:07:23,app,short_term,3833,30,565,rejected,,0,0
5737,4587,2024-02-21 13:43:16,app,short_term,3334,7,557,approved,2024-02-23 13:43:16,3334,7
5738,2193,2025-04-11 08:14:55,app,short_term,3648,30,583,rejected,,0,0
5739,2276,2025-02-04 02:18:52,partner,installment,3099,60,599,approved,2025-02-06 02:18:52,3099,60
5740,2622,2024-06-26 02:49:02,web,installment,2711,120,595,approved,2024-06-27 02:49:02,2711,120
5741,2399,2024-01-24 08:12:52,web,short_term,2726,21,649,approved,2024-01-25 08:12:52,2726,21
5742,1332,2024-03-14 12:41:35,web,installment,3233,120,536,rejected,,0,0
5743,3239,2025-03-05 11:10:25,app,installment,1710,180,592,rejected,,0,0
5744,3905,2024-05-18 12:22:32,app,short_term,700,14,582,rejected,,0,0
5745,307,2024-11-14 21:22:17,app,short_term,4865,21,627,rejected,,0,0
5746,4893,2024-09-29 01:31:36,partner,installment,3355,60,564,approved,2024-09-30 01:31:36,3355,60
5747,1717,2024-09-14 16:21:44,app,installment,4437,90,501,rejected,,0,0
5748,1645,2024-08-26 02:08:53,app,installment,3835,120,619,rejected,,0,0
5749,4905,2024-03-28 23:37:49,app,short_term,3844,7,598,rejected,,0,0
5750,509,2024-06-16 00:31:48,app,installment,2596,60,614,approved,2024-06-18 00:31:48,2596,60
5751,2991,2025-11-14 00:55:35,app,short_term,963,7,690,approved,2025-11-15 00:55:35,963,7
5752,2229,2024-08-16 15:56:49,web,short_term,2972,7,584,approved,2024-08-16 15:56:49,2972,7
5753,4241,2025-01-11 17:31:38,app,installment,2339,120,553,rejected,,0,0
5754,34,2024-03-14 19:36:18,app,short_term,1413,7,608,rejected,,0,0
5755,1973,2024-06-29 06:20:43,app,installment,896,120,582,rejected,,0,0
5756,3564,2024-09-12 19:16:56,app,short_term,1858,7,616,rejected,,0,0
5757,1799,2025-01-06 22:27:09,web,short_term,3388,14,546,approved,2025-01-07 22:27:09,3388,14
5758,3091,2025-10-22 01:46:52,app,installment,1424,90,582,rejected,,0,0
5759,4457,2024-08-15 00:11:47,app,installment,3850,180,584,approved,2024-08-17 00:11:47,3850,180
5760,1356,2025-05-14 20:35:37,app,short_term,2032,21,584,approved,2025-05-15 20:35:37,2032,21
5761,4427,2025-02-28 06:12:19,app,short_term,2223,14,614,rejected,,0,0
5762,3837,2024-05-28 05:02:33,partner,short_term,3846,14,624,approved,2024-05-29 05:02:33,3846,14
5763,1209,2025-04-11 05:14:16,app,short_term,1859,7,566,rejected,,0,0
5764,3721,2025-05-03 11:06:14,app,installment,2261,60,615,rejected,,0,0
5765,3934,2025-06-21 21:13:55,web,short_term,3969,14,610,approved,2025-06-23 21:13:55,3969,14
5766,2396,2025-09-22 07:55:05,partner,short_term,2002,21,616,approved,2025-09-22 07:55:05,2002,21
5767,3517,2024-05-16 18:07:27,app,short_term,1506,21,609,approved,2024-05-17 18:07:27,1506,21
5768,2464,2025-03-21 05:36:34,web,short_term,2269,14,564,rejected,,0,0
5769,707,2024-12-04 03:00:22,app,short_term,2282,7,604,rejected,,0,0
5770,3136,2024-10-30 02:52:16,app,installment,3007,90,658,rejected,,0,0
5771,867,2025-11-28 07:23:47,app,installment,2008,60,506,rejected,,0,0
5772,4693,2024-02-10 15:15:38,app,installment,4520,120,594,approved,2024-02-11 15:15:38,4520,120
5773,2661,2024-05-27 21:16:27,app,short_term,4149,30,611,approved,2024-05-28 21:16:27,3717,30
5774,441,2025-01-11 10:37:49,app,short_term,2527,21,616,approved,2025-01-11 10:37:49,2527,21
5775,2921,2025-04-04 09:27:25,app,short_term,3990,30,555,rejected,,0,0
5776,4199,2025-04-17 17:24:20,app,installment,3405,90,569,approved,2025-04-17 17:24:20,3405,90
5777,4148,2024-11-27 10:41:45,web,short_term,1189,21,663,approved,2024-11-27 10:41:45,1189,21
5778,1552,2025-06-08 13:12:18,web,installment,1576,120,593,approved,2025-06-09 13:12:18,1576,120
5779,2660,2024-06-14 21:44:41,app,short_term,1274,21,632,approved,2024-06-15 21:44:41,1274,21
5780,2791,2024-09-22 14:12:25,app,installment,4410,90,590,rejected,,0,0
5781,1527,2025-08-30 11:33:11,app,installment,1332,60,480,rejected,,0,0
5782,2122,2024-11-23 08:22:26,app,installment,1024,60,633,approved,2024-11-25 08:22:26,1024,60
5783,1697,2025-08-29 13:55:19,web,short_term,1140,30,569,approved,2025-08-30 13:55:19,1140,30
5784,2,2024-03-15 15:03:08,partner,installment,2739,60,576,approved,2024-03-17 15:03:08,2739,60
5785,980,2024-12-10 09:04:14,partner,short_term,3623,30,632,approved,2024-12-10 09:04:14,3623,30
5786,1804,2025-04-03 14:46:21,web,short_term,2745,7,557,rejected,,0,0
5787,4405,2025-11-14 21:42:16,app,short_term,4228,21,534,rejected,,0,0
5788,4723,2025-08-17 22:45:30,app,installment,3714,120,542,rejected,,0,0
5789,3183,2025-03-15 03:46:08,web,short_term,3399,21,586,rejected,,0,0
5790,1182,2024-03-30 22:51:16,web,short_term,1708,14,563,rejected,,0,0
5791,3475,2024-11-13 01:37:39,app,installment,977,60,481,rejected,,0,0
5792,3663,2025-10-06 07:56:09,app,short_term,1821,21,630,approved,2025-10-07 07:56:09,1821,21
5793,512,2024-12-13 16:03:37,app,installment,1458,120,613,rejected,,0,0
5794,113,2024-05-22 21:24:29,web,short_term,4416,14,614,rejected,,0,0
5795,2485,2024-11-09 22:13:06,app,installment,1789,180,622,rejected,,0,0
5796,1172,2024-12-17 12:31:57,web,installment,4978,90,579,approved,2024-12-18 12:31:57,3914,90
5797,3223,2024-04-08 12:49:44,app,short_term,4840,21,579,approved,2024-04-09 12:49:44,4840,21
5798,2495,2025-06-29 11:37:43,app,installment,4900,120,645,approved,2025-07-01 11:37:43,4900,120
5799,565,2025-06-10 14:29:50,app,short_term,3656,21,479,rejected,,0,0
5800,2438,2024-07-02 22:05:58,app,installment,3717,120,615,approved,2024-07-03 22:05:58,3717,120
5801,2430,2025-04-22 12:27:51,app,short_term,1524,7,612,approved,2025-04-24 12:27:51,1524,7
5802,5000,2025-12-12 03:07:36,web,short_term,1363,30,532,approved,2025-12-13 03:07:36,1363,30
5803,4041,2025-06-22 00:25:00,app,installment,3704,120,553,rejected,,0,0
5804,3367,2025-12-04 18:59:34,app,installment,759,180,650,rejected,,0,0
5805,4625,2024-02-11 22:41:32,app,short_term,3457,14,647,approved,2024-02-12 22:41:32,3457,14
5806,2889,2025-08-02 04:50:55,app,installment,3069,180,583,rejected,,0,0
5807,1425,2024-02-04 00:38:24,app,installment,4615,120,611,rejected,,0,0
5808,3564,2025-09-10 23:04:06,web,installment,4617,180,591,rejected,,0,0
5809,889,2025-10-07 13:59:20,app,short_term,2960,21,622,rejected,,0,0
5810,4918,2024-07-18 12:06:50,web,short_term,1314,14,604,approved,2024-07-18 12:06:50,1314,14
5811,798,2025-07-19 16:34:17,app,short_term,3904,7,594,rejected,,0,0
5812,2089,2025-12-16 17:35:06,app,installment,1370,180,600,rejected,,0,0
5813,2174,2024-07-21 20:35:10,web,short_term,1950,7,530,rejected,,0,0
5814,3620,2024-06-26 04:25:01,web,installment,2833,60,593,rejected,,0,0
5815,2506,2025-11-29 01:41:16,partner,short_term,3119,21,578,approved,2025-11-30 01:41:16,3028,21
5816,2576,2024-11-03 23:40:22,app,installment,1721,60,603,approved,2024-11-05 23:40:22,1721,60
5817,3231,2025-01-17 16:56:47,app,short_term,834,30,527,rejected,,0,0
5818,3209,2024-06-04 17:38:09,web,short_term,2361,7,567,approved,2024-06-06 17:38:09,2361,7
5819,3484,2024-12-22 06:04:41,app,short_term,4504,21,517,rejected,,0,0
5820,1211,2025-01-21 03:29:55,web,installment,4259,120,625,approved,2025-01-21 03:29:55,4259,120
5821,549,2025-09-17 10:32:56,web,installment,2228,90,594,rejected,,0,0
5822,4048,2025-12-18 09:05:12,web,short_term,4020,7,612,approved,2025-12-20 09:05:12,4020,7
5823,2972,2024-03-16 20:08:10,partner,short_term,4127,21,583,rejected,,0,0
5824,2344,2025-05-18 05:47:17,app,short_term,4026,21,557,rejected,,0,0
5825,124,2025-03-25 20:25:22,app,installment,1162,60,569,approved,2025-03-25 20:25:22,1162,60
5826,2501,2025-05-31 12:42:55,app,short_term,1453,21,630,approved,2025-05-31 12:42:55,1453,21
5827,1314,2025-05-09 05:09:59,app,installment,1013,90,638,approved,2025-05-09 05:09:59,1013,90
5828,4237,2025-02-09 19:51:37,web,short_term,4295,14,594,rejected,,0,0
5829,1286,2025-11-17 01:42:36,app,short_term,2968,21,596,rejected,,0,0
5830,806,2024-07-20 14:42:38,web,installment,1255,180,596,rejected,,0,0
5831,4394,2025-06-30 13:35:17,app,short_term,1615,7,610,rejected,,0,0
5832,3130,2024-01-27 05:21:58,app,short_term,2223,21,617,rejected,,0,0
5833,273,2025-05-03 20:39:49,app,short_term,4118,30,608,rejected,,0,0
5834,334,2025-04-01 08:29:39,app,installment,1112,180,598,approved,2025-04-01 08:29:39,1112,180
5835,934,2025-01-03 14:38:11,app,installment,2879,180,669,approved,2025-01-05 14:38:11,2879,180
5836,677,2024-07-13 13:54:45,app,short_term,3526,14,643,rejected,,0,0
5837,880,2024-10-24 19:28:30,app,short_term,4347,30,597,rejected,,0,0
5838,570,2024-03-29 23:11:12,app,short_term,3899,21,578,rejected,,0,0
5839,1791,2024-05-09 06:57:10,partner,short_term,1304,7,594,approved,2024-05-10 06:57:10,1304,7
5840,3579,2025-08-02 10:32:39,app,installment,2190,180,569,rejected,,0,0
5841,4599,2024-03-06 07:37:23,app,short_term,3917,7,584,rejected,,0,0
5842,1739,2025-07-02 02:26:17,app,short_term,3589,14,570,rejected,,0,0
5843,3488,2025-04-03 16:38:17,app,short_term,3963,21,622,rejected,,0,0
5844,4968,2025-01-13 03:29:49,app,installment,2983,120,628,approved,2025-01-13 03:29:49,2983,120
5845,3057,2024-12-22 01:13:57,app,short_term,4523,30,588,rejected,,0,0
5846,295,2025-07-04 22:48:18,app,installment,4630,60,528,rejected,,0,0
5847,1019,2025-08-23 02:51:13,app,short_term,749,14,613,rejected,,0,0
5848,37,2025-04-10 04:29:29,app,short_term,1784,7,504,rejected,,0,0
5849,944,2025-08-23 04:16:45,web,short_term,4027,7,669,approved,2025-08-23 04:16:45,4027,7
5850,4079,2025-05-10 10:07:13,app,short_term,3132,7,609,rejected,,0,0
5851,630,2025-07-26 11:38:05,app,installment,1355,180,516,rejected,,0,0
5852,2578,2024-10-17 11:21:46,app,short_term,2983,30,615,rejected,,0,0
5853,803,2025-07-20 00:24:06,app,installment,1926,120,629,rejected,,0,0
5854,3690,2025-04-06 18:33:22,app,installment,1735,60,541,rejected,,0,0
5855,235,2024-11-23 15:07:07,app,installment,3837,90,532,rejected,,0,0
5856,4073,2025-05-03 00:04:13,app,installment,4695,90,554,rejected,,0,0
5857,3866,2025-10-08 18:52:56,app,short_term,4112,21,585,approved,2025-10-10 18:52:56,4112,21
5858,3834,2024-05-03 09:15:59,app,short_term,2867,7,582,approved,2024-05-04 09:15:59,2867,7
5859,547,2024-06-16 06:19:30,app,installment,4862,60,643,approved,2024-06-18 06:19:30,4862,60
5860,3724,2025-10-07 06:21:08,app,short_term,4384,7,543,rejected,,0,0
5861,2929,2024-10-18 10:14:16,app,installment,998,180,633,approved,2024-10-19 10:14:16,998,180
5862,1717,2025-04-14 19:05:08,web,installment,3524,120,509,rejected,,0,0
5863,4214,2024-11-25 21:23:30,app,installment,508,90,615,rejected,,0,0
5864,3082,2024-09-24 17:55:29,app,short_term,2580,30,574,rejected,,0,0
5865,569,2025-01-05 09:59:17,app,installment,3457,90,542,approved,2025-01-06 09:59:17,3457,90
5866,2481,2024-11-11 15:22:04,app,short_term,1698,14,564,rejected,,0,0
5867,1022,2025-01-08 20:01:11,app,short_term,3691,14,500,rejected,,0,0
5868,4876,2024-09-18 00:28:35,web,installment,1263,120,587,approved,2024-09-18 00:28:35,1263,120
5869,4588,2024-05-03 05:58:03,partner,installment,3469,120,607,approved,2024-05-04 05:58:03,3469,120
5870,751,2025-08-05 00:20:40,partner,installment,4245,60,598,approved,2025-08-06 00:20:40,4245,60
5871,716,2024-08-04 18:51:58,partner,short_term,2887,30,460,rejected,,0,0
5872,1238,2024-09-11 09:44:20,web,installment,3278,60,488,rejected,,0,0
5873,2226,2024-02-13 21:16:23,web,short_term,2751,21,614,approved,2024-02-15 21:16:23,2751,21
5874,2214,2025-05-09 00:01:07,web,installment,3431,60,553,rejected,,0,0
5875,3722,2025-12-01 04:01:09,app,short_term,1382,21,562,rejected,,0,0
5876,901,2024-02-25 00:39:47,app,installment,3294,120,611,approved,2024-02-25 00:39:47,3294,120
5877,1424,2024-12-05 18:49:34,app,short_term,3711,14,544,approved,2024-12-05 18:49:34,3711,14
5878,3399,2025-01-24 17:44:48,app,short_term,2154,30,505,rejected,,0,0
5879,4115,2025-08-11 07:51:35,app,short_term,3852,30,605,rejected,,0,0
5880,231,2024-12-23 09:11:43,app,short_term,2976,21,613,rejected,,0,0
5881,2994,2025-11-09 04:41:11,partner,installment,4178,180,604,approved,2025-11-09 04:41:11,4178,180
5882,2901,2024-05-16 11:52:51,partner,installment,3637,90,584,rejected,,0,0
5883,789,2024-05-25 02:36:25,app,short_term,2708,7,644,approved,2024-05-27 02:36:25,2708,7
5884,3113,2025-02-25 18:30:36,app,short_term,1745,21,599,rejected,,0,0
5885,1342,2024-07-24 14:38:49,app,installment,1835,120,550,rejected,,0,0
5886,1237,2025-09-29 13:38:51,app,short_term,1988,7,588,rejected,,0,0
5887,4672,2025-08-22 05:07:08,app,short_term,3744,30,575,rejected,,0,0
5888,938,2024-09-08 18:07:02,web,installment,3480,120,555,rejected,,0,0
5889,848,2025-06-19 17:30:45,app,installment,3463,120,536,rejected,,0,0
5890,1794,2024-06-15 07:19:15,app,installment,1945,90,573,approved,2024-06-17 07:19:15,1945,90
5891,886,2025-04-20 09:55:30,app,installment,3261,180,596,approved,2025-04-20 09:55:30,3261,180
5892,752,2025-05-10 01:24:47,app,installment,3637,180,585,rejected,,0,0
5893,1284,2025-08-08 09:01:02,partner,short_term,3812,30,568,approved,2025-08-08 09:01:02,3812,30
5894,1636,2025-11-30 05:27:04,partner,short_term,2629,7,616,approved,2025-12-02 05:27:04,2629,7
5895,444,2025-09-10 15:38:56,partner,installment,3424,180,623,approved,2025-09-12 15:38:56,3424,180
5896,4925,2025-12-22 09:52:44,app,short_term,4429,21,616,rejected,,0,0
5897,1184,2025-05-02 05:55:29,app,short_term,4276,30,591,approved,2025-05-04 05:55:29,4276,30
5898,2677,2025-02-10 05:43:50,app,short_term,3332,14,573,approved,2025-02-10 05:43:50,3332,14
5899,3875,2024-11-11 06:58:26,app,installment,3897,60,585,rejected,,0,0
5900,1005,2024-04-13 00:25:46,partner,short_term,1361,21,636,approved,2024-04-14 00:25:46,1361,21
5901,152,2024-03-10 15:24:06,app,short_term,4010,21,583,approved,2024-03-11 15:24:06,3192,21
5902,220,2025-03-05 11:05:03,app,short_term,2219,21,595,approved,2025-03-05 11:05:03,2219,21
5903,1685,2024-11-26 21:11:19,app,short_term,2684,21,586,approved,2024-11-28 21:11:19,2684,21
5904,2087,2025-09-21 21:05:47,app,installment,3452,60,652,approved,2025-09-22 21:05:47,3452,60
5905,141,2025-01-26 15:54:38,partner,installment,4937,120,608,rejected,,0,0
5906,4191,2024-12-28 10:53:52,app,installment,2313,120,495,rejected,,0,0
5907,423,2025-07-19 10:48:49,web,installment,2787,180,559,approved,2025-07-20 10:48:49,2787,180
5908,971,2024-03-19 01:14:09,app,short_term,951,21,570,rejected,,0,0
5909,4858,2024-02-03 16:32:00,app,installment,3851,120,526,rejected,,0,0
5910,1290,2025-08-28 02:23:38,web,installment,3577,180,601,rejected,,0,0
5911,681,2025-12-15 06:05:18,app,short_term,2219,14,614,rejected,,0,0
5912,2302,2025-10-04 04:48:50,app,installment,3358,180,576,rejected,,0,0
5913,4965,2025-09-19 09:50:37,app,short_term,4219,21,623,approved,2025-09-20 09:50:37,4219,21
5914,128,2025-10-31 19:13:48,app,installment,2931,180,582,rejected,,0,0
5915,2991,2025-03-31 05:17:48,app,installment,2441,180,678,approved,2025-04-02 05:17:48,2441,180
5916,3210,2024-11-13 21:10:54,app,installment,2215,180,607,approved,2024-11-13 21:10:54,2215,180
5917,4585,2025-07-29 17:08:35,app,installment,1336,120,573,rejected,,0,0
5918,3026,2024-03-24 10:23:28,partner,installment,2011,180,553,approved,2024-03-25 10:23:28,2011,180
5919,4373,2025-03-13 00:40:37,partner,installment,4055,90,579,approved,2025-03-15 00:40:37,4055,90
5920,2322,2025-11-04 17:46:40,web,short_term,890,7,587,approved,2025-11-06 17:46:40,890,7
5921,1089,2025-02-18 09:43:15,app,installment,4907,120,643,approved,2025-02-19 09:43:15,4907,120
5922,789,2025-09-08 07:38:55,app,short_term,2770,7,653,approved,2025-09-10 07:38:55,2770,7
5923,1824,2024-02-15 00:09:55,app,short_term,1252,30,563,rejected,,0,0
5924,1976,2024-05-06 07:56:36,app,installment,3049,180,566,rejected,,0,0
5925,481,2024-09-13 17:32:12,app,installment,2837,120,589,rejected,,0,0
5926,4702,2025-08-30 18:03:02,web,installment,2120,60,537,rejected,,0,0
5927,3513,2024-06-27 04:30:34,app,short_term,4406,21,614,approved,2024-06-29 04:30:34,4406,21
5928,456,2024-04-29 02:23:54,app,short_term,1053,30,622,rejected,,0,0
5929,4924,2024-03-05 20:33:30,app,short_term,3166,7,594,approved,2024-03-07 20:33:30,3166,7
5930,2684,2024-10-14 06:43:30,app,installment,4880,90,584,approved,2024-10-16 06:43:30,4148,90
5931,4241,2024-05-16 11:31:06,web,installment,2495,60,533,rejected,,0,0
5932,3063,2025-04-27 14:58:46,app,installment,1001,180,526,rejected,,0,0
5933,3739,2024-11-15 10:50:02,web,short_term,4833,14,656,approved,2024-11-16 10:50:02,4833,14
5934,2198,2025-07-17 19:13:26,app,short_term,931,14,553,rejected,,0,0
5935,697,2025-12-11 06:08:02,app,short_term,4445,30,580,rejected,,0,0
5936,2449,2024-04-19 07:59:30,app,short_term,1376,14,602,approved,2024-04-19 07:59:30,1376,14
5937,2178,2025-08-08 00:18:42,app,installment,1675,120,568,rejected,,0,0
5938,4102,2025-12-11 16:59:52,app,installment,1385,120,579,approved,2025-12-11 16:59:52,1385,120
5939,4026,2024-08-28 09:14:44,app,short_term,4517,30,618,approved,2024-08-29 09:14:44,4517,30
5940,2052,2025-12-02 01:42:21,app,installment,2264,120,597,rejected,,0,0
5941,2317,2024-02-07 05:26:50,web,short_term,1710,7,606,rejected,,0,0
5942,261,2024-04-06 19:23:05,web,installment,3583,120,591,approved,2024-04-08 19:23:05,3583,120
5943,1319,2025-06-24 06:26:20,web,short_term,3738,7,590,rejected,,0,0
5944,3904,2024-04-07 16:25:09,app,installment,1610,90,635,rejected,,0,0
5945,2810,2025-09-03 13:53:41,app,installment,1769,60,636,rejected,,0,0
5946,261,2025-06-22 04:31:15,app,short_term,4882,14,577,rejected,,0,0
5947,2830,2024-04-10 11:37:44,app,short_term,2641,21,633,rejected,,0,0
5948,2495,2024-06-18 16:24:21,app,short_term,2381,30,688,approved,2024-06-20 16:24:21,2381,30
5949,1362,2025-10-11 08:47:24,web,installment,4295,90,553,rejected,,0,0
5950,3022,2025-09-19 15:34:40,app,short_term,4778,14,601,rejected,,0,0
5951,4727,2025-05-29 05:48:24,app,short_term,4664,30,631,approved,2025-05-29 05:48:24,4664,30
5952,93,2025-09-21 21:49:24,web,installment,2037,90,663,rejected,,0,0
5953,4051,2025-11-24 12:00:21,app,installment,3732,120,608,approved,2025-11-24 12:00:21,3732,120
5954,691,2025-05-26 16:55:35,partner,installment,2676,120,626,rejected,,0,0
5955,3308,2025-06-26 22:27:49,app,short_term,3302,30,592,approved,2025-06-28 22:27:49,3302,30
5956,1247,2025-08-17 01:33:59,app,installment,2396,60,590,approved,2025-08-18 01:33:59,2396,60
5957,4150,2024-02-21 03:47:28,app,installment,1742,180,552,rejected,,0,0
5958,4992,2025-01-11 01:28:55,web,short_term,1825,7,586,rejected,,0,0
5959,4350,2024-05-10 10:10:05,app,short_term,1772,30,552,approved,2024-05-10 10:10:05,1772,30
5960,777,2024-11-02 18:41:53,app,installment,2505,60,614,approved,2024-11-02 18:41:53,2505,60
5961,4890,2024-04-09 07:01:18,web,short_term,1771,14,577,rejected,,0,0
5962,4477,2025-01-22 13:24:35,web,short_term,4651,30,593,rejected,,0,0
5963,2040,2024-10-05 20:48:56,web,installment,4202,90,534,rejected,,0,0
5964,4508,2025-01-07 18:54:43,app,short_term,3824,30,600,approved,2025-01-09 18:54:43,3824,30
5965,2932,2025-09-13 23:39:58,partner,installment,1931,90,647,approved,2025-09-15 23:39:58,1931,90
5966,4467,2024-04-07 06:30:55,app,installment,4927,120,536,rejected,,0,0
5967,4808,2024-06-03 17:57:44,app,installment,4886,180,657,approved,2024-06-05 17:57:44,4886,180
5968,2134,2025-05-18 05:50:01,app,short_term,3917,30,605,rejected,,0,0
5969,4022,2025-05-12 02:35:13,app,installment,564,180,581,rejected,,0,0
5970,1480,2024-12-02 20:46:44,app,installment,896,60,491,rejected,,0,0
5971,4493,2025-05-23 15:56:26,app,short_term,3460,14,614,approved,2025-05-23 15:56:26,3460,14
5972,2943,2024-05-10 18:48:41,app,short_term,686,14,632,approved,2024-05-12 18:48:41,686,14
5973,522,2025-11-05 03:23:08,app,short_term,806,21,669,approved,2025-11-06 03:23:08,806,21
5974,4231,2024-06-07 06:27:28,web,short_term,2665,7,602,approved,2024-06-07 06:27:28,2665,7
5975,2223,2025-11-17 15:35:23,app,short_term,1001,7,610,approved,2025-11-17 15:35:23,1001,7
5976,4517,2024-01-23 16:28:05,app,installment,1768,120,578,approved,2024-01-24 16:28:05,1768,120
5977,583,2025-12-04 18:35:10,app,short_term,3837,30,570,rejected,,0,0
5978,2645,2025-08-17 04:20:10,partner,short_term,2511,7,463,rejected,,0,0
5979,1396,2025-10-05 06:03:34,app,installment,3678,180,514,rejected,,0,0
5980,3602,2025-05-14 00:14:24,partner,installment,3752,120,601,rejected,,0,0
5981,2889,2025-11-03 20:12:51,partner,short_term,4842,30,564,rejected,,0,0
5982,4417,2024-06-08 04:09:40,web,installment,4900,90,608,approved,2024-06-09 04:09:40,4900,90
5983,1969,2024-02-08 01:12:56,app,installment,502,180,521,rejected,,0,0
5984,3201,2024-05-28 10:21:19,web,short_term,4419,21,608,rejected,,0,0
5985,1965,2025-03-18 03:50:07,app,installment,673,60,527,approved,2025-03-20 03:50:07,673,60
5986,2520,2025-04-30 06:16:10,web,installment,835,60,592,approved,2025-05-02 06:16:10,835,60
5987,1654,2024-02-03 05:37:37,app,installment,4715,90,589,rejected,,0,0
5988,1096,2024-04-12 07:12:22,app,short_term,3413,7,605,rejected,,0,0
5989,4030,2024-09-03 13:44:29,app,installment,2076,90,636,rejected,,0,0
5990,3956,2025-02-20 11:46:19,web,installment,4700,90,560,approved,2025-02-21 11:46:19,4700,90
5991,4614,2025-10-10 17:20:59,app,short_term,2308,14,627,approved,2025-10-10 17:20:59,2308,14
5992,4935,2024-07-30 04:25:14,app,installment,1351,60,621,approved,2024-07-30 04:25:14,1351,60
5993,897,2025-08-16 12:13:11,app,installment,2904,90,501,rejected,,0,0
5994,4769,2024-07-06 05:55:34,app,short_term,1331,21,615,approved,2024-07-07 05:55:34,1331,21
5995,4479,2025-12-03 21:15:26,partner,short_term,1952,21,563,approved,2025-12-04 21:15:26,1952,21
5996,1003,2025-09-04 01:01:20,app,installment,2854,60,632,rejected,,0,0
5997,4955,2025-09-14 06:18:53,app,short_term,1254,21,574,approved,2025-09-14 06:18:53,1254,21
5998,3981,2025-11-29 14:49:53,partner,installment,2097,120,501,rejected,,0,0
5999,1396,2024-06-23 08:32:24,app,short_term,3063,14,552,rejected,,0,0
6000,961,2024-07-15 14:03:13,app,installment,538,180,629,approved,2024-07-17 14:03:13,538,180
6001,3490,2024-10-08 12:21:35,web,short_term,4251,21,634,approved,2024-10-08 12:21:35,4251,21
6002,4359,2025-10-31 19:24:46,app,short_term,1768,7,551,rejected,,0,0
6003,366,2025-04-21 01:26:59,app,short_term,1422,7,570,approved,2025-04-23 01:26:59,1422,7
6004,3923,2025-10-24 15:31:39,app,short_term,2974,7,593,approved,2025-10-26 15:31:39,2974,7
6005,650,2024-05-14 18:40:30,app,short_term,1662,30,589,rejected,,0,0
6006,4461,2025-11-06 07:55:53,app,short_term,1680,7,607,approved,2025-11-06 07:55:53,1680,7
6007,4484,2025-09-28 05:52:36,app,short_term,2677,21,579,rejected,,0,0
6008,4,2024-04-27 23:03:10,web,short_term,2085,21,583,rejected,,0,0
6009,1795,2024-03-14 04:24:18,app,short_term,1001,14,554,rejected,,0,0
6010,1504,2025-12-03 18:09:25,web,short_term,4128,21,599,rejected,,0,0
6011,2033,2024-03-16 04:12:46,app,short_term,1194,30,562,approved,2024-03-17 04:12:46,1194,30
6012,4478,2024-07-30 20:30:25,app,short_term,2750,7,626,approved,2024-07-30 20:30:25,2750,7
6013,3934,2025-10-04 12:10:09,app,short_term,838,21,638,rejected,,0,0
6014,1310,2024-03-15 02:54:52,app,installment,3327,60,604,rejected,,0,0
6015,3325,2025-08-08 03:27:01,web,short_term,4166,21,587,rejected,,0,0
6016,1515,2025-01-12 21:41:58,web,installment,3491,120,598,rejected,,0,0
6017,3538,2024-10-17 12:05:19,app,installment,2212,120,484,rejected,,0,0
6018,1193,2024-02-15 11:18:18,app,installment,3571,90,591,approved,2024-02-16 11:18:18,3571,90
6019,1213,2024-12-09 12:29:03,app,installment,3439,90,577,rejected,,0,0
6020,1663,2024-03-04 11:12:53,app,short_term,550,21,525,rejected,,0,0
6021,684,2024-08-25 14:06:44,web,installment,1535,180,567,approved,2024-08-25 14:06:44,1535,180
6022,3457,2025-06-19 17:44:38,app,installment,2659,120,637,rejected,,0,0
6023,4024,2025-10-12 10:04:48,app,short_term,1152,21,604,rejected,,0,0
6024,4030,2024-06-24 09:27:43,app,short_term,4711,30,657,approved,2024-06-25 09:27:43,4711,30
6025,707,2025-11-30 21:42:17,web,installment,2542,120,628,rejected,,0,0
6026,3333,2025-10-13 08:21:45,web,installment,3319,90,587,approved,2025-10-13 08:21:45,2457,90
6027,547,2024-06-15 22:22:51,app,installment,563,60,622,approved,2024-06-15 22:22:51,563,60
6028,3893,2025-08-05 14:21:59,app,short_term,912,21,607,rejected,,0,0
6029,552,2025-01-29 17:06:50,app,short_term,3103,14,491,rejected,,0,0
6030,874,2024-12-19 21:04:21,app,installment,633,120,616,approved,2024-12-21 21:04:21,633,120
6031,4917,2025-10-27 09:12:50,app,short_term,1075,7,563,rejected,,0,0
6032,3406,2025-10-13 19:33:34,app,short_term,4288,21,541,rejected,,0,0
6033,3954,2025-06-30 17:11:41,app,installment,3798,60,561,approved,2025-07-01 17:11:41,3798,60
6034,2003,2025-12-09 15:58:12,web,short_term,4883,21,556,rejected,,0,0
6035,3062,2024-12-21 06:39:50,app,short_term,3953,30,573,rejected,,0,0
6036,1262,2025-01-07 08:26:13,app,installment,3087,90,602,approved,2025-01-09 08:26:13,3087,90
6037,3931,2025-03-02 18:38:56,app,installment,2421,60,632,approved,2025-03-03 18:38:56,2421,60
6038,3809,2024-02-06 22:43:55,web,short_term,4331,14,499,rejected,,0,0
6039,4245,2025-08-29 10:25:51,app,installment,4801,60,607,approved,2025-08-29 10:25:51,4801,60
6040,2076,2024-05-27 23:20:31,app,short_term,2088,14,639,approved,2024-05-28 23:20:31,2088,14
6041,3878,2025-09-03 04:15:31,app,short_term,4643,30,626,approved,2025-09-03 04:15:31,4643,30
6042,3320,2024-05-17 04:34:31,web,short_term,4889,14,596,approved,2024-05-19 04:34:31,4889,14
6043,307,2024-02-02 13:36:13,web,installment,2554,180,626,approved,2024-02-03 13:36:13,2554,180
6044,1737,2024-01-25 22:56:36,app,short_term,4335,7,630,rejected,,0,0
6045,3798,2024-04-16 23:38:27,web,installment,3387,90,543,rejected,,0,0
6046,3642,2024-08-27 12:37:48,web,short_term,893,7,540,approved,2024-08-29 12:37:48,893,7
6047,4358,2025-05-19 09:11:29,app,short_term,4693,21,547,rejected,,0,0
6048,2796,2025-02-16 05:19:13,app,short_term,1059,14,571,rejected,,0,0
6049,1994,2025-05-29 01:32:59,app,short_term,4770,14,558,approved,2025-05-30 01:32:59,3933,14
6050,1957,2025-03-07 07:35:42,app,installment,592,120,594,rejected,,0,0
6051,4027,2024-09-02 20:35:02,app,short_term,2078,30,640,approved,2024-09-03 20:35:02,2078,30
6052,413,2024-12-14 01:11:59,web,short_term,1414,7,591,rejected,,0,0
6053,4239,2024-07-03 11:48:36,app,installment,2622,90,624,rejected,,0,0
6054,3430,2025-12-06 09:49:31,app,short_term,4263,7,532,rejected,,0,0
6055,2566,2025-06-17 01:50:19,app,short_term,3325,30,593,rejected,,0,0
6056,2675,2025-02-28 14:55:10,web,short_term,2880,14,617,approved,2025-02-28 14:55:10,2880,14
6057,2283,2025-11-10 09:57:52,app,short_term,3532,14,560,rejected,,0,0
6058,3306,2024-08-03 22:36:12,app,short_term,3037,14,552,rejected,,0,0
6059,729,2025-11-12 05:19:01,app,installment,3422,90,603,approved,2025-11-12 05:19:01,3422,90
6060,4610,2024-10-23 11:36:59,web,installment,1689,120,622,rejected,,0,0
6061,3794,2024-02-17 13:24:54,app,short_term,1903,30,597,rejected,,0,0
6062,1220,2024-07-19 01:26:16,web,short_term,4811,30,667,rejected,,0,0
6063,2826,2024-09-23 23:12:13,app,short_term,2759,14,559,rejected,,0,0
6064,3927,2024-08-09 05:23:15,app,installment,4825,180,556,rejected,,0,0
6065,2387,2024-05-05 00:42:50,app,short_term,1248,7,626,approved,2024-05-05 00:42:50,1248,7
6066,2938,2024-08-06 17:56:45,web,installment,3889,90,597,approved,2024-08-06 17:56:45,3889,90
6067,1632,2024-10-03 06:53:34,app,installment,2336,60,561,rejected,,0,0
6068,3109,2024-02-25 14:01:00,partner,installment,4571,120,600,rejected,,0,0
6069,4226,2025-05-19 08:55:07,partner,short_term,4116,30,599,approved,2025-05-19 08:55:07,4116,30
6070,2213,2024-12-02 22:25:26,app,installment,3243,90,656,rejected,,0,0
6071,3507,2025-12-22 10:46:57,app,short_term,3845,30,555,approved,2025-12-22 10:46:57,3845,30
6072,3323,2024-06-13 16:44:54,app,short_term,3902,7,576,approved,2024-06-14 16:44:54,3902,7
6073,593,2024-08-06 21:22:52,app,short_term,4658,30,575,rejected,,0,0
6074,1973,2025-10-21 12:11:01,web,short_term,985,7,565,rejected,,0,0
6075,1811,2024-11-07 03:04:27,web,installment,1005,60,585,rejected,,0,0
6076,2751,2025-06-05 03:15:58,partner,short_term,4927,30,641,approved,2025-06-06 03:15:58,4927,30
6077,4208,2025-10-29 02:28:05,app,short_term,2583,21,605,approved,2025-10-29 02:28:05,2583,21
6078,1148,2025-08-16 15:30:19,app,short_term,3069,7,650,rejected,,0,0
6079,53,2025-02-03 22:37:05,web,installment,3083,180,602,approved,2025-02-04 22:37:05,3083,180
6080,1698,2024-12-13 07:15:39,app,installment,3463,90,583,rejected,,0,0
6081,2448,2024-06-09 12:44:41,app,installment,3599,180,492,rejected,,0,0
6082,2735,2024-01-25 08:35:55,app,short_term,4040,30,525,rejected,,0,0
6083,1522,2025-09-26 14:08:03,app,installment,4054,90,596,approved,2025-09-28 14:08:03,4054,90
6084,1940,2024-06-04 17:41:20,app,installment,4486,180,598,approved,2024-06-04 17:41:20,4486,180
6085,1739,2025-12-10 13:55:15,app,installment,2400,180,560,rejected,,0,0
6086,2768,2024-08-22 12:50:49,web,installment,4774,180,528,rejected,,0,0
6087,1459,2025-09-07 13:39:41,app,installment,4495,60,572,rejected,,0,0
6088,469,2024-11-02 10:20:10,web,installment,4351,120,631,rejected,,0,0
6089,3641,2024-04-22 08:01:23,partner,short_term,2600,21,603,approved,2024-04-22 08:01:23,2600,21
6090,2519,2024-09-30 10:07:23,app,short_term,2464,21,508,approved,2024-10-01 10:07:23,2464,21
6091,948,2024-08-11 19:22:25,web,installment,4778,120,584,rejected,,0,0
6092,2412,2025-09-18 10:34:05,app,installment,2480,180,593,rejected,,0,0
6093,4689,2025-02-14 21:49:22,app,short_term,1994,30,562,approved,2025-02-14 21:49:22,1994,30
6094,2232,2024-09-12 15:17:04,app,installment,1680,180,538,rejected,,0,0
6095,4349,2025-11-25 20:01:07,app,installment,4306,90,612,rejected,,0,0
6096,2881,2024-03-18 23:00:38,app,short_term,1636,21,580,approved,2024-03-18 23:00:38,1636,21
6097,659,2024-04-06 12:57:25,app,installment,1273,60,613,rejected,,0,0
6098,3760,2024-09-08 07:41:12,app,short_term,4850,7,538,rejected,,0,0
6099,286,2024-11-06 09:06:45,app,short_term,3324,7,644,approved,2024-11-07 09:06:45,3324,7
6100,4967,2024-05-06 09:16:25,app,short_term,1179,21,558,rejected,,0,0
6101,4383,2025-05-23 09:40:38,web,installment,1821,90,629,approved,2025-05-24 09:40:38,1821,90
6102,1855,2025-10-20 03:07:10,partner,short_term,4927,30,553,rejected,,0,0
6103,2601,2024-07-17 19:14:18,app,installment,4976,60,602,approved,2024-07-18 19:14:18,4976,60
6104,4756,2025-03-18 00:32:13,app,installment,3913,120,641,approved,2025-03-18 00:32:13,3913,120
6105,1799,2025-12-16 23:30:43,app,installment,4861,90,553,rejected,,0,0
6106,4824,2024-02-21 01:38:22,web,installment,2286,90,584,rejected,,0,0
6107,4120,2025-07-07 19:38:12,app,short_term,3072,30,629,approved,2025-07-08 19:38:12,3072,30
6108,132,2024-02-12 01:19:34,app,installment,829,180,473,rejected,,0,0
6109,3927,2025-03-25 13:05:56,web,installment,4780,120,578,rejected,,0,0
6110,4158,2025-09-17 06:09:32,partner,short_term,2734,21,630,approved,2025-09-17 06:09:32,2734,21
6111,3259,2024-07-05 15:22:28,app,installment,4915,90,598,approved,2024-07-05 15:22:28,4670,90
6112,1737,2025-10-02 08:36:19,app,installment,4786,180,605,approved,2025-10-03 08:36:19,4786,180
6113,3715,2024-08-02 08:05:18,app,installment,4275,180,575,approved,2024-08-04 08:05:18,4275,180
6114,2174,2025-02-17 06:51:57,partner,installment,2769,90,519,approved,2025-02-19 06:51:57,2769,90
6115,3115,2025-05-06 22:39:28,web,short_term,1106,21,666,approved,2025-05-06 22:39:28,1106,21
6116,1229,2024-09-24 03:04:25,app,short_term,3937,7,580,rejected,,0,0
6117,251,2025-11-07 07:34:46,app,short_term,3023,7,622,rejected,,0,0
6118,4843,2025-11-16 21:26:08,app,installment,2463,90,615,approved,2025-11-16 21:26:08,2463,90
6119,2932,2025-06-25 05:10:29,app,short_term,1421,30,605,rejected,,0,0
6120,2271,2024-08-07 04:18:31,partner,installment,3374,180,617,approved,2024-08-09 04:18:31,3374,180
6121,2782,2024-04-30 04:01:09,app,short_term,4561,14,594,rejected,,0,0
6122,4240,2025-02-09 05:18:37,app,short_term,1180,21,565,rejected,,0,0
6123,3756,2024-04-13 11:15:18,web,installment,3071,90,504,rejected,,0,0
6124,1191,2024-03-14 12:17:01,app,installment,3959,180,598,approved,2024-03-14 12:17:01,3959,180
6125,4477,2024-10-25 05:58:04,app,short_term,3656,14,582,rejected,,0,0
6126,1782,2025-10-11 23:04:16,app,installment,4990,60,538,rejected,,0,0
6127,871,2024-01-27 20:24:16,partner,short_term,1722,7,620,approved,2024-01-28 20:24:16,1722,7
6128,2633,2025-12-08 02:06:48,app,short_term,1560,30,550,rejected,,0,0
6129,4780,2024-05-11 16:16:49,app,short_term,4116,7,581,rejected,,0,0
6130,4184,2025-03-07 23:56:28,partner,short_term,4480,30,553,approved,2025-03-08 23:56:28,4480,30
6131,1071,2024-04-17 02:21:40,app,installment,2553,120,608,rejected,,0,0
6132,3468,2025-09-20 10:08:39,app,installment,1864,60,545,rejected,,0,0
6133,4184,2025-09-16 04:41:22,web,installment,1816,90,543,rejected,,0,0
6134,3464,2024-11-13 20:50:22,web,short_term,3812,7,612,approved,2024-11-15 20:50:22,3812,7
6135,4402,2024-05-15 12:48:57,app,installment,914,90,505,rejected,,0,0
6136,900,2025-05-02 13:10:31,app,installment,3523,90,581,rejected,,0,0
6137,1313,2025-01-03 05:49:28,app,installment,3652,60,596,rejected,,0,0
6138,1573,2024-08-17 22:07:55,app,installment,4645,180,620,rejected,,0,0
6139,721,2025-10-14 11:30:51,app,short_term,4293,7,544,rejected,,0,0
6140,2007,2024-11-10 18:57:46,app,short_term,2848,7,536,rejected,,0,0
6141,934,2025-02-27 23:55:31,app,short_term,1192,14,669,approved,2025-02-27 23:55:31,1192,14
6142,3496,2024-05-24 22:37:54,web,installment,4250,120,620,approved,2024-05-24 22:37:54,4250,120
6143,3022,2024-04-24 04:57:23,app,short_term,1960,30,589,approved,2024-04-26 04:57:23,1960,30
6144,3895,2025-03-08 09:31:01,app,installment,1370,60,612,rejected,,0,0
6145,2156,2025-12-04 03:44:39,app,short_term,1440,21,609,approved,2025-12-05 03:44:39,1440,21
6146,2535,2024-04-25 14:17:58,web,short_term,3455,14,551,rejected,,0,0
6147,4596,2024-02-24 17:55:56,app,installment,3911,180,637,approved,2024-02-24 17:55:56,3911,180
6148,2899,2025-12-07 21:37:24,app,short_term,4452,7,577,rejected,,0,0
6149,2915,2025-04-24 03:10:43,web,installment,4736,180,484,rejected,,0,0
6150,185,2024-02-06 00:53:55,partner,short_term,1043,30,608,approved,2024-02-07 00:53:55,1043,30
6151,828,2025-12-20 05:24:10,app,installment,1110,180,603,approved,2025-12-21 05:24:10,1110,180
6152,4120,2024-04-06 11:58:32,app,installment,2582,120,647,approved,2024-04-08 11:58:32,2582,120
6153,3272,2025-02-24 22:23:50,app,installment,2996,60,556,approved,2025-02-26 22:23:50,2996,60
6154,4767,2024-08-04 21:44:06,app,short_term,3834,30,588,rejected,,0,0
6155,4171,2024-09-26 16:34:08,app,installment,2039,60,616,rejected,,0,0
6156,3434,2024-04-25 22:05:18,app,short_term,3411,14,587,rejected,,0,0
6157,528,2025-04-07 09:15:41,app,short_term,2551,21,567,rejected,,0,0
6158,1578,2025-12-11 17:42:01,web,installment,1897,60,576,rejected,,0,0
6159,989,2025-10-10 05:29:35,app,short_term,1525,30,578,approved,2025-10-11 05:29:35,1525,30
6160,2255,2024-11-25 23:20:21,partner,installment,4884,120,583,rejected,,0,0
6161,2705,2024-11-20 13:17:37,web,installment,3859,180,543,approved,2024-11-21 13:17:37,3859,180
6162,4277,2025-05-08 17:31:16,app,installment,4994,60,601,approved,2025-05-09 17:31:16,4994,60
6163,4134,2025-07-22 06:31:04,app,short_term,2272,21,541,approved,2025-07-23 06:31:04,2272,21
6164,1483,2025-12-16 20:58:30,app,short_term,1459,21,602,approved,2025-12-18 20:58:30,1459,21
6165,1092,2024-07-09 14:36:24,app,short_term,2309,14,476,rejected,,0,0
6166,2442,2025-10-28 00:08:51,partner,installment,1533,60,679,rejected,,0,0
6167,4931,2024-03-21 06:07:05,app,short_term,1087,7,607,approved,2024-03-23 06:07:05,1087,7
6168,993,2024-03-02 04:34:11,app,installment,4975,60,579,rejected,,0,0
6169,1223,2025-05-23 01:40:38,web,installment,2497,90,572,rejected,,0,0
6170,1049,2024-12-24 12:51:48,web,short_term,2824,21,587,rejected,,0,0
6171,119,2025-10-08 09:35:24,app,short_term,4451,14,600,rejected,,0,0
6172,29,2024-02-04 03:49:26,app,installment,3830,180,533,rejected,,0,0
6173,1232,2024-03-11 01:24:56,app,short_term,3078,30,595,rejected,,0,0
6174,1702,2024-08-05 01:01:15,app,short_term,774,30,526,rejected,,0,0
6175,4806,2024-01-29 02:51:27,app,short_term,3506,14,622,rejected,,0,0
6176,3917,2025-04-07 01:14:52,app,short_term,3111,14,616,approved,2025-04-09 01:14:52,3111,14
6177,636,2024-06-23 00:00:24,app,short_term,4994,14,652,approved,2024-06-24 00:00:24,4994,14
6178,3438,2024-04-21 06:02:39,app,short_term,4095,30,607,approved,2024-04-22 06:02:39,4095,30
6179,4257,2025-03-16 07:04:30,app,installment,3954,120,565,rejected,,0,0
6180,3503,2025-07-21 01:53:21,app,short_term,733,21,616,rejected,,0,0
6181,3685,2025-02-16 02:58:42,app,short_term,4081,14,575,approved,2025-02-17 02:58:42,4081,14
6182,221,2025-07-12 18:24:00,app,short_term,785,14,648,approved,2025-07-14 18:24:00,785,14
6183,4480,2024-04-25 05:05:06,app,short_term,1237,21,533,rejected,,0,0
6184,2077,2024-07-02 21:02:34,app,installment,2743,120,553,rejected,,0,0
6185,3979,2025-07-30 11:40:29,app,short_term,3908,21,637,approved,2025-07-30 11:40:29,3908,21
6186,2496,2024-07-23 22:01:38,app,short_term,1216,21,523,rejected,,0,0
6187,1453,2025-11-09 08:11:50,web,short_term,1077,7,578,approved,2025-11-11 08:11:50,1077,7
6188,204,2025-08-25 12:14:14,app,short_term,2306,30,572,rejected,,0,0
6189,1220,2024-10-20 20:17:48,app,short_term,2705,30,613,rejected,,0,0
6190,3288,2025-04-19 22:21:47,web,short_term,4067,14,582,approved,2025-04-19 22:21:47,4067,14
6191,828,2025-04-01 03:09:28,app,short_term,1131,21,594,approved,2025-04-01 03:09:28,1131,21
6192,1641,2024-12-30 17:51:25,app,installment,1342,180,550,rejected,,0,0
6193,2289,2024-12-10 09:33:07,app,short_term,4202,21,591,approved,2024-12-12 09:33:07,3906,21
6194,2589,2024-07-02 11:25:51,app,short_term,2118,30,550,rejected,,0,0
6195,2356,2024-06-10 18:32:41,app,installment,4810,90,586,rejected,,0,0
6196,327,2024-02-19 02:21:18,partner,short_term,1616,7,586,approved,2024-02-20 02:21:18,1616,7
6197,50,2024-08-12 12:16:38,app,installment,1713,120,618,approved,2024-08-14 12:16:38,1713,120
6198,3244,2025-09-24 10:48:04,web,short_term,3118,21,615,approved,2025-09-26 10:48:04,3118,21
6199,3305,2024-10-06 09:13:40,partner,installment,3953,60,562,approved,2024-10-06 09:13:40,3953,60
6200,2753,2025-12-13 20:27:53,app,short_term,2194,21,629,rejected,,0,0
6201,2747,2025-12-12 14:19:08,app,installment,1162,120,599,rejected,,0,0
6202,4180,2024-04-11 18:56:52,app,installment,2489,120,522,rejected,,0,0
6203,193,2025-09-12 16:56:26,app,installment,3066,90,580,approved,2025-09-13 16:56:26,3066,90
6204,1304,2025-11-07 23:24:01,app,short_term,3237,21,614,rejected,,0,0
6205,4226,2024-04-27 12:48:32,web,short_term,2711,21,570,rejected,,0,0
6206,1425,2024-11-22 19:47:45,app,installment,1240,120,612,approved,2024-11-22 19:47:45,1240,120
6207,4764,2025-05-16 07:25:34,web,short_term,1395,30,554,rejected,,0,0
6208,4477,2025-06-19 23:09:15,web,short_term,3556,14,551,rejected,,0,0
6209,4611,2025-03-31 05:00:51,app,short_term,3276,7,591,rejected,,0,0
6210,676,2025-05-28 11:25:40,app,short_term,3408,7,580,rejected,,0,0
6211,4768,2024-10-11 07:09:30,app,short_term,2580,30,582,rejected,,0,0
6212,858,2025-01-16 15:45:19,app,installment,4604,90,538,rejected,,0,0
6213,4910,2024-08-12 20:44:21,app,installment,2737,180,588,rejected,,0,0
6214,285,2024-03-02 05:51:50,web,installment,3365,180,643,approved,2024-03-03 05:51:50,3365,180
6215,1298,2025-10-15 12:11:44,app,installment,2821,90,607,rejected,,0,0
6216,635,2024-12-06 07:51:14,app,installment,1729,90,595,approved,2024-12-08 07:51:14,1729,90
6217,420,2025-02-10 21:07:24,app,short_term,2020,14,560,rejected,,0,0
6218,2848,2024-02-28 00:14:29,app,short_term,2892,21,567,rejected,,0,0
6219,4171,2025-10-20 15:04:42,partner,installment,2955,60,602,approved,2025-10-21 15:04:42,2955,60
6220,2069,2025-01-31 01:57:58,web,installment,4050,120,622,rejected,,0,0
6221,4024,2024-09-27 10:16:34,app,short_term,626,7,575,rejected,,0,0
6222,2476,2025-02-07 07:47:00,app,installment,2972,180,485,rejected,,0,0
6223,4687,2025-07-30 19:36:04,app,short_term,2564,21,603,rejected,,0,0
6224,1141,2024-12-08 13:13:58,app,short_term,4673,14,547,rejected,,0,0
6225,3957,2025-03-18 02:13:45,app,installment,4889,60,623,approved,2025-03-18 02:13:45,4889,60
6226,216,2024-10-27 21:57:01,web,short_term,3503,30,626,rejected,,0,0
6227,2255,2025-02-23 18:30:31,app,short_term,3036,21,595,approved,2025-02-25 18:30:31,3036,21
6228,1080,2024-07-28 11:41:35,app,short_term,1453,21,569,rejected,,0,0
6229,3817,2025-08-08 09:56:21,app,installment,4712,90,571,approved,2025-08-10 09:56:21,3954,90
6230,1825,2025-03-25 12:45:50,partner,installment,2555,120,655,approved,2025-03-27 12:45:50,2555,120
6231,2252,2024-06-07 07:17:11,app,installment,1267,60,538,rejected,,0,0
6232,3791,2025-04-16 02:13:57,app,installment,3409,180,596,rejected,,0,0
6233,1268,2025-03-28 10:01:40,web,installment,2505,180,570,rejected,,0,0
6234,590,2025-08-08 18:01:02,partner,short_term,2837,30,604,rejected,,0,0
6235,3441,2024-04-11 05:06:50,app,short_term,658,30,601,rejected,,0,0
6236,171,2025-09-23 15:56:03,web,installment,3144,180,538,rejected,,0,0
6237,3518,2024-01-25 13:16:06,partner,short_term,2131,21,516,rejected,,0,0
6238,4646,2025-06-29 11:31:01,app,short_term,3276,7,604,approved,2025-06-29 11:31:01,3276,7
6239,3512,2025-08-16 22:15:00,web,installment,4336,90,540,rejected,,0,0
6240,1263,2025-12-18 13:53:31,web,installment,4678,90,497,rejected,,0,0
6241,3660,2024-02-07 09:53:53,app,installment,2678,90,577,rejected,,0,0
6242,3500,2025-07-29 21:44:20,web,installment,1164,180,602,rejected,,0,0
6243,824,2024-07-19 11:43:53,app,short_term,3401,14,518,approved,2024-07-20 11:43:53,3401,14
6244,2252,2025-12-21 17:33:39,app,short_term,4487,7,589,rejected,,0,0
6245,4307,2025-07-14 18:53:52,app,installment,543,60,609,approved,2025-07-14 18:53:52,543,60
6246,1962,2025-08-26 17:32:12,app,installment,1601,180,563,rejected,,0,0
6247,679,2025-06-05 21:34:01,app,installment,3078,90,581,rejected,,0,0
6248,2453,2024-04-03 09:15:20,app,short_term,3862,7,586,rejected,,0,0
6249,3758,2025-06-17 19:57:18,app,installment,4458,60,618,approved,2025-06-19 19:57:18,4458,60
6250,420,2024-03-25 19:06:25,app,installment,3483,90,581,rejected,,0,0
6251,2229,2025-09-02 15:20:48,app,short_term,1845,14,581,approved,2025-09-04 15:20:48,1845,14
6252,4789,2024-03-16 00:36:01,app,short_term,1008,30,565,rejected,,0,0
6253,2640,2025-09-24 03:30:30,app,short_term,2399,7,599,approved,2025-09-24 03:30:30,2399,7
6254,2106,2024-03-25 20:47:20,app,short_term,4724,14,655,approved,2024-03-26 20:47:20,3608,14
6255,3886,2024-05-13 07:41:11,app,short_term,4809,21,584,approved,2024-05-14 07:41:11,4809,21
6256,2184,2025-04-05 13:11:55,app,short_term,3237,21,612,rejected,,0,0
6257,175,2025-10-13 01:59:49,app,installment,3809,60,591,rejected,,0,0
6258,154,2025-07-29 08:05:05,partner,short_term,4058,21,525,rejected,,0,0
6259,2491,2025-09-02 13:12:38,app,installment,2811,120,570,rejected,,0,0
6260,4623,2024-06-13 05:12:21,app,short_term,3353,21,556,rejected,,0,0
6261,4707,2024-04-12 10:08:03,app,short_term,2547,21,575,rejected,,0,0
6262,3528,2025-12-09 16:48:25,app,short_term,4819,21,593,approved,2025-12-09 16:48:25,4819,21
6263,3893,2024-04-29 07:48:21,app,installment,2841,60,611,approved,2024-05-01 07:48:21,2841,60
6264,116,2024-02-11 12:51:03,app,installment,4511,180,540,approved,2024-02-12 12:51:03,4443,180
6265,3923,2025-05-04 17:44:57,app,installment,2487,90,606,approved,2025-05-05 17:44:57,2487,90
6266,3001,2024-09-30 19:40:03,app,short_term,930,21,525,rejected,,0,0
6267,1251,2025-11-26 12:36:26,app,short_term,931,7,570,rejected,,0,0
6268,3020,2024-02-26 04:11:28,app,installment,3092,60,639,approved,2024-02-26 04:11:28,3092,60
6269,1549,2025-11-23 23:00:07,app,short_term,3009,7,587,rejected,,0,0
6270,2511,2025-08-12 23:56:43,app,installment,2022,60,576,rejected,,0,0
6271,2035,2024-04-09 12:45:10,partner,installment,4818,120,547,rejected,,0,0
6272,1974,2024-10-29 12:51:06,partner,short_term,2433,14,563,rejected,,0,0
6273,3439,2025-03-16 03:01:11,web,short_term,1436,14,522,rejected,,0,0
6274,1488,2025-04-24 10:45:16,web,installment,3857,120,549,rejected,,0,0
6275,2150,2024-04-17 07:35:02,app,short_term,2560,21,597,rejected,,0,0
6276,3397,2025-07-20 10:29:52,web,short_term,2647,14,619,approved,2025-07-22 10:29:52,2647,14
6277,3661,2024-10-29 14:51:51,app,short_term,3354,30,575,rejected,,0,0
6278,3556,2024-05-08 02:04:16,web,short_term,2763,7,639,rejected,,0,0
6279,3979,2025-07-17 21:03:06,app,installment,3088,120,603,rejected,,0,0
6280,100,2025-08-03 18:23:14,app,short_term,3496,7,497,approved,2025-08-04 18:23:14,2630,7
6281,2460,2025-03-08 22:12:33,web,installment,2724,120,528,rejected,,0,0
6282,3995,2025-12-13 16:13:10,app,installment,1509,60,578,rejected,,0,0
6283,2981,2024-05-28 12:04:03,app,installment,3379,60,629,approved,2024-05-29 12:04:03,3379,60
6284,2959,2025-03-25 15:26:11,app,installment,2573,90,532,rejected,,0,0
6285,2038,2024-10-14 17:44:24,app,short_term,4542,30,602,rejected,,0,0
6286,3744,2024-03-29 16:04:12,app,installment,4872,60,607,rejected,,0,0
6287,818,2025-08-08 03:05:40,app,short_term,2202,14,617,approved,2025-08-10 03:05:40,2202,14
6288,1907,2025-12-10 02:05:11,app,installment,1189,60,546,rejected,,0,0
6289,814,2024-07-04 03:29:52,app,installment,4796,180,527,approved,2024-07-04 03:29:52,4796,180
6290,2505,2024-08-02 08:53:42,web,installment,1677,60,644,approved,2024-08-03 08:53:42,1677,60
6291,337,2024-12-11 00:07:11,app,short_term,4530,14,607,approved,2024-12-12 00:07:11,4270,14
6292,1219,2024-07-29 19:23:56,app,short_term,4662,14,591,rejected,,0,0
6293,3928,2025-03-11 01:24:56,app,short_term,1160,21,591,rejected,,0,0
6294,3790,2025-05-23 20:44:41,web,short_term,4204,30,572,approved,2025-05-24 20:44:41,3664,30
6295,2377,2025-09-18 04:24:25,app,short_term,3766,7,566,rejected,,0,0
6296,1635,2025-10-30 18:18:39,app,installment,4646,90,615,rejected,,0,0
6297,830,2024-07-02 04:02:24,web,short_term,2696,21,591,rejected,,0,0
6298,1682,2024-10-04 11:00:49,app,installment,4481,180,717,approved,2024-10-04 11:00:49,4481,180
6299,4908,2024-03-30 16:51:21,web,short_term,1828,14,597,approved,2024-03-31 16:51:21,1828,14
6300,3279,2024-09-17 12:07:53,app,short_term,3130,7,595,approved,2024-09-17 12:07:53,2354,7
6301,4716,2025-04-16 02:22:40,app,short_term,4501,30,607,rejected,,0,0
6302,3045,2025-04-20 06:44:44,app,short_term,920,30,545,rejected,,0,0
6303,160,2024-03-10 23:38:45,app,short_term,2095,14,509,rejected,,0,0
6304,2166,2024-04-22 12:49:15,app,short_term,3488,30,504,rejected,,0,0
6305,603,2025-07-23 08:49:43,app,installment,2491,60,513,rejected,,0,0
6306,3680,2025-11-10 17:43:57,web,short_term,511,14,626,rejected,,0,0
6307,1244,2025-08-09 05:47:01,app,installment,1114,180,577,rejected,,0,0
6308,4284,2025-03-02 22:31:39,partner,short_term,1121,14,585,rejected,,0,0
6309,2940,2025-07-30 02:10:12,app,short_term,3141,30,547,rejected,,0,0
6310,1724,2024-06-05 20:46:05,app,installment,3723,90,594,approved,2024-06-06 20:46:05,3723,90
6311,3884,2024-11-16 08:00:52,web,short_term,3306,7,573,rejected,,0,0
6312,1367,2025-09-27 20:11:46,app,installment,2577,60,537,rejected,,0,0
6313,3699,2025-12-01 00:08:48,web,short_term,4731,14,622,approved,2025-12-03 00:08:48,4731,14
6314,1897,2024-10-24 01:57:26,app,installment,1316,90,538,rejected,,0,0
6315,2008,2025-05-21 11:20:54,web,short_term,2606,14,589,rejected,,0,0
6316,1748,2025-07-19 06:24:57,app,installment,4674,120,642,approved,2025-07-20 06:24:57,4674,120
6317,3794,2024-05-04 08:23:04,app,installment,3785,60,637,rejected,,0,0
6318,3800,2024-12-21 02:46:31,app,installment,3554,180,631,approved,2024-12-21 02:46:31,3554,180
6319,2170,2024-09-16 21:59:29,partner,short_term,2546,30,609,approved,2024-09-18 21:59:29,2546,30
6320,2324,2024-04-12 04:36:12,app,short_term,2847,30,544,rejected,,0,0
6321,3976,2024-10-15 13:34:01,app,installment,3418,120,574,rejected,,0,0
6322,551,2025-07-19 10:41:46,app,short_term,3878,7,582,rejected,,0,0
6323,4616,2024-01-26 09:44:03,app,short_term,1738,30,560,approved,2024-01-26 09:44:03,1738,30
6324,612,2024-11-24 04:08:05,web,short_term,3524,30,561,rejected,,0,0
6325,4416,2025-08-17 03:48:56,app,short_term,3989,14,635,rejected,,0,0
6326,741,2024-07-18 14:40:24,web,installment,4323,60,633,approved,2024-07-19 14:40:24,4323,60
6327,1468,2024-08-20 06:09:21,app,installment,4300,60,615,rejected,,0,0
6328,1485,2024-07-24 06:41:23,web,short_term,987,21,577,rejected,,0,0
6329,4999,2025-05-01 14:55:59,app,installment,3877,120,586,rejected,,0,0
6330,3078,2024-08-11 09:52:55,web,short_term,4017,30,587,rejected,,0,0
6331,317,2025-02-22 02:19:47,app,installment,1310,90,569,rejected,,0,0
6332,1829,2024-10-18 12:11:01,app,installment,4091,60,588,rejected,,0,0
6333,4418,2025-10-04 17:18:59,app,installment,1445,180,642,approved,2025-10-04 17:18:59,1445,180
6334,2060,2025-01-09 03:38:07,partner,installment,4201,90,578,rejected,,0,0
6335,1899,2025-05-27 22:56:35,app,short_term,888,21,558,approved,2025-05-28 22:56:35,888,21
6336,3018,2024-09-28 15:07:42,app,short_term,2222,14,565,rejected,,0,0
6337,4332,2025-03-29 16:15:58,app,installment,1844,120,592,approved,2025-03-29 16:15:58,1844,120
6338,3405,2024-05-26 06:19:50,app,short_term,601,21,572,approved,2024-05-28 06:19:50,601,21
6339,4584,2025-11-20 06:35:06,partner,installment,3742,90,587,rejected,,0,0
6340,2655,2025-05-08 07:42:16,web,installment,4036,60,570,rejected,,0,0
6341,1715,2025-05-28 23:32:10,partner,installment,697,120,598,rejected,,0,0
6342,4438,2025-03-29 23:31:25,app,installment,3630,120,635,approved,2025-03-31 23:31:25,3630,120
6343,4806,2024-05-11 15:31:36,partner,short_term,3823,21,654,approved,2024-05-11 15:31:36,3823,21
6344,1578,2025-04-19 08:43:07,web,short_term,1798,30,577,rejected,,0,0
6345,2845,2025-05-27 18:33:38,app,installment,896,120,694,approved,2025-05-28 18:33:38,896,120
6346,1878,2025-09-16 03:46:40,app,short_term,2548,21,576,rejected,,0,0
6347,3843,2024-03-02 00:50:35,app,installment,2984,90,575,approved,2024-03-04 00:50:35,2984,90
6348,2708,2024-02-10 10:09:17,app,short_term,3983,30,483,rejected,,0,0
6349,614,2025-11-24 16:20:34,app,short_term,4965,30,538,rejected,,0,0
6350,1082,2025-01-12 03:23:00,partner,installment,1680,90,541,rejected,,0,0
6351,712,2025-07-16 15:40:42,app,installment,4198,90,642,approved,2025-07-18 15:40:42,4198,90
6352,2898,2025-10-05 23:24:15,app,short_term,3259,14,441,rejected,,0,0
6353,4735,2024-05-29 16:12:57,app,installment,1992,60,600,approved,2024-05-29 16:12:57,1992,60
6354,1069,2025-05-03 18:07:19,app,short_term,3185,14,589,approved,2025-05-05 18:07:19,3185,14
6355,1529,2024-11-06 21:09:12,app,short_term,963,21,617,approved,2024-11-07 21:09:12,963,21
6356,926,2025-05-06 01:44:18,app,installment,1316,180,626,approved,2025-05-06 01:44:18,1316,180
6357,860,2025-07-11 05:06:24,app,short_term,3605,30,584,approved,2025-07-12 05:06:24,3605,30
6358,195,2025-06-09 13:07:37,web,installment,1213,90,587,rejected,,0,0
6359,3992,2025-10-14 15:35:58,app,short_term,2321,21,601,rejected,,0,0
6360,1321,2025-11-29 11:59:32,app,installment,3618,60,524,approved,2025-12-01 11:59:32,3618,60
6361,4572,2025-04-14 04:14:16,app,installment,4253,60,554,rejected,,0,0
6362,4683,2025-09-20 10:23:47,app,short_term,1327,14,608,rejected,,0,0
6363,2299,2025-03-05 10:03:46,app,short_term,1867,14,628,approved,2025-03-06 10:03:46,1867,14
6364,755,2024-07-23 23:33:13,web,installment,2957,60,560,rejected,,0,0
6365,765,2024-07-16 22:24:38,app,short_term,814,30,638,approved,2024-07-16 22:24:38,814,30
6366,2092,2025-07-24 03:28:47,web,short_term,4537,30,567,rejected,,0,0
6367,1062,2024-12-21 22:19:52,web,short_term,986,7,603,approved,2024-12-22 22:19:52,986,7
6368,2220,2024-05-20 08:12:01,app,installment,4254,180,648,approved,2024-05-20 08:12:01,4254,180
6369,351,2025-04-02 12:58:08,web,short_term,1772,7,545,rejected,,0,0
6370,1456,2024-10-08 13:47:36,app,installment,2734,120,524,rejected,,0,0
6371,4354,2024-11-17 14:33:15,app,short_term,867,7,617,approved,2024-11-18 14:33:15,867,7
6372,3953,2024-12-05 04:59:23,app,installment,3838,180,569,approved,2024-12-07 04:59:23,3838,180
6373,557,2024-03-09 00:33:37,app,installment,2763,180,556,rejected,,0,0
6374,1888,2025-05-17 05:39:02,web,short_term,4977,30,667,approved,2025-05-18 05:39:02,4977,30
6375,3680,2025-11-24 19:46:55,app,short_term,4764,30,621,rejected,,0,0
6376,2302,2024-05-21 23:41:52,app,installment,2355,120,562,rejected,,0,0
6377,2913,2025-07-23 21:52:44,web,short_term,4675,14,554,approved,2025-07-25 21:52:44,4101,14
6378,3763,2025-12-02 11:04:01,partner,installment,4521,120,606,approved,2025-12-02 11:04:01,4521,120
6379,3076,2024-07-23 19:46:51,app,installment,4562,90,565,rejected,,0,0
6380,4705,2025-06-13 06:00:04,app,installment,2241,120,611,approved,2025-06-14 06:00:04,2241,120
6381,2978,2024-08-11 08:10:19,app,installment,1765,60,574,rejected,,0,0
6382,2244,2024-09-13 23:53:47,app,short_term,3472,7,634,approved,2024-09-13 23:53:47,3472,7
6383,3541,2025-07-12 23:49:02,partner,short_term,2640,7,605,approved,2025-07-13 23:49:02,2640,7
6384,2895,2025-10-13 16:01:11,app,installment,2896,120,668,rejected,,0,0
6385,2252,2024-07-25 06:51:06,app,short_term,2549,21,582,approved,2024-07-27 06:51:06,2549,21
6386,1756,2024-12-13 13:34:19,web,short_term,2407,14,557,rejected,,0,0
6387,4964,2025-06-21 15:17:39,app,installment,1289,90,560,rejected,,0,0
6388,903,2025-01-22 05:48:29,app,short_term,3496,14,577,approved,2025-01-24 05:48:29,3496,14
6389,3740,2025-04-28 03:59:34,partner,installment,961,60,561,approved,2025-04-30 03:59:34,961,60
6390,490,2024-06-01 10:11:29,app,installment,4056,90,576,rejected,,0,0
6391,495,2024-09-12 15:20:09,app,short_term,1511,7,602,rejected,,0,0
6392,3821,2025-12-13 20:01:13,app,installment,2145,120,558,approved,2025-12-14 20:01:13,2145,120
6393,3431,2025-06-08 03:50:35,web,short_term,4847,7,600,rejected,,0,0
6394,4223,2024-09-04 00:13:23,web,installment,1563,120,611,approved,2024-09-05 00:13:23,1563,120
6395,1934,2024-05-31 17:38:42,app,installment,1858,120,587,rejected,,0,0
6396,4165,2024-10-23 21:02:24,app,short_term,2183,7,503,rejected,,0,0
6397,360,2024-04-05 08:26:24,app,short_term,2535,7,558,approved,2024-04-07 08:26:24,2535,7
6398,4069,2025-03-16 10:58:35,partner,short_term,2613,7,562,rejected,,0,0
6399,4557,2025-01-25 07:43:13,web,short_term,2505,7,577,approved,2025-01-26 07:43:13,2505,7
6400,1452,2024-06-10 06:59:08,app,short_term,2654,7,621,approved,2024-06-12 06:59:08,2654,7
6401,528,2024-09-20 00:08:58,app,short_term,1489,21,567,rejected,,0,0
6402,4641,2025-08-24 01:28:00,app,short_term,2297,7,571,rejected,,0,0
6403,646,2025-11-30 01:22:53,app,short_term,4269,7,600,rejected,,0,0
6404,2745,2025-08-09 00:09:33,app,short_term,3269,14,532,rejected,,0,0
6405,4189,2025-01-05 02:32:14,web,short_term,1617,14,624,approved,2025-01-05 02:32:14,1617,14
6406,3196,2024-03-19 07:42:18,app,installment,1367,90,595,approved,2024-03-21 07:42:18,1367,90
6407,2768,2025-12-03 04:57:31,app,installment,1306,60,539,rejected,,0,0
6408,3581,2024-03-07 12:01:02,web,installment,2942,60,570,rejected,,0,0
6409,2382,2025-01-25 05:11:17,app,short_term,3639,21,565,rejected,,0,0
6410,157,2025-03-27 10:18:46,web,installment,3449,90,613,approved,2025-03-27 10:18:46,3449,90
6411,141,2025-03-29 05:12:32,partner,installment,4483,180,612,approved,2025-03-31 05:12:32,4483,180
6412,1328,2025-03-09 20:47:42,web,installment,4591,180,607,approved,2025-03-10 20:47:42,4591,180
6413,4486,2025-02-12 11:17:51,app,installment,1329,60,591,rejected,,0,0
6414,1346,2025-10-20 05:51:28,web,short_term,815,30,578,approved,2025-10-20 05:51:28,815,30
6415,1289,2025-07-23 14:20:13,partner,short_term,1119,21,575,approved,2025-07-25 14:20:13,1119,21
6416,2926,2025-02-10 00:59:38,app,installment,805,120,585,rejected,,0,0
6417,3804,2025-06-30 23:10:50,web,short_term,2276,14,554,rejected,,0,0
6418,2878,2025-12-05 08:34:18,app,installment,1199,60,560,approved,2025-12-06 08:34:18,1199,60
6419,3390,2025-02-09 16:29:39,app,short_term,2459,7,582,approved,2025-02-10 16:29:39,2459,7
6420,3869,2025-10-03 06:31:09,app,short_term,1209,21,613,rejected,,0,0
6421,3581,2024-09-07 07:56:54,app,installment,2718,60,598,rejected,,0,0
6422,3175,2025-01-31 04:53:56,app,short_term,759,14,537,rejected,,0,0
6423,3543,2025-01-20 02:24:19,partner,installment,2187,120,631,approved,2025-01-21 02:24:19,2187,120
6424,3402,2024-03-05 10:22:51,app,short_term,4110,21,606,rejected,,0,0
6425,3767,2024-07-06 21:33:49,app,installment,2822,60,537,rejected,,0,0
6426,24,2025-07-02 19:36:19,app,installment,4671,60,636,approved,2025-07-04 19:36:19,4671,60
6427,3996,2025-10-26 02:41:51,app,installment,4476,180,551,approved,2025-10-27 02:41:51,3082,180
6428,1639,2025-09-28 08:39:15,web,short_term,3258,30,593,rejected,,0,0
6429,3374,2024-08-23 22:12:27,app,installment,4620,60,569,approved,2024-08-24 22:12:27,4620,60
6430,468,2024-01-24 03:03:07,app,short_term,2002,21,586,approved,2024-01-26 03:03:07,2002,21
6431,3092,2025-04-13 05:19:01,web,installment,2629,120,606,approved,2025-04-14 05:19:01,2629,120
6432,4792,2024-05-05 14:58:48,web,short_term,2924,7,483,rejected,,0,0
6433,73,2025-09-17 03:19:14,app,installment,4307,60,553,rejected,,0,0
6434,739,2025-03-19 14:50:10,app,installment,2739,90,607,approved,2025-03-21 14:50:10,2739,90
6435,4017,2025-08-01 18:23:25,partner,short_term,3100,21,567,rejected,,0,0
6436,436,2024-02-23 21:29:10,app,installment,3655,120,553,rejected,,0,0
6437,1342,2025-01-05 08:57:16,app,installment,1876,120,562,rejected,,0,0
6438,4261,2025-05-27 13:26:36,app,short_term,3196,14,612,approved,2025-05-27 13:26:36,3196,14
6439,4426,2025-02-22 20:14:54,app,installment,3091,60,576,rejected,,0,0
6440,391,2024-08-01 11:05:13,partner,installment,811,180,598,approved,2024-08-01 11:05:13,811,180
6441,3292,2025-09-22 12:48:50,app,installment,4766,180,529,rejected,,0,0
6442,4561,2025-04-28 18:38:40,web,installment,3743,180,612,approved,2025-04-28 18:38:40,3743,180
6443,2365,2024-03-11 20:38:52,web,short_term,3093,30,502,rejected,,0,0
6444,4203,2024-03-23 05:47:29,app,short_term,4972,30,636,approved,2024-03-24 05:47:29,4972,30
6445,256,2024-09-11 07:45:15,app,short_term,3000,7,598,rejected,,0,0
6446,520,2025-07-13 21:11:55,app,short_term,2254,21,607,rejected,,0,0
6447,3722,2024-07-24 20:39:57,app,short_term,4062,21,577,rejected,,0,0
6448,1423,2024-03-08 03:38:51,app,installment,1947,180,530,rejected,,0,0
6449,3101,2025-07-01 23:58:26,app,short_term,3848,14,620,approved,2025-07-02 23:58:26,3848,14
6450,2472,2025-02-13 07:55:33,app,short_term,964,7,560,approved,2025-02-13 07:55:33,964,7
6451,519,2025-07-30 11:20:18,app,installment,1059,90,599,approved,2025-07-31 11:20:18,1059,90
6452,561,2025-02-07 16:47:43,partner,installment,766,90,617,approved,2025-02-07 16:47:43,766,90
6453,4605,2025-07-06 00:50:05,app,short_term,4349,21,486,rejected,,0,0
6454,301,2024-07-15 00:54:07,web,short_term,4129,21,552,rejected,,0,0
6455,1547,2025-01-19 00:56:59,app,installment,4374,90,580,rejected,,0,0
6456,3565,2024-11-14 00:07:57,web,installment,1231,120,569,rejected,,0,0
6457,305,2025-01-22 06:47:32,app,short_term,4804,21,605,approved,2025-01-24 06:47:32,2264,21
6458,3221,2024-09-08 20:01:46,partner,short_term,1779,21,560,rejected,,0,0
6459,3684,2024-01-26 10:30:47,app,installment,2102,120,622,rejected,,0,0
6460,1695,2025-12-07 05:12:07,app,short_term,1811,21,566,rejected,,0,0
6461,477,2025-04-06 00:47:38,app,short_term,4540,14,653,approved,2025-04-06 00:47:38,4540,14
6462,1589,2025-12-09 05:37:39,web,short_term,4560,21,584,approved,2025-12-11 05:37:39,4560,21
6463,447,2024-03-29 04:47:23,app,short_term,2874,21,565,rejected,,0,0
6464,1512,2025-02-23 20:43:55,partner,short_term,3793,14,465,rejected,,0,0
6465,1932,2025-04-20 19:49:46,app,installment,845,90,587,rejected,,0,0
6466,1060,2024-07-26 22:58:19,app,installment,1270,60,657,approved,2024-07-27 22:58:19,1270,60
6467,2969,2024-05-07 22:18:27,app,installment,3897,90,592,approved,2024-05-07 22:18:27,3897,90
6468,3621,2024-08-29 02:22:14,app,installment,1204,60,533,approved,2024-08-29 02:22:14,1204,60
6469,1832,2024-11-17 03:57:05,app,installment,2254,180,569,rejected,,0,0
6470,393,2025-05-06 22:06:32,app,short_term,1832,14,584,rejected,,0,0
6471,1198,2024-09-13 02:05:50,app,installment,2886,60,582,rejected,,0,0
6472,383,2024-12-28 00:14:41,app,short_term,715,14,566,rejected,,0,0
6473,717,2024-11-29 08:00:56,app,short_term,4893,7,688,approved,2024-11-29 08:00:56,4893,7
6474,2419,2024-11-24 19:49:36,app,short_term,1679,21,603,approved,2024-11-26 19:49:36,1679,21
6475,50,2024-11-10 15:17:41,app,short_term,4598,30,611,rejected,,0,0
6476,1838,2025-07-23 17:40:22,app,short_term,1630,7,568,rejected,,0,0
6477,1791,2024-10-15 12:30:21,app,short_term,4971,7,603,rejected,,0,0
6478,3092,2025-02-20 19:46:09,web,short_term,1508,30,605,approved,2025-02-20 19:46:09,1508,30
6479,2934,2025-09-20 22:56:21,partner,installment,3495,90,556,rejected,,0,0
6480,1377,2025-09-20 11:25:46,web,short_term,2936,21,603,approved,2025-09-22 11:25:46,2936,21
6481,2369,2025-05-24 12:01:02,app,installment,3885,120,599,approved,2025-05-26 12:01:02,3844,120
6482,3731,2024-09-18 19:30:00,partner,installment,2745,60,640,approved,2024-09-18 19:30:00,2745,60
6483,1085,2024-06-30 01:11:12,app,short_term,2427,21,612,rejected,,0,0
6484,3229,2025-02-07 22:26:26,app,installment,3394,60,547,rejected,,0,0
6485,2405,2025-06-14 09:13:24,app,short_term,3068,21,609,approved,2025-06-15 09:13:24,3068,21
6486,4777,2025-07-22 15:31:13,app,installment,1485,60,509,rejected,,0,0
6487,103,2025-09-16 13:57:03,app,installment,2213,180,596,rejected,,0,0
6488,4126,2025-02-22 13:52:37,app,installment,3977,60,639,approved,2025-02-24 13:52:37,3977,60
6489,3730,2024-06-17 23:10:17,app,short_term,4964,7,609,approved,2024-06-17 23:10:17,3699,7
6490,125,2024-05-24 23:21:42,app,installment,3139,90,638,approved,2024-05-24 23:21:42,3139,90
6491,4858,2024-09-08 21:53:59,partner,installment,2695,90,512,rejected,,0,0
6492,70,2025-09-01 11:13:02,app,installment,4018,120,537,rejected,,0,0
6493,4434,2024-12-06 05:33:06,app,installment,1728,180,601,rejected,,0,0
6494,576,2024-05-28 09:50:44,app,installment,2294,90,583,approved,2024-05-29 09:50:44,2294,90
6495,1021,2024-02-15 04:36:44,web,short_term,3811,21,537,rejected,,0,0
6496,678,2024-05-16 16:48:35,app,short_term,4577,14,563,rejected,,0,0
6497,1398,2024-11-22 09:47:10,app,short_term,2578,30,550,approved,2024-11-23 09:47:10,2578,30
6498,2529,2025-04-26 10:37:18,app,short_term,1422,14,594,approved,2025-04-26 10:37:18,1422,14
6499,2410,2025-12-09 20:05:26,app,installment,2191,120,617,approved,2025-12-09 20:05:26,2191,120
6500,1036,2024-09-21 14:04:33,app,installment,1895,120,562,rejected,,0,0
6501,1228,2024-05-10 08:59:54,app,installment,2498,90,566,rejected,,0,0
6502,3377,2024-06-08 13:06:16,app,short_term,3938,30,537,rejected,,0,0
6503,4193,2025-02-19 01:59:11,app,short_term,4676,30,602,rejected,,0,0
6504,4484,2025-07-02 14:08:24,web,installment,3177,120,590,approved,2025-07-02 14:08:24,3177,120
6505,1812,2025-07-31 00:37:38,app,installment,856,180,614,rejected,,0,0
6506,1855,2025-02-07 23:54:35,app,short_term,2481,14,541,rejected,,0,0
6507,1239,2025-03-15 13:30:55,app,short_term,2372,14,527,rejected,,0,0
6508,585,2024-12-28 06:45:43,app,short_term,2013,14,593,approved,2024-12-28 06:45:43,2013,14
6509,1345,2025-08-29 14:03:25,web,short_term,635,30,564,rejected,,0,0
6510,839,2024-06-29 01:28:51,app,short_term,3354,30,585,rejected,,0,0
6511,4975,2024-09-02 22:02:53,app,short_term,2006,21,623,rejected,,0,0
6512,4543,2024-07-11 01:21:55,web,installment,3368,120,539,rejected,,0,0
6513,3443,2024-05-09 05:43:14,app,short_term,3812,14,565,rejected,,0,0
6514,3641,2025-10-06 03:51:24,web,installment,3873,90,635,approved,2025-10-06 03:51:24,3873,90
6515,4049,2024-02-22 05:51:24,web,installment,3225,90,591,rejected,,0,0
6516,2289,2024-04-06 11:16:15,partner,short_term,3596,30,587,approved,2024-04-08 11:16:15,3596,30
6517,1052,2025-09-07 08:04:31,web,short_term,2471,30,577,rejected,,0,0
6518,3205,2025-02-02 13:02:58,web,short_term,3159,21,619,rejected,,0,0
6519,621,2025-07-06 01:48:03,web,installment,3398,180,566,approved,2025-07-07 01:48:03,3398,180
6520,2961,2025-04-13 03:12:16,app,short_term,748,30,604,approved,2025-04-15 03:12:16,748,30
6521,2899,2024-10-13 16:46:43,web,installment,3833,60,562,rejected,,0,0
6522,1551,2024-11-21 02:02:11,web,short_term,864,7,574,rejected,,0,0
6523,1099,2025-07-20 08:34:05,app,short_term,2246,14,565,rejected,,0,0
6524,561,2024-03-22 05:49:35,web,short_term,1876,30,617,rejected,,0,0
6525,1224,2024-01-30 16:35:24,web,installment,1640,60,547,rejected,,0,0
6526,1394,2025-07-18 07:11:23,app,short_term,1360,7,625,approved,2025-07-18 07:11:23,1360,7
6527,4561,2025-12-21 20:59:35,app,short_term,1836,21,602,approved,2025-12-21 20:59:35,1836,21
6528,3019,2025-10-10 21:32:03,web,short_term,2395,14,607,rejected,,0,0
6529,1492,2024-12-01 06:51:00,app,short_term,4696,30,593,rejected,,0,0
6530,2659,2025-10-01 13:22:10,app,installment,2013,60,578,rejected,,0,0
6531,1064,2024-11-03 15:20:12,partner,installment,3820,120,589,approved,2024-11-03 15:20:12,3820,120
6532,2806,2024-03-18 06:49:00,app,installment,3299,180,557,approved,2024-03-19 06:49:00,3299,180
6533,3186,2024-03-25 07:00:29,app,short_term,4660,30,603,rejected,,0,0
6534,682,2024-10-20 02:03:49,app,installment,4326,90,564,rejected,,0,0
6535,4216,2024-08-21 17:17:42,app,short_term,3643,30,615,approved,2024-08-22 17:17:42,3643,30
6536,1383,2024-06-28 20:55:47,app,short_term,3281,7,518,rejected,,0,0
6537,1551,2024-05-02 13:35:44,app,installment,1551,120,534,rejected,,0,0
6538,1999,2025-11-07 04:41:42,app,installment,1511,120,589,rejected,,0,0
6539,501,2025-03-31 10:16:53,app,installment,2465,180,570,approved,2025-03-31 10:16:53,2250,180
6540,389,2025-02-22 08:28:35,app,installment,3648,60,554,rejected,,0,0
6541,4014,2025-03-17 01:51:09,web,short_term,1197,30,626,rejected,,0,0
6542,4827,2025-08-04 13:11:43,app,installment,1399,90,597,rejected,,0,0
6543,2086,2024-11-11 18:12:12,app,installment,3242,90,641,rejected,,0,0
6544,624,2025-05-04 12:32:41,app,installment,3940,90,511,rejected,,0,0
6545,3380,2025-03-30 01:21:55,app,short_term,818,7,543,rejected,,0,0
6546,690,2025-08-18 00:29:55,app,short_term,4417,14,640,approved,2025-08-18 00:29:55,4417,14
6547,4095,2025-09-19 14:38:13,app,short_term,995,30,625,rejected,,0,0
6548,3220,2024-10-11 20:51:20,app,short_term,2110,21,578,rejected,,0,0
6549,4903,2024-04-15 21:47:57,app,installment,2974,120,582,rejected,,0,0
6550,2821,2025-09-04 06:06:19,app,installment,2380,60,539,rejected,,0,0
6551,974,2024-09-09 16:13:42,app,installment,1438,90,526,rejected,,0,0
6552,2636,2025-07-06 23:59:27,web,installment,4231,90,596,approved,2025-07-07 23:59:27,4231,90
6553,4183,2024-07-20 20:45:59,web,short_term,759,14,524,approved,2024-07-22 20:45:59,759,14
6554,2436,2025-05-12 07:40:49,app,short_term,3347,21,576,rejected,,0,0
6555,3559,2024-04-17 02:00:30,web,short_term,1280,30,608,approved,2024-04-19 02:00:30,1280,30
6556,4039,2024-06-02 15:32:22,web,installment,2273,180,529,rejected,,0,0
6557,872,2025-09-25 19:06:09,web,installment,1764,60,595,rejected,,0,0
6558,190,2025-06-21 04:48:45,app,installment,4709,120,641,rejected,,0,0
6559,4409,2024-04-27 11:52:38,partner,installment,4241,60,599,approved,2024-04-28 11:52:38,4241,60
6560,3359,2025-11-12 03:53:50,app,installment,1564,60,570,approved,2025-11-13 03:53:50,1564,60
6561,589,2025-10-06 01:16:45,app,short_term,2297,21,596,rejected,,0,0
6562,3038,2024-05-04 22:32:28,app,installment,4487,180,553,rejected,,0,0
6563,4860,2025-11-15 09:00:01,app,short_term,4759,30,643,approved,2025-11-16 09:00:01,4759,30
6564,1967,2025-09-22 06:47:26,partner,installment,4725,60,579,approved,2025-09-23 06:47:26,4725,60
6565,432,2024-09-11 22:48:56,app,installment,942,60,600,approved,2024-09-11 22:48:56,942,60
6566,664,2024-02-06 08:20:29,app,short_term,4571,30,592,approved,2024-02-06 08:20:29,4571,30
6567,3682,2025-02-11 02:22:47,app,short_term,1898,14,552,rejected,,0,0
6568,744,2024-09-10 05:08:13,app,short_term,2210,21,691,approved,2024-09-11 05:08:13,2210,21
6569,4764,2024-03-14 13:01:00,app,short_term,2124,14,585,approved,2024-03-16 13:01:00,2124,14
6570,2488,2024-05-19 21:20:44,partner,installment,4075,90,581,rejected,,0,0
6571,2186,2025-07-15 19:42:43,app,short_term,4075,21,597,rejected,,0,0
6572,3031,2024-05-13 19:52:54,app,short_term,1009,21,567,rejected,,0,0
6573,514,2024-02-23 10:14:49,partner,short_term,4035,14,583,rejected,,0,0
6574,3592,2024-07-16 15:38:04,partner,short_term,4360,7,605,approved,2024-07-16 15:38:04,2584,7
6575,3832,2024-06-14 22:43:55,web,short_term,3181,7,601,approved,2024-06-14 22:43:55,3181,7
6576,1504,2025-03-05 05:56:16,app,installment,1856,60,633,approved,2025-03-05 05:56:16,1856,60
6577,1232,2024-08-09 20:05:06,web,installment,3227,90,577,rejected,,0,0
6578,4577,2025-12-04 19:30:12,app,short_term,4182,14,602,approved,2025-12-06 19:30:12,4182,14
6579,1957,2025-08-25 16:18:41,app,installment,4466,60,597,approved,2025-08-26 16:18:41,4466,60
6580,2823,2024-11-15 04:02:52,app,installment,2046,90,576,rejected,,0,0
6581,4333,2024-06-23 06:16:05,app,short_term,892,7,566,rejected,,0,0
6582,3770,2025-07-02 02:20:27,partner,short_term,2386,21,593,rejected,,0,0
6583,1479,2024-04-10 04:04:48,app,short_term,1110,14,609,approved,2024-04-10 04:04:48,1110,14
6584,4268,2025-09-25 15:27:31,app,short_term,2254,30,654,approved,2025-09-27 15:27:31,2254,30
6585,4616,2025-12-07 14:09:26,web,short_term,3801,7,542,approved,2025-12-08 14:09:26,3801,7
6586,2885,2025-10-17 18:07:43,app,short_term,3362,14,619,rejected,,0,0
6587,362,2025-10-04 21:48:24,partner,short_term,4794,14,537,rejected,,0,0
6588,4591,2025-06-18 23:16:31,partner,short_term,3987,14,612,approved,2025-06-19 23:16:31,2402,14
6589,1567,2025-05-26 07:18:15,web,short_term,2684,21,630,approved,2025-05-28 07:18:15,2684,21
6590,536,2024-01-29 00:36:55,app,installment,4188,180,580,rejected,,0,0
6591,3332,2024-11-24 17:05:48,app,installment,1669,120,639,approved,2024-11-26 17:05:48,1669,120
6592,2932,2025-06-23 15:20:25,app,short_term,3511,30,648,approved,2025-06-25 15:20:25,3511,30
6593,4035,2024-05-30 02:08:53,app,installment,2311,90,591,approved,2024-05-30 02:08:53,2311,90
6594,4944,2024-09-20 22:35:33,app,short_term,659,14,481,rejected,,0,0
6595,1141,2025-07-22 01:44:44,web,installment,2433,120,579,rejected,,0,0
6596,1148,2025-03-28 19:19:11,partner,installment,3463,60,628,rejected,,0,0
6597,1306,2025-10-08 15:37:43,app,installment,2074,90,594,rejected,,0,0
6598,799,2025-05-29 03:56:59,app,short_term,4351,14,586,rejected,,0,0
6599,4987,2025-09-24 23:32:07,partner,short_term,1664,14,467,rejected,,0,0
6600,2786,2024-03-23 09:57:22,web,short_term,871,21,583,rejected,,0,0
6601,3745,2024-02-19 18:36:56,app,short_term,2763,7,536,rejected,,0,0
6602,1231,2025-08-30 10:27:54,app,installment,4978,90,671,approved,2025-08-30 10:27:54,4978,90
6603,3036,2025-12-06 23:51:59,app,short_term,2755,7,607,approved,2025-12-06 23:51:59,2755,7
6604,258,2024-04-15 16:05:39,app,installment,3323,120,638,approved,2024-04-16 16:05:39,3323,120
6605,4007,2024-06-12 12:19:11,app,short_term,1150,30,589,approved,2024-06-12 12:19:11,1150,30
6606,1890,2024-02-04 12:12:06,app,short_term,3036,21,538,rejected,,0,0
6607,476,2024-10-09 21:37:46,web,installment,1582,180,633,approved,2024-10-09 21:37:46,1582,180
6608,1445,2024-12-04 20:26:50,partner,installment,3929,60,471,rejected,,0,0
6609,3711,2025-11-16 17:57:00,app,installment,3463,180,579,approved,2025-11-18 17:57:00,3463,180
6610,1621,2024-04-07 05:23:15,app,short_term,3520,30,650,approved,2024-04-09 05:23:15,3520,30
6611,4218,2024-06-22 00:22:29,web,short_term,1418,14,578,rejected,,0,0
6612,3865,2025-06-07 06:28:23,app,installment,4539,180,585,approved,2025-06-09 06:28:23,4539,180
6613,2270,2025-02-11 21:29:46,app,short_term,4786,21,635,approved,2025-02-11 21:29:46,4786,21
6614,3964,2025-06-02 18:39:38,app,installment,4712,90,580,rejected,,0,0
6615,3160,2024-08-14 02:11:34,app,short_term,4328,7,621,approved,2024-08-15 02:11:34,4328,7
6616,1109,2024-05-19 09:49:07,app,installment,560,120,548,rejected,,0,0
6617,4566,2024-12-22 02:58:47,app,short_term,2668,7,564,approved,2024-12-24 02:58:47,2668,7
6618,538,2025-05-26 02:57:14,partner,short_term,1724,14,559,rejected,,0,0
6619,552,2025-03-29 09:34:28,app,installment,3924,180,483,rejected,,0,0
6620,1667,2025-04-13 11:00:35,app,short_term,546,30,628,rejected,,0,0
6621,3969,2024-07-11 09:54:28,app,installment,2777,90,554,rejected,,0,0
6622,3716,2025-06-20 18:52:27,partner,installment,3804,90,596,approved,2025-06-21 18:52:27,3804,90
6623,3280,2025-02-17 16:53:51,app,installment,4654,120,611,rejected,,0,0
6624,3368,2025-04-25 14:23:04,web,installment,731,180,625,approved,2025-04-25 14:23:04,731,180
6625,4509,2025-09-15 12:31:36,app,short_term,1313,14,564,rejected,,0,0
6626,1892,2025-11-26 12:44:17,web,installment,3958,60,573,rejected,,0,0
6627,791,2025-06-15 19:14:02,app,short_term,4351,7,546,rejected,,0,0
6628,2384,2025-02-12 12:45:55,web,short_term,1190,7,519,rejected,,0,0
6629,1111,2024-11-12 10:37:35,app,installment,3514,120,599,rejected,,0,0
6630,2449,2025-04-16 09:56:02,web,short_term,1021,30,585,approved,2025-04-17 09:56:02,1021,30
6631,2956,2025-03-20 14:52:24,app,short_term,668,21,617,rejected,,0,0
6632,3773,2025-03-20 11:37:41,app,installment,1105,90,625,approved,2025-03-21 11:37:41,1105,90
6633,1470,2025-06-14 07:04:54,partner,installment,3756,90,592,approved,2025-06-16 07:04:54,3756,90
6634,4319,2024-02-11 13:32:30,partner,installment,3546,90,590,rejected,,0,0
6635,766,2024-06-13 03:25:19,app,short_term,3199,14,576,approved,2024-06-15 03:25:19,3199,14
6636,4321,2025-02-22 22:35:57,app,installment,4420,120,519,rejected,,0,0
6637,1353,2024-11-06 21:56:27,web,installment,4324,90,607,rejected,,0,0
6638,3285,2024-11-30 21:11:06,app,short_term,1353,30,618,approved,2024-12-02 21:11:06,1353,30
6639,1072,2025-12-21 18:09:55,app,short_term,2758,30,603,approved,2025-12-21 18:09:55,2758,30
6640,2232,2024-06-28 02:16:26,app,installment,4395,90,542,approved,2024-06-30 02:16:26,4354,90
6641,2278,2024-12-01 02:25:15,web,short_term,2225,30,519,rejected,,0,0
6642,2185,2025-02-03 11:20:44,app,installment,3671,60,527,rejected,,0,0
6643,99,2025-05-03 16:29:09,app,installment,4257,120,549,rejected,,0,0
6644,3473,2025-11-22 11:39:53,app,short_term,3181,30,651,approved,2025-11-24 11:39:53,3181,30
6645,1572,2025-12-06 01:53:21,web,short_term,1345,21,577,approved,2025-12-06 01:53:21,1345,21
6646,553,2025-11-16 08:36:26,app,short_term,545,7,618,approved,2025-11-16 08:36:26,545,7
6647,4785,2024-09-10 12:44:38,partner,short_term,738,7,609,approved,2024-09-11 12:44:38,738,7
6648,790,2025-07-09 19:22:53,web,short_term,4926,21,649,approved,2025-07-10 19:22:53,4926,21
6649,427,2025-01-09 17:51:35,app,short_term,1435,30,550,rejected,,0,0
6650,4246,2024-04-26 22:01:41,app,short_term,2821,21,605,approved,2024-04-28 22:01:41,2821,21
6651,4271,2024-07-29 10:08:35,app,short_term,1436,14,589,rejected,,0,0
6652,4122,2024-12-05 16:34:28,app,short_term,3485,21,643,approved,2024-12-06 16:34:28,3485,21
6653,4576,2025-09-27 09:50:13,app,short_term,3367,14,594,rejected,,0,0
6654,3364,2025-02-23 16:48:49,app,short_term,1556,7,587,rejected,,0,0
6655,881,2024-02-18 14:20:51,web,installment,2063,120,586,rejected,,0,0
6656,4143,2024-04-20 20:51:38,app,short_term,4951,30,637,approved,2024-04-21 20:51:38,4149,30
6657,1584,2025-03-26 23:31:23,web,installment,1984,180,639,approved,2025-03-26 23:31:23,1984,180
6658,2863,2024-08-12 01:13:22,app,installment,4241,60,609,rejected,,0,0
6659,3530,2024-06-08 07:52:42,app,short_term,1074,30,526,rejected,,0,0
6660,2522,2025-06-27 03:09:28,app,installment,2374,90,563,rejected,,0,0
6661,3719,2025-04-25 12:49:39,app,installment,4728,120,599,rejected,,0,0
6662,1901,2025-08-29 06:24:02,app,short_term,4468,7,607,rejected,,0,0
6663,1099,2024-10-23 19:57:20,app,installment,502,60,578,approved,2024-10-23 19:57:20,502,60
6664,950,2024-02-27 19:34:34,app,short_term,3484,30,511,rejected,,0,0
6665,3256,2025-04-22 04:50:07,partner,short_term,1183,7,593,rejected,,0,0
6666,2380,2025-05-28 02:36:43,app,short_term,2740,7,584,approved,2025-05-28 02:36:43,2740,7
6667,4945,2024-10-14 14:22:22,app,installment,4999,60,486,rejected,,0,0
6668,4514,2025-11-17 04:34:29,app,short_term,786,21,547,rejected,,0,0
6669,2606,2025-04-07 20:31:18,app,short_term,4658,21,563,rejected,,0,0
6670,1446,2025-11-18 01:01:05,app,installment,2601,180,598,rejected,,0,0
6671,3183,2024-06-15 15:17:45,app,installment,2985,180,578,approved,2024-06-17 15:17:45,2985,180
6672,44,2025-09-16 09:59:40,app,short_term,4662,21,602,approved,2025-09-16 09:59:40,4100,21
6673,274,2025-10-13 23:21:40,partner,installment,3753,90,580,rejected,,0,0
6674,3028,2025-12-09 21:32:53,app,short_term,3333,7,474,rejected,,0,0
6675,339,2024-09-03 23:28:11,app,installment,3818,180,577,rejected,,0,0
6676,3577,2025-05-14 11:33:45,app,installment,2618,90,529,rejected,,0,0
6677,1044,2024-08-02 14:49:23,app,short_term,3315,30,601,approved,2024-08-02 14:49:23,3315,30
6678,3238,2025-03-01 18:18:33,app,installment,600,60,586,rejected,,0,0
6679,770,2025-06-22 05:32:18,partner,short_term,3268,21,571,rejected,,0,0
6680,784,2025-01-09 19:02:21,web,installment,967,90,501,rejected,,0,0
6681,1760,2024-12-30 16:47:40,app,installment,2543,120,601,rejected,,0,0
6682,2436,2024-06-02 03:50:30,web,short_term,1354,7,626,approved,2024-06-04 03:50:30,1354,7
6683,1331,2024-03-21 16:54:28,app,installment,4270,120,493,rejected,,0,0
6684,1695,2024-10-27 15:33:10,app,installment,2917,90,616,approved,2024-10-27 15:33:10,2917,90
6685,3399,2025-09-09 13:24:43,app,installment,550,180,513,rejected,,0,0
6686,4947,2025-05-16 17:09:40,app,short_term,4012,7,650,approved,2025-05-17 17:09:40,4012,7
6687,1957,2024-06-03 00:53:47,app,installment,1902,60,622,approved,2024-06-03 00:53:47,1902,60
6688,3150,2025-09-18 15:21:51,app,installment,554,120,610,approved,2025-09-19 15:21:51,554,120
6689,25,2025-09-23 00:29:27,partner,installment,2280,90,570,rejected,,0,0
6690,2928,2025-09-09 01:38:55,web,short_term,2011,14,525,rejected,,0,0
6691,3362,2024-08-28 07:45:19,app,installment,1886,90,557,rejected,,0,0
6692,4931,2024-08-07 06:59:07,app,short_term,1983,30,604,rejected,,0,0
6693,394,2025-04-21 09:47:28,web,installment,2266,180,609,approved,2025-04-22 09:47:28,2266,180
6694,2725,2024-09-29 23:56:54,app,installment,4124,60,594,approved,2024-09-29 23:56:54,4124,60
6695,4200,2025-09-15 01:57:15,web,short_term,3262,14,617,rejected,,0,0
6696,179,2024-06-08 23:47:27,app,short_term,2940,14,575,rejected,,0,0
6697,4393,2024-12-01 01:50:58,app,installment,2259,90,488,rejected,,0,0
6698,1902,2025-06-05 05:52:35,app,installment,1107,60,596,rejected,,0,0
6699,693,2025-08-25 15:42:34,app,installment,3346,180,613,approved,2025-08-27 15:42:34,3346,180
6700,3901,2024-10-05 05:48:43,partner,short_term,1737,14,486,rejected,,0,0
6701,4314,2024-08-20 07:03:39,app,short_term,1207,30,525,rejected,,0,0
6702,4293,2025-03-17 07:55:38,app,installment,2091,90,633,approved,2025-03-17 07:55:38,2091,90
6703,3037,2025-02-17 08:57:44,app,installment,1413,120,608,rejected,,0,0
6704,1238,2024-06-15 23:42:31,web,short_term,1498,14,490,rejected,,0,0
6705,3318,2025-04-25 09:30:59,web,installment,2811,120,499,rejected,,0,0
6706,1216,2025-05-03 21:41:51,app,short_term,4680,14,533,rejected,,0,0
6707,900,2024-02-27 07:30:11,app,installment,4104,90,579,approved,2024-02-29 07:30:11,4104,90
6708,4036,2025-07-27 08:59:41,app,short_term,3942,21,536,approved,2025-07-28 08:59:41,3942,21
6709,1589,2024-06-26 16:41:14,app,installment,3628,60,585,rejected,,0,0
6710,2815,2025-11-17 15:26:37,app,installment,1182,60,534,rejected,,0,0
6711,2987,2025-09-04 17:30:07,app,short_term,4625,14,610,approved,2025-09-04 17:30:07,4625,14
6712,537,2024-08-27 18:06:57,web,installment,993,120,639,approved,2024-08-29 18:06:57,993,120
6713,3936,2024-07-05 12:57:19,app,short_term,1669,7,529,approved,2024-07-07 12:57:19,1669,7
6714,724,2025-10-25 05:50:48,partner,short_term,4662,7,667,approved,2025-10-27 05:50:48,4662,7
6715,1718,2024-12-31 05:42:37,partner,short_term,2033,7,641,approved,2024-12-31 05:42:37,2033,7
6716,519,2025-07-22 01:22:00,web,short_term,3604,21,585,rejected,,0,0
6717,4606,2025-11-27 22:37:40,app,short_term,4021,30,607,rejected,,0,0
6718,1749,2025-03-30 06:45:28,partner,installment,581,180,510,rejected,,0,0
6719,4662,2025-02-20 06:02:46,web,installment,4260,120,640,rejected,,0,0
6720,2167,2025-01-04 20:27:38,app,installment,3223,120,605,rejected,,0,0
6721,4372,2025-09-05 17:24:10,app,short_term,3105,7,539,rejected,,0,0
6722,4660,2025-11-27 22:32:08,app,installment,626,60,603,rejected,,0,0
6723,530,2025-03-24 07:36:17,app,short_term,1294,14,619,rejected,,0,0
6724,4880,2024-02-20 17:53:59,web,installment,2344,90,636,rejected,,0,0
6725,1000,2024-02-14 09:38:54,app,installment,4696,60,620,approved,2024-02-14 09:38:54,4616,60
6726,1918,2025-08-28 10:49:16,app,installment,3465,60,491,rejected,,0,0
6727,4237,2025-06-07 01:19:26,app,short_term,4696,14,615,approved,2025-06-07 01:19:26,4696,14
6728,4472,2025-11-03 11:00:51,partner,installment,1883,90,601,approved,2025-11-05 11:00:51,1883,90
6729,4555,2024-10-08 13:16:30,app,short_term,2551,7,613,rejected,,0,0
6730,685,2025-03-30 21:56:28,web,short_term,2330,14,540,approved,2025-03-31 21:56:28,2330,14
6731,1391,2024-03-07 08:53:31,app,short_term,756,14,529,rejected,,0,0
6732,3146,2025-02-03 12:37:52,app,short_term,3138,30,589,approved,2025-02-03 12:37:52,3138,30
6733,3931,2025-10-28 05:30:21,app,short_term,1913,30,615,rejected,,0,0
6734,779,2025-01-08 18:35:11,app,short_term,1871,30,578,rejected,,0,0
6735,2795,2025-08-04 15:56:41,app,installment,4974,180,621,approved,2025-08-04 15:56:41,4716,180
6736,3600,2024-12-06 13:17:09,app,installment,4293,120,562,rejected,,0,0
6737,3044,2025-05-13 12:11:36,web,short_term,1989,21,609,approved,2025-05-13 12:11:36,1989,21
6738,1503,2025-11-13 07:20:03,web,short_term,2523,7,442,rejected,,0,0
6739,3376,2025-10-21 09:43:41,app,short_term,705,21,627,approved,2025-10-23 09:43:41,705,21
6740,3846,2024-08-24 05:07:04,web,short_term,1312,14,564,rejected,,0,0
6741,4573,2024-01-29 22:28:20,app,installment,4875,120,579,approved,2024-01-31 22:28:20,4875,120
6742,4919,2024-03-13 10:38:55,app,short_term,578,7,593,rejected,,0,0
6743,3035,2024-10-19 22:08:22,web,installment,3260,60,595,approved,2024-10-19 22:08:22,3260,60
6744,2407,2025-06-14 10:36:13,web,installment,3691,120,543,approved,2025-06-14 10:36:13,3691,120
6745,4317,2025-10-21 19:14:42,web,installment,4189,120,593,rejected,,0,0
6746,4369,2025-05-09 00:57:55,partner,installment,3533,180,572,rejected,,0,0
6747,1716,2024-04-03 19:14:31,app,short_term,3179,21,530,approved,2024-04-03 19:14:31,3179,21
6748,644,2025-06-25 15:59:42,app,installment,4407,90,578,rejected,,0,0
6749,1406,2024-10-21 18:30:37,app,short_term,2860,30,505,rejected,,0,0
6750,1419,2025-04-13 04:21:55,app,short_term,1214,14,612,rejected,,0,0
6751,4888,2024-02-19 19:49:05,app,short_term,2159,7,580,approved,2024-02-19 19:49:05,2159,7
6752,4717,2025-04-04 23:58:10,app,installment,679,90,616,approved,2025-04-05 23:58:10,679,90
6753,3051,2024-09-29 17:58:51,app,short_term,1971,30,543,rejected,,0,0
6754,61,2025-08-05 19:09:34,app,short_term,3863,7,591,approved,2025-08-06 19:09:34,3863,7
6755,1416,2025-06-29 18:49:41,app,installment,2879,120,560,rejected,,0,0
6756,2749,2025-06-07 16:38:37,app,installment,2338,60,590,rejected,,0,0
6757,4562,2025-09-09 19:03:49,app,installment,4365,120,607,rejected,,0,0
6758,302,2025-09-03 05:02:54,app,short_term,1432,14,529,rejected,,0,0
6759,3116,2025-12-08 13:05:11,web,installment,2976,120,566,approved,2025-12-10 13:05:11,2976,120
6760,4498,2024-05-02 15:42:39,app,installment,3777,120,641,rejected,,0,0
6761,4810,2024-05-08 18:22:05,app,short_term,1347,7,620,approved,2024-05-08 18:22:05,1347,7
6762,682,2024-06-12 13:19:39,web,short_term,587,21,572,rejected,,0,0
6763,3510,2025-08-29 11:07:52,app,installment,2246,180,584,rejected,,0,0
6764,3146,2025-09-27 03:10:25,app,short_term,4246,30,604,approved,2025-09-29 03:10:25,4246,30
6765,1270,2025-02-20 18:52:34,app,short_term,1977,7,568,rejected,,0,0
6766,2188,2025-02-13 07:51:26,app,short_term,4641,21,567,approved,2025-02-15 07:51:26,4641,21
6767,693,2025-12-11 09:25:22,partner,installment,3676,60,597,rejected,,0,0
6768,3346,2025-12-18 23:39:28,app,short_term,2838,21,577,approved,2025-12-19 23:39:28,2838,21
6769,6,2025-02-21 06:04:37,app,short_term,1466,7,602,approved,2025-02-23 06:04:37,1466,7
6770,1307,2024-10-06 19:19:58,web,short_term,3725,30,573,rejected,,0,0
6771,3254,2024-07-05 17:26:46,app,short_term,816,7,583,approved,2024-07-05 17:26:46,816,7
6772,2391,2024-09-24 10:03:43,app,installment,1768,120,609,rejected,,0,0
6773,4032,2025-11-10 11:06:03,app,short_term,2643,7,565,approved,2025-11-12 11:06:03,2643,7
6774,3774,2025-01-25 00:58:49,app,installment,2093,60,579,approved,2025-01-26 00:58:49,2093,60
6775,4087,2025-09-22 01:45:41,app,installment,2434,120,651,approved,2025-09-23 01:45:41,2434,120
6776,215,2025-02-19 07:05:33,app,short_term,1797,7,649,approved,2025-02-20 07:05:33,1797,7
6777,113,2025-08-20 15:49:23,app,installment,1729,180,607,approved,2025-08-22 15:49:23,1729,180
6778,4350,2025-02-20 00:36:14,app,installment,2744,90,533,rejected,,0,0
6779,2275,2025-09-12 10:23:21,web,short_term,3242,14,583,rejected,,0,0
6780,1380,2025-09-25 10:20:12,app,installment,3731,60,634,approved,2025-09-26 10:20:12,3731,60
6781,2867,2025-09-29 23:40:59,app,short_term,1152,21,582,rejected,,0,0
6782,2540,2024-07-20 15:33:28,app,installment,3356,90,589,rejected,,0,0
6783,3923,2024-10-12 18:01:22,partner,installment,4618,120,608,approved,2024-10-14 18:01:22,3033,120
6784,3061,2024-11-15 01:57:29,partner,short_term,3294,7,596,rejected,,0,0
6785,2371,2025-03-13 21:06:17,web,short_term,4964,14,655,rejected,,0,0
6786,1132,2024-06-02 07:06:46,app,installment,3960,90,586,rejected,,0,0
6787,4210,2024-06-19 13:01:14,app,installment,863,90,628,approved,2024-06-19 13:01:14,863,90
6788,28,2025-07-13 03:09:09,app,installment,4767,180,608,rejected,,0,0
6789,3924,2024-05-21 20:46:57,app,short_term,633,30,568,approved,2024-05-21 20:46:57,633,30
6790,2154,2024-05-20 19:05:24,app,installment,630,60,612,approved,2024-05-21 19:05:24,630,60
6791,4887,2025-08-24 07:59:07,app,installment,4545,180,613,rejected,,0,0
6792,4580,2024-03-23 09:43:59,app,installment,959,60,549,rejected,,0,0
6793,667,2024-12-03 17:00:04,app,short_term,1676,30,504,approved,2024-12-05 17:00:04,1676,30
6794,2020,2024-11-23 06:57:57,app,short_term,4739,30,602,rejected,,0,0
6795,1791,2025-08-17 12:21:57,app,installment,3057,180,573,rejected,,0,0
6796,3598,2024-12-10 23:34:31,app,short_term,3177,7,602,rejected,,0,0
6797,4202,2025-11-04 04:50:27,web,installment,1337,90,622,rejected,,0,0
6798,3636,2024-11-03 03:48:10,app,short_term,4893,7,568,rejected,,0,0
6799,4877,2024-03-04 19:30:58,web,short_term,4323,7,605,approved,2024-03-05 19:30:58,4323,7
6800,4501,2024-10-16 01:46:35,app,installment,3366,90,589,rejected,,0,0
6801,4693,2024-02-05 17:01:26,app,short_term,2762,7,584,rejected,,0,0
6802,4080,2024-04-14 01:59:41,app,short_term,4279,7,501,rejected,,0,0
6803,406,2025-09-09 06:05:44,app,short_term,979,14,532,rejected,,0,0
6804,2226,2024-02-25 15:06:03,app,installment,727,120,615,approved,2024-02-26 15:06:03,727,120
6805,4898,2024-03-24 12:15:11,app,short_term,1530,7,559,rejected,,0,0
6806,1745,2025-07-14 09:59:32,app,short_term,3777,30,613,approved,2025-07-14 09:59:32,3777,30
6807,2536,2025-08-07 06:11:18,app,installment,3927,180,602,approved,2025-08-08 06:11:18,3927,180
6808,3883,2025-09-10 19:11:00,app,short_term,3994,7,589,rejected,,0,0
6809,664,2024-04-21 12:00:33,app,short_term,4978,7,542,rejected,,0,0
6810,1249,2024-06-28 11:27:21,app,short_term,3504,14,511,rejected,,0,0
6811,334,2025-01-14 12:11:05,app,short_term,4789,7,564,approved,2025-01-15 12:11:05,4789,7
6812,2934,2024-06-20 18:02:16,web,short_term,2436,7,576,rejected,,0,0
6813,4823,2024-07-05 04:10:41,app,short_term,4875,7,616,rejected,,0,0
6814,286,2025-05-21 00:55:32,web,short_term,3619,21,672,approved,2025-05-23 00:55:32,3619,21
6815,2551,2025-09-11 04:07:00,app,short_term,1789,14,611,approved,2025-09-11 04:07:00,1789,14
6816,942,2024-09-07 01:35:45,partner,installment,1139,120,597,rejected,,0,0
6817,2038,2025-06-03 12:19:34,web,short_term,1853,7,611,rejected,,0,0
6818,1605,2024-09-28 06:08:54,partner,short_term,3373,30,598,rejected,,0,0
6819,3718,2024-08-25 00:54:23,app,installment,843,180,630,rejected,,0,0
6820,4145,2024-05-21 05:56:53,web,short_term,2086,30,516,rejected,,0,0
6821,603,2024-03-19 12:35:27,app,short_term,2288,14,545,rejected,,0,0
6822,177,2025-04-27 11:51:25,app,short_term,2670,21,531,rejected,,0,0
6823,2090,2024-02-07 14:52:31,app,installment,813,120,590,rejected,,0,0
6824,1806,2025-12-14 00:05:55,app,short_term,2577,21,597,rejected,,0,0
6825,1808,2024-11-27 04:49:09,web,short_term,2289,14,586,rejected,,0,0
6826,1773,2024-02-28 05:40:20,web,installment,3637,120,691,approved,2024-02-29 05:40:20,3637,120
6827,2099,2025-01-18 23:31:56,app,short_term,3566,7,654,approved,2025-01-18 23:31:56,3566,7
6828,4867,2025-06-21 17:15:43,app,short_term,4369,7,614,approved,2025-06-23 17:15:43,4369,7
6829,4006,2025-10-10 16:46:35,app,installment,4599,90,596,approved,2025-10-11 16:46:35,4599,90
6830,2507,2024-02-12 23:28:56,web,short_term,1398,14,635,approved,2024-02-13 23:28:56,1398,14
6831,2971,2024-06-10 10:29:29,partner,short_term,567,7,581,approved,2024-06-10 10:29:29,567,7
6832,2242,2025-02-06 22:16:23,app,short_term,4962,30,631,rejected,,0,0
6833,3439,2024-11-08 08:11:11,app,installment,4491,60,508,rejected,,0,0
6834,1195,2024-04-24 21:05:09,app,short_term,2147,21,620,approved,2024-04-24 21:05:09,2147,21
6835,3630,2024-09-19 09:28:42,app,short_term,1550,21,593,rejected,,0,0
6836,2122,2025-06-17 03:26:20,partner,short_term,1606,30,630,rejected,,0,0
6837,2398,2025-05-09 04:37:20,app,installment,1704,120,529,rejected,,0,0
6838,1731,2025-10-23 02:15:11,partner,installment,4090,60,576,rejected,,0,0
6839,3420,2024-09-07 00:59:44,app,short_term,2114,21,675,approved,2024-09-07 00:59:44,2114,21
6840,4788,2025-03-29 23:54:21,web,installment,4896,60,544,rejected,,0,0
6841,4785,2024-11-27 07:32:56,app,installment,4104,90,589,rejected,,0,0
6842,968,2025-09-18 01:11:02,web,installment,1382,60,509,approved,2025-09-19 01:11:02,1382,60
6843,1755,2024-05-08 03:44:52,app,short_term,3249,21,556,rejected,,0,0
6844,3097,2025-04-27 06:47:33,app,installment,3982,120,639,rejected,,0,0
6845,2666,2024-06-02 15:33:07,app,installment,3729,180,610,approved,2024-06-04 15:33:07,3729,180
6846,776,2024-07-25 23:39:00,web,installment,4861,60,607,approved,2024-07-25 23:39:00,4861,60
6847,4764,2025-01-09 06:49:53,app,installment,4918,180,575,approved,2025-01-11 06:49:53,3284,180
6848,1222,2025-09-25 02:44:11,app,installment,3800,180,545,rejected,,0,0
6849,4000,2025-10-25 14:23:02,web,short_term,1257,14,600,rejected,,0,0
6850,4973,2024-11-04 21:24:47,app,short_term,1179,30,589,approved,2024-11-05 21:24:47,1179,30
6851,1674,2025-01-09 03:10:24,app,installment,4264,180,603,rejected,,0,0
6852,1573,2024-08-01 17:44:47,web,installment,4283,120,624,rejected,,0,0
6853,655,2025-06-10 05:31:14,app,installment,1364,120,596,rejected,,0,0
6854,2806,2025-02-02 06:14:19,app,installment,2243,90,602,rejected,,0,0
6855,4048,2025-12-14 16:37:35,app,short_term,3667,14,607,approved,2025-12-14 16:37:35,3667,14
6856,1438,2025-08-13 03:58:14,app,installment,3720,180,576,approved,2025-08-15 03:58:14,3720,180
6857,1488,2025-07-06 13:16:05,app,installment,1168,60,551,rejected,,0,0
6858,315,2025-12-13 05:07:40,web,short_term,3381,30,612,rejected,,0,0
6859,1291,2024-05-07 11:46:52,app,installment,1831,90,589,approved,2024-05-09 11:46:52,1831,90
6860,3274,2024-08-25 09:15:56,app,short_term,4978,7,509,rejected,,0,0
6861,3460,2024-05-01 05:21:54,app,short_term,1621,21,605,rejected,,0,0
6862,3914,2025-01-19 03:39:29,web,short_term,2230,30,568,approved,2025-01-21 03:39:29,2230,30
6863,2016,2025-02-08 02:20:30,app,installment,833,60,601,rejected,,0,0
6864,3088,2025-12-20 06:30:45,app,short_term,2954,30,560,rejected,,0,0
6865,4911,2024-02-08 04:44:29,app,installment,3760,90,589,approved,2024-02-08 04:44:29,3250,90
6866,3235,2025-01-14 20:42:12,app,installment,2884,90,573,approved,2025-01-15 20:42:12,2884,90
6867,3393,2024-09-02 04:44:18,partner,short_term,2236,14,560,rejected,,0,0
6868,2300,2024-02-09 21:32:26,app,short_term,3879,14,618,approved,2024-02-09 21:32:26,3879,14
6869,3693,2025-10-23 17:04:55,app,short_term,1479,30,634,approved,2025-10-24 17:04:55,1479,30
6870,511,2025-05-12 22:13:11,web,short_term,4087,7,613,approved,2025-05-12 22:13:11,4087,7
6871,1735,2025-01-07 04:43:06,app,installment,4511,60,545,rejected,,0,0
6872,3755,2025-06-23 04:05:13,app,short_term,1914,21,614,rejected,,0,0
6873,4131,2024-09-11 22:45:22,app,installment,1112,180,570,rejected,,0,0
6874,2746,2025-09-02 16:29:56,app,installment,3953,120,524,rejected,,0,0
6875,59,2025-03-05 22:01:24,app,installment,4508,180,578,rejected,,0,0
6876,743,2025-09-11 05:43:29,app,installment,2597,90,513,rejected,,0,0
6877,2683,2025-08-16 12:03:31,app,short_term,2588,21,594,approved,2025-08-18 12:03:31,2588,21
6878,4101,2025-02-01 00:26:04,web,short_term,3326,21,596,approved,2025-02-03 00:26:04,3326,21
6879,3302,2024-06-10 12:41:54,partner,short_term,3128,21,592,rejected,,0,0
6880,2638,2025-07-09 21:46:35,web,short_term,3088,21,566,approved,2025-07-10 21:46:35,3088,21
6881,90,2024-04-15 19:41:46,app,installment,4149,60,610,approved,2024-04-15 19:41:46,4149,60
6882,2870,2024-07-06 18:37:36,app,short_term,4065,14,541,rejected,,0,0
6883,419,2024-12-11 02:28:55,web,short_term,3410,14,612,rejected,,0,0
6884,4350,2024-01-28 05:15:59,app,short_term,3626,21,601,rejected,,0,0
6885,4345,2024-09-11 07:37:04,app,short_term,2075,7,543,rejected,,0,0
6886,2717,2024-04-26 02:47:06,app,short_term,721,21,574,rejected,,0,0
6887,4242,2024-02-10 18:27:59,app,installment,2103,180,568,approved,2024-02-11 18:27:59,2103,180
6888,129,2025-10-24 13:11:10,web,short_term,4298,14,658,approved,2025-10-24 13:11:10,4298,14
6889,659,2024-03-20 00:14:42,app,installment,4988,180,602,approved,2024-03-21 00:14:42,4426,180
6890,1848,2025-09-05 20:56:41,app,short_term,2746,7,613,approved,2025-09-07 20:56:41,2746,7
6891,2835,2024-08-01 14:06:42,web,short_term,2503,30,560,rejected,,0,0
6892,2038,2024-03-26 06:07:55,web,short_term,2930,7,582,rejected,,0,0
6893,41,2025-08-05 21:18:15,app,short_term,2008,14,554,rejected,,0,0
6894,3687,2024-12-20 02:57:52,app,installment,724,90,516,rejected,,0,0
6895,1618,2024-04-16 13:41:59,web,installment,3219,60,642,rejected,,0,0
6896,4736,2025-09-04 21:19:55,app,installment,3824,90,499,rejected,,0,0
6897,4039,2025-03-17 04:45:57,web,short_term,4641,30,559,approved,2025-03-18 04:45:57,4641,30
6898,508,2024-02-18 12:06:22,web,short_term,819,30,613,rejected,,0,0
6899,2369,2025-08-24 15:43:57,app,installment,3549,180,652,approved,2025-08-26 15:43:57,3549,180
6900,4675,2025-09-02 15:56:06,app,short_term,4549,14,545,rejected,,0,0
6901,582,2024-11-06 06:58:14,web,short_term,688,21,563,rejected,,0,0
6902,1926,2025-07-01 03:20:54,app,short_term,3850,21,563,rejected,,0,0
6903,2177,2025-03-28 14:14:16,web,installment,1552,120,495,rejected,,0,0
6904,1540,2024-11-25 08:33:21,app,installment,2779,120,447,rejected,,0,0
6905,3715,2025-03-23 20:09:08,web,short_term,2242,7,583,rejected,,0,0
6906,766,2025-05-19 00:29:37,app,short_term,4818,30,581,rejected,,0,0
6907,106,2024-12-24 23:40:52,web,installment,2314,120,558,rejected,,0,0
6908,4138,2025-07-10 20:47:15,app,short_term,3201,7,632,rejected,,0,0
6909,2413,2025-06-05 12:28:36,app,short_term,2798,7,526,rejected,,0,0
6910,2014,2025-04-20 23:32:16,app,short_term,4651,30,615,rejected,,0,0
6911,316,2024-07-18 05:18:07,app,installment,2053,120,630,rejected,,0,0
6912,246,2024-06-01 01:59:39,app,short_term,2322,14,616,approved,2024-06-03 01:59:39,2322,14
6913,4930,2024-04-17 20:53:41,web,short_term,1322,30,442,rejected,,0,0
6914,4324,2025-01-23 10:00:49,app,installment,1738,180,580,rejected,,0,0
6915,1728,2025-10-22 01:32:35,app,installment,4244,90,499,rejected,,0,0
6916,2044,2024-03-10 17:53:31,app,installment,1386,60,604,approved,2024-03-11 17:53:31,1386,60
6917,4462,2025-03-18 17:37:47,app,short_term,951,21,611,rejected,,0,0
6918,3447,2025-04-19 18:00:06,app,short_term,1271,14,606,approved,2025-04-21 18:00:06,1271,14
6919,477,2024-06-27 00:09:43,app,short_term,4139,21,615,approved,2024-06-27 00:09:43,4139,21
6920,4984,2025-06-08 06:27:28,web,short_term,3859,21,531,rejected,,0,0
6921,1781,2024-09-12 14:11:36,web,installment,2289,120,539,rejected,,0,0
6922,164,2024-09-15 09:06:17,app,short_term,1499,7,626,approved,2024-09-17 09:06:17,1499,7
6923,2768,2024-07-02 19:10:26,app,short_term,1271,30,502,rejected,,0,0
6924,440,2024-07-28 03:04:42,app,short_term,1798,30,622,rejected,,0,0
6925,4272,2024-03-01 11:26:25,app,installment,2620,90,554,approved,2024-03-03 11:26:25,2620,90
6926,2946,2025-03-07 17:45:33,app,short_term,4305,30,590,approved,2025-03-08 17:45:33,4305,30
6927,2756,2024-03-11 04:57:37,app,short_term,3304,7,658,approved,2024-03-11 04:57:37,3304,7
6928,4685,2025-08-17 03:20:14,app,short_term,2961,30,564,rejected,,0,0
6929,303,2025-03-04 19:59:08,partner,short_term,598,30,559,rejected,,0,0
6930,4428,2025-03-04 15:46:14,app,installment,3652,90,618,approved,2025-03-05 15:46:14,3652,90
6931,2057,2024-06-04 19:46:00,web,installment,3073,180,558,approved,2024-06-05 19:46:00,3073,180
6932,1335,2024-05-20 17:47:47,app,short_term,2521,21,635,rejected,,0,0
6933,601,2024-07-24 04:37:01,app,installment,2005,60,635,rejected,,0,0
6934,1279,2024-10-13 05:45:50,app,short_term,4512,7,483,rejected,,0,0
6935,4852,2024-09-04 18:44:51,app,short_term,3388,7,555,rejected,,0,0
6936,1100,2024-04-29 22:59:57,app,installment,2071,180,577,rejected,,0,0
6937,2274,2025-06-15 05:22:40,web,short_term,4668,21,551,rejected,,0,0
6938,4859,2024-03-01 07:31:58,partner,installment,3223,60,617,approved,2024-03-01 07:31:58,3223,60
6939,4967,2025-11-12 23:04:09,app,installment,665,60,573,rejected,,0,0
6940,4768,2024-04-13 03:46:20,web,short_term,4025,21,584,rejected,,0,0
6941,2289,2024-04-07 06:44:39,app,short_term,982,21,587,rejected,,0,0
6942,4889,2025-10-12 21:52:18,app,short_term,3951,14,592,rejected,,0,0
6943,4041,2024-09-24 20:07:06,app,installment,983,180,590,rejected,,0,0
6944,2689,2025-01-11 21:25:37,app,short_term,839,21,644,rejected,,0,0
6945,538,2024-06-11 23:07:19,app,short_term,4691,14,588,rejected,,0,0
6946,2696,2024-08-25 06:20:33,partner,short_term,4420,7,626,approved,2024-08-27 06:20:33,4420,7
6947,534,2024-08-06 00:41:20,partner,short_term,1831,21,555,rejected,,0,0
6948,756,2024-08-31 07:30:46,app,installment,2568,90,521,rejected,,0,0
6949,1703,2024-04-13 10:03:40,partner,installment,2405,60,621,approved,2024-04-14 10:03:40,2405,60
6950,2662,2024-04-05 12:14:53,app,installment,4275,60,536,approved,2024-04-05 12:14:53,4275,60
6951,238,2024-05-17 16:53:32,web,installment,1091,60,643,rejected,,0,0
6952,1629,2025-01-02 02:06:03,app,short_term,3711,14,639,approved,2025-01-04 02:06:03,3711,14
6953,4775,2025-11-14 04:49:36,web,installment,3398,180,534,rejected,,0,0
6954,550,2025-10-25 13:11:17,app,short_term,827,7,613,approved,2025-10-27 13:11:17,827,7
6955,2236,2024-12-31 15:40:18,app,short_term,4629,14,617,rejected,,0,0
6956,3922,2024-11-10 10:31:24,web,short_term,3944,30,629,approved,2024-11-12 10:31:24,3944,30
6957,2181,2025-03-06 12:27:34,app,short_term,2644,14,566,rejected,,0,0
6958,2618,2025-01-06 15:02:37,app,installment,4946,180,595,approved,2025-01-08 15:02:37,3762,180
6959,854,2025-09-04 14:09:10,web,installment,2380,90,589,rejected,,0,0
6960,2094,2024-02-10 01:28:47,web,short_term,2146,7,486,rejected,,0,0
6961,4596,2024-12-10 04:49:25,app,installment,3560,180,611,approved,2024-12-11 04:49:25,3560,180
6962,3724,2024-03-31 05:46:30,app,installment,3236,90,571,rejected,,0,0
6963,1784,2025-08-17 14:36:22,app,short_term,2949,7,651,rejected,,0,0
6964,3557,2024-03-06 19:31:02,app,installment,1122,180,510,rejected,,0,0
6965,947,2024-08-20 20:13:50,app,short_term,3289,21,524,rejected,,0,0
6966,4983,2025-01-04 19:05:22,app,installment,2949,60,613,rejected,,0,0
6967,4316,2025-10-08 10:42:22,app,installment,4163,180,577,approved,2025-10-09 10:42:22,4163,180
6968,4664,2024-12-01 15:53:47,app,short_term,815,21,548,rejected,,0,0
6969,1825,2025-03-23 02:03:44,web,short_term,3694,21,659,approved,2025-03-25 02:03:44,3694,21
6970,3417,2024-01-24 09:54:30,app,short_term,3859,21,533,rejected,,0,0
6971,3165,2024-07-28 05:11:30,app,installment,985,90,572,rejected,,0,0
6972,3915,2025-10-18 17:24:49,app,short_term,1722,7,486,rejected,,0,0
6973,471,2024-07-09 23:10:25,app,short_term,2034,7,472,rejected,,0,0
6974,2753,2025-04-02 15:36:26,web,installment,4910,180,628,rejected,,0,0
6975,4019,2025-02-09 02:09:49,web,installment,592,60,567,rejected,,0,0
6976,1538,2024-09-21 11:26:31,app,short_term,1155,14,477,rejected,,0,0
6977,650,2024-02-16 02:42:03,web,short_term,1725,30,584,rejected,,0,0
6978,3058,2024-11-24 21:52:53,app,short_term,677,21,550,rejected,,0,0
6979,3981,2025-02-17 08:49:14,app,short_term,1987,7,514,rejected,,0,0
6980,2867,2025-12-22 20:02:59,app,installment,2823,120,596,approved,2025-12-22 20:02:59,2823,120
6981,1794,2025-06-17 20:58:25,app,short_term,3484,21,605,approved,2025-06-18 20:58:25,3484,21
6982,4882,2024-12-22 09:39:36,web,installment,3692,120,621,approved,2024-12-22 09:39:36,3692,120
6983,872,2024-10-05 15:25:38,web,short_term,4171,7,627,rejected,,0,0
6984,4971,2025-07-25 07:44:18,app,short_term,1538,7,579,rejected,,0,0
6985,2677,2025-11-16 02:24:09,app,short_term,1881,14,546,rejected,,0,0
6986,2823,2024-11-08 21:19:42,web,short_term,3004,14,568,rejected,,0,0
6987,248,2024-11-06 11:26:26,app,short_term,3635,30,504,rejected,,0,0
6988,1020,2025-01-19 11:20:47,app,installment,1121,60,590,rejected,,0,0
6989,3862,2024-10-03 15:14:26,app,installment,4719,120,602,rejected,,0,0
6990,3417,2025-06-01 17:13:53,app,installment,3888,60,533,rejected,,0,0
6991,3186,2025-03-11 14:15:39,app,short_term,1528,30,601,approved,2025-03-11 14:15:39,1528,30
6992,1409,2024-08-04 02:40:47,app,installment,3122,60,551,rejected,,0,0
6993,2069,2024-08-02 08:46:42,app,installment,1276,60,593,rejected,,0,0
6994,1236,2025-09-16 21:06:58,app,short_term,1794,14,606,approved,2025-09-17 21:06:58,1794,14
6995,2255,2024-07-04 20:46:26,app,short_term,2956,14,592,rejected,,0,0
6996,3170,2024-08-08 08:42:44,app,short_term,3750,7,602,approved,2024-08-08 08:42:44,3750,7
6997,3532,2025-09-17 12:43:14,partner,short_term,3245,14,569,rejected,,0,0
6998,521,2025-07-07 06:37:03,app,installment,1332,90,611,rejected,,0,0
6999,4810,2024-04-23 16:23:06,app,short_term,2077,14,627,approved,2024-04-24 16:23:06,2077,14
7000,659,2025-07-16 09:50:14,app,installment,898,60,617,approved,2025-07-17 09:50:14,898,60
7001,1857,2024-04-19 01:09:38,app,installment,2614,60,608,rejected,,0,0
7002,3505,2024-02-17 16:40:28,web,short_term,4409,14,558,rejected,,0,0
7003,1410,2025-04-22 22:05:06,app,installment,659,60,610,approved,2025-04-23 22:05:06,659,60
7004,3522,2024-12-01 17:18:59,web,short_term,4303,30,570,approved,2024-12-01 17:18:59,4303,30
7005,1393,2024-01-28 12:21:26,app,installment,654,180,683,approved,2024-01-29 12:21:26,654,180
7006,2681,2025-09-26 15:42:48,app,installment,522,180,428,rejected,,0,0
7007,2098,2025-02-22 02:18:38,app,installment,1232,120,578,rejected,,0,0
7008,2620,2025-10-15 17:36:00,app,installment,3673,60,650,rejected,,0,0
7009,2876,2024-04-07 01:28:32,app,short_term,3524,21,560,rejected,,0,0
7010,3114,2024-07-02 16:18:04,app,installment,2338,180,627,rejected,,0,0
7011,3454,2025-11-13 13:22:49,app,short_term,1882,14,648,approved,2025-11-14 13:22:49,1882,14
7012,3417,2025-03-12 15:26:07,partner,installment,2039,180,547,rejected,,0,0
7013,3442,2024-05-15 17:30:23,web,short_term,3711,21,541,rejected,,0,0
7014,4011,2024-05-10 19:19:33,app,installment,1218,120,595,approved,2024-05-12 19:19:33,1218,120
7015,3398,2024-12-19 14:04:07,app,short_term,4320,30,608,approved,2024-12-20 14:04:07,3660,30
7016,1933,2025-07-26 03:53:02,app,short_term,4576,7,546,rejected,,0,0
7017,2707,2024-12-05 23:42:40,web,short_term,2723,7,638,approved,2024-12-06 23:42:40,2723,7
7018,1244,2024-04-08 06:50:23,partner,short_term,2562,21,588,rejected,,0,0
7019,1260,2024-08-02 03:07:10,app,short_term,3307,7,547,rejected,,0,0
7020,4589,2025-10-04 14:02:56,web,installment,3860,90,552,rejected,,0,0
7021,2260,2025-07-14 06:06:53,app,installment,1407,180,642,rejected,,0,0
7022,802,2025-07-08 23:51:12,web,installment,3963,180,436,rejected,,0,0
7023,520,2024-10-01 13:11:41,app,short_term,1296,7,599,rejected,,0,0
7024,1576,2024-12-14 21:00:25,partner,short_term,3154,7,556,approved,2024-12-15 21:00:25,3154,7
7025,304,2024-08-16 09:04:59,app,short_term,3381,7,630,approved,2024-08-18 09:04:59,3381,7
7026,974,2025-02-18 04:33:06,app,short_term,2973,7,533,rejected,,0,0
7027,2364,2024-07-10 03:51:24,app,short_term,1479,21,645,approved,2024-07-11 03:51:24,1479,21
7028,1308,2025-01-13 08:23:24,web,installment,2092,90,619,approved,2025-01-15 08:23:24,2092,90
7029,3845,2025-02-08 10:21:04,app,short_term,1035,7,586,approved,2025-02-08 10:21:04,1035,7
7030,3158,2024-06-08 05:34:22,web,short_term,935,21,626,rejected,,0,0
7031,1235,2024-10-16 09:14:01,app,short_term,4678,30,619,rejected,,0,0
7032,428,2024-11-12 23:06:23,app,short_term,932,14,581,rejected,,0,0
7033,4420,2025-09-06 02:32:38,app,installment,3389,120,681,rejected,,0,0
7034,962,2025-02-02 23:53:29,app,installment,4888,90,542,approved,2025-02-03 23:53:29,4888,90
7035,3529,2024-08-02 19:10:17,app,short_term,2040,14,628,approved,2024-08-04 19:10:17,2040,14
7036,2477,2024-04-04 00:14:44,app,short_term,3051,7,603,approved,2024-04-06 00:14:44,3051,7
7037,2185,2024-07-21 09:49:22,app,installment,580,90,493,rejected,,0,0
7038,2812,2024-02-18 02:31:13,web,short_term,1005,7,549,approved,2024-02-19 02:31:13,1005,7
7039,3947,2025-05-25 00:29:57,partner,short_term,1924,7,593,approved,2025-05-25 00:29:57,1924,7
7040,2902,2024-06-07 17:46:38,app,short_term,2881,7,547,rejected,,0,0
7041,4607,2025-01-08 20:58:19,app,short_term,718,21,471,rejected,,0,0
7042,4803,2025-10-09 16:03:24,app,short_term,4709,14,611,approved,2025-10-10 16:03:24,4709,14
7043,3284,2024-11-05 14:05:11,partner,installment,3284,180,590,approved,2024-11-06 14:05:11,3284,180
7044,855,2024-07-21 23:00:07,app,short_term,3994,21,562,rejected,,0,0
7045,488,2024-08-04 05:59:32,app,installment,4608,180,579,rejected,,0,0
7046,354,2025-04-19 09:30:05,app,short_term,2592,30,554,rejected,,0,0
7047,4907,2025-07-07 07:05:45,app,short_term,4424,7,582,rejected,,0,0
7048,2491,2025-09-20 15:20:27,app,installment,1986,60,572,rejected,,0,0
7049,78,2025-02-19 19:34:49,app,short_term,3255,30,586,rejected,,0,0
7050,2026,2024-06-18 00:27:29,app,installment,2111,120,593,approved,2024-06-20 00:27:29,2111,120
7051,3637,2024-11-16 18:54:56,app,short_term,982,7,534,rejected,,0,0
7052,3982,2025-06-19 10:33:09,app,installment,2693,120,526,rejected,,0,0
7053,4294,2024-08-02 16:50:10,web,installment,4515,60,636,approved,2024-08-04 16:50:10,4515,60
7054,18,2025-03-10 05:16:56,app,short_term,2574,21,538,rejected,,0,0
7055,2459,2025-04-10 19:02:30,app,installment,2761,180,612,rejected,,0,0
7056,685,2025-10-19 17:25:19,partner,short_term,3561,21,540,rejected,,0,0
7057,3477,2024-11-01 13:26:22,app,short_term,2348,7,620,approved,2024-11-02 13:26:22,2348,7
7058,3716,2024-10-23 05:20:44,app,installment,3093,60,598,approved,2024-10-23 05:20:44,3093,60
7059,3110,2025-08-11 13:39:11,web,installment,803,120,565,approved,2025-08-13 13:39:11,803,120
7060,2272,2024-02-27 03:59:24,app,installment,3720,180,582,approved,2024-02-27 03:59:24,3720,180
7061,2761,2025-09-26 14:53:22,app,short_term,4026,30,605,approved,2025-09-28 14:53:22,4026,30
7062,3935,2025-10-16 20:31:36,web,installment,2476,90,612,rejected,,0,0
7063,2623,2024-06-18 15:33:59,app,short_term,4858,30,553,approved,2024-06-19 15:33:59,4858,30
7064,3434,2025-10-28 19:18:10,web,short_term,3771,30,540,rejected,,0,0
7065,196,2024-12-21 13:52:04,app,installment,3073,180,497,rejected,,0,0
7066,992,2024-07-26 01:02:17,app,short_term,2259,7,521,rejected,,0,0
7067,3808,2025-06-25 01:13:22,app,short_term,1522,21,443,rejected,,0,0
7068,1076,2024-11-12 07:31:53,app,installment,2971,60,571,rejected,,0,0
7069,2710,2024-04-08 13:31:44,app,short_term,2133,21,552,rejected,,0,0
7070,1690,2024-12-03 01:08:26,app,installment,2158,120,553,rejected,,0,0
7071,1149,2025-03-15 17:01:04,app,short_term,2202,7,619,rejected,,0,0
7072,4720,2024-02-28 21:51:08,app,installment,1182,60,577,rejected,,0,0
7073,3097,2024-04-29 16:10:02,app,short_term,3238,30,606,approved,2024-04-30 16:10:02,3238,30
7074,2318,2024-11-21 03:19:50,partner,short_term,4257,30,627,rejected,,0,0
7075,2191,2024-09-12 12:02:30,app,short_term,4159,14,513,rejected,,0,0
7076,961,2024-05-17 13:54:30,app,short_term,2138,7,619,rejected,,0,0
7077,500,2025-11-12 12:07:43,web,short_term,687,7,558,approved,2025-11-13 12:07:43,687,7
7078,946,2024-11-05 16:28:04,app,short_term,3010,21,593,rejected,,0,0
7079,4958,2025-10-27 00:22:50,web,installment,2615,180,478,approved,2025-10-29 00:22:50,2615,180
7080,4919,2024-11-23 02:51:19,web,installment,3605,60,576,rejected,,0,0
7081,2590,2024-03-27 11:49:46,partner,short_term,4257,14,633,approved,2024-03-29 11:49:46,4257,14
7082,4690,2024-11-11 19:01:09,web,short_term,4997,7,560,rejected,,0,0
7083,2256,2024-11-10 06:15:53,partner,short_term,3575,14,548,rejected,,0,0
7084,4005,2025-03-18 14:53:09,web,short_term,3257,30,594,rejected,,0,0
7085,3339,2024-09-30 15:13:35,app,installment,3671,90,626,approved,2024-10-02 15:13:35,3142,90
7086,4891,2025-06-17 21:12:55,app,short_term,4889,14,587,approved,2025-06-19 21:12:55,4889,14
7087,4645,2025-02-03 17:23:33,app,installment,1700,120,639,approved,2025-02-04 17:23:33,1700,120
7088,4597,2024-10-10 03:13:13,app,installment,1814,120,547,rejected,,0,0
7089,2663,2025-06-30 22:36:20,app,short_term,2245,21,552,rejected,,0,0
7090,832,2025-07-19 02:32:19,app,installment,3118,180,599,approved,2025-07-21 02:32:19,3118,180
7091,3238,2024-05-24 14:59:19,web,short_term,3395,7,615,approved,2024-05-26 14:59:19,3395,7
7092,1779,2025-08-30 18:04:47,app,installment,2080,90,629,rejected,,0,0
7093,1560,2025-11-07 02:46:15,app,installment,4718,120,693,approved,2025-11-09 02:46:15,4718,120
7094,1323,2024-09-08 06:50:07,app,short_term,3402,21,565,approved,2024-09-10 06:50:07,3402,21
7095,4997,2025-09-05 22:17:56,app,installment,4710,120,535,rejected,,0,0
7096,1385,2024-05-28 09:13:09,app,short_term,3782,14,607,rejected,,0,0
7097,388,2025-05-04 23:23:50,app,installment,1908,120,549,rejected,,0,0
7098,1992,2024-12-07 11:13:35,app,installment,2065,90,587,approved,2024-12-09 11:13:35,2065,90
7099,1934,2024-07-05 16:28:01,web,short_term,521,21,605,rejected,,0,0
7100,3403,2024-09-26 18:59:44,app,short_term,3519,30,582,rejected,,0,0
7101,1068,2024-06-25 02:30:16,partner,short_term,1736,7,615,approved,2024-06-27 02:30:16,1736,7
7102,3822,2024-08-08 05:59:52,partner,installment,4343,120,537,rejected,,0,0
7103,3748,2024-03-20 07:00:53,app,short_term,2281,7,582,rejected,,0,0
7104,3696,2025-08-09 01:34:45,app,installment,1099,90,549,approved,2025-08-10 01:34:45,1099,90
7105,2196,2024-06-19 10:59:45,app,installment,1666,90,480,rejected,,0,0
7106,3143,2025-11-12 02:40:31,partner,short_term,1686,14,571,rejected,,0,0
7107,2700,2025-11-06 04:01:45,app,installment,4620,120,579,rejected,,0,0
7108,2667,2024-12-06 09:34:33,app,short_term,4778,7,619,rejected,,0,0
7109,2317,2024-08-05 16:50:11,app,installment,601,180,624,rejected,,0,0
7110,2426,2024-03-12 10:56:59,app,short_term,3952,7,586,rejected,,0,0
7111,613,2024-12-24 20:51:18,app,short_term,3162,21,523,rejected,,0,0
7112,1997,2024-11-16 13:30:40,app,installment,2356,60,568,approved,2024-11-17 13:30:40,2356,60
7113,1254,2024-04-02 04:38:51,app,installment,4470,90,480,rejected,,0,0
7114,4684,2024-09-10 09:44:13,app,short_term,4854,14,570,rejected,,0,0
7115,4248,2025-07-08 09:48:07,web,short_term,2708,21,620,approved,2025-07-09 09:48:07,2708,21
7116,4519,2025-02-28 22:59:08,partner,short_term,1334,30,637,approved,2025-03-01 22:59:08,1334,30
7117,4822,2025-10-06 02:00:05,partner,short_term,2935,7,617,rejected,,0,0
7118,4832,2024-07-07 12:28:37,app,short_term,3619,21,527,approved,2024-07-07 12:28:37,3619,21
7119,2205,2025-11-28 15:07:55,app,short_term,3619,14,511,rejected,,0,0
7120,2438,2025-05-26 17:34:36,app,installment,3963,120,640,approved,2025-05-28 17:34:36,3963,120
7121,4912,2024-08-18 16:45:15,app,short_term,3360,14,614,rejected,,0,0
7122,1103,2025-11-27 06:47:34,app,short_term,4008,14,591,rejected,,0,0
7123,540,2024-07-21 07:52:02,app,short_term,4958,21,551,rejected,,0,0
7124,948,2024-06-19 03:16:27,partner,installment,731,120,609,rejected,,0,0
7125,4207,2025-07-29 15:36:52,web,installment,713,60,571,approved,2025-07-29 15:36:52,713,60
7126,1809,2024-11-19 18:43:02,web,short_term,3428,14,634,approved,2024-11-21 18:43:02,3212,14
7127,376,2025-08-29 19:18:07,web,short_term,2706,14,579,rejected,,0,0
7128,2887,2025-06-29 09:22:59,web,short_term,1267,7,564,rejected,,0,0
7129,3926,2024-06-12 01:08:35,app,installment,1901,120,588,approved,2024-06-13 01:08:35,1901,120
7130,2879,2024-08-02 06:25:39,app,installment,3947,180,574,rejected,,0,0
7131,4834,2025-09-22 11:57:59,app,short_term,1987,7,570,rejected,,0,0
7132,171,2025-06-06 13:23:04,app,installment,1256,60,556,approved,2025-06-06 13:23:04,1256,60
7133,2196,2025-12-06 14:29:58,app,short_term,3907,7,470,rejected,,0,0
7134,4940,2025-06-29 00:36:37,web,short_term,4938,21,616,approved,2025-06-30 00:36:37,4938,21
7135,4974,2025-03-06 16:43:33,app,installment,3356,90,641,approved,2025-03-08 16:43:33,3356,90
7136,2562,2025-11-25 08:21:01,app,short_term,4932,30,603,rejected,,0,0
7137,2627,2024-09-19 18:03:15,app,short_term,3566,21,607,approved,2024-09-21 18:03:15,3566,21
7138,4772,2025-11-03 20:59:54,app,short_term,3652,7,600,approved,2025-11-03 20:59:54,3609,7
7139,3024,2024-05-14 09:23:37,app,short_term,1265,14,611,rejected,,0,0
7140,2524,2025-01-25 21:33:56,app,installment,4210,60,622,approved,2025-01-27 21:33:56,4210,60
7141,601,2025-02-27 03:41:57,app,short_term,3320,21,605,approved,2025-02-28 03:41:57,3320,21
7142,4521,2024-11-04 22:43:55,app,installment,3213,90,624,rejected,,0,0
7143,1541,2024-12-29 13:24:38,app,installment,750,60,584,approved,2024-12-31 13:24:38,750,60
7144,2486,2025-05-16 03:10:26,app,installment,1137,120,582,rejected,,0,0
7145,3300,2024-10-02 07:01:41,app,installment,1972,120,600,rejected,,0,0
7146,2130,2024-05-17 12:52:58,app,installment,4963,180,558,approved,2024-05-18 12:52:58,4963,180
7147,49,2025-10-13 00:13:34,web,short_term,1710,21,517,rejected,,0,0
7148,4477,2024-08-29 14:34:55,app,installment,1516,60,565,approved,2024-08-29 14:34:55,1516,60
7149,2075,2025-07-30 02:09:28,web,installment,3246,90,602,rejected,,0,0
7150,367,2025-03-05 02:04:08,web,short_term,3088,21,595,rejected,,0,0
7151,1423,2024-04-02 01:33:33,app,short_term,4420,14,561,rejected,,0,0
7152,89,2024-07-03 15:30:36,app,short_term,1879,7,607,approved,2024-07-04 15:30:36,1879,7
7153,2710,2025-07-03 11:56:40,app,installment,895,90,570,rejected,,0,0
7154,2381,2024-06-05 18:57:20,app,short_term,3676,7,615,approved,2024-06-05 18:57:20,3676,7
7155,1528,2025-06-10 02:59:08,partner,installment,2975,120,574,rejected,,0,0
7156,3364,2024-07-03 20:46:53,app,short_term,3451,7,629,rejected,,0,0
7157,4854,2025-07-10 06:09:05,app,installment,4381,120,581,rejected,,0,0
7158,3511,2025-03-04 12:59:11,app,installment,4943,180,564,rejected,,0,0
7159,1524,2025-08-16 02:04:48,app,short_term,3637,14,647,rejected,,0,0
7160,3066,2025-04-09 10:00:35,web,short_term,1796,7,564,rejected,,0,0
7161,2892,2024-03-19 16:41:53,app,installment,4184,60,587,rejected,,0,0
7162,526,2025-07-21 11:15:30,partner,installment,2638,60,561,approved,2025-07-23 11:15:30,2638,60
7163,831,2025-12-21 22:49:33,app,short_term,3385,21,582,rejected,,0,0
7164,4122,2024-11-01 10:47:50,app,installment,1856,180,589,approved,2024-11-03 10:47:50,1856,180
7165,439,2025-10-19 05:11:22,app,installment,3049,120,550,rejected,,0,0
7166,2506,2024-10-25 00:46:23,app,short_term,3282,14,576,approved,2024-10-26 00:46:23,3028,14
7167,3822,2024-06-29 12:24:24,app,short_term,722,21,546,rejected,,0,0
7168,1388,2025-09-12 19:27:51,app,installment,1149,120,629,approved,2025-09-14 19:27:51,1149,120
7169,2058,2024-08-26 05:25:44,app,short_term,1244,21,622,rejected,,0,0
7170,598,2024-06-21 22:30:13,app,installment,2016,60,601,approved,2024-06-23 22:30:13,2016,60
7171,2012,2024-08-29 21:19:00,partner,short_term,2669,21,555,rejected,,0,0
7172,3645,2025-02-18 10:27:07,app,short_term,671,14,593,approved,2025-02-19 10:27:07,671,14
7173,3922,2025-05-03 10:13:40,app,installment,2274,120,638,approved,2025-05-03 10:13:40,2274,120
7174,826,2025-09-19 10:09:29,web,short_term,4322,21,511,rejected,,0,0
7175,382,2025-05-19 01:13:27,web,short_term,3676,30,531,rejected,,0,0
7176,2802,2025-07-12 07:29:55,web,installment,2702,180,591,rejected,,0,0
7177,3789,2024-03-14 04:48:30,app,installment,713,180,617,approved,2024-03-16 04:48:30,713,180
7178,424,2024-04-16 03:50:28,web,short_term,3835,14,511,approved,2024-04-16 03:50:28,3835,14
7179,950,2024-06-29 07:45:44,app,installment,686,90,544,rejected,,0,0
7180,3633,2025-05-16 21:02:57,app,short_term,4526,30,610,rejected,,0,0
7181,4255,2025-06-02 14:31:22,app,installment,638,180,502,rejected,,0,0
7182,845,2025-05-30 11:44:51,app,installment,2334,60,601,approved,2025-05-30 11:44:51,2334,60
7183,1970,2024-10-08 18:12:49,web,short_term,1572,7,406,rejected,,0,0
7184,2953,2024-02-09 23:22:53,app,installment,3323,180,595,approved,2024-02-09 23:22:53,3323,180
7185,4009,2024-11-20 10:43:07,app,short_term,749,14,645,approved,2024-11-20 10:43:07,749,14
7186,1069,2025-11-04 05:35:22,app,short_term,1605,21,582,approved,2025-11-04 05:35:22,1605,21
7187,4797,2025-01-30 07:39:50,app,short_term,2138,7,548,rejected,,0,0
7188,4456,2025-05-09 09:11:53,app,installment,4897,90,610,rejected,,0,0
7189,3863,2024-01-30 14:10:19,app,installment,1485,180,580,rejected,,0,0
7190,4742,2025-08-15 17:27:28,app,installment,3971,60,480,rejected,,0,0
7191,1803,2024-11-19 11:55:27,app,short_term,1699,30,631,approved,2024-11-21 11:55:27,1699,30
7192,4994,2024-03-25 16:15:19,app,short_term,4147,14,609,rejected,,0,0
7193,2211,2025-08-26 21:46:35,web,short_term,624,30,599,rejected,,0,0
7194,2868,2025-09-30 22:48:37,app,installment,2854,90,621,approved,2025-09-30 22:48:37,2854,90
7195,4603,2025-05-15 09:20:09,web,short_term,3241,21,636,approved,2025-05-17 09:20:09,3241,21
7196,1410,2024-11-27 06:02:29,app,short_term,4139,7,617,approved,2024-11-27 06:02:29,4139,7
7197,3797,2025-02-08 09:20:45,app,short_term,1827,7,499,rejected,,0,0
7198,1630,2024-01-26 19:32:53,app,short_term,4381,14,630,approved,2024-01-27 19:32:53,4381,14
7199,4011,2024-06-24 19:45:54,web,short_term,1860,7,589,approved,2024-06-26 19:45:54,1860,7
7200,4723,2024-10-21 05:32:46,app,short_term,2685,14,550,rejected,,0,0
7201,3379,2025-09-26 16:02:08,app,short_term,1576,21,533,rejected,,0,0
7202,3871,2025-06-12 08:07:21,web,installment,3410,90,572,rejected,,0,0
7203,1255,2024-07-18 07:53:43,partner,installment,620,120,620,approved,2024-07-18 07:53:43,620,120
7204,2316,2025-04-17 01:27:34,app,installment,1594,60,589,rejected,,0,0
7205,4019,2025-09-11 13:50:59,app,short_term,4595,14,556,rejected,,0,0
7206,3756,2025-04-29 07:31:55,app,installment,1335,120,505,rejected,,0,0
7207,2608,2024-02-08 08:56:28,app,installment,2752,90,620,approved,2024-02-10 08:56:28,2752,90
7208,1573,2025-10-19 09:32:59,web,short_term,3861,14,566,rejected,,0,0
7209,3162,2024-11-12 02:57:22,app,installment,2233,90,532,rejected,,0,0
7210,3104,2024-06-13 18:00:01,app,short_term,2971,7,578,approved,2024-06-13 18:00:01,2971,7
7211,1096,2024-07-02 05:47:28,app,installment,738,120,614,approved,2024-07-04 05:47:28,738,120
7212,522,2024-06-06 03:56:45,app,installment,1870,180,628,approved,2024-06-07 03:56:45,1870,180
7213,2667,2024-09-22 21:51:58,web,installment,3409,180,611,rejected,,0,0
7214,861,2025-11-03 14:47:56,app,short_term,1533,14,580,rejected,,0,0
7215,3527,2024-06-30 15:32:14,app,short_term,3806,30,624,rejected,,0,0
7216,3682,2025-01-03 02:41:22,web,installment,4757,90,547,rejected,,0,0
7217,1791,2024-04-06 04:26:48,app,short_term,1866,21,573,approved,2024-04-07 04:26:48,1866,21
7218,1298,2024-08-23 08:06:50,app,installment,1457,60,578,rejected,,0,0
7219,2586,2024-09-26 21:09:00,app,short_term,2021,14,626,rejected,,0,0
7220,2272,2025-02-16 09:37:01,partner,short_term,859,7,589,approved,2025-02-16 09:37:01,859,7
7221,675,2025-09-20 20:18:53,app,short_term,632,7,674,approved,2025-09-20 20:18:53,632,7
7222,1269,2025-05-24 16:49:43,web,installment,4006,90,608,rejected,,0,0
7223,1191,2025-10-25 02:57:36,app,short_term,2878,14,575,approved,2025-10-26 02:57:36,2878,14
7224,1400,2025-04-19 21:26:56,app,installment,1004,180,597,approved,2025-04-19 21:26:56,1004,180
7225,1799,2024-10-08 08:45:38,app,installment,2445,180,538,approved,2024-10-10 08:45:38,2445,180
7226,1148,2025-11-23 06:51:02,app,short_term,4570,7,633,approved,2025-11-23 06:51:02,4570,7
7227,894,2025-04-27 03:50:02,web,short_term,3680,14,516,rejected,,0,0
7228,1664,2025-03-10 14:27:51,web,installment,3083,60,560,rejected,,0,0
7229,2259,2024-12-15 16:01:13,web,short_term,1048,7,554,rejected,,0,0
7230,4810,2025-12-13 03:51:07,app,short_term,576,21,608,approved,2025-12-13 03:51:07,576,21
7231,2481,2024-05-21 10:56:49,web,short_term,4364,14,559,approved,2024-05-22 10:56:49,4364,14
7232,269,2025-08-11 23:56:28,app,short_term,1293,14,614,approved,2025-08-12 23:56:28,1293,14
7233,3325,2024-07-09 07:15:25,app,short_term,3821,7,594,rejected,,0,0
7234,3944,2025-11-13 12:16:44,app,short_term,3187,14,612,approved,2025-11-15 12:16:44,3187,14
7235,2280,2025-09-30 08:33:48,partner,short_term,4279,21,632,approved,2025-10-01 08:33:48,4279,21
7236,4279,2024-06-08 02:40:53,app,short_term,4029,21,608,approved,2024-06-10 02:40:53,4029,21
7237,3267,2024-08-02 04:17:44,app,installment,3782,180,508,rejected,,0,0
7238,3313,2025-06-07 07:50:47,web,short_term,1535,30,599,approved,2025-06-07 07:50:47,1535,30
7239,4385,2025-04-03 20:05:32,web,short_term,4773,30,592,approved,2025-04-04 20:05:32,4482,30
7240,1373,2025-09-17 03:18:46,app,installment,2717,60,534,rejected,,0,0
7241,3743,2024-07-26 04:05:49,app,short_term,4629,7,610,approved,2024-07-26 04:05:49,4296,7
7242,1478,2024-09-01 22:31:57,app,short_term,4131,7,556,rejected,,0,0
7243,1574,2025-10-23 05:33:59,web,installment,1544,60,585,rejected,,0,0
7244,622,2025-09-05 00:24:05,web,short_term,2217,21,542,rejected,,0,0
7245,4271,2025-08-11 08:44:33,app,short_term,725,14,554,approved,2025-08-12 08:44:33,725,14
7246,3545,2025-06-11 14:02:08,app,installment,575,120,610,approved,2025-06-12 14:02:08,575,120
7247,1986,2025-09-01 02:18:25,app,installment,3050,90,578,rejected,,0,0
7248,1664,2024-11-01 04:35:27,app,installment,755,90,569,rejected,,0,0
7249,2796,2025-06-23 00:15:53,web,installment,2028,120,535,rejected,,0,0
7250,4283,2024-12-02 14:03:41,app,installment,2009,180,588,rejected,,0,0
7251,1559,2025-06-04 21:24:52,app,installment,2097,90,591,approved,2025-06-05 21:24:52,2097,90
7252,4169,2025-08-01 21:55:37,app,short_term,3610,21,546,rejected,,0,0
7253,3341,2024-04-10 00:18:34,app,installment,4076,90,630,approved,2024-04-12 00:18:34,4076,90
7254,2872,2024-09-17 12:26:42,app,installment,1066,120,578,rejected,,0,0
7255,1408,2024-05-13 03:55:55,app,short_term,4517,21,650,rejected,,0,0
7256,2343,2025-04-15 21:39:23,app,short_term,1683,7,606,rejected,,0,0
7257,3745,2024-03-10 12:01:05,app,installment,3304,90,574,rejected,,0,0
7258,1425,2024-03-26 19:11:32,app,installment,2408,180,611,approved,2024-03-28 19:11:32,2408,180
7259,2229,2025-11-06 07:21:33,app,installment,1112,120,596,rejected,,0,0
7260,3628,2025-12-15 20:19:23,web,short_term,4882,30,630,rejected,,0,0
7261,1894,2024-09-06 04:40:10,app,short_term,3426,7,640,approved,2024-09-08 04:40:10,3426,7
7262,4735,2024-11-02 11:26:47,app,installment,1881,120,578,approved,2024-11-03 11:26:47,1881,120
7263,1467,2025-07-31 01:36:01,web,short_term,3126,7,627,rejected,,0,0
7264,3734,2025-02-14 18:34:49,web,installment,1208,180,609,rejected,,0,0
7265,3325,2025-12-14 08:14:58,app,installment,2939,60,610,rejected,,0,0
7266,2933,2024-07-06 18:53:06,app,short_term,1084,21,534,rejected,,0,0
7267,1603,2024-07-03 17:12:47,app,installment,3626,120,634,approved,2024-07-04 17:12:47,3626,120
7268,1059,2025-11-29 00:28:37,app,installment,4955,90,567,rejected,,0,0
7269,863,2025-02-24 14:10:27,partner,short_term,3253,21,647,approved,2025-02-26 14:10:27,3253,21
7270,4218,2024-03-11 18:32:27,app,short_term,4456,14,575,rejected,,0,0
7271,3365,2024-03-28 10:14:32,web,short_term,1398,21,588,approved,2024-03-29 10:14:32,1398,21
7272,3344,2025-04-19 09:11:11,app,short_term,3919,30,520,rejected,,0,0
7273,925,2024-08-15 23:04:42,app,installment,1920,90,587,approved,2024-08-15 23:04:42,1920,90
7274,3646,2025-05-24 17:02:27,app,short_term,2218,30,595,approved,2025-05-25 17:02:27,2218,30
7275,1850,2024-10-17 16:40:09,app,short_term,802,14,532,rejected,,0,0
7276,1087,2025-06-03 06:23:48,app,installment,3886,180,637,approved,2025-06-03 06:23:48,3886,180
7277,3265,2025-01-15 05:01:07,app,installment,4469,60,646,approved,2025-01-17 05:01:07,4469,60
7278,2061,2025-01-14 02:02:01,app,short_term,1631,21,562,rejected,,0,0
7279,1664,2024-08-26 02:17:08,app,short_term,4691,14,557,rejected,,0,0
7280,427,2025-04-21 12:43:24,web,installment,556,120,524,rejected,,0,0
7281,2886,2025-01-18 17:57:43,app,installment,4171,90,610,approved,2025-01-19 17:57:43,4171,90
7282,995,2025-08-13 02:56:39,partner,installment,2976,60,600,approved,2025-08-13 02:56:39,2976,60
7283,2341,2024-07-12 16:31:51,app,short_term,2047,14,632,approved,2024-07-12 16:31:51,2047,14
7284,806,2024-08-31 17:53:57,web,installment,2852,120,600,rejected,,0,0
7285,1979,2025-03-29 02:13:17,web,installment,3328,180,595,approved,2025-03-30 02:13:17,3328,180
7286,563,2024-04-03 16:26:46,app,short_term,4066,7,536,rejected,,0,0
7287,3361,2025-12-02 10:56:58,app,installment,1775,180,658,approved,2025-12-04 10:56:58,1775,180
7288,4951,2025-07-22 17:13:26,app,short_term,523,30,572,rejected,,0,0
7289,2447,2024-12-23 12:13:58,web,short_term,4270,21,597,approved,2024-12-24 12:13:58,4270,21
7290,1467,2025-03-22 06:58:04,app,short_term,1279,21,619,approved,2025-03-24 06:58:04,1279,21
7291,341,2025-01-31 07:07:13,web,short_term,3926,21,562,rejected,,0,0
7292,3265,2024-12-31 19:25:59,app,installment,592,120,627,rejected,,0,0
7293,4744,2025-01-27 20:26:10,app,installment,4314,90,582,rejected,,0,0
7294,3891,2024-07-10 20:27:14,web,installment,1943,120,637,rejected,,0,0
7295,825,2024-08-12 00:36:16,app,installment,4404,60,601,rejected,,0,0
7296,3051,2024-05-03 02:16:04,app,short_term,4680,14,543,approved,2024-05-03 02:16:04,4680,14
7297,1766,2025-04-03 06:09:55,app,short_term,1772,7,625,rejected,,0,0
7298,3370,2025-05-25 07:47:58,partner,installment,3448,120,470,rejected,,0,0
7299,1417,2024-06-12 00:08:55,app,short_term,2022,21,592,rejected,,0,0
7300,1293,2025-02-20 03:35:13,app,installment,1439,90,582,approved,2025-02-21 03:35:13,1439,90
7301,3408,2025-03-01 20:17:52,app,installment,3368,60,607,rejected,,0,0
7302,650,2024-04-01 05:51:42,app,short_term,2493,7,615,rejected,,0,0
7303,2183,2025-10-28 07:34:11,app,installment,1349,120,602,approved,2025-10-29 07:34:11,1349,120
7304,3659,2025-06-10 06:11:56,app,short_term,3230,30,526,rejected,,0,0
7305,1900,2024-08-10 14:12:02,app,short_term,739,7,600,rejected,,0,0
7306,1786,2025-11-29 10:30:22,app,short_term,891,30,614,approved,2025-12-01 10:30:22,891,30
7307,4250,2024-07-02 14:32:29,app,short_term,2273,21,596,rejected,,0,0
7308,4907,2024-02-05 04:53:30,app,installment,2716,90,597,approved,2024-02-06 04:53:30,2716,90
7309,4928,2025-10-13 14:41:01,app,short_term,1090,7,586,rejected,,0,0
7310,2600,2025-11-26 11:24:46,app,installment,3470,180,635,rejected,,0,0
7311,2420,2024-02-10 11:28:41,web,installment,2907,120,541,rejected,,0,0
7312,585,2024-10-10 21:59:01,app,installment,1747,90,590,rejected,,0,0
7313,1982,2025-02-12 00:38:43,app,short_term,4380,30,505,rejected,,0,0
7314,2794,2024-08-12 04:38:02,partner,installment,2308,180,598,rejected,,0,0
7315,4247,2024-07-17 09:49:07,app,short_term,1777,30,564,rejected,,0,0
7316,4853,2024-05-24 07:40:44,web,installment,3493,60,515,rejected,,0,0
7317,3972,2025-12-22 17:05:03,app,short_term,4837,14,633,rejected,,0,0
7318,2474,2024-05-06 08:21:48,web,short_term,1968,7,608,approved,2024-05-07 08:21:48,1968,7
7319,993,2025-04-05 03:43:06,partner,installment,2382,120,589,approved,2025-04-05 03:43:06,2382,120
7320,1879,2025-07-01 23:25:28,partner,short_term,2059,21,649,rejected,,0,0
7321,1927,2025-12-17 16:57:23,web,short_term,2902,14,600,rejected,,0,0
7322,200,2025-11-23 21:35:22,app,installment,4517,180,573,rejected,,0,0
7323,22,2024-04-27 06:11:59,web,installment,1169,120,474,rejected,,0,0
7324,1925,2025-06-29 12:46:39,app,installment,3845,90,511,approved,2025-06-29 12:46:39,3845,90
7325,2311,2025-07-23 07:13:57,web,short_term,662,21,583,approved,2025-07-23 07:13:57,662,21
7326,1906,2024-10-28 02:48:31,partner,short_term,3168,14,666,approved,2024-10-28 02:48:31,3168,14
7327,4224,2024-11-21 23:51:06,app,installment,3498,90,572,rejected,,0,0
7328,3185,2024-08-31 21:29:57,app,short_term,4607,30,562,rejected,,0,0
7329,4930,2024-04-17 03:17:32,app,installment,4192,60,424,rejected,,0,0
7330,4894,2024-08-02 09:28:01,partner,installment,3504,60,604,approved,2024-08-02 09:28:01,3504,60
7331,1270,2024-10-30 05:11:06,app,installment,1870,60,602,approved,2024-11-01 05:11:06,1870,60
7332,312,2025-05-04 00:15:10,app,short_term,1414,14,611,rejected,,0,0
7333,2815,2025-01-06 17:10:58,app,installment,2130,120,546,rejected,,0,0
7334,755,2024-08-03 22:52:01,web,short_term,788,14,564,rejected,,0,0
7335,2576,2024-10-16 01:36:45,app,short_term,3776,30,588,rejected,,0,0
7336,564,2025-06-30 22:24:55,partner,short_term,4079,30,638,approved,2025-06-30 22:24:55,4079,30
7337,2718,2025-02-04 09:24:35,web,installment,2173,180,529,approved,2025-02-05 09:24:35,2173,180
7338,1758,2025-12-17 04:55:07,web,short_term,3314,7,502,rejected,,0,0
7339,16,2024-08-08 01:43:20,app,installment,627,180,575,approved,2024-08-09 01:43:20,627,180
7340,1218,2025-11-26 11:39:38,web,short_term,1397,30,533,rejected,,0,0
7341,4167,2024-06-05 08:58:34,app,short_term,2807,30,573,rejected,,0,0
7342,3970,2025-10-17 17:48:35,web,short_term,4365,14,667,approved,2025-10-18 17:48:35,4365,14
7343,850,2024-06-29 17:43:51,app,short_term,4417,7,543,approved,2024-07-01 17:43:51,4417,7
7344,2753,2025-06-26 22:59:00,app,short_term,1429,30,619,rejected,,0,0
7345,399,2025-06-07 08:44:29,app,short_term,1814,30,618,rejected,,0,0
7346,411,2025-06-26 06:24:49,web,installment,1186,120,594,rejected,,0,0
7347,2661,2024-10-07 19:11:32,app,installment,2698,180,632,approved,2024-10-09 19:11:32,2698,180
7348,3845,2025-12-11 20:18:02,app,short_term,4569,21,594,approved,2025-12-11 20:18:02,4569,21
7349,4584,2024-11-02 02:14:39,app,installment,3606,60,615,approved,2024-11-03 02:14:39,3606,60
7350,179,2024-12-05 03:58:48,app,short_term,4290,21,561,rejected,,0,0
7351,2377,2024-09-22 20:19:36,web,short_term,2012,7,558,rejected,,0,0
7352,2622,2025-07-02 15:59:50,app,short_term,4240,21,549,rejected,,0,0
7353,3076,2024-03-25 13:45:59,partner,installment,2700,120,518,rejected,,0,0
7354,2759,2024-10-22 10:15:17,web,installment,3816,60,579,rejected,,0,0
7355,4222,2025-11-22 17:29:15,app,installment,3500,90,618,rejected,,0,0
7356,3744,2025-06-04 15:31:27,app,short_term,3231,30,609,rejected,,0,0
7357,1051,2024-09-01 15:09:10,app,installment,4103,120,595,rejected,,0,0
7358,836,2024-07-05 15:40:39,web,installment,2024,120,616,rejected,,0,0
7359,2153,2025-06-23 19:08:26,app,short_term,2584,30,594,approved,2025-06-25 19:08:26,2584,30
7360,4706,2024-09-09 07:55:09,app,installment,690,180,584,approved,2024-09-11 07:55:09,690,180
7361,1007,2024-11-12 04:40:50,app,short_term,3225,14,601,approved,2024-11-12 04:40:50,3225,14
7362,404,2024-12-24 03:23:08,web,installment,1458,90,518,rejected,,0,0
7363,4898,2025-10-01 18:03:17,app,short_term,2317,14,559,approved,2025-10-02 18:03:17,2317,14
7364,4687,2024-05-02 01:44:46,app,short_term,1309,30,602,rejected,,0,0
7365,2837,2024-12-07 17:50:38,app,installment,2268,90,488,rejected,,0,0
7366,1527,2025-08-20 05:27:44,app,short_term,3871,7,514,rejected,,0,0
7367,610,2025-10-13 08:29:14,web,short_term,1117,30,600,rejected,,0,0
7368,3227,2025-06-05 09:48:16,app,short_term,778,21,621,approved,2025-06-05 09:48:16,778,21
7369,3867,2024-11-29 22:20:26,app,short_term,1591,30,556,approved,2024-12-01 22:20:26,1591,30
7370,3247,2024-09-20 22:44:22,app,installment,1636,120,567,rejected,,0,0
7371,4365,2024-07-17 17:51:40,app,short_term,1512,14,569,rejected,,0,0
7372,1464,2025-10-05 22:47:13,app,short_term,589,21,555,rejected,,0,0
7373,1501,2024-05-07 20:34:48,app,short_term,3509,21,589,rejected,,0,0
7374,3800,2024-06-22 18:39:54,app,installment,679,120,614,rejected,,0,0
7375,176,2024-12-26 02:17:35,app,installment,2373,60,584,approved,2024-12-26 02:17:35,2373,60
7376,1650,2024-10-31 13:44:00,app,short_term,3737,21,664,approved,2024-11-01 13:44:00,3737,21
7377,2809,2025-02-10 23:28:11,web,installment,1435,90,609,rejected,,0,0
7378,2999,2024-02-13 03:41:21,app,installment,2595,180,652,approved,2024-02-15 03:41:21,2595,180
7379,3575,2025-07-28 06:49:30,app,short_term,4124,21,562,rejected,,0,0
7380,4638,2024-04-26 14:55:38,app,short_term,3281,14,606,rejected,,0,0
7381,2051,2025-05-06 18:25:33,app,installment,2468,60,630,rejected,,0,0
7382,3083,2025-06-26 07:20:26,app,installment,3956,60,611,approved,2025-06-28 07:20:26,3956,60
7383,3467,2024-11-17 05:24:26,app,installment,3520,180,548,rejected,,0,0
7384,3731,2024-04-13 09:38:29,app,short_term,1795,14,640,approved,2024-04-14 09:38:29,1795,14
7385,4813,2025-12-05 08:50:54,app,installment,4041,90,530,rejected,,0,0
7386,4920,2024-10-13 21:54:42,app,installment,1850,180,573,rejected,,0,0
7387,3692,2025-08-21 11:30:06,app,short_term,2355,7,625,approved,2025-08-21 11:30:06,2355,7
7388,2462,2024-10-24 04:14:14,web,short_term,1600,21,589,approved,2024-10-26 04:14:14,1600,21
7389,165,2025-08-18 17:32:09,web,installment,3457,120,621,approved,2025-08-18 17:32:09,3457,120
7390,3145,2024-06-28 10:36:00,app,short_term,1853,30,615,approved,2024-06-29 10:36:00,1853,30
7391,2602,2024-01-25 15:51:40,app,installment,670,180,446,rejected,,0,0
7392,148,2024-04-08 13:59:37,app,installment,608,60,548,rejected,,0,0
7393,3240,2024-06-09 17:05:03,app,installment,2977,60,595,rejected,,0,0
7394,3613,2024-11-09 11:35:15,web,short_term,2833,7,581,rejected,,0,0
7395,2790,2024-11-06 22:41:52,app,short_term,1157,7,613,rejected,,0,0
7396,4221,2025-02-02 14:37:03,partner,short_term,4719,30,537,rejected,,0,0
7397,1280,2025-07-22 13:31:14,partner,installment,1774,60,538,rejected,,0,0
7398,1399,2024-08-07 22:47:45,app,short_term,3439,21,570,rejected,,0,0
7399,2884,2025-12-03 04:02:56,app,installment,4649,120,560,rejected,,0,0
7400,225,2024-10-29 19:04:07,app,short_term,1410,30,596,approved,2024-10-31 19:04:07,1410,30
7401,2304,2025-11-22 07:22:32,app,short_term,2785,7,629,approved,2025-11-24 07:22:32,2552,7
7402,1145,2024-10-16 07:35:43,app,short_term,3319,21,553,rejected,,0,0
7403,2020,2025-02-12 00:48:44,app,short_term,1954,7,624,approved,2025-02-13 00:48:44,1954,7
7404,682,2025-06-04 18:36:54,app,short_term,2729,30,565,rejected,,0,0
7405,648,2024-03-28 07:25:29,app,short_term,4585,7,657,rejected,,0,0
7406,3949,2024-12-07 13:39:04,app,short_term,4118,14,626,approved,2024-12-08 13:39:04,4118,14
7407,677,2025-07-12 10:55:48,app,short_term,2144,14,669,approved,2025-07-12 10:55:48,2144,14
7408,2776,2025-06-16 10:49:38,web,short_term,2758,21,497,rejected,,0,0
7409,3780,2025-08-13 06:31:59,app,installment,1223,180,621,rejected,,0,0
7410,946,2024-12-11 12:23:35,app,short_term,2996,30,563,rejected,,0,0
7411,1557,2024-07-01 16:21:58,partner,installment,3319,180,529,rejected,,0,0
7412,966,2025-01-02 11:58:31,app,short_term,2640,30,565,approved,2025-01-02 11:58:31,2640,30
7413,4958,2024-08-13 00:16:32,app,short_term,4473,7,471,rejected,,0,0
7414,1608,2025-04-26 11:06:41,app,installment,4608,90,609,approved,2025-04-28 11:06:41,4608,90
7415,2264,2025-10-23 14:39:04,app,short_term,2965,30,590,rejected,,0,0
7416,2073,2024-08-10 05:45:10,web,short_term,1930,21,560,rejected,,0,0
7417,4628,2025-10-20 03:12:23,partner,short_term,3356,21,566,rejected,,0,0
7418,2341,2024-05-03 14:03:10,web,installment,3467,120,609,rejected,,0,0
7419,2535,2025-06-30 06:06:40,app,installment,1965,120,566,approved,2025-07-01 06:06:40,1965,120
7420,190,2025-09-20 14:22:07,app,installment,643,120,623,approved,2025-09-21 14:22:07,643,120
7421,3734,2025-05-21 06:25:17,app,installment,1306,90,618,approved,2025-05-21 06:25:17,1306,90
7422,2711,2025-02-22 18:47:30,app,installment,1613,180,585,approved,2025-02-22 18:47:30,1613,180
7423,4146,2025-11-29 09:41:55,app,installment,2407,180,585,approved,2025-11-29 09:41:55,2407,180
7424,3803,2024-09-01 22:41:30,app,short_term,4001,30,527,approved,2024-09-02 22:41:30,3698,30
7425,176,2025-03-03 00:40:23,partner,installment,1700,180,564,rejected,,0,0
7426,945,2025-10-05 02:16:17,app,short_term,4228,7,525,rejected,,0,0
7427,4337,2024-06-18 04:39:37,app,installment,3393,90,546,rejected,,0,0
7428,2039,2024-10-18 23:50:33,app,installment,3174,120,619,approved,2024-10-20 23:50:33,3174,120
7429,130,2025-03-04 23:00:17,app,installment,1369,60,574,rejected,,0,0
7430,3830,2025-10-13 15:00:37,app,short_term,1386,30,610,approved,2025-10-13 15:00:37,1386,30
7431,1935,2025-10-05 23:43:56,app,short_term,3773,7,549,rejected,,0,0
7432,3706,2025-04-01 18:07:15,app,short_term,3615,30,607,approved,2025-04-03 18:07:15,3615,30
7433,4405,2025-12-16 06:40:53,app,short_term,1181,7,541,rejected,,0,0
7434,3428,2025-03-17 08:52:21,app,installment,2094,120,580,rejected,,0,0
7435,4865,2025-09-05 18:30:28,web,installment,3802,90,488,rejected,,0,0
7436,4012,2025-11-27 19:57:19,partner,installment,3111,60,555,rejected,,0,0
7437,2588,2025-08-05 09:04:14,app,short_term,1983,30,574,approved,2025-08-05 09:04:14,1983,30
7438,1876,2025-07-13 06:20:35,app,installment,4461,180,598,approved,2025-07-13 06:20:35,4461,180
7439,1764,2025-06-10 13:22:58,app,installment,2519,90,584,approved,2025-06-11 13:22:58,2519,90
7440,704,2024-09-18 14:32:08,app,installment,4644,60,573,approved,2024-09-18 14:32:08,4644,60
7441,2328,2024-06-17 15:05:13,app,installment,2676,60,573,rejected,,0,0
7442,1585,2024-06-11 00:50:17,app,short_term,1415,14,537,rejected,,0,0
7443,285,2025-01-13 17:40:20,app,installment,3964,90,634,approved,2025-01-14 17:40:20,3964,90
7444,1403,2024-01-31 05:15:04,app,installment,3451,120,535,rejected,,0,0
7445,4939,2025-10-19 06:04:51,app,installment,4753,60,627,approved,2025-10-19 06:04:51,4753,60
7446,1368,2024-10-31 13:59:55,web,installment,4267,120,632,approved,2024-11-02 13:59:55,3888,120
7447,2889,2025-10-22 10:32:07,web,short_term,3511,7,602,rejected,,0,0
7448,1847,2024-06-10 08:06:02,app,installment,3536,90,653,approved,2024-06-10 08:06:02,3536,90
7449,2695,2025-11-25 20:25:32,app,installment,1575,120,499,rejected,,0,0
7450,297,2024-11-17 18:10:47,web,installment,1630,120,632,approved,2024-11-19 18:10:47,1630,120
7451,2233,2024-08-11 10:39:03,app,short_term,1186,30,574,rejected,,0,0
7452,1588,2024-07-30 10:09:39,app,installment,2650,90,540,rejected,,0,0
7453,1403,2025-09-18 00:13:42,app,short_term,4287,21,555,rejected,,0,0
7454,388,2024-02-23 01:19:23,app,installment,1019,120,602,approved,2024-02-24 01:19:23,1019,120
7455,3052,2024-02-21 07:36:08,app,short_term,2711,14,467,rejected,,0,0
7456,4825,2025-06-28 07:54:50,app,installment,2193,180,531,rejected,,0,0
7457,3601,2025-04-20 16:55:49,app,installment,1267,180,562,rejected,,0,0
7458,2979,2024-09-15 01:39:01,app,short_term,4767,14,596,rejected,,0,0
7459,880,2024-10-08 14:40:22,app,short_term,920,21,569,rejected,,0,0
7460,616,2025-05-07 00:58:51,app,short_term,3456,30,594,rejected,,0,0
7461,3025,2025-11-20 12:58:06,app,installment,2313,180,626,approved,2025-11-21 12:58:06,2313,180
7462,1316,2025-12-04 19:02:57,app,short_term,598,14,632,approved,2025-12-05 19:02:57,598,14
7463,2319,2024-06-27 07:18:14,app,installment,1374,60,553,rejected,,0,0
7464,3119,2024-12-08 15:03:06,web,short_term,1278,14,516,rejected,,0,0
7465,4976,2024-09-21 17:08:04,app,short_term,2900,14,597,approved,2024-09-23 17:08:04,2900,14
7466,2384,2025-10-18 06:42:43,app,short_term,1829,21,550,rejected,,0,0
7467,1336,2024-03-12 18:40:48,web,installment,4175,90,656,approved,2024-03-13 18:40:48,4175,90
7468,1830,2025-12-16 00:12:06,web,short_term,4679,14,620,approved,2025-12-16 00:12:06,4679,14
7469,2558,2024-03-08 14:50:46,app,short_term,692,14,541,rejected,,0,0
7470,4344,2024-07-12 03:24:05,web,installment,502,180,583,approved,2024-07-14 03:24:05,502,180
7471,932,2024-07-15 01:40:34,app,installment,4808,90,636,approved,2024-07-17 01:40:34,4808,90
7472,1034,2025-12-11 08:27:01,web,short_term,978,7,602,rejected,,0,0
7473,4375,2025-07-04 20:02:09,app,short_term,705,14,550,rejected,,0,0
7474,2946,2024-10-31 07:15:31,app,installment,1010,180,599,approved,2024-11-01 07:15:31,1010,180
7475,4633,2024-04-14 17:45:51,app,short_term,567,30,558,rejected,,0,0
7476,3432,2024-10-18 23:45:58,app,installment,1452,120,572,rejected,,0,0
7477,3054,2025-01-30 10:35:11,web,short_term,900,14,627,approved,2025-01-30 10:35:11,900,14
7478,4973,2025-11-13 08:58:17,app,installment,522,120,588,rejected,,0,0
7479,4284,2025-07-19 21:20:27,app,installment,3160,180,595,rejected,,0,0
7480,181,2025-10-15 00:39:06,app,short_term,1680,14,515,approved,2025-10-15 00:39:06,1680,14
7481,7,2024-08-12 18:51:03,app,short_term,4921,14,629,approved,2024-08-14 18:51:03,4921,14
7482,2825,2024-07-14 05:46:56,app,installment,3240,120,598,approved,2024-07-14 05:46:56,3240,120
7483,1122,2025-03-22 20:55:17,app,short_term,2406,21,627,approved,2025-03-22 20:55:17,2406,21
7484,216,2024-08-23 11:57:45,web,short_term,2155,21,634,rejected,,0,0
7485,2165,2025-02-14 13:18:59,app,short_term,1114,21,541,rejected,,0,0
7486,491,2025-03-21 11:08:18,app,installment,3639,90,615,approved,2025-03-21 11:08:18,3639,90
7487,1289,2025-09-01 14:44:31,web,installment,815,90,604,approved,2025-09-01 14:44:31,815,90
7488,1931,2025-03-12 01:56:51,app,short_term,1100,30,559,approved,2025-03-12 01:56:51,1100,30
7489,950,2024-04-24 01:10:56,web,installment,4940,60,519,rejected,,0,0
7490,3907,2024-09-26 12:15:52,app,short_term,2429,30,638,approved,2024-09-26 12:15:52,2429,30
7491,750,2024-03-28 15:14:41,app,installment,952,60,632,approved,2024-03-28 15:14:41,952,60
7492,51,2025-09-25 00:06:27,app,installment,607,120,554,rejected,,0,0
7493,2346,2025-10-18 21:25:42,app,short_term,4015,7,587,rejected,,0,0
7494,2578,2024-04-16 07:55:32,app,installment,680,120,614,rejected,,0,0
7495,4011,2025-10-19 18:13:21,app,installment,1418,120,584,rejected,,0,0
7496,3711,2024-10-07 22:07:56,web,short_term,3249,21,574,rejected,,0,0
7497,7,2024-05-11 11:31:34,app,short_term,1763,30,644,approved,2024-05-11 11:31:34,1763,30
7498,4191,2024-08-25 07:52:28,app,short_term,1026,7,505,rejected,,0,0
7499,1053,2024-07-15 06:33:01,app,short_term,4829,21,563,approved,2024-07-15 06:33:01,3741,21
7500,1119,2025-08-08 14:37:20,partner,short_term,2265,21,657,approved,2025-08-10 14:37:20,2265,21
7501,1222,2024-10-21 21:14:07,app,short_term,3673,21,568,approved,2024-10-23 21:14:07,2294,21
7502,391,2024-03-16 18:27:26,app,short_term,3097,21,568,rejected,,0,0
7503,1972,2025-06-01 16:46:21,web,installment,2114,120,557,rejected,,0,0
7504,3930,2025-02-26 11:37:29,app,installment,3494,60,516,rejected,,0,0
7505,4008,2025-06-14 18:31:25,app,short_term,1060,14,674,approved,2025-06-16 18:31:25,1060,14
7506,3375,2025-07-28 22:18:19,app,short_term,1461,7,560,rejected,,0,0
7507,759,2025-09-04 03:44:24,app,short_term,3149,7,569,approved,2025-09-06 03:44:24,3149,7
7508,2470,2025-01-16 06:25:22,partner,short_term,2008,30,571,rejected,,0,0
7509,1041,2024-02-11 04:12:55,app,installment,3891,90,606,rejected,,0,0
7510,3124,2024-09-18 13:41:17,app,installment,2343,90,605,approved,2024-09-18 13:41:17,2343,90
7511,1476,2024-04-05 22:02:16,app,short_term,3362,21,565,rejected,,0,0
7512,4290,2024-02-18 11:33:45,app,short_term,3210,7,552,rejected,,0,0
7513,1858,2025-02-07 02:19:47,app,short_term,3467,30,606,rejected,,0,0
7514,3123,2024-12-17 16:31:55,app,short_term,3977,30,561,approved,2024-12-18 16:31:55,3940,30
7515,1386,2025-07-02 21:37:51,web,installment,908,180,647,rejected,,0,0
7516,1085,2024-10-05 19:55:06,partner,short_term,4625,14,609,approved,2024-10-07 19:55:06,4625,14
7517,4154,2025-03-24 03:16:47,app,installment,4878,120,602,rejected,,0,0
7518,2981,2025-03-10 17:39:10,app,short_term,3092,30,653,approved,2025-03-12 17:39:10,3092,30
7519,2119,2025-07-26 18:45:33,partner,short_term,3052,7,580,approved,2025-07-27 18:45:33,3052,7
7520,4552,2025-02-07 00:06:17,app,short_term,2673,30,610,approved,2025-02-07 00:06:17,2673,30
7521,4491,2025-06-09 05:48:54,app,installment,1837,120,559,rejected,,0,0
7522,1395,2024-09-25 08:25:03,partner,short_term,3284,14,522,rejected,,0,0
7523,4381,2024-08-22 23:58:47,partner,short_term,3502,21,601,approved,2024-08-22 23:58:47,3502,21
7524,1579,2025-04-25 01:38:40,web,short_term,793,21,638,approved,2025-04-25 01:38:40,793,21
7525,814,2025-02-01 06:07:30,app,installment,4035,90,529,rejected,,0,0
7526,4726,2024-10-09 04:23:54,web,short_term,4032,30,546,rejected,,0,0
7527,3923,2025-10-28 12:40:25,web,installment,4092,120,598,approved,2025-10-29 12:40:25,3033,120
7528,4932,2024-09-06 15:39:24,app,short_term,1531,30,621,approved,2024-09-06 15:39:24,1531,30
7529,1288,2025-10-01 16:43:21,web,installment,4987,120,604,approved,2025-10-02 16:43:21,4818,120
7530,2480,2024-05-31 07:15:36,app,short_term,1860,30,585,approved,2024-06-01 07:15:36,1860,30
7531,2739,2025-11-23 01:16:01,app,short_term,686,14,484,rejected,,0,0
7532,1061,2024-06-18 11:18:17,web,installment,2616,120,593,approved,2024-06-20 11:18:17,2616,120
7533,2207,2025-06-17 06:58:18,app,short_term,2346,7,652,approved,2025-06-19 06:58:18,2346,7
7534,2484,2024-10-05 02:12:45,web,short_term,1302,14,654,approved,2024-10-05 02:12:45,1302,14
7535,1396,2024-07-29 06:45:02,app,short_term,2468,21,513,rejected,,0,0
7536,4467,2025-12-19 21:34:57,app,short_term,4739,21,578,approved,2025-12-20 21:34:57,4739,21
7537,3368,2024-11-09 08:45:26,app,short_term,792,7,631,rejected,,0,0
7538,2038,2024-01-25 15:13:12,app,installment,3175,120,591,rejected,,0,0
7539,1160,2025-05-26 10:27:28,app,short_term,2580,21,556,rejected,,0,0
7540,963,2025-02-09 00:51:11,app,short_term,4809,7,609,approved,2025-02-10 00:51:11,4809,7
7541,3365,2024-10-02 18:55:41,partner,short_term,3837,30,569,approved,2024-10-04 18:55:41,2806,30
7542,4798,2024-05-17 22:55:59,app,short_term,4709,30,587,approved,2024-05-18 22:55:59,3812,30
7543,4085,2024-02-09 15:59:45,app,short_term,2502,7,592,rejected,,0,0
7544,2629,2025-06-09 20:04:07,app,installment,3569,90,608,approved,2025-06-09 20:04:07,3569,90
7545,122,2024-06-19 15:16:29,app,installment,3044,60,634,approved,2024-06-19 15:16:29,2853,60
7546,223,2024-11-27 23:51:53,web,installment,3737,180,578,rejected,,0,0
7547,3786,2024-08-02 22:10:12,partner,short_term,3408,14,598,approved,2024-08-02 22:10:12,3408,14
7548,1269,2024-03-01 16:31:01,web,short_term,2487,21,639,rejected,,0,0
7549,4737,2025-08-23 15:47:16,app,short_term,1772,14,524,approved,2025-08-24 15:47:16,1772,14
7550,1554,2025-05-25 17:32:08,app,installment,4686,60,607,rejected,,0,0
7551,335,2024-04-30 09:52:38,app,installment,3164,120,587,approved,2024-04-30 09:52:38,3164,120
7552,4336,2025-09-15 19:21:14,partner,short_term,3387,30,630,approved,2025-09-17 19:21:14,3387,30
7553,3097,2025-08-05 09:38:46,app,installment,4969,90,574,rejected,,0,0
7554,833,2024-05-01 23:57:33,app,short_term,3896,30,558,approved,2024-05-02 23:57:33,3194,30
7555,2490,2024-09-02 10:59:51,app,short_term,4162,7,566,rejected,,0,0
7556,3357,2024-02-16 11:19:58,app,installment,1578,180,575,approved,2024-02-16 11:19:58,1578,180
7557,872,2024-06-19 06:39:41,web,installment,1575,90,592,approved,2024-06-20 06:39:41,1575,90
7558,1406,2025-04-08 04:35:32,app,short_term,3097,30,486,rejected,,0,0
7559,3952,2024-10-30 02:54:41,app,short_term,2343,30,582,rejected,,0,0
7560,1826,2024-11-10 20:10:21,app,short_term,3484,7,571,approved,2024-11-12 20:10:21,3484,7
7561,2948,2025-08-02 16:16:16,app,installment,2004,180,547,rejected,,0,0
7562,935,2025-02-23 11:10:42,partner,short_term,1216,30,591,approved,2025-02-23 11:10:42,1216,30
7563,1589,2025-07-14 04:28:37,app,installment,3596,90,566,approved,2025-07-16 04:28:37,3596,90
7564,4313,2025-08-30 22:44:00,app,installment,2865,180,604,rejected,,0,0
7565,108,2025-03-04 10:30:49,app,short_term,628,7,566,rejected,,0,0
7566,1560,2025-05-04 21:17:36,app,short_term,4251,21,658,approved,2025-05-05 21:17:36,4251,21
7567,1654,2024-05-27 02:29:27,app,short_term,2864,7,648,approved,2024-05-27 02:29:27,2864,7
7568,4464,2024-12-11 21:17:53,app,installment,2103,60,562,rejected,,0,0
7569,2643,2025-07-24 09:01:50,app,installment,831,90,606,approved,2025-07-25 09:01:50,831,90
7570,4911,2025-06-13 18:52:30,partner,short_term,3808,7,600,rejected,,0,0
7571,234,2025-06-19 07:26:23,web,installment,4672,60,627,approved,2025-06-21 07:26:23,4672,60
7572,2877,2024-12-20 22:38:41,app,installment,2391,120,607,approved,2024-12-21 22:38:41,2391,120
7573,2547,2024-12-15 12:20:22,app,short_term,2271,21,530,rejected,,0,0
7574,2656,2025-04-29 05:17:36,web,short_term,4269,14,590,approved,2025-04-29 05:17:36,4269,14
7575,2673,2024-05-25 10:52:18,app,installment,3984,60,570,approved,2024-05-25 10:52:18,3984,60
7576,1562,2025-12-07 03:16:43,app,short_term,4232,21,585,rejected,,0,0
7577,3771,2024-05-14 12:34:55,app,installment,3819,60,603,approved,2024-05-16 12:34:55,3819,60
7578,4023,2025-05-16 11:03:25,app,short_term,3552,30,586,rejected,,0,0
7579,3848,2024-03-30 18:14:55,web,short_term,3222,30,613,rejected,,0,0
7580,38,2025-10-11 14:28:29,web,installment,1577,180,547,rejected,,0,0
7581,2402,2025-02-03 06:15:50,web,installment,2290,60,533,approved,2025-02-05 06:15:50,2290,60
7582,4158,2025-06-28 18:12:10,web,installment,3599,60,630,approved,2025-06-30 18:12:10,3599,60
7583,3307,2024-08-06 18:19:12,app,installment,1595,120,572,approved,2024-08-06 18:19:12,1595,120
7584,4202,2025-11-13 18:46:36,app,short_term,4545,21,620,approved,2025-11-15 18:46:36,4545,21
7585,3485,2025-04-08 19:07:12,app,installment,2857,120,559,rejected,,0,0
7586,2819,2025-06-03 21:07:13,web,short_term,4248,30,543,rejected,,0,0
7587,2442,2024-12-17 14:34:20,app,installment,1518,60,664,approved,2024-12-19 14:34:20,1518,60
7588,3696,2024-07-17 21:03:32,web,installment,4753,90,558,rejected,,0,0
7589,801,2025-01-18 12:41:21,web,installment,4794,90,617,approved,2025-01-20 12:41:21,4794,90
7590,3859,2024-01-24 21:52:59,app,short_term,3429,14,660,rejected,,0,0
7591,544,2025-07-25 17:45:50,app,installment,3122,120,597,rejected,,0,0
7592,197,2025-08-30 07:56:30,app,short_term,1010,14,504,rejected,,0,0
7593,4526,2025-11-16 05:56:42,app,installment,2801,90,566,rejected,,0,0
7594,2624,2024-04-29 05:21:41,app,short_term,538,7,619,approved,2024-04-30 05:21:41,538,7
7595,3031,2024-05-19 11:04:04,app,installment,2036,180,587,approved,2024-05-21 11:04:04,2036,180
7596,4304,2025-11-18 04:37:36,app,short_term,4657,30,600,rejected,,0,0
7597,1826,2025-10-25 07:44:22,app,short_term,2467,30,585,approved,2025-10-27 07:44:22,2467,30
7598,4716,2024-08-05 22:57:09,web,short_term,4825,7,603,approved,2024-08-05 22:57:09,4825,7
7599,3702,2024-01-27 02:54:36,partner,short_term,1331,14,612,approved,2024-01-29 02:54:36,1331,14
7600,1020,2024-05-25 00:46:57,app,installment,1667,120,585,rejected,,0,0
7601,908,2025-04-15 16:08:43,app,installment,3503,120,587,rejected,,0,0
7602,2852,2024-04-20 00:36:12,app,short_term,4790,30,502,rejected,,0,0
7603,2798,2025-09-07 02:51:39,app,short_term,1603,21,524,rejected,,0,0
7604,169,2024-11-17 19:58:06,app,short_term,2003,14,581,rejected,,0,0
7605,610,2025-10-31 05:20:12,app,installment,2794,90,596,approved,2025-10-31 05:20:12,2794,90
7606,2505,2025-08-29 16:08:14,app,installment,4942,60,676,approved,2025-08-29 16:08:14,4942,60
7607,2096,2024-02-07 15:10:33,partner,short_term,4191,21,615,approved,2024-02-07 15:10:33,4191,21
7608,1811,2024-12-25 12:56:41,web,short_term,2607,14,601,approved,2024-12-26 12:56:41,2607,14
7609,2251,2024-10-02 16:52:18,partner,installment,3068,120,638,rejected,,0,0
7610,3773,2024-07-02 04:36:24,app,short_term,2509,30,632,rejected,,0,0
7611,2818,2025-07-15 20:56:30,partner,short_term,546,21,575,approved,2025-07-15 20:56:30,546,21
7612,1616,2024-10-12 04:44:25,web,short_term,5000,30,626,approved,2024-10-13 04:44:25,5000,30
7613,2548,2024-03-21 23:54:24,app,installment,3270,180,590,approved,2024-03-23 23:54:24,3270,180
7614,3405,2025-04-06 02:15:02,web,short_term,2236,21,595,rejected,,0,0
7615,576,2025-06-01 18:02:30,web,short_term,3442,21,569,rejected,,0,0
7616,4035,2024-12-31 09:26:09,app,short_term,1967,14,577,approved,2025-01-01 09:26:09,1967,14
7617,2093,2025-01-27 21:01:06,partner,short_term,4675,21,580,approved,2025-01-28 21:01:06,4675,21
7618,357,2025-11-14 01:12:17,web,installment,3697,90,560,rejected,,0,0
7619,2363,2024-08-14 21:33:35,app,short_term,949,7,587,rejected,,0,0
7620,1021,2025-10-05 00:39:49,web,short_term,2153,7,555,rejected,,0,0
7621,1755,2024-11-23 10:41:54,web,short_term,2507,7,556,rejected,,0,0
7622,1580,2024-06-19 02:04:41,app,installment,1913,120,622,approved,2024-06-19 02:04:41,1913,120
7623,3721,2024-04-02 06:32:02,app,short_term,3167,7,611,approved,2024-04-02 06:32:02,3167,7
7624,4328,2025-01-15 06:02:43,app,installment,3172,60,542,rejected,,0,0
7625,768,2024-08-18 21:21:08,app,installment,2134,120,592,approved,2024-08-19 21:21:08,2134,120
7626,2413,2025-05-23 13:58:33,partner,installment,4646,90,531,rejected,,0,0
7627,3761,2024-06-29 22:01:40,app,short_term,2084,14,589,approved,2024-07-01 22:01:40,2084,14
7628,765,2025-09-14 00:18:03,app,short_term,3172,30,599,rejected,,0,0
7629,2485,2025-05-30 18:04:02,app,short_term,3013,30,601,approved,2025-06-01 18:04:02,3013,30
7630,827,2025-01-13 21:01:26,app,installment,4606,120,587,rejected,,0,0
7631,1690,2025-11-09 07:54:08,app,short_term,1126,14,585,approved,2025-11-09 07:54:08,1126,14
7632,1672,2024-01-29 19:34:17,app,short_term,3571,14,584,approved,2024-01-31 19:34:17,3571,14
7633,1882,2025-08-19 05:03:03,app,installment,1518,60,601,approved,2025-08-19 05:03:03,1518,60
7634,3263,2025-03-10 06:22:33,partner,installment,2083,120,504,rejected,,0,0
7635,4370,2024-12-24 17:13:38,app,installment,3131,120,590,rejected,,0,0
7636,4485,2025-09-02 00:25:58,app,installment,4894,60,586,approved,2025-09-03 00:25:58,4894,60
7637,2041,2024-08-11 18:43:29,app,short_term,663,7,561,rejected,,0,0
7638,954,2024-09-10 19:09:35,app,short_term,4748,14,657,approved,2024-09-12 19:09:35,4748,14
7639,2066,2024-06-17 21:51:44,app,installment,2083,60,626,approved,2024-06-17 21:51:44,2083,60
7640,4245,2024-03-15 13:27:05,app,installment,1046,90,617,rejected,,0,0
7641,3541,2024-04-27 23:34:05,app,installment,4530,120,597,approved,2024-04-29 23:34:05,4530,120
7642,1420,2025-08-20 21:17:44,app,installment,3242,90,409,rejected,,0,0
7643,3806,2024-03-24 13:37:41,app,short_term,644,14,558,rejected,,0,0
7644,3443,2024-12-08 16:03:49,app,installment,692,180,582,rejected,,0,0
7645,4452,2025-08-03 12:08:14,app,short_term,4581,21,524,rejected,,0,0
7646,4394,2024-08-27 06:41:21,app,installment,3361,120,658,approved,2024-08-29 06:41:21,3361,120
7647,4687,2025-08-02 19:42:47,app,short_term,3645,14,579,rejected,,0,0
7648,2458,2024-03-12 05:00:35,app,installment,2960,180,605,approved,2024-03-14 05:00:35,2960,180
7649,1270,2025-10-24 05:02:08,app,short_term,1017,30,546,rejected,,0,0
7650,3301,2024-10-29 21:13:27,app,short_term,4320,7,624,approved,2024-10-31 21:13:27,4320,7
7651,2885,2025-09-02 19:10:46,app,short_term,3810,30,624,rejected,,0,0
7652,1939,2025-06-13 17:35:59,partner,short_term,4698,21,575,rejected,,0,0
7653,4948,2025-05-19 20:36:16,web,short_term,2471,7,608,rejected,,0,0
7654,4058,2025-06-13 05:51:31,app,installment,4113,60,525,rejected,,0,0
7655,2717,2024-02-02 16:44:40,partner,installment,1585,120,625,approved,2024-02-03 16:44:40,1585,120
7656,3589,2024-06-10 01:57:24,web,short_term,3274,7,585,approved,2024-06-12 01:57:24,3274,7
7657,113,2025-01-08 03:59:43,web,short_term,4585,21,629,approved,2025-01-09 03:59:43,4585,21
7658,4120,2025-04-30 14:57:18,web,short_term,3062,7,658,rejected,,0,0
7659,346,2025-05-22 22:13:48,web,installment,4830,60,589,rejected,,0,0
7660,4039,2025-02-14 15:32:41,app,short_term,2777,14,497,rejected,,0,0
7661,820,2025-12-15 04:35:18,app,short_term,3958,21,570,rejected,,0,0
7662,3094,2025-04-21 13:39:55,app,short_term,3324,14,559,rejected,,0,0
7663,96,2024-04-17 20:31:21,app,short_term,4895,30,649,approved,2024-04-18 20:31:21,4895,30
7664,3301,2024-04-26 23:30:18,app,short_term,3090,14,646,approved,2024-04-26 23:30:18,3090,14
7665,3346,2025-11-13 13:20:07,app,installment,3003,120,580,rejected,,0,0
7666,4811,2025-04-27 10:56:26,web,installment,4660,120,545,rejected,,0,0
7667,2858,2024-03-13 01:42:49,app,installment,1928,120,615,approved,2024-03-15 01:42:49,1928,120
7668,3254,2024-12-05 10:41:31,app,installment,3122,90,554,approved,2024-12-05 10:41:31,3122,90
7669,3371,2024-12-11 14:35:20,app,short_term,1851,7,540,rejected,,0,0
7670,4845,2025-06-09 00:25:40,app,installment,4402,120,629,rejected,,0,0
7671,3835,2025-02-02 17:47:21,web,installment,1872,60,574,rejected,,0,0
7672,28,2025-10-29 17:52:20,web,installment,3383,90,603,rejected,,0,0
7673,2448,2025-01-05 16:25:26,app,short_term,3144,7,516,rejected,,0,0
7674,1555,2024-12-12 12:23:21,app,short_term,1013,21,598,rejected,,0,0
7675,1423,2024-11-03 18:26:46,partner,short_term,3732,21,529,rejected,,0,0
7676,2955,2025-01-12 07:55:06,web,short_term,4960,7,590,rejected,,0,0
7677,4449,2025-07-25 06:11:48,app,short_term,1692,30,609,rejected,,0,0
7678,4927,2025-08-10 06:14:45,partner,installment,4400,90,557,rejected,,0,0
7679,502,2024-03-26 11:16:36,partner,installment,2483,180,596,approved,2024-03-27 11:16:36,2483,180
7680,1386,2025-05-30 17:00:18,app,short_term,2410,7,635,rejected,,0,0
7681,4380,2025-05-01 18:06:47,partner,installment,4712,60,628,approved,2025-05-02 18:06:47,4329,60
7682,1218,2025-10-17 16:55:01,app,short_term,3248,7,593,rejected,,0,0
7683,132,2024-12-18 20:12:10,app,installment,4190,60,472,rejected,,0,0
7684,4422,2024-06-15 11:26:46,app,short_term,4563,7,561,rejected,,0,0
7685,2606,2025-04-17 12:40:45,web,short_term,1894,7,560,rejected,,0,0
7686,618,2025-09-24 12:05:47,app,short_term,930,14,685,approved,2025-09-26 12:05:47,930,14
7687,469,2024-10-09 00:09:50,app,installment,1627,120,614,rejected,,0,0
7688,420,2024-08-24 20:09:08,web,installment,4581,90,564,rejected,,0,0
7689,4251,2025-09-10 10:25:23,app,installment,4014,120,581,rejected,,0,0
7690,1059,2025-02-18 07:32:40,web,installment,3253,60,588,approved,2025-02-18 07:32:40,2793,60
7691,306,2024-11-10 11:37:22,web,installment,4542,180,531,rejected,,0,0
7692,4485,2024-06-22 00:39:53,app,short_term,4354,7,562,rejected,,0,0
7693,174,2024-06-27 00:17:42,app,short_term,2410,7,600,approved,2024-06-29 00:17:42,2410,7
7694,4439,2024-01-30 10:39:06,app,installment,2809,90,581,rejected,,0,0
7695,2646,2024-08-05 02:47:48,partner,installment,738,60,604,approved,2024-08-07 02:47:48,738,60
7696,3528,2024-09-18 14:35:32,app,installment,4859,60,597,rejected,,0,0
7697,4823,2025-07-19 02:56:48,app,short_term,1363,7,615,rejected,,0,0
7698,3905,2025-01-28 22:51:52,app,short_term,3120,14,623,approved,2025-01-30 22:51:52,3120,14
7699,4033,2024-07-28 17:29:55,app,installment,4021,60,608,rejected,,0,0
7700,3845,2025-02-02 11:48:53,web,short_term,4304,30,584,rejected,,0,0
7701,4103,2025-04-25 22:33:06,app,installment,3395,180,596,approved,2025-04-25 22:33:06,3395,180
7702,2047,2024-03-19 11:44:46,web,short_term,1067,30,532,rejected,,0,0
7703,1102,2025-08-20 18:42:52,partner,installment,2179,180,610,rejected,,0,0
7704,2126,2025-05-11 08:43:20,web,short_term,957,7,630,rejected,,0,0
7705,2019,2024-09-02 10:15:47,app,short_term,700,14,608,rejected,,0,0
7706,2580,2025-03-01 03:25:01,app,short_term,2539,21,515,rejected,,0,0
7707,1329,2025-11-07 23:33:53,app,installment,615,120,524,rejected,,0,0
7708,1276,2025-02-23 06:22:02,web,installment,3828,60,676,approved,2025-02-25 06:22:02,3828,60
7709,3097,2025-04-29 07:06:38,app,installment,1319,90,601,approved,2025-05-01 07:06:38,1319,90
7710,727,2025-01-24 15:38:24,partner,installment,659,180,562,rejected,,0,0
7711,369,2025-10-18 02:25:36,app,short_term,2372,7,608,rejected,,0,0
7712,4332,2025-02-07 23:09:48,app,short_term,3360,14,589,rejected,,0,0
7713,2309,2025-08-08 06:14:23,app,installment,4852,90,623,approved,2025-08-08 06:14:23,4852,90
7714,4392,2024-02-29 08:45:51,app,installment,4701,90,613,rejected,,0,0
7715,4580,2025-10-02 08:39:18,web,short_term,4120,30,537,approved,2025-10-03 08:39:18,3400,30
7716,1347,2025-10-15 13:20:41,app,short_term,3873,14,565,rejected,,0,0
7717,1267,2025-11-01 03:10:43,app,installment,3778,180,607,rejected,,0,0
7718,1948,2024-04-17 11:13:31,app,short_term,890,14,622,approved,2024-04-17 11:13:31,890,14
7719,308,2024-07-23 11:17:10,partner,short_term,3689,21,633,rejected,,0,0
7720,3487,2025-12-11 03:20:35,web,short_term,538,7,636,approved,2025-12-12 03:20:35,538,7
7721,4957,2024-01-30 03:02:45,app,installment,1364,120,441,rejected,,0,0
7722,120,2024-09-13 02:07:11,partner,installment,4787,120,630,rejected,,0,0
7723,4678,2024-02-24 10:15:10,partner,short_term,1049,7,608,approved,2024-02-25 10:15:10,1049,7
7724,1053,2025-10-26 10:00:06,app,short_term,2383,30,555,rejected,,0,0
7725,4788,2024-11-09 13:18:13,app,installment,1962,60,573,rejected,,0,0
7726,976,2024-10-16 20:28:55,app,short_term,4275,30,577,approved,2024-10-18 20:28:55,4275,30
7727,1994,2025-08-01 15:20:34,app,installment,1306,120,538,rejected,,0,0
7728,1619,2024-04-10 03:37:18,app,installment,4641,180,515,rejected,,0,0
7729,3312,2024-08-27 06:07:15,web,short_term,4927,14,503,rejected,,0,0
7730,1044,2024-12-13 04:10:13,app,short_term,2004,14,612,rejected,,0,0
7731,2055,2024-03-16 04:08:55,app,installment,3705,90,565,approved,2024-03-18 04:08:55,3705,90
7732,4451,2024-10-04 13:08:09,app,installment,1903,120,652,rejected,,0,0
7733,319,2024-02-27 00:18:44,web,installment,2129,90,564,rejected,,0,0
7734,1663,2024-10-29 06:03:29,app,installment,1669,60,524,rejected,,0,0
7735,4122,2025-07-02 02:15:10,partner,short_term,2659,21,604,approved,2025-07-04 02:15:10,2659,21
7736,32,2025-04-04 04:26:21,partner,short_term,3909,30,492,rejected,,0,0
7737,1771,2024-11-16 18:42:29,app,short_term,596,21,600,rejected,,0,0
7738,3425,2025-10-23 03:40:19,web,installment,4809,120,571,rejected,,0,0
7739,1246,2024-06-19 22:56:22,partner,short_term,4416,21,543,rejected,,0,0
7740,1734,2025-11-08 03:17:07,app,installment,3677,90,580,approved,2025-11-09 03:17:07,3677,90
7741,837,2025-02-14 10:08:14,app,installment,2350,90,652,approved,2025-02-14 10:08:14,2350,90
7742,4423,2025-01-04 16:34:59,app,short_term,4288,14,565,approved,2025-01-06 16:34:59,4288,14
7743,311,2024-08-08 11:41:29,app,short_term,4431,30,585,rejected,,0,0
7744,3051,2025-04-14 15:28:54,partner,short_term,1984,14,537,approved,2025-04-16 15:28:54,1984,14
7745,4366,2025-11-17 10:15:45,app,short_term,1529,21,628,approved,2025-11-19 10:15:45,1529,21
7746,957,2024-09-13 13:41:01,app,installment,759,90,587,approved,2024-09-13 13:41:01,759,90
7747,783,2025-05-31 07:24:59,web,installment,3791,120,561,approved,2025-05-31 07:24:59,3791,120
7748,1264,2024-10-05 16:02:43,app,installment,1008,180,618,approved,2024-10-06 16:02:43,1008,180
7749,1832,2024-04-12 07:49:20,app,short_term,4004,14,554,rejected,,0,0
7750,1098,2024-05-10 12:04:25,web,installment,3929,90,645,rejected,,0,0
7751,3822,2024-08-15 12:16:42,app,installment,3307,60,555,rejected,,0,0
7752,4580,2025-05-20 14:34:43,partner,installment,3626,180,552,rejected,,0,0
7753,326,2025-03-04 15:05:13,app,installment,3388,90,646,approved,2025-03-06 15:05:13,3388,90
7754,618,2025-09-12 16:55:54,app,short_term,2255,7,647,rejected,,0,0
7755,1167,2024-10-09 13:51:46,web,short_term,1378,14,633,approved,2024-10-09 13:51:46,1378,14
7756,4090,2024-02-08 04:30:55,app,short_term,518,21,521,rejected,,0,0
7757,278,2024-06-27 18:46:31,app,installment,1836,60,644,rejected,,0,0
7758,940,2024-12-16 16:05:31,web,installment,2024,120,642,approved,2024-12-18 16:05:31,2024,120
7759,4902,2024-06-16 11:45:39,app,short_term,1598,14,459,rejected,,0,0
7760,1459,2024-07-15 05:15:58,web,installment,4148,90,582,approved,2024-07-17 05:15:58,4148,90
7761,1315,2025-11-06 08:15:01,app,short_term,3810,14,611,rejected,,0,0
7762,1929,2025-09-16 05:43:14,app,installment,1731,180,569,rejected,,0,0
7763,177,2024-11-13 09:57:45,web,installment,4144,120,536,approved,2024-11-14 09:57:45,4144,120
7764,1149,2025-01-25 01:18:54,partner,short_term,4380,21,631,approved,2025-01-26 01:18:54,4380,21
7765,3379,2024-06-09 07:08:45,web,installment,2683,60,546,rejected,,0,0
7766,2788,2024-07-27 12:32:13,app,installment,3857,90,549,rejected,,0,0
7767,1970,2025-09-15 17:12:21,app,short_term,971,7,443,rejected,,0,0
7768,925,2025-06-19 20:28:07,app,short_term,1910,14,545,rejected,,0,0
7769,3911,2024-12-30 13:55:32,app,short_term,4508,7,522,rejected,,0,0
7770,592,2024-08-27 09:41:23,app,short_term,4758,14,578,rejected,,0,0
7771,995,2025-07-29 01:02:38,app,installment,3011,90,595,approved,2025-07-30 01:02:38,3011,90
7772,3625,2025-12-16 14:29:42,app,installment,2485,120,635,approved,2025-12-18 14:29:42,2485,120
7773,4677,2024-04-10 14:57:53,app,short_term,3997,7,619,approved,2024-04-12 14:57:53,3997,7
7774,1221,2024-07-28 02:18:42,app,installment,3521,180,601,rejected,,0,0
7775,2834,2025-04-13 08:38:04,app,short_term,4138,21,604,rejected,,0,0
7776,317,2024-06-30 11:53:06,app,short_term,3150,7,577,approved,2024-06-30 11:53:06,3150,7
7777,688,2025-12-05 02:46:48,app,installment,1498,180,600,approved,2025-12-05 02:46:48,1498,180
7778,2175,2024-05-24 13:05:13,web,short_term,4333,21,574,rejected,,0,0
7779,3500,2024-09-04 04:24:15,app,installment,3616,120,596,rejected,,0,0
7780,1855,2025-08-09 06:04:34,app,installment,1795,120,541,approved,2025-08-10 06:04:34,1795,120
7781,205,2025-02-10 22:27:06,app,short_term,1649,14,591,approved,2025-02-12 22:27:06,1649,14
7782,2136,2024-02-03 08:49:44,app,short_term,646,21,629,rejected,,0,0
7783,3321,2025-10-19 15:44:57,web,installment,2625,120,606,approved,2025-10-19 15:44:57,2550,120
7784,1435,2024-09-25 03:43:58,app,installment,4245,90,587,approved,2024-09-25 03:43:58,4245,90
7785,3148,2025-07-10 08:33:15,app,installment,4187,60,566,rejected,,0,0
7786,1058,2024-03-22 08:39:08,app,short_term,4012,14,583,rejected,,0,0
7787,2584,2024-06-22 16:01:02,app,short_term,2648,21,673,rejected,,0,0
7788,2257,2024-08-29 15:48:39,app,short_term,2743,21,557,rejected,,0,0
7789,661,2025-02-15 23:24:07,web,installment,3109,120,600,rejected,,0,0
7790,1905,2024-10-02 20:11:21,app,installment,3927,120,626,rejected,,0,0
7791,206,2025-10-21 00:50:37,app,installment,1342,120,586,approved,2025-10-21 00:50:37,1342,120
7792,211,2024-07-25 01:51:59,app,installment,1300,60,524,approved,2024-07-25 01:51:59,1300,60
7793,827,2025-09-06 22:41:13,app,short_term,1670,30,542,rejected,,0,0
7794,3485,2025-01-16 14:20:52,app,installment,2649,120,590,approved,2025-01-18 14:20:52,2649,120
7795,609,2025-05-13 06:21:37,partner,short_term,3558,30,621,rejected,,0,0
7796,3071,2024-04-18 23:29:21,web,short_term,1458,7,655,rejected,,0,0
7797,3305,2024-07-25 01:19:35,app,short_term,4306,7,510,rejected,,0,0
7798,2349,2025-05-01 23:26:06,app,installment,1284,120,541,rejected,,0,0
7799,3148,2024-06-08 04:11:19,app,installment,1136,60,577,approved,2024-06-10 04:11:19,1136,60
7800,3423,2024-03-03 20:12:12,app,installment,3465,90,608,approved,2024-03-04 20:12:12,3465,90
7801,1221,2024-07-24 14:49:45,web,short_term,4395,7,624,approved,2024-07-26 14:49:45,4395,7
7802,208,2025-03-25 00:12:27,web,installment,1158,90,630,approved,2025-03-25 00:12:27,1158,90
7803,1376,2025-08-05 10:28:42,web,installment,2405,90,598,approved,2025-08-05 10:28:42,2405,90
7804,1951,2024-10-07 22:41:48,partner,short_term,4396,30,582,rejected,,0,0
7805,599,2024-09-22 23:31:39,app,short_term,2188,7,567,rejected,,0,0
7806,350,2024-04-19 08:30:34,app,installment,1102,180,588,rejected,,0,0
7807,3744,2025-05-07 01:56:28,app,short_term,2508,21,667,approved,2025-05-09 01:56:28,2508,21
7808,3795,2025-01-20 01:44:33,web,short_term,4563,14,555,approved,2025-01-21 01:44:33,4563,14
7809,714,2024-12-21 05:27:06,app,short_term,1048,14,609,rejected,,0,0
7810,1924,2025-03-11 23:35:41,app,installment,1524,90,570,rejected,,0,0
7811,3915,2024-04-18 23:57:39,app,installment,4028,60,492,rejected,,0,0
7812,67,2025-09-18 22:44:54,app,installment,2509,60,606,approved,2025-09-19 22:44:54,2509,60
7813,2266,2024-04-03 19:16:33,app,short_term,2934,21,653,rejected,,0,0
7814,2369,2025-03-26 04:45:52,web,short_term,4496,7,637,approved,2025-03-27 04:45:52,3844,7
7815,58,2025-05-23 15:37:07,app,short_term,3241,14,595,rejected,,0,0
7816,3849,2025-12-10 13:29:03,app,installment,4337,180,560,rejected,,0,0
7817,4497,2025-02-18 14:42:46,web,installment,3551,90,508,rejected,,0,0
7818,167,2025-12-05 04:04:30,partner,installment,752,120,520,rejected,,0,0
7819,1209,2025-09-18 22:54:41,web,installment,2685,120,595,approved,2025-09-20 22:54:41,2685,120
7820,1746,2025-11-28 03:02:43,app,short_term,3434,30,632,rejected,,0,0
7821,2688,2025-11-17 12:02:03,app,installment,911,90,542,rejected,,0,0
7822,1,2025-04-19 19:21:46,partner,short_term,1871,7,597,rejected,,0,0
7823,150,2024-08-15 09:43:29,app,short_term,4841,21,614,approved,2024-08-15 09:43:29,4841,21
7824,3167,2025-09-01 14:17:03,app,short_term,3039,7,623,rejected,,0,0
7825,4012,2024-11-23 01:23:23,app,short_term,2705,21,559,approved,2024-11-23 01:23:23,2705,21
7826,2501,2025-08-23 23:01:50,app,installment,3346,120,679,rejected,,0,0
7827,3273,2024-10-24 05:55:37,app,installment,819,90,605,approved,2024-10-26 05:55:37,819,90
7828,419,2024-02-29 07:13:33,web,short_term,1407,30,584,approved,2024-03-01 07:13:33,1407,30
7829,1324,2025-09-22 12:15:11,app,short_term,2428,30,485,rejected,,0,0
7830,941,2024-04-11 19:48:45,web,short_term,4537,21,633,approved,2024-04-12 19:48:45,4537,21
7831,1616,2025-06-20 13:01:16,app,short_term,3924,21,642,approved,2025-06-22 13:01:16,3924,21
7832,3019,2024-03-03 17:01:26,app,installment,4519,90,613,rejected,,0,0
7833,2595,2024-11-06 05:07:33,app,short_term,3541,14,559,rejected,,0,0
7834,778,2024-12-25 09:18:55,app,short_term,3133,7,582,rejected,,0,0
7835,3589,2025-10-12 05:37:20,app,installment,3644,60,575,rejected,,0,0
7836,2624,2024-03-23 01:20:28,app,installment,3761,180,605,approved,2024-03-24 01:20:28,3761,180
7837,3752,2024-10-17 16:47:07,app,installment,1481,90,512,rejected,,0,0
7838,2189,2024-12-28 07:01:31,app,installment,1987,90,602,approved,2024-12-29 07:01:31,1987,90
7839,4354,2025-04-16 02:20:43,web,installment,1916,180,632,approved,2025-04-16 02:20:43,1916,180
7840,1104,2025-03-21 16:25:21,web,short_term,3750,14,559,approved,2025-03-23 16:25:21,3750,14
7841,4430,2024-08-04 17:31:57,app,short_term,3797,7,534,rejected,,0,0
7842,4454,2024-04-12 11:24:19,web,installment,883,60,573,approved,2024-04-12 11:24:19,883,60
7843,4149,2024-06-30 16:33:28,app,installment,1370,60,590,approved,2024-06-30 16:33:28,1370,60
7844,2800,2024-03-07 05:29:39,app,short_term,2287,14,611,approved,2024-03-07 05:29:39,2287,14
7845,2581,2025-02-07 22:04:09,web,installment,1242,60,630,approved,2025-02-09 22:04:09,1242,60
7846,4556,2025-04-07 09:25:44,app,short_term,2806,30,626,rejected,,0,0
7847,1348,2025-03-03 16:38:59,web,installment,2360,180,528,rejected,,0,0
7848,601,2024-06-18 09:06:03,app,installment,2079,180,603,rejected,,0,0
7849,1467,2025-07-15 20:50:22,app,installment,4547,90,619,rejected,,0,0
7850,20,2024-06-04 02:24:44,app,installment,2753,60,573,rejected,,0,0
7851,3246,2025-05-23 06:12:07,app,installment,2979,120,586,approved,2025-05-25 06:12:07,2979,120
7852,4341,2025-07-12 17:47:15,app,installment,2761,60,612,approved,2025-07-13 17:47:15,2761,60
7853,2254,2024-04-09 05:51:03,partner,short_term,2867,30,523,rejected,,0,0
7854,2525,2025-07-27 00:01:26,web,short_term,1852,30,637,approved,2025-07-29 00:01:26,1852,30
7855,854,2025-02-10 05:37:06,app,installment,3330,60,593,approved,2025-02-11 05:37:06,3330,60
7856,3032,2024-02-17 01:20:35,app,short_term,902,7,604,approved,2024-02-17 01:20:35,902,7
7857,3379,2025-12-15 21:44:13,app,installment,689,120,543,rejected,,0,0
7858,761,2024-03-01 23:23:05,app,installment,3533,120,612,rejected,,0,0
7859,2398,2024-06-04 15:39:06,web,installment,1382,180,470,rejected,,0,0
7860,2664,2024-12-22 11:06:08,partner,short_term,1893,14,636,rejected,,0,0
7861,1076,2024-08-09 17:42:25,app,short_term,1389,21,570,approved,2024-08-11 17:42:25,1389,21
7862,2862,2024-10-29 23:12:21,web,short_term,4703,21,552,rejected,,0,0
7863,1196,2024-10-18 04:02:49,app,short_term,4551,21,564,approved,2024-10-20 04:02:49,3922,21
7864,4298,2025-04-22 00:04:34,app,short_term,2653,7,606,approved,2025-04-24 00:04:34,2653,7
7865,4210,2025-02-12 08:28:13,web,short_term,4964,21,620,approved,2025-02-14 08:28:13,4964,21
7866,3581,2025-06-07 12:07:40,web,short_term,840,30,602,approved,2025-06-08 12:07:40,840,30
7867,1501,2025-07-09 08:40:34,app,installment,4406,180,558,rejected,,0,0
7868,889,2024-06-14 04:12:05,app,installment,4230,90,573,approved,2024-06-15 04:12:05,4230,90
7869,1886,2024-11-15 20:34:02,app,installment,1659,60,598,rejected,,0,0
7870,1836,2025-04-24 13:15:44,app,short_term,2838,7,600,rejected,,0,0
7871,1263,2025-09-04 18:39:36,app,short_term,752,30,509,rejected,,0,0
7872,3917,2024-10-21 05:18:50,app,installment,2644,90,609,rejected,,0,0
7873,2777,2025-08-16 01:19:55,web,installment,4725,180,466,rejected,,0,0
7874,3713,2024-12-02 16:22:29,app,installment,4323,180,590,approved,2024-12-03 16:22:29,4323,180
7875,3281,2025-05-17 19:10:43,web,short_term,3846,14,614,approved,2025-05-18 19:10:43,3846,14
7876,3718,2024-04-05 08:25:25,app,installment,815,120,634,rejected,,0,0
7877,4755,2025-12-11 01:12:19,app,short_term,3763,21,605,rejected,,0,0
7878,3767,2025-02-20 09:01:48,app,short_term,4317,21,565,rejected,,0,0
7879,381,2024-05-18 08:34:16,app,short_term,1337,21,607,approved,2024-05-18 08:34:16,1337,21
7880,385,2025-04-27 18:42:23,web,installment,1168,120,531,rejected,,0,0
7881,4268,2025-05-29 11:25:14,app,short_term,1819,30,637,rejected,,0,0
7882,655,2024-02-23 18:35:56,app,installment,4978,60,570,approved,2024-02-23 18:35:56,4138,60
7883,4035,2025-03-25 08:58:42,app,installment,4400,180,582,rejected,,0,0
7884,4551,2025-02-03 09:49:22,app,short_term,1191,21,575,rejected,,0,0
7885,2965,2024-09-19 12:46:50,app,installment,3514,180,491,rejected,,0,0
7886,3012,2024-12-16 20:07:56,web,installment,933,60,593,rejected,,0,0
7887,55,2024-11-24 17:26:24,app,short_term,1786,21,525,rejected,,0,0
7888,2365,2024-04-01 04:15:51,app,short_term,3417,30,474,rejected,,0,0
7889,2405,2024-08-10 15:00:21,partner,installment,1203,90,632,rejected,,0,0
7890,2124,2024-05-11 13:10:00,app,installment,1871,120,576,rejected,,0,0
7891,3969,2024-06-06 08:58:44,app,short_term,2228,21,586,approved,2024-06-08 08:58:44,2228,21
7892,451,2024-11-03 12:42:37,app,short_term,4248,21,586,approved,2024-11-05 12:42:37,4248,21
7893,1134,2024-09-02 15:40:06,web,installment,3288,120,573,rejected,,0,0
7894,4645,2024-10-04 21:46:08,app,short_term,2673,7,615,approved,2024-10-06 21:46:08,2673,7
7895,3813,2024-06-08 14:55:04,app,installment,4038,120,581,approved,2024-06-08 14:55:04,4038,120
7896,2629,2025-03-05 15:09:51,partner,short_term,1989,14,590,rejected,,0,0
7897,205,2024-09-24 14:47:04,app,short_term,2574,14,582,approved,2024-09-25 14:47:04,2574,14
7898,1447,2025-12-07 01:49:10,app,installment,3117,120,554,rejected,,0,0
7899,344,2024-04-18 15:06:18,app,installment,4068,180,643,approved,2024-04-20 15:06:18,3690,180
7900,1416,2024-04-01 20:10:40,app,installment,4961,180,540,rejected,,0,0
7901,1595,2024-06-13 23:05:24,web,installment,1341,90,563,approved,2024-06-13 23:05:24,1341,90
7902,4763,2024-11-09 13:22:52,app,short_term,3667,7,528,rejected,,0,0
7903,348,2024-11-22 17:00:41,app,short_term,2319,7,612,approved,2024-11-23 17:00:41,2319,7
7904,3802,2025-04-06 10:24:51,app,short_term,3137,21,550,rejected,,0,0
7905,4654,2025-08-13 05:50:34,app,short_term,3189,7,547,rejected,,0,0
7906,4400,2025-05-24 02:33:44,app,short_term,1540,21,542,rejected,,0,0
7907,1299,2024-08-08 23:43:05,app,short_term,2221,30,614,rejected,,0,0
7908,1136,2024-05-28 09:18:20,web,installment,1341,60,452,rejected,,0,0
7909,747,2025-08-26 11:05:03,web,short_term,1277,14,613,approved,2025-08-27 11:05:03,1277,14
7910,4234,2025-02-02 23:13:11,app,installment,3803,180,564,rejected,,0,0
7911,4856,2024-02-24 20:15:46,app,short_term,3707,30,493,rejected,,0,0
7912,3747,2024-05-08 03:28:05,app,installment,921,90,620,approved,2024-05-08 03:28:05,921,90
7913,3932,2024-07-02 19:01:45,app,short_term,4268,14,548,rejected,,0,0
7914,2615,2025-09-20 15:37:15,app,installment,1510,120,636,approved,2025-09-20 15:37:15,1510,120
7915,4000,2025-07-01 11:17:45,app,installment,2185,180,610,rejected,,0,0
7916,4910,2025-09-19 20:08:07,partner,installment,1540,90,610,approved,2025-09-20 20:08:07,1540,90
7917,1473,2025-11-07 10:09:51,web,installment,3140,180,557,approved,2025-11-08 10:09:51,3140,180
7918,3463,2024-03-17 08:02:38,app,short_term,2397,21,551,rejected,,0,0
7919,2320,2024-02-28 19:46:49,app,installment,3661,180,560,rejected,,0,0
7920,2200,2025-03-11 08:20:06,app,short_term,3495,7,554,rejected,,0,0
7921,2204,2025-08-31 22:58:52,app,installment,4962,180,585,approved,2025-08-31 22:58:52,4257,180
7922,2558,2024-04-22 21:43:04,app,short_term,1552,30,533,rejected,,0,0
7923,3029,2025-02-08 11:56:01,web,short_term,3208,30,483,rejected,,0,0
7924,1352,2025-06-15 07:48:55,web,short_term,1740,21,613,rejected,,0,0
7925,435,2024-11-28 22:02:05,app,short_term,1623,30,575,rejected,,0,0
7926,4632,2024-06-19 12:24:19,app,short_term,4269,14,595,rejected,,0,0
7927,3712,2024-08-19 13:55:50,app,installment,4241,60,612,approved,2024-08-19 13:55:50,4241,60
7928,218,2025-01-18 06:58:50,app,short_term,4977,7,539,rejected,,0,0
7929,2439,2024-10-01 05:32:01,app,installment,2537,180,612,approved,2024-10-01 05:32:01,2537,180
7930,4096,2025-09-26 01:13:53,web,installment,880,180,561,approved,2025-09-27 01:13:53,880,180
7931,3370,2025-09-13 14:04:30,app,short_term,3879,7,471,rejected,,0,0
7932,4814,2024-06-15 06:25:40,app,installment,3359,90,585,rejected,,0,0
7933,3146,2025-12-03 23:10:37,app,short_term,3191,14,628,rejected,,0,0
7934,2460,2024-08-15 11:27:40,app,installment,609,180,577,rejected,,0,0
7935,4817,2025-07-09 16:31:08,app,short_term,4395,21,630,approved,2025-07-09 16:31:08,4395,21
7936,1544,2025-04-28 19:25:20,app,short_term,1427,30,642,approved,2025-04-30 19:25:20,1427,30
7937,4260,2024-02-28 15:54:23,app,installment,3546,90,516,rejected,,0,0
7938,3111,2025-04-15 16:28:23,app,installment,3378,90,574,rejected,,0,0
7939,2994,2025-04-27 14:51:27,app,installment,3326,90,601,rejected,,0,0
7940,4296,2024-11-10 12:53:55,app,installment,3501,60,608,approved,2024-11-11 12:53:55,3501,60
7941,4181,2024-04-20 10:30:51,app,short_term,4312,14,616,rejected,,0,0
7942,2999,2024-09-12 04:42:54,app,installment,3870,60,664,approved,2024-09-13 04:42:54,3870,60
7943,2283,2025-11-10 04:33:05,app,short_term,2068,21,588,rejected,,0,0
7944,3540,2024-02-04 04:31:28,app,installment,1145,120,571,approved,2024-02-06 04:31:28,1145,120
7945,451,2024-10-06 09:33:45,web,installment,939,90,576,rejected,,0,0
7946,1849,2024-03-10 21:29:20,app,installment,530,60,575,rejected,,0,0
7947,3954,2025-05-30 13:39:47,app,installment,2207,90,567,rejected,,0,0
7948,982,2024-12-12 06:52:55,app,installment,3324,60,622,approved,2024-12-13 06:52:55,3324,60
7949,1615,2024-12-16 07:05:05,app,short_term,1217,30,613,approved,2024-12-16 07:05:05,1217,30
7950,3017,2025-07-28 14:57:15,app,short_term,3157,30,606,approved,2025-07-28 14:57:15,3157,30
7951,1267,2025-06-06 12:55:46,app,short_term,1855,7,579,approved,2025-06-06 12:55:46,1855,7
7952,3627,2025-12-17 22:12:57,partner,installment,3527,90,608,rejected,,0,0
7953,3727,2024-12-29 04:39:08,app,installment,4392,60,564,approved,2024-12-30 04:39:08,3986,60
7954,4681,2025-11-02 18:45:35,app,short_term,2871,7,479,rejected,,0,0
7955,694,2024-04-14 12:42:23,app,installment,3055,120,596,approved,2024-04-15 12:42:23,3055,120
7956,4018,2025-03-12 17:50:24,app,installment,2936,120,457,rejected,,0,0
7957,2817,2024-02-21 08:49:00,partner,short_term,3659,30,534,rejected,,0,0
7958,1092,2024-09-24 08:21:00,app,short_term,4177,7,472,rejected,,0,0
7959,4922,2024-04-13 06:47:28,app,installment,1993,90,559,approved,2024-04-15 06:47:28,1993,90
7960,2033,2025-02-16 11:17:12,app,short_term,2964,21,570,rejected,,0,0
7961,4516,2024-11-14 18:09:47,app,installment,3987,120,567,rejected,,0,0
7962,2544,2024-11-01 01:40:16,app,installment,3529,120,499,rejected,,0,0
7963,188,2025-03-26 13:15:03,web,installment,1149,120,540,rejected,,0,0
7964,4222,2025-06-07 21:32:42,app,short_term,2471,14,607,rejected,,0,0
7965,4258,2024-10-01 09:28:34,web,short_term,3135,14,577,rejected,,0,0
7966,1514,2025-08-31 22:10:52,app,short_term,2964,30,610,rejected,,0,0
7967,3489,2025-10-05 23:16:23,app,short_term,2502,21,554,rejected,,0,0
7968,771,2024-10-25 18:01:50,app,installment,1585,120,601,approved,2024-10-26 18:01:50,1585,120
7969,923,2025-08-04 02:10:20,app,short_term,3608,7,621,approved,2025-08-05 02:10:20,3608,7
7970,4883,2024-02-19 16:12:05,web,short_term,2435,30,546,rejected,,0,0
7971,3887,2025-04-12 09:12:18,app,installment,3659,90,577,rejected,,0,0
7972,1952,2025-11-11 06:00:00,app,installment,1461,120,577,rejected,,0,0
7973,451,2024-12-14 19:40:06,app,installment,1074,180,599,rejected,,0,0
7974,822,2025-02-23 21:11:20,web,installment,4566,90,478,approved,2025-02-24 21:11:20,3150,90
7975,3368,2025-01-15 12:28:04,web,short_term,3744,14,651,approved,2025-01-17 12:28:04,3744,14
7976,4811,2024-06-09 14:35:32,app,short_term,2062,7,538,approved,2024-06-10 14:35:32,2062,7
7977,3298,2024-02-24 22:28:53,app,installment,1225,60,621,rejected,,0,0
7978,1229,2024-04-20 05:35:47,app,short_term,1454,30,566,approved,2024-04-20 05:35:47,1454,30
7979,1895,2024-09-13 17:26:16,app,installment,1063,60,508,rejected,,0,0
7980,1709,2024-07-21 19:59:19,web,short_term,684,30,566,approved,2024-07-22 19:59:19,684,30
7981,4454,2025-10-28 11:19:32,app,short_term,4844,14,583,rejected,,0,0
7982,1393,2025-09-08 15:05:20,web,installment,2928,180,661,approved,2025-09-08 15:05:20,2928,180
7983,3420,2024-05-16 03:41:59,web,installment,1215,90,705,rejected,,0,0
7984,3498,2024-06-28 12:27:06,app,short_term,4371,21,545,rejected,,0,0
7985,302,2025-04-04 03:00:26,app,short_term,3794,30,543,approved,2025-04-05 03:00:26,3794,30
7986,1488,2024-09-14 09:35:03,app,installment,3228,120,543,rejected,,0,0
7987,4758,2025-04-07 13:10:22,app,short_term,1503,14,609,approved,2025-04-07 13:10:22,1503,14
7988,1335,2025-11-01 06:42:38,app,short_term,680,21,634,rejected,,0,0
7989,4077,2024-07-24 18:19:54,web,short_term,2732,30,606,approved,2024-07-26 18:19:54,2732,30
7990,1287,2024-03-29 05:30:41,web,short_term,676,7,579,rejected,,0,0
7991,3479,2024-08-07 17:18:23,app,short_term,2465,14,558,rejected,,0,0
7992,4094,2024-04-22 13:20:33,app,short_term,3876,21,574,approved,2024-04-23 13:20:33,3876,21
7993,1972,2024-07-02 17:47:16,app,installment,4319,120,570,approved,2024-07-02 17:47:16,4292,120
7994,3126,2025-01-08 17:16:15,web,short_term,710,14,627,approved,2025-01-08 17:16:15,710,14
7995,607,2025-05-27 06:03:23,app,short_term,2141,21,608,rejected,,0,0
7996,3891,2025-07-20 03:03:42,partner,short_term,3017,14,621,rejected,,0,0
7997,3380,2024-08-16 23:32:00,app,short_term,1179,14,544,rejected,,0,0
7998,1793,2024-04-06 00:24:55,web,installment,1795,180,603,approved,2024-04-07 00:24:55,1795,180
7999,2349,2025-04-02 01:53:18,partner,short_term,4727,30,554,rejected,,0,0
8000,336,2024-03-19 06:58:21,web,installment,4698,180,612,approved,2024-03-19 06:58:21,4698,180
