app_id,user_id,apply_dt,login_7d,login_30d,night_ratio,device_change_90d,app_install_cnt,sms_cnt_7d
1,1963,2025-08-17 18:49:12,4,27,0.08,0,60,26
2,922,2024-12-21 06:31:57,3,30,0.45,0,77,17
3,4820,2024-04-14 11:04:50,10,19,0.41,0,41,55
4,689,2025-10-11 13:51:31,0,5,0.12,0,72,32
5,2570,2025-05-07 17:12:02,1,19,0.36,0,75,22
6,3881,2025-02-03 10:38:34,2,25,0.56,0,44,2
7,4998,2024-02-05 21:02:27,3,20,0.25,0,45,25
8,129,2024-10-15 13:50:22,3,27,0.38,0,40,41
9,1110,2024-11-04 10:45:04,3,13,0.22,0,37,31
10,47,2025-02-01 07:09:00,3,22,0.04,0,70,0
11,1052,2024-12-28 23:46:59,0,29,0.36,0,84,26
12,1101,2024-11-13 12:06:55,4,22,0.4,0,55,37
13,4346,2024-09-13 23:12:00,8,5,0.61,1,59,44
14,280,2025-11-05 01:52:46,6,11,0.19,1,79,55
15,4273,2025-03-12 10:45:35,7,20,0.03,0,36,35
16,2491,2025-11-17 07:11:25,4,18,0.33,0,76,50
17,4356,2025-05-20 19:05:02,5,5,0.28,0,66,24
18,2753,2024-08-14 12:09:07,2,14,0.11,1,27,22
19,2877,2024-05-27 07:36:20,9,22,0.4,0,90,40
20,2178,2025-06-20 00:34:28,8,13,0.23,0,90,27
21,3931,2025-01-04 23:35:09,0,22,0.38,0,49,28
22,2099,2024-05-09 09:04:02,4,12,0.1,0,54,7
23,2526,2025-08-13 07:32:41,2,11,0.47,0,69,38
24,1393,2025-06-27 04:10:42,8,18,0.19,0,37,22
25,1192,2024-08-08 03:51:33,7,20,0.43,0,62,25
26,4410,2024-02-03 05:15:43,1,26,0.34,0,31,27
27,3971,2025-01-26 10:55:45,3,17,0.18,0,59,16
28,2328,2024-06-19 04:54:59,4,20,0.29,0,58,23
29,1156,2025-06-14 11:15:33,5,0,0.26,0,29,41
30,3724,2025-03-27 21:04:07,7,27,0.25,0,93,17
31,120,2025-06-04 16:37:00,1,13,0.38,0,56,30
32,3504,2024-09-14 11:08:36,9,27,0.29,0,66,45
33,1344,2024-10-25 14:01:35,0,22,0.05,0,78,8
34,299,2024-05-10 19:41:50,9,12,0.32,0,69,22
35,227,2024-10-08 15:21:36,5,6,0.23,0,64,20
36,4540,2024-06-05 17:14:35,1,11,0.23,1,62,27
37,939,2025-07-03 09:59:11,8,19,0.12,0,58,37
38,1999,2025-07-21 09:03:56,5,47,0.51,0,33,33
39,1864,2025-03-15 00:58:57,2,2,0.4,0,63,35
40,3703,2025-11-09 22:28:31,3,14,0.08,0,59,14
41,2522,2024-04-03 05:02:28,4,3,0.02,0,83,39
42,2590,2025-05-25 11:26:21,2,14,0.15,0,48,44
43,4769,2024-08-05 15:00:36,7,24,0.12,0,54,0
44,63,2024-05-08 01:42:49,6,8,0.3,0,78,36
45,2310,2025-01-17 21:34:47,6,17,0.08,0,70,23
46,4699,2024-06-22 18:14:24,1,14,0.1,0,68,27
47,2475,2025-07-01 16:28:22,3,29,0.21,0,44,36
48,618,2025-02-28 03:31:23,8,9,0.23,0,94,40
49,4349,2025-06-04 13:12:02,10,19,0.27,0,33,32
50,3902,2024-12-23 13:44:45,9,21,0.21,0,81,42
51,1245,2025-10-14 00:22:34,2,9,0.02,1,61,43
52,4731,2025-01-03 06:56:50,7,1,0.22,0,50,16
53,4380,2024-12-23 09:12:50,4,10,0.52,0,39,42
54,3643,2024-12-21 10:21:35,4,24,0.32,0,46,19
55,4620,2024-12-31 12:04:00,0,28,0.18,0,75,27
56,2669,2024-09-27 14:06:48,1,11,0.31,0,57,23
57,1839,2024-06-19 12:45:24,8,14,0.36,0,77,15
58,1402,2024-03-25 04:35:09,5,9,0.37,0,24,28
59,1352,2025-08-04 08:04:40,0,16,0.32,0,91,18
60,3108,2025-01-07 06:55:45,4,29,0.56,0,69,29
61,3913,2024-05-16 07:22:25,6,0,0.14,1,59,34
62,1540,2025-11-01 21:52:53,13,24,0.18,0,49,29
63,3536,2025-02-05 23:46:13,4,16,0.46,0,36,29
64,1113,2025-04-05 13:13:58,3,24,0.51,1,66,19
65,1562,2024-08-19 20:12:11,6,22,0.28,0,64,29
66,2739,2025-03-20 14:14:00,5,16,0.23,0,59,18
67,2034,2024-04-13 15:24:57,7,31,0.24,0,68,14
68,1135,2025-08-09 18:41:25,5,25,0.06,0,64,37
69,2469,2025-08-30 03:00:13,7,27,0.39,1,49,27
70,3037,2025-08-19 18:27:14,6,17,0.11,0,50,12
71,2705,2025-03-20 12:09:48,3,16,0.13,0,76,31
72,3064,2024-08-15 04:48:16,5,12,0.3,0,42,12
73,3139,2025-10-11 07:32:57,11,7,0.11,0,59,22
74,2214,2025-08-03 23:05:30,9,39,0.62,0,66,7
75,1841,2025-05-02 01:22:29,4,28,0.53,0,80,44
76,3910,2025-09-01 07:31:25,9,9,0.36,1,88,43
77,1613,2025-12-22 14:33:05,6,19,0.31,0,80,42
78,3238,2024-12-14 19:36:40,7,22,0.34,0,68,16
79,3669,2024-04-20 04:28:10,5,13,0.35,0,67,8
80,4622,2025-02-12 08:36:38,2,24,0.16,0,86,11
81,1168,2025-01-26 03:32:35,3,21,0.23,0,38,57
82,1406,2025-05-20 10:03:06,3,13,0.09,1,70,28
83,429,2024-10-21 18:20:53,4,13,0.06,0,49,24
84,4243,2025-07-15 10:10:46,6,23,0.09,0,58,55
85,2565,2025-03-22 07:15:20,7,2,0.58,0,62,42
86,997,2024-05-22 14:22:48,2,32,0.26,0,74,23
87,4251,2024-07-04 01:09:42,4,15,0.15,0,34,34
88,39,2025-07-15 12:27:03,5,18,0.3,0,41,46
89,991,2024-02-29 15:44:47,0,13,0.4,0,38,8
90,648,2024-03-05 17:07:49,3,1,0.37,0,28,9
91,4764,2025-09-28 22:17:48,11,22,0.43,0,70,35
92,4243,2025-07-31 19:54:41,3,18,0.12,0,35,46
93,3358,2024-08-09 10:17:45,1,20,0.35,1,59,41
94,3628,2024-05-09 08:23:21,10,15,0.17,0,91,40
95,2866,2025-10-25 00:50:02,4,18,0.48,0,67,53
96,898,2024-09-26 07:24:13,6,4,0.22,0,66,31
97,2302,2024-02-16 07:38:32,7,11,0.3,0,56,20
98,4867,2025-06-26 04:30:23,7,32,0.35,0,32,28
99,2824,2025-08-16 07:22:21,2,15,0.23,0,59,31
100,2827,2024-10-10 12:03:07,0,40,0.32,0,28,26
101,818,2024-08-26 05:00:21,5,24,0.6,0,56,19
102,1965,2024-03-03 00:05:41,2,6,0.43,0,47,40
103,4006,2025-09-22 14:28:14,5,27,0.22,0,84,78
104,1834,2024-03-20 21:28:05,9,10,0.22,0,83,57
105,3762,2024-12-23 17:49:22,5,11,0.11,0,75,31
106,3316,2024-12-02 17:02:43,0,16,0.13,0,65,16
107,4877,2024-05-15 03:23:55,4,24,0.18,0,75,22
108,4957,2025-03-16 21:53:56,8,14,0.25,0,27,27
109,3687,2024-07-29 23:23:53,1,6,0.33,0,45,38
110,4202,2024-10-06 07:06:41,4,29,0.0,0,32,33
111,4881,2024-07-30 23:56:13,3,4,0.1,0,55,33
112,140,2025-08-20 06:44:49,1,29,0.47,0,60,27
113,2586,2025-10-24 00:34:31,8,39,0.37,0,60,53
114,4219,2025-07-18 13:20:02,6,34,0.14,1,54,47
115,1894,2024-09-19 19:07:58,0,0,0.28,0,71,43
116,4490,2024-09-11 15:38:06,5,8,0.1,0,75,20
117,1838,2024-07-28 00:34:08,6,32,0.1,0,57,5
118,375,2025-03-07 00:50:28,6,22,0.29,0,37,29
119,3027,2024-06-18 01:04:27,6,15,0.47,0,73,37
120,4570,2025-04-03 16:07:37,5,21,0.34,0,78,46
121,334,2025-01-07 19:47:49,2,4,0.29,0,71,33
122,4512,2024-11-22 02:22:29,8,10,0.41,0,83,24
123,3625,2025-01-16 00:27:22,8,7,0.2,0,89,39
124,4146,2024-02-11 04:24:42,14,19,0.38,0,58,41
125,4567,2025-09-17 15:52:14,5,46,0.08,0,50,44
126,2391,2025-06-20 08:53:49,5,23,0.39,0,66,39
127,3342,2025-01-10 02:12:55,8,33,0.27,0,43,31
128,1299,2025-04-26 12:10:35,3,15,0.17,0,60,21
129,4714,2024-09-07 23:08:45,10,38,0.07,0,72,4
130,843,2024-07-09 10:09:57,5,22,0.31,0,61,50
131,4348,2025-08-11 12:54:04,7,35,0.27,0,44,57
132,870,2025-01-26 05:49:25,1,0,0.16,0,75,8
133,2142,2025-07-04 04:44:34,2,34,0.31,0,34,35
134,4879,2025-06-10 22:46:02,4,19,0.55,0,59,42
135,2604,2024-06-03 00:43:02,4,18,0.27,0,67,39
136,3097,2025-09-27 21:22:15,6,24,0.08,0,91,46
137,1787,2025-10-18 22:22:27,1,22,0.26,0,75,34
138,2811,2025-08-21 02:27:08,4,19,0.3,0,31,51
139,4972,2025-02-06 01:52:31,5,15,0.39,0,74,26
140,293,2025-04-16 09:03:51,2,25,0.22,0,35,47
141,524,2025-07-09 12:20:05,6,0,0.24,0,112,29
142,1858,2024-02-01 10:07:06,1,28,0.1,1,31,41
143,4822,2025-11-03 11:13:30,0,14,0.11,0,76,12
144,3039,2025-07-23 13:58:43,8,21,0.71,0,47,5
145,4565,2025-10-12 20:07:11,11,13,0.15,0,39,19
146,4497,2024-05-06 20:00:54,6,8,0.18,0,55,36
147,3224,2024-09-30 06:19:37,5,21,0.12,0,34,9
148,2871,2025-08-06 06:14:33,3,41,0.34,0,41,20
149,596,2024-05-17 17:18:50,5,25,0.57,0,69,25
150,2638,2025-04-18 12:58:31,2,26,0.17,0,65,40
151,182,2025-02-07 19:01:23,6,35,0.09,0,29,17
152,1123,2025-11-25 20:27:34,1,10,0.36,1,71,38
153,3051,2025-05-20 19:01:27,2,31,0.7,0,77,25
154,437,2025-01-22 01:45:01,11,28,0.12,0,44,42
155,4805,2025-08-08 19:49:09,6,18,0.24,0,67,28
156,2401,2024-12-08 11:11:20,8,33,0.03,0,59,33
157,3398,2024-04-23 19:34:53,7,23,0.31,0,68,48
158,2386,2024-08-29 03:14:35,0,8,0.36,0,49,23
159,754,2024-11-01 07:45:10,3,18,0.13,0,60,0
160,3949,2024-06-23 11:23:44,5,9,0.11,0,83,27
161,2045,2025-11-27 06:21:07,3,21,0.09,0,70,0
162,269,2024-03-02 18:43:38,2,17,0.04,0,87,39
163,1140,2024-12-13 06:27:43,3,1,0.14,0,66,43
164,4823,2025-11-25 08:21:52,8,20,0.47,0,74,47
165,3728,2025-07-30 22:47:42,4,15,0.16,0,66,24
166,949,2024-03-26 21:59:05,3,13,0.17,0,25,30
167,2803,2024-10-25 05:11:58,3,24,0.33,0,95,21
168,4204,2024-05-28 22:06:09,6,29,0.25,0,68,58
169,4265,2025-04-11 13:01:14,2,27,0.52,0,38,47
170,2094,2025-11-20 12:17:24,6,21,0.19,0,90,15
171,69,2025-05-29 09:02:22,5,12,0.45,0,21,37
172,4737,2025-05-06 02:29:05,4,28,0.1,0,44,38
173,3341,2025-03-16 21:21:05,6,34,0.13,0,30,42
174,3608,2024-04-29 13:39:26,3,40,0.67,0,66,64
175,4630,2025-02-26 05:01:45,2,12,0.27,0,94,20
176,2023,2025-05-15 08:38:21,7,21,0.14,0,63,36
177,1535,2024-03-16 20:41:10,2,15,0.16,0,81,29
178,4954,2025-06-17 03:46:06,9,21,0.38,0,37,43
179,2979,2025-02-08 21:09:47,4,11,0.16,0,58,47
180,1676,2024-12-27 08:25:07,4,18,0.05,0,66,32
181,703,2025-10-02 11:07:32,10,18,0.43,0,63,23
182,200,2025-03-27 23:05:37,9,6,0.19,0,56,32
183,3742,2025-12-11 23:13:35,6,17,0.35,0,62,31
184,190,2024-12-15 11:05:06,2,18,0.04,0,80,33
185,3930,2025-12-09 20:25:39,3,22,0.44,0,41,37
186,1893,2024-03-18 22:21:38,9,23,0.4,0,52,30
187,4820,2025-01-15 11:11:31,6,33,0.1,0,97,42
188,4436,2024-06-28 13:16:17,6,16,0.38,0,33,42
189,320,2025-05-13 14:39:34,2,14,0.6,0,43,44
190,453,2025-02-16 21:36:16,7,10,0.26,0,54,45
191,1523,2024-07-12 00:18:11,5,24,0.41,0,96,28
192,2868,2024-04-08 03:32:01,5,12,0.17,0,67,27
193,3057,2025-07-09 12:21:36,1,5,0.4,0,48,38
194,2450,2025-07-06 02:36:10,1,27,0.44,0,66,30
195,2352,2024-08-27 03:26:48,0,37,0.45,0,82,39
196,3290,2025-10-23 16:46:48,4,21,0.09,0,56,24
197,2455,2024-06-02 15:04:35,4,24,0.42,0,67,38
198,4270,2024-07-12 07:32:55,7,29,0.22,0,62,47
199,4085,2025-12-13 12:22:56,6,32,0.05,0,41,27
200,3338,2024-08-01 00:00:39,6,29,0.25,0,45,34
201,3777,2025-09-05 04:16:26,9,29,0.63,0,60,19
202,559,2024-09-23 16:59:08,8,19,0.17,1,18,20
203,3123,2024-10-12 03:42:42,0,6,0.48,0,38,48
204,1836,2025-06-02 03:36:42,0,14,0.12,0,66,33
205,1599,2024-12-04 03:12:03,10,19,0.27,0,72,0
206,2845,2024-09-01 10:03:56,2,16,0.35,0,41,26
207,2622,2025-01-21 02:06:22,0,18,0.26,0,62,7
208,2582,2024-02-28 06:14:43,4,40,0.23,0,51,55
209,564,2025-12-01 15:52:15,5,17,0.27,0,51,23
210,4087,2024-07-27 06:57:22,5,18,0.08,0,58,42
211,3569,2024-03-24 15:10:51,4,45,0.19,0,36,18
212,1849,2024-03-25 04:03:54,10,13,0.12,0,10,41
213,3638,2025-04-02 12:18:39,1,6,0.16,0,76,31
214,1399,2024-01-28 22:04:37,13,12,0.45,0,10,31
215,1436,2025-12-17 02:14:40,7,42,0.13,0,51,20
216,4839,2024-04-18 20:06:23,5,15,0.41,0,33,48
217,2949,2024-07-20 18:14:16,2,15,0.07,0,90,26
218,2288,2024-08-12 14:41:41,6,23,0.3,0,68,37
219,355,2025-02-06 17:51:59,6,19,0.14,0,15,22
220,3289,2025-06-09 03:43:50,3,5,0.24,0,47,42
221,407,2024-09-04 01:01:46,6,36,0.09,0,51,46
222,874,2025-06-15 13:19:11,0,32,0.15,0,73,34
223,1063,2025-02-10 08:57:50,3,14,0.15,1,55,25
224,2674,2025-03-29 21:56:33,12,6,0.1,0,63,26
225,1858,2025-07-19 18:44:29,7,7,0.25,0,35,28
226,3781,2025-01-11 12:54:42,1,12,0.06,0,77,19
227,372,2025-12-19 20:07:01,0,7,0.27,0,53,39
228,3750,2024-03-03 21:03:55,3,36,0.09,0,80,23
229,3991,2024-04-17 02:10:21,1,5,0.17,0,82,42
230,4582,2025-05-23 13:39:01,3,5,0.25,0,69,46
231,2980,2024-06-10 23:01:01,0,23,0.3,0,85,41
232,4566,2024-11-11 13:23:35,7,8,0.37,0,84,57
233,4294,2024-07-24 19:19:28,6,13,0.14,1,65,47
234,4041,2024-08-23 08:38:11,9,25,0.21,0,66,10
235,3445,2024-06-12 10:55:42,5,31,0.23,0,42,28
236,936,2025-04-30 22:20:35,7,3,0.37,0,38,55
237,1939,2024-02-05 21:39:01,1,31,0.42,0,69,18
238,1422,2024-05-02 16:08:59,4,8,0.29,0,85,12
239,1508,2025-05-06 23:48:54,5,21,0.11,0,53,22
240,3911,2025-07-12 17:06:53,6,19,0.47,0,76,28
241,4289,2024-06-23 17:40:13,6,18,0.12,0,43,0
242,467,2025-04-15 22:26:35,5,18,0.2,0,25,26
243,4046,2025-02-15 04:09:49,1,18,0.07,0,34,37
244,672,2024-08-01 05:45:31,0,27,0.49,0,66,13
245,4163,2024-02-01 03:38:33,9,14,0.48,0,79,62
246,2219,2024-08-26 09:46:18,5,7,0.19,0,35,17
247,2008,2024-08-26 13:14:06,4,29,0.09,0,55,27
248,3294,2024-12-10 22:01:12,4,18,0.42,0,64,38
249,830,2025-11-15 11:16:44,4,16,0.27,0,40,18
250,3062,2025-07-27 09:21:13,5,30,0.38,0,99,6
251,258,2024-10-10 01:03:45,5,24,0.64,0,64,46
252,792,2024-07-29 00:11:01,9,14,0.2,0,63,49
253,1830,2024-08-26 22:28:12,0,17,0.25,0,101,43
254,3441,2024-11-26 01:50:19,7,28,0.2,0,58,32
255,944,2024-07-17 21:32:50,8,15,0.5,0,57,21
256,2749,2024-12-27 07:14:21,7,14,0.12,1,86,27
257,1921,2024-09-22 11:48:27,6,12,0.06,0,47,34
258,4353,2025-06-07 16:19:31,4,19,0.11,0,52,30
259,2318,2025-10-11 14:01:25,6,20,0.05,0,70,33
260,1500,2024-07-07 21:32:48,3,15,0.27,0,51,35
261,2191,2024-10-12 17:57:59,5,27,0.32,1,43,46
262,858,2025-12-10 21:45:10,0,13,0.08,0,78,36
263,4477,2024-11-25 23:46:08,7,8,0.58,0,36,64
264,1834,2024-03-06 22:07:52,6,18,0.48,0,81,31
265,1231,2024-05-06 13:42:50,2,3,0.1,0,58,24
266,3673,2024-06-01 03:32:23,7,8,0.37,0,54,29
267,57,2025-12-11 03:08:34,6,23,0.23,0,88,30
268,1583,2024-10-27 02:54:51,11,23,0.47,0,91,20
269,1071,2024-07-13 00:45:48,7,28,0.06,0,58,41
270,3811,2024-12-19 21:58:47,4,18,0.53,0,44,30
271,3,2024-11-02 16:17:08,4,31,0.28,0,64,36
272,1463,2024-08-14 22:24:36,5,12,0.57,0,31,22
273,4515,2024-07-30 23:26:38,3,17,0.06,1,56,34
274,2545,2025-02-16 12:44:43,11,32,0.08,0,76,39
275,382,2024-04-19 18:54:45,6,20,0.06,0,67,23
276,1367,2025-04-24 08:22:06,5,33,0.06,0,55,44
277,1673,2024-11-28 02:33:37,3,26,0.05,0,80,9
278,971,2024-07-21 06:01:40,2,30,0.21,0,54,42
279,1713,2024-03-06 23:30:01,6,17,0.43,0,41,8
280,1220,2024-05-19 03:13:17,6,0,0.48,0,44,35
281,1767,2025-01-18 00:36:56,2,15,0.28,1,51,37
282,4655,2025-09-14 23:37:24,8,40,0.28,0,76,41
283,1866,2025-06-25 16:43:26,6,24,0.6,0,78,16
284,4840,2024-03-30 10:34:20,2,11,0.25,1,74,28
285,3219,2024-04-12 16:08:36,8,20,0.56,0,41,36
286,2973,2025-09-06 14:30:13,6,14,0.26,0,48,43
287,507,2025-07-30 06:52:58,7,30,0.19,0,53,33
288,836,2025-10-23 00:43:42,5,21,0.13,0,69,55
289,3379,2024-03-07 07:18:28,5,20,0.15,0,78,13
290,540,2024-02-11 02:15:18,4,23,0.16,0,92,46
291,2026,2025-03-05 03:54:14,14,22,0.32,0,40,34
292,1665,2025-09-10 21:13:15,7,26,0.21,0,67,31
293,1121,2024-11-03 22:00:56,0,19,0.23,0,58,32
294,4520,2024-11-29 00:56:02,3,20,0.18,0,63,45
295,1527,2025-08-17 11:28:48,3,32,0.42,0,80,40
296,812,2025-09-09 11:28:01,4,29,0.27,0,78,23
297,4376,2024-12-21 16:06:23,7,8,0.05,0,51,21
298,2094,2024-10-24 13:15:10,4,11,0.13,0,63,37
299,3075,2024-09-02 13:21:31,0,19,0.07,0,40,41
300,2365,2024-09-11 15:23:45,5,30,0.05,0,42,17
301,3468,2024-03-16 02:01:55,8,30,0.43,0,52,44
302,4413,2024-10-03 19:45:00,7,21,0.33,0,68,40
303,603,2024-02-05 06:56:33,4,10,0.37,0,93,52
304,4478,2025-03-05 16:27:35,11,46,0.13,0,21,51
305,2977,2024-10-21 20:29:55,3,19,0.36,0,64,38
306,1068,2025-08-18 08:20:52,11,2,0.31,0,40,36
307,3743,2025-01-16 21:39:21,6,18,0.08,1,59,18
308,769,2024-07-25 00:27:35,5,23,0.06,0,62,33
309,693,2024-10-12 02:49:23,0,18,0.18,0,63,34
310,777,2025-02-13 14:44:49,4,11,0.21,0,100,40
311,194,2024-02-14 04:10:25,7,23,0.24,0,30,58
312,2493,2024-08-16 07:15:44,5,23,0.24,0,74,33
313,1505,2024-05-30 11:48:25,1,23,0.19,0,67,36
314,2719,2024-12-05 14:24:17,4,19,0.09,0,28,24
315,638,2025-08-23 23:34:02,8,7,0.34,0,58,38
316,1569,2025-05-06 16:05:06,3,19,0.32,0,75,38
317,4431,2024-02-09 16:16:52,3,25,0.15,0,101,25
318,4141,2024-10-02 21:27:27,7,33,0.03,0,57,24
319,4009,2025-09-11 21:59:26,0,12,0.18,0,93,30
320,2543,2025-05-27 22:12:03,0,13,0.21,0,83,30
321,1873,2025-01-19 12:00:51,3,14,0.19,0,38,15
322,3799,2025-04-18 18:09:27,5,25,0.61,0,60,14
323,2527,2024-07-11 15:37:11,0,2,0.31,0,39,34
324,42,2024-04-01 00:57:32,0,20,0.31,0,26,47
325,2349,2024-10-13 03:00:34,2,23,0.2,0,46,47
326,1809,2024-06-24 17:09:07,11,30,0.22,1,75,18
327,1473,2025-09-08 05:16:20,6,20,0.4,0,97,16
328,3823,2025-01-22 12:09:56,4,44,0.15,0,46,47
329,3352,2025-01-13 12:57:53,6,13,0.41,1,70,42
330,1698,2024-04-14 08:46:33,9,14,0.17,0,64,56
331,2555,2024-05-21 03:50:25,6,24,0.14,0,91,13
332,58,2025-09-09 19:20:54,6,24,0.27,0,41,46
333,1665,2025-01-18 21:02:10,8,0,0.27,0,42,41
334,1212,2025-07-18 22:00:07,6,4,0.28,0,60,28
335,1244,2024-06-04 03:25:40,9,4,0.36,0,52,12
336,3001,2025-06-09 14:06:12,6,26,0.52,0,64,0
337,204,2025-05-08 22:58:58,3,15,0.06,0,27,30
338,2604,2024-04-20 02:17:09,7,18,0.38,0,57,31
339,1904,2025-11-05 20:04:12,8,39,0.17,0,59,33
340,211,2024-03-10 02:21:29,3,13,0.15,0,22,51
341,1022,2025-08-29 07:13:41,0,16,0.17,0,46,8
342,3890,2025-10-06 06:02:23,7,0,0.3,0,41,11
343,1155,2025-02-10 11:36:25,1,8,0.12,0,36,29
344,355,2024-08-26 04:18:58,2,20,0.34,0,80,46
345,3867,2024-08-18 01:40:37,5,17,0.58,0,73,26
346,64,2024-08-03 15:37:33,4,24,0.11,0,90,17
347,4890,2024-03-29 22:10:26,6,18,0.17,0,19,20
348,4357,2024-09-13 16:40:11,1,1,0.39,1,10,30
349,55,2024-04-12 11:10:17,0,10,0.22,0,33,50
350,4702,2025-03-14 07:23:16,1,41,0.35,0,60,55
351,1171,2024-03-07 03:43:28,5,6,0.31,0,73,3
352,4602,2025-07-13 15:40:18,9,5,0.26,0,64,10
353,3728,2024-11-05 05:21:15,7,29,0.15,0,63,39
354,933,2024-07-25 23:09:18,5,11,0.22,0,49,19
355,2945,2024-10-29 22:21:07,0,10,0.08,1,72,55
356,4338,2024-11-28 10:21:12,6,28,0.11,0,63,15
357,606,2025-10-18 23:55:52,7,3,0.67,0,37,39
358,355,2024-10-02 17:24:07,12,5,0.07,0,61,10
359,2568,2024-09-30 05:39:08,8,8,0.12,1,71,22
360,268,2024-07-18 14:24:48,6,17,0.2,0,66,18
361,1139,2025-02-06 01:36:50,4,26,0.43,0,48,26
362,4572,2025-01-09 07:26:34,1,15,0.45,0,70,16
363,2824,2025-09-26 05:09:20,2,32,0.08,0,71,40
364,3468,2024-02-29 12:38:34,3,8,0.44,0,51,27
365,623,2024-06-18 23:00:07,3,29,0.29,0,85,38
366,1926,2024-07-17 00:39:30,4,18,0.34,0,64,27
367,306,2025-05-09 15:43:13,4,35,0.07,1,51,28
368,3326,2024-03-10 07:28:51,2,28,0.18,0,70,40
369,3238,2025-07-08 10:11:59,0,32,0.39,0,47,0
370,3740,2024-03-19 07:40:56,2,23,0.19,0,76,46
371,1904,2024-05-14 23:14:05,1,35,0.41,0,73,25
372,4298,2024-02-01 06:42:10,5,20,0.27,0,51,15
373,3132,2025-05-19 01:31:36,8,29,0.21,0,77,30
374,2240,2025-08-08 16:51:15,8,12,0.5,0,50,1
375,1713,2024-12-14 17:18:06,2,28,0.16,0,67,9
376,3914,2025-07-13 09:38:54,6,27,0.38,0,41,22
377,3462,2025-09-07 07:11:25,2,23,0.23,0,66,24
378,3532,2024-09-04 04:01:16,5,16,0.06,0,74,36
379,3016,2024-02-17 10:33:31,9,13,0.2,0,36,46
380,1051,2025-02-09 19:10:13,4,18,0.79,1,47,37
381,2017,2024-10-01 06:36:01,1,17,0.23,0,46,48
382,4746,2024-07-17 00:11:10,7,5,0.39,0,49,33
383,2803,2025-09-04 22:23:21,8,17,0.42,0,30,12
384,1539,2024-02-18 22:18:13,0,16,0.37,0,48,29
385,3365,2025-03-07 23:48:29,6,33,0.32,0,85,35
386,3302,2024-12-07 23:02:39,10,14,0.15,0,68,31
387,4420,2025-12-21 11:22:43,0,21,0.15,0,96,20
388,2430,2024-05-04 18:03:46,4,27,0.21,0,39,36
389,1070,2025-08-28 03:55:05,4,7,0.19,0,57,25
390,2476,2025-01-07 21:53:53,4,6,0.14,0,100,17
391,404,2024-10-08 15:34:59,6,15,0.32,0,76,26
392,4766,2024-09-07 14:40:50,8,28,0.25,1,60,26
393,2060,2025-11-03 00:41:00,3,16,0.33,0,20,31
394,1134,2025-06-06 05:23:50,0,11,0.37,0,74,44
395,2098,2025-09-02 19:50:22,5,14,0.03,0,73,29
396,2922,2025-03-04 08:13:25,5,34,0.14,0,63,52
397,4510,2024-03-21 18:56:20,6,11,0.16,0,87,24
398,4334,2025-01-21 18:23:26,4,26,0.34,0,35,18
399,4687,2025-06-02 17:46:09,5,22,0.2,0,31,34
400,1285,2024-08-04 05:19:30,6,0,0.24,0,52,27
401,2599,2025-03-06 04:33:07,3,25,0.15,0,68,8
402,2790,2024-06-29 07:36:42,6,48,0.08,1,68,19
403,3462,2024-12-07 05:47:47,5,16,0.4,0,72,7
404,3652,2025-09-10 16:15:22,5,14,0.4,0,63,13
405,2600,2024-09-10 12:53:53,10,10,0.46,0,93,0
406,3481,2024-09-25 03:54:43,3,0,0.11,0,41,45
407,4681,2025-08-17 05:30:35,9,18,0.25,1,77,45
408,2937,2024-04-24 11:52:34,7,39,0.22,0,56,45
409,3856,2025-05-22 07:11:57,3,14,0.22,0,30,0
410,1598,2024-11-19 23:13:58,8,17,0.09,0,81,13
411,2911,2024-11-19 02:13:34,2,14,0.28,0,50,45
412,3430,2025-03-29 18:45:12,12,21,0.28,0,82,33
413,4112,2024-02-15 02:53:22,6,20,0.28,0,36,31
414,4052,2024-02-28 18:53:29,6,30,0.21,1,22,12
415,1013,2025-06-18 12:11:11,6,20,0.01,0,59,12
416,3295,2024-08-21 07:37:48,0,8,0.31,0,45,45
417,4075,2025-10-31 15:26:29,4,25,0.27,0,64,21
418,3565,2025-09-01 16:31:26,5,25,0.44,0,82,40
419,491,2025-06-14 06:58:53,7,25,0.08,0,54,38
420,4114,2025-11-11 06:17:06,5,23,0.19,0,44,54
421,3323,2025-09-12 13:58:11,5,6,0.39,0,10,8
422,209,2025-04-19 02:16:30,8,19,0.31,1,101,16
423,4543,2024-11-23 09:53:22,3,10,0.05,0,57,42
424,294,2025-12-13 00:21:57,5,16,0.4,0,25,51
425,1648,2024-02-08 23:21:26,1,21,0.09,0,66,48
426,685,2024-04-18 19:08:01,1,12,0.47,0,71,57
427,487,2025-10-29 21:52:50,9,13,0.16,0,42,29
428,2716,2025-06-28 04:17:43,0,21,0.15,0,58,18
429,2070,2025-12-22 17:51:10,2,12,0.63,0,39,45
430,3890,2025-09-24 16:42:21,3,26,0.26,0,57,64
431,2452,2025-09-24 14:32:58,3,29,0.29,0,81,22
432,2284,2025-04-23 17:10:06,2,27,0.13,0,75,52
433,319,2024-12-15 04:02:17,2,22,0.28,0,45,37
434,2455,2025-08-14 05:54:28,7,6,0.69,1,67,24
435,3532,2024-09-30 16:40:31,0,28,0.26,0,48,25
436,402,2025-05-11 05:59:59,4,15,0.42,0,87,36
437,4679,2025-04-12 17:04:39,0,25,0.12,0,79,37
438,1728,2025-03-31 18:55:17,0,21,0.37,0,78,22
439,1505,2024-04-29 03:28:45,5,0,0.25,0,40,36
440,1426,2025-06-25 17:59:37,5,21,0.57,0,67,35
441,1677,2025-04-08 15:56:38,3,26,0.09,0,87,26
442,4107,2024-11-17 18:12:45,3,15,0.56,0,60,30
443,3266,2024-08-14 01:11:33,5,21,0.41,0,74,26
444,3939,2024-10-27 09:29:39,7,12,0.06,0,84,37
445,2711,2024-10-18 04:29:48,5,11,0.27,0,18,47
446,661,2024-04-09 12:52:31,3,24,0.04,0,63,54
447,1072,2024-07-27 04:43:01,3,6,0.44,0,85,57
448,4699,2025-11-30 14:51:38,4,0,0.43,0,85,37
449,2035,2024-07-22 22:57:13,8,18,0.1,0,70,59
450,2768,2024-03-19 05:07:47,3,26,0.1,0,37,17
451,696,2024-05-21 09:10:11,9,20,0.03,0,119,11
452,3124,2025-12-16 00:00:54,5,16,0.37,0,70,24
453,1229,2025-08-09 08:35:11,4,4,0.06,0,72,22
454,1616,2024-03-11 08:49:52,0,32,0.52,0,21,39
455,4440,2025-03-29 09:59:56,13,15,0.38,0,45,3
456,1839,2025-11-01 01:40:08,0,19,0.24,0,39,34
457,2212,2024-06-11 06:52:18,4,34,0.09,0,50,31
458,2110,2024-10-20 09:54:47,1,26,0.12,0,53,29
459,2743,2025-05-02 02:58:10,1,11,0.1,0,45,46
460,874,2025-11-11 04:48:28,2,12,0.45,0,63,23
461,1737,2025-10-03 08:55:58,4,21,0.3,0,53,21
462,3396,2025-03-08 15:06:30,5,20,0.34,0,44,28
463,3823,2025-04-18 11:43:01,2,23,0.18,0,62,20
464,2056,2024-09-25 18:36:08,9,26,0.17,0,28,22
465,443,2025-03-07 12:17:58,5,11,0.04,0,26,33
466,2355,2024-03-23 08:27:00,5,32,0.28,1,95,27
467,2751,2025-12-18 10:38:48,2,23,0.5,0,49,3
468,2969,2025-06-18 01:44:11,4,20,0.36,0,73,21
469,2859,2024-12-21 09:27:31,6,9,0.21,0,34,37
470,3258,2025-03-26 04:56:45,6,18,0.57,0,88,37
471,4084,2025-12-02 04:02:05,3,34,0.19,0,50,21
472,1484,2024-12-18 13:17:51,8,3,0.4,0,45,14
473,4441,2025-03-30 00:05:12,5,40,0.26,0,58,0
474,4243,2025-02-20 02:59:28,8,20,0.4,0,66,36
475,830,2025-11-27 03:18:07,4,23,0.28,0,20,47
476,1268,2024-06-25 05:33:10,2,19,0.39,1,59,6
477,4804,2024-06-22 22:26:31,2,37,0.27,0,70,26
478,2470,2025-04-11 16:43:54,2,13,0.22,0,81,34
479,4991,2024-12-19 14:28:31,8,22,0.02,0,94,33
480,517,2025-01-27 09:53:00,9,2,0.31,0,80,42
481,3203,2024-11-18 18:13:11,4,17,0.49,0,49,10
482,1193,2024-03-16 01:53:00,6,24,0.14,0,75,23
483,101,2024-08-04 10:37:39,4,15,0.46,0,34,31
484,3765,2025-08-26 02:28:02,0,14,0.12,0,71,16
485,262,2025-02-01 06:48:14,5,24,0.23,0,78,19
486,2639,2025-02-15 14:06:31,3,33,0.63,0,33,41
487,4660,2025-11-04 17:28:03,0,3,0.12,0,37,45
488,1473,2025-10-17 08:59:44,6,24,0.22,0,67,45
489,4057,2025-12-15 04:57:08,0,16,0.12,0,77,24
490,463,2025-01-31 10:47:59,13,27,0.51,0,28,9
491,1757,2024-09-17 00:24:32,11,18,0.2,1,63,60
492,3824,2025-11-06 02:41:18,6,21,0.26,0,38,29
493,1193,2024-10-17 22:30:13,0,15,0.2,0,81,55
494,2259,2025-05-07 01:08:49,8,21,0.46,0,67,37
495,2553,2025-01-13 23:53:47,3,33,0.19,0,33,20
496,4715,2024-06-20 03:35:24,7,4,0.09,0,53,30
497,3871,2024-07-08 01:04:02,0,33,0.48,0,58,33
498,2597,2025-09-01 04:58:03,3,6,0.3,0,35,42
499,2516,2025-04-03 10:16:00,4,42,0.31,0,38,13
500,1419,2024-05-14 11:03:22,0,2,0.41,0,84,67
501,4242,2024-10-16 04:22:22,10,6,0.15,0,58,13
502,2066,2024-10-29 13:59:20,3,32,0.25,0,63,50
503,293,2024-03-18 08:01:02,5,27,0.23,0,71,32
504,3867,2025-08-28 17:04:48,0,14,0.64,0,86,27
505,4118,2025-08-18 14:41:51,3,9,0.34,0,78,35
506,1255,2024-10-03 23:56:10,5,31,0.43,0,72,46
507,574,2024-07-20 16:40:16,6,7,0.06,0,23,40
508,2219,2024-02-01 10:10:32,5,5,0.09,0,31,28
509,3821,2025-02-21 14:42:22,8,7,0.48,0,40,55
510,3365,2024-04-04 19:25:17,2,28,0.4,0,71,46
511,1103,2025-09-08 00:10:40,6,6,0.19,0,76,4
512,4811,2024-06-14 22:33:14,8,3,0.43,0,54,7
513,3501,2024-12-21 01:11:09,2,24,0.05,0,74,28
514,4924,2024-03-03 03:41:51,4,29,0.07,0,51,36
515,4525,2024-09-22 20:24:46,4,19,0.06,0,102,28
516,901,2024-12-24 20:36:34,6,26,0.22,0,37,26
517,3731,2024-12-20 20:34:25,4,17,0.47,0,78,31
518,1533,2024-10-22 13:13:58,2,32,0.07,0,43,30
519,1132,2024-05-14 15:57:43,5,21,0.19,0,53,11
520,4432,2024-10-24 03:56:09,3,34,0.13,1,71,42
521,1125,2025-01-04 05:38:50,1,18,0.45,1,59,48
522,1050,2025-02-27 16:39:22,3,12,0.43,0,72,22
523,1131,2025-04-01 23:26:02,9,24,0.12,1,34,50
524,2237,2024-12-25 18:09:26,3,23,0.32,0,103,43
525,535,2025-07-30 02:49:18,6,21,0.07,0,58,0
526,559,2025-08-09 09:17:31,4,8,0.36,0,58,30
527,398,2025-02-28 01:32:26,5,12,0.55,0,70,36
528,3717,2024-08-02 21:20:17,5,20,0.3,0,80,16
529,1072,2024-07-07 02:31:57,8,22,0.23,0,36,51
530,2020,2024-10-18 22:46:53,10,28,0.41,0,39,34
531,808,2024-05-05 08:46:48,4,19,0.34,0,61,40
532,4998,2024-09-06 15:49:11,1,16,0.15,0,73,9
533,4522,2025-12-01 00:32:33,5,4,0.4,0,72,23
534,2761,2024-05-11 13:07:25,2,14,0.14,0,46,22
535,4329,2025-08-29 19:21:14,0,17,0.16,0,69,30
536,2355,2024-12-17 14:01:14,5,18,0.48,1,61,36
537,4138,2025-01-20 01:01:13,8,25,0.45,0,52,38
538,1924,2024-06-17 00:56:13,3,30,0.36,0,64,0
539,1896,2024-10-08 18:00:00,2,9,0.32,0,87,31
540,2816,2024-10-31 15:47:50,1,17,0.29,0,50,19
541,3415,2025-08-18 00:37:01,4,27,0.15,0,17,44
542,2702,2024-09-28 06:02:07,12,37,0.39,0,48,17
543,1547,2024-05-06 04:20:12,6,18,0.19,0,62,46
544,1543,2025-11-21 14:22:51,7,40,0.5,1,83,40
545,3035,2025-10-13 13:41:54,2,16,0.11,0,56,43
546,4686,2025-01-28 19:36:55,0,24,0.15,0,121,48
547,4994,2025-12-15 10:36:54,5,13,0.3,0,67,45
548,4285,2025-10-04 04:10:10,7,21,0.1,0,42,22
549,3087,2025-10-07 12:04:18,10,14,0.23,0,17,37
550,427,2024-06-13 12:10:51,5,0,0.14,0,69,23
551,2413,2025-09-04 05:42:49,4,3,0.11,0,81,22
552,1503,2024-08-23 21:57:14,8,20,0.15,0,34,37
553,3790,2024-10-16 15:02:27,3,0,0.29,0,57,6
554,510,2024-02-03 13:16:43,1,14,0.62,0,61,16
555,4629,2024-10-21 19:02:13,0,33,0.5,1,82,26
556,2401,2025-08-06 22:49:54,2,22,0.68,0,30,34
557,2554,2025-11-10 02:26:41,1,14,0.23,0,91,18
558,4009,2024-06-18 07:18:04,2,14,0.1,0,94,13
559,3336,2024-06-26 23:45:35,5,0,0.08,0,37,19
560,3995,2025-07-24 08:31:31,2,19,0.64,0,73,50
561,3885,2024-12-14 02:10:05,4,21,0.36,0,58,24
562,4110,2024-02-28 21:18:05,4,14,0.18,0,67,40
563,926,2024-10-16 14:33:37,0,18,0.05,0,63,28
564,1241,2024-07-02 01:21:56,0,21,0.1,0,66,10
565,1601,2024-12-11 19:26:07,6,20,0.25,0,80,32
566,4670,2025-07-07 20:41:28,7,19,0.15,1,83,15
567,3504,2025-06-20 02:59:48,5,27,0.29,0,39,30
568,4709,2025-05-11 00:25:48,6,26,0.16,0,35,30
569,3636,2025-05-15 21:18:03,4,18,0.49,0,24,30
570,1466,2025-09-29 05:10:47,6,19,0.31,0,71,52
571,2511,2024-06-03 06:00:26,4,25,0.29,0,20,20
572,2037,2025-02-22 21:10:54,3,44,0.2,0,61,50
573,4045,2025-02-23 02:23:30,8,19,0.28,0,59,6
574,4112,2024-06-30 21:46:46,10,22,0.31,0,23,9
575,3371,2025-08-22 12:49:07,4,34,0.31,0,34,27
576,1822,2025-09-30 23:09:03,3,11,0.24,0,88,40
577,2409,2024-06-11 11:14:34,9,46,0.24,0,67,40
578,1717,2024-09-03 08:21:43,8,24,0.38,0,65,40
579,4287,2025-02-20 22:56:21,4,22,0.51,0,47,20
580,2933,2024-01-28 17:34:28,0,15,0.03,0,62,29
581,42,2025-11-08 15:57:17,6,25,0.12,0,86,13
582,4177,2024-05-29 22:40:39,0,8,0.47,0,85,35
583,2368,2025-05-09 18:30:17,3,30,0.4,0,64,26
584,944,2025-03-24 08:01:38,4,22,0.36,0,42,25
585,4476,2025-02-22 16:01:51,7,12,0.12,0,88,26
586,4123,2024-04-18 11:02:43,6,15,0.13,0,48,41
587,1651,2025-08-19 19:40:25,3,16,0.64,0,61,26
588,4010,2024-04-10 01:13:07,0,0,0.41,0,55,43
589,3252,2025-10-17 09:07:04,5,25,0.24,1,61,30
590,4672,2024-01-30 20:00:59,5,11,0.24,0,56,11
591,2948,2025-12-03 10:24:27,5,27,0.05,0,61,13
592,878,2025-06-08 09:18:34,7,11,0.67,0,65,45
593,2920,2024-05-02 11:42:26,5,19,0.51,0,61,56
594,3420,2024-06-26 21:14:58,3,16,0.33,0,73,38
595,703,2025-08-20 14:05:40,3,16,0.3,1,24,33
596,3647,2024-10-17 00:48:38,3,22,0.35,0,82,31
597,4328,2024-09-27 02:58:16,2,30,0.23,0,52,8
598,154,2024-02-25 19:18:19,2,4,0.44,0,28,16
599,941,2025-11-29 13:28:22,2,29,0.3,1,56,25
600,1442,2025-09-25 02:02:13,5,16,0.02,0,67,29
601,2318,2025-05-14 19:59:49,6,12,0.16,0,84,19
602,4474,2024-04-03 04:55:13,6,39,0.46,0,30,25
603,3241,2025-09-17 16:44:01,3,13,0.22,0,54,36
604,988,2025-05-30 17:37:32,0,21,0.27,0,59,26
605,362,2025-06-02 03:19:29,2,30,0.62,0,39,37
606,4732,2024-02-05 21:09:45,7,18,0.25,0,115,33
607,937,2024-09-04 23:29:18,3,26,0.14,0,64,25
608,2430,2025-01-01 16:52:19,8,14,0.17,0,63,32
609,4577,2025-04-01 02:20:46,0,7,0.1,0,70,47
610,481,2024-06-18 07:25:01,7,29,0.06,0,28,19
611,231,2024-10-02 13:12:41,1,9,0.23,0,55,50
612,2838,2024-06-03 06:00:07,8,25,0.26,0,25,27
613,1351,2025-09-11 04:17:59,4,12,0.31,0,20,41
614,1380,2025-10-12 19:31:05,2,11,0.22,0,49,42
615,101,2025-04-09 15:46:03,4,0,0.31,1,64,22
616,3920,2024-11-15 06:41:14,2,8,0.27,0,53,35
617,194,2025-03-13 01:29:30,5,26,0.51,0,39,27
618,377,2024-04-14 05:53:03,4,0,0.39,0,70,21
619,4336,2024-05-18 06:35:02,9,20,0.36,0,61,40
620,1035,2024-07-30 09:06:58,1,0,0.09,0,80,40
621,211,2025-08-07 13:19:23,6,18,0.64,0,25,54
622,4648,2025-02-18 13:38:13,3,8,0.36,0,71,47
623,3955,2025-07-14 05:38:04,13,1,0.26,0,54,36
624,69,2025-04-06 11:33:27,0,26,0.1,0,26,26
625,2742,2025-09-25 14:05:30,4,19,0.07,0,31,31
626,3086,2025-06-20 23:28:49,5,31,0.43,0,41,45
627,797,2025-02-14 01:27:00,7,18,0.54,0,81,32
628,3319,2024-01-23 21:33:46,5,28,0.11,0,55,24
629,52,2024-11-16 09:44:26,4,16,0.35,0,65,13
630,3359,2024-02-08 23:28:38,1,28,0.45,0,85,27
631,438,2024-02-22 05:54:36,3,48,0.53,0,32,42
632,1676,2024-02-02 08:26:27,0,29,0.21,1,20,11
633,4231,2024-10-14 19:17:46,2,19,0.49,0,25,25
634,1340,2024-02-26 15:42:29,1,14,0.28,0,64,0
635,2282,2025-04-20 06:18:00,3,26,0.23,0,73,19
636,4598,2024-07-03 10:08:27,3,32,0.45,0,64,42
637,3806,2024-01-23 05:19:34,7,17,0.52,0,20,2
638,4433,2024-04-05 22:20:11,6,21,0.37,0,89,32
639,691,2025-07-03 23:51:01,7,27,0.25,0,38,31
640,2780,2025-02-21 04:01:15,5,26,0.15,0,52,30
641,4219,2025-10-06 23:51:14,6,23,0.39,0,54,36
642,4951,2025-05-21 20:36:32,6,21,0.5,0,61,28
643,1052,2024-12-12 16:51:17,9,10,0.15,1,73,36
644,1321,2025-08-24 08:25:33,7,13,0.14,1,23,0
645,3037,2025-02-05 14:51:01,4,13,0.3,0,51,11
646,2707,2025-11-24 17:42:06,7,10,0.4,0,52,23
647,3250,2024-12-06 08:34:21,5,31,0.62,0,76,34
648,4605,2024-12-22 01:55:22,2,3,0.06,0,67,45
649,1944,2025-01-07 11:18:33,1,13,0.33,0,25,21
650,1135,2024-11-24 11:30:44,2,20,0.1,0,107,32
651,2193,2024-06-23 21:33:17,1,23,0.24,0,80,34
652,2037,2024-05-24 22:51:27,7,21,0.12,0,54,26
653,263,2025-08-18 08:51:08,4,25,0.37,0,60,30
654,4183,2025-07-21 14:47:40,4,35,0.25,0,41,59
655,3968,2025-01-28 21:11:08,7,8,0.3,1,36,25
656,4756,2024-12-08 22:14:20,4,18,0.06,0,54,23
657,574,2025-04-24 05:11:33,1,12,0.28,0,86,44
658,5,2024-11-12 00:58:15,8,7,0.32,0,43,48
659,2672,2025-12-18 01:09:43,7,7,0.2,0,53,52
660,1304,2024-08-31 07:59:55,0,15,0.48,0,73,19
661,2413,2024-03-19 10:19:48,3,7,0.21,1,52,2
662,142,2024-11-05 16:28:07,4,30,0.41,0,52,55
663,2444,2024-12-27 18:42:58,4,0,0.45,0,36,37
664,2879,2024-10-19 11:00:43,3,8,0.18,0,10,29
665,4133,2025-12-08 13:42:20,8,7,0.45,0,65,38
666,901,2025-06-23 07:11:34,1,29,0.08,0,54,0
667,4225,2024-12-23 16:19:07,7,15,0.25,1,75,38
668,3192,2025-08-31 21:19:25,4,26,0.58,0,51,25
669,4104,2025-09-08 08:48:15,2,28,0.24,0,67,28
670,3737,2024-03-01 03:15:22,3,21,0.19,0,107,36
671,4241,2025-01-14 22:18:43,6,27,0.58,0,91,21
672,1085,2024-04-30 12:10:18,5,38,0.22,1,94,3
673,3061,2024-09-08 17:28:43,2,17,0.26,0,84,45
674,2704,2024-02-02 00:40:29,5,20,0.27,0,112,34
675,4393,2025-07-30 08:26:32,10,23,0.49,0,68,64
676,386,2025-02-11 12:02:28,1,16,0.26,0,61,42
677,1699,2024-07-19 01:39:11,5,25,0.23,0,53,31
678,4767,2024-06-27 01:11:09,1,19,0.21,1,71,38
679,2211,2025-12-19 01:17:27,0,22,0.15,0,88,40
680,3398,2024-10-06 05:02:35,8,7,0.28,0,74,40
681,3997,2025-10-06 15:04:20,6,39,0.39,0,46,34
682,3205,2024-02-06 22:50:27,3,7,0.26,0,41,27
683,965,2024-10-26 10:31:01,7,10,0.46,0,26,38
684,4051,2024-11-13 13:46:52,7,24,0.24,0,40,9
685,2675,2025-04-07 20:52:33,6,35,0.37,0,32,22
686,4119,2024-10-19 08:44:08,3,23,0.55,0,94,7
687,1564,2024-04-28 15:46:40,4,8,0.34,0,81,35
688,1226,2025-08-10 05:44:17,6,22,0.66,0,56,26
689,2040,2025-06-01 09:15:17,1,23,0.25,0,45,47
690,2839,2024-04-18 03:46:30,0,13,0.05,0,110,33
691,957,2025-09-06 15:59:09,10,12,0.12,0,81,23
692,1502,2024-06-13 20:35:55,8,37,0.18,1,60,33
693,2462,2025-08-24 09:03:05,1,16,0.14,0,58,23
694,3094,2025-04-20 20:19:26,3,38,0.8,0,73,58
695,4696,2024-06-22 22:03:33,7,22,0.26,0,87,26
696,1471,2025-01-20 19:26:10,0,13,0.28,0,67,9
697,478,2024-03-25 15:30:30,8,37,0.15,0,77,40
698,3210,2025-05-02 21:19:22,2,1,0.2,0,58,1
699,592,2024-11-14 05:49:16,4,3,0.19,0,60,47
700,3692,2024-11-10 13:19:56,1,18,0.28,0,33,37
701,538,2024-08-18 05:33:08,3,20,0.01,0,51,13
702,1177,2024-03-14 06:06:29,3,14,0.53,0,39,56
703,648,2024-04-15 05:57:38,11,14,0.45,0,52,38
704,4076,2025-02-07 06:57:55,4,9,0.19,0,42,7
705,3525,2025-12-05 22:37:58,7,19,0.57,0,74,37
706,907,2025-03-23 07:06:11,1,33,0.02,0,70,22
707,852,2024-08-27 03:19:40,1,5,0.36,0,74,16
708,1886,2024-01-26 05:05:02,1,23,0.07,0,69,0
709,2459,2025-10-03 06:09:15,1,15,0.35,0,36,34
710,343,2024-03-26 14:43:12,2,26,0.31,0,41,38
711,3041,2024-08-07 21:14:44,5,24,0.09,0,52,74
712,1383,2024-08-09 08:32:29,7,19,0.49,0,63,45
713,3318,2024-05-19 23:58:29,3,13,0.48,0,59,38
714,3948,2024-08-31 00:39:50,5,30,0.24,0,62,21
715,4571,2025-12-03 14:14:53,3,10,0.43,1,44,57
716,475,2024-05-11 20:38:57,5,0,0.64,1,42,49
717,1804,2024-07-30 17:38:29,0,12,0.14,0,94,23
718,378,2025-09-24 04:04:28,3,38,0.74,0,81,38
719,4270,2024-05-19 12:29:23,0,16,0.18,0,30,59
720,1060,2024-11-16 05:33:09,2,29,0.21,0,39,33
721,4862,2024-10-04 11:52:20,5,22,0.09,0,35,38
722,4745,2025-09-14 00:56:12,5,28,0.31,0,82,15
723,1338,2025-03-29 07:43:25,8,18,0.33,0,50,19
724,1707,2025-01-10 07:04:16,4,29,0.16,0,85,20
725,360,2024-08-29 07:24:54,1,25,0.37,1,41,46
726,4815,2025-10-14 13:03:46,5,19,0.71,0,65,23
727,2965,2024-05-22 17:36:51,8,25,0.14,0,73,28
728,2409,2024-12-03 20:49:38,10,24,0.3,0,44,40
729,3777,2025-06-15 05:53:10,3,25,0.23,0,74,16
730,1720,2025-01-21 21:55:43,5,28,0.12,0,92,25
731,4096,2024-09-27 08:24:19,0,6,0.19,0,68,5
732,4750,2024-07-14 21:50:28,1,48,0.36,0,53,44
733,2379,2024-10-17 14:20:18,2,16,0.37,0,67,33
734,4674,2025-11-14 12:28:58,2,12,0.48,1,45,48
735,3785,2025-08-27 09:52:38,6,18,0.38,0,72,51
736,4870,2025-10-24 14:44:01,0,14,0.49,0,50,3
737,427,2025-01-19 13:29:02,4,26,0.18,0,41,30
738,745,2024-03-03 12:45:53,2,18,0.18,0,60,53
739,4125,2024-10-29 11:28:50,8,23,0.07,0,95,8
740,1462,2024-05-20 02:11:53,5,11,0.59,0,73,27
741,4098,2025-11-22 19:53:36,2,19,0.39,0,57,43
742,3084,2025-04-15 22:23:46,9,9,0.17,0,75,46
743,4640,2025-03-20 04:53:56,3,32,0.05,0,55,30
744,313,2025-11-01 10:00:32,1,24,0.12,0,87,20
745,2864,2024-09-03 05:13:18,6,12,0.38,0,58,25
746,4545,2024-04-17 22:00:44,2,21,0.08,0,75,44
747,548,2024-04-14 16:33:09,4,8,0.41,0,67,18
748,1582,2024-09-19 20:30:55,0,13,0.52,0,20,30
749,1350,2025-01-20 09:30:41,10,18,0.53,0,58,9
750,3754,2024-04-01 18:09:27,5,17,0.46,0,86,50
751,1279,2024-10-08 02:18:36,5,11,0.65,0,74,46
752,2002,2025-01-17 09:17:52,10,12,0.08,0,83,35
753,4285,2024-10-09 07:25:06,0,24,0.6,0,71,36
754,728,2024-03-19 08:03:05,1,15,0.52,0,74,42
755,4378,2025-04-14 00:26:06,5,22,0.4,0,47,39
756,3346,2024-09-19 13:02:05,10,22,0.33,0,61,23
757,176,2025-03-01 01:57:33,0,15,0.24,0,71,55
758,2709,2025-11-10 02:05:21,13,27,0.07,1,57,49
759,4082,2025-09-16 12:56:25,4,20,0.12,0,66,24
760,3681,2025-09-30 23:42:39,2,29,0.21,0,90,34
761,4599,2024-08-19 05:01:10,4,10,0.4,0,87,50
762,1946,2025-11-17 08:08:21,2,22,0.09,0,39,60
763,2787,2025-06-28 12:08:19,1,17,0.35,0,65,7
764,3446,2024-02-16 08:44:32,5,28,0.19,0,57,39
765,3642,2024-07-01 01:15:11,9,21,0.44,1,51,27
766,4703,2024-04-25 19:38:10,9,16,0.33,0,64,39
767,2773,2024-03-11 23:51:04,7,14,0.28,0,68,34
768,87,2024-04-07 02:13:54,8,15,0.23,0,63,22
769,4494,2024-05-28 21:57:16,8,33,0.14,0,44,44
770,4511,2025-04-23 09:40:49,7,28,0.39,0,96,23
771,2344,2025-11-26 13:05:22,8,6,0.56,0,47,12
772,4845,2025-07-31 02:21:59,0,24,0.4,0,63,66
773,1627,2025-08-19 08:53:16,6,15,0.58,0,52,23
774,3677,2025-12-06 08:54:08,3,10,0.18,0,51,55
775,3242,2025-09-04 20:39:49,6,32,0.26,0,37,43
776,1754,2025-02-25 09:05:29,8,15,0.16,0,56,33
777,2264,2025-07-31 13:40:16,2,16,0.18,1,11,20
778,3332,2025-06-05 03:31:27,5,16,0.66,0,41,31
779,869,2025-09-02 23:40:30,8,19,0.18,0,86,32
780,2653,2024-04-04 21:52:55,2,22,0.45,0,76,33
781,368,2025-03-14 15:57:39,9,14,0.32,0,59,2
782,2726,2024-12-23 11:18:04,1,7,0.43,0,19,43
783,3357,2025-09-04 09:39:11,6,36,0.33,0,99,26
784,2386,2025-03-19 22:42:44,0,26,0.18,0,71,46
785,2906,2024-12-06 02:07:41,9,7,0.41,0,26,69
786,3897,2025-03-31 03:53:34,7,24,0.32,0,50,31
787,1907,2024-01-26 16:47:23,1,16,0.19,0,20,35
788,2416,2024-06-17 20:48:11,8,34,0.22,1,70,23
789,931,2025-09-22 03:48:19,6,17,0.22,0,83,21
790,3495,2024-08-31 23:18:06,2,20,0.08,0,33,25
791,828,2024-03-08 22:07:37,2,10,0.2,0,75,33
792,175,2025-05-16 14:02:21,7,10,0.24,1,66,33
793,2361,2024-06-09 03:46:39,10,25,0.07,0,67,2
794,526,2024-12-02 08:04:59,4,20,0.1,1,55,46
795,1202,2025-03-04 20:45:42,5,13,0.1,0,70,59
796,4138,2025-11-08 19:36:09,5,21,0.37,0,40,43
797,3297,2025-02-03 14:16:20,6,27,0.5,0,82,29
798,4157,2025-04-30 12:46:56,5,30,0.35,0,94,2
799,3039,2024-05-10 10:48:13,4,15,0.17,0,46,31
800,3509,2024-07-31 22:41:54,7,6,0.04,0,67,19
801,4046,2024-11-27 09:05:58,6,16,0.08,0,57,10
802,1922,2024-05-26 21:56:20,2,22,0.44,0,66,13
803,4284,2025-02-14 00:12:54,7,22,0.26,0,56,19
804,4574,2025-04-27 07:07:13,1,0,0.13,0,73,55
805,4513,2024-04-03 20:21:37,1,25,0.47,0,65,36
806,1491,2025-08-19 16:04:51,10,18,0.49,0,90,13
807,3771,2024-02-27 04:51:06,2,5,0.38,0,50,37
808,1639,2024-09-12 17:03:23,1,0,0.12,0,36,24
809,856,2025-05-28 15:41:22,0,21,0.09,0,32,37
810,2004,2025-11-03 21:15:55,0,17,0.38,0,55,31
811,1564,2025-12-01 12:43:41,2,0,0.21,0,63,33
812,196,2025-05-18 15:36:51,2,48,0.13,0,51,9
813,4573,2025-11-30 13:06:30,4,14,0.25,0,76,27
814,1107,2025-12-21 14:59:53,9,21,0.44,0,49,25
815,3396,2024-12-07 22:05:58,1,21,0.14,0,74,16
816,369,2024-12-09 23:02:24,8,24,0.35,0,44,32
817,2482,2024-05-28 14:23:53,4,24,0.35,0,47,9
818,2657,2025-03-02 21:43:02,4,36,0.38,0,76,35
819,1130,2025-06-06 22:24:42,3,10,0.17,0,81,46
820,3477,2025-03-15 00:11:10,2,22,0.02,0,53,30
821,1134,2025-01-13 00:25:01,1,10,0.28,0,77,60
822,2951,2025-05-19 23:04:34,3,23,0.18,0,24,37
823,2235,2025-05-27 08:48:05,2,34,0.3,1,41,74
824,3327,2024-10-16 02:41:18,5,5,0.37,0,33,33
825,1989,2025-01-03 09:29:12,5,7,0.04,0,77,42
826,4100,2025-04-21 07:44:51,7,34,0.29,1,41,54
827,3060,2025-04-08 02:08:06,11,28,0.35,0,34,5
828,4903,2024-05-16 01:51:16,0,29,0.13,0,43,29
829,1556,2024-02-22 06:26:47,7,32,0.4,0,65,7
830,630,2025-10-07 19:34:18,8,32,0.3,0,45,47
831,1017,2024-05-28 10:18:37,3,10,0.2,1,36,32
832,741,2025-02-28 08:06:00,6,8,0.13,0,85,36
833,3579,2025-03-20 01:59:55,0,25,0.37,0,50,19
834,4223,2024-08-15 10:26:53,8,12,0.12,0,49,42
835,3454,2025-05-11 02:28:09,6,9,0.11,0,63,39
836,2845,2024-12-01 00:20:28,0,37,0.53,1,74,25
837,1237,2024-09-18 00:23:40,3,28,0.59,0,68,32
838,4775,2025-11-30 19:14:34,7,23,0.2,0,80,15
839,3942,2024-12-21 19:35:16,6,16,0.38,0,41,39
840,1998,2024-10-26 13:58:53,4,13,0.47,0,73,13
841,4408,2025-07-04 17:27:34,5,21,0.2,0,31,32
842,3685,2025-11-24 11:35:43,7,18,0.31,0,83,55
843,10,2025-01-19 02:30:53,5,17,0.77,0,31,42
844,1698,2025-06-17 17:42:41,6,24,0.31,0,108,16
845,2499,2024-03-16 06:39:00,2,23,0.13,0,82,53
846,3395,2024-08-05 11:57:25,5,10,0.35,0,31,59
847,1537,2024-06-24 21:15:07,4,20,0.32,0,57,28
848,3111,2025-07-27 19:52:24,3,25,0.33,0,33,32
849,3113,2025-01-24 16:13:33,5,31,0.28,0,34,21
850,2748,2025-10-06 20:02:20,7,25,0.5,0,77,52
851,1905,2024-07-13 08:02:52,10,10,0.56,0,88,32
852,1457,2024-09-01 22:16:41,4,17,0.29,0,58,35
853,1004,2025-12-19 06:26:08,6,22,0.29,0,101,15
854,4282,2025-04-09 01:06:02,7,22,0.23,0,77,21
855,1691,2025-02-19 02:47:20,6,16,0.23,0,75,13
856,570,2025-05-10 19:58:33,2,26,0.16,0,54,51
857,3743,2024-06-26 13:15:24,0,10,0.38,0,40,40
858,4298,2024-10-23 16:22:06,2,24,0.2,0,89,31
859,3718,2025-04-05 11:46:24,7,20,0.6,0,73,13
860,1297,2025-07-02 09:16:38,8,18,0.21,0,48,32
861,2915,2024-04-06 22:36:37,10,40,0.1,0,71,13
862,3996,2025-01-13 05:46:59,7,26,0.17,0,74,25
863,2641,2025-06-28 00:07:32,4,14,0.12,0,84,13
864,4788,2024-12-17 22:39:42,5,25,0.39,0,54,34
865,4216,2024-02-09 03:21:18,3,20,0.12,0,90,18
866,382,2024-04-24 04:16:17,6,18,0.2,0,56,24
867,4714,2024-04-21 21:47:07,3,15,0.07,0,55,34
868,2443,2025-01-06 15:02:36,9,9,0.07,0,66,27
869,441,2024-11-05 14:58:06,5,25,0.54,0,69,19
870,4839,2024-07-12 15:00:54,0,32,0.19,0,92,26
871,1758,2024-04-01 11:17:15,5,18,0.29,0,89,57
872,98,2025-03-07 11:06:46,4,23,0.31,0,54,4
873,975,2024-07-11 03:13:04,3,0,0.33,0,48,0
874,108,2024-09-06 11:23:35,8,25,0.13,0,97,19
875,2313,2025-01-20 14:19:46,3,23,0.11,0,67,50
876,2396,2025-06-24 13:03:15,1,18,0.13,0,81,7
877,369,2025-02-15 22:58:10,4,14,0.28,0,71,49
878,2617,2025-06-19 00:10:46,9,26,0.53,1,44,34
879,4812,2024-10-02 19:56:56,8,25,0.29,0,13,0
880,3168,2025-04-01 11:23:35,3,19,0.06,0,56,12
881,4621,2024-03-15 18:59:11,6,15,0.54,0,50,23
882,3547,2024-10-19 18:00:13,5,11,0.06,0,13,16
883,2228,2025-08-24 04:55:01,4,26,0.42,0,54,31
884,821,2024-02-10 09:29:58,8,11,0.32,0,67,25
885,3016,2024-12-22 15:05:27,3,31,0.58,0,45,33
886,1083,2024-10-01 01:23:51,1,25,0.46,0,36,8
887,947,2025-05-18 18:20:43,4,21,0.28,0,54,24
888,304,2024-11-13 20:06:44,9,7,0.33,0,57,40
889,4692,2024-04-29 12:27:28,6,0,0.24,0,10,18
890,163,2025-05-12 21:01:58,8,24,0.2,0,55,25
891,3927,2025-09-16 09:24:54,4,11,0.46,0,47,17
892,1891,2024-11-27 13:07:25,5,22,0.07,0,92,22
893,4739,2025-04-24 11:21:04,11,21,0.3,0,92,26
894,4325,2025-04-17 00:08:01,7,26,0.54,0,67,7
895,1734,2024-04-28 17:36:12,7,17,0.35,0,44,34
896,2885,2025-03-12 23:35:37,0,25,0.37,0,22,0
897,4575,2024-07-19 17:43:09,6,14,0.11,0,30,41
898,2047,2024-08-02 12:57:26,3,37,0.27,0,58,16
899,3103,2025-04-21 12:47:06,3,12,0.45,0,53,20
900,447,2025-07-15 10:38:31,1,28,0.03,0,47,3
901,3158,2024-11-07 02:35:30,9,18,0.24,0,49,42
902,3666,2025-06-12 05:44:53,0,31,0.07,0,10,35
903,1819,2024-04-07 10:10:49,3,23,0.61,0,75,44
904,4485,2024-05-19 21:56:40,6,4,0.48,0,21,32
905,3820,2025-04-15 01:50:25,7,18,0.1,0,43,34
906,340,2025-01-07 13:34:09,5,17,0.65,0,48,41
907,4336,2024-10-26 08:51:38,8,23,0.5,0,59,30
908,3431,2024-03-01 19:08:23,3,22,0.29,0,64,38
909,3820,2025-04-08 12:22:05,6,29,0.37,0,40,30
910,3204,2024-10-23 04:02:22,1,8,0.14,0,85,0
911,1028,2025-05-02 14:14:26,4,34,0.34,0,37,0
912,4524,2024-03-29 11:19:58,4,21,0.32,0,27,56
913,3689,2024-12-09 03:49:29,5,22,0.28,0,69,33
914,2692,2024-06-15 14:38:04,5,11,0.24,0,70,41
915,2042,2024-07-01 11:26:31,6,18,0.16,0,81,18
916,675,2024-10-19 23:46:05,4,11,0.11,0,55,40
917,3415,2025-10-27 22:11:45,0,15,0.09,0,73,26
918,2304,2025-10-31 20:12:12,7,23,0.07,0,40,34
919,4174,2025-11-15 09:59:19,6,36,0.18,0,61,40
920,4820,2025-01-26 14:06:12,9,27,0.19,0,71,19
921,4020,2024-09-08 20:38:48,9,20,0.29,0,55,23
922,3162,2024-07-19 05:01:18,9,6,0.45,0,58,16
923,697,2025-04-16 15:38:38,2,25,0.29,0,60,22
924,434,2024-06-17 01:32:40,5,18,0.22,0,104,38
925,1957,2025-05-07 06:59:49,3,0,0.09,0,49,18
926,2524,2024-11-18 21:49:39,8,19,0.06,1,55,12
927,1935,2024-11-29 04:09:58,4,25,0.03,0,68,11
928,3080,2025-05-16 22:49:30,4,14,0.15,0,93,53
929,1422,2024-11-20 16:05:55,1,4,0.53,0,91,21
930,867,2024-11-28 04:35:07,3,18,0.36,0,44,42
931,2316,2025-10-12 02:21:41,0,34,0.16,0,24,23
932,4083,2025-10-15 23:11:50,1,15,0.35,1,121,24
933,3805,2024-09-16 16:51:59,8,28,0.49,0,44,20
934,236,2025-07-25 02:26:48,9,32,0.08,0,48,11
935,1444,2024-08-15 18:35:33,1,10,0.34,0,63,28
936,3647,2025-06-03 15:24:44,3,1,0.37,0,106,42
937,272,2025-11-03 02:19:09,6,30,0.46,0,52,40
938,2291,2024-02-11 12:20:12,2,23,0.22,0,52,39
939,4455,2024-07-31 22:34:22,3,24,0.08,0,54,38
940,2686,2025-05-24 01:05:56,7,17,0.35,0,67,14
941,4094,2024-10-26 22:43:26,10,0,0.06,0,66,7
942,2280,2024-08-08 14:11:35,9,18,0.2,0,71,24
943,1158,2025-12-14 23:36:35,5,9,0.1,0,35,27
944,935,2024-05-18 07:19:33,4,7,0.07,1,31,2
945,4859,2024-10-22 13:50:26,10,8,0.11,1,97,58
946,2572,2024-05-10 06:22:05,0,20,0.24,0,41,23
947,1135,2025-11-10 10:26:16,0,9,0.34,0,15,47
948,77,2025-08-21 21:05:50,5,13,0.13,0,49,20
949,1063,2024-12-27 15:14:58,3,30,0.2,0,49,30
950,4858,2025-03-25 14:26:46,8,12,0.74,0,42,37
951,2284,2024-03-21 04:19:26,6,19,0.12,0,48,7
952,1093,2025-06-14 01:13:50,6,23,0.07,0,102,22
953,2607,2024-04-18 23:16:57,5,27,0.32,0,46,21
954,3432,2024-12-21 19:40:53,4,5,0.39,0,72,28
955,4492,2025-08-15 04:25:32,4,20,0.37,0,48,17
956,2544,2025-10-11 11:01:26,9,6,0.42,0,90,35
957,2903,2025-10-03 19:49:27,2,23,0.07,1,65,50
958,1056,2025-11-20 23:22:20,3,27,0.46,0,80,32
959,2717,2024-10-07 14:13:44,3,16,0.08,0,82,22
960,1544,2025-06-23 14:49:19,3,20,0.25,0,74,29
961,2214,2024-11-03 04:38:11,5,23,0.37,0,66,40
962,1099,2025-11-24 19:51:51,6,17,0.21,0,60,22
963,1364,2025-12-15 00:04:25,5,7,0.16,0,66,25
964,4387,2025-11-13 21:56:17,0,11,0.43,0,89,29
965,1473,2025-04-13 17:32:22,6,20,0.3,0,59,35
966,801,2024-05-02 09:32:57,9,26,0.44,0,65,8
967,1638,2025-08-15 06:30:45,4,27,0.12,0,42,27
968,335,2025-02-21 06:15:00,8,36,0.17,0,43,37
969,3050,2024-02-28 13:42:44,7,10,0.13,0,91,21
970,3007,2025-06-05 22:32:05,0,4,0.09,0,74,3
971,2124,2024-09-09 13:20:36,5,31,0.37,0,77,29
972,1766,2024-08-23 18:00:07,1,24,0.41,0,59,32
973,4340,2025-07-07 08:54:55,8,38,0.2,0,42,53
974,2142,2025-02-24 09:39:14,0,18,0.4,0,83,15
975,4664,2024-02-01 01:04:20,3,12,0.31,0,83,30
976,2375,2024-07-05 06:13:57,0,8,0.15,0,59,16
977,4117,2024-03-14 06:40:36,2,17,0.25,0,39,56
978,4831,2025-07-17 16:30:14,6,21,0.69,0,84,12
979,3671,2024-07-17 09:11:02,4,24,0.2,1,73,11
980,592,2024-06-22 19:24:50,0,7,0.25,0,36,25
981,1633,2025-11-24 06:11:46,5,28,0.16,1,46,46
982,199,2025-03-12 20:45:01,6,17,0.3,1,17,37
983,1078,2025-04-22 18:51:21,6,15,0.42,0,58,9
984,4213,2025-09-22 06:20:39,3,16,0.41,0,33,2
985,1867,2024-08-17 16:46:04,4,8,0.32,1,27,32
986,3576,2025-10-16 15:38:41,1,31,0.32,0,77,41
987,4864,2025-07-25 16:38:56,4,16,0.16,0,64,19
988,923,2024-08-28 21:22:35,7,17,0.03,0,45,31
989,2234,2025-08-19 11:34:14,5,39,0.11,0,56,4
990,2588,2024-08-24 08:59:06,8,26,0.22,1,59,29
991,1000,2024-12-15 10:35:32,2,2,0.45,1,67,41
992,362,2024-05-10 23:39:38,4,10,0.34,0,40,38
993,3108,2025-05-09 16:06:50,5,9,0.27,0,54,36
994,3098,2024-11-13 06:49:10,8,17,0.35,0,72,12
995,1913,2024-03-30 17:18:40,3,15,0.11,0,59,13
996,3062,2025-09-24 06:55:30,8,32,0.73,0,65,27
997,364,2024-09-27 18:22:19,0,20,0.38,1,63,48
998,3240,2024-02-10 22:38:07,7,28,0.19,0,63,31
999,1111,2024-11-02 20:44:13,1,17,0.07,0,91,15
1000,1410,2024-12-24 12:44:12,5,43,0.38,0,32,49
1001,3139,2024-12-10 10:28:17,10,16,0.32,0,74,11
1002,2734,2025-10-02 10:26:22,3,14,0.01,0,74,10
1003,2007,2024-09-07 04:35:49,8,1,0.32,0,73,34
1004,3010,2024-11-06 15:56:50,4,26,0.07,0,54,39
1005,4844,2024-12-13 07:11:12,9,17,0.39,1,75,30
1006,673,2025-03-05 01:38:11,7,18,0.13,0,59,41
1007,1590,2024-03-20 16:05:49,2,34,0.43,1,54,14
1008,4800,2025-11-02 10:54:59,0,19,0.19,0,91,14
1009,4111,2025-08-16 13:17:49,1,26,0.42,0,40,24
1010,4233,2025-09-06 23:47:17,1,0,0.22,0,62,32
1011,2667,2024-10-31 13:40:41,10,13,0.65,0,91,55
1012,4424,2025-07-21 00:40:37,3,20,0.04,0,61,25
1013,1499,2025-02-08 00:51:20,2,17,0.29,0,69,22
1014,3808,2025-02-16 00:31:01,4,18,0.06,0,93,57
1015,4005,2025-02-11 14:56:55,5,17,0.23,0,59,22
1016,3957,2024-07-26 12:35:19,3,32,0.47,0,34,30
1017,4775,2024-06-05 03:15:26,4,21,0.38,0,73,26
1018,2342,2025-05-15 21:26:46,9,10,0.09,0,84,52
1019,591,2025-03-04 23:51:25,8,26,0.13,0,72,40
1020,2463,2024-11-10 02:23:51,11,23,0.25,0,53,40
1021,3433,2025-12-11 19:02:39,10,20,0.31,0,38,40
1022,4219,2025-09-16 20:53:33,3,25,0.23,0,54,23
1023,1261,2024-02-24 14:07:07,6,16,0.39,0,61,27
1024,443,2024-12-21 04:20:11,6,16,0.23,0,54,27
1025,3642,2025-06-28 20:23:34,7,18,0.29,0,53,22
1026,946,2025-11-11 18:04:17,3,22,0.15,0,52,16
1027,928,2024-08-06 09:07:55,0,18,0.28,0,72,32
1028,1841,2025-10-12 02:41:14,5,29,0.58,0,55,37
1029,3752,2025-09-15 14:09:37,7,29,0.34,0,44,33
1030,2168,2025-08-18 00:53:14,4,4,0.31,0,57,38
1031,2430,2024-12-27 23:35:36,3,19,0.39,0,76,27
1032,4179,2024-11-27 16:50:47,2,8,0.26,0,63,0
1033,1642,2025-09-18 11:36:15,4,36,0.27,0,26,4
1034,4907,2025-02-23 15:12:34,6,17,0.17,0,91,34
1035,2709,2024-12-10 14:39:49,3,30,0.39,1,71,32
1036,4035,2024-07-18 17:53:26,5,30,0.23,0,53,30
1037,2266,2024-08-25 18:20:26,6,24,0.31,0,80,6
1038,495,2024-02-08 08:22:34,4,22,0.33,0,109,17
1039,1061,2025-05-20 18:34:23,0,10,0.47,0,51,18
1040,2732,2025-03-05 16:49:18,6,25,0.08,0,85,23
1041,4601,2024-05-18 02:36:32,0,28,0.28,0,74,43
1042,3591,2025-02-10 18:19:53,2,23,0.29,0,65,23
1043,4813,2024-02-19 17:17:16,3,32,0.13,0,52,20
1044,2778,2025-03-08 23:44:43,6,36,0.46,1,73,43
1045,2958,2024-12-26 17:39:58,10,25,0.22,0,89,30
1046,2219,2025-07-28 20:28:25,2,10,0.51,0,69,34
1047,1168,2024-03-10 19:14:21,6,13,0.42,0,71,64
1048,2128,2024-02-09 03:46:51,4,13,0.16,0,63,31
1049,2775,2024-02-06 09:35:17,3,41,0.25,0,93,0
1050,3128,2025-04-06 07:15:49,0,17,0.11,0,82,35
1051,1926,2025-09-13 04:13:44,1,12,0.1,0,94,34
1052,3174,2024-03-31 04:07:17,2,12,0.43,0,49,15
1053,4198,2024-02-11 15:57:14,4,15,0.18,0,90,23
1054,1536,2025-03-30 17:32:13,7,21,0.18,1,32,48
1055,4772,2025-06-19 02:28:43,6,22,0.04,0,61,40
1056,2083,2024-05-15 15:36:39,1,22,0.17,0,77,22
1057,2193,2024-04-20 11:17:28,4,18,0.34,0,76,26
1058,765,2025-11-04 08:54:20,8,16,0.72,0,70,41
1059,3248,2025-06-20 19:11:25,7,32,0.14,1,55,42
1060,4419,2025-10-14 00:07:54,1,24,0.26,0,74,36
1061,1932,2024-12-11 18:36:43,4,27,0.19,0,14,17
1062,4347,2025-12-16 13:46:53,4,4,0.13,0,35,20
1063,4769,2024-11-28 02:48:45,8,21,0.34,0,34,23
1064,3300,2024-09-15 02:49:31,2,17,0.41,0,27,25
1065,1498,2024-06-28 15:24:52,6,13,0.09,0,39,27
1066,4874,2024-10-02 05:42:39,3,18,0.43,0,28,0
1067,1445,2025-11-06 12:59:01,8,34,0.42,1,40,20
1068,2438,2025-12-03 16:37:16,2,11,0.09,1,52,35
1069,2343,2024-03-24 11:19:42,2,19,0.33,0,55,23
1070,4397,2024-06-01 14:51:56,7,0,0.28,0,79,41
1071,4804,2025-02-09 23:29:25,4,44,0.13,0,106,27
1072,3722,2025-03-26 04:37:32,4,11,0.41,0,30,33
1073,1561,2025-04-20 04:49:02,0,3,0.09,1,72,27
1074,888,2024-05-24 07:55:12,8,20,0.45,0,79,44
1075,1641,2025-01-22 20:44:08,7,9,0.19,0,75,21
1076,4336,2024-04-02 01:37:24,3,11,0.27,0,74,14
1077,2586,2024-11-27 09:09:47,11,10,0.03,0,40,2
1078,843,2024-10-17 05:56:29,5,45,0.28,0,74,65
1079,2497,2025-12-19 13:54:12,8,15,0.18,0,68,13
1080,3108,2025-05-28 11:27:08,8,17,0.59,0,47,23
1081,2207,2024-04-09 02:20:33,10,5,0.5,0,64,45
1082,865,2024-10-18 21:01:24,4,13,0.29,0,63,23
1083,483,2024-12-24 02:23:50,6,12,0.02,0,56,48
1084,4769,2024-09-22 07:56:52,4,8,0.15,0,50,41
1085,4796,2025-07-17 10:37:41,7,21,0.25,0,49,19
1086,3315,2025-04-26 22:13:25,5,20,0.68,0,79,46
1087,1611,2024-12-03 16:10:10,4,3,0.46,0,51,35
1088,640,2024-03-16 05:27:43,2,14,0.06,0,40,15
1089,883,2024-09-11 05:07:12,0,29,0.31,0,51,46
1090,547,2025-11-01 17:57:45,0,18,0.55,0,65,38
1091,1218,2024-01-25 14:51:52,2,22,0.21,0,79,27
1092,955,2025-10-08 22:32:59,6,26,0.41,0,74,34
1093,3736,2024-05-13 14:33:23,8,9,0.38,0,94,30
1094,2720,2024-03-01 22:53:53,0,11,0.1,0,40,24
1095,4122,2024-05-29 17:22:43,4,10,0.32,0,63,7
1096,254,2024-09-19 19:06:34,2,13,0.15,0,33,22
1097,2152,2024-04-12 12:01:53,3,36,0.24,0,44,23
1098,4679,2025-05-06 10:36:47,7,24,0.32,0,50,9
1099,382,2025-06-17 21:13:15,6,28,0.26,0,59,26
1100,1004,2024-04-16 02:50:10,10,22,0.17,1,103,35
1101,3418,2024-06-22 22:15:37,6,32,0.26,0,71,43
1102,2486,2024-03-01 20:17:54,7,27,0.36,0,56,3
1103,1950,2024-11-08 04:04:27,4,27,0.09,0,83,38
1104,3521,2025-10-23 11:29:09,9,19,0.34,0,66,13
1105,4414,2025-05-07 07:50:31,5,0,0.28,0,65,59
1106,3743,2025-09-18 19:31:22,8,29,0.2,0,80,44
1107,4023,2025-01-06 22:39:01,5,30,0.31,0,62,32
1108,2508,2024-02-24 21:52:03,4,6,0.23,0,46,7
1109,709,2024-03-01 09:45:23,7,20,0.25,0,47,17
1110,556,2025-06-28 08:12:18,1,7,0.04,0,88,28
1111,2021,2024-05-06 06:46:44,7,16,0.42,0,99,34
1112,936,2024-10-09 21:35:58,0,20,0.4,0,67,24
1113,4020,2024-08-25 05:18:49,6,37,0.36,0,66,0
1114,4408,2025-07-13 10:21:04,8,25,0.38,1,45,17
1115,3266,2025-01-24 22:32:07,7,30,0.2,0,46,32
1116,188,2024-07-09 01:53:09,3,21,0.14,0,78,26
1117,4224,2024-08-17 04:40:56,5,34,0.23,0,53,15
1118,2032,2024-08-21 08:56:55,2,22,0.42,0,78,44
1119,677,2025-02-05 04:27:51,4,35,0.29,0,45,28
1120,2174,2024-12-12 03:29:39,5,18,0.34,0,76,31
1121,2128,2025-09-08 15:33:43,6,9,0.48,0,41,30
1122,4832,2025-05-25 23:12:17,4,34,0.38,0,41,29
1123,974,2024-05-14 15:23:28,1,3,0.12,0,76,46
1124,4038,2024-08-24 08:09:34,1,24,0.32,0,54,9
1125,452,2025-06-13 03:07:18,4,17,0.32,0,45,20
1126,3637,2025-01-06 23:55:33,4,26,0.37,0,41,44
1127,3256,2025-06-04 01:09:59,0,27,0.23,0,89,62
1128,2424,2024-03-04 19:57:02,0,22,0.1,0,59,57
1129,544,2024-06-09 17:44:43,10,49,0.5,0,36,10
1130,3382,2025-11-15 14:15:43,3,23,0.48,0,67,15
1131,79,2025-11-28 11:40:04,0,15,0.21,0,44,54
1132,1238,2024-08-12 12:33:16,8,15,0.14,0,52,32
1133,3748,2024-04-23 13:13:38,3,31,0.27,0,67,37
1134,1154,2024-07-11 11:21:41,5,36,0.25,0,51,1
1135,1904,2024-11-13 06:55:49,7,30,0.16,0,67,31
1136,3446,2025-08-01 15:11:49,3,4,0.1,0,67,38
1137,2110,2025-01-18 02:51:02,7,3,0.51,0,111,0
1138,1864,2025-07-17 14:37:06,8,21,0.78,0,72,0
1139,1104,2025-07-20 07:21:26,5,18,0.39,0,52,60
1140,2545,2024-09-10 03:01:58,4,32,0.22,0,60,32
1141,3040,2025-02-10 06:53:05,4,23,0.15,0,53,64
1142,1386,2025-10-21 06:17:56,1,37,0.1,1,59,36
1143,1650,2025-04-15 03:08:23,4,15,0.01,0,92,5
1144,692,2024-05-04 17:21:35,5,9,0.25,0,64,55
1145,2391,2024-11-18 10:37:47,3,15,0.2,0,63,2
1146,2220,2024-10-11 05:52:01,5,25,0.27,1,98,0
1147,482,2025-02-09 10:49:14,5,13,0.29,0,61,31
1148,4947,2024-03-17 01:47:20,8,19,0.09,1,65,36
1149,4571,2024-07-15 00:59:36,10,20,0.44,0,77,45
1150,499,2025-05-25 08:16:24,3,8,0.45,0,69,23
1151,97,2025-09-15 07:23:03,7,25,0.37,0,82,77
1152,2552,2025-10-15 18:09:55,4,0,0.09,0,141,31
1153,1207,2025-01-24 01:26:22,3,12,0.33,0,19,28
1154,1466,2025-05-19 17:36:18,5,35,0.32,0,58,43
1155,3805,2025-06-11 15:09:16,3,19,0.09,0,24,23
1156,2071,2025-09-11 23:10:41,6,37,0.25,0,73,30
1157,3394,2025-08-01 12:42:31,0,30,0.3,0,61,34
1158,2929,2025-04-10 05:13:33,5,15,0.19,0,78,26
1159,1359,2025-08-03 15:52:28,12,16,0.2,1,67,12
1160,1987,2024-02-04 12:26:23,4,21,0.44,0,92,27
1161,2248,2024-02-01 00:17:21,6,34,0.47,0,43,28
1162,719,2025-01-14 02:06:35,4,15,0.35,0,78,38
1163,4223,2025-11-07 09:28:44,1,13,0.2,0,32,30
1164,1758,2024-09-20 17:39:43,10,15,0.64,1,27,54
1165,1914,2024-10-07 12:49:05,3,29,0.4,1,79,56
1166,2725,2025-11-24 13:28:14,1,35,0.33,0,65,10
1167,2205,2024-11-06 01:45:06,7,1,0.38,0,74,26
1168,3699,2025-07-17 04:06:01,8,24,0.54,0,64,33
1169,4662,2024-05-31 22:44:26,0,2,0.5,1,53,21
1170,957,2025-10-10 08:31:45,3,16,0.09,0,90,16
1171,3032,2024-08-22 03:30:54,7,21,0.23,0,36,15
1172,2721,2025-05-06 00:35:55,4,20,0.16,0,108,17
1173,2008,2025-02-08 10:42:10,6,23,0.21,0,62,17
1174,4418,2024-08-26 22:01:17,0,21,0.41,0,64,41
1175,2363,2025-04-02 19:32:24,5,27,0.52,0,36,35
1176,4918,2025-11-01 19:22:54,4,29,0.18,0,45,42
1177,872,2025-07-11 07:10:34,1,26,0.61,1,86,47
1178,1552,2025-09-18 19:38:40,2,8,0.09,1,49,14
1179,2514,2025-07-13 19:13:42,3,21,0.09,0,60,35
1180,1116,2024-09-16 07:00:58,3,29,0.05,0,45,50
1181,916,2024-11-04 20:41:13,2,18,0.45,0,22,33
1182,4182,2025-10-29 23:55:11,7,27,0.33,1,103,45
1183,3003,2025-04-11 16:25:27,7,15,0.32,0,77,25
1184,4786,2024-09-18 23:38:50,8,17,0.63,0,58,57
1185,849,2025-03-09 22:50:23,2,29,0.17,0,66,38
1186,4501,2025-05-13 21:09:33,5,19,0.02,0,98,48
1187,3759,2024-11-16 16:17:42,3,30,0.29,0,10,46
1188,1888,2025-04-28 03:55:47,3,12,0.37,0,58,33
1189,3940,2025-07-09 05:09:57,3,18,0.48,1,84,50
1190,3612,2024-07-06 08:29:51,6,27,0.29,0,98,4
1191,4795,2024-02-28 18:53:02,4,24,0.35,1,86,40
1192,1306,2025-12-16 21:28:11,1,11,0.12,1,93,19
1193,213,2025-11-03 11:06:53,5,15,0.21,0,57,55
1194,2950,2025-07-06 23:23:10,3,16,0.14,0,56,4
1195,3934,2024-10-02 23:46:57,5,35,0.24,0,66,13
1196,3172,2025-10-02 20:58:02,7,33,0.32,0,80,26
1197,4116,2024-12-12 14:59:38,6,5,0.11,0,59,26
1198,3713,2024-10-08 04:40:06,8,13,0.27,0,69,5
1199,3330,2025-07-03 08:13:11,1,32,0.29,0,70,47
1200,4920,2025-11-24 08:24:29,5,14,0.26,0,45,58
1201,3819,2025-09-25 23:07:43,8,0,0.33,0,67,33
1202,3766,2024-11-24 19:17:45,7,9,0.34,0,88,17
1203,126,2024-08-01 12:25:17,5,5,0.16,0,49,0
1204,7,2024-09-15 09:27:03,1,23,0.49,0,49,30
1205,4249,2025-01-14 13:23:51,0,9,0.27,0,71,16
1206,2241,2024-09-06 16:54:53,8,18,0.12,0,77,39
1207,3425,2024-11-30 21:14:15,3,13,0.23,1,50,14
1208,3625,2025-02-27 04:49:39,2,14,0.01,0,64,49
1209,3490,2024-03-04 21:29:33,3,42,0.56,0,61,48
1210,4540,2025-06-30 14:47:58,5,15,0.32,0,18,31
1211,146,2025-09-08 07:22:16,4,28,0.44,0,98,1
1212,843,2025-09-07 02:07:29,4,15,0.25,0,87,31
1213,4584,2024-06-14 00:35:14,3,9,0.37,0,63,39
1214,482,2025-03-03 13:55:55,1,29,0.47,0,104,11
1215,1839,2024-03-26 17:13:30,4,25,0.19,0,75,24
1216,1894,2024-07-20 21:09:37,2,24,0.18,1,50,42
1217,710,2025-07-28 19:30:11,6,22,0.52,0,84,19
1218,3380,2024-02-12 10:32:40,7,28,0.25,0,61,43
1219,2040,2025-01-04 15:59:25,2,28,0.09,0,21,26
1220,3130,2025-10-12 17:35:08,2,5,0.2,0,69,20
1221,3966,2025-07-27 17:13:27,3,30,0.35,0,44,24
1222,1167,2024-03-12 14:40:35,6,15,0.13,0,61,2
1223,1336,2025-01-21 12:08:54,3,16,0.1,0,73,41
1224,1990,2024-08-06 11:18:41,3,19,0.08,0,43,47
1225,4853,2024-02-10 19:55:52,1,18,0.21,0,83,37
1226,3518,2024-04-11 14:17:30,3,14,0.49,0,10,18
1227,2232,2024-09-09 18:40:18,6,25,0.19,0,40,40
1228,2919,2024-11-20 10:10:29,10,32,0.16,0,50,33
1229,512,2025-09-14 06:52:56,7,16,0.19,0,40,44
1230,3850,2025-11-13 21:23:11,3,23,0.38,0,55,24
1231,1162,2025-11-26 06:23:52,5,8,0.32,0,45,22
1232,570,2025-09-21 08:02:10,1,22,0.09,0,59,39
1233,3425,2024-05-07 04:13:45,6,24,0.2,0,14,23
1234,4932,2024-12-17 15:41:20,10,4,0.59,0,61,29
1235,4079,2024-08-09 10:22:24,10,12,0.49,0,39,25
1236,2946,2025-07-09 12:50:30,4,34,0.11,0,40,17
1237,2910,2024-06-13 16:38:38,5,15,0.43,0,53,47
1238,2,2024-06-29 16:43:16,1,8,0.39,0,65,42
1239,3078,2024-10-13 14:38:41,3,19,0.19,0,68,9
1240,3584,2025-10-06 05:57:04,3,48,0.28,0,64,21
1241,2123,2025-11-26 06:25:59,6,7,0.35,0,43,5
1242,277,2024-04-15 07:39:25,9,8,0.36,0,44,34
1243,4526,2024-02-04 13:56:48,3,13,0.25,1,35,30
1244,996,2025-04-30 18:01:12,8,29,0.55,0,46,15
1245,4340,2024-06-20 00:12:43,5,18,0.34,0,60,1
1246,3211,2024-02-22 09:10:45,3,15,0.28,0,13,38
1247,2996,2025-02-16 18:42:28,0,13,0.21,0,39,31
1248,1601,2024-11-08 00:46:34,2,0,0.61,0,29,8
1249,1709,2025-09-10 13:49:37,3,4,0.39,0,57,29
1250,4286,2024-07-26 21:34:42,0,30,0.11,0,41,40
1251,4726,2025-08-04 08:44:21,4,1,0.22,0,26,36
1252,4441,2025-04-23 16:24:45,5,27,0.03,0,71,28
1253,3698,2024-02-19 15:12:44,7,38,0.33,0,58,21
1254,3459,2025-12-14 19:50:50,5,37,0.38,1,68,41
1255,3825,2024-10-12 10:36:07,3,46,0.34,0,48,37
1256,4547,2024-09-28 10:09:18,8,8,0.33,0,23,36
1257,1571,2024-06-23 07:41:07,0,9,0.22,0,70,44
1258,234,2025-10-21 08:13:33,4,12,0.37,0,80,47
1259,2231,2025-10-12 07:19:07,4,31,0.52,0,46,24
1260,2055,2025-03-25 04:53:33,1,3,0.1,1,63,33
1261,2892,2025-05-28 17:02:26,7,28,0.06,0,17,33
1262,2428,2025-09-28 07:04:59,2,14,0.28,0,51,27
1263,3476,2024-12-07 00:33:22,9,7,0.16,1,10,13
1264,1673,2024-10-07 03:31:31,6,15,0.19,0,41,32
1265,3672,2024-09-18 01:23:32,0,25,0.18,0,51,32
1266,1477,2025-01-17 14:10:22,1,6,0.49,0,93,27
1267,2062,2025-04-30 06:56:55,3,7,0.25,0,38,28
1268,1357,2024-03-18 20:24:08,4,12,0.39,0,93,29
1269,2210,2024-07-23 09:30:21,11,14,0.36,0,82,37
1270,2967,2024-06-29 21:22:56,4,30,0.28,0,61,23
1271,2429,2024-02-25 07:50:27,7,12,0.31,0,86,34
1272,2325,2024-04-07 00:44:35,3,19,0.17,0,35,45
1273,2876,2024-10-26 15:06:53,1,24,0.26,0,53,26
1274,4010,2025-02-16 21:09:12,6,18,0.06,0,45,22
1275,717,2025-05-03 14:37:37,3,23,0.65,0,51,45
1276,2347,2024-06-29 21:26:13,0,28,0.06,0,53,30
1277,288,2025-04-21 05:19:09,0,29,0.33,1,55,33
1278,780,2025-09-01 20:04:39,6,26,0.04,0,58,37
1279,4951,2025-04-11 20:04:59,2,28,0.28,1,66,28
1280,3754,2025-01-24 23:47:44,10,16,0.42,0,68,44
1281,4210,2024-08-13 01:55:23,4,9,0.07,0,57,17
1282,339,2024-10-19 16:12:08,5,21,0.13,0,47,20
1283,2125,2024-10-23 11:36:24,10,33,0.52,0,29,55
1284,2454,2024-03-02 03:56:53,2,18,0.27,0,56,42
1285,3722,2025-11-24 21:53:59,9,29,0.6,0,29,49
1286,1333,2024-12-12 04:26:49,10,18,0.32,1,62,52
1287,286,2024-08-23 10:51:45,6,16,0.34,0,75,17
1288,3174,2024-11-28 13:39:23,6,22,0.08,1,48,19
1289,1340,2024-06-28 20:32:44,4,30,0.56,0,54,30
1290,2900,2024-04-09 11:47:16,8,24,0.24,0,52,33
1291,4665,2024-10-29 00:22:55,5,21,0.7,0,78,30
1292,1437,2025-09-23 18:48:42,0,20,0.25,0,80,22
1293,4867,2024-04-28 06:45:08,5,28,0.28,0,93,46
1294,3782,2024-03-28 07:50:53,5,9,0.45,0,70,37
1295,620,2025-04-22 13:15:53,7,17,0.03,0,67,26
1296,1571,2024-05-11 20:14:21,0,12,0.24,0,59,17
1297,4449,2024-10-07 09:34:49,2,29,0.27,0,49,12
1298,3550,2024-11-13 22:20:01,3,23,0.37,0,87,40
1299,2603,2024-10-05 20:05:08,0,15,0.16,0,75,44
1300,418,2025-09-26 22:29:13,12,17,0.15,0,49,19
1301,2865,2024-01-29 14:50:54,5,12,0.14,0,24,26
1302,4127,2024-05-22 01:08:18,5,6,0.56,0,73,58
1303,3364,2024-04-19 18:38:04,8,19,0.17,0,68,34
1304,4569,2025-04-22 21:14:38,0,13,0.04,0,10,44
1305,592,2024-11-09 11:18:01,4,7,0.19,0,87,55
1306,107,2024-05-28 21:54:56,1,6,0.07,0,18,3
1307,4866,2024-06-08 02:37:31,0,24,0.23,0,54,42
1308,4715,2024-11-08 10:22:00,4,5,0.13,0,90,16
1309,1889,2024-06-22 12:17:08,12,8,0.58,0,23,38
1310,1496,2025-03-06 13:34:48,5,17,0.54,0,49,0
1311,2527,2024-06-21 06:34:21,2,19,0.28,0,57,24
1312,2161,2024-08-15 07:09:34,2,35,0.33,0,67,33
1313,757,2025-04-26 04:52:52,6,11,0.1,0,76,22
1314,2510,2024-06-05 14:22:22,2,0,0.34,1,30,2
1315,4482,2024-02-21 04:16:43,2,13,0.4,0,53,26
1316,4051,2025-10-13 21:30:51,4,39,0.32,0,32,20
1317,740,2025-10-09 01:39:03,4,28,0.2,0,28,34
1318,1454,2025-03-26 06:35:08,6,12,0.11,0,60,38
1319,2564,2024-12-01 00:25:19,3,10,0.58,0,86,29
1320,2753,2024-11-06 04:10:49,5,14,0.15,1,67,1
1321,4952,2024-04-23 02:14:40,7,30,0.1,0,35,22
1322,827,2024-08-17 15:47:57,0,17,0.23,0,99,0
1323,455,2024-03-23 00:51:41,4,19,0.16,0,64,46
1324,3667,2025-12-09 06:31:44,2,18,0.28,0,32,31
1325,4294,2025-02-10 13:12:53,6,7,0.04,0,109,38
1326,3355,2024-12-01 12:22:36,4,23,0.43,0,59,25
1327,2859,2024-12-02 16:31:43,6,15,0.54,0,50,40
1328,2445,2025-02-09 00:55:57,8,28,0.65,0,70,55
1329,2575,2025-05-01 16:27:39,4,28,0.1,0,77,35
1330,4866,2025-12-22 13:24:55,8,18,0.27,0,61,36
1331,533,2025-04-11 01:56:31,6,11,0.1,0,111,34
1332,1832,2025-12-02 16:13:58,3,13,0.38,0,29,30
1333,2993,2025-08-12 13:50:05,8,15,0.27,0,65,19
1334,251,2025-07-03 01:39:20,0,10,0.04,0,76,17
1335,3310,2024-07-09 05:29:36,9,18,0.24,0,71,29
1336,4428,2024-07-09 21:14:52,5,15,0.43,0,52,29
1337,3701,2025-10-05 00:28:13,6,13,0.45,0,70,26
1338,2901,2025-02-17 13:32:45,7,29,0.05,0,32,24
1339,4233,2025-05-12 12:24:40,5,7,0.3,0,41,18
1340,4506,2024-10-22 00:25:28,1,30,0.36,0,57,45
1341,1632,2024-09-14 01:32:23,4,28,0.29,0,40,41
1342,4444,2025-04-27 15:25:34,0,17,0.26,0,38,8
1343,1520,2025-01-05 18:02:38,6,17,0.08,0,44,41
1344,4011,2025-02-15 15:47:29,1,20,0.21,0,12,28
1345,515,2024-08-30 13:20:18,4,26,0.08,0,37,34
1346,387,2024-02-23 07:25:58,3,4,0.18,0,64,24
1347,1326,2024-06-26 23:03:53,8,11,0.18,0,21,22
1348,4175,2024-03-17 20:42:37,3,42,0.39,0,46,17
1349,2326,2025-08-12 04:17:19,7,0,0.23,0,70,22
1350,4997,2024-09-09 10:10:56,4,21,0.26,0,51,58
1351,2176,2025-09-14 00:00:23,6,17,0.38,0,48,29
1352,3168,2024-10-12 05:40:12,1,39,0.06,0,25,10
1353,1407,2025-10-22 19:59:59,7,4,0.15,0,91,41
1354,4990,2024-03-01 23:22:19,7,15,0.34,1,41,30
1355,139,2024-02-11 14:28:52,1,19,0.17,0,85,59
1356,2720,2024-02-16 09:25:30,1,1,0.25,0,42,23
1357,3229,2025-09-27 14:59:02,4,21,0.46,1,82,17
1358,204,2025-09-03 23:56:57,3,15,0.35,0,91,13
1359,1405,2025-03-29 23:57:52,5,30,0.1,0,73,47
1360,2034,2024-05-24 19:10:11,4,23,0.08,0,113,25
1361,271,2025-09-03 09:01:40,3,34,0.41,0,40,33
1362,1350,2025-06-01 20:14:14,2,6,0.11,0,22,20
1363,1948,2025-12-09 06:10:36,6,10,0.22,0,93,19
1364,391,2025-07-10 07:53:38,5,26,0.13,0,39,60
1365,4988,2025-09-10 17:37:30,9,22,0.16,1,37,7
1366,1839,2025-01-10 02:22:55,1,15,0.06,0,60,64
1367,3933,2024-12-31 23:56:15,3,16,0.19,0,53,36
1368,595,2024-02-01 14:05:23,12,12,0.3,0,58,20
1369,3681,2025-07-21 04:12:19,7,0,0.49,0,59,30
1370,2736,2024-10-25 19:03:49,7,50,0.31,0,54,37
1371,100,2025-11-21 06:36:55,5,18,0.26,0,53,52
1372,3414,2025-04-30 06:06:46,3,32,0.17,0,88,20
1373,252,2025-08-04 02:09:11,5,25,0.47,0,75,13
1374,271,2025-07-22 22:15:01,3,10,0.13,0,53,26
1375,1214,2025-09-01 23:23:23,5,25,0.6,0,40,44
1376,2674,2025-08-23 10:56:59,2,18,0.52,0,35,37
1377,251,2025-07-19 00:33:59,10,6,0.21,0,45,15
1378,3546,2024-03-05 21:48:59,3,20,0.11,0,80,37
1379,2290,2024-08-24 13:45:46,7,12,0.17,1,71,32
1380,787,2024-11-12 07:03:25,6,20,0.12,0,62,27
1381,1173,2024-09-10 03:30:20,3,20,0.24,0,80,0
1382,4751,2025-02-23 01:32:38,6,24,0.21,0,45,24
1383,4801,2025-01-11 07:46:57,2,22,0.09,0,64,27
1384,4670,2025-10-08 11:28:14,5,32,0.26,0,68,52
1385,4517,2024-09-23 14:50:11,8,19,0.22,0,37,29
1386,4233,2025-07-16 03:04:05,0,27,0.09,0,42,43
1387,1553,2025-03-05 12:22:21,4,24,0.49,0,75,19
1388,3410,2025-06-23 05:07:11,3,20,0.52,0,63,26
1389,2284,2025-01-02 00:47:51,1,25,0.36,0,62,20
1390,1666,2024-07-04 07:10:03,4,23,0.36,0,57,37
1391,357,2024-11-03 02:02:52,8,33,0.4,0,28,60
1392,2113,2024-12-29 23:06:55,3,16,0.44,0,45,58
1393,3375,2024-05-11 02:13:08,7,18,0.4,0,67,28
1394,4449,2025-06-29 11:29:44,5,9,0.25,0,33,61
1395,1070,2024-03-09 17:26:54,5,14,0.19,0,69,18
1396,2153,2025-03-27 20:56:15,0,37,0.36,0,69,26
1397,2310,2024-12-20 19:33:36,8,18,0.12,0,60,42
1398,1684,2024-11-24 16:29:04,4,23,0.23,0,50,24
1399,2212,2025-05-05 11:48:57,3,12,0.16,0,84,21
1400,2607,2025-03-05 20:51:29,8,25,0.19,0,65,4
1401,4330,2025-02-26 09:48:41,5,20,0.21,0,87,35
1402,2569,2024-08-11 15:48:53,9,24,0.12,0,13,35
1403,2108,2025-06-23 03:34:34,5,19,0.54,0,48,35
1404,3953,2024-11-22 17:23:02,1,23,0.1,0,78,14
1405,2730,2024-08-31 13:48:25,5,20,0.32,0,68,35
1406,1943,2024-12-02 20:04:39,10,12,0.42,0,52,7
1407,4016,2025-07-20 11:28:20,5,13,0.05,0,34,43
1408,1568,2025-08-02 16:52:20,5,0,0.21,0,86,49
1409,2751,2025-11-06 07:21:07,8,17,0.56,0,23,28
1410,2311,2024-08-19 10:36:56,5,20,0.37,0,67,35
1411,220,2025-07-21 22:27:30,6,13,0.43,0,42,35
1412,4055,2025-01-02 05:30:42,0,12,0.82,0,72,28
1413,2475,2024-11-16 16:55:28,9,5,0.31,0,69,33
1414,4586,2025-12-01 01:54:24,7,13,0.38,0,38,36
1415,1259,2025-01-07 10:21:08,3,13,0.19,0,38,39
1416,2115,2024-07-05 10:08:46,5,21,0.16,0,63,25
1417,1702,2024-09-01 08:41:00,3,23,0.11,0,70,25
1418,2557,2024-06-13 09:48:04,1,43,0.34,0,66,46
1419,327,2025-11-28 10:06:10,4,29,0.24,1,94,47
1420,3909,2025-03-26 01:00:22,6,13,0.13,0,42,47
1421,4549,2025-09-17 13:35:28,7,17,0.21,0,63,9
1422,1536,2025-03-16 13:54:05,4,15,0.37,1,22,57
1423,3646,2025-08-30 05:35:46,4,34,0.2,0,85,20
1424,998,2025-03-06 17:33:49,2,14,0.39,1,69,12
1425,654,2024-09-10 07:37:31,5,5,0.06,0,60,34
1426,3642,2025-03-22 08:09:00,3,11,0.42,0,51,64
1427,411,2024-03-16 14:18:21,0,10,0.04,0,53,48
1428,2163,2025-01-10 22:34:57,7,13,0.5,0,44,31
1429,4646,2024-11-02 15:26:05,6,19,0.7,0,43,62
1430,1446,2025-07-14 12:04:15,5,26,0.17,0,38,25
1431,2901,2024-04-03 14:32:35,5,21,0.21,0,75,16
1432,1222,2025-04-09 19:56:41,3,25,0.21,0,61,46
1433,4834,2025-11-22 00:54:07,6,11,0.12,0,31,37
1434,2610,2024-03-24 07:03:01,3,10,0.12,0,64,29
1435,3577,2025-11-16 21:13:17,10,11,0.44,0,55,50
1436,2094,2025-09-07 09:49:20,5,23,0.55,0,71,19
1437,3713,2025-08-24 12:50:43,4,5,0.37,0,59,35
1438,4925,2025-05-07 23:13:51,9,17,0.3,0,52,34
1439,479,2025-12-10 18:08:14,5,22,0.06,0,49,32
1440,4228,2024-11-05 05:01:19,3,24,0.45,0,49,26
1441,2241,2024-02-09 01:19:27,1,18,0.09,0,96,19
1442,4393,2025-03-26 09:38:58,1,31,0.5,0,71,36
1443,441,2024-08-07 03:08:40,10,19,0.29,0,48,31
1444,4703,2025-03-26 23:17:03,8,28,0.47,1,60,38
1445,294,2025-01-30 13:47:04,5,5,0.65,0,42,37
1446,86,2024-04-26 13:08:42,6,26,0.19,0,50,17
1447,3012,2024-09-29 05:13:29,2,17,0.16,0,43,45
1448,2300,2025-07-06 19:29:44,9,26,0.5,0,49,28
1449,3629,2025-12-02 21:55:40,4,33,0.47,0,57,7
1450,737,2025-05-30 17:53:09,5,23,0.42,0,45,37
1451,3918,2025-06-20 22:26:00,7,0,0.05,0,27,18
1452,3528,2025-08-25 20:59:33,3,0,0.28,0,81,33
1453,630,2024-07-02 23:59:15,6,12,0.23,0,84,3
1454,3927,2025-02-11 07:46:02,3,0,0.11,0,46,33
1455,789,2024-05-15 03:06:42,7,22,0.26,0,47,6
1456,504,2024-06-14 13:06:25,3,26,0.13,0,66,30
1457,1437,2024-07-13 19:25:33,5,0,0.17,0,81,44
1458,2604,2025-10-02 07:42:49,6,45,0.35,0,85,9
1459,2097,2025-10-31 16:46:52,7,25,0.21,0,51,12
1460,3301,2024-08-15 22:25:09,2,0,0.14,0,96,0
1461,4284,2024-06-11 20:20:57,5,49,0.32,0,106,43
1462,2704,2024-10-13 16:44:07,5,26,0.3,0,46,48
1463,1504,2024-03-29 01:08:24,5,30,0.19,0,69,30
1464,250,2025-12-16 10:30:58,4,0,0.41,0,59,29
1465,1478,2024-08-14 21:41:36,2,9,0.18,0,33,21
1466,1745,2024-06-18 21:48:44,4,18,0.29,0,45,23
1467,3985,2025-08-31 14:55:13,10,8,0.44,1,61,14
1468,3756,2024-10-10 13:54:49,4,11,0.37,0,45,19
1469,2374,2024-05-26 05:51:05,0,31,0.28,0,43,28
1470,1053,2024-08-18 03:52:50,4,23,0.47,0,52,26
1471,4111,2024-12-03 07:58:41,11,1,0.61,0,36,32
1472,958,2025-10-25 18:16:14,6,4,0.55,0,111,46
1473,1730,2025-06-05 04:53:39,4,15,0.36,0,48,21
1474,2798,2025-02-26 10:29:15,10,28,0.24,0,39,27
1475,4314,2025-03-12 02:14:32,4,24,0.24,0,93,30
1476,4141,2024-03-21 13:29:08,4,13,0.26,0,54,36
1477,3530,2025-03-03 22:39:24,9,15,0.09,0,47,35
1478,3699,2024-07-11 19:24:25,1,11,0.47,0,80,50
1479,2573,2024-03-10 13:36:14,5,0,0.54,0,75,16
1480,3414,2024-12-28 04:34:13,4,19,0.18,0,69,33
1481,4342,2025-06-18 07:00:24,1,20,0.14,0,54,37
1482,4302,2025-09-23 04:20:47,3,27,0.13,0,78,38
1483,3405,2025-03-10 21:12:49,5,26,0.43,0,64,47
1484,3050,2025-08-16 11:54:55,6,13,0.47,0,110,35
1485,2926,2024-02-06 07:48:04,2,29,0.41,1,97,42
1486,2195,2024-06-14 09:21:49,2,21,0.22,0,50,11
1487,2702,2024-07-07 08:52:42,3,32,0.43,0,86,64
1488,3085,2025-01-20 07:41:15,6,27,0.35,0,72,29
1489,4329,2024-08-01 11:55:01,5,9,0.13,1,41,12
1490,3182,2025-01-19 22:46:29,6,19,0.3,1,48,21
1491,96,2025-05-21 07:13:35,5,16,0.17,0,34,55
1492,3222,2025-10-28 02:52:15,5,0,0.59,0,90,17
1493,1561,2024-04-22 06:55:47,6,29,0.62,0,53,55
1494,4499,2025-06-10 21:14:27,5,17,0.3,0,31,30
1495,3633,2024-05-23 12:49:47,5,17,0.38,1,69,46
1496,4888,2025-10-13 20:01:06,0,6,0.19,1,48,3
1497,2008,2025-07-14 18:17:51,3,38,0.51,0,42,22
1498,2886,2025-10-14 04:41:32,3,27,0.16,0,34,35
1499,3808,2024-03-15 20:04:15,4,16,0.04,1,45,22
1500,3244,2024-05-03 22:33:03,7,8,0.32,0,51,28
1501,1777,2024-10-27 23:58:03,4,19,0.42,0,15,22
1502,1042,2025-12-07 02:12:20,2,18,0.15,0,38,18
1503,3728,2024-11-03 05:45:00,9,33,0.44,0,67,31
1504,3854,2024-02-14 17:26:12,7,21,0.31,1,73,49
1505,1482,2025-05-16 19:10:05,3,9,0.12,0,59,27
1506,719,2025-02-18 03:42:26,3,20,0.53,0,61,0
1507,3676,2024-05-05 03:33:31,1,33,0.28,0,64,19
1508,2485,2025-11-27 01:06:12,0,33,0.25,0,64,3
1509,4390,2024-04-21 07:26:02,6,15,0.25,0,74,13
1510,730,2025-07-08 01:33:44,1,10,0.34,1,57,21
1511,2308,2025-08-14 01:42:47,8,23,0.38,0,71,14
1512,2745,2024-06-09 15:44:21,10,13,0.12,0,61,30
1513,2971,2025-11-28 19:33:37,5,30,0.29,0,69,42
1514,2687,2024-02-14 04:16:36,5,28,0.26,0,69,30
1515,3801,2024-05-19 18:02:15,5,11,0.54,0,85,53
1516,2652,2025-09-29 18:13:21,4,20,0.32,0,83,43
1517,2719,2024-11-24 03:04:19,5,33,0.14,0,66,12
1518,1042,2025-05-31 15:48:42,8,23,0.35,0,81,13
1519,3746,2025-05-28 02:11:00,8,24,0.09,0,42,38
1520,2716,2025-06-27 01:48:48,0,16,0.21,0,75,34
1521,4594,2025-11-15 06:43:12,6,2,0.25,0,69,11
1522,3902,2025-07-29 16:26:04,3,4,0.22,0,54,22
1523,1190,2024-09-13 15:41:12,8,9,0.45,0,39,37
1524,1318,2024-04-13 18:57:33,5,22,0.26,0,14,22
1525,314,2025-10-12 18:03:27,3,13,0.26,0,33,11
1526,2552,2024-08-12 04:15:00,4,10,0.07,0,78,40
1527,3210,2025-12-10 16:52:40,2,11,0.11,0,67,30
1528,3453,2024-09-27 02:38:56,10,14,0.17,0,37,42
1529,4197,2024-07-10 04:25:50,5,10,0.47,1,80,28
1530,3962,2024-07-23 08:36:19,3,24,0.15,0,35,19
1531,4308,2024-04-28 23:08:21,6,8,0.21,0,54,37
1532,3184,2025-11-26 10:07:28,3,32,0.06,0,61,43
1533,1761,2025-04-07 23:25:25,1,5,0.68,0,61,11
1534,3893,2024-07-31 02:12:58,5,25,0.26,0,45,0
1535,882,2024-07-07 02:33:42,4,23,0.53,0,43,18
1536,1375,2025-07-11 19:31:53,8,22,0.29,0,27,0
1537,3854,2024-08-28 11:52:34,8,11,0.28,0,70,38
1538,1524,2025-05-10 09:47:30,8,4,0.41,0,58,3
1539,425,2025-04-17 20:09:02,6,18,0.4,0,55,5
1540,1743,2024-03-23 23:54:45,8,15,0.26,0,69,19
1541,307,2025-05-21 08:39:02,0,10,0.31,0,78,22
1542,4442,2024-05-16 20:51:17,3,15,0.38,0,65,39
1543,4978,2024-11-07 08:03:22,0,29,0.17,1,108,63
1544,3417,2025-04-14 09:05:51,1,28,0.74,0,98,30
1545,273,2025-10-07 18:59:24,4,23,0.26,0,58,51
1546,4715,2025-02-07 12:48:15,6,11,0.41,0,60,34
1547,1,2024-03-08 13:22:40,3,17,0.26,0,75,0
1548,1825,2025-04-25 21:22:11,9,45,0.52,0,57,23
1549,424,2025-07-18 17:37:58,0,13,0.57,1,35,21
1550,2134,2025-07-23 16:29:58,4,32,0.11,0,62,27
1551,2235,2024-10-06 09:00:57,6,22,0.28,0,87,32
1552,3258,2024-07-10 07:37:59,10,14,0.51,0,47,7
1553,891,2024-02-06 13:31:38,1,32,0.38,0,65,35
1554,4788,2025-05-02 10:47:56,11,11,0.25,0,88,14
1555,4979,2025-07-24 23:28:33,0,20,0.06,1,25,33
1556,1077,2024-12-04 22:33:34,5,11,0.29,1,105,26
1557,477,2024-11-01 03:17:59,6,16,0.13,0,29,22
1558,1572,2024-12-17 18:18:38,6,31,0.48,1,55,10
1559,512,2024-02-12 01:23:53,2,12,0.22,1,40,51
1560,1285,2025-09-08 21:53:12,2,7,0.12,0,71,47
1561,1086,2024-05-03 07:52:05,8,7,0.25,0,93,17
1562,1780,2024-06-21 12:09:52,7,16,0.25,0,53,42
1563,2011,2024-05-21 10:43:33,2,20,0.58,1,76,28
1564,3529,2024-05-11 06:07:32,7,19,0.29,0,79,5
1565,4623,2024-03-23 14:58:04,4,19,0.55,0,71,17
1566,4775,2025-05-22 02:57:35,3,38,0.35,0,51,36
1567,4309,2025-08-30 22:51:07,0,30,0.61,0,45,40
1568,4887,2025-05-27 10:29:19,4,9,0.27,0,64,0
1569,1775,2025-03-10 04:19:38,2,25,0.37,0,47,42
1570,3359,2025-05-19 11:54:13,0,23,0.23,0,100,22
1571,2312,2025-02-06 20:28:26,0,14,0.22,0,65,23
1572,4216,2024-01-25 11:04:29,3,3,0.19,0,87,40
1573,54,2024-04-22 05:32:50,2,11,0.1,0,44,16
1574,2899,2024-05-17 13:31:17,5,8,0.34,0,61,16
1575,4831,2024-06-28 09:33:35,4,10,0.37,0,50,22
1576,4266,2024-07-09 17:01:27,9,28,0.5,0,54,1
1577,2004,2025-01-12 13:00:22,1,25,0.29,0,46,53
1578,1532,2024-03-12 16:23:41,6,19,0.22,1,57,23
1579,4068,2025-03-25 16:13:01,6,4,0.29,0,40,5
1580,1379,2024-06-09 00:49:07,5,15,0.41,1,60,31
1581,1810,2025-05-31 08:03:36,5,17,0.08,0,79,27
1582,1525,2024-07-06 16:22:58,5,21,0.28,0,47,14
1583,4167,2025-05-21 11:31:11,7,4,0.02,0,34,23
1584,2645,2024-03-21 13:05:30,3,11,0.48,1,73,27
1585,2963,2025-12-02 07:31:32,9,9,0.55,0,50,0
1586,895,2025-02-13 16:51:02,7,21,0.31,0,43,14
1587,2638,2024-05-13 08:52:13,0,15,0.2,0,66,22
1588,3948,2024-07-12 10:57:05,6,12,0.11,1,53,44
1589,4104,2024-09-18 08:39:11,4,12,0.21,0,48,45
1590,2988,2025-05-27 19:58:54,3,10,0.39,0,62,19
1591,4760,2025-05-28 20:33:35,7,26,0.2,0,50,7
1592,134,2024-07-08 05:12:39,0,28,0.4,0,76,31
1593,2565,2024-09-22 16:50:32,4,15,0.12,0,65,5
1594,432,2025-09-06 09:12:39,3,18,0.33,0,80,49
1595,307,2025-03-06 23:01:44,3,27,0.12,1,42,25
1596,4821,2024-12-10 12:44:18,5,16,0.08,0,78,8
1597,1246,2024-04-13 15:15:37,1,14,0.16,0,56,43
1598,51,2024-01-27 09:13:28,5,13,0.09,0,56,41
1599,448,2024-06-26 07:49:50,8,39,0.4,0,12,30
1600,3342,2025-07-28 00:25:41,7,18,0.64,0,65,19
1601,2691,2024-06-21 17:50:57,1,21,0.37,0,29,43
1602,2953,2024-02-05 21:19:58,6,22,0.49,0,65,58
1603,1286,2025-04-21 20:12:19,4,14,0.12,0,71,35
1604,4576,2025-10-19 01:07:31,10,17,0.26,0,66,43
1605,1510,2024-03-20 17:27:38,5,28,0.6,0,69,32
1606,1210,2024-01-25 17:23:35,3,18,0.08,0,75,29
1607,38,2024-03-25 21:46:33,6,31,0.43,1,70,39
1608,198,2025-07-05 06:55:31,3,21,0.29,0,77,28
1609,1749,2024-11-20 18:05:31,10,22,0.54,0,30,41
1610,4395,2024-11-04 11:08:59,8,8,0.55,0,64,30
1611,3072,2025-02-27 14:21:47,1,26,0.04,0,51,19
1612,4625,2024-07-03 12:50:30,5,9,0.53,0,73,54
1613,3946,2025-08-06 15:22:41,4,17,0.19,0,37,37
1614,4032,2025-04-24 15:12:06,0,27,0.3,0,51,38
1615,1790,2025-07-20 21:54:46,5,20,0.34,0,44,46
1616,820,2024-05-18 14:32:39,4,22,0.21,0,47,13
1617,3064,2024-05-28 14:50:03,10,21,0.47,0,54,40
1618,2450,2024-08-31 00:57:45,4,23,0.44,0,78,2
1619,1600,2024-09-06 21:23:38,4,27,0.23,0,57,49
1620,1169,2024-08-26 00:26:26,5,10,0.5,0,64,21
1621,1712,2025-03-16 18:49:27,8,32,0.3,0,71,40
1622,2850,2024-04-25 14:21:39,5,15,0.07,0,60,7
1623,2599,2024-04-24 04:08:18,11,26,0.49,0,49,65
1624,3073,2024-03-17 06:43:48,2,20,0.63,0,93,29
1625,3689,2025-05-24 09:16:22,0,10,0.06,0,66,21
1626,4284,2025-05-15 18:51:21,5,15,0.16,0,58,31
1627,1857,2024-03-21 21:06:11,7,23,0.1,0,62,8
1628,1741,2024-10-08 12:59:27,5,20,0.67,0,17,28
1629,3458,2024-06-10 02:03:22,2,8,0.46,0,45,19
1630,927,2024-02-25 18:48:49,5,25,0.17,0,75,40
1631,624,2025-08-16 21:41:04,0,21,0.3,0,73,38
1632,4057,2025-12-05 16:06:37,0,13,0.21,0,72,17
1633,4028,2024-02-27 18:25:41,0,4,0.17,0,83,18
1634,228,2025-04-10 23:44:23,3,32,0.3,0,45,43
1635,3062,2025-04-20 03:16:50,4,25,0.13,0,73,40
1636,1358,2024-04-27 01:10:58,0,39,0.6,0,71,40
1637,4421,2024-05-02 04:55:37,8,25,0.42,1,30,37
1638,2650,2025-11-13 06:35:04,7,10,0.2,0,72,23
1639,1552,2025-12-19 08:44:57,3,19,0.36,0,62,29
1640,3005,2024-06-26 16:42:53,1,7,0.28,0,48,13
1641,1098,2024-05-08 04:36:46,2,10,0.76,0,90,15
1642,4070,2025-09-18 16:22:28,5,26,0.24,0,93,21
1643,2155,2025-06-07 13:28:12,8,24,0.13,0,60,29
1644,3072,2024-02-21 08:47:15,2,21,0.01,0,77,55
1645,3982,2024-05-04 22:29:25,5,30,0.53,0,53,35
1646,1520,2024-03-28 14:57:27,0,22,0.24,0,66,27
1647,1799,2025-04-22 02:34:48,5,29,0.35,0,41,38
1648,1612,2024-07-13 06:58:35,3,18,0.74,0,60,4
1649,2773,2025-06-03 03:00:14,4,23,0.21,0,48,26
1650,783,2024-07-15 16:48:10,5,6,0.42,0,80,2
1651,3009,2025-07-19 17:58:56,3,27,0.6,1,29,26
1652,817,2024-08-05 13:41:40,0,15,0.17,0,54,18
1653,4241,2025-11-25 17:08:39,2,28,0.21,0,54,40
1654,4165,2024-07-15 00:24:47,3,3,0.58,0,29,6
1655,3235,2025-08-13 08:45:35,4,40,0.09,0,79,54
1656,2565,2024-02-17 17:28:36,0,15,0.32,0,91,21
1657,462,2024-09-07 17:19:04,7,19,0.07,0,37,27
1658,4794,2024-06-05 14:09:44,7,36,0.05,0,87,27
1659,1884,2025-10-14 09:13:42,5,6,0.19,0,53,30
1660,1730,2025-12-08 18:42:08,3,12,0.23,1,74,7
1661,324,2025-08-08 21:41:11,3,10,0.37,1,24,16
1662,2337,2025-07-13 17:49:43,8,37,0.26,0,47,31
1663,955,2024-03-14 22:44:27,2,0,0.29,0,79,31
1664,4960,2024-07-07 20:35:14,6,24,0.13,0,60,15
1665,4018,2025-04-10 06:23:24,2,12,0.25,0,56,46
1666,2912,2024-02-12 10:18:02,7,12,0.12,0,55,29
1667,1899,2025-11-15 00:35:25,0,23,0.57,1,63,55
1668,2135,2024-03-15 11:31:55,3,14,0.17,0,44,17
1669,3668,2025-01-16 22:25:34,9,33,0.12,0,44,49
1670,680,2024-11-03 18:07:19,4,30,0.35,0,23,58
1671,93,2025-09-24 05:50:30,5,17,0.18,0,60,29
1672,561,2025-09-23 13:44:47,7,15,0.12,0,39,6
1673,13,2024-10-19 04:33:40,10,11,0.28,0,53,0
1674,2590,2025-10-06 14:52:14,3,30,0.53,1,73,32
1675,836,2024-05-13 06:53:54,6,32,0.19,0,56,31
1676,4073,2024-07-30 04:53:21,1,32,0.19,0,70,5
1677,3337,2024-03-08 00:15:06,4,19,0.14,1,42,14
1678,4488,2025-02-17 11:24:30,4,8,0.45,0,74,2
1679,2122,2024-08-05 03:41:01,5,37,0.67,0,75,56
1680,589,2024-05-27 15:44:29,3,16,0.32,0,65,45
1681,390,2024-07-20 07:51:21,10,10,0.29,0,52,19
1682,2879,2025-10-03 13:47:17,6,24,0.06,0,81,33
1683,3960,2025-04-09 01:27:09,7,10,0.73,0,38,31
1684,2166,2025-09-23 14:40:54,3,30,0.34,0,54,14
1685,3017,2024-02-05 05:57:06,2,18,0.15,0,42,28
1686,2252,2024-10-28 22:53:42,5,4,0.21,0,61,25
1687,2871,2025-07-27 12:30:12,8,18,0.14,0,98,12
1688,1191,2024-09-15 10:59:29,5,27,0.23,1,66,32
1689,2644,2025-11-16 07:41:50,5,26,0.3,0,50,9
1690,3753,2025-07-23 09:49:07,4,18,0.45,0,39,25
1691,4470,2025-11-27 17:03:39,1,30,0.4,0,85,42
1692,2408,2025-08-20 03:26:09,4,3,0.29,0,67,14
1693,468,2025-08-08 14:26:19,2,10,0.15,0,44,27
1694,151,2025-09-24 00:44:03,7,22,0.41,0,25,35
1695,3642,2025-09-24 04:37:00,0,28,0.47,0,78,3
1696,1373,2024-04-06 20:23:09,3,13,0.36,0,55,36
1697,4400,2024-11-20 04:13:31,3,29,0.25,0,43,40
1698,4354,2025-05-10 01:07:40,4,36,0.28,0,79,0
1699,1870,2025-06-11 07:34:43,3,16,0.43,0,66,42
1700,3359,2024-08-30 13:59:42,7,17,0.07,0,53,60
1701,2938,2025-12-08 20:23:39,1,26,0.28,0,43,55
1702,3641,2024-07-31 21:54:53,3,23,0.43,0,72,30
1703,251,2024-12-04 10:54:09,8,20,0.27,1,67,17
1704,3980,2024-06-23 02:55:20,0,5,0.21,0,48,23
1705,2808,2024-09-30 05:41:16,9,29,0.2,0,62,32
1706,1356,2025-08-06 01:56:14,4,0,0.16,0,74,32
1707,253,2025-12-10 21:37:33,3,19,0.47,0,72,37
1708,892,2024-12-07 19:57:29,5,14,0.05,0,75,48
1709,1817,2024-08-11 13:41:10,7,0,0.32,0,21,33
1710,1307,2024-08-07 19:01:36,7,19,0.32,0,67,41
1711,4446,2024-10-30 02:47:35,7,26,0.53,0,43,0
1712,278,2024-06-30 23:13:38,3,21,0.3,0,36,21
1713,1272,2025-10-11 07:28:35,9,22,0.21,0,52,59
1714,4736,2024-03-10 14:03:28,7,14,0.31,0,92,33
1715,297,2025-11-01 02:47:43,6,14,0.2,0,61,36
1716,3049,2024-09-22 13:35:06,6,22,0.32,0,58,29
1717,535,2024-12-07 01:44:35,5,9,0.05,0,77,52
1718,2674,2024-12-15 11:41:23,6,20,0.38,1,54,37
1719,404,2024-11-20 11:49:39,4,17,0.31,0,84,12
1720,4601,2025-10-10 22:33:30,5,24,0.19,0,39,37
1721,1994,2025-05-15 18:28:27,3,44,0.23,0,35,17
1722,2125,2024-01-28 06:20:31,4,23,0.09,1,45,24
1723,2329,2025-12-09 06:50:29,2,28,0.52,0,73,24
1724,1748,2024-11-30 09:44:53,5,24,0.35,0,51,63
1725,4118,2025-06-18 01:47:58,2,25,0.51,1,63,28
1726,304,2024-12-21 05:41:27,4,0,0.12,0,67,23
1727,1410,2024-02-11 02:03:42,6,35,0.41,0,41,24
1728,4455,2024-01-24 20:17:27,1,16,0.29,0,69,39
1729,3098,2025-01-28 17:06:41,2,17,0.23,0,73,30
1730,4178,2024-05-04 07:20:29,5,15,0.12,0,61,25
1731,1707,2024-05-18 03:57:21,4,19,0.21,0,20,22
1732,419,2024-02-15 22:27:40,6,21,0.25,0,26,31
1733,2660,2024-12-09 04:29:20,5,32,0.42,0,33,0
1734,330,2025-11-23 09:24:58,6,13,0.23,0,69,46
1735,3529,2024-03-27 14:45:41,7,18,0.46,0,52,5
1736,2582,2025-01-13 14:25:26,5,22,0.23,0,42,13
1737,1811,2025-09-20 10:29:06,7,15,0.27,0,82,37
1738,3097,2025-10-03 11:07:56,8,12,0.1,0,55,37
1739,3727,2024-02-04 09:11:05,0,14,0.13,0,74,40
1740,329,2025-01-14 02:05:56,7,9,0.26,0,65,51
1741,1823,2024-06-25 21:52:26,2,16,0.48,0,71,50
1742,3332,2024-12-04 06:31:34,3,7,0.3,0,45,35
1743,2196,2024-02-28 18:17:10,5,32,0.12,0,98,52
1744,2887,2024-09-02 22:33:47,1,18,0.32,0,49,23
1745,679,2025-11-27 07:34:24,8,27,0.4,0,61,10
1746,3818,2025-02-18 03:22:10,14,29,0.22,0,90,13
1747,4284,2025-08-20 19:38:50,1,26,0.47,0,40,37
1748,4640,2025-06-05 02:41:13,4,11,0.35,0,39,25
1749,2646,2025-12-06 18:14:27,6,16,0.26,0,59,24
1750,891,2024-07-01 01:37:46,8,30,0.41,0,39,43
1751,3364,2025-01-02 15:46:52,3,12,0.13,0,38,6
1752,3901,2025-12-01 06:05:52,9,15,0.13,0,68,27
1753,3902,2024-07-06 00:35:12,6,11,0.37,0,67,27
1754,1243,2024-04-23 19:43:25,5,25,0.45,0,77,37
1755,79,2024-08-07 06:13:19,1,26,0.2,0,79,45
1756,4298,2025-10-18 16:11:45,7,20,0.52,1,80,36
1757,849,2025-03-05 16:20:05,11,22,0.08,0,95,43
1758,1999,2025-10-17 10:37:07,0,37,0.3,0,59,23
1759,4889,2024-02-05 14:22:58,6,20,0.71,0,52,55
1760,4596,2025-11-22 10:42:52,4,19,0.45,0,89,23
1761,1553,2025-09-19 04:59:23,7,23,0.26,0,47,32
1762,3046,2025-09-26 14:00:52,3,41,0.14,0,50,22
1763,2693,2025-02-11 22:47:40,4,28,0.12,0,39,43
1764,252,2025-06-29 22:18:12,5,27,0.27,0,47,35
1765,1638,2025-05-10 00:33:06,0,18,0.2,0,89,11
1766,4307,2025-06-02 02:48:47,8,21,0.43,1,66,41
1767,4407,2025-07-24 13:38:22,2,14,0.51,0,88,40
1768,2211,2025-09-20 05:33:24,7,13,0.73,1,73,66
1769,200,2024-12-25 00:49:53,4,9,0.46,0,94,29
1770,3161,2025-09-01 16:43:55,5,11,0.34,0,82,58
1771,3842,2025-05-31 01:14:02,10,18,0.17,0,43,42
1772,4814,2024-05-24 15:57:51,4,20,0.31,0,50,28
1773,299,2025-02-07 10:35:58,0,7,0.31,0,41,13
1774,2191,2025-04-13 04:42:21,0,17,0.32,0,58,32
1775,3856,2024-06-17 09:18:06,3,20,0.11,0,92,40
1776,1944,2024-05-01 10:35:32,4,19,0.21,0,69,28
1777,3495,2025-06-04 13:24:07,0,36,0.25,0,55,42
1778,4739,2024-09-06 10:06:39,6,8,0.17,0,52,8
1779,2419,2025-03-02 18:14:39,3,32,0.08,0,89,4
1780,1197,2025-03-01 18:50:09,2,18,0.36,0,71,54
1781,3983,2025-05-15 21:12:03,6,13,0.47,0,81,3
1782,2017,2025-08-09 01:21:57,4,29,0.36,0,49,45
1783,842,2025-08-07 14:30:56,8,15,0.4,0,56,0
1784,3789,2025-12-15 19:08:49,3,24,0.47,0,64,13
1785,148,2024-03-21 16:49:02,5,17,0.11,0,88,52
1786,2895,2025-02-28 03:59:29,5,31,0.13,1,34,61
1787,4841,2025-09-30 20:34:05,8,31,0.44,0,73,11
1788,1500,2024-03-30 20:07:51,3,26,0.26,0,69,30
1789,1615,2025-10-14 08:50:14,5,6,0.6,0,68,32
1790,2113,2025-11-30 00:11:51,6,17,0.44,0,64,54
1791,4094,2024-03-20 10:40:29,6,21,0.22,0,61,61
1792,4984,2024-06-22 21:02:27,2,20,0.05,0,79,40
1793,1515,2024-08-22 11:59:27,5,30,0.3,0,52,44
1794,3737,2024-02-24 20:38:41,5,14,0.06,0,85,13
1795,719,2025-09-05 13:30:06,5,12,0.12,0,57,1
1796,4830,2025-11-23 16:45:47,6,27,0.39,0,56,22
1797,4154,2025-07-15 04:21:10,2,25,0.25,0,68,38
1798,455,2024-02-28 16:58:46,5,16,0.32,1,68,56
1799,4396,2025-06-24 16:02:46,2,34,0.36,0,63,28
1800,345,2024-01-29 14:15:39,4,19,0.37,0,80,42
1801,1901,2024-07-15 08:29:40,3,6,0.21,0,37,6
1802,188,2024-12-04 12:08:39,2,4,0.29,0,14,51
1803,1889,2025-06-02 23:48:04,7,36,0.33,0,60,34
1804,4524,2025-02-09 01:27:09,4,31,0.25,0,71,28
1805,1005,2025-09-27 21:43:43,6,11,0.29,0,91,35
1806,3396,2024-06-29 20:45:04,8,18,0.19,0,47,35
1807,2642,2024-05-29 10:33:39,0,30,0.35,0,68,64
1808,1283,2024-09-05 15:12:59,5,11,0.24,0,66,25
1809,4769,2025-12-11 14:02:53,2,26,0.33,0,85,18
1810,2824,2025-12-09 03:15:45,6,28,0.64,0,89,35
1811,2065,2025-11-02 17:19:55,5,9,0.24,0,42,19
1812,1014,2024-08-16 16:09:33,7,21,0.1,0,63,38
1813,4830,2025-12-22 04:27:45,11,12,0.08,0,21,36
1814,3018,2025-05-21 00:05:08,11,16,0.13,0,51,41
1815,3242,2024-09-27 06:59:13,4,8,0.37,0,70,39
1816,1557,2025-03-26 19:16:53,3,29,0.41,1,53,46
1817,741,2024-07-17 10:09:14,7,13,0.2,0,46,46
1818,3175,2024-04-13 03:35:05,0,29,0.35,0,31,24
1819,2646,2024-10-20 21:34:14,7,22,0.35,0,61,52
1820,667,2024-08-25 08:50:43,5,17,0.26,0,60,31
1821,4634,2025-07-27 17:32:29,8,13,0.43,0,81,36
1822,1271,2024-11-02 19:23:11,0,5,0.28,0,53,9
1823,841,2024-07-27 03:50:12,6,16,0.15,0,43,18
1824,96,2025-04-06 16:58:02,9,23,0.34,1,39,46
1825,1436,2025-05-18 16:23:09,13,8,0.13,0,65,18
1826,4115,2025-10-04 17:16:57,6,25,0.19,0,69,11
1827,2035,2025-12-02 13:38:27,2,26,0.39,0,49,33
1828,4016,2025-03-26 04:51:13,2,26,0.25,0,33,29
1829,3247,2025-02-22 16:45:03,8,23,0.33,0,72,18
1830,1693,2024-12-05 00:43:51,5,14,0.26,0,35,48
1831,3760,2024-02-13 17:22:14,7,25,0.25,0,79,21
1832,828,2025-08-09 09:06:49,6,17,0.2,0,53,57
1833,2553,2024-07-14 13:13:40,6,26,0.13,0,98,28
1834,301,2024-02-03 12:05:39,6,16,0.16,0,61,35
1835,2760,2025-12-12 00:23:18,2,45,0.07,0,56,28
1836,3469,2025-07-26 19:10:09,9,36,0.22,1,58,20
1837,3019,2025-06-14 21:42:39,2,16,0.03,0,87,31
1838,713,2025-03-05 04:55:15,10,10,0.26,0,54,34
1839,325,2024-03-03 23:09:21,4,8,0.53,0,87,13
1840,1575,2025-08-12 11:21:05,2,30,0.23,0,32,52
1841,2291,2025-04-30 11:12:50,6,23,0.19,0,67,25
1842,4229,2025-08-26 21:54:28,4,13,0.32,0,31,25
1843,4883,2025-03-12 15:22:18,0,0,0.31,0,47,19
1844,214,2024-01-30 19:20:33,6,27,0.62,1,52,21
1845,3817,2024-10-14 18:55:02,1,21,0.3,0,67,35
1846,1365,2025-10-10 16:14:02,5,35,0.11,0,45,33
1847,876,2025-04-05 07:49:51,7,15,0.43,0,63,42
1848,4832,2025-09-02 15:08:52,8,16,0.44,0,69,35
1849,196,2025-11-19 12:02:03,7,6,0.28,0,50,37
1850,586,2025-05-31 20:40:59,3,21,0.16,0,93,20
1851,2791,2024-11-29 07:21:43,10,33,0.28,0,42,26
1852,585,2024-09-08 23:20:37,7,29,0.16,0,61,39
1853,957,2025-07-03 07:46:26,5,19,0.37,0,62,8
1854,4518,2024-03-22 05:36:48,9,12,0.41,0,65,15
1855,4492,2024-03-26 06:04:03,1,12,0.37,0,46,42
1856,4507,2024-10-11 18:29:46,7,8,0.13,0,55,46
1857,711,2025-02-01 12:09:40,8,33,0.33,0,33,37
1858,3562,2024-07-11 14:34:46,0,28,0.46,0,64,5
1859,3523,2025-07-09 08:13:01,6,1,0.33,0,16,13
1860,3473,2025-02-08 18:30:44,4,41,0.41,0,65,32
1861,2278,2024-12-13 14:14:23,6,12,0.25,1,51,41
1862,3201,2024-12-28 09:43:57,2,13,0.03,0,33,29
1863,2670,2025-01-12 21:21:54,8,0,0.24,0,30,36
1864,3091,2025-03-14 08:19:25,6,41,0.64,0,62,21
1865,3111,2024-10-20 17:05:45,9,27,0.21,1,67,29
1866,2855,2024-05-11 17:36:20,2,0,0.24,1,55,40
1867,433,2025-02-21 01:09:56,3,12,0.17,0,30,8
1868,4659,2024-11-22 20:34:51,7,28,0.68,0,50,65
1869,1866,2024-12-09 02:25:12,5,22,0.28,0,75,36
1870,2778,2024-07-15 10:47:29,3,12,0.66,0,46,32
1871,4964,2024-11-20 03:14:24,5,31,0.51,0,74,27
1872,3517,2024-10-11 00:55:11,5,24,0.48,0,45,16
1873,1450,2024-06-09 10:54:01,4,16,0.17,0,47,64
1874,2710,2024-08-06 11:09:12,0,21,0.03,0,63,26
1875,1187,2025-04-10 19:44:56,7,42,0.14,0,42,52
1876,2238,2024-10-09 19:49:27,6,20,0.32,1,63,18
1877,2765,2024-07-25 01:52:04,2,23,0.34,0,72,35
1878,2938,2024-11-11 18:14:11,8,6,0.27,0,49,48
1879,3966,2024-03-08 12:25:39,1,38,0.23,1,61,39
1880,2205,2025-08-04 13:18:10,3,0,0.29,0,75,28
1881,4319,2025-04-22 18:14:21,9,10,0.34,0,77,27
1882,2056,2024-11-02 19:41:36,5,18,0.42,0,74,25
1883,1953,2024-10-21 02:59:27,7,9,0.44,0,78,13
1884,63,2024-05-13 04:27:44,2,13,0.29,0,59,35
1885,2081,2024-08-09 05:58:00,9,6,0.2,0,65,32
1886,2718,2025-11-26 09:44:54,4,29,0.16,0,90,42
1887,2282,2024-11-11 09:46:37,10,13,0.16,0,48,39
1888,3466,2025-06-06 18:18:16,7,19,0.52,0,22,2
1889,1445,2024-08-08 21:03:32,5,21,0.05,1,46,29
1890,3401,2024-12-14 01:11:29,3,20,0.11,0,62,12
1891,4135,2024-01-27 23:25:42,5,22,0.15,0,67,21
1892,1740,2025-10-12 01:40:05,4,26,0.28,0,82,46
1893,2650,2025-11-06 20:23:13,8,29,0.08,0,65,64
1894,4291,2024-05-27 16:33:08,4,34,0.3,0,49,47
1895,1959,2025-03-16 20:35:12,8,26,0.13,0,67,26
1896,1285,2024-11-19 04:18:15,4,30,0.12,0,77,38
1897,2055,2024-04-23 18:43:04,6,0,0.75,0,98,39
1898,1436,2025-09-28 22:37:01,7,20,0.15,0,35,28
1899,1898,2024-09-24 18:26:18,4,29,0.41,0,36,32
1900,3517,2025-05-19 06:21:35,6,20,0.37,0,71,50
1901,3547,2025-02-12 16:48:25,9,26,0.43,0,60,26
1902,916,2024-02-20 19:09:08,7,20,0.28,0,66,33
1903,4283,2024-02-13 13:35:58,2,23,0.33,0,18,34
1904,16,2025-02-08 20:32:19,0,20,0.11,0,82,28
1905,3109,2025-03-02 09:50:36,3,14,0.09,0,63,4
1906,3727,2024-02-04 03:00:58,6,22,0.24,0,51,38
1907,548,2025-01-28 02:50:19,8,15,0.19,0,61,50
1908,786,2024-01-29 12:33:56,2,22,0.13,1,48,0
1909,4252,2025-02-18 06:49:23,4,15,0.48,0,89,41
1910,2162,2025-12-02 04:22:57,3,21,0.4,0,72,41
1911,2895,2024-03-06 17:04:16,5,12,0.29,0,41,21
1912,2408,2025-10-27 22:45:15,6,7,0.4,0,90,23
1913,1829,2024-07-09 00:19:30,3,45,0.15,0,100,22
1914,2998,2025-01-14 14:05:48,7,4,0.22,0,60,20
1915,1564,2025-08-11 00:00:41,5,15,0.33,0,38,58
1916,2173,2025-01-15 14:39:52,6,28,0.12,0,72,9
1917,2890,2025-08-30 16:25:55,3,35,0.3,0,68,0
1918,1147,2025-08-23 09:07:05,5,21,0.22,0,69,41
1919,1749,2024-10-22 13:52:58,6,19,0.32,0,63,13
1920,3872,2024-07-12 20:33:29,0,17,0.61,0,63,30
1921,1076,2025-10-31 15:56:09,0,26,0.47,0,81,38
1922,1290,2025-11-04 08:11:35,8,21,0.1,0,58,0
1923,3461,2025-01-15 22:09:28,1,20,0.45,0,76,0
1924,2310,2025-08-31 02:13:51,4,31,0.22,0,27,33
1925,4462,2024-08-10 02:08:56,1,22,0.24,0,24,59
1926,233,2025-07-27 03:39:43,4,21,0.2,0,77,31
1927,225,2025-07-30 12:01:22,0,21,0.59,0,36,0
1928,900,2025-07-10 05:04:34,5,25,0.09,0,68,38
1929,4039,2024-07-03 06:21:23,2,33,0.35,0,80,52
1930,671,2024-05-01 02:32:52,6,9,0.33,0,52,21
1931,651,2024-01-24 05:50:38,0,30,0.09,0,54,55
1932,2128,2024-08-29 22:42:05,5,18,0.38,0,70,26
1933,4811,2024-07-22 17:53:58,5,32,0.21,0,61,9
1934,2054,2024-08-21 05:32:40,9,27,0.32,0,69,25
1935,2059,2024-11-05 18:25:24,5,42,0.11,1,87,46
1936,824,2024-03-12 03:08:19,6,22,0.27,0,68,38
1937,2107,2025-02-23 12:00:01,0,28,0.23,0,21,33
1938,4222,2024-06-06 20:40:01,0,21,0.59,0,17,0
1939,4549,2024-12-10 06:23:30,6,13,0.51,1,47,43
1940,2479,2025-07-12 21:11:49,3,23,0.35,0,45,29
1941,2589,2025-08-27 02:12:22,0,11,0.1,0,103,31
1942,3938,2025-06-17 05:22:27,9,16,0.15,0,50,21
1943,4505,2025-05-02 21:08:29,3,13,0.16,0,62,15
1944,2995,2025-06-04 17:42:09,3,19,0.17,0,81,23
1945,51,2025-01-18 01:34:22,5,21,0.36,0,99,23
1946,328,2024-10-18 05:35:46,4,19,0.47,0,65,36
1947,75,2025-04-18 12:55:40,1,31,0.56,1,49,24
1948,3060,2024-09-30 19:56:33,8,5,0.2,0,53,30
1949,2017,2024-01-28 01:41:16,6,27,0.39,0,70,20
1950,1110,2025-08-29 13:49:38,1,33,0.41,0,28,43
1951,1779,2024-12-12 22:20:15,7,26,0.11,0,46,13
1952,1723,2024-11-08 13:47:46,0,35,0.28,0,65,2
1953,4244,2024-03-14 13:05:52,3,17,0.21,1,91,36
1954,4332,2025-03-19 04:20:04,9,16,0.42,0,68,50
1955,4964,2024-09-17 21:14:06,4,8,0.3,0,16,40
1956,3370,2025-07-10 03:41:52,8,40,0.47,0,85,46
1957,4232,2025-07-03 13:52:41,0,14,0.43,0,40,42
1958,2675,2024-03-06 07:12:50,5,20,0.18,0,93,23
1959,1033,2025-01-01 00:25:18,2,34,0.49,0,70,25
1960,713,2025-12-01 20:58:48,3,23,0.22,0,68,10
1961,3543,2024-02-03 18:17:05,4,17,0.61,0,55,29
1962,412,2024-03-03 06:45:05,1,36,0.34,0,83,17
1963,2452,2025-07-02 19:02:33,5,25,0.36,0,56,32
1964,2335,2025-07-26 04:53:46,4,23,0.34,0,85,23
1965,2362,2024-08-14 13:21:27,5,26,0.07,1,70,4
1966,1794,2024-11-14 10:48:53,4,16,0.53,0,52,51
1967,1270,2024-04-12 01:04:06,0,21,0.28,0,41,21
1968,3960,2024-05-10 13:12:32,0,13,0.46,0,75,34
1969,3504,2024-11-08 21:58:53,4,20,0.37,0,55,36
1970,673,2025-07-21 09:38:02,6,18,0.36,0,29,46
1971,2440,2025-07-12 21:12:19,5,18,0.59,0,60,31
1972,1739,2024-11-02 15:49:00,8,21,0.38,0,47,45
1973,3486,2025-12-17 22:43:39,3,7,0.25,0,86,27
1974,3209,2024-03-17 20:44:43,4,3,0.21,0,29,39
1975,2667,2024-02-05 10:39:34,5,16,0.3,0,123,10
1976,4688,2024-07-10 11:26:50,7,9,0.12,0,47,46
1977,2794,2024-09-19 08:48:21,4,13,0.58,0,90,0
1978,558,2024-12-27 20:44:34,3,24,0.65,0,59,20
1979,493,2025-06-30 14:32:59,5,26,0.07,0,38,53
1980,4280,2024-06-04 19:43:13,7,15,0.29,0,69,38
1981,3215,2025-09-12 11:34:31,3,29,0.37,0,30,19
1982,3945,2025-07-09 15:25:44,1,35,0.33,0,94,26
1983,4041,2024-02-27 14:44:21,5,22,0.24,0,57,45
1984,3089,2025-03-10 12:52:33,4,15,0.23,0,59,14
1985,3999,2024-01-24 09:00:52,6,22,0.45,0,34,39
1986,894,2025-09-30 00:58:37,1,8,0.41,0,67,16
1987,1760,2024-05-29 21:36:54,4,33,0.4,0,64,63
1988,2515,2024-07-12 12:40:11,3,6,0.42,0,75,53
1989,3530,2025-10-20 06:14:36,6,23,0.67,0,10,49
1990,3279,2025-01-31 21:14:45,1,19,0.5,0,31,9
1991,4952,2024-12-19 19:12:19,2,11,0.2,0,64,57
1992,366,2024-02-29 06:52:56,4,9,0.36,0,85,38
1993,362,2024-03-29 02:14:57,6,28,0.03,0,34,34
1994,3915,2024-07-02 20:53:38,5,21,0.13,0,63,12
1995,488,2025-03-29 06:34:02,4,26,0.39,0,78,36
1996,4829,2024-12-26 17:43:11,9,22,0.17,0,80,41
1997,2662,2025-09-15 11:54:25,7,7,0.19,0,71,4
1998,3261,2024-05-20 17:38:46,0,36,0.07,0,59,18
1999,2107,2025-10-22 10:49:58,4,12,0.22,0,57,27
2000,1983,2025-06-03 06:34:30,6,18,0.14,0,59,32
2001,305,2024-09-04 00:39:59,5,24,0.11,0,75,15
2002,3706,2024-08-10 08:51:31,8,31,0.55,0,58,36
2003,3601,2025-03-14 03:03:38,5,21,0.13,0,77,33
2004,2275,2024-07-05 05:26:54,4,7,0.42,0,65,14
2005,1754,2024-06-01 09:26:16,6,29,0.25,0,48,32
2006,2879,2025-11-04 08:48:38,6,11,0.36,0,36,30
2007,1206,2024-11-05 04:24:37,5,35,0.07,0,58,45
2008,108,2024-03-17 12:14:37,6,8,0.23,0,50,9
2009,4345,2024-03-01 00:07:06,4,10,0.15,0,61,23
2010,2227,2024-11-23 17:15:43,6,13,0.3,0,82,23
2011,1931,2024-11-12 10:23:57,1,13,0.58,0,57,56
2012,4962,2024-07-28 16:58:28,8,6,0.38,0,37,32
2013,2727,2025-04-19 01:45:48,0,23,0.3,0,59,31
2014,809,2025-11-22 07:17:23,9,31,0.31,0,90,61
2015,82,2025-04-10 04:25:28,3,25,0.22,1,60,43
2016,4113,2025-10-24 14:25:02,6,2,0.17,0,44,25
2017,997,2025-12-09 20:07:37,10,8,0.27,0,62,0
2018,1869,2025-09-04 20:53:12,3,15,0.3,1,94,19
2019,3587,2025-02-02 21:07:00,1,21,0.56,0,120,46
2020,1381,2025-06-09 23:31:46,6,37,0.54,0,56,28
2021,4430,2024-06-05 17:21:38,4,20,0.13,0,91,29
2022,4660,2024-01-27 03:31:23,5,17,0.27,0,55,27
2023,2497,2025-01-12 00:15:21,0,23,0.18,0,58,27
2024,2304,2024-08-27 19:32:53,11,20,0.35,0,43,52
2025,4618,2025-08-04 15:59:14,6,2,0.18,1,63,37
2026,4987,2024-11-10 16:59:28,10,21,0.16,0,99,39
2027,2145,2024-03-18 14:56:16,2,15,0.26,1,35,54
2028,2786,2024-10-29 01:13:06,5,32,0.03,0,37,25
2029,957,2025-09-29 12:38:13,7,17,0.48,0,63,30
2030,2194,2024-03-16 05:24:53,8,20,0.22,0,90,14
2031,249,2024-11-09 21:24:59,8,38,0.06,0,50,43
2032,1380,2024-10-31 05:23:42,4,27,0.3,0,81,14
2033,1218,2024-02-03 23:57:21,6,48,0.41,0,51,48
2034,163,2024-09-19 18:46:10,2,37,0.13,0,74,12
2035,1255,2024-03-07 21:14:59,2,23,0.08,0,32,23
2036,3855,2024-04-03 23:26:51,5,27,0.13,0,74,38
2037,134,2025-02-06 05:39:23,4,17,0.07,0,49,70
2038,1754,2025-09-20 23:47:50,4,19,0.39,0,57,23
2039,2608,2024-02-03 02:24:50,1,22,0.2,0,93,26
2040,3763,2025-06-28 01:02:46,3,4,0.28,0,78,29
2041,4288,2025-02-05 14:07:15,3,15,0.51,0,66,6
2042,4518,2024-10-03 22:32:13,5,25,0.31,0,52,51
2043,4981,2025-03-30 20:34:51,5,35,0.51,0,34,14
2044,1476,2025-10-28 14:30:40,3,27,0.21,0,102,30
2045,1550,2025-10-23 06:04:24,3,27,0.18,1,56,3
2046,1600,2024-10-07 20:30:33,8,10,0.36,0,77,43
2047,3344,2025-02-15 04:51:36,3,33,0.28,0,23,7
2048,4978,2024-03-23 19:52:34,1,30,0.13,1,74,31
2049,1303,2025-12-10 08:09:51,6,26,0.4,0,63,44
2050,2011,2025-07-04 01:27:59,10,15,0.48,0,58,24
2051,1102,2025-02-13 12:35:15,0,17,0.44,0,85,16
2052,4077,2024-02-01 05:05:17,6,17,0.1,0,82,17
2053,1979,2025-08-20 20:34:09,6,31,0.17,0,56,38
2054,3146,2025-05-11 14:47:43,5,24,0.25,0,41,34
2055,286,2025-08-11 23:07:06,7,11,0.43,0,57,49
2056,233,2025-07-11 04:47:54,4,25,0.47,1,46,33
2057,3144,2024-04-08 23:44:19,4,16,0.45,0,114,46
2058,817,2024-07-14 21:43:42,6,9,0.43,0,64,26
2059,3043,2025-09-12 17:28:04,6,31,0.27,0,52,33
2060,3257,2024-10-02 07:18:45,5,21,0.55,0,51,13
2061,4567,2025-08-05 18:18:03,5,20,0.28,0,52,12
2062,4609,2024-10-19 09:27:37,6,14,0.35,0,50,17
2063,4404,2024-03-06 03:06:40,9,17,0.12,0,50,35
2064,136,2024-07-19 12:25:29,3,27,0.41,0,36,29
2065,4380,2024-05-13 22:19:01,8,19,0.15,0,58,8
2066,201,2025-03-17 12:50:23,4,32,0.05,0,69,23
2067,4390,2024-12-14 04:03:00,3,1,0.27,0,27,56
2068,1279,2025-12-07 15:45:34,1,2,0.53,0,58,31
2069,4204,2025-06-18 15:03:09,6,17,0.44,1,97,0
2070,1843,2025-09-28 03:19:31,6,31,0.49,0,60,27
2071,1697,2025-05-10 16:10:48,9,14,0.43,0,51,30
2072,1041,2024-05-19 10:37:51,9,5,0.48,0,52,41
2073,590,2025-05-31 07:04:52,6,23,0.68,0,53,22
2074,1182,2025-07-09 09:21:22,9,29,0.3,1,69,12
2075,1712,2024-09-30 14:24:39,1,19,0.11,0,52,41
2076,637,2024-03-10 18:53:38,1,23,0.46,0,46,28
2077,391,2024-11-28 20:09:52,3,12,0.6,0,66,44
2078,1636,2025-02-24 11:10:56,5,34,0.2,0,47,38
2079,4984,2025-01-23 15:18:56,6,8,0.4,0,107,17
2080,2340,2025-09-22 16:31:11,7,23,0.38,1,43,20
2081,2933,2024-09-10 12:11:35,6,3,0.17,0,45,34
2082,4408,2024-10-19 15:32:35,3,16,0.31,0,62,53
2083,187,2024-08-24 17:57:02,6,28,0.33,0,45,46
2084,2063,2024-09-29 23:24:12,2,18,0.19,0,51,27
2085,2859,2024-08-09 18:17:53,5,18,0.25,0,44,53
2086,4652,2025-06-10 22:33:35,0,6,0.21,0,56,32
2087,1057,2024-12-22 00:11:40,10,25,0.18,0,64,16
2088,2904,2024-11-07 22:02:40,5,23,0.38,0,82,31
2089,414,2024-05-03 05:04:53,3,18,0.26,0,19,19
2090,3292,2025-11-23 01:38:29,10,12,0.6,0,78,27
2091,4057,2024-09-10 19:49:17,2,23,0.17,0,24,36
2092,4593,2025-03-03 20:55:49,5,18,0.08,0,60,25
2093,4675,2025-10-21 02:12:24,7,27,0.47,0,71,25
2094,712,2024-10-26 00:00:47,8,20,0.19,0,89,16
2095,3304,2025-10-06 06:53:48,5,14,0.14,0,50,35
2096,2645,2024-12-25 15:04:12,5,16,0.26,0,85,61
2097,4147,2024-05-07 14:10:25,6,18,0.11,0,71,36
2098,1540,2024-05-25 06:28:15,5,21,0.45,0,66,19
2099,967,2024-05-03 05:51:49,5,17,0.27,0,54,28
2100,4785,2024-02-14 09:47:49,3,9,0.1,0,97,54
2101,866,2025-12-22 13:18:11,3,11,0.29,0,60,28
2102,4528,2024-04-18 04:54:46,5,22,0.13,0,52,30
2103,4093,2025-03-23 06:13:17,9,10,0.24,0,63,42
2104,2769,2025-05-22 01:14:42,0,17,0.22,0,75,8
2105,3836,2025-06-16 12:26:06,8,9,0.2,0,52,39
2106,2228,2025-12-16 20:17:01,7,14,0.09,0,33,31
2107,733,2024-09-05 16:04:36,1,0,0.38,0,79,41
2108,1441,2025-03-27 20:08:14,11,34,0.36,0,63,20
2109,4130,2025-03-07 22:02:43,0,19,0.68,0,11,26
2110,2525,2025-03-01 13:27:16,6,15,0.39,0,22,20
2111,3046,2025-10-24 13:52:56,4,17,0.29,0,49,53
2112,3354,2025-10-30 15:41:33,0,17,0.37,0,59,36
2113,1726,2025-09-14 03:09:28,2,26,0.21,0,63,26
2114,2748,2024-08-22 03:10:29,0,40,0.23,0,85,12
2115,3768,2025-02-08 22:29:58,7,11,0.28,0,62,50
2116,4195,2025-09-30 16:09:34,5,26,0.2,1,77,49
2117,4696,2025-05-17 12:18:51,11,27,0.07,0,34,34
2118,1710,2025-12-21 15:03:44,5,17,0.12,0,92,0
2119,4675,2024-05-20 14:35:58,5,44,0.16,0,86,22
2120,777,2024-03-08 16:40:34,5,5,0.13,1,40,28
2121,3896,2024-06-26 02:25:44,5,23,0.42,0,50,18
2122,4329,2025-08-31 18:21:20,8,26,0.18,0,34,50
2123,17,2025-08-07 20:48:34,4,28,0.24,0,70,23
2124,1559,2025-10-15 10:26:15,2,8,0.1,0,26,28
2125,2104,2024-08-04 19:25:19,8,28,0.26,0,64,0
2126,3625,2024-05-23 16:46:21,0,23,0.03,1,69,17
2127,4136,2025-07-05 15:09:13,5,7,0.12,0,64,39
2128,412,2024-04-10 12:27:35,1,18,0.55,0,62,28
2129,2759,2025-09-23 18:27:22,10,32,0.46,0,57,18
2130,3826,2025-05-07 13:32:37,2,17,0.22,0,89,43
2131,1121,2025-05-22 05:37:53,8,9,0.28,0,52,21
2132,12,2025-07-28 06:56:16,8,24,0.6,0,81,37
2133,2003,2024-10-18 08:41:30,6,19,0.34,0,21,28
2134,445,2025-12-18 12:47:51,4,24,0.13,0,10,64
2135,304,2024-02-22 02:30:29,11,34,0.16,0,51,29
2136,635,2024-03-06 23:02:15,1,21,0.31,0,55,52
2137,882,2024-12-05 20:29:10,6,14,0.23,0,40,23
2138,2480,2025-09-02 03:18:54,6,36,0.3,0,81,22
2139,4498,2024-04-30 19:35:35,6,4,0.31,1,49,19
2140,936,2024-09-10 04:28:39,2,18,0.23,0,39,13
2141,2692,2025-04-15 04:31:24,4,3,0.28,0,48,45
2142,4473,2024-10-08 12:35:40,6,22,0.3,0,73,36
2143,3350,2025-12-15 22:46:04,4,24,0.48,0,54,32
2144,2924,2024-12-08 14:46:29,9,7,0.39,0,45,56
2145,1736,2025-11-16 08:08:40,5,14,0.19,0,84,19
2146,564,2025-10-20 10:50:55,3,23,0.37,0,49,3
2147,359,2024-07-27 10:00:11,6,14,0.53,0,29,46
2148,2784,2024-11-25 23:20:50,7,22,0.15,0,23,20
2149,960,2025-10-31 22:12:01,9,25,0.37,0,35,17
2150,2288,2024-09-05 10:36:59,3,22,0.25,0,41,21
2151,591,2024-10-09 01:12:23,10,20,0.38,0,68,43
2152,4253,2024-10-21 08:37:20,5,22,0.43,0,59,13
2153,400,2025-02-16 23:29:07,7,34,0.26,0,57,0
2154,1766,2024-12-23 21:49:33,8,1,0.14,0,67,34
2155,1944,2025-06-06 17:54:56,3,14,0.36,0,85,54
2156,752,2024-10-23 15:47:32,2,18,0.23,0,45,8
2157,636,2024-11-26 08:53:45,4,21,0.16,0,44,42
2158,3294,2025-10-25 19:22:50,4,29,0.16,0,57,64
2159,1598,2025-05-10 13:58:07,3,11,0.23,0,75,33
2160,4543,2025-12-18 14:53:33,4,25,0.09,0,79,18
2161,2666,2024-02-27 13:31:12,5,21,0.51,0,38,1
2162,3135,2024-06-28 15:09:07,5,0,0.08,0,31,32
2163,1540,2024-09-09 19:40:40,5,0,0.02,1,56,11
2164,4146,2024-03-19 08:44:05,5,8,0.17,0,61,37
2165,2744,2024-02-04 20:45:45,4,13,0.33,0,36,6
2166,198,2024-10-06 23:18:09,3,10,0.2,0,97,50
2167,797,2024-01-28 04:18:34,0,1,0.15,0,51,36
2168,1266,2025-03-10 10:47:35,3,10,0.23,0,52,26
2169,365,2025-08-29 20:00:54,11,27,0.43,0,66,41
2170,3934,2024-07-09 13:58:47,1,15,0.03,1,39,27
2171,4622,2025-10-22 13:29:02,6,34,0.56,0,71,25
2172,418,2025-10-13 10:18:56,6,15,0.14,0,29,28
2173,1108,2024-10-17 08:43:44,12,4,0.05,0,46,21
2174,372,2025-06-23 23:15:40,11,27,0.06,0,60,30
2175,1577,2025-11-27 01:23:27,6,36,0.29,0,53,41
2176,4357,2024-04-02 05:41:08,6,8,0.17,0,61,41
2177,704,2025-09-15 17:14:16,4,29,0.13,0,19,8
2178,4426,2025-03-03 04:57:05,7,22,0.06,0,59,13
2179,2864,2025-11-22 15:11:03,1,22,0.17,1,42,30
2180,4339,2025-06-30 05:52:47,3,10,0.23,0,58,24
2181,2056,2025-08-13 13:51:26,8,44,0.61,0,51,39
2182,4543,2025-09-23 23:55:30,3,25,0.28,0,68,27
2183,2998,2024-03-03 11:33:48,5,21,0.33,0,73,61
2184,1455,2025-11-21 22:33:24,3,21,0.45,1,79,13
2185,698,2025-01-20 11:07:01,4,21,0.3,0,54,34
2186,2138,2024-06-22 19:29:06,11,21,0.24,0,94,29
2187,2977,2024-06-05 03:27:37,7,20,0.56,0,66,46
2188,2206,2025-08-19 23:15:25,0,28,0.33,1,37,53
2189,306,2025-07-10 12:03:03,6,13,0.53,1,54,29
2190,3551,2024-10-21 23:54:37,0,9,0.36,0,64,34
2191,4027,2024-07-25 22:39:26,7,31,0.23,0,57,37
2192,680,2025-01-31 00:44:35,2,4,0.04,0,64,29
2193,4131,2024-12-19 14:43:00,2,26,0.44,0,107,43
2194,2890,2024-03-05 14:16:36,4,16,0.22,0,44,15
2195,3191,2025-02-26 11:06:29,3,19,0.08,0,48,49
2196,2464,2024-11-21 14:07:19,3,32,0.17,0,39,8
2197,28,2025-09-19 12:07:02,13,20,0.21,0,73,21
2198,4156,2024-05-16 21:27:24,2,15,0.25,0,60,18
2199,2308,2024-02-26 19:15:05,8,21,0.18,0,44,42
2200,1388,2024-11-03 06:56:33,7,24,0.08,0,40,41
2201,3778,2025-09-07 09:30:12,0,23,0.29,0,62,0
2202,1518,2025-10-23 09:13:49,0,12,0.13,0,70,50
2203,4185,2025-03-30 18:46:38,9,27,0.23,0,52,13
2204,3104,2025-01-21 09:47:02,5,24,0.13,0,80,35
2205,3265,2025-06-13 16:48:56,1,10,0.28,0,73,13
2206,1760,2024-05-24 08:11:26,8,10,0.03,0,51,18
2207,4649,2024-04-02 22:19:32,1,15,0.19,0,82,20
2208,3035,2024-08-01 19:59:13,0,33,0.57,0,31,23
2209,1661,2025-05-31 13:18:58,0,21,0.5,0,62,32
2210,2609,2025-05-17 20:08:42,0,18,0.5,0,65,22
2211,346,2024-04-15 07:31:12,1,12,0.21,0,54,50
2212,4999,2025-07-10 11:28:14,9,19,0.25,0,58,34
2213,1526,2024-08-06 22:26:11,4,32,0.14,0,68,39
2214,2328,2025-02-24 01:02:52,8,35,0.26,1,66,35
2215,4853,2025-04-03 13:49:03,9,13,0.38,0,67,19
2216,3622,2025-10-10 09:27:18,1,16,0.07,1,55,32
2217,4718,2025-07-24 05:01:39,9,39,0.22,0,65,0
2218,2367,2024-08-12 06:29:40,4,37,0.23,0,43,66
2219,2542,2025-03-31 09:52:32,7,18,0.18,0,98,31
2220,2266,2024-08-05 10:45:55,3,5,0.42,0,99,29
2221,4247,2024-02-26 02:11:16,0,13,0.56,0,59,45
2222,637,2025-06-02 18:43:36,8,10,0.4,0,62,14
2223,2141,2024-08-19 07:52:02,10,10,0.12,0,56,29
2224,3692,2025-05-09 20:34:53,2,25,0.08,0,46,36
2225,560,2024-12-23 21:04:13,3,7,0.48,0,63,50
2226,3716,2025-02-05 01:25:14,5,34,0.09,0,54,27
2227,4212,2024-07-29 03:55:31,5,16,0.13,0,95,20
2228,792,2024-11-24 22:07:48,7,30,0.47,0,45,32
2229,79,2025-12-19 05:09:01,2,21,0.31,0,73,29
2230,3693,2024-05-11 10:07:00,3,28,0.16,0,72,16
2231,9,2025-11-23 19:58:23,4,3,0.12,0,51,15
2232,256,2025-12-22 16:15:08,3,21,0.46,0,38,47
2233,278,2025-08-16 04:53:26,10,5,0.17,1,57,44
2234,1117,2025-04-05 08:18:27,3,7,0.31,0,90,34
2235,4198,2025-11-05 07:56:15,0,24,0.4,0,56,34
2236,377,2025-04-10 21:12:48,3,24,0.05,0,91,32
2237,4659,2024-08-21 15:10:34,8,21,0.49,1,80,33
2238,62,2025-08-10 11:09:41,6,18,0.54,0,32,37
2239,1817,2024-06-06 23:08:31,2,21,0.24,0,75,48
2240,1078,2024-07-06 22:21:28,9,28,0.53,0,66,25
2241,1715,2025-03-10 18:21:57,2,12,0.34,1,57,53
2242,1875,2024-06-06 21:46:20,2,33,0.14,0,53,48
2243,1545,2025-07-17 20:46:55,5,19,0.3,0,97,43
2244,3986,2024-02-15 10:08:21,4,11,0.47,0,47,39
2245,3396,2024-09-17 14:38:29,5,30,0.22,0,23,15
2246,703,2025-07-31 09:30:01,4,18,0.39,0,84,49
2247,1747,2025-01-02 02:12:11,0,8,0.44,0,61,33
2248,2323,2025-04-12 23:51:53,7,22,0.41,0,66,63
2249,4629,2024-10-11 22:43:44,3,32,0.17,0,30,34
2250,2600,2025-11-27 04:57:44,4,26,0.32,0,89,31
2251,2128,2024-08-21 11:52:16,4,23,0.24,0,61,26
2252,3126,2024-06-04 18:37:16,2,29,0.04,0,63,19
2253,4417,2024-09-05 02:34:01,12,6,0.34,1,67,14
2254,708,2025-07-09 00:06:16,6,10,0.35,0,63,14
2255,856,2024-12-12 03:12:57,3,22,0.14,0,73,34
2256,2921,2024-02-14 10:37:18,11,0,0.34,0,42,33
2257,3044,2024-10-07 17:15:56,6,24,0.35,1,83,36
2258,1023,2024-02-25 00:09:58,7,20,0.33,0,54,37
2259,4644,2025-07-26 15:24:29,2,15,0.02,0,12,28
2260,2923,2024-12-07 18:24:30,0,29,0.54,0,81,18
2261,694,2024-04-24 08:57:04,0,19,0.39,0,109,20
2262,335,2025-08-20 01:39:34,8,11,0.11,0,29,19
2263,4532,2025-04-12 13:13:33,6,13,0.04,0,10,28
2264,18,2025-06-30 16:58:21,7,25,0.17,0,71,28
2265,4155,2024-04-12 20:15:13,10,18,0.18,0,46,28
2266,2125,2025-02-03 04:50:24,10,23,0.18,0,21,22
2267,4738,2024-11-24 10:53:55,5,26,0.43,0,88,42
2268,3765,2025-07-22 15:31:58,7,12,0.38,0,70,39
2269,2438,2025-06-05 04:55:06,8,14,0.07,0,73,26
2270,3007,2025-10-21 10:49:59,1,33,0.13,0,68,18
2271,1526,2025-01-03 07:58:47,3,13,0.14,0,39,33
2272,2574,2024-06-19 18:13:12,4,7,0.23,0,39,27
2273,4673,2025-04-16 11:49:53,5,20,0.28,0,56,32
2274,4876,2025-02-21 21:40:05,3,25,0.22,0,59,41
2275,3953,2025-11-25 04:39:05,1,39,0.32,1,58,39
2276,3152,2025-04-05 06:38:31,4,16,0.3,0,41,28
2277,596,2025-06-28 08:39:59,2,25,0.25,0,58,71
2278,1331,2025-10-05 00:43:19,6,24,0.57,0,87,0
2279,3718,2025-03-16 04:00:03,5,8,0.29,0,86,33
2280,2034,2024-03-30 10:35:31,2,27,0.1,0,22,45
2281,2744,2025-02-10 23:42:12,6,14,0.39,0,66,25
2282,169,2024-03-25 04:44:21,4,12,0.08,0,83,21
2283,2713,2025-10-06 16:47:26,0,16,0.04,0,88,10
2284,3546,2025-05-11 01:39:19,3,43,0.41,0,68,33
2285,316,2024-07-09 16:23:00,3,18,0.17,0,68,51
2286,2298,2025-09-05 20:46:00,3,26,0.06,0,64,56
2287,555,2025-10-11 19:33:11,7,27,0.1,0,62,18
2288,3681,2024-09-25 13:57:29,7,14,0.13,0,76,0
2289,945,2025-08-02 16:36:38,5,25,0.29,0,48,59
2290,4829,2025-02-03 04:57:12,3,19,0.25,0,21,20
2291,2774,2025-06-22 04:01:17,3,21,0.16,0,67,48
2292,424,2025-02-04 16:35:40,2,16,0.01,0,56,21
2293,3822,2024-04-09 07:46:19,2,12,0.62,0,72,26
2294,4494,2024-11-26 09:15:08,7,19,0.13,0,73,40
2295,163,2025-08-04 01:19:42,3,10,0.33,0,67,7
2296,1357,2024-05-13 06:30:53,3,22,0.53,0,43,47
2297,4294,2025-04-12 13:46:01,2,12,0.17,0,70,0
2298,2766,2025-12-11 06:58:26,5,27,0.16,0,94,23
2299,4831,2025-06-03 05:25:15,9,20,0.27,1,47,0
2300,3953,2025-07-25 06:39:34,6,7,0.59,0,41,44
2301,1145,2025-06-01 15:44:09,6,25,0.49,0,42,34
2302,2784,2024-08-22 15:36:45,6,32,0.21,0,96,9
2303,4262,2024-05-09 22:04:14,7,14,0.22,0,36,64
2304,2674,2025-04-03 05:42:58,6,3,0.04,0,75,16
2305,163,2025-08-08 07:31:24,5,10,0.37,0,37,50
2306,3316,2024-08-14 07:31:18,6,2,0.54,0,41,11
2307,3107,2024-10-06 14:40:26,2,7,0.37,0,65,39
2308,478,2025-11-15 18:12:38,1,14,0.36,0,35,14
2309,4285,2024-07-06 14:02:47,3,34,0.44,0,84,9
2310,4758,2025-04-07 16:27:18,3,17,0.21,0,65,42
2311,2606,2024-05-25 06:08:19,1,20,0.32,0,71,22
2312,3454,2025-06-06 12:22:48,1,12,0.5,1,69,40
2313,1138,2025-10-23 22:21:30,7,20,0.5,0,63,4
2314,3586,2024-11-19 10:42:43,5,19,0.22,0,15,8
2315,1784,2025-08-17 12:23:50,0,31,0.35,0,40,31
2316,3811,2024-01-30 02:33:57,5,21,0.38,1,32,25
2317,2907,2024-08-03 04:07:47,3,28,0.6,0,54,40
2318,3014,2024-11-07 11:12:23,4,20,0.33,0,72,5
2319,2795,2025-08-24 22:23:06,6,18,0.13,0,47,27
2320,4359,2025-02-05 12:32:52,6,12,0.07,0,43,45
2321,2564,2025-02-08 19:19:05,5,19,0.5,0,77,78
2322,4670,2025-11-07 20:08:37,6,7,0.74,0,83,41
2323,181,2025-07-25 06:49:42,5,21,0.52,0,76,14
2324,4197,2024-06-21 10:11:23,6,8,0.07,0,41,35
2325,3449,2025-06-05 06:13:06,8,14,0.54,0,56,28
2326,794,2025-07-10 21:28:06,7,11,0.18,0,81,2
2327,259,2025-05-08 11:53:55,1,14,0.45,0,58,24
2328,1243,2024-03-10 11:19:48,6,19,0.16,0,92,36
2329,4687,2025-05-01 18:52:23,7,6,0.21,0,66,35
2330,3144,2025-03-19 19:40:38,10,26,0.45,1,46,15
2331,4429,2025-05-31 19:14:16,7,16,0.24,0,77,33
2332,2783,2025-02-08 22:00:43,3,20,0.6,0,74,6
2333,970,2024-12-12 03:57:15,4,20,0.26,0,80,21
2334,3536,2025-06-14 01:30:59,4,19,0.28,0,37,0
2335,573,2024-01-25 17:50:58,5,28,0.5,0,48,24
2336,1478,2025-05-08 04:55:48,4,22,0.49,0,40,31
2337,4286,2024-03-09 15:44:52,2,27,0.5,0,40,43
2338,2488,2025-09-10 04:03:59,0,23,0.14,0,65,25
2339,4211,2025-11-24 19:07:31,6,18,0.13,0,82,46
2340,4886,2024-06-12 08:40:32,1,12,0.34,0,72,13
2341,1317,2025-11-16 09:33:42,3,5,0.29,0,34,20
2342,4061,2024-10-08 22:41:12,0,16,0.27,0,67,18
2343,3509,2024-11-04 12:33:06,1,11,0.37,0,30,62
2344,3631,2025-02-18 16:17:43,5,18,0.1,0,67,19
2345,2511,2024-12-03 05:42:07,5,32,0.54,0,59,25
2346,3709,2024-03-14 17:40:32,5,20,0.13,1,37,14
2347,343,2025-03-01 05:54:12,11,7,0.36,0,94,7
2348,199,2024-12-25 10:03:15,0,2,0.47,0,62,4
2349,807,2024-12-05 00:58:46,7,39,0.29,0,22,23
2350,881,2025-05-24 22:00:10,6,14,0.66,0,58,28
2351,2759,2025-05-13 23:19:48,9,0,0.3,0,56,46
2352,2785,2025-09-23 01:40:08,5,13,0.17,1,60,17
2353,4075,2024-12-29 18:46:09,1,22,0.37,0,67,29
2354,2410,2025-11-01 00:50:05,1,41,0.33,0,59,18
2355,4441,2025-05-22 02:47:47,5,21,0.24,0,55,29
2356,1144,2025-03-18 22:56:34,6,47,0.25,0,38,34
2357,45,2025-02-08 13:50:34,9,19,0.13,0,42,15
2358,3087,2025-07-21 20:22:42,5,10,0.31,0,78,28
2359,4202,2024-10-25 09:51:09,5,18,0.61,0,54,33
2360,3653,2024-04-26 17:40:49,5,8,0.28,0,78,26
2361,796,2024-06-28 05:18:40,4,15,0.51,0,17,57
2362,310,2024-02-25 10:35:04,2,27,0.29,0,128,19
2363,3704,2024-08-15 09:56:55,7,26,0.24,0,59,0
2364,2798,2025-01-05 21:16:56,2,20,0.24,0,97,38
2365,4873,2024-03-29 04:20:38,2,14,0.47,0,56,21
2366,2598,2024-05-15 08:47:47,1,18,0.34,0,28,0
2367,285,2024-05-19 07:45:22,0,27,0.22,0,70,25
2368,785,2025-07-20 12:59:50,1,15,0.26,0,65,22
2369,1585,2024-02-03 11:55:41,5,23,0.1,0,92,28
2370,3595,2024-04-05 23:35:35,11,23,0.17,0,27,19
2371,1806,2024-09-01 21:26:51,4,24,0.12,0,54,68
2372,394,2024-03-17 12:21:49,4,43,0.45,0,47,13
2373,2194,2025-08-08 10:59:44,8,32,0.44,0,68,32
2374,4928,2024-08-09 13:41:35,2,15,0.68,0,55,40
2375,2062,2025-05-13 20:45:03,6,13,0.05,0,67,46
2376,127,2024-09-28 19:06:48,2,31,0.28,0,77,55
2377,173,2024-07-27 18:33:30,3,11,0.51,0,39,36
2378,3308,2025-11-13 14:43:54,3,13,0.55,0,72,22
2379,4013,2025-01-27 19:45:50,8,9,0.24,0,18,44
2380,1550,2025-11-13 23:24:48,4,25,0.48,0,57,52
2381,107,2025-01-29 23:52:13,8,21,0.56,1,51,25
2382,2598,2025-11-08 01:29:18,7,26,0.2,0,95,23
2383,1742,2025-04-01 22:03:01,2,20,0.08,0,40,17
2384,1528,2024-04-24 00:41:21,2,6,0.43,0,96,2
2385,1036,2025-08-14 01:10:21,0,13,0.15,0,33,7
2386,2881,2024-08-09 03:04:05,9,31,0.19,0,73,30
2387,2511,2024-07-21 02:04:54,0,21,0.55,0,79,19
2388,939,2024-08-10 03:50:10,3,32,0.32,0,45,43
2389,2987,2024-04-20 00:19:02,4,26,0.27,0,71,17
2390,2950,2024-11-30 21:07:51,0,20,0.51,0,53,39
2391,1801,2025-02-13 10:44:30,6,14,0.42,1,53,39
2392,4904,2024-05-21 14:57:23,3,21,0.24,0,95,44
2393,519,2024-10-04 14:39:32,10,16,0.12,0,56,63
2394,853,2025-06-12 22:37:25,5,13,0.33,1,50,21
2395,3050,2025-05-05 17:13:30,1,25,0.3,0,46,37
2396,3916,2024-02-20 13:53:56,10,9,0.54,0,44,30
2397,4108,2025-10-10 04:47:15,0,8,0.33,0,70,30
2398,2816,2024-05-04 00:17:59,10,26,0.16,0,58,12
2399,3012,2024-02-26 18:33:42,1,21,0.52,0,53,40
2400,2006,2025-05-23 08:07:26,5,24,0.13,0,68,35
2401,1797,2025-03-17 04:57:07,3,27,0.07,0,73,43
2402,2930,2024-07-28 04:31:03,5,31,0.59,0,62,38
2403,3757,2024-03-01 04:14:50,7,16,0.3,0,84,15
2404,3114,2024-07-03 08:57:55,2,34,0.05,0,33,55
2405,868,2024-09-16 18:52:45,3,37,0.26,0,57,47
2406,3681,2025-08-25 16:09:07,2,25,0.4,0,51,63
2407,51,2024-07-24 16:51:57,4,20,0.1,0,28,15
2408,910,2024-08-12 18:53:09,5,11,0.28,0,24,36
2409,1970,2024-02-06 11:07:17,1,17,0.22,0,55,40
2410,3759,2024-10-23 21:48:47,7,10,0.25,0,56,20
2411,1546,2024-06-19 09:11:09,0,26,0.35,0,33,52
2412,3075,2025-01-19 13:46:23,6,42,0.2,0,87,27
2413,574,2024-04-09 13:51:45,3,13,0.14,0,54,37
2414,4239,2024-09-26 08:51:27,4,10,0.35,0,52,27
2415,2348,2025-11-20 06:47:25,7,16,0.36,0,83,23
2416,1410,2025-01-05 16:46:05,1,16,0.38,0,16,18
2417,259,2024-01-31 18:07:23,3,29,0.28,0,70,29
2418,3775,2025-05-06 14:36:25,1,21,0.4,0,42,35
2419,3136,2024-05-23 13:27:43,6,19,0.16,1,68,2
2420,1256,2024-06-17 23:36:18,5,12,0.51,1,43,21
2421,3014,2025-07-18 00:50:57,0,41,0.34,0,47,26
2422,3248,2025-04-03 00:01:53,5,21,0.29,0,41,0
2423,1406,2024-06-25 03:19:38,0,30,0.45,0,27,0
2424,3053,2025-10-25 02:11:16,5,13,0.22,0,46,23
2425,4166,2024-05-28 13:06:49,5,17,0.25,0,84,20
2426,1236,2024-06-03 15:45:18,1,29,0.35,0,29,1
2427,3368,2025-06-02 07:23:00,4,23,0.25,0,43,15
2428,4883,2024-07-07 02:52:13,2,3,0.29,0,50,58
2429,2009,2024-03-16 22:08:50,6,27,0.19,0,88,27
2430,4965,2024-12-07 05:00:29,8,6,0.23,0,54,28
2431,4351,2024-06-05 18:01:57,8,19,0.12,0,46,43
2432,4782,2025-03-29 04:13:57,7,16,0.1,0,52,36
2433,2657,2024-12-09 04:50:29,9,21,0.29,0,86,48
2434,4505,2024-10-23 07:10:02,8,18,0.5,0,72,23
2435,4578,2025-05-16 08:45:53,8,0,0.08,0,61,3
2436,3908,2025-09-04 07:16:34,0,11,0.36,0,82,46
2437,1769,2025-08-25 07:56:49,3,25,0.21,0,73,25
2438,112,2024-02-01 06:44:31,4,19,0.27,0,96,50
2439,4896,2025-09-07 18:43:19,0,7,0.18,0,38,44
2440,1434,2025-05-14 01:02:08,7,24,0.56,0,55,25
2441,1642,2025-09-11 07:14:07,1,38,0.62,0,93,27
2442,4978,2025-07-15 02:23:23,7,4,0.42,0,27,4
2443,2722,2025-07-26 13:14:11,7,3,0.29,1,53,38
2444,3112,2025-02-15 11:28:21,8,46,0.16,0,78,38
2445,2948,2025-03-26 10:49:28,5,16,0.2,0,68,38
2446,3395,2025-06-17 15:42:16,6,31,0.36,0,40,16
2447,3244,2025-06-21 07:00:52,0,7,0.55,0,91,57
2448,1606,2025-06-07 08:48:47,11,14,0.3,1,45,32
2449,3524,2024-09-03 02:05:27,0,18,0.28,0,66,40
2450,3430,2025-10-28 03:49:22,8,10,0.23,0,80,30
2451,4187,2024-07-30 09:47:02,1,14,0.57,0,64,26
2452,1679,2025-01-09 02:10:27,0,23,0.05,0,63,24
2453,2027,2025-09-04 14:19:17,5,24,0.24,0,114,29
2454,3635,2025-01-26 19:42:10,8,17,0.28,0,24,5
2455,1097,2024-02-02 21:30:43,1,20,0.16,1,62,19
2456,4630,2025-09-06 06:03:35,7,8,0.04,0,68,26
2457,3848,2024-02-14 03:48:09,6,32,0.23,0,56,44
2458,2301,2025-01-03 07:59:13,7,17,0.09,0,31,26
2459,4429,2024-11-28 05:22:38,1,18,0.48,0,102,30
2460,4084,2025-02-24 04:56:03,10,24,0.15,0,34,37
2461,712,2024-02-22 06:20:51,2,11,0.18,0,18,25
2462,4574,2025-11-16 06:26:30,4,7,0.36,0,55,37
2463,3497,2024-09-05 17:04:34,4,21,0.39,0,74,32
2464,996,2024-05-31 16:24:07,2,25,0.46,0,47,28
2465,4643,2025-05-28 07:04:37,6,26,0.17,0,71,27
2466,4132,2025-03-08 04:58:38,3,34,0.13,0,62,20
2467,3261,2024-12-29 09:22:03,9,33,0.25,0,60,22
2468,3313,2024-06-22 07:54:47,0,7,0.63,0,51,12
2469,1714,2024-11-29 20:59:26,2,17,0.17,0,73,20
2470,2643,2025-09-20 07:26:39,0,2,0.28,0,105,21
2471,3154,2025-03-18 21:19:36,1,11,0.37,0,48,14
2472,3167,2025-08-27 21:15:58,7,25,0.27,0,55,21
2473,1289,2025-06-01 00:53:26,5,27,0.54,0,85,7
2474,591,2025-10-04 18:13:15,2,21,0.2,0,57,24
2475,4065,2024-05-17 21:38:58,4,9,0.45,0,59,16
2476,4308,2025-02-23 01:18:42,5,5,0.48,0,80,48
2477,3057,2025-03-27 19:45:58,6,0,0.25,0,38,19
2478,1558,2025-08-21 11:33:13,2,8,0.2,0,67,53
2479,4376,2024-07-02 12:13:20,4,17,0.46,0,53,25
2480,1695,2024-12-24 11:01:03,4,27,0.18,0,38,10
2481,63,2024-08-05 22:08:38,6,21,0.33,1,64,28
2482,3064,2025-03-20 14:07:29,4,19,0.08,0,10,27
2483,111,2025-05-24 06:23:41,5,4,0.19,0,48,57
2484,831,2025-04-17 06:46:07,0,31,0.19,0,79,29
2485,2820,2025-11-27 05:44:25,7,16,0.25,0,87,28
2486,4789,2025-04-20 06:54:43,0,11,0.51,1,70,48
2487,82,2025-10-08 17:59:07,7,10,0.49,0,86,19
2488,1394,2024-04-14 11:32:43,7,21,0.42,0,27,27
2489,2798,2025-06-17 05:24:46,4,33,0.2,0,61,26
2490,1628,2025-05-03 05:24:17,3,22,0.14,0,70,67
2491,1536,2025-09-30 10:24:35,2,0,0.47,0,91,39
2492,3087,2024-03-08 14:25:46,10,15,0.33,0,82,40
2493,3646,2024-12-08 02:22:27,6,38,0.24,1,56,28
2494,2105,2024-09-19 20:22:23,1,16,0.37,0,73,46
2495,2049,2025-06-29 13:54:38,9,23,0.42,0,44,42
2496,3080,2024-09-22 04:39:46,6,23,0.52,0,44,51
2497,846,2024-05-24 04:45:10,6,19,0.22,1,64,20
2498,3836,2025-02-06 18:03:52,5,20,0.19,0,42,23
2499,558,2025-04-11 04:15:02,3,22,0.6,0,44,24
2500,914,2025-05-24 05:06:05,5,13,0.2,0,76,3
2501,2443,2024-06-26 14:14:48,5,25,0.15,0,79,13
2502,3712,2025-10-04 10:12:34,5,3,0.32,0,39,34
2503,4251,2025-12-19 09:15:31,0,35,0.65,0,44,9
2504,1308,2025-08-02 13:33:39,5,31,0.64,0,55,27
2505,2926,2025-01-11 12:29:59,3,0,0.17,0,64,24
2506,1713,2025-06-16 17:39:26,7,25,0.33,0,62,27
2507,2102,2024-02-11 18:55:16,2,30,0.21,0,46,15
2508,3742,2025-05-06 12:47:56,5,19,0.2,0,100,28
2509,1361,2024-12-26 02:42:26,3,11,0.2,0,71,17
2510,3158,2025-02-17 19:47:47,3,13,0.18,0,70,44
2511,3822,2024-04-12 04:30:32,6,25,0.25,0,42,8
2512,2840,2024-11-20 02:46:20,7,27,0.1,0,78,46
2513,1595,2025-04-15 19:23:05,1,32,0.24,0,101,9
2514,1722,2025-01-24 09:36:47,4,8,0.13,0,53,9
2515,514,2024-01-26 02:52:55,5,22,0.52,0,25,14
2516,2254,2024-10-31 06:11:05,9,22,0.43,0,77,43
2517,1747,2025-05-19 11:33:37,7,15,0.13,0,54,34
2518,3480,2024-02-01 13:10:10,5,17,0.51,0,62,30
2519,1402,2024-10-12 02:15:08,6,25,0.31,0,36,9
2520,3583,2024-04-02 00:26:31,7,15,0.48,0,74,45
2521,2114,2025-10-03 22:07:20,3,13,0.3,0,87,59
2522,4682,2024-04-04 13:38:46,6,1,0.33,0,63,43
2523,1928,2024-07-19 00:03:33,4,9,0.35,0,60,28
2524,3331,2024-12-12 04:28:12,0,36,0.27,0,49,18
2525,2553,2025-02-08 07:54:49,3,13,0.57,0,75,19
2526,3498,2024-07-27 15:50:25,2,23,0.21,0,42,36
2527,3425,2025-01-12 03:58:45,6,24,0.16,0,41,38
2528,2520,2025-03-18 22:41:19,6,18,0.31,0,39,31
2529,3920,2024-11-20 07:33:52,6,10,0.24,0,36,20
2530,2634,2025-06-25 11:14:19,11,8,0.33,0,63,44
2531,1521,2024-12-30 07:47:37,3,13,0.25,0,97,66
2532,3831,2025-02-27 01:55:12,7,9,0.25,0,72,51
2533,1562,2024-07-21 12:41:11,1,12,0.75,0,78,17
2534,4068,2025-06-03 10:21:54,1,27,0.06,0,58,19
2535,4131,2025-11-08 02:02:49,4,33,0.06,0,93,20
2536,974,2025-11-08 09:29:15,1,30,0.1,0,44,39
2537,4797,2025-11-04 21:19:10,9,20,0.1,0,86,14
2538,335,2024-09-16 21:05:41,12,9,0.31,0,77,19
2539,2352,2024-09-13 09:17:11,7,20,0.42,0,52,53
2540,4704,2025-06-29 10:52:26,9,23,0.09,0,41,13
2541,2747,2024-07-21 22:53:15,7,7,0.1,0,73,23
2542,368,2025-11-15 02:17:46,1,14,0.26,0,50,14
2543,3297,2024-01-27 04:02:16,9,17,0.26,0,41,56
2544,3786,2025-03-22 16:48:52,2,11,0.38,0,39,39
2545,3953,2024-05-12 22:22:36,6,20,0.77,0,69,26
2546,4233,2025-12-09 12:54:47,6,10,0.48,0,35,14
2547,610,2024-07-10 12:49:42,3,15,0.36,0,99,27
2548,1742,2024-02-27 06:17:51,6,8,0.34,0,55,23
2549,1162,2025-07-13 04:43:32,5,33,0.47,0,41,31
2550,1025,2024-06-11 09:36:55,6,21,0.42,0,47,44
2551,1573,2024-11-10 22:07:02,4,17,0.19,0,70,42
2552,138,2025-12-02 13:48:48,11,34,0.31,0,77,34
2553,985,2024-04-06 17:34:46,3,42,0.03,0,66,39
2554,4064,2024-07-27 00:59:57,1,15,0.16,0,70,33
2555,2296,2025-06-22 07:07:03,7,18,0.25,0,40,22
2556,2396,2024-04-12 08:42:56,4,16,0.16,0,40,26
2557,4852,2025-01-12 10:17:05,7,8,0.26,0,58,8
2558,1155,2024-03-14 20:03:06,6,16,0.05,0,64,13
2559,1150,2024-11-20 02:34:51,6,19,0.19,0,55,36
2560,4638,2024-09-13 22:51:46,5,10,0.42,0,66,40
2561,3325,2024-10-30 14:07:47,12,18,0.35,0,55,18
2562,2236,2024-11-27 08:08:59,0,18,0.3,0,61,15
2563,4113,2024-06-29 22:36:51,3,21,0.35,0,86,37
2564,1294,2025-06-11 02:22:51,6,7,0.58,0,88,50
2565,993,2025-01-24 10:47:50,3,21,0.18,0,42,27
2566,1405,2024-06-05 05:54:48,3,8,0.44,0,51,38
2567,4391,2024-10-05 14:53:22,9,9,0.27,0,106,40
2568,2458,2024-11-18 18:54:16,2,21,0.52,0,111,30
2569,1634,2024-12-31 11:49:28,3,28,0.1,0,74,44
2570,3162,2025-01-11 21:35:54,5,4,0.44,0,60,19
2571,2249,2025-08-19 07:24:28,1,11,0.28,0,68,47
2572,4854,2025-11-22 09:01:53,4,28,0.24,1,93,0
2573,22,2025-11-12 08:11:38,2,36,0.17,0,75,33
2574,1886,2025-02-06 01:40:54,5,8,0.27,0,26,29
2575,1654,2025-04-06 08:50:36,7,5,0.34,0,40,27
2576,3242,2025-01-25 10:10:34,8,37,0.15,0,44,37
2577,850,2024-01-31 21:59:16,10,14,0.11,0,26,8
2578,2393,2025-10-31 15:12:57,6,23,0.16,0,43,40
2579,4342,2024-04-10 21:05:40,8,11,0.18,0,56,34
2580,4192,2025-07-29 10:51:43,6,31,0.21,1,63,33
2581,3394,2025-09-14 17:03:24,0,8,0.12,0,77,26
2582,4347,2024-12-07 17:40:42,4,23,0.27,0,63,51
2583,3444,2025-12-19 20:29:53,2,1,0.48,0,63,31
2584,105,2025-01-29 02:14:30,6,32,0.17,0,67,0
2585,4822,2025-08-18 09:30:49,3,16,0.28,0,59,32
2586,390,2025-11-05 13:26:14,2,11,0.08,0,90,0
2587,3742,2025-11-17 00:00:49,8,24,0.52,0,63,0
2588,976,2024-05-31 22:38:57,6,25,0.33,0,29,34
2589,3644,2024-12-08 20:33:24,0,33,0.18,0,64,53
2590,608,2025-04-15 11:02:02,3,9,0.42,0,77,36
2591,603,2024-06-28 20:23:09,1,11,0.17,0,32,21
2592,1458,2025-12-18 07:31:32,8,9,0.37,1,57,5
2593,1016,2024-10-09 21:56:18,0,17,0.2,0,25,33
2594,4881,2025-08-05 07:21:10,0,29,0.14,0,53,35
2595,1093,2024-08-11 02:14:52,9,32,0.24,0,49,33
2596,3924,2025-11-11 12:11:45,8,14,0.19,0,67,34
2597,4686,2024-12-12 00:32:34,4,19,0.03,0,79,27
2598,599,2024-05-03 08:40:26,6,27,0.45,0,67,59
2599,1825,2024-08-22 01:18:56,2,19,0.25,0,80,31
2600,4752,2024-09-19 05:12:36,2,40,0.27,0,73,28
2601,4794,2024-04-16 03:05:39,4,21,0.29,0,64,4
2602,3773,2025-05-28 00:39:36,4,23,0.28,0,69,3
2603,1923,2025-07-04 07:15:25,2,17,0.2,1,47,35
2604,840,2024-03-25 16:43:46,5,20,0.35,0,52,9
2605,3440,2024-08-29 09:35:24,7,19,0.33,1,14,40
2606,4585,2025-04-10 08:40:45,4,21,0.28,0,74,41
2607,322,2024-12-26 18:55:04,0,23,0.51,1,55,24
2608,2815,2025-11-26 05:24:49,2,20,0.4,0,97,0
2609,2977,2024-11-13 13:26:23,2,16,0.06,0,85,25
2610,4985,2024-10-22 11:19:48,3,0,0.18,0,95,26
2611,1107,2024-01-26 06:43:07,5,20,0.26,0,28,8
2612,4694,2025-08-01 12:56:53,7,27,0.19,0,56,35
2613,4304,2025-04-15 19:54:25,5,55,0.26,0,66,32
2614,1669,2024-05-05 02:46:24,8,15,0.18,0,33,52
2615,725,2024-04-07 00:34:55,0,40,0.31,0,47,35
2616,4579,2024-12-18 18:07:53,8,11,0.22,1,52,40
2617,3478,2024-06-10 17:23:06,0,7,0.34,0,19,8
2618,2871,2025-02-27 16:11:09,10,11,0.45,0,50,24
2619,4971,2025-06-27 04:42:38,9,14,0.27,0,75,58
2620,1290,2024-02-11 16:19:23,1,23,0.4,0,67,48
2621,1952,2024-02-22 18:35:47,7,0,0.48,0,59,27
2622,4934,2025-02-03 02:23:29,7,9,0.27,0,89,28
2623,3398,2025-07-15 07:12:32,2,21,0.71,1,36,51
2624,244,2025-06-25 00:45:04,5,30,0.54,1,73,54
2625,3019,2024-02-06 04:06:33,5,23,0.12,1,81,37
2626,4289,2025-11-04 22:05:14,4,16,0.18,0,82,8
2627,4244,2024-06-19 10:19:46,2,19,0.39,0,61,15
2628,224,2024-10-12 15:10:12,1,9,0.22,0,51,40
2629,4043,2025-06-05 23:18:02,4,21,0.17,0,73,14
2630,2914,2025-03-02 22:02:29,6,18,0.24,0,61,33
2631,1738,2025-12-18 02:13:28,5,11,0.07,0,103,27
2632,2823,2025-11-25 07:42:00,9,10,0.41,0,78,32
2633,1852,2024-11-05 22:13:34,6,29,0.67,0,62,35
2634,83,2025-06-26 12:47:36,1,0,0.53,1,48,12
2635,4599,2024-05-29 13:32:06,5,24,0.47,1,54,44
2636,175,2025-06-28 22:43:39,2,0,0.3,0,26,23
2637,3907,2024-06-22 02:07:40,6,13,0.01,0,75,44
2638,2410,2025-03-06 04:54:05,7,33,0.12,1,76,54
2639,1120,2024-11-25 23:27:29,3,18,0.29,0,31,37
2640,1792,2024-06-10 02:32:42,6,35,0.6,0,66,26
2641,4176,2024-05-05 08:16:32,6,26,0.32,0,76,39
2642,4683,2024-12-16 01:11:07,6,20,0.35,0,48,42
2643,2259,2024-04-02 08:41:55,6,21,0.24,1,74,19
2644,3617,2024-08-03 10:42:43,4,43,0.52,0,63,40
2645,4693,2025-01-06 04:41:08,6,23,0.79,0,48,59
2646,1149,2024-06-28 12:55:52,3,17,0.06,0,43,53
2647,3518,2024-10-20 00:58:51,5,11,0.35,0,53,49
2648,1409,2025-02-11 03:09:37,3,21,0.56,0,35,24
2649,1420,2025-06-10 03:47:48,6,8,0.32,0,52,23
2650,4061,2024-11-09 21:08:50,6,12,0.02,0,75,32
2651,1549,2025-08-22 17:13:35,4,40,0.09,0,52,28
2652,4932,2025-02-21 02:03:24,2,17,0.24,0,69,27
2653,729,2024-02-20 08:16:05,0,37,0.41,0,46,25
2654,2236,2025-09-15 15:55:30,5,21,0.11,0,62,24
2655,2711,2025-07-25 16:32:00,5,14,0.3,0,50,20
2656,1177,2024-01-30 19:02:37,8,14,0.33,0,94,44
2657,2236,2025-05-09 22:31:21,4,21,0.02,0,57,17
2658,3286,2024-05-04 20:21:05,2,23,0.11,0,63,18
2659,1716,2024-05-19 06:34:20,5,20,0.68,0,98,23
2660,495,2025-01-01 14:05:39,10,22,0.1,0,66,46
2661,1552,2024-05-23 13:01:53,8,37,0.51,0,83,37
2662,3341,2025-05-15 20:14:08,7,31,0.16,0,66,22
2663,313,2025-01-07 03:55:07,5,25,0.49,0,54,19
2664,84,2025-04-09 22:41:02,4,16,0.28,1,67,63
2665,2824,2024-04-05 14:58:38,8,27,0.26,0,98,26
2666,4805,2025-12-01 05:02:27,4,16,0.53,0,60,23
2667,993,2025-10-21 00:08:44,7,28,0.09,1,96,62
2668,180,2025-01-31 06:53:54,4,19,0.15,0,37,31
2669,1729,2025-08-30 04:14:37,8,19,0.16,0,75,14
2670,2250,2024-03-02 09:21:21,6,0,0.31,1,53,16
2671,1280,2025-06-27 05:36:01,0,43,0.26,0,56,52
2672,2949,2025-08-27 02:50:07,6,13,0.25,1,58,11
2673,867,2025-09-29 02:38:21,7,30,0.02,0,91,72
2674,4032,2025-01-18 23:00:46,5,35,0.53,0,53,31
2675,1844,2025-11-05 22:33:50,5,17,0.63,0,49,24
2676,841,2025-10-07 05:46:39,2,29,0.23,0,83,19
2677,3948,2024-07-01 23:47:33,8,23,0.25,0,69,44
2678,3083,2025-03-17 11:39:24,4,23,0.3,0,74,40
2679,2065,2025-01-13 12:42:36,7,15,0.18,0,68,18
2680,968,2025-12-02 15:53:10,5,5,0.14,0,83,20
2681,2629,2024-09-10 08:53:44,0,23,0.02,1,72,47
2682,1457,2024-08-13 04:09:02,4,45,0.33,0,66,33
2683,3021,2025-03-01 06:33:50,0,34,0.23,0,77,63
2684,3211,2024-06-23 10:16:01,5,35,0.16,0,50,40
2685,3050,2025-03-01 23:14:38,6,22,0.51,0,54,19
2686,166,2025-09-20 01:15:41,5,33,0.12,0,65,19
2687,2119,2025-05-22 21:27:26,5,16,0.29,0,54,27
2688,1132,2024-06-15 08:02:07,8,27,0.26,0,59,46
2689,372,2024-07-22 00:03:38,2,16,0.28,0,84,39
2690,619,2025-03-05 05:41:58,6,27,0.25,0,78,40
2691,2726,2024-07-11 08:57:31,4,30,0.34,0,26,21
2692,519,2024-11-10 15:03:15,3,23,0.2,0,50,28
2693,386,2024-10-18 01:13:13,4,7,0.1,0,98,49
2694,4523,2025-03-09 22:36:31,3,12,0.6,0,58,42
2695,1038,2025-11-01 09:38:27,5,18,0.32,0,44,26
2696,3650,2024-04-29 06:13:48,4,16,0.04,1,64,22
2697,2183,2024-06-04 18:13:28,1,32,0.21,0,72,40
2698,640,2025-06-18 22:13:14,4,22,0.21,0,52,18
2699,151,2024-08-16 08:11:24,5,21,0.38,0,49,56
2700,4703,2024-03-27 12:24:48,13,15,0.68,0,78,38
2701,4497,2025-09-01 22:30:00,3,17,0.34,1,37,16
2702,2547,2024-06-08 14:16:48,4,14,0.39,0,74,22
2703,3679,2025-10-04 10:02:32,4,5,0.57,0,41,33
2704,3533,2025-04-09 03:53:51,3,5,0.39,0,65,44
2705,4842,2024-06-09 13:56:47,8,17,0.44,0,58,14
2706,2720,2025-08-01 20:36:20,0,35,0.24,0,44,32
2707,1203,2024-03-02 13:03:11,2,25,0.39,0,67,34
2708,4836,2025-06-01 03:53:22,6,43,0.69,0,83,36
2709,3523,2024-03-02 22:20:17,7,26,0.1,0,48,24
2710,1802,2024-12-09 17:35:06,4,21,0.14,0,62,40
2711,3670,2025-09-02 02:59:23,8,18,0.46,0,81,49
2712,398,2024-09-14 18:47:15,5,19,0.34,1,60,47
2713,3931,2025-12-19 04:54:08,5,15,0.3,0,55,27
2714,3781,2024-03-01 15:21:52,5,24,0.38,0,95,51
2715,1226,2025-05-03 06:20:05,8,9,0.55,0,32,27
2716,3531,2024-06-18 08:23:38,4,16,0.05,0,101,44
2717,2597,2024-12-15 14:28:09,7,23,0.24,0,79,33
2718,474,2024-06-15 22:44:06,5,19,0.21,0,60,0
2719,1415,2024-04-07 03:37:49,7,24,0.25,0,94,51
2720,661,2024-03-02 10:44:29,4,31,0.43,0,49,29
2721,920,2024-12-17 12:21:19,8,34,0.14,1,85,32
2722,4482,2025-01-16 20:58:33,0,12,0.37,0,37,41
2723,1759,2025-05-14 08:11:22,4,20,0.32,0,43,43
2724,273,2025-05-31 03:02:53,7,28,0.13,1,27,30
2725,3778,2024-02-25 17:59:01,0,12,0.5,1,53,37
2726,1811,2025-03-02 21:21:36,1,23,0.34,0,94,31
2727,1790,2024-10-21 05:23:56,3,35,0.53,0,46,63
2728,3551,2025-05-11 23:28:15,2,13,0.07,0,89,52
2729,3086,2025-04-09 05:08:25,2,15,0.32,0,32,73
2730,3338,2024-02-24 18:18:44,4,15,0.6,0,90,24
2731,4237,2025-07-13 01:40:46,4,31,0.12,0,86,32
2732,573,2025-08-09 10:02:15,4,11,0.21,1,41,7
2733,11,2025-06-04 02:32:20,2,10,0.14,0,26,21
2734,1283,2025-08-27 13:07:42,7,28,0.09,1,107,59
2735,902,2024-02-22 03:50:36,3,28,0.34,0,65,37
2736,4793,2025-10-22 03:34:07,7,42,0.03,0,22,24
2737,124,2024-06-10 21:46:40,4,26,0.19,0,41,18
2738,2647,2024-11-02 22:31:10,6,26,0.61,0,61,45
2739,3820,2025-02-17 16:50:42,3,5,0.58,0,100,27
2740,3025,2025-12-15 18:58:28,3,4,0.2,0,73,40
2741,4077,2024-10-30 14:19:15,0,26,0.39,0,24,6
2742,2874,2024-02-24 22:34:48,4,11,0.28,0,65,16
2743,4204,2024-04-07 03:47:49,0,13,0.3,0,34,35
2744,643,2025-10-02 02:49:08,7,0,0.22,0,82,27
2745,1771,2024-10-26 11:33:58,4,14,0.31,0,57,10
2746,1643,2024-11-03 15:20:09,5,37,0.4,0,76,27
2747,1274,2024-08-29 00:00:23,4,20,0.41,0,52,22
2748,4428,2024-06-07 09:47:44,6,11,0.31,0,128,18
2749,2316,2024-06-20 14:26:58,9,22,0.14,1,31,6
2750,3056,2025-02-15 01:32:30,7,0,0.26,0,44,32
2751,880,2025-01-19 12:27:17,6,26,0.23,1,28,39
2752,1220,2025-10-01 05:19:02,2,32,0.32,1,47,30
2753,2510,2024-01-25 15:29:45,5,28,0.47,0,43,52
2754,2124,2024-06-10 05:12:22,4,26,0.25,0,50,8
2755,3653,2025-09-28 20:31:18,1,12,0.34,0,77,8
2756,490,2024-02-18 22:14:32,2,0,0.13,0,87,34
2757,1135,2024-08-14 08:29:33,2,9,0.58,0,63,15
2758,3232,2024-10-12 09:56:14,2,11,0.45,0,56,36
2759,3460,2025-03-18 22:32:34,5,0,0.16,0,75,22
2760,843,2024-04-16 12:06:56,9,26,0.1,0,77,16
2761,1055,2025-08-09 07:50:40,11,13,0.18,0,75,22
2762,148,2025-06-27 03:48:21,3,1,0.08,0,64,27
2763,912,2025-05-01 18:44:27,5,30,0.62,1,77,43
2764,2968,2025-06-01 10:19:45,12,8,0.22,0,65,34
2765,3964,2025-10-13 20:14:23,8,10,0.2,0,31,44
2766,3365,2024-10-23 07:48:06,5,35,0.62,0,84,66
2767,4221,2025-03-02 21:02:10,6,9,0.43,0,39,53
2768,417,2025-05-22 01:35:34,5,35,0.16,0,55,17
2769,738,2025-03-15 04:19:46,3,23,0.43,0,69,48
2770,1471,2024-08-15 19:40:38,5,43,0.21,0,41,31
2771,2506,2025-11-07 05:42:10,1,0,0.26,1,111,30
2772,4565,2024-04-18 00:46:47,0,5,0.28,0,56,40
2773,1381,2024-11-28 15:43:05,2,13,0.4,0,108,0
2774,4612,2024-12-26 02:13:20,3,13,0.33,0,45,39
2775,1663,2024-11-20 09:12:46,1,21,0.43,0,50,38
2776,4411,2025-12-12 01:45:46,3,8,0.42,0,78,33
2777,455,2025-10-27 04:22:15,8,15,0.06,0,69,50
2778,4510,2025-08-01 03:49:05,8,11,0.07,0,76,8
2779,4307,2025-07-17 21:59:30,4,18,0.2,0,77,51
2780,1295,2024-02-12 21:55:14,5,33,0.35,0,49,39
2781,2167,2025-05-13 16:40:34,7,21,0.23,0,57,11
2782,2307,2024-06-21 01:49:42,5,18,0.33,0,72,56
2783,4473,2025-07-25 08:39:46,0,15,0.51,0,66,22
2784,4873,2024-11-20 12:48:08,5,0,0.63,0,69,29
2785,2307,2024-10-21 06:05:04,4,29,0.29,0,62,24
2786,2035,2024-10-31 01:27:21,5,19,0.2,0,55,29
2787,4074,2025-10-26 19:42:06,7,36,0.24,0,56,42
2788,1561,2024-11-30 20:36:02,5,12,0.22,0,74,39
2789,2095,2024-06-28 10:43:48,2,18,0.46,0,74,32
2790,3890,2025-09-13 10:20:00,0,15,0.3,0,65,55
2791,2438,2025-11-30 15:18:17,4,24,0.22,0,63,25
2792,3011,2025-04-01 07:06:44,1,17,0.3,0,20,13
2793,1460,2025-04-07 10:06:06,7,37,0.19,0,49,9
2794,1169,2024-05-04 05:15:34,3,16,0.07,0,59,14
2795,4640,2024-11-30 13:07:00,5,0,0.21,0,72,25
2796,2681,2025-01-11 03:20:02,7,3,0.1,0,68,33
2797,2190,2024-04-01 06:28:47,2,23,0.22,1,46,37
2798,1847,2024-06-11 13:45:05,3,35,0.35,1,84,35
2799,3742,2024-05-25 23:05:51,5,14,0.31,0,50,53
2800,1171,2024-01-27 15:52:23,7,6,0.13,1,10,8
2801,4,2024-09-13 06:14:55,1,28,0.69,0,69,65
2802,4479,2024-05-05 08:56:18,3,12,0.65,0,67,44
2803,3891,2025-05-28 07:32:25,12,27,0.28,0,55,38
2804,2608,2025-05-05 04:53:15,8,0,0.6,0,74,20
2805,1547,2024-05-06 01:14:02,7,9,0.11,0,28,33
2806,3587,2025-11-18 05:43:32,3,17,0.32,0,68,26
2807,2552,2024-06-13 08:21:30,2,19,0.33,0,82,18
2808,2304,2024-08-24 12:09:05,10,33,0.21,0,42,37
2809,42,2025-01-23 19:38:42,5,12,0.37,0,49,36
2810,1484,2025-12-13 00:24:25,2,22,0.45,0,67,34
2811,975,2025-01-27 19:27:17,4,30,0.04,0,51,38
2812,4179,2024-02-22 23:24:01,5,13,0.34,0,59,9
2813,3655,2025-12-15 11:45:25,6,15,0.51,0,67,22
2814,4128,2025-02-13 00:31:59,2,24,0.25,0,67,16
2815,2797,2025-04-25 12:35:09,5,35,0.05,0,77,13
2816,937,2025-07-23 01:02:09,2,5,0.25,0,42,0
2817,4509,2025-03-21 13:50:00,4,27,0.34,0,39,40
2818,519,2024-11-26 09:38:55,2,22,0.16,0,36,30
2819,2368,2024-02-11 15:44:56,2,24,0.42,0,102,45
2820,2736,2025-03-10 20:27:26,0,17,0.25,0,37,18
2821,1701,2024-06-12 00:47:29,6,31,0.49,0,48,40
2822,2577,2025-01-06 12:44:43,7,21,0.11,0,61,0
2823,1166,2025-05-17 03:39:43,5,18,0.07,0,71,32
2824,614,2025-07-21 20:20:12,3,27,0.39,0,48,28
2825,4494,2025-02-26 04:47:54,6,10,0.11,0,67,5
2826,2989,2025-09-14 08:40:43,0,20,0.61,0,62,44
2827,1003,2024-06-27 09:26:47,0,34,0.35,0,40,31
2828,4417,2024-07-08 15:01:50,1,29,0.13,0,71,25
2829,3637,2025-11-01 12:36:53,2,25,0.28,1,40,23
2830,4059,2025-05-04 12:29:34,2,7,0.55,0,49,51
2831,1694,2025-04-08 00:56:27,5,1,0.42,0,57,23
2832,3814,2024-11-04 02:01:00,5,30,0.16,0,51,6
2833,2994,2025-03-08 06:25:22,5,30,0.35,0,54,5
2834,4263,2024-02-12 04:33:29,8,30,0.28,0,53,52
2835,2844,2024-06-24 17:53:04,3,32,0.39,1,10,49
2836,590,2025-08-09 03:06:23,4,21,0.37,0,78,14
2837,3021,2024-08-19 06:09:23,7,26,0.42,0,106,27
2838,2103,2025-08-16 03:32:12,6,27,0.23,0,51,41
2839,4647,2024-02-14 08:20:31,5,25,0.25,0,48,35
2840,998,2024-09-27 18:30:27,6,18,0.1,0,71,59
2841,2085,2024-03-25 19:44:28,9,31,0.53,0,89,13
2842,4218,2024-10-15 21:47:10,1,13,0.33,0,28,34
2843,1314,2025-06-12 14:47:15,4,23,0.23,0,45,32
2844,673,2024-08-19 22:10:19,9,33,0.05,0,67,5
2845,2227,2024-01-29 23:19:55,4,19,0.13,0,66,25
2846,4440,2025-10-28 11:50:19,2,32,0.47,0,45,20
2847,376,2024-12-31 05:17:23,5,31,0.2,1,55,33
2848,4887,2025-11-12 20:56:29,8,18,0.04,0,18,61
2849,486,2025-07-26 01:21:51,2,28,0.24,0,39,16
2850,2911,2025-08-26 23:36:54,5,15,0.21,0,65,46
2851,3904,2025-04-07 14:10:09,5,12,0.79,0,35,33
2852,3602,2024-12-12 17:03:33,6,11,0.42,0,65,24
2853,2261,2025-12-19 21:03:19,1,26,0.57,0,93,32
2854,331,2024-11-03 21:41:36,10,29,0.3,0,36,30
2855,3588,2025-07-29 04:49:35,10,15,0.41,0,55,54
2856,1433,2025-12-04 03:14:47,7,16,0.58,1,52,11
2857,3149,2024-05-07 17:47:36,5,23,0.3,1,43,33
2858,4115,2024-06-05 03:58:13,3,39,0.32,0,58,27
2859,4170,2025-11-02 21:33:51,6,21,0.18,0,38,25
2860,4291,2025-03-09 20:25:50,4,14,0.14,0,56,8
2861,2039,2025-08-16 15:06:43,7,11,0.64,0,60,15
2862,3173,2025-11-18 14:22:29,4,18,0.21,0,50,11
2863,895,2025-02-14 03:29:24,6,33,0.33,0,45,37
2864,4631,2025-09-25 01:15:04,8,11,0.2,0,106,59
2865,4549,2025-05-08 01:40:33,4,29,0.5,1,47,26
2866,175,2024-03-12 15:21:59,9,19,0.02,0,80,47
2867,569,2025-04-01 07:38:18,6,24,0.76,0,76,24
2868,4334,2024-02-05 05:45:16,0,23,0.27,0,43,48
2869,3407,2024-05-14 01:43:08,2,22,0.23,0,67,9
2870,4840,2024-05-11 08:06:14,10,15,0.08,0,63,45
2871,4176,2025-06-18 20:59:24,4,19,0.31,1,65,0
2872,3830,2024-12-26 00:36:08,3,32,0.05,0,55,17
2873,2122,2025-09-24 22:36:52,6,29,0.14,0,73,25
2874,4430,2025-03-13 21:03:32,0,13,0.33,0,55,36
2875,4998,2024-09-23 02:54:25,4,15,0.09,0,106,16
2876,2005,2024-07-22 20:59:36,7,16,0.07,0,58,23
2877,3854,2024-10-07 19:57:25,5,22,0.14,0,73,58
2878,3791,2024-09-08 07:27:11,5,1,0.08,0,67,24
2879,4197,2024-05-02 10:16:55,3,24,0.01,0,80,45
2880,1612,2024-07-11 12:17:42,3,20,0.2,0,47,49
2881,1588,2025-11-14 22:03:09,7,34,0.08,0,46,5
2882,2789,2025-11-28 00:39:06,0,9,0.2,0,66,21
2883,138,2024-11-29 23:00:16,4,21,0.58,0,75,34
2884,3716,2025-09-08 14:57:01,0,20,0.31,0,47,33
2885,4041,2024-05-31 20:01:18,7,31,0.47,0,41,3
2886,549,2024-06-22 00:08:24,0,28,0.14,0,35,28
2887,3982,2025-06-18 16:31:18,7,24,0.59,0,70,25
2888,1587,2024-03-13 09:38:14,0,27,0.4,0,88,33
2889,1348,2025-06-28 08:55:52,4,37,0.32,0,54,25
2890,757,2025-06-20 07:15:28,2,15,0.25,0,86,14
2891,1665,2025-10-22 06:19:57,7,0,0.26,1,37,13
2892,2977,2024-11-25 14:08:52,5,34,0.33,0,48,47
2893,426,2024-05-29 06:39:44,3,11,0.37,0,32,34
2894,3742,2024-04-24 08:37:01,4,43,0.23,0,65,40
2895,3990,2024-06-19 13:05:38,11,6,0.48,0,93,48
2896,716,2025-01-14 01:55:01,7,22,0.28,0,79,34
2897,3953,2024-05-18 02:00:58,12,14,0.44,0,65,15
2898,2938,2024-03-16 01:35:42,6,9,0.51,0,85,50
2899,1197,2024-04-23 04:57:04,5,13,0.47,0,55,44
2900,258,2024-04-17 22:54:53,4,10,0.29,0,41,0
2901,628,2024-01-30 23:30:04,7,22,0.23,0,57,17
2902,1072,2025-04-30 10:03:21,10,28,0.53,0,59,17
2903,3679,2025-05-20 21:58:23,5,37,0.37,0,30,35
2904,4574,2024-12-01 15:03:49,4,31,0.3,0,53,28
2905,4876,2025-09-09 09:16:26,2,31,0.14,0,73,42
2906,1129,2024-11-17 12:38:47,10,36,0.05,0,79,35
2907,1975,2025-06-24 12:35:13,5,36,0.75,0,53,24
2908,3956,2025-04-15 11:00:58,4,32,0.35,0,89,25
2909,226,2024-02-21 03:52:06,4,33,0.25,0,57,11
2910,2355,2024-06-10 03:33:02,6,27,0.14,1,53,18
2911,1647,2025-07-29 01:00:40,0,38,0.12,0,72,30
2912,4415,2025-08-04 01:24:19,3,32,0.14,0,84,19
2913,1866,2025-03-20 10:52:01,6,17,0.32,0,51,41
2914,3795,2024-06-28 17:02:42,5,34,0.12,0,38,44
2915,4677,2024-04-14 16:13:53,6,6,0.02,0,78,32
2916,1135,2025-04-30 18:37:55,10,16,0.26,0,66,24
2917,1228,2024-12-21 06:05:03,3,21,0.26,0,91,43
2918,85,2024-09-27 23:15:33,1,14,0.19,0,59,15
2919,2465,2025-08-01 17:04:47,3,26,0.22,0,66,48
2920,4535,2024-08-14 16:45:50,3,21,0.18,0,71,43
2921,4791,2025-02-07 23:08:34,5,34,0.33,1,38,29
2922,1470,2024-09-09 01:09:29,6,12,0.56,0,72,0
2923,3791,2025-07-26 12:39:48,2,14,0.01,0,47,49
2924,3245,2024-05-05 14:34:24,2,36,0.32,0,56,27
2925,3793,2025-06-22 00:33:33,4,13,0.21,0,54,41
2926,1198,2024-09-11 14:57:46,5,49,0.46,0,65,59
2927,3058,2024-10-12 06:00:09,3,29,0.25,0,58,35
2928,874,2024-07-15 02:51:59,2,22,0.23,0,28,17
2929,358,2025-12-16 03:49:35,8,1,0.38,0,68,20
2930,3235,2025-05-07 05:58:15,5,20,0.36,0,47,24
2931,150,2025-07-14 12:53:36,6,5,0.68,0,30,1
2932,2834,2025-07-18 01:19:15,10,10,0.24,0,23,2
2933,1990,2024-05-09 17:28:05,5,2,0.18,0,10,19
2934,1773,2024-09-05 08:06:53,2,17,0.08,0,65,38
2935,3212,2024-02-02 06:55:44,6,25,0.09,0,67,56
2936,89,2024-09-17 15:25:13,5,11,0.24,0,54,10
2937,3022,2024-04-13 19:24:51,3,15,0.21,1,74,13
2938,2443,2025-11-04 03:02:28,2,33,0.07,0,57,27
2939,1069,2024-10-07 15:58:27,0,12,0.22,0,68,22
2940,4863,2024-02-20 15:23:19,2,12,0.44,0,80,37
2941,3845,2024-10-25 01:30:59,2,31,0.16,0,47,10
2942,1496,2024-05-28 00:11:31,0,10,0.35,0,58,40
2943,112,2025-05-30 04:30:29,2,15,0.14,0,61,9
2944,3490,2025-02-12 05:31:00,5,15,0.15,0,49,32
2945,820,2025-06-19 06:27:37,5,19,0.13,0,33,49
2946,428,2024-03-06 02:31:05,0,22,0.59,0,21,15
2947,2554,2025-01-05 13:37:28,8,16,0.2,0,55,21
2948,4588,2024-06-05 00:41:07,7,14,0.42,0,41,30
2949,1103,2024-06-25 03:56:38,0,33,0.12,0,63,23
2950,1280,2025-01-31 12:15:55,3,8,0.49,0,76,15
2951,136,2025-01-29 00:41:07,5,10,0.07,0,67,47
2952,1003,2024-05-05 12:38:23,4,23,0.41,0,97,31
2953,3760,2025-03-09 03:59:15,4,16,0.18,0,67,21
2954,617,2025-10-19 15:52:14,8,0,0.64,0,87,0
2955,1444,2025-08-14 18:29:42,8,14,0.22,0,62,38
2956,4597,2024-11-06 15:26:20,10,24,0.18,0,46,12
2957,3563,2024-03-13 12:26:23,4,17,0.28,0,66,14
2958,866,2024-03-10 02:44:43,5,8,0.08,0,67,47
2959,4642,2025-02-06 09:53:22,1,19,0.32,1,22,0
2960,1067,2024-07-24 21:01:14,0,37,0.04,0,56,42
2961,4633,2025-02-18 06:02:58,6,28,0.27,0,67,33
2962,4741,2025-03-18 00:03:16,5,18,0.06,0,86,45
2963,2531,2024-06-12 06:58:14,1,9,0.09,0,87,35
2964,26,2025-04-23 11:03:56,0,43,0.02,0,63,48
2965,4655,2024-03-30 15:27:08,3,15,0.15,0,67,32
2966,4074,2024-06-12 00:14:47,5,22,0.28,0,74,34
2967,2008,2024-05-01 14:00:39,10,24,0.31,0,79,30
2968,1191,2024-07-31 06:55:06,1,8,0.58,0,60,44
2969,3604,2025-12-11 14:58:51,7,46,0.26,0,90,40
2970,943,2025-12-03 12:56:59,8,23,0.35,0,81,23
2971,881,2025-07-21 13:57:52,0,12,0.42,0,61,38
2972,560,2025-07-29 13:22:16,5,0,0.57,1,52,18
2973,2711,2025-11-13 11:41:28,4,16,0.22,0,53,51
2974,2306,2024-03-16 05:33:46,3,10,0.17,0,67,40
2975,246,2025-04-24 17:31:47,5,30,0.08,0,50,20
2976,1615,2025-03-06 09:27:07,7,23,0.34,0,68,20
2977,1821,2025-04-10 15:18:00,3,9,0.64,0,54,16
2978,1142,2024-05-19 04:59:00,3,35,0.33,0,56,21
2979,2612,2024-11-19 21:43:08,0,37,0.46,0,60,69
2980,1051,2024-08-25 12:22:42,11,0,0.43,0,64,25
2981,1300,2025-02-28 15:37:43,4,23,0.17,0,61,39
2982,1976,2025-03-14 06:49:22,0,29,0.09,0,51,32
2983,932,2025-08-21 21:19:28,6,10,0.16,0,74,20
2984,4312,2024-10-13 05:17:19,6,29,0.13,1,59,23
2985,3565,2024-02-24 08:59:15,5,6,0.27,0,50,30
2986,4785,2025-02-16 02:28:25,6,30,0.06,0,43,38
2987,3153,2024-11-19 12:31:40,5,14,0.31,1,75,18
2988,513,2024-12-04 03:04:20,0,22,0.06,0,58,37
2989,2082,2025-04-19 21:54:19,5,20,0.31,0,54,16
2990,1396,2025-11-19 20:05:24,3,22,0.21,0,72,54
2991,869,2024-02-21 18:12:36,5,0,0.1,0,59,0
2992,534,2024-04-28 19:54:33,1,11,0.29,0,58,47
2993,4594,2024-08-08 20:17:16,4,0,0.49,0,36,26
2994,3341,2025-12-08 07:18:23,11,25,0.19,1,91,15
2995,2097,2024-11-02 09:18:24,3,32,0.6,1,75,41
2996,4228,2025-05-20 19:13:06,8,18,0.31,0,56,26
2997,1313,2024-01-29 04:18:58,5,29,0.47,0,96,41
2998,52,2025-08-20 15:28:53,0,27,0.5,1,45,12
2999,889,2024-05-16 19:32:15,3,17,0.35,0,80,28
3000,2475,2025-12-20 01:12:11,1,17,0.37,0,10,28
3001,1317,2025-05-06 09:37:24,11,15,0.27,0,52,48
3002,320,2025-04-27 23:39:01,0,20,0.36,0,87,33
3003,1999,2025-05-26 01:21:27,7,16,0.37,0,105,28
3004,4682,2025-03-07 05:43:49,4,30,0.18,1,69,27
3005,1947,2025-02-16 14:59:42,5,10,0.13,0,33,45
3006,1025,2024-03-28 05:27:53,6,22,0.44,0,74,14
3007,2131,2025-01-07 22:23:23,5,35,0.52,0,59,60
3008,3191,2024-04-18 04:01:51,4,15,0.06,0,63,41
3009,1085,2024-11-18 16:34:19,7,22,0.25,0,71,7
3010,1849,2025-07-15 22:50:31,11,25,0.21,0,47,44
3011,3140,2025-12-16 15:28:01,0,20,0.3,0,64,28
3012,1978,2025-01-15 00:59:31,3,24,0.18,0,77,30
3013,4701,2024-10-12 15:07:35,5,17,0.11,0,53,38
3014,1687,2025-04-26 20:09:07,4,15,0.27,0,15,10
3015,3796,2024-11-20 15:31:42,6,15,0.05,0,67,40
3016,1958,2024-05-18 19:57:53,5,11,0.69,0,103,24
3017,3876,2025-10-06 09:40:56,6,36,0.5,0,69,28
3018,2501,2025-07-08 08:48:28,4,0,0.43,0,24,32
3019,3559,2025-06-03 11:42:40,6,18,0.44,1,46,14
3020,2724,2024-02-11 06:04:37,2,43,0.16,0,102,25
3021,2445,2025-10-13 09:26:05,7,43,0.48,1,36,23
3022,3994,2025-09-06 00:05:42,4,14,0.33,1,77,20
3023,218,2025-07-08 17:23:53,2,31,0.26,0,47,26
3024,3354,2025-08-27 05:57:55,6,19,0.33,0,70,25
3025,381,2025-12-13 07:14:52,6,28,0.26,0,33,14
3026,3407,2024-05-19 00:12:37,1,13,0.16,0,53,50
3027,1435,2025-07-14 23:24:14,2,14,0.1,1,22,39
3028,4125,2024-10-08 03:54:58,6,9,0.48,0,76,45
3029,2870,2024-10-10 10:41:55,9,16,0.25,0,72,40
3030,1803,2025-01-15 20:11:59,4,13,0.25,0,33,38
3031,4160,2024-05-02 20:20:25,4,8,0.24,0,75,48
3032,4760,2025-08-31 14:27:26,5,21,0.29,0,59,18
3033,1585,2024-02-03 23:35:33,4,25,0.35,0,54,27
3034,2578,2024-08-03 13:33:03,7,5,0.12,0,38,27
3035,3951,2024-04-04 17:28:52,6,13,0.16,0,19,30
3036,1219,2024-07-30 11:31:37,4,0,0.28,0,42,35
3037,1118,2025-03-01 17:29:18,2,17,0.1,0,35,32
3038,263,2024-03-30 15:25:53,7,21,0.38,0,35,7
3039,502,2024-04-06 01:34:14,0,23,0.41,0,27,19
3040,4318,2025-10-20 23:14:32,3,29,0.39,0,24,34
3041,4738,2024-02-19 03:41:52,3,14,0.19,0,56,48
3042,2187,2024-09-04 02:27:18,9,14,0.19,0,44,15
3043,1857,2025-05-16 09:41:22,6,10,0.5,0,81,24
3044,2531,2024-11-25 12:08:59,10,28,0.55,0,54,48
3045,4743,2025-01-08 03:01:09,0,12,0.32,1,81,17
3046,984,2025-06-10 02:34:06,2,23,0.12,0,70,30
3047,797,2025-01-13 03:53:36,5,17,0.28,1,67,41
3048,2856,2024-02-25 16:28:48,4,14,0.2,0,46,13
3049,541,2025-09-15 01:11:43,9,0,0.31,0,42,25
3050,1997,2024-05-25 01:43:34,2,17,0.19,1,33,45
3051,1500,2025-09-02 21:47:16,0,10,0.3,0,70,29
3052,1629,2024-11-08 23:04:16,2,13,0.24,0,70,19
3053,3362,2024-10-16 23:38:37,6,18,0.11,0,77,2
3054,3593,2024-06-01 22:32:57,3,11,0.52,0,62,57
3055,3620,2024-11-14 12:47:35,5,7,0.22,0,27,68
3056,2096,2025-09-14 06:03:33,6,27,0.3,0,54,34
3057,1749,2025-08-21 14:57:55,4,11,0.38,0,93,65
3058,3201,2025-11-30 21:11:25,4,13,0.17,0,76,29
3059,3503,2024-05-23 04:27:59,2,24,0.02,0,51,41
3060,2277,2025-09-21 04:22:52,2,17,0.16,0,83,62
3061,1958,2025-07-10 00:33:30,4,22,0.18,0,74,7
3062,4069,2025-08-14 03:14:36,4,29,0.2,0,50,33
3063,3846,2024-11-20 10:55:17,2,17,0.05,0,54,28
3064,3052,2025-04-17 23:41:33,4,28,0.42,1,79,38
3065,1989,2024-11-09 19:23:51,4,29,0.4,0,82,21
3066,2193,2025-10-30 02:24:08,4,39,0.29,0,73,0
3067,1409,2025-07-02 10:58:38,8,15,0.27,1,81,40
3068,1455,2025-10-10 08:13:51,2,5,0.06,0,38,28
3069,2606,2025-03-03 16:48:21,2,16,0.4,0,62,15
3070,2184,2024-11-09 14:32:16,3,15,0.18,1,49,26
3071,4096,2025-07-03 22:09:15,2,10,0.17,0,80,34
3072,4967,2025-09-26 16:23:22,0,12,0.26,0,39,23
3073,3221,2025-10-28 07:23:41,2,36,0.55,0,64,27
3074,1704,2025-02-08 11:05:08,7,19,0.58,0,45,43
3075,4758,2025-04-06 17:51:09,2,19,0.39,0,66,43
3076,125,2025-01-11 02:47:00,8,14,0.41,0,73,32
3077,1217,2025-11-30 05:19:28,6,12,0.19,0,83,0
3078,95,2025-06-01 20:40:02,4,17,0.22,0,68,74
3079,2532,2024-03-02 04:36:43,11,35,0.18,0,77,37
3080,3148,2024-10-10 08:35:09,6,26,0.18,0,59,30
3081,3384,2025-07-31 13:19:20,9,14,0.31,0,73,31
3082,147,2025-09-29 02:49:14,3,18,0.21,0,50,20
3083,1033,2024-10-08 05:58:45,7,18,0.22,0,63,8
3084,234,2025-10-21 15:01:38,3,16,0.21,1,71,31
3085,2701,2025-07-05 04:17:25,7,26,0.23,0,15,37
3086,3371,2024-03-18 01:48:23,3,18,0.49,0,24,42
3087,4252,2025-09-10 19:38:16,3,24,0.83,0,67,30
3088,3163,2024-10-27 20:02:55,7,19,0.19,0,29,47
3089,4856,2024-01-31 05:21:34,7,25,0.14,0,54,24
3090,3624,2024-02-29 04:17:19,6,23,0.13,0,77,24
3091,4886,2025-04-05 18:25:56,8,42,0.34,0,70,22
3092,4622,2025-02-05 01:40:54,4,21,0.09,0,55,48
3093,2718,2024-11-24 08:20:29,6,31,0.2,0,63,53
3094,2387,2024-03-27 16:59:18,2,22,0.07,0,59,28
3095,1642,2025-07-14 05:47:32,4,10,0.05,1,62,30
3096,4465,2024-05-25 14:13:07,5,13,0.22,0,55,37
3097,2462,2025-05-19 12:37:20,4,0,0.41,0,60,59
3098,2921,2024-02-28 08:27:51,3,26,0.1,1,95,47
3099,3765,2024-12-11 13:38:42,5,10,0.4,0,53,37
3100,4399,2025-02-22 21:46:26,9,20,0.4,0,78,4
3101,3659,2025-09-08 08:30:20,3,31,0.52,0,43,31
3102,4949,2024-02-03 05:58:37,5,12,0.24,0,39,40
3103,1747,2024-08-17 02:17:43,1,16,0.49,0,86,56
3104,1157,2024-09-05 13:14:50,5,5,0.65,1,63,40
3105,2678,2024-09-04 23:34:41,0,20,0.31,0,81,20
3106,3633,2025-04-23 00:08:54,1,18,0.5,0,74,27
3107,368,2025-07-19 15:28:48,10,7,0.04,0,25,23
3108,4409,2025-03-13 12:12:59,3,19,0.15,0,66,41
3109,1969,2025-04-27 01:13:45,7,12,0.24,0,31,32
3110,140,2024-02-09 05:16:35,1,37,0.04,0,76,35
3111,2340,2024-11-15 22:44:43,0,21,0.53,0,62,41
3112,68,2025-03-04 21:38:34,8,21,0.35,0,55,30
3113,3631,2025-10-29 20:49:50,6,12,0.3,0,54,49
3114,1064,2024-10-17 04:03:07,9,40,0.28,0,55,3
3115,2412,2024-02-22 13:08:20,3,15,0.33,0,23,25
3116,820,2024-05-29 09:51:39,0,35,0.19,0,39,37
3117,237,2024-09-13 11:35:17,2,1,0.32,0,67,17
3118,2266,2024-06-10 20:44:37,10,19,0.16,0,47,60
3119,1415,2025-02-11 08:59:44,6,6,0.18,0,48,55
3120,4510,2025-06-17 14:20:55,4,24,0.4,0,71,25
3121,2964,2024-10-02 22:26:36,7,22,0.08,0,73,14
3122,4456,2025-08-30 03:13:01,8,10,0.51,0,37,36
3123,3092,2025-03-27 07:59:51,5,30,0.19,0,83,59
3124,570,2024-12-19 02:58:27,3,17,0.25,0,63,48
3125,3998,2025-10-12 10:55:03,4,4,0.13,0,66,49
3126,4314,2025-06-06 21:32:34,5,14,0.3,0,120,17
3127,267,2025-09-10 17:33:15,3,11,0.07,0,49,23
3128,774,2024-12-21 22:55:17,3,24,0.19,0,52,24
3129,3943,2024-06-03 20:45:06,8,28,0.38,0,62,47
3130,1745,2024-09-08 05:46:56,8,28,0.26,0,60,8
3131,266,2024-10-30 12:50:02,9,8,0.17,0,26,27
3132,3055,2025-11-01 15:40:14,1,13,0.09,0,76,45
3133,3664,2024-10-31 06:59:30,4,27,0.16,0,51,45
3134,1400,2025-03-31 10:16:45,0,27,0.54,0,54,28
3135,4008,2025-03-12 06:22:33,3,12,0.4,0,55,38
3136,1427,2024-06-18 08:42:49,8,23,0.44,0,81,34
3137,2489,2024-08-25 19:08:49,3,17,0.16,0,100,18
3138,1455,2025-10-02 10:02:08,10,5,0.25,0,64,50
3139,1708,2025-10-31 22:52:01,5,12,0.3,1,58,46
3140,2244,2024-05-17 06:44:56,3,23,0.23,0,37,60
3141,2774,2025-03-03 17:27:56,4,12,0.49,0,67,46
3142,230,2024-08-20 20:50:03,9,30,0.18,0,83,41
3143,2266,2025-02-13 09:53:08,7,17,0.21,0,28,15
3144,3059,2025-06-09 03:19:01,7,37,0.62,0,71,24
3145,4223,2025-11-15 19:00:07,5,35,0.8,0,85,28
3146,1885,2024-02-15 23:11:14,3,37,0.5,0,64,30
3147,5,2024-10-14 03:07:04,5,33,0.13,0,51,29
3148,3087,2024-06-07 07:04:04,8,38,0.23,0,92,41
3149,756,2024-10-11 05:12:42,8,22,0.39,1,50,35
3150,714,2024-11-27 11:39:13,1,0,0.03,0,68,22
3151,4867,2025-04-08 06:48:05,7,28,0.27,0,82,26
3152,3613,2025-05-26 13:51:51,8,17,0.45,0,52,29
3153,1575,2025-07-07 07:27:44,3,10,0.3,0,50,20
3154,2401,2024-12-11 03:12:08,7,27,0.04,0,84,30
3155,4624,2025-12-12 07:11:14,4,22,0.43,0,34,32
3156,526,2024-02-04 09:30:02,3,35,0.17,0,59,12
3157,3466,2024-04-05 22:26:40,6,20,0.39,0,90,0
3158,3312,2025-12-20 04:35:57,4,24,0.08,0,50,19
3159,170,2024-04-21 18:55:50,0,16,0.17,0,73,32
3160,3141,2025-08-22 00:22:01,9,4,0.46,0,51,46
3161,1705,2024-02-09 13:18:47,4,31,0.29,0,52,27
3162,4050,2025-02-11 00:14:37,1,31,0.71,0,38,37
3163,3827,2025-11-28 04:12:01,2,16,0.3,0,36,40
3164,4523,2025-10-28 10:12:18,6,23,0.12,1,61,34
3165,3003,2025-04-19 03:24:05,1,19,0.55,0,45,24
3166,3142,2024-05-30 07:38:56,0,14,0.32,0,51,59
3167,4418,2025-03-31 01:21:41,3,20,0.38,0,42,34
3168,2080,2024-02-10 05:10:51,12,14,0.23,0,107,20
3169,914,2024-09-16 23:07:30,0,21,0.33,1,40,25
3170,3877,2025-06-03 16:43:44,4,11,0.22,0,37,15
3171,2427,2025-04-14 16:55:09,9,23,0.37,0,113,48
3172,3795,2024-03-07 04:05:22,4,16,0.28,0,73,25
3173,3640,2025-11-03 13:21:46,6,24,0.1,0,51,14
3174,4463,2024-08-14 09:31:27,7,18,0.18,0,63,42
3175,4287,2024-12-20 11:59:57,3,8,0.08,0,73,38
3176,3827,2025-01-24 14:12:42,5,18,0.23,0,52,45
3177,4635,2025-11-14 22:44:35,2,26,0.33,0,10,29
3178,3038,2024-04-26 16:41:49,1,8,0.16,0,101,31
3179,2084,2024-04-30 07:28:17,4,8,0.15,0,43,34
3180,2850,2024-08-13 06:55:53,2,10,0.26,0,102,20
3181,4734,2025-02-06 00:59:35,5,9,0.38,0,53,47
3182,2882,2024-09-03 17:38:51,1,19,0.2,0,27,21
3183,1795,2024-04-30 11:29:04,1,5,0.63,0,64,49
3184,2369,2024-02-19 23:47:10,8,26,0.32,0,47,21
3185,828,2024-02-10 06:23:15,5,20,0.15,1,66,26
3186,3451,2025-01-07 01:37:28,5,9,0.1,0,33,47
3187,3737,2025-01-19 17:43:08,2,5,0.35,0,68,19
3188,4339,2025-04-24 23:24:05,2,13,0.04,0,34,37
3189,4917,2025-08-20 09:59:27,5,30,0.26,0,54,23
3190,1059,2024-02-17 17:31:54,8,25,0.51,0,51,27
3191,2585,2025-05-21 17:01:43,4,15,0.28,0,33,14
3192,3101,2024-11-25 14:51:32,3,25,0.26,0,39,40
3193,3478,2024-10-09 07:02:28,9,12,0.36,0,58,19
3194,3196,2024-07-14 09:35:39,3,0,0.43,1,55,15
3195,3589,2025-11-17 16:11:50,6,15,0.2,0,84,43
3196,3775,2024-09-20 14:48:01,0,28,0.46,0,62,29
3197,1298,2025-03-22 22:30:23,9,18,0.07,0,47,31
3198,3100,2025-08-03 20:38:55,7,18,0.06,0,64,18
3199,3414,2025-06-27 17:33:23,7,18,0.39,0,47,55
3200,1528,2025-01-27 17:34:02,3,14,0.42,1,32,0
3201,609,2024-04-12 20:49:51,9,25,0.11,0,94,18
3202,322,2024-06-14 14:49:33,3,31,0.55,0,31,30
3203,21,2024-10-13 15:34:55,5,21,0.22,0,65,35
3204,1714,2024-02-16 14:50:29,9,9,0.38,0,59,39
3205,3058,2025-02-17 21:43:55,7,1,0.37,0,39,53
3206,1753,2025-12-08 19:51:32,6,18,0.23,0,75,43
3207,4071,2024-11-24 11:31:00,9,27,0.33,0,39,1
3208,2967,2024-06-15 20:33:37,7,35,0.14,1,72,32
3209,188,2025-01-12 00:05:58,2,8,0.27,0,85,51
3210,3607,2024-03-18 20:34:14,6,25,0.15,0,34,2
3211,2288,2025-11-27 23:36:33,8,26,0.21,0,79,16
3212,4381,2024-10-13 22:52:40,7,14,0.23,0,76,56
3213,4348,2025-10-02 01:46:59,7,26,0.3,0,90,33
3214,1473,2025-11-24 13:56:58,1,25,0.1,0,45,47
3215,3550,2025-07-03 15:44:05,3,29,0.21,0,63,29
3216,3370,2024-12-31 17:44:46,5,39,0.75,0,60,50
3217,2175,2025-07-20 12:54:33,5,11,0.21,0,33,34
3218,1005,2024-03-14 04:59:16,7,21,0.1,0,68,16
3219,2938,2025-06-20 12:17:47,2,10,0.19,0,62,20
3220,78,2025-04-27 18:27:08,4,15,0.21,0,78,49
3221,3235,2025-09-21 15:43:05,2,31,0.22,0,40,43
3222,3490,2025-05-26 08:54:51,6,32,0.11,0,59,31
3223,1446,2025-05-31 13:03:08,4,15,0.22,0,61,18
3224,2808,2024-02-16 15:44:19,3,4,0.37,0,76,15
3225,1985,2025-12-02 05:17:29,5,22,0.35,0,60,42
3226,4516,2024-02-01 01:35:32,4,29,0.13,0,65,41
3227,361,2024-06-28 09:14:52,6,20,0.4,1,43,11
3228,3059,2024-08-06 07:46:30,3,22,0.4,0,25,15
3229,2241,2024-10-05 20:28:50,2,39,0.06,0,46,42
3230,4279,2025-01-01 04:09:44,7,9,0.22,0,54,18
3231,4954,2024-10-02 00:09:36,7,34,0.64,0,42,38
3232,4972,2025-11-04 09:20:03,2,17,0.03,0,16,7
3233,2024,2025-08-20 23:19:56,3,4,0.51,1,40,48
3234,2176,2025-03-19 19:21:36,6,31,0.19,0,62,21
3235,3773,2024-11-21 11:33:51,8,36,0.35,0,26,18
3236,1852,2025-08-01 17:55:47,6,21,0.41,0,44,0
3237,2396,2024-05-05 15:56:55,3,10,0.17,0,45,18
3238,433,2025-05-02 01:09:18,7,31,0.14,0,103,37
3239,4465,2024-06-19 18:55:51,1,20,0.15,0,53,38
3240,4435,2025-10-05 16:19:13,4,28,0.06,0,81,32
3241,4942,2025-02-08 15:44:33,0,14,0.31,0,76,44
3242,4806,2025-09-17 11:08:42,0,31,0.15,0,47,10
3243,1805,2024-11-07 06:52:15,8,8,0.24,0,83,17
3244,4996,2024-02-12 21:23:39,3,24,0.06,1,67,15
3245,3383,2024-08-24 15:40:57,2,10,0.13,0,49,37
3246,1668,2024-09-03 14:31:36,0,8,0.07,0,48,39
3247,4359,2025-09-23 06:17:43,6,34,0.18,0,26,25
3248,2273,2024-07-11 03:31:33,10,7,0.62,0,41,34
3249,2001,2025-08-25 07:52:11,6,4,0.35,0,25,32
3250,884,2024-02-03 13:36:48,8,14,0.28,0,105,31
3251,466,2024-07-12 10:53:03,0,26,0.2,0,47,27
3252,2673,2024-05-14 10:19:49,2,17,0.41,0,66,21
3253,2866,2024-04-06 03:17:37,5,20,0.53,0,64,30
3254,1027,2024-07-01 17:54:18,3,23,0.19,0,39,46
3255,93,2024-08-11 08:27:15,5,13,0.05,1,52,17
3256,557,2025-12-19 18:01:09,1,10,0.07,1,62,20
3257,1718,2024-10-01 01:40:15,9,16,0.09,0,40,24
3258,448,2025-06-19 15:54:25,7,44,0.13,0,67,5
3259,3133,2025-08-30 17:06:53,6,5,0.24,0,74,42
3260,787,2024-06-02 11:12:31,0,9,0.35,0,54,16
3261,2575,2025-04-24 20:26:24,3,16,0.12,0,62,28
3262,2303,2024-08-05 10:10:21,5,40,0.2,0,68,38
3263,1427,2025-12-22 01:06:05,8,21,0.16,1,78,10
3264,1541,2024-09-02 18:02:47,0,24,0.17,0,93,43
3265,417,2025-03-05 19:15:02,0,13,0.07,0,82,38
3266,2869,2025-05-17 01:45:55,9,29,0.04,0,59,40
3267,1892,2025-11-30 23:30:50,4,9,0.17,0,90,31
3268,2439,2025-05-20 12:12:00,9,36,0.11,0,21,41
3269,4259,2024-02-19 20:47:23,8,6,0.54,0,76,0
3270,2785,2024-05-01 15:18:42,6,20,0.44,0,83,7
3271,409,2025-09-19 16:26:26,9,20,0.13,0,34,12
3272,1986,2024-12-13 11:41:29,7,13,0.14,0,23,18
3273,2510,2024-04-02 04:57:28,13,28,0.2,0,81,37
3274,244,2024-05-08 19:46:59,4,13,0.29,1,45,35
3275,265,2025-04-21 00:50:18,4,23,0.27,0,114,28
3276,1753,2024-11-04 10:44:19,7,14,0.04,0,90,44
3277,1578,2025-02-19 14:49:24,2,18,0.38,0,57,23
3278,2912,2025-05-14 16:37:19,3,45,0.03,0,77,21
3279,1566,2025-11-29 15:49:55,7,39,0.17,0,80,33
3280,1905,2025-06-10 03:23:17,9,29,0.28,0,50,21
3281,3278,2025-03-10 14:42:19,1,2,0.19,0,26,36
3282,752,2024-03-23 21:20:11,4,22,0.42,0,90,25
3283,71,2025-10-30 05:09:12,4,37,0.16,0,45,17
3284,1712,2025-06-10 00:11:39,5,21,0.28,0,52,41
3285,4161,2024-05-19 18:46:29,3,30,0.66,0,82,4
3286,700,2025-01-14 21:48:32,4,7,0.1,0,92,32
3287,3649,2024-09-01 04:15:56,5,25,0.14,0,58,10
3288,4911,2025-01-19 17:11:30,3,42,0.25,1,62,17
3289,2924,2025-08-15 16:14:46,9,24,0.39,1,46,26
3290,2396,2025-06-05 19:52:14,7,26,0.23,0,43,19
3291,4408,2025-12-01 15:20:07,1,12,0.24,0,20,31
3292,4551,2025-03-18 22:46:59,7,14,0.23,0,73,32
3293,281,2025-01-28 04:28:34,5,19,0.24,0,38,30
3294,781,2024-03-14 14:46:08,5,9,0.39,0,53,31
3295,2628,2025-11-18 20:08:39,2,11,0.48,0,31,52
3296,2096,2024-08-03 01:21:20,7,21,0.35,1,56,30
3297,3506,2024-10-06 05:18:16,0,21,0.09,0,92,17
3298,2318,2025-02-19 17:34:04,10,34,0.36,0,52,14
3299,38,2025-12-13 09:13:34,5,25,0.1,0,59,35
3300,1918,2025-10-07 03:15:39,2,17,0.14,0,60,46
3301,1312,2024-10-04 19:37:31,4,33,0.01,0,86,61
3302,1528,2024-11-15 01:56:28,6,14,0.44,1,74,37
3303,4349,2024-06-07 08:49:46,0,13,0.43,0,78,36
3304,3132,2025-02-09 02:58:59,6,17,0.55,0,21,35
3305,3997,2024-12-17 18:10:39,6,20,0.21,0,100,43
3306,4726,2025-08-18 14:48:31,7,21,0.09,0,59,28
3307,1442,2025-09-11 18:08:08,8,28,0.36,0,59,22
3308,4350,2025-08-11 18:42:39,5,25,0.18,0,45,16
3309,2507,2024-11-03 13:54:43,6,15,0.31,0,40,47
3310,3449,2024-07-04 04:32:29,4,9,0.22,0,79,46
3311,2507,2024-11-29 17:21:14,4,28,0.45,0,78,38
3312,3013,2025-01-18 07:53:16,3,15,0.06,0,72,27
3313,4345,2025-03-24 03:49:50,5,32,0.35,0,56,5
3314,1848,2025-05-18 19:33:02,8,19,0.06,0,57,38
3315,530,2024-05-22 23:08:26,4,16,0.57,0,73,26
3316,2793,2025-09-09 05:22:35,5,15,0.47,0,53,34
3317,1461,2025-09-22 19:10:53,7,20,0.31,0,41,0
3318,4385,2025-05-26 21:59:01,3,34,0.04,0,51,15
3319,2912,2025-02-08 12:21:32,6,57,0.43,0,55,58
3320,4579,2025-04-17 00:57:24,8,15,0.26,0,96,41
3321,4596,2024-02-09 08:03:27,8,17,0.16,0,61,49
3322,2481,2024-09-23 16:16:17,5,8,0.27,1,122,58
3323,1185,2024-12-05 01:07:53,7,34,0.53,0,41,7
3324,3488,2024-12-28 12:46:43,2,22,0.1,0,34,3
3325,4513,2025-07-28 01:52:47,4,22,0.16,0,46,14
3326,2828,2025-10-06 08:10:36,4,19,0.45,0,96,8
3327,4957,2024-08-29 06:25:38,4,6,0.42,0,76,27
3328,11,2025-08-07 07:10:20,1,10,0.39,0,50,29
3329,4401,2025-09-13 19:33:44,6,25,0.76,0,70,19
3330,3286,2024-12-16 07:01:36,1,18,0.34,1,89,39
3331,702,2024-08-07 04:24:33,4,24,0.15,0,51,41
3332,571,2025-10-20 18:28:44,3,24,0.38,0,76,8
3333,3798,2025-11-03 00:19:11,8,23,0.44,0,57,17
3334,677,2025-10-23 21:04:27,0,23,0.14,0,53,35
3335,4642,2025-09-21 01:26:23,1,22,0.12,0,50,46
3336,2084,2024-10-06 21:55:13,0,11,0.53,0,72,54
3337,22,2024-10-20 08:27:29,3,22,0.5,0,92,36
3338,4069,2025-02-04 03:04:23,4,27,0.35,1,11,55
3339,4380,2025-09-10 05:57:36,6,16,0.03,0,37,28
3340,1725,2024-11-21 14:42:37,3,16,0.18,0,62,38
3341,4201,2024-07-22 19:38:08,10,19,0.35,0,45,46
3342,3198,2025-03-29 15:31:59,5,30,0.05,0,58,38
3343,4931,2025-03-08 03:02:44,0,16,0.09,0,89,32
3344,820,2024-11-02 06:55:45,3,22,0.26,0,56,18
3345,2609,2024-06-20 02:17:19,6,24,0.11,0,82,29
3346,4815,2025-08-23 10:32:33,6,17,0.75,0,60,22
3347,121,2025-10-13 09:42:00,0,1,0.45,0,60,19
3348,455,2025-06-24 17:50:49,9,8,0.56,0,49,33
3349,1364,2025-04-24 03:32:32,1,4,0.19,0,48,21
3350,1014,2024-11-06 13:20:31,4,6,0.25,0,61,11
3351,3946,2025-03-28 16:38:10,10,23,0.29,0,21,32
3352,2382,2024-08-19 15:30:16,4,25,0.48,0,60,55
3353,1998,2025-05-20 07:31:41,4,13,0.13,0,67,23
3354,4990,2025-01-24 01:08:50,8,21,0.24,1,19,0
3355,2476,2025-02-09 10:18:20,6,22,0.12,0,55,26
3356,339,2025-05-18 22:55:46,4,33,0.31,0,79,8
3357,1202,2025-02-17 06:59:39,4,23,0.18,0,72,28
3358,2061,2024-11-20 12:42:32,5,19,0.36,0,101,2
3359,1326,2024-02-02 20:45:13,0,7,0.39,0,48,38
3360,3164,2024-10-01 01:12:05,3,18,0.02,0,40,36
3361,634,2024-10-28 16:46:22,1,23,0.11,0,92,28
3362,114,2025-07-22 19:15:13,7,18,0.23,0,66,15
3363,3669,2025-02-16 05:02:23,2,34,0.22,0,71,44
3364,3030,2024-12-20 21:40:14,2,32,0.24,0,55,30
3365,4392,2025-09-07 14:32:34,6,10,0.38,0,50,53
3366,559,2025-03-04 07:55:34,5,14,0.07,0,51,37
3367,2093,2024-04-13 07:14:08,1,12,0.11,1,66,26
3368,2274,2025-01-15 18:46:15,8,20,0.11,0,67,33
3369,1632,2025-05-04 23:01:35,3,5,0.34,1,34,47
3370,1415,2024-06-16 03:46:10,6,37,0.16,1,41,21
3371,4524,2025-02-21 15:37:58,0,0,0.23,0,63,43
3372,3997,2025-08-26 22:45:13,8,23,0.43,0,72,33
3373,1532,2024-07-07 23:32:44,8,37,0.19,0,49,57
3374,2616,2025-05-12 10:37:01,2,20,0.16,0,64,14
3375,844,2025-02-27 15:06:35,4,17,0.34,0,87,38
3376,3019,2025-11-02 02:01:44,9,25,0.28,0,45,34
3377,4093,2025-11-06 03:59:43,2,18,0.68,0,75,20
3378,1635,2024-03-25 07:31:31,4,26,0.21,0,50,19
3379,78,2025-01-15 22:45:01,2,0,0.21,0,43,25
3380,1074,2025-06-05 13:54:21,5,24,0.22,0,33,25
3381,504,2024-06-18 18:23:56,6,15,0.4,0,60,40
3382,3254,2024-03-17 10:22:48,3,33,0.11,0,77,8
3383,2900,2024-03-18 05:22:17,3,11,0.14,0,49,41
3384,1316,2025-03-13 05:52:43,8,27,0.42,0,60,19
3385,2873,2025-08-26 16:42:22,1,17,0.21,0,29,43
3386,530,2025-09-21 10:50:55,0,20,0.25,0,79,35
3387,2739,2025-04-08 07:25:52,4,17,0.35,0,91,40
3388,643,2025-03-14 02:07:38,7,31,0.23,0,35,39
3389,1267,2024-06-28 05:41:34,7,34,0.15,0,58,13
3390,1988,2024-08-18 07:59:36,1,31,0.26,0,95,17
3391,3274,2025-09-18 02:48:48,9,4,0.21,0,68,27
3392,3890,2025-08-14 14:41:51,5,23,0.06,0,69,39
3393,1028,2025-08-11 06:58:56,7,13,0.43,1,47,14
3394,2369,2025-09-12 07:00:16,6,15,0.16,0,68,18
3395,3338,2024-09-24 12:24:48,4,24,0.23,0,32,45
3396,4950,2024-03-03 21:58:29,7,28,0.2,0,56,53
3397,1045,2025-08-23 11:07:50,5,14,0.01,0,69,43
3398,387,2024-09-19 06:59:03,10,16,0.23,0,47,50
3399,1117,2025-06-19 18:15:21,4,23,0.28,1,60,32
3400,837,2024-06-14 22:15:58,4,26,0.19,0,73,42
3401,533,2025-01-23 04:48:16,10,35,0.3,0,10,11
3402,453,2024-06-04 12:00:47,9,21,0.21,0,63,39
3403,2173,2024-08-26 12:20:50,0,11,0.42,0,73,32
3404,1851,2024-09-03 07:24:05,3,24,0.21,0,47,38
3405,3143,2025-08-18 13:39:07,7,27,0.36,0,22,38
3406,670,2025-03-04 20:26:12,10,13,0.23,0,88,21
3407,1540,2025-01-21 11:37:09,7,31,0.21,0,61,39
3408,4105,2024-08-24 11:55:41,2,23,0.61,0,50,19
3409,301,2025-10-03 04:02:32,5,26,0.11,0,68,18
3410,1311,2024-09-10 14:44:33,4,40,0.14,1,29,60
3411,2992,2025-08-31 18:15:41,5,17,0.47,0,85,0
3412,564,2025-12-02 08:19:19,11,11,0.22,0,80,41
3413,1758,2025-03-09 01:58:11,6,24,0.38,1,93,39
3414,1375,2024-02-28 06:59:14,0,18,0.39,0,52,16
3415,1199,2025-10-23 10:29:08,4,0,0.28,0,76,9
3416,4888,2024-03-23 14:06:24,10,31,0.45,0,64,2
3417,4011,2025-05-18 15:32:19,3,22,0.61,0,57,12
3418,3670,2025-12-13 11:09:46,8,21,0.48,0,45,26
3419,3337,2025-05-20 17:45:45,2,1,0.31,0,27,23
3420,4009,2025-03-23 01:48:27,4,11,0.25,0,45,18
3421,3874,2025-01-15 00:53:22,8,21,0.19,0,53,32
3422,585,2024-05-12 22:53:44,10,25,0.22,0,21,16
3423,2088,2025-09-07 08:43:50,1,0,0.06,0,44,29
3424,4239,2024-03-03 12:09:52,8,18,0.08,1,70,48
3425,2359,2024-05-18 03:14:30,7,0,0.21,0,73,6
3426,3470,2025-07-11 05:59:13,7,31,0.14,0,22,22
3427,3031,2024-03-05 23:48:09,1,11,0.18,0,63,18
3428,894,2024-12-08 21:26:47,0,15,0.06,0,72,14
3429,2104,2025-02-04 12:11:53,9,24,0.13,0,62,19
3430,2700,2024-03-21 08:17:00,5,12,0.08,0,62,21
3431,2988,2024-09-25 02:40:57,4,16,0.11,0,55,37
3432,3119,2025-10-30 12:50:27,0,24,0.3,0,51,8
3433,493,2024-02-25 03:55:43,4,29,0.26,0,46,39
3434,2312,2024-09-07 01:45:58,8,22,0.23,0,60,13
3435,504,2025-08-24 18:46:31,4,17,0.23,0,46,34
3436,470,2024-09-08 01:08:23,6,17,0.44,1,45,33
3437,2811,2025-09-25 23:07:46,9,17,0.24,0,26,9
3438,2329,2025-07-19 18:44:55,1,13,0.14,0,33,20
3439,1008,2025-04-23 07:07:33,3,22,0.19,0,56,19
3440,2555,2024-03-07 04:51:40,0,16,0.29,0,78,43
3441,942,2024-08-07 16:34:12,0,22,0.53,0,59,53
3442,3757,2024-10-17 08:53:13,1,38,0.03,0,51,37
3443,3717,2025-10-08 03:44:45,6,30,0.18,0,80,19
3444,2380,2024-10-19 01:34:32,2,10,0.37,1,39,30
3445,263,2025-01-24 07:57:33,1,9,0.26,0,90,41
3446,2416,2024-06-16 12:45:33,8,36,0.73,0,52,26
3447,2425,2024-10-13 20:17:52,9,18,0.48,0,78,0
3448,1586,2025-03-27 03:13:31,4,18,0.4,0,76,32
3449,2706,2024-06-19 20:04:07,5,16,0.25,0,63,38
3450,4136,2024-06-09 11:14:46,5,16,0.09,0,67,18
3451,4175,2024-08-21 19:25:42,8,9,0.1,0,77,23
3452,1806,2024-02-23 06:08:53,4,24,0.14,0,64,22
3453,227,2024-05-24 12:03:01,5,24,0.32,0,51,55
3454,3076,2025-07-19 11:31:16,2,33,0.34,0,60,41
3455,631,2024-05-30 22:12:31,12,21,0.16,0,49,48
3456,4952,2025-03-06 18:02:41,5,15,0.32,0,50,30
3457,398,2024-11-22 03:11:37,4,21,0.21,0,46,50
3458,2371,2024-11-20 10:34:51,5,41,0.18,0,70,28
3459,1840,2024-02-13 22:12:00,1,26,0.39,0,72,15
3460,3759,2025-06-30 21:29:16,6,5,0.3,0,43,25
3461,874,2024-07-12 14:26:51,3,27,0.45,0,39,48
3462,2736,2025-11-02 16:14:38,5,18,0.59,0,57,24
3463,4224,2024-09-16 13:29:57,9,11,0.36,0,77,16
3464,4523,2024-04-26 01:02:35,1,23,0.24,0,56,34
3465,3037,2024-07-01 11:32:53,1,1,0.1,0,41,32
3466,3767,2025-04-30 06:01:23,7,0,0.24,0,51,25
3467,1451,2024-05-25 16:17:01,4,10,0.2,0,57,38
3468,1187,2025-10-16 18:35:41,5,9,0.44,0,83,46
3469,2941,2024-10-07 11:08:20,8,4,0.22,0,64,24
3470,4425,2024-02-11 19:34:20,5,38,0.06,0,41,22
3471,4936,2024-08-10 13:32:14,6,20,0.06,0,60,53
3472,1524,2024-11-22 05:20:26,3,25,0.09,0,38,15
3473,4066,2024-09-13 18:56:04,2,31,0.22,0,84,49
3474,2,2025-06-16 16:11:21,0,20,0.48,0,41,29
3475,296,2025-05-14 16:10:23,0,24,0.45,0,65,23
3476,1407,2024-06-20 17:24:43,3,32,0.48,0,74,34
3477,665,2024-05-02 10:04:33,0,12,0.03,0,37,41
3478,4493,2024-07-01 14:38:22,0,21,0.41,0,46,37
3479,3578,2025-10-07 01:13:32,0,25,0.22,1,61,53
3480,1934,2024-06-05 04:49:04,8,10,0.22,0,67,30
3481,2819,2024-03-14 08:53:25,4,27,0.02,0,27,22
3482,555,2025-02-18 11:34:50,1,31,0.17,0,53,60
3483,3234,2025-03-17 14:53:19,2,16,0.13,0,77,52
3484,312,2025-04-01 03:21:13,6,26,0.28,0,39,69
3485,1703,2024-12-05 07:51:56,4,21,0.2,0,71,49
3486,744,2024-09-05 08:53:07,6,22,0.36,0,71,54
3487,2106,2024-04-08 01:53:49,2,19,0.38,0,44,36
3488,2803,2025-07-28 16:18:07,4,20,0.33,1,76,1
3489,296,2024-12-17 16:17:12,6,30,0.49,0,75,22
3490,286,2024-04-26 06:27:02,4,7,0.22,0,58,29
3491,3121,2025-04-05 10:57:27,6,2,0.42,0,79,28
3492,1702,2025-09-17 07:49:19,6,31,0.31,1,52,21
3493,4626,2025-12-12 21:14:38,9,18,0.39,0,53,24
3494,2703,2024-07-14 10:01:28,3,8,0.47,0,40,28
3495,1374,2025-05-19 12:51:22,5,33,0.33,0,32,21
3496,4329,2024-11-22 13:23:10,4,1,0.11,0,41,35
3497,779,2024-12-14 18:44:22,10,26,0.44,0,10,25
3498,1964,2024-12-09 19:52:12,5,16,0.24,1,44,31
3499,622,2025-10-15 12:45:04,4,9,0.15,0,61,24
3500,2951,2025-05-19 22:54:37,2,7,0.54,0,56,19
3501,3172,2025-02-22 23:38:59,2,18,0.34,0,43,26
3502,2460,2024-04-04 22:32:49,5,19,0.47,0,44,29
3503,4048,2025-01-09 21:40:43,0,22,0.68,0,61,40
3504,1303,2024-11-11 03:56:52,2,8,0.54,0,95,35
3505,538,2024-03-03 06:04:42,6,28,0.38,0,23,0
3506,3939,2024-12-28 13:02:23,0,22,0.37,0,27,31
3507,4552,2025-10-14 14:28:14,5,28,0.29,0,47,46
3508,2690,2025-06-15 04:55:12,6,4,0.52,0,32,17
3509,4859,2024-11-23 00:38:39,6,24,0.48,0,43,37
3510,381,2025-01-02 12:42:35,5,11,0.17,0,106,25
3511,1364,2024-07-20 03:54:54,6,26,0.33,0,73,23
3512,835,2025-07-02 20:46:58,3,35,0.16,0,53,47
3513,1112,2025-06-05 14:32:15,0,18,0.06,0,45,53
3514,2122,2024-08-23 07:58:56,7,21,0.57,0,59,27
3515,2352,2024-02-21 00:46:35,8,22,0.33,0,27,47
3516,1620,2024-06-06 07:32:59,6,13,0.38,0,45,44
3517,1433,2025-07-31 19:28:01,0,21,0.09,0,56,42
3518,3195,2025-08-03 17:50:07,10,20,0.15,0,67,38
3519,4236,2024-03-19 14:41:07,0,4,0.47,1,95,4
3520,3467,2024-08-30 10:43:35,2,32,0.57,0,51,21
3521,4886,2024-12-04 14:25:12,9,17,0.46,0,88,5
3522,1946,2024-02-27 02:22:54,1,26,0.16,0,90,40
3523,3559,2025-03-14 09:31:29,5,19,0.21,1,66,16
3524,1044,2024-07-24 08:53:34,5,15,0.3,0,47,36
3525,1440,2025-11-20 00:37:38,0,12,0.35,0,65,16
3526,224,2024-09-10 09:12:57,1,16,0.38,0,40,0
3527,3925,2024-01-25 09:23:22,2,20,0.39,0,102,35
3528,3679,2025-06-07 19:24:41,9,23,0.14,0,21,64
3529,383,2025-03-18 13:57:29,2,25,0.26,0,71,35
3530,723,2024-03-03 14:33:16,9,36,0.41,0,94,31
3531,3596,2025-01-13 22:48:06,4,33,0.45,0,85,6
3532,4574,2025-03-04 03:03:49,11,13,0.42,0,83,15
3533,3207,2024-07-02 10:30:19,0,8,0.04,0,69,60
3534,2530,2025-05-26 13:34:59,8,6,0.76,0,84,12
3535,957,2024-06-19 06:04:42,6,14,0.43,0,47,37
3536,947,2024-06-09 14:30:54,5,6,0.25,0,106,4
3537,128,2025-03-03 16:26:39,9,26,0.36,0,82,0
3538,4830,2025-10-27 20:45:50,3,26,0.48,0,85,42
3539,4826,2024-03-13 06:29:47,0,7,0.24,0,48,49
3540,1208,2024-03-03 16:39:39,3,5,0.2,0,53,0
3541,748,2024-08-26 06:15:22,11,16,0.28,0,62,39
3542,4274,2024-08-01 02:56:50,2,18,0.09,0,31,16
3543,685,2024-08-03 15:35:06,0,20,0.08,1,62,24
3544,3385,2024-08-04 23:00:28,1,13,0.09,0,49,28
3545,310,2025-07-19 02:13:00,6,14,0.13,0,74,43
3546,684,2025-11-26 16:39:15,5,18,0.16,0,63,49
3547,1501,2025-07-23 14:09:17,2,31,0.44,0,83,1
3548,4138,2025-05-31 23:49:26,1,27,0.51,0,23,39
3549,3697,2024-11-06 02:20:25,5,21,0.17,0,54,45
3550,4272,2024-03-12 22:42:53,5,31,0.16,0,56,42
3551,4107,2025-12-20 06:09:00,5,24,0.36,1,89,29
3552,4493,2025-03-23 07:40:14,3,16,0.06,0,54,42
3553,4032,2025-02-17 08:05:27,4,36,0.47,0,34,40
3554,135,2024-12-07 22:37:52,4,7,0.25,0,66,11
3555,4532,2024-06-15 15:57:35,3,29,0.23,0,65,47
3556,3437,2025-07-02 11:38:56,1,7,0.31,0,86,13
3557,665,2024-02-06 11:50:06,4,17,0.14,0,38,52
3558,3844,2025-11-02 15:41:37,4,7,0.28,0,60,38
3559,3369,2025-07-01 19:39:33,3,11,0.11,0,95,21
3560,3184,2025-11-17 20:39:51,7,32,0.23,0,75,13
3561,1084,2024-05-14 10:34:37,6,22,0.25,0,85,21
3562,4215,2024-03-02 12:41:11,3,39,0.41,0,54,37
3563,4484,2025-01-09 18:56:50,6,17,0.51,0,101,4
3564,2525,2025-10-21 07:59:08,2,11,0.31,0,68,14
3565,2739,2024-04-15 22:17:00,3,7,0.33,0,73,36
3566,3134,2025-11-17 04:14:27,9,21,0.26,0,35,19
3567,839,2025-12-01 04:14:07,6,37,0.22,0,67,40
3568,2935,2025-08-12 17:55:45,6,27,0.41,0,52,25
3569,3783,2024-10-07 22:20:40,6,15,0.26,0,67,4
3570,3797,2024-09-08 06:26:52,4,18,0.13,0,45,25
3571,4083,2024-06-09 11:44:41,10,13,0.15,0,64,25
3572,132,2024-04-25 08:32:19,2,26,0.27,0,55,21
3573,124,2025-03-18 10:23:19,0,14,0.27,0,115,38
3574,1858,2024-04-10 14:24:36,3,15,0.14,0,47,49
3575,208,2025-09-14 13:24:52,9,37,0.31,0,99,16
3576,1207,2025-11-10 20:00:33,3,26,0.3,0,42,31
3577,1718,2024-12-19 18:21:14,2,25,0.43,0,89,0
3578,1819,2025-07-30 21:47:12,8,41,0.13,0,65,9
3579,3370,2025-09-05 11:18:32,0,21,0.01,0,59,36
3580,3728,2025-02-13 05:31:31,3,27,0.45,0,16,0
3581,1725,2024-03-19 05:50:11,3,12,0.24,0,62,23
3582,4966,2025-11-14 06:28:20,5,13,0.27,0,52,27
3583,890,2024-04-20 19:43:20,10,33,0.44,0,67,54
3584,3853,2024-04-15 09:31:52,5,24,0.1,0,99,45
3585,706,2025-01-24 01:08:54,0,38,0.13,0,100,3
3586,1118,2025-02-16 07:15:35,5,15,0.2,0,38,35
3587,4261,2025-12-19 13:31:33,0,18,0.33,0,67,28
3588,648,2025-07-03 16:53:06,2,21,0.14,0,48,32
3589,4208,2025-07-07 20:55:31,5,15,0.17,0,39,24
3590,902,2025-06-18 11:38:54,1,15,0.21,0,105,60
3591,1436,2025-05-30 11:59:52,5,15,0.07,0,33,16
3592,957,2025-12-03 22:13:07,6,0,0.16,1,95,32
3593,528,2024-12-06 17:31:46,2,19,0.15,0,92,39
3594,3777,2024-04-22 09:41:37,4,14,0.09,0,63,23
3595,2128,2025-01-21 06:05:28,4,24,0.28,0,59,44
3596,97,2024-04-15 06:27:30,4,24,0.21,0,64,32
3597,4942,2024-09-27 04:26:59,1,26,0.45,0,61,36
3598,3661,2025-08-11 10:15:37,3,24,0.33,0,90,17
3599,2943,2025-01-18 17:41:09,3,9,0.44,0,65,40
3600,448,2025-08-14 08:31:59,4,26,0.16,0,55,23
3601,4794,2024-11-29 17:45:11,3,13,0.6,0,71,43
3602,2274,2024-08-16 03:56:16,1,11,0.04,0,54,38
3603,551,2025-05-22 22:34:26,10,17,0.05,0,71,39
3604,3860,2024-10-09 07:43:40,6,26,0.28,0,73,17
3605,4229,2025-10-24 04:08:48,1,18,0.23,0,54,32
3606,4128,2025-02-26 23:18:30,1,35,0.21,0,53,28
3607,2241,2025-03-15 13:27:02,8,22,0.57,0,89,12
3608,4884,2024-07-12 12:16:30,6,6,0.32,1,21,26
3609,3876,2025-08-17 00:56:56,0,23,0.29,0,74,41
3610,1383,2025-02-25 16:11:04,3,8,0.53,0,59,26
3611,3480,2024-02-07 15:01:00,4,17,0.42,1,55,71
3612,2024,2025-06-03 10:29:34,5,36,0.28,0,58,20
3613,3119,2025-05-07 03:41:56,5,27,0.17,0,50,16
3614,3796,2024-12-13 10:40:47,2,12,0.28,1,92,36
3615,356,2025-02-19 07:24:50,2,16,0.45,0,52,15
3616,3905,2024-03-16 19:46:28,7,20,0.14,0,84,17
3617,2074,2024-11-20 17:59:10,4,1,0.14,0,25,19
3618,3920,2024-05-22 16:39:06,7,10,0.02,0,48,33
3619,4055,2025-11-07 01:55:08,5,29,0.21,0,55,29
3620,2691,2024-05-10 08:29:11,11,19,0.32,0,71,25
3621,934,2024-02-09 16:55:42,2,5,0.19,0,93,32
3622,4563,2025-04-04 04:20:31,8,18,0.37,0,21,19
3623,3693,2024-02-03 14:28:16,6,24,0.24,0,63,44
3624,2611,2025-02-16 23:55:07,10,30,0.52,0,80,23
3625,2351,2025-08-22 19:28:20,1,10,0.59,0,80,18
3626,1535,2025-04-17 15:26:16,9,40,0.34,1,61,2
3627,3003,2025-11-13 14:37:39,11,24,0.51,0,50,21
3628,486,2025-06-02 00:07:03,2,15,0.15,1,59,29
3629,2993,2024-07-23 00:23:42,0,21,0.31,0,59,23
3630,4734,2024-11-02 00:48:51,7,11,0.14,0,53,12
3631,857,2024-08-17 16:25:59,8,28,0.17,0,62,22
3632,1653,2025-05-13 19:17:28,5,19,0.22,0,72,30
3633,1147,2024-08-13 05:56:03,2,23,0.26,0,66,15
3634,4441,2025-07-31 00:34:55,2,24,0.1,0,64,25
3635,4775,2025-11-05 20:13:30,4,11,0.71,0,46,11
3636,3150,2024-10-23 14:52:55,4,14,0.32,0,38,17
3637,115,2024-06-25 16:15:34,6,30,0.16,0,44,61
3638,1310,2024-02-17 17:52:52,2,29,0.33,0,44,36
3639,2343,2025-04-09 09:57:15,5,22,0.14,0,44,19
3640,3803,2024-07-08 16:46:41,10,28,0.12,0,59,51
3641,2489,2024-02-15 09:11:02,2,27,0.22,0,31,55
3642,3420,2024-12-25 00:56:59,3,29,0.2,0,58,10
3643,3470,2025-11-05 01:22:48,4,23,0.19,0,63,18
3644,4629,2024-09-13 01:43:18,6,18,0.47,0,51,53
3645,4159,2024-12-24 07:18:55,3,23,0.37,0,57,55
3646,983,2024-11-13 00:36:58,0,21,0.38,0,56,12
3647,3209,2025-12-02 12:51:15,3,27,0.5,0,63,38
3648,2121,2025-11-15 06:58:21,3,14,0.47,1,44,18
3649,3805,2025-09-13 03:11:41,7,36,0.18,0,90,47
3650,900,2025-10-01 01:45:45,2,22,0.27,0,44,26
3651,4723,2024-05-18 19:25:05,4,18,0.14,0,75,58
3652,3117,2024-01-31 06:04:23,5,33,0.11,0,30,21
3653,337,2025-02-04 12:12:43,6,7,0.26,0,75,5
3654,4047,2024-08-01 06:52:02,7,15,0.3,0,49,32
3655,821,2024-03-03 19:59:34,11,27,0.25,0,23,26
3656,1174,2025-08-21 19:09:11,2,25,0.15,0,18,44
3657,4170,2024-09-18 09:47:18,4,34,0.3,0,72,40
3658,2877,2024-07-15 08:05:11,7,22,0.08,0,60,30
3659,3039,2025-07-10 09:51:00,7,12,0.61,1,47,41
3660,1441,2024-11-07 11:12:30,0,18,0.31,0,70,27
3661,3143,2024-09-21 23:31:37,4,29,0.4,0,47,14
3662,2676,2024-08-01 07:45:43,3,16,0.33,0,76,47
3663,3684,2024-10-16 01:16:11,5,40,0.28,0,66,18
3664,4682,2024-07-30 00:02:30,12,23,0.25,0,45,23
3665,3498,2025-03-16 05:55:28,3,27,0.27,0,57,60
3666,3844,2024-05-18 22:35:33,2,14,0.19,0,76,57
3667,2026,2024-07-04 14:39:17,5,4,0.19,0,55,42
3668,2723,2025-10-07 00:40:01,5,11,0.3,0,31,50
3669,3455,2024-12-29 19:16:44,4,14,0.13,0,74,35
3670,2633,2024-04-30 13:39:42,4,29,0.23,0,62,48
3671,112,2024-02-12 11:32:40,3,6,0.29,0,51,30
3672,130,2025-03-10 11:24:10,5,28,0.22,0,72,45
3673,3666,2025-09-28 14:04:45,5,18,0.66,0,50,29
3674,4459,2025-04-30 22:52:34,6,6,0.35,0,84,20
3675,3541,2025-10-16 11:57:18,0,7,0.15,0,40,52
3676,4553,2024-09-19 15:50:24,1,0,0.15,0,75,0
3677,3320,2024-01-29 23:43:19,9,15,0.55,0,49,23
3678,1909,2025-06-29 14:26:21,5,21,0.37,0,73,20
3679,498,2024-11-28 01:13:58,0,32,0.03,0,55,35
3680,3915,2024-03-25 12:26:00,0,34,0.38,0,79,16
3681,3516,2025-08-14 23:02:32,0,19,0.64,0,69,6
3682,4658,2024-05-02 13:22:39,8,17,0.39,0,28,60
3683,1577,2025-10-16 15:37:43,4,26,0.52,0,63,42
3684,4911,2024-04-24 20:50:00,8,11,0.54,0,84,26
3685,4907,2024-01-30 20:03:37,3,22,0.13,1,61,50
3686,3527,2024-12-20 22:06:49,5,1,0.37,0,33,24
3687,2089,2025-02-06 15:19:31,9,9,0.19,0,80,44
3688,1668,2024-06-17 18:29:02,4,24,0.22,0,68,57
3689,4553,2024-04-20 01:15:54,3,37,0.14,0,46,44
3690,230,2025-07-16 10:16:37,1,28,0.44,0,106,37
3691,1766,2025-10-11 15:49:46,6,10,0.67,0,69,33
3692,509,2025-02-22 02:28:01,2,31,0.2,0,86,38
3693,725,2025-05-30 23:27:43,4,11,0.2,0,66,24
3694,2999,2024-08-25 05:14:07,2,20,0.19,0,75,21
3695,3131,2025-08-03 23:07:15,6,22,0.19,0,77,30
3696,194,2025-05-30 22:41:41,5,31,0.34,0,55,33
3697,3432,2025-07-23 04:21:04,4,19,0.21,1,37,11
3698,4328,2025-12-01 15:37:59,2,15,0.24,0,61,24
3699,3785,2025-12-14 01:51:31,11,22,0.14,0,54,14
3700,1337,2025-01-17 14:28:32,5,18,0.34,0,70,30
3701,4642,2025-10-31 08:05:53,3,34,0.18,0,54,21
3702,3640,2025-05-19 10:51:23,4,8,0.28,0,60,20
3703,2076,2024-09-09 00:34:06,5,20,0.41,0,57,39
3704,4118,2024-07-16 20:07:37,6,24,0.27,0,64,64
3705,35,2025-10-11 03:01:25,9,19,0.12,0,51,24
3706,3205,2025-06-02 10:32:40,11,3,0.29,0,112,33
3707,2044,2024-03-06 09:24:18,6,26,0.1,0,11,39
3708,1206,2024-11-23 20:54:33,3,14,0.43,0,48,28
3709,2284,2025-05-28 15:08:09,4,18,0.3,0,70,35
3710,2876,2025-08-13 22:23:40,11,8,0.6,0,65,22
3711,1652,2025-10-10 16:09:17,5,39,0.07,0,28,58
3712,1007,2025-07-20 10:04:53,4,14,0.27,0,93,54
3713,307,2025-06-06 02:34:03,6,16,0.49,0,92,23
3714,3135,2025-01-06 08:19:38,7,21,0.43,0,82,21
3715,3379,2024-10-17 01:11:49,3,15,0.27,0,94,9
3716,367,2025-10-13 04:06:27,4,9,0.47,0,53,35
3717,4101,2024-12-25 08:17:08,1,16,0.18,0,42,53
3718,1094,2025-05-08 21:52:46,5,21,0.4,0,59,42
3719,3109,2025-10-27 08:31:54,2,22,0.15,0,49,33
3720,4673,2024-07-17 02:49:08,2,12,0.34,0,71,4
3721,3029,2025-05-27 10:19:23,7,21,0.2,0,65,30
3722,1113,2025-05-28 19:41:57,6,28,0.08,0,58,23
3723,579,2024-09-19 06:58:45,5,22,0.31,0,49,30
3724,4246,2024-01-23 11:37:58,0,38,0.26,0,82,34
3725,2562,2024-08-14 14:53:35,4,36,0.27,0,94,22
3726,4030,2025-07-11 18:43:30,8,20,0.16,0,71,12
3727,700,2024-04-09 14:55:32,4,0,0.27,0,64,25
3728,579,2024-09-15 18:42:52,4,35,0.14,0,78,6
3729,16,2024-12-27 03:35:40,8,41,0.46,0,59,37
3730,4476,2024-03-25 07:02:22,2,20,0.25,0,74,42
3731,3066,2025-03-21 00:14:34,8,48,0.15,0,71,44
3732,2167,2024-02-10 10:32:51,0,21,0.13,0,99,39
3733,3966,2024-06-04 04:17:30,6,5,0.17,1,63,27
3734,3783,2024-05-02 11:33:21,3,16,0.1,1,49,28
3735,984,2025-09-17 00:12:55,7,27,0.12,0,49,46
3736,2306,2024-12-03 09:37:55,4,17,0.13,0,85,25
3737,2961,2024-03-24 11:03:35,2,26,0.29,0,64,36
3738,130,2025-10-10 02:58:06,5,20,0.14,0,29,21
3739,440,2024-09-23 06:32:14,7,13,0.22,0,86,17
3740,4939,2025-02-10 08:40:12,2,34,0.1,0,54,51
3741,1383,2024-07-08 00:51:03,0,17,0.22,0,67,44
3742,767,2024-08-18 07:05:41,8,27,0.0,0,10,29
3743,2694,2025-03-22 02:34:52,7,36,0.13,0,35,30
3744,509,2025-05-01 13:43:53,10,23,0.15,0,62,6
3745,2560,2024-12-10 00:58:29,7,24,0.42,1,48,51
3746,380,2024-04-17 22:01:33,3,25,0.13,0,38,0
3747,2011,2024-12-18 15:30:56,5,23,0.08,0,48,25
3748,3850,2025-03-13 07:34:16,0,15,0.29,0,64,13
3749,42,2025-02-22 13:20:58,5,31,0.56,0,65,27
3750,1044,2025-01-25 08:31:39,6,4,0.39,0,51,38
3751,3185,2025-09-11 05:22:43,5,30,0.25,0,77,70
3752,467,2025-03-07 00:23:26,0,32,0.09,0,49,35
3753,751,2025-11-10 12:37:51,7,16,0.34,0,35,32
3754,1480,2024-05-20 15:18:15,6,51,0.25,0,69,29
3755,921,2025-03-24 22:08:51,2,16,0.21,0,45,25
3756,4758,2025-02-15 14:20:31,5,24,0.44,0,96,13
3757,3091,2024-02-14 19:02:27,5,17,0.12,0,87,35
3758,2008,2025-11-19 10:40:26,4,6,0.37,0,25,61
3759,4627,2025-02-12 02:36:09,11,38,0.27,1,51,13
3760,3233,2025-07-30 23:59:15,1,30,0.37,0,48,50
3761,3413,2024-03-16 18:44:40,4,11,0.58,0,13,23
3762,2014,2024-09-17 10:55:04,1,31,0.19,0,63,38
3763,2065,2024-10-14 14:07:18,10,20,0.32,1,35,22
3764,1915,2024-03-08 16:59:11,4,26,0.03,0,44,18
3765,4135,2025-06-07 23:01:43,2,19,0.43,0,63,33
3766,4419,2025-03-03 05:34:05,10,22,0.36,1,83,35
3767,2167,2025-06-12 18:59:03,6,5,0.19,0,80,35
3768,850,2024-05-12 20:04:37,6,24,0.34,0,90,35
3769,2698,2024-07-24 03:30:57,1,21,0.19,0,68,32
3770,2842,2025-10-16 15:38:09,3,24,0.48,0,91,14
3771,2405,2025-02-11 20:29:56,3,27,0.28,0,83,40
3772,4567,2024-12-25 17:15:00,7,0,0.45,1,63,53
3773,3950,2024-07-21 05:29:39,9,20,0.45,0,61,15
3774,556,2024-12-28 10:46:44,8,19,0.28,0,84,44
3775,1979,2025-09-17 05:39:53,0,17,0.23,0,48,0
3776,4290,2025-08-30 09:20:45,0,26,0.41,0,56,56
3777,2057,2025-05-10 05:17:35,3,34,0.46,0,44,23
3778,2256,2024-10-06 05:58:50,7,28,0.35,0,62,31
3779,2637,2025-08-21 04:20:54,1,20,0.21,0,70,34
3780,3870,2025-07-08 00:04:24,5,33,0.15,0,28,19
3781,2787,2025-04-08 04:42:48,6,25,0.28,0,46,31
3782,2486,2024-08-10 22:52:11,4,33,0.11,0,77,22
3783,3464,2024-02-08 07:30:34,0,33,0.55,0,79,6
3784,1478,2024-12-15 05:51:49,6,15,0.55,0,88,38
3785,2938,2024-06-10 05:24:52,5,6,0.32,1,73,45
3786,998,2024-06-20 05:06:31,9,8,0.26,0,39,42
3787,1606,2025-10-01 20:11:20,0,17,0.25,0,70,10
3788,250,2025-06-16 22:28:55,6,34,0.18,0,67,29
3789,677,2024-04-26 12:46:39,5,36,0.21,1,58,26
3790,4116,2024-05-15 12:59:11,4,13,0.16,0,70,21
3791,844,2025-06-01 00:41:48,3,4,0.14,0,64,58
3792,3740,2024-07-11 08:47:29,4,27,0.11,0,26,45
3793,3433,2024-06-07 23:21:20,7,27,0.14,0,72,11
3794,1913,2025-03-21 11:07:22,0,25,0.09,0,47,40
3795,1726,2024-05-23 11:54:02,6,22,0.58,0,74,36
3796,1811,2024-03-26 04:06:10,2,26,0.25,0,33,0
3797,2004,2024-02-14 12:52:51,3,6,0.31,0,44,33
3798,3231,2025-05-11 09:41:10,7,46,0.16,0,46,2
3799,720,2024-12-05 22:06:28,8,17,0.45,0,71,25
3800,3955,2024-10-02 13:26:53,7,15,0.17,0,36,45
3801,1343,2024-03-12 20:02:40,4,13,0.21,0,84,16
3802,346,2025-10-23 11:01:24,9,36,0.37,0,44,15
3803,2517,2025-05-04 06:16:32,3,16,0.4,0,104,44
3804,4153,2025-05-14 04:10:02,6,40,0.41,0,60,27
3805,4085,2025-10-27 09:55:16,5,17,0.42,0,58,47
3806,827,2025-07-30 06:17:31,8,17,0.29,0,71,35
3807,1922,2025-10-31 17:21:11,6,17,0.56,0,69,15
3808,801,2025-11-09 21:18:09,3,15,0.36,0,58,37
3809,4244,2025-10-22 18:22:29,1,23,0.44,0,110,44
3810,3735,2025-10-24 22:41:16,4,24,0.07,0,48,34
3811,1523,2025-02-27 01:06:52,5,9,0.13,1,76,33
3812,4612,2024-05-31 14:28:10,2,23,0.16,0,64,44
3813,526,2025-11-28 00:53:47,6,4,0.15,0,41,25
3814,2277,2025-07-11 07:22:05,6,14,0.36,0,67,46
3815,1291,2025-02-08 07:06:22,3,26,0.31,1,27,52
3816,2567,2025-05-19 15:21:45,7,14,0.6,0,59,25
3817,1426,2024-05-11 11:19:48,0,14,0.45,1,75,32
3818,1324,2024-01-31 22:10:16,4,27,0.14,0,55,33
3819,1214,2025-02-15 03:11:27,3,34,0.69,0,43,17
3820,1404,2025-12-09 02:04:01,4,37,0.49,0,72,45
3821,2935,2025-02-16 10:07:50,5,25,0.24,0,41,39
3822,2276,2024-07-04 10:58:12,6,5,0.26,0,84,38
3823,3766,2025-03-14 08:32:40,0,15,0.25,0,52,25
3824,2246,2025-08-08 07:23:01,14,16,0.38,0,97,31
3825,2535,2025-01-11 18:34:33,5,20,0.23,1,50,56
3826,118,2024-04-24 15:48:46,0,10,0.25,0,61,28
3827,1798,2025-05-22 07:07:06,10,14,0.2,0,89,38
3828,259,2025-10-15 02:34:07,6,14,0.24,0,57,23
3829,1443,2025-08-06 08:25:06,5,1,0.3,0,75,42
3830,2490,2025-05-30 22:56:23,5,20,0.33,0,16,19
3831,2758,2025-07-22 08:20:18,4,17,0.34,0,85,39
3832,1830,2024-09-28 16:59:05,10,15,0.15,0,85,38
3833,3319,2025-06-13 02:05:27,5,17,0.22,0,48,27
3834,3609,2025-09-04 22:47:35,6,6,0.4,0,39,18
3835,4558,2024-12-08 11:49:58,0,33,0.3,1,77,21
3836,1433,2024-04-24 15:58:45,1,21,0.43,0,65,41
3837,4102,2024-02-06 06:58:47,8,12,0.29,0,49,56
3838,2532,2025-04-07 04:25:39,5,31,0.01,0,70,27
3839,3005,2025-01-30 14:29:01,7,21,0.14,0,75,57
3840,1750,2024-03-20 09:14:43,3,5,0.02,0,65,34
3841,2460,2025-08-25 03:01:45,6,38,0.13,1,88,25
3842,697,2024-01-31 04:19:10,10,17,0.43,0,65,15
3843,4506,2025-08-20 23:36:41,6,7,0.11,0,37,1
3844,2659,2024-08-26 00:08:46,6,1,0.28,1,35,44
3845,3447,2024-07-28 12:03:13,2,19,0.37,0,10,24
3846,3998,2025-08-16 14:24:00,3,16,0.57,1,86,37
3847,1548,2025-11-13 03:49:54,6,25,0.18,0,123,63
3848,4501,2025-02-03 21:36:22,4,0,0.18,0,83,25
3849,1820,2025-09-10 18:44:56,7,6,0.31,0,72,0
3850,3432,2025-07-25 19:15:02,7,31,0.02,0,61,45
3851,385,2025-07-18 15:57:22,1,30,0.41,0,47,17
3852,20,2025-05-06 19:18:22,6,0,0.3,0,63,29
3853,1044,2024-01-31 18:01:48,4,13,0.14,0,42,56
3854,1175,2024-02-25 16:47:01,2,10,0.28,0,34,30
3855,1643,2024-05-21 09:45:58,7,22,0.48,0,81,79
3856,1245,2024-03-04 03:40:11,5,21,0.23,1,30,49
3857,1531,2024-09-01 00:18:25,3,14,0.39,0,10,36
3858,4321,2024-08-27 10:52:13,4,38,0.38,0,84,12
3859,609,2024-09-22 08:08:09,2,24,0.27,0,41,41
3860,4141,2025-09-08 11:28:36,6,28,0.07,0,49,7
3861,301,2025-03-15 16:37:29,9,14,0.12,0,47,20
3862,3472,2024-08-27 08:02:25,4,25,0.27,0,76,31
3863,476,2025-07-16 13:30:53,4,36,0.24,1,50,29
3864,915,2025-09-15 02:27:02,4,1,0.14,0,81,20
3865,421,2025-12-22 01:01:03,1,24,0.25,0,53,25
3866,4723,2025-02-10 05:33:20,8,24,0.13,0,69,25
3867,3531,2025-03-04 02:20:53,4,30,0.32,0,70,13
3868,4206,2024-04-17 09:48:53,7,21,0.39,0,65,47
3869,981,2024-10-26 03:54:20,2,24,0.18,0,74,7
3870,3737,2025-07-24 12:29:51,4,0,0.18,0,92,18
3871,2393,2024-05-04 23:51:37,7,18,0.45,0,62,8
3872,4111,2025-03-05 12:09:35,0,7,0.3,0,97,24
3873,1009,2024-05-08 01:39:56,0,9,0.19,0,66,55
3874,1532,2025-03-20 07:54:58,7,22,0.08,0,77,17
3875,2526,2024-01-24 10:47:39,0,12,0.31,0,39,19
3876,4433,2025-06-12 13:03:00,2,20,0.24,0,76,15
3877,2363,2024-04-02 17:02:39,0,22,0.25,0,101,41
3878,1069,2024-07-29 23:04:46,8,22,0.45,0,74,23
3879,1826,2024-06-10 06:15:34,9,6,0.65,0,40,30
3880,2654,2025-08-25 20:29:44,6,9,0.33,1,28,0
3881,543,2024-03-08 10:05:47,0,12,0.04,0,53,20
3882,4373,2024-04-11 22:31:43,8,13,0.49,0,67,32
3883,417,2024-12-23 23:48:53,7,30,0.5,0,33,24
3884,1503,2025-03-15 10:40:47,4,23,0.25,0,40,27
3885,1703,2025-12-22 01:17:12,4,16,0.22,0,77,38
3886,3454,2025-08-25 16:03:58,3,15,0.1,0,48,30
3887,2042,2024-11-30 00:25:48,1,25,0.32,0,55,16
3888,1125,2024-08-22 02:37:36,7,27,0.05,0,85,29
3889,2698,2025-08-06 23:57:14,3,22,0.27,1,40,39
3890,813,2025-12-06 22:19:28,7,16,0.1,0,65,22
3891,3716,2025-10-16 09:19:35,7,26,0.2,1,64,23
3892,680,2025-06-09 14:50:14,11,10,0.34,0,76,0
3893,155,2024-05-04 08:30:44,1,38,0.26,0,57,4
3894,373,2024-09-14 05:56:50,2,16,0.24,0,53,17
3895,4822,2024-08-11 06:18:28,4,22,0.09,0,65,5
3896,3729,2025-01-30 17:23:03,5,37,0.22,0,121,29
3897,4863,2025-08-31 22:34:42,7,36,0.43,1,40,31
3898,3552,2024-04-10 19:40:16,10,45,0.56,0,70,23
3899,3249,2024-08-12 16:15:29,3,16,0.22,0,49,28
3900,1362,2025-05-05 10:30:55,1,12,0.37,0,46,30
3901,1260,2024-11-29 02:04:09,3,17,0.48,0,16,66
3902,2078,2025-03-01 12:34:01,7,14,0.45,0,83,49
3903,2340,2024-04-15 11:14:35,9,16,0.15,0,60,22
3904,4357,2025-05-12 01:22:21,2,11,0.8,0,49,32
3905,2417,2025-06-04 18:58:26,5,16,0.08,0,64,22
3906,66,2024-06-20 09:04:44,9,5,0.23,0,27,22
3907,1941,2024-07-15 06:48:13,8,31,0.16,0,75,36
3908,1703,2025-09-24 21:14:45,7,13,0.18,0,40,18
3909,2763,2025-05-01 17:19:18,4,24,0.75,0,82,42
3910,4604,2025-04-20 13:44:14,6,7,0.13,0,41,41
3911,2395,2024-07-14 00:22:27,6,32,0.58,0,101,16
3912,3490,2025-10-24 02:14:39,4,17,0.14,0,59,34
3913,3664,2024-08-16 03:43:34,2,11,0.2,0,46,39
3914,2417,2024-11-14 10:03:30,5,5,0.5,0,68,12
3915,743,2025-10-29 03:08:29,6,27,0.4,0,36,30
3916,3467,2024-10-15 22:35:38,2,14,0.04,0,69,13
3917,1722,2025-05-12 11:07:35,6,10,0.05,0,73,29
3918,2690,2025-01-26 00:16:42,4,33,0.27,0,92,28
3919,4648,2025-10-30 20:18:35,5,15,0.35,0,69,42
3920,379,2024-03-14 08:06:54,6,7,0.15,0,73,0
3921,1761,2024-09-02 09:55:27,8,28,0.3,0,35,30
3922,979,2025-10-25 15:18:03,5,40,0.45,0,72,19
3923,1560,2025-02-23 14:18:25,3,17,0.19,0,40,25
3924,1769,2024-05-29 16:28:00,0,8,0.42,0,81,31
3925,3305,2024-02-28 03:30:23,9,19,0.11,1,89,68
3926,581,2024-04-19 13:04:33,0,11,0.71,0,66,29
3927,3152,2025-06-15 11:02:57,3,13,0.31,1,29,27
3928,1088,2024-02-24 17:50:43,4,16,0.09,0,64,38
3929,4148,2024-07-03 19:09:56,2,29,0.27,1,93,46
3930,4382,2025-09-02 21:59:40,2,26,0.25,0,27,48
3931,3099,2024-07-30 07:38:33,6,34,0.35,1,74,34
3932,2114,2024-12-22 17:21:35,3,7,0.24,1,51,33
3933,3686,2024-11-06 12:31:51,3,25,0.42,0,77,46
3934,1259,2024-10-11 08:58:04,4,10,0.49,0,57,23
3935,410,2024-03-27 15:02:53,6,8,0.33,0,96,40
3936,1627,2024-02-11 07:10:20,0,32,0.57,0,77,10
3937,3051,2024-08-22 19:55:11,7,20,0.03,0,48,35
3938,3149,2024-04-29 08:47:02,0,26,0.33,0,80,26
3939,4027,2025-01-07 16:18:01,1,27,0.16,0,52,24
3940,193,2025-11-22 17:23:34,1,31,0.17,0,50,44
3941,1069,2025-11-21 05:57:04,9,19,0.39,0,45,21
3942,3194,2025-09-29 23:57:41,5,2,0.5,0,40,51
3943,2488,2024-05-25 00:34:37,6,29,0.39,0,48,20
3944,49,2024-01-26 13:51:19,2,20,0.35,0,80,58
3945,1049,2025-02-11 23:15:50,4,35,0.02,0,63,35
3946,235,2025-02-22 23:36:27,9,11,0.3,0,113,49
3947,4063,2025-05-09 23:25:01,5,17,0.51,0,36,21
3948,328,2024-06-16 23:18:47,7,21,0.35,0,72,23
3949,847,2025-05-08 03:45:16,6,29,0.31,0,29,28
3950,338,2024-01-23 01:22:57,3,40,0.53,0,37,17
3951,3407,2024-01-27 16:28:59,6,13,0.43,0,80,32
3952,1090,2025-10-01 13:55:53,3,22,0.43,0,73,13
3953,2251,2025-12-22 11:37:54,6,20,0.35,0,17,17
3954,413,2025-10-21 10:26:07,6,22,0.18,0,26,29
3955,505,2025-09-19 20:16:31,10,36,0.68,0,56,23
3956,2945,2025-09-06 13:35:46,3,18,0.26,1,86,37
3957,903,2024-07-27 00:10:42,9,41,0.16,0,55,25
3958,3528,2024-11-14 01:01:01,2,38,0.18,0,53,12
3959,4762,2025-04-15 08:54:35,0,18,0.13,0,39,27
3960,965,2024-09-13 21:34:33,8,8,0.37,1,31,24
3961,1652,2025-07-16 13:59:42,7,6,0.43,1,73,51
3962,4956,2024-02-18 16:31:19,4,17,0.05,0,41,15
3963,790,2025-07-24 01:19:58,6,4,0.26,0,25,36
3964,4728,2024-03-13 07:36:49,8,25,0.38,0,107,33
3965,1803,2025-04-28 19:02:50,5,15,0.25,0,62,14
3966,2015,2024-03-23 16:53:17,6,32,0.38,0,74,36
3967,3523,2024-07-17 22:06:16,4,23,0.07,0,33,52
3968,4831,2025-01-15 08:01:21,6,10,0.4,0,70,52
3969,3393,2025-01-17 09:44:36,2,25,0.13,1,50,64
3970,1378,2025-07-28 23:39:01,3,5,0.43,0,61,69
3971,409,2024-11-12 13:47:12,0,14,0.23,0,67,58
3972,2442,2025-03-02 05:36:35,3,24,0.43,0,85,35
3973,2235,2024-08-09 19:06:44,6,23,0.22,0,60,37
3974,4967,2025-01-15 12:34:25,3,14,0.2,0,58,45
3975,2025,2025-12-06 09:26:52,5,9,0.28,0,80,46
3976,3436,2025-12-22 06:41:00,0,15,0.23,0,37,7
3977,1265,2024-08-20 09:58:59,8,28,0.28,1,27,35
3978,4617,2024-09-03 03:48:36,9,15,0.39,0,30,18
3979,2197,2025-08-20 17:29:59,8,34,0.46,0,36,25
3980,2549,2024-04-06 07:26:27,8,30,0.12,0,30,46
3981,1584,2025-09-10 20:30:28,2,0,0.24,0,56,1
3982,1201,2024-06-28 04:36:48,8,10,0.58,0,20,12
3983,1727,2024-03-30 17:44:29,4,26,0.14,0,47,40
3984,1749,2025-02-24 13:38:43,4,9,0.13,0,86,11
3985,3736,2025-07-08 03:26:06,3,25,0.52,1,49,25
3986,4937,2025-09-05 01:20:33,3,26,0.12,0,59,34
3987,703,2025-10-06 17:19:32,7,31,0.34,1,39,13
3988,381,2025-04-04 03:17:33,7,9,0.07,0,61,35
3989,877,2025-02-15 23:02:46,1,29,0.21,0,58,30
3990,3410,2025-01-06 02:28:36,3,27,0.12,0,73,26
3991,3329,2024-11-19 19:56:07,4,13,0.44,0,46,57
3992,4807,2025-09-22 11:58:52,5,9,0.2,0,61,37
3993,4861,2025-11-01 01:46:17,7,19,0.49,0,48,12
3994,4494,2024-08-11 00:30:56,5,9,0.27,1,81,38
3995,2558,2024-07-28 15:29:52,0,18,0.13,0,98,44
3996,4269,2025-06-05 11:36:27,7,8,0.28,0,62,35
3997,3361,2024-07-07 14:27:39,1,14,0.26,0,59,5
3998,529,2024-12-13 12:48:00,9,14,0.34,1,59,25
3999,3512,2025-11-18 20:19:23,9,14,0.13,0,56,28
4000,4794,2024-01-26 07:46:01,4,27,0.2,0,67,18
4001,88,2025-12-12 14:52:13,3,38,0.47,0,62,9
4002,166,2024-02-02 16:38:35,6,10,0.4,0,25,22
4003,4027,2024-04-14 08:42:58,3,19,0.21,0,70,33
4004,1547,2025-06-25 00:10:59,4,17,0.06,0,72,37
4005,157,2025-03-28 21:01:12,1,19,0.31,0,90,33
4006,4763,2024-10-07 18:01:40,3,28,0.3,0,56,22
4007,1343,2025-08-02 01:25:32,8,25,0.09,0,68,40
4008,3833,2024-05-17 21:00:44,0,20,0.07,0,58,12
4009,3736,2025-11-04 23:06:10,7,37,0.39,0,92,38
4010,4804,2025-05-03 06:28:37,8,10,0.04,0,77,0
4011,1335,2024-05-23 15:00:50,5,5,0.28,0,92,34
4012,1200,2024-09-01 04:21:22,3,23,0.67,0,18,27
4013,4783,2025-02-13 08:56:13,4,17,0.22,0,64,24
4014,3598,2024-06-07 01:24:10,6,41,0.03,0,53,30
4015,113,2025-03-01 15:57:44,7,18,0.17,0,75,31
4016,3817,2024-02-23 22:05:10,6,39,0.17,1,75,26
4017,2495,2025-12-04 15:07:57,6,13,0.49,0,103,66
4018,4178,2025-04-04 08:48:58,2,17,0.43,0,16,0
4019,2364,2025-05-31 19:25:14,4,13,0.39,0,41,12
4020,3951,2025-10-06 11:04:33,4,2,0.39,0,56,8
4021,1913,2025-09-17 09:35:00,0,27,0.41,0,32,40
4022,2505,2024-12-09 14:47:50,4,7,0.51,0,30,22
4023,367,2024-08-20 11:13:27,6,25,0.32,0,80,38
4024,78,2025-12-12 15:49:02,7,10,0.54,0,73,45
4025,1102,2025-01-04 19:23:31,3,23,0.59,0,78,26
4026,2881,2024-12-12 12:40:49,0,34,0.4,0,48,18
4027,3210,2024-10-07 19:47:10,9,32,0.43,0,59,52
4028,4162,2024-06-18 06:41:08,3,30,0.45,0,85,32
4029,1760,2025-01-22 15:56:19,8,11,0.37,0,46,50
4030,2102,2024-12-30 03:56:55,5,0,0.35,0,37,20
4031,3885,2024-06-11 09:17:02,12,39,0.29,1,84,26
4032,1598,2025-11-29 15:55:51,4,27,0.12,0,40,6
4033,2790,2024-05-20 01:12:23,1,13,0.38,0,71,41
4034,1773,2025-12-20 19:00:18,1,11,0.14,0,59,35
4035,3878,2025-06-18 14:31:24,3,29,0.16,0,60,39
4036,3258,2024-03-05 00:07:23,5,11,0.4,0,70,49
4037,4342,2024-09-05 17:45:54,10,35,0.27,1,68,42
4038,2044,2024-08-23 09:28:32,0,19,0.28,0,75,38
4039,4922,2024-02-16 08:20:37,7,33,0.3,0,78,59
4040,2297,2025-08-15 18:07:05,6,18,0.28,0,51,47
4041,2354,2024-04-11 03:41:36,3,33,0.23,0,70,16
4042,3698,2025-06-23 19:14:06,4,34,0.32,0,58,37
4043,352,2025-06-17 07:17:33,4,15,0.46,0,14,34
4044,2903,2024-08-10 00:36:58,4,20,0.65,0,83,63
4045,2921,2025-05-26 15:20:20,4,22,0.36,0,71,9
4046,2957,2024-12-09 11:56:22,0,27,0.01,0,56,29
4047,2347,2024-04-04 10:54:01,4,26,0.38,0,16,28
4048,3487,2025-07-21 16:00:46,3,29,0.26,0,17,38
4049,1364,2024-07-14 22:01:13,2,19,0.1,0,56,33
4050,4435,2024-06-18 08:43:08,5,20,0.23,0,47,24
4051,1268,2025-08-27 17:50:19,12,15,0.41,0,69,28
4052,2306,2025-08-17 17:16:40,3,5,0.34,0,55,24
4053,4952,2024-02-18 17:02:31,11,2,0.58,0,35,20
4054,679,2025-04-13 17:39:19,2,15,0.23,0,94,29
4055,480,2024-08-17 08:30:06,0,17,0.28,0,50,36
4056,4251,2025-01-04 02:56:32,3,15,0.08,0,99,53
4057,235,2025-01-29 22:37:46,8,20,0.38,0,64,35
4058,2275,2024-12-18 00:05:48,0,5,0.34,0,31,17
4059,3908,2025-07-20 17:06:06,6,27,0.38,0,87,18
4060,3991,2025-03-07 03:10:40,4,6,0.13,0,40,45
4061,1488,2025-03-17 15:47:23,4,40,0.57,0,10,25
4062,3837,2024-04-05 12:18:59,5,23,0.54,1,32,32
4063,1292,2025-09-05 15:44:45,8,7,0.17,1,43,37
4064,1638,2025-10-30 19:43:27,2,19,0.2,0,66,44
4065,4200,2025-01-25 09:46:02,0,22,0.41,0,65,15
4066,2197,2024-12-28 20:58:58,8,18,0.14,0,56,41
4067,1374,2024-08-04 14:32:38,0,18,0.13,0,80,48
4068,4934,2025-09-03 14:34:10,0,25,0.3,0,67,35
4069,1819,2025-06-25 08:01:55,4,45,0.21,0,74,34
4070,2777,2025-07-30 13:57:40,1,18,0.33,0,61,1
4071,3073,2025-04-01 14:33:50,0,21,0.2,0,61,22
4072,1804,2025-06-08 19:35:06,1,2,0.2,0,58,38
4073,1132,2024-09-29 23:25:38,4,7,0.08,0,67,50
4074,4941,2024-10-31 15:59:31,3,27,0.26,0,50,20
4075,2027,2025-01-12 00:16:25,2,28,0.4,0,103,11
4076,3924,2025-02-08 20:04:14,3,33,0.22,0,50,28
4077,167,2025-01-02 02:55:11,7,12,0.1,0,41,0
4078,182,2024-06-20 13:22:12,5,19,0.4,0,56,33
4079,3643,2025-07-23 18:50:00,8,21,0.11,0,90,26
4080,1587,2024-07-29 13:33:20,1,24,0.07,0,55,8
4081,2786,2025-05-01 21:37:55,4,40,0.28,0,76,40
4082,3517,2024-12-11 20:53:36,0,1,0.33,1,65,4
4083,1370,2024-06-15 14:12:38,3,18,0.09,0,58,25
4084,2787,2024-01-27 01:52:53,10,15,0.42,0,39,46
4085,1218,2024-02-24 00:05:57,6,15,0.54,0,110,51
4086,3879,2024-02-09 07:28:05,5,19,0.15,0,21,27
4087,565,2025-09-29 05:30:30,7,10,0.54,0,85,34
4088,3547,2025-06-17 14:43:33,7,20,0.07,0,31,45
4089,1402,2025-07-05 22:10:29,0,22,0.48,0,73,41
4090,3178,2025-10-03 16:15:13,8,22,0.5,0,65,8
4091,4069,2025-07-18 00:33:10,5,26,0.2,0,47,37
4092,4484,2024-12-23 16:15:41,8,32,0.01,0,77,32
4093,3229,2024-09-02 00:28:56,2,0,0.12,0,76,0
4094,3355,2024-09-15 15:17:59,8,19,0.4,0,52,58
4095,4526,2024-10-18 08:35:28,0,10,0.12,0,92,17
4096,3455,2025-07-13 16:29:00,8,20,0.26,0,64,47
4097,4748,2024-05-23 13:49:30,3,39,0.28,0,45,19
4098,1014,2024-09-21 14:29:51,5,22,0.04,0,31,42
4099,4152,2025-02-24 18:22:03,0,5,0.18,0,56,27
4100,1537,2025-02-23 13:58:59,3,19,0.14,0,46,41
4101,70,2025-06-26 13:38:47,5,28,0.06,0,64,17
4102,1471,2025-06-11 11:51:43,7,17,0.07,0,53,27
4103,4508,2025-10-25 02:47:01,8,22,0.22,0,52,13
4104,3032,2025-09-05 14:18:16,1,0,0.27,0,44,42
4105,57,2024-09-26 01:30:08,3,1,0.16,0,53,21
4106,854,2025-11-23 19:50:44,8,23,0.28,0,80,33
4107,3578,2025-11-28 20:18:06,6,9,0.15,0,86,45
4108,884,2025-08-15 21:05:11,3,17,0.34,0,49,41
4109,3668,2025-04-28 11:42:53,3,27,0.42,0,52,42
4110,3374,2025-08-02 13:29:23,10,15,0.15,0,33,39
4111,1105,2024-05-11 16:20:39,4,14,0.25,0,45,37
4112,266,2024-12-01 07:15:20,4,28,0.2,0,69,41
4113,4628,2025-11-07 07:03:51,3,23,0.19,0,65,28
4114,1037,2024-03-27 00:26:59,3,29,0.23,0,26,46
4115,3851,2024-06-16 02:04:01,5,35,0.62,0,91,61
4116,668,2024-05-25 04:42:53,6,11,0.11,0,85,26
4117,2567,2024-07-13 10:49:34,8,33,0.54,0,72,42
4118,3876,2025-07-28 12:24:54,8,35,0.17,0,56,61
4119,1901,2025-11-08 04:12:55,3,9,0.18,0,58,8
4120,1038,2025-10-08 12:04:47,6,44,0.2,0,73,47
4121,1642,2025-07-08 18:26:26,1,24,0.54,0,48,55
4122,2894,2025-07-10 18:10:49,5,37,0.2,1,112,22
4123,4170,2024-05-07 09:15:36,3,19,0.29,1,33,32
4124,1091,2025-03-23 10:24:49,7,0,0.46,0,77,8
4125,953,2025-10-24 06:02:08,0,31,0.27,1,75,32
4126,2948,2025-11-04 02:46:45,7,0,0.3,0,71,51
4127,3049,2025-02-05 16:03:05,7,6,0.3,1,87,35
4128,1920,2024-06-14 09:17:08,7,11,0.04,0,48,43
4129,1528,2025-11-18 01:41:06,7,3,0.44,0,43,11
4130,2354,2024-03-26 16:05:22,5,19,0.29,0,61,38
4131,2644,2025-08-13 04:45:43,4,23,0.28,0,61,41
4132,2091,2025-10-24 00:56:41,2,21,0.27,1,111,19
4133,2283,2025-09-28 22:23:41,11,21,0.25,0,60,24
4134,2277,2024-12-26 04:48:14,8,12,0.2,0,10,34
4135,4340,2024-06-18 13:52:50,3,6,0.3,0,42,17
4136,1466,2025-07-24 20:00:41,5,29,0.49,0,67,27
4137,4764,2024-04-10 15:52:19,5,15,0.04,0,74,43
4138,4822,2024-04-24 19:52:23,4,0,0.41,0,69,29
4139,1084,2025-10-24 13:59:43,6,36,0.27,1,43,46
4140,2419,2024-02-09 12:56:00,0,16,0.02,0,78,30
4141,4953,2024-10-15 06:54:34,5,37,0.12,0,31,12
4142,1733,2025-03-06 13:27:22,7,28,0.13,0,61,33
4143,1348,2024-10-09 13:10:12,4,31,0.57,0,71,16
4144,513,2024-02-13 03:00:54,10,13,0.27,1,42,20
4145,2770,2024-04-26 07:56:18,7,29,0.34,0,50,27
4146,853,2024-08-18 14:08:43,9,29,0.3,0,29,54
4147,1417,2024-11-12 07:15:43,3,24,0.15,0,78,26
4148,1465,2025-07-17 17:00:20,5,24,0.16,1,50,10
4149,4591,2025-05-30 04:06:46,4,17,0.3,0,63,26
4150,3776,2024-04-08 11:34:14,6,30,0.14,0,66,23
4151,1928,2025-08-28 09:00:28,5,20,0.38,0,75,22
4152,480,2024-12-01 18:26:25,2,23,0.31,0,60,35
4153,3539,2025-01-03 20:31:54,3,25,0.19,0,57,33
4154,354,2024-08-28 16:40:00,6,11,0.29,0,44,20
4155,384,2024-02-05 02:22:01,4,30,0.2,0,46,50
4156,4709,2025-01-11 04:11:14,4,20,0.15,0,49,40
4157,4658,2025-04-28 11:58:11,2,17,0.43,0,64,33
4158,2989,2025-01-24 06:30:39,8,15,0.34,0,95,32
4159,1305,2024-08-18 10:57:59,0,15,0.35,0,55,48
4160,3807,2025-01-06 07:12:07,5,4,0.36,0,76,53
4161,763,2024-07-23 04:54:50,3,19,0.24,0,64,37
4162,2061,2024-11-29 21:52:24,6,16,0.1,0,56,6
4163,704,2024-05-26 15:25:28,3,17,0.18,0,94,49
4164,3427,2025-09-04 16:34:28,3,33,0.19,0,64,27
4165,2260,2024-05-08 11:54:48,8,16,0.33,0,44,31
4166,4937,2024-11-27 02:49:24,8,23,0.24,0,73,11
4167,133,2025-05-14 05:01:50,4,33,0.19,0,63,35
4168,3650,2025-03-26 06:58:38,2,33,0.4,0,33,49
4169,3541,2025-09-18 04:29:28,2,3,0.11,0,35,52
4170,149,2025-01-05 14:13:42,7,23,0.48,0,27,16
4171,4005,2025-05-15 14:24:56,6,20,0.57,0,63,45
4172,3724,2025-12-09 13:41:12,2,12,0.15,0,62,52
4173,2093,2025-11-06 09:25:27,5,18,0.16,0,32,5
4174,231,2024-07-06 19:13:36,4,18,0.37,0,64,43
4175,2699,2025-10-21 01:04:10,7,0,0.39,0,50,33
4176,4089,2025-07-09 19:07:44,7,25,0.59,0,36,31
4177,1185,2024-02-17 21:03:03,3,11,0.73,0,52,28
4178,2686,2024-03-03 00:01:15,5,14,0.06,0,71,40
4179,4634,2024-07-30 23:53:01,6,28,0.3,0,74,23
4180,77,2024-11-22 04:31:35,8,29,0.11,1,57,20
4181,1009,2024-11-04 11:27:09,8,11,0.28,0,33,42
4182,3048,2024-08-02 21:07:11,10,33,0.26,0,35,2
4183,3022,2025-02-16 10:20:14,8,26,0.6,0,46,36
4184,1848,2025-09-20 21:53:56,5,21,0.31,0,43,1
4185,3723,2025-07-16 02:19:28,0,7,0.2,0,71,19
4186,3488,2025-03-27 10:35:06,1,36,0.12,0,49,42
4187,2851,2024-06-08 12:36:14,8,17,0.24,0,76,11
4188,1966,2024-11-10 16:23:10,2,23,0.42,0,66,38
4189,3032,2024-09-14 17:22:11,4,20,0.2,0,54,8
4190,3224,2024-06-24 08:58:52,5,11,0.42,0,61,34
4191,4628,2025-10-03 19:20:49,9,19,0.23,0,47,32
4192,776,2025-02-17 10:13:25,5,0,0.15,0,51,38
4193,4623,2025-09-21 04:48:42,7,22,0.44,0,81,21
4194,93,2024-11-02 19:42:29,2,60,0.42,0,48,47
4195,4350,2025-11-20 00:40:17,1,31,0.38,1,55,28
4196,4564,2024-09-06 12:42:12,7,23,0.24,0,70,6
4197,681,2025-06-10 11:04:17,5,15,0.17,1,50,37
4198,3773,2024-06-26 15:55:37,9,22,0.29,0,68,29
4199,4703,2025-11-05 23:53:31,4,22,0.28,0,54,32
4200,650,2024-11-23 02:07:14,11,7,0.49,1,61,19
4201,1586,2024-02-07 04:29:29,0,10,0.25,0,48,40
4202,2199,2024-08-25 12:16:00,10,10,0.36,0,47,33
4203,1256,2024-03-08 04:55:31,0,26,0.27,0,59,45
4204,161,2025-08-30 01:48:58,0,12,0.49,0,93,13
4205,4710,2025-03-07 02:34:34,1,12,0.21,0,43,18
4206,4997,2024-09-21 06:43:42,0,26,0.25,0,69,24
4207,4803,2024-02-04 15:09:31,4,25,0.55,1,38,18
4208,4242,2024-09-23 05:00:11,8,18,0.41,0,101,40
4209,321,2024-02-08 22:48:53,2,24,0.16,0,39,56
4210,2320,2024-01-24 10:14:01,3,5,0.25,0,96,30
4211,4511,2024-11-25 01:59:05,10,8,0.48,0,59,25
4212,43,2025-10-28 05:55:40,3,44,0.39,0,57,23
4213,682,2024-07-14 07:37:27,2,37,0.23,0,45,20
4214,3857,2024-12-15 16:44:44,6,29,0.2,0,63,41
4215,1987,2025-08-18 06:57:51,1,12,0.59,0,63,12
4216,889,2025-09-15 01:42:45,1,18,0.14,0,65,43
4217,392,2025-09-24 04:13:27,1,25,0.46,1,75,32
4218,3162,2025-06-24 11:11:05,3,4,0.27,0,79,34
4219,524,2025-12-05 17:51:44,4,9,0.35,0,47,33
4220,2831,2025-07-16 06:08:37,9,20,0.38,0,55,27
4221,3225,2025-11-07 12:00:48,0,23,0.33,0,21,44
4222,2612,2025-05-14 20:12:21,0,16,0.23,1,66,51
4223,1803,2024-11-09 05:22:58,3,34,0.28,0,71,23
4224,1984,2025-06-05 08:19:03,9,25,0.37,1,10,31
4225,4086,2024-03-20 12:58:07,6,30,0.2,0,54,11
4226,3851,2025-01-29 01:39:50,4,27,0.18,0,61,26
4227,1279,2024-09-21 18:50:35,9,3,0.1,0,67,19
4228,3231,2024-10-28 23:24:32,5,16,0.21,0,60,34
4229,3593,2024-11-02 20:50:26,2,27,0.15,0,58,30
4230,528,2025-08-03 15:27:33,7,23,0.28,0,31,35
4231,1945,2024-09-11 09:50:46,1,32,0.23,0,82,22
4232,2940,2025-06-07 22:29:15,5,9,0.36,0,56,41
4233,2282,2025-11-24 17:12:02,4,17,0.16,1,55,48
4234,2121,2025-11-17 19:10:15,5,24,0.04,0,67,33
4235,3069,2024-08-18 03:25:49,1,12,0.1,0,95,19
4236,1855,2025-05-25 23:09:16,1,16,0.31,0,64,35
4237,153,2025-08-20 15:18:24,7,20,0.36,0,79,50
4238,1792,2024-02-09 15:47:07,2,20,0.53,0,34,21
4239,1787,2025-12-22 10:20:21,8,3,0.14,0,50,38
4240,2186,2024-12-11 16:01:57,7,20,0.36,0,87,57
4241,1373,2025-11-28 03:10:13,4,26,0.1,0,68,22
4242,1382,2024-04-18 23:35:21,8,15,0.31,0,86,41
4243,3944,2024-06-24 14:45:05,1,15,0.26,0,49,40
4244,1977,2024-03-20 16:40:00,6,8,0.43,0,38,16
4245,4518,2025-08-14 19:04:02,7,7,0.12,0,72,24
4246,1370,2025-05-25 10:31:42,8,18,0.21,0,97,12
4247,3586,2025-09-17 09:35:33,8,44,0.24,0,57,23
4248,3971,2024-03-11 03:51:21,8,25,0.64,0,86,21
4249,1059,2024-04-09 09:16:36,3,11,0.13,0,93,33
4250,428,2025-11-26 11:03:53,6,0,0.14,1,52,29
4251,3848,2025-03-01 18:55:25,6,24,0.34,1,73,32
4252,3249,2025-04-03 05:19:44,8,0,0.3,0,58,38
4253,1092,2025-03-27 02:40:20,3,18,0.37,0,61,26
4254,2904,2024-02-22 06:18:07,8,18,0.71,0,42,33
4255,2758,2025-10-10 05:00:32,5,0,0.28,0,58,28
4256,4683,2024-10-02 10:28:12,8,19,0.47,0,50,12
4257,3682,2024-06-12 07:37:09,3,20,0.24,0,103,30
4258,3114,2024-06-20 22:25:58,7,14,0.1,0,74,14
4259,645,2025-05-28 20:37:45,7,13,0.2,0,46,40
4260,4731,2024-10-07 09:42:40,5,16,0.41,0,89,41
4261,4694,2024-03-15 12:42:34,2,11,0.14,0,81,16
4262,3233,2025-12-19 21:46:24,3,11,0.56,0,73,37
4263,1665,2025-03-08 11:37:50,1,18,0.2,0,69,47
4264,4722,2024-06-06 08:45:54,7,7,0.19,0,105,31
4265,2018,2024-10-12 10:50:19,8,13,0.21,0,42,12
4266,274,2024-05-02 13:26:56,0,4,0.52,0,22,32
4267,2374,2025-06-14 19:25:33,6,9,0.29,0,87,32
4268,3668,2024-06-25 01:38:27,1,27,0.47,0,67,38
4269,764,2025-06-26 17:38:29,3,24,0.32,0,46,19
4270,2271,2025-03-04 22:28:52,5,24,0.47,0,65,38
4271,148,2025-08-20 16:27:33,8,15,0.11,0,61,35
4272,1680,2024-12-31 19:30:10,2,23,0.39,0,68,32
4273,1990,2024-07-01 02:01:55,6,9,0.31,0,49,21
4274,3856,2024-10-26 04:07:21,3,17,0.04,0,48,23
4275,204,2025-02-08 05:07:59,1,21,0.38,0,61,38
4276,384,2024-05-28 00:26:45,5,14,0.43,0,30,18
4277,741,2024-07-20 06:58:59,0,23,0.24,0,52,39
4278,3187,2025-06-30 18:12:20,8,21,0.26,0,30,26
4279,4103,2024-02-18 01:03:10,2,25,0.19,0,57,31
4280,4813,2024-05-19 04:24:49,8,22,0.25,0,77,17
4281,725,2024-10-24 12:45:42,4,6,0.39,0,49,22
4282,614,2025-12-15 10:40:08,8,20,0.21,1,10,2
4283,954,2025-10-03 05:03:55,7,27,0.27,0,39,15
4284,3265,2025-04-23 09:25:54,4,22,0.33,0,64,47
4285,3562,2025-06-20 00:28:42,6,10,0.27,0,84,19
4286,3276,2025-04-11 21:03:28,5,27,0.31,0,55,20
4287,2713,2024-12-26 06:50:16,12,5,0.38,0,76,13
4288,1936,2025-05-28 18:06:43,5,17,0.08,0,67,45
4289,3986,2025-11-13 23:23:06,1,22,0.14,1,61,44
4290,3541,2025-03-22 00:19:18,1,20,0.55,1,78,27
4291,3749,2025-12-14 05:19:32,2,25,0.25,0,59,31
4292,2188,2024-08-27 05:04:48,7,4,0.35,0,41,29
4293,1686,2024-04-11 22:56:35,9,8,0.76,0,53,23
4294,1738,2025-03-24 22:49:38,4,22,0.33,0,60,30
4295,2287,2025-09-06 03:17:58,4,27,0.28,1,42,19
4296,4223,2024-11-30 10:23:42,0,13,0.22,0,40,19
4297,2567,2024-12-05 16:35:39,6,27,0.26,0,80,4
4298,1378,2024-11-22 05:18:34,6,36,0.56,0,61,24
4299,2706,2025-11-20 21:31:20,1,32,0.17,0,70,35
4300,4293,2025-05-10 01:34:28,4,26,0.09,0,57,2
4301,1342,2025-04-18 00:13:43,5,18,0.13,0,29,28
4302,2542,2024-04-13 16:43:55,5,0,0.03,0,48,31
4303,2643,2024-04-01 14:54:50,6,24,0.44,0,73,18
4304,1278,2024-04-01 21:51:45,7,1,0.16,0,71,31
4305,3534,2025-02-05 02:06:50,2,29,0.17,0,52,1
4306,1951,2025-06-08 09:26:08,6,13,0.07,0,71,36
4307,1426,2025-03-09 22:06:56,2,24,0.18,0,59,49
4308,193,2025-07-31 14:43:09,5,14,0.43,0,118,36
4309,2073,2025-07-08 11:58:24,7,49,0.23,0,34,54
4310,1136,2024-09-01 23:55:06,5,3,0.23,0,56,41
4311,3586,2025-09-04 13:52:29,2,25,0.12,0,77,28
4312,3990,2024-09-23 05:40:18,2,9,0.13,0,65,52
4313,2312,2025-08-03 07:47:01,7,36,0.2,0,59,44
4314,1486,2024-01-31 01:34:52,3,34,0.45,0,10,15
4315,4007,2024-03-14 15:06:31,1,35,0.11,0,31,29
4316,2539,2025-12-09 00:41:38,9,25,0.26,0,30,27
4317,1594,2025-08-05 19:58:48,5,20,0.41,0,27,35
4318,3301,2024-02-08 12:15:47,7,21,0.48,1,57,26
4319,1033,2025-01-27 05:19:58,6,23,0.03,0,83,49
4320,3842,2024-08-02 10:22:33,9,19,0.15,1,72,35
4321,1698,2024-08-30 07:58:57,7,24,0.35,0,93,55
4322,33,2024-12-23 23:17:35,7,25,0.25,1,83,30
4323,3560,2025-02-13 22:58:12,5,11,0.24,1,100,6
4324,4650,2025-06-24 09:53:05,6,25,0.22,0,51,22
4325,2758,2024-08-15 13:34:53,6,6,0.08,0,55,50
4326,1879,2025-11-13 05:25:20,6,12,0.59,0,83,35
4327,908,2025-11-13 23:07:33,3,18,0.27,0,85,17
4328,1950,2025-03-08 12:51:01,6,37,0.08,1,44,58
4329,3083,2025-05-23 22:45:21,1,18,0.28,0,84,13
4330,4494,2025-06-26 20:01:40,6,18,0.35,1,47,22
4331,2399,2024-11-03 21:14:58,5,25,0.18,0,85,49
4332,4712,2025-08-15 18:53:16,6,21,0.33,0,41,44
4333,4587,2024-07-26 06:58:12,8,26,0.13,1,57,43
4334,1668,2025-10-04 07:00:02,6,35,0.32,0,63,24
4335,730,2025-02-28 09:27:12,9,6,0.16,0,77,46
4336,1617,2024-04-24 17:38:39,2,26,0.05,0,44,13
4337,2259,2024-09-10 04:18:09,1,27,0.78,0,38,31
4338,909,2025-08-25 22:41:47,7,22,0.3,0,81,37
4339,1605,2024-06-26 03:52:37,5,10,0.18,0,60,26
4340,3874,2024-02-14 21:37:37,0,21,0.05,0,52,12
4341,116,2024-05-16 22:30:25,4,17,0.43,0,39,33
4342,406,2024-09-20 22:20:16,0,16,0.32,0,44,31
4343,779,2024-03-10 02:53:43,5,39,0.45,0,51,10
4344,4468,2025-04-01 01:33:45,3,9,0.35,1,64,69
4345,3656,2025-04-03 09:14:59,5,32,0.27,0,60,35
4346,2709,2024-05-31 16:48:04,5,2,0.15,0,40,49
4347,3788,2024-02-08 16:36:56,0,23,0.32,0,80,41
4348,3262,2024-02-06 05:06:19,3,21,0.35,0,103,7
4349,2898,2025-08-27 15:49:28,8,21,0.29,0,57,15
4350,4206,2024-11-01 21:47:30,3,17,0.26,0,63,23
4351,168,2024-03-14 06:39:56,8,31,0.3,0,81,49
4352,2107,2024-11-08 11:29:49,1,28,0.35,1,77,19
4353,1447,2025-07-09 15:56:14,4,29,0.37,0,53,36
4354,345,2025-02-25 14:18:04,3,4,0.16,0,93,32
4355,4731,2025-05-15 15:00:54,5,23,0.48,1,74,17
4356,3994,2024-06-13 23:16:39,2,39,0.04,0,10,43
4357,1756,2025-03-21 02:09:17,4,21,0.21,0,86,13
4358,577,2025-02-14 19:42:42,7,5,0.46,1,50,29
4359,3607,2024-06-17 19:18:31,0,10,0.24,0,62,14
4360,4961,2025-11-26 21:11:21,10,16,0.46,0,47,23
4361,1406,2024-04-06 19:31:24,3,24,0.34,0,64,12
4362,1829,2024-05-28 10:09:58,5,26,0.08,0,106,37
4363,969,2024-02-03 13:59:30,4,21,0.08,0,71,36
4364,2365,2024-10-02 05:47:12,3,26,0.16,0,87,30
4365,1318,2025-12-19 14:33:37,5,2,0.05,0,60,14
4366,3501,2025-05-28 00:35:05,7,36,0.46,0,58,34
4367,254,2025-11-29 14:52:18,5,35,0.35,0,49,37
4368,2684,2025-02-19 14:51:50,2,31,0.12,0,71,35
4369,4334,2024-09-30 15:34:00,3,32,0.52,0,33,58
4370,2010,2024-07-06 21:17:22,7,25,0.14,0,26,22
4371,3349,2024-06-11 07:32:12,7,37,0.49,0,57,28
4372,1189,2025-05-14 09:57:49,9,12,0.2,0,65,4
4373,4861,2024-09-14 11:21:25,7,32,0.33,0,45,32
4374,4685,2024-05-03 20:35:01,3,0,0.56,0,67,45
4375,3391,2025-10-17 11:27:15,1,46,0.33,1,88,36
4376,1548,2024-08-07 21:35:44,4,40,0.53,0,53,14
4377,3869,2025-06-12 23:35:50,9,21,0.52,0,38,4
4378,3875,2025-03-20 12:14:55,2,21,0.38,0,93,41
4379,2742,2025-09-04 14:49:08,4,29,0.11,0,103,34
4380,3282,2025-02-04 00:49:07,7,14,0.16,0,103,14
4381,3800,2024-04-15 14:46:52,5,28,0.26,0,107,42
4382,280,2024-03-30 20:46:26,4,28,0.45,0,87,52
4383,1123,2025-02-03 02:08:20,8,20,0.16,0,30,43
4384,209,2024-09-07 10:09:39,0,0,0.45,0,61,29
4385,2575,2024-05-15 12:19:13,3,21,0.39,1,47,0
4386,2202,2024-04-09 02:36:50,6,27,0.23,0,75,9
4387,4313,2025-09-21 00:53:45,5,24,0.44,0,30,48
4388,3205,2024-11-14 03:47:01,6,28,0.26,0,65,11
4389,4477,2024-12-13 08:17:14,1,29,0.15,0,29,12
4390,3958,2024-01-27 09:28:55,3,24,0.24,0,74,26
4391,464,2024-02-26 05:47:37,6,35,0.15,0,51,51
4392,2934,2025-07-01 05:35:06,6,8,0.12,0,83,40
4393,2947,2024-04-27 20:57:32,4,15,0.16,0,79,6
4394,1000,2025-11-10 17:44:01,7,21,0.12,0,12,39
4395,1365,2024-12-23 03:17:28,3,9,0.47,0,34,36
4396,2204,2024-11-06 16:03:58,3,27,0.39,0,62,0
4397,4685,2024-08-27 00:15:08,5,15,0.02,0,30,31
4398,522,2025-09-11 05:57:27,4,49,0.42,0,69,24
4399,59,2025-05-29 15:02:15,4,29,0.24,0,52,46
4400,1079,2024-10-07 14:37:17,2,16,0.37,0,68,14
4401,378,2025-12-03 00:48:49,6,29,0.55,0,76,15
4402,2258,2025-08-29 12:02:23,6,33,0.2,0,58,19
4403,1771,2025-07-11 04:02:22,4,37,0.19,0,46,57
4404,1998,2025-05-11 12:59:10,2,32,0.62,0,26,35
4405,1761,2025-03-15 18:26:31,2,31,0.35,0,57,8
4406,4607,2025-01-03 17:04:46,9,12,0.17,0,35,27
4407,1378,2025-03-12 11:27:43,6,0,0.39,0,88,14
4408,100,2024-06-09 08:25:16,4,35,0.04,0,66,49
4409,4851,2025-04-12 08:17:22,0,7,0.31,1,70,7
4410,477,2024-04-04 19:50:53,3,8,0.07,0,74,24
4411,2328,2024-02-29 15:59:05,6,29,0.15,0,80,23
4412,4711,2024-06-15 09:50:24,6,7,0.17,0,32,51
4413,2852,2024-04-09 03:46:50,6,35,0.59,0,57,27
4414,1618,2024-05-03 03:45:08,6,9,0.72,0,84,11
4415,4613,2025-05-13 19:06:28,10,26,0.2,0,60,38
4416,1434,2024-12-28 00:13:31,5,2,0.45,0,59,2
4417,4271,2024-11-17 07:14:40,3,9,0.43,0,10,37
4418,4911,2025-10-10 19:13:57,5,18,0.74,1,69,36
4419,4946,2025-06-24 15:01:21,5,21,0.34,0,50,20
4420,1316,2024-06-30 08:13:43,4,21,0.52,1,52,18
4421,4967,2024-11-26 05:24:25,6,5,0.05,0,92,51
4422,1129,2024-03-28 15:22:54,7,23,0.45,1,67,27
4423,3869,2025-06-27 13:44:29,3,28,0.05,0,57,14
4424,884,2024-02-22 16:39:31,9,18,0.22,0,69,30
4425,1478,2025-05-26 10:46:25,7,12,0.38,0,48,9
4426,3091,2024-10-05 21:36:42,1,9,0.09,0,61,12
4427,2171,2024-09-14 06:26:20,9,7,0.09,0,84,71
4428,3001,2025-09-21 21:30:41,7,24,0.45,0,48,37
4429,4005,2025-07-09 10:57:03,4,32,0.28,1,71,25
4430,1718,2024-03-02 07:38:42,9,21,0.23,0,36,38
4431,763,2025-08-06 16:15:37,4,0,0.07,0,32,20
4432,2400,2024-11-03 05:57:16,2,24,0.29,0,76,23
4433,4106,2025-11-11 13:02:09,3,15,0.57,0,41,34
4434,3543,2025-10-07 19:34:16,4,31,0.18,0,51,19
4435,2207,2024-03-29 00:14:43,13,23,0.1,0,79,54
4436,2406,2024-11-07 02:58:26,4,14,0.38,0,77,31
4437,3597,2024-05-22 22:38:47,3,23,0.54,0,66,24
4438,4017,2024-04-03 20:35:23,5,28,0.08,0,50,15
4439,4518,2025-10-08 04:20:24,1,6,0.14,0,101,47
4440,1658,2024-03-25 07:17:27,1,5,0.6,0,56,42
4441,4824,2025-06-05 03:23:33,6,16,0.23,0,71,31
4442,76,2024-05-14 03:33:08,3,21,0.2,0,63,0
4443,4209,2025-12-09 06:27:38,3,29,0.17,0,72,22
4444,711,2025-07-16 22:59:44,3,20,0.34,0,48,41
4445,3735,2024-02-04 08:47:03,1,6,0.06,0,65,30
4446,3081,2024-04-06 23:47:10,0,0,0.19,0,62,10
4447,4774,2024-08-17 12:36:38,5,31,0.25,0,77,37
4448,2237,2025-07-27 06:28:40,9,28,0.4,0,45,32
4449,445,2024-03-19 13:06:10,5,6,0.2,1,42,17
4450,4644,2024-05-24 04:52:22,2,16,0.17,0,71,35
4451,3967,2025-12-19 07:41:22,2,23,0.39,0,58,23
4452,994,2024-04-08 13:32:46,4,29,0.15,0,53,27
4453,598,2025-10-05 09:18:49,6,14,0.36,0,26,14
4454,749,2024-11-30 15:54:47,7,15,0.28,0,75,37
4455,2324,2024-03-07 01:51:12,4,16,0.27,0,64,21
4456,3014,2025-08-18 14:10:50,3,16,0.13,1,99,30
4457,4304,2025-02-13 08:53:36,0,3,0.24,0,40,42
4458,3970,2024-08-03 19:54:47,5,23,0.41,0,64,30
4459,4679,2024-03-05 08:54:25,1,14,0.16,0,67,5
4460,2688,2024-06-02 08:14:58,2,35,0.21,0,80,24
4461,2698,2025-04-25 07:36:03,8,33,0.44,0,89,16
4462,1797,2025-03-20 14:25:47,3,18,0.26,1,10,56
4463,1847,2024-06-08 11:46:37,7,6,0.19,0,50,37
4464,2001,2025-11-05 17:00:56,2,16,0.23,1,61,5
4465,3846,2024-06-03 06:50:26,7,14,0.3,0,103,56
4466,2315,2025-07-17 03:51:28,8,23,0.13,0,45,37
4467,2616,2025-04-09 10:38:24,5,15,0.05,0,97,29
4468,4725,2025-11-25 05:00:08,6,17,0.3,0,46,30
4469,3755,2025-02-15 02:38:38,3,19,0.26,0,48,39
4470,1103,2025-06-01 05:46:05,0,23,0.47,0,73,42
4471,4278,2024-07-02 03:30:15,8,4,0.14,0,78,16
4472,547,2024-08-22 11:54:52,7,26,0.39,1,59,12
4473,2492,2024-08-31 06:24:13,0,19,0.21,0,46,58
4474,2706,2024-12-09 01:28:19,7,9,0.27,0,49,36
4475,1484,2024-10-22 18:56:14,6,10,0.32,0,24,37
4476,3017,2024-07-14 06:29:12,7,14,0.26,0,86,10
4477,3472,2024-06-29 15:02:48,5,30,0.37,1,71,0
4478,4041,2024-03-17 10:58:29,2,28,0.28,0,49,45
4479,1703,2024-03-18 18:20:44,9,15,0.13,0,55,36
4480,4039,2024-06-29 22:02:11,1,31,0.1,0,55,38
4481,3132,2024-02-20 00:48:17,4,22,0.23,0,51,22
4482,1714,2025-06-11 16:03:43,10,20,0.08,0,80,31
4483,4870,2025-10-27 05:15:46,3,25,0.11,0,50,39
4484,3562,2024-11-07 06:36:14,8,36,0.08,0,46,37
4485,4084,2025-10-12 06:29:47,4,11,0.22,0,53,9
4486,3013,2025-09-27 09:01:27,10,29,0.5,0,77,33
4487,3255,2025-02-11 06:12:57,5,31,0.66,0,38,28
4488,4845,2024-05-03 06:47:48,7,26,0.17,0,88,24
4489,4572,2025-01-07 00:05:44,1,33,0.37,0,72,40
4490,1567,2025-02-20 00:47:08,8,35,0.72,0,33,18
4491,4672,2025-08-20 12:56:40,2,20,0.19,0,58,6
4492,4970,2025-06-28 02:22:08,2,13,0.21,1,57,40
4493,4073,2025-11-21 11:15:03,9,24,0.4,0,42,27
4494,1755,2025-02-17 10:50:52,5,32,0.16,0,73,40
4495,60,2024-05-05 13:26:59,5,22,0.06,0,72,27
4496,2234,2024-07-10 11:39:31,9,10,0.35,0,92,44
4497,4956,2024-09-03 22:19:01,10,16,0.13,0,85,27
4498,443,2025-03-01 07:50:17,2,19,0.46,0,74,32
4499,3749,2025-12-07 07:18:23,6,23,0.28,0,68,31
4500,2175,2024-07-10 04:43:25,2,35,0.06,0,38,19
4501,4152,2024-10-17 00:22:40,11,22,0.64,0,19,34
4502,85,2024-03-16 20:38:45,7,9,0.23,0,69,40
4503,3947,2025-01-27 06:20:09,5,16,0.21,0,91,15
4504,2269,2025-03-15 11:53:55,4,12,0.2,1,82,32
4505,1234,2024-04-29 02:00:28,6,4,0.04,0,65,41
4506,587,2025-01-21 09:03:55,2,43,0.12,0,81,29
4507,3968,2024-11-29 15:28:06,6,18,0.19,0,104,14
4508,1806,2024-12-05 23:07:32,0,12,0.07,0,48,13
4509,455,2025-06-30 01:50:49,7,13,0.29,0,113,13
4510,2006,2025-06-23 04:16:53,5,6,0.09,0,50,39
4511,1851,2024-08-06 07:32:07,5,5,0.19,0,71,55
4512,4395,2025-11-24 13:53:07,5,21,0.42,0,26,39
4513,4102,2024-04-23 01:25:50,8,14,0.24,1,51,10
4514,4441,2024-09-14 03:27:49,5,21,0.73,0,80,34
4515,1874,2024-02-01 03:02:38,3,27,0.05,0,75,33
4516,6,2024-02-10 12:30:08,4,37,0.07,0,74,43
4517,4669,2024-10-27 13:15:31,4,13,0.33,0,36,30
4518,2001,2024-11-05 18:01:40,8,18,0.43,0,93,44
4519,2411,2024-10-25 07:57:25,1,20,0.15,0,73,17
4520,2324,2024-01-31 15:36:38,7,29,0.34,1,60,12
4521,4828,2024-11-10 18:23:43,4,29,0.24,0,65,12
4522,4307,2025-01-21 21:10:26,9,26,0.44,0,82,2
4523,4130,2024-03-01 05:42:53,9,25,0.35,1,87,20
4524,3245,2025-12-20 07:02:43,6,33,0.54,0,67,37
4525,2771,2024-10-20 12:03:06,8,10,0.06,0,54,48
4526,2408,2025-06-14 14:46:32,7,12,0.51,0,51,40
4527,3782,2025-05-21 02:30:03,3,28,0.35,0,51,41
4528,1971,2025-08-06 14:53:23,2,11,0.36,0,65,37
4529,4320,2024-06-23 14:42:51,1,22,0.25,0,71,25
4530,2908,2024-09-29 10:15:54,6,32,0.12,0,79,34
4531,671,2025-04-24 13:04:01,4,30,0.59,0,68,56
4532,2358,2025-09-28 05:11:27,5,26,0.37,0,57,2
4533,662,2025-04-16 05:57:32,4,26,0.46,0,58,7
4534,2283,2025-08-12 17:04:26,8,0,0.1,0,45,20
4535,1450,2024-09-17 17:33:21,3,17,0.2,0,78,41
4536,2121,2024-02-17 14:56:12,4,10,0.25,0,42,0
4537,3371,2025-02-27 18:37:55,6,29,0.22,0,79,39
4538,4140,2024-05-10 02:33:20,2,0,0.2,0,37,33
4539,4864,2024-01-26 12:33:24,4,9,0.62,0,17,17
4540,613,2025-09-19 13:51:56,4,18,0.22,0,40,6
4541,854,2025-11-17 18:45:14,3,27,0.41,0,49,48
4542,1818,2025-05-19 15:04:54,5,31,0.24,0,47,20
4543,3775,2024-06-15 22:28:03,2,22,0.34,0,51,17
4544,4559,2024-04-21 01:56:46,3,27,0.16,0,68,42
4545,1575,2025-12-06 09:37:31,2,23,0.31,0,86,38
4546,4794,2025-10-12 05:58:54,0,25,0.32,0,65,56
4547,627,2025-02-16 09:40:18,2,20,0.11,0,63,18
4548,3744,2024-04-01 01:38:18,4,13,0.3,0,41,31
4549,1768,2024-07-10 05:31:41,3,23,0.3,0,52,25
4550,774,2025-06-29 11:36:51,8,35,0.33,0,55,42
4551,316,2025-07-29 07:10:52,2,0,0.1,0,112,31
4552,73,2024-09-10 04:26:00,5,32,0.37,0,89,21
4553,139,2025-07-24 12:58:52,4,4,0.31,0,81,50
4554,4789,2025-02-09 16:13:08,9,3,0.34,0,61,33
4555,601,2024-05-08 07:54:58,4,17,0.19,0,56,36
4556,2963,2025-10-18 11:05:43,5,8,0.38,0,68,24
4557,3145,2025-11-29 13:48:58,0,26,0.46,0,54,41
4558,4096,2024-07-26 20:52:32,7,21,0.47,0,80,28
4559,21,2024-06-15 14:29:31,7,31,0.07,0,57,33
4560,3594,2024-06-08 01:30:22,5,11,0.3,0,43,32
4561,352,2025-05-02 03:05:40,6,12,0.29,0,37,46
4562,4649,2025-04-04 17:35:16,5,32,0.27,1,34,25
4563,3284,2025-12-18 18:53:08,3,3,0.11,0,29,52
4564,4945,2025-07-18 00:56:12,4,22,0.16,0,78,61
4565,4536,2024-10-05 03:58:58,5,21,0.02,0,39,31
4566,1381,2025-07-15 21:59:00,6,50,0.19,0,89,20
4567,1084,2024-03-23 09:58:58,4,26,0.17,0,43,68
4568,4519,2025-08-19 14:41:00,10,4,0.36,0,76,31
4569,1519,2024-09-25 13:35:51,1,1,0.31,1,80,29
4570,1331,2024-05-24 20:03:34,2,19,0.42,0,41,11
4571,855,2025-08-12 11:34:26,2,21,0.21,1,46,37
4572,3531,2025-01-10 09:58:40,0,20,0.2,0,45,51
4573,792,2024-11-11 02:25:17,1,24,0.12,0,41,38
4574,2813,2025-09-05 02:35:40,0,21,0.38,0,22,21
4575,2920,2025-04-07 00:34:37,5,3,0.53,0,57,42
4576,1384,2024-10-14 03:02:22,6,19,0.23,0,58,25
4577,915,2025-12-15 21:32:44,3,23,0.26,0,54,29
4578,73,2025-04-17 05:36:32,1,20,0.26,0,40,31
4579,4191,2024-04-16 11:11:18,5,16,0.11,0,53,0
4580,1496,2024-09-22 22:49:57,6,13,0.03,0,75,34
4581,3908,2025-03-18 13:17:14,8,26,0.17,0,49,30
4582,3214,2025-10-16 17:17:02,10,24,0.42,0,21,40
4583,2097,2024-05-03 03:35:32,11,24,0.46,0,69,30
4584,2656,2024-11-26 21:21:17,0,19,0.17,0,92,30
4585,355,2025-09-13 15:28:00,3,4,0.04,0,77,31
4586,3686,2025-07-07 23:41:18,1,20,0.2,0,42,36
4587,4416,2025-04-19 14:17:47,5,19,0.37,0,81,30
4588,2628,2025-02-08 03:21:50,0,31,0.13,0,54,48
4589,4102,2024-07-20 21:51:13,7,14,0.49,0,71,36
4590,2078,2025-05-22 23:35:28,6,14,0.25,1,80,17
4591,3502,2024-08-25 04:41:58,6,14,0.27,0,41,31
4592,4341,2024-11-12 01:21:26,4,31,0.28,0,84,24
4593,4313,2025-02-28 06:23:15,7,21,0.05,0,47,35
4594,4179,2025-08-10 16:18:59,2,17,0.43,0,59,5
4595,2425,2024-02-28 06:15:59,6,27,0.54,0,74,42
4596,2148,2024-09-04 03:51:50,4,6,0.32,0,61,63
4597,4,2025-07-06 19:50:28,4,33,0.25,0,68,12
4598,3716,2025-06-03 05:16:00,6,8,0.31,0,51,31
4599,1297,2024-05-27 16:41:58,7,5,0.4,0,30,34
4600,3034,2024-04-23 03:44:58,5,12,0.28,0,46,30
4601,1974,2025-11-13 05:54:48,1,22,0.35,0,79,24
4602,3474,2025-07-24 12:34:36,5,30,0.39,0,76,16
4603,2412,2025-02-24 19:00:07,6,30,0.11,0,62,25
4604,1909,2025-03-17 21:49:17,7,25,0.46,0,61,25
4605,1595,2024-09-21 08:58:38,4,20,0.18,0,77,0
4606,3900,2024-06-27 16:43:35,7,22,0.49,0,64,11
4607,1762,2024-08-02 19:02:13,11,36,0.15,0,60,12
4608,2637,2025-04-18 08:08:32,4,32,0.63,0,71,32
4609,2170,2024-07-12 20:03:16,10,26,0.15,0,106,17
4610,4726,2025-08-03 19:30:52,12,17,0.1,0,38,30
4611,3669,2025-02-08 21:25:38,2,17,0.45,0,68,47
4612,754,2024-05-09 10:35:41,2,40,0.02,1,63,29
4613,330,2024-05-22 21:27:13,3,25,0.48,1,103,13
4614,57,2024-10-14 01:41:38,1,4,0.3,0,39,49
4615,328,2024-05-02 20:50:17,2,36,0.19,0,49,24
4616,4648,2024-11-18 10:19:36,4,12,0.33,0,53,51
4617,3218,2025-07-26 05:34:08,4,17,0.61,0,65,39
4618,3723,2024-04-10 15:30:08,4,9,0.48,0,77,47
4619,1898,2024-04-02 09:25:54,1,33,0.03,0,73,64
4620,4352,2024-12-22 08:19:01,11,26,0.29,0,69,48
4621,1950,2025-10-15 21:16:31,6,14,0.35,1,54,14
4622,732,2024-08-21 14:28:48,2,16,0.19,0,55,52
4623,2864,2024-05-06 21:22:09,8,29,0.21,1,91,6
4624,2901,2025-06-23 18:49:44,4,39,0.28,0,63,21
4625,3793,2024-02-13 21:27:03,10,38,0.36,0,78,19
4626,4310,2025-07-29 14:19:43,6,16,0.25,1,73,7
4627,2526,2024-07-29 15:09:49,4,26,0.42,0,73,35
4628,3370,2024-03-27 17:26:50,6,27,0.42,0,70,30
4629,4342,2025-03-08 05:06:56,2,24,0.57,0,73,0
4630,4959,2024-07-21 04:13:04,2,27,0.15,0,67,44
4631,4545,2025-11-01 20:43:03,2,21,0.49,0,72,17
4632,4431,2024-07-07 03:08:34,6,19,0.24,0,34,15
4633,4647,2024-02-13 20:55:04,8,39,0.15,1,41,29
4634,4903,2024-03-18 13:07:30,4,4,0.39,0,56,48
4635,2106,2025-04-14 18:09:47,6,28,0.37,0,12,46
4636,3874,2024-05-31 03:06:43,1,26,0.47,0,50,23
4637,3051,2024-08-28 06:53:00,4,20,0.07,0,69,23
4638,187,2024-04-06 18:43:47,1,15,0.19,0,73,22
4639,3449,2024-02-18 19:51:57,9,9,0.15,1,52,48
4640,1200,2024-06-28 19:51:43,5,25,0.46,0,32,28
4641,339,2025-12-08 21:11:18,8,34,0.07,0,70,41
4642,2979,2025-10-10 10:51:53,10,12,0.23,0,77,47
4643,2005,2024-12-09 01:15:05,3,20,0.44,0,74,14
4644,1901,2025-11-13 01:28:35,5,18,0.09,0,96,24
4645,1986,2025-06-19 10:36:42,5,23,0.12,1,58,60
4646,3471,2024-11-21 06:02:46,5,19,0.12,0,52,31
4647,122,2024-10-24 14:54:24,4,20,0.37,0,43,29
4648,4480,2025-02-16 03:34:50,3,19,0.3,0,46,44
4649,4633,2024-04-26 01:36:27,6,31,0.22,0,75,7
4650,105,2025-07-27 16:01:15,5,29,0.2,0,74,4
4651,2912,2025-09-13 12:57:50,7,25,0.25,0,47,35
4652,552,2025-05-07 11:50:31,5,20,0.24,0,95,8
4653,10,2024-07-12 08:08:04,4,18,0.14,0,48,9
4654,1193,2025-07-10 14:19:06,8,23,0.14,0,78,42
4655,3862,2025-01-19 07:36:50,3,11,0.06,0,51,29
4656,398,2024-11-30 21:34:22,7,33,0.38,0,38,24
4657,3261,2024-04-26 07:07:40,3,33,0.14,0,60,39
4658,1184,2024-05-21 07:18:17,6,12,0.28,0,73,27
4659,3194,2024-05-06 23:32:28,11,0,0.5,0,63,17
4660,949,2024-08-23 07:43:38,0,23,0.19,0,46,16
4661,4763,2025-12-03 01:43:14,4,8,0.23,0,65,3
4662,3511,2024-04-23 21:24:06,10,16,0.28,0,35,20
4663,262,2024-10-16 12:16:43,2,20,0.23,0,43,2
4664,1194,2024-05-13 16:05:32,3,17,0.31,0,53,0
4665,1563,2025-11-18 04:08:10,7,27,0.26,0,72,27
4666,2916,2024-10-11 04:05:14,4,23,0.3,0,64,39
4667,1395,2024-04-24 00:57:31,5,14,0.23,0,79,4
4668,3902,2025-01-28 23:21:01,1,35,0.12,0,105,13
4669,2478,2024-12-05 22:07:41,6,29,0.35,0,69,54
4670,1442,2024-06-05 20:33:53,3,16,0.37,0,68,25
4671,4401,2024-07-04 13:30:52,0,11,0.41,0,67,24
4672,4965,2024-12-26 04:25:52,0,27,0.08,0,50,14
4673,334,2024-09-28 16:22:34,1,14,0.33,0,46,17
4674,1158,2025-10-31 20:12:29,8,6,0.28,0,67,37
4675,1991,2025-02-10 01:35:56,11,9,0.7,0,52,26
4676,1945,2025-12-17 15:27:31,7,25,0.03,0,53,39
4677,2135,2025-08-05 08:27:51,1,31,0.49,0,13,18
4678,3415,2025-01-22 06:27:31,6,11,0.15,0,88,26
4679,4276,2024-08-31 14:59:28,7,22,0.08,0,69,13
4680,826,2025-07-10 03:26:08,5,31,0.11,0,68,30
4681,4277,2025-04-02 19:30:43,5,15,0.34,0,59,40
4682,1626,2024-05-04 14:25:43,6,19,0.32,0,63,24
4683,743,2024-07-19 07:59:16,0,16,0.26,0,86,44
4684,3213,2024-08-14 11:09:57,6,13,0.23,0,58,30
4685,416,2025-03-25 19:32:34,2,22,0.17,0,66,54
4686,3957,2024-04-29 08:36:16,3,18,0.41,0,43,34
4687,4081,2024-11-29 18:06:07,5,31,0.24,0,41,23
4688,4378,2025-09-24 08:14:15,3,34,0.29,0,51,17
4689,722,2024-01-29 23:48:55,2,1,0.4,0,70,42
4690,1307,2024-08-03 02:23:02,5,41,0.23,0,47,18
4691,3755,2024-03-23 10:31:08,3,20,0.23,0,50,48
4692,427,2025-09-12 20:54:02,5,6,0.1,0,45,69
4693,1188,2024-10-06 12:34:21,7,14,0.16,0,69,32
4694,4054,2024-03-22 18:04:04,0,10,0.22,0,86,37
4695,4869,2025-08-17 15:52:23,5,22,0.22,0,62,36
4696,3088,2024-06-26 08:39:44,7,22,0.16,0,64,34
4697,511,2025-07-23 07:39:41,4,13,0.13,0,37,15
4698,3715,2024-09-06 07:32:14,3,17,0.7,0,70,0
4699,3904,2025-08-10 18:04:13,7,26,0.22,0,52,32
4700,191,2025-06-09 18:38:56,5,25,0.47,0,73,22
4701,2208,2025-10-16 00:13:00,8,21,0.41,0,79,55
4702,3900,2025-12-01 09:30:06,6,6,0.26,0,66,17
4703,1494,2024-06-28 04:05:02,8,16,0.24,1,66,48
4704,4792,2025-09-06 03:58:15,0,24,0.77,0,66,28
4705,4416,2024-04-02 00:36:15,11,12,0.08,0,44,3
4706,4713,2024-02-04 11:51:53,3,8,0.25,0,54,14
4707,2369,2025-03-10 18:17:30,4,15,0.64,0,51,41
4708,955,2024-03-12 16:28:04,4,15,0.19,0,92,12
4709,4673,2025-06-12 02:40:57,8,7,0.22,0,49,33
4710,4918,2024-05-02 00:11:19,6,18,0.26,0,70,42
4711,632,2025-06-11 22:33:11,1,21,0.22,0,46,47
4712,1818,2024-03-15 10:39:00,7,18,0.45,0,52,19
4713,1652,2025-09-03 23:13:15,14,25,0.46,0,45,28
4714,3722,2025-08-24 12:15:13,3,17,0.37,0,56,45
4715,2149,2024-12-22 03:37:03,6,19,0.29,0,47,59
4716,3542,2024-09-12 07:44:50,4,22,0.34,1,45,19
4717,2876,2025-10-05 14:09:38,6,8,0.18,0,72,24
4718,1494,2024-05-28 01:28:04,8,3,0.22,0,38,43
4719,2014,2025-03-15 02:26:59,4,23,0.12,0,69,40
4720,3550,2025-01-19 03:28:13,3,10,0.32,0,71,0
4721,3367,2025-10-15 05:17:05,6,20,0.31,0,58,42
4722,3734,2025-08-31 01:17:38,7,16,0.15,0,28,40
4723,2896,2025-07-09 14:33:50,5,29,0.48,0,71,41
4724,4994,2024-06-19 20:18:54,4,12,0.29,1,46,57
4725,2462,2025-08-04 07:05:12,6,14,0.22,0,47,62
4726,987,2024-06-19 18:12:10,3,25,0.22,0,67,18
4727,4298,2024-10-13 22:45:28,1,29,0.24,0,28,10
4728,4690,2024-10-13 08:21:47,0,30,0.31,0,66,11
4729,822,2025-07-02 06:11:39,0,27,0.19,0,68,31
4730,3863,2025-05-06 20:03:44,8,12,0.16,0,29,0
4731,1710,2025-01-27 01:55:56,10,16,0.74,0,70,5
4732,193,2025-06-23 09:22:10,1,26,0.36,0,40,44
4733,2706,2024-05-02 01:28:29,5,12,0.05,0,57,0
4734,3214,2024-09-20 10:32:55,0,22,0.14,0,53,13
4735,1438,2025-04-15 16:35:50,8,21,0.28,0,85,21
4736,2981,2025-06-01 22:04:47,3,9,0.44,1,47,8
4737,4519,2025-10-25 04:05:26,9,25,0.47,0,42,14
4738,958,2025-10-13 15:22:42,7,27,0.45,0,90,25
4739,3002,2025-01-06 05:31:50,4,17,0.11,0,40,4
4740,4882,2025-04-11 16:47:10,7,21,0.18,0,57,52
4741,2296,2025-07-23 17:15:12,4,16,0.5,0,52,31
4742,4284,2024-04-20 14:35:55,3,21,0.24,0,52,14
4743,1865,2024-05-29 11:05:50,5,36,0.8,0,61,35
4744,1871,2025-11-23 13:59:36,3,14,0.31,0,13,24
4745,723,2025-10-31 09:00:05,9,20,0.11,0,57,54
4746,4254,2024-09-16 18:17:56,6,23,0.46,0,35,44
4747,2450,2025-01-20 11:10:25,11,31,0.32,0,10,0
4748,2345,2024-11-21 08:24:26,7,16,0.09,0,80,23
4749,2601,2025-05-06 13:06:46,3,18,0.23,0,75,3
4750,1768,2024-08-03 19:13:41,3,41,0.36,0,93,46
4751,4613,2024-10-13 01:25:47,5,14,0.31,0,57,36
4752,248,2024-09-26 22:21:31,2,24,0.12,1,72,35
4753,4681,2025-07-02 22:43:01,3,23,0.14,0,92,46
4754,3354,2025-07-04 07:39:23,4,17,0.23,0,63,15
4755,3104,2025-02-06 22:17:48,1,23,0.25,0,78,12
4756,3147,2025-05-05 03:11:12,2,19,0.36,1,46,18
4757,2285,2024-12-02 02:46:00,1,25,0.35,0,77,2
4758,4446,2025-11-09 05:12:22,1,19,0.2,0,78,15
4759,2251,2024-03-20 09:22:24,6,18,0.07,0,52,7
4760,1861,2024-09-22 21:17:42,7,42,0.28,0,39,11
4761,1229,2025-08-11 08:19:50,2,24,0.08,0,44,30
4762,2415,2025-05-30 18:55:26,6,13,0.04,0,28,42
4763,3584,2024-02-24 18:40:40,5,8,0.32,0,73,26
4764,2106,2025-10-28 16:03:07,5,13,0.24,0,43,52
4765,3873,2025-04-19 16:50:00,7,19,0.33,0,26,25
4766,2989,2025-10-14 13:24:03,9,30,0.44,0,84,36
4767,282,2025-11-24 09:07:48,4,13,0.15,0,47,33
4768,2734,2024-09-02 11:30:50,5,15,0.33,0,57,27
4769,679,2025-01-11 15:28:40,8,11,0.54,0,49,38
4770,2298,2025-03-12 04:42:04,10,27,0.51,0,60,32
4771,1639,2024-04-19 20:47:36,9,29,0.25,0,64,30
4772,1819,2024-05-19 14:31:27,3,33,0.7,0,47,34
4773,811,2024-05-11 07:18:49,7,50,0.26,0,49,17
4774,1765,2025-01-04 03:59:28,5,31,0.3,0,36,50
4775,4484,2025-02-25 20:36:33,3,7,0.41,0,95,4
4776,1224,2025-01-18 00:34:40,4,10,0.24,0,49,30
4777,3804,2024-07-06 17:14:13,6,30,0.27,1,65,26
4778,1755,2025-06-29 15:37:50,7,18,0.2,1,72,28
4779,3646,2024-06-26 19:22:08,7,34,0.16,0,48,20
4780,3443,2025-03-11 18:35:11,6,20,0.19,0,39,54
4781,2068,2025-12-08 16:47:19,4,27,0.29,0,78,27
4782,2829,2025-11-11 13:17:55,6,27,0.39,0,42,52
4783,355,2025-03-01 14:34:19,5,18,0.4,0,26,20
4784,499,2025-10-09 21:29:47,5,20,0.25,1,49,37
4785,849,2025-07-22 22:04:32,2,13,0.36,0,66,10
4786,4896,2025-07-08 08:01:21,2,38,0.56,0,47,42
4787,711,2025-02-26 20:04:42,8,11,0.26,0,23,17
4788,3396,2025-02-17 09:21:18,0,29,0.24,0,69,49
4789,1021,2025-04-20 05:52:49,2,20,0.11,0,57,0
4790,2730,2024-05-22 10:34:58,4,2,0.28,1,98,0
4791,4145,2024-03-11 12:51:47,0,28,0.32,0,62,28
4792,379,2025-03-04 01:45:32,8,20,0.28,0,31,34
4793,231,2025-10-10 14:22:36,7,20,0.04,0,13,25
4794,4483,2024-08-29 04:59:07,3,23,0.15,1,47,57
4795,3276,2025-12-15 13:18:34,0,18,0.04,1,63,44
4796,3524,2024-12-29 17:40:29,9,0,0.3,0,57,13
4797,371,2025-09-15 18:07:08,7,19,0.77,0,56,37
4798,3995,2024-08-26 20:03:07,5,39,0.22,0,53,37
4799,1867,2024-12-15 13:14:30,7,18,0.36,0,28,42
4800,1128,2024-07-09 06:50:02,3,2,0.38,0,60,58
4801,118,2024-10-20 18:41:54,3,23,0.38,0,60,24
4802,707,2025-08-20 14:21:05,4,28,0.48,0,70,10
4803,1115,2024-08-07 21:47:34,3,29,0.22,0,46,28
4804,4026,2025-05-27 00:53:50,0,16,0.33,0,111,10
4805,3010,2024-12-10 21:44:05,7,18,0.08,1,26,30
4806,1263,2024-01-29 17:17:33,3,12,0.16,0,54,35
4807,1455,2024-09-08 06:40:35,2,21,0.33,0,59,32
4808,1212,2025-04-01 16:36:28,0,24,0.11,0,37,15
4809,233,2025-05-10 08:27:05,5,17,0.24,0,46,53
4810,2856,2025-02-07 01:10:46,5,7,0.18,0,64,24
4811,3363,2025-12-15 12:49:29,4,18,0.37,0,47,27
4812,3124,2025-06-02 22:12:12,1,11,0.18,1,70,15
4813,4557,2024-05-28 05:44:11,1,27,0.09,0,34,34
4814,3028,2025-07-01 03:49:06,5,27,0.37,0,52,39
4815,3415,2024-12-26 21:01:34,2,31,0.4,0,90,22
4816,4277,2024-03-26 03:37:57,4,14,0.55,0,31,59
4817,715,2025-08-01 08:06:00,9,37,0.48,0,69,47
4818,4128,2024-04-14 06:30:43,2,15,0.12,0,74,41
4819,653,2025-01-10 09:50:45,7,17,0.25,0,89,21
4820,4991,2025-01-19 09:32:40,10,25,0.39,0,98,87
4821,3757,2025-02-20 03:27:55,6,9,0.28,1,53,10
4822,3124,2024-06-29 08:42:59,4,1,0.37,0,61,85
4823,1605,2025-10-05 03:19:27,3,18,0.23,0,83,39
4824,2448,2025-04-20 05:25:48,8,9,0.23,0,80,18
4825,2872,2025-07-10 10:55:38,6,26,0.24,0,43,1
4826,1193,2024-02-27 17:05:05,7,16,0.42,1,50,28
4827,184,2024-03-04 17:39:32,5,11,0.65,0,58,14
4828,2971,2025-01-31 04:21:07,5,16,0.68,0,94,34
4829,2515,2024-02-19 17:14:09,4,24,0.13,0,44,7
4830,2246,2025-05-20 20:34:15,0,14,0.41,0,79,21
4831,1351,2024-06-02 23:00:12,4,22,0.26,0,114,52
4832,128,2025-03-30 13:51:13,0,25,0.24,0,36,13
4833,2455,2024-12-10 22:20:21,8,15,0.18,0,64,25
4834,542,2025-08-22 06:32:55,1,26,0.5,0,33,36
4835,1827,2024-08-10 18:25:49,5,17,0.28,1,57,8
4836,2015,2025-02-20 21:25:56,1,27,0.5,0,81,36
4837,1315,2024-06-17 01:05:05,7,23,0.55,0,75,50
4838,3819,2024-10-14 19:15:24,4,24,0.09,0,74,40
4839,4546,2025-08-11 00:20:32,5,16,0.33,0,83,50
4840,2315,2024-06-03 13:54:06,8,22,0.24,0,84,0
4841,3183,2025-01-27 18:48:15,6,31,0.27,0,51,52
4842,600,2024-10-07 03:01:00,0,19,0.02,0,87,20
4843,1505,2025-11-29 23:27:30,3,25,0.14,0,27,33
4844,4345,2025-02-10 11:26:16,2,26,0.18,1,75,14
4845,665,2025-08-08 01:33:45,9,29,0.14,0,70,35
4846,4276,2025-05-23 15:18:28,9,31,0.1,0,42,4
4847,2663,2025-12-18 22:11:10,7,20,0.55,0,43,46
4848,3886,2025-05-30 03:24:46,9,21,0.33,0,51,44
4849,3688,2024-10-21 19:31:07,7,15,0.2,0,33,10
4850,3739,2025-11-30 10:14:15,6,0,0.16,0,52,36
4851,1696,2024-03-14 03:43:06,1,12,0.25,0,63,0
4852,4608,2024-05-06 10:31:58,7,31,0.11,0,48,38
4853,1779,2025-07-29 17:14:19,6,7,0.23,0,42,56
4854,3065,2025-11-11 18:33:14,9,31,0.13,0,78,12
4855,1555,2024-11-14 23:08:01,2,10,0.28,0,74,37
4856,1974,2024-10-19 06:32:40,5,15,0.4,0,90,17
4857,792,2024-07-02 10:33:15,5,32,0.1,1,86,32
4858,4569,2025-01-12 18:09:57,5,25,0.37,0,67,13
4859,757,2024-12-25 22:17:34,5,7,0.16,0,61,23
4860,1604,2024-11-02 12:21:48,9,42,0.47,0,49,24
4861,1525,2025-10-21 10:52:54,4,33,0.18,0,54,43
4862,1982,2025-07-22 13:13:50,5,17,0.44,0,60,35
4863,1570,2024-09-10 21:31:05,7,14,0.21,0,84,38
4864,3710,2025-02-03 16:30:50,5,34,0.34,0,42,23
4865,1217,2025-03-24 17:31:12,8,28,0.26,0,45,11
4866,3416,2025-09-17 08:19:32,2,29,0.43,0,50,77
4867,616,2024-09-29 22:38:24,3,22,0.28,1,78,17
4868,473,2025-04-26 20:40:12,3,15,0.32,0,52,26
4869,884,2025-10-08 20:43:41,5,16,0.26,0,76,48
4870,1705,2024-09-10 21:02:20,6,30,0.22,0,71,45
4871,634,2025-06-03 15:09:08,1,17,0.61,0,43,8
4872,3935,2025-06-02 00:21:21,3,0,0.25,0,61,53
4873,3808,2024-12-28 03:43:34,6,10,0.36,0,56,43
4874,2715,2024-11-26 17:54:04,5,17,0.28,0,76,22
4875,4498,2025-03-29 10:19:20,3,30,0.39,0,48,14
4876,1152,2024-12-19 01:20:20,0,27,0.22,1,91,39
4877,84,2024-01-27 15:01:12,6,18,0.31,0,58,25
4878,3502,2025-06-12 15:04:12,7,10,0.25,0,71,22
4879,3659,2024-05-24 22:55:10,6,25,0.45,0,63,41
4880,253,2024-12-04 18:41:42,3,4,0.16,0,70,26
4881,4867,2025-06-01 14:40:34,3,15,0.22,1,83,19
4882,2982,2025-06-12 06:07:00,1,17,0.1,0,99,12
4883,1599,2024-02-11 00:11:51,3,24,0.13,0,30,44
4884,2082,2024-07-10 08:34:44,3,0,0.22,0,69,45
4885,1892,2024-07-21 00:03:43,10,1,0.43,0,68,31
4886,3875,2024-05-11 11:17:08,5,34,0.49,0,84,10
4887,1345,2024-06-18 19:47:15,0,12,0.11,0,56,19
4888,4483,2025-08-21 15:03:46,4,32,0.34,0,67,38
4889,3714,2025-06-10 04:50:04,6,24,0.38,0,78,29
4890,2259,2025-03-14 23:13:08,5,7,0.37,0,77,32
4891,14,2024-03-10 13:34:47,4,21,0.26,0,72,20
4892,128,2024-10-14 14:38:14,6,5,0.08,0,42,45
4893,3155,2025-03-29 19:07:38,4,34,0.45,0,92,36
4894,1999,2025-01-11 22:48:49,2,24,0.38,0,67,50
4895,2268,2025-02-13 11:32:41,0,30,0.2,0,40,24
4896,2420,2024-03-22 09:26:25,10,21,0.2,0,77,20
4897,3867,2024-09-22 17:22:14,12,23,0.35,0,72,38
4898,1475,2024-03-17 09:43:59,8,1,0.24,0,14,20
4899,2568,2024-07-29 00:19:41,3,35,0.46,0,54,44
4900,4384,2024-12-23 08:09:16,0,26,0.1,0,39,18
4901,3371,2024-03-29 14:54:38,4,21,0.14,0,50,19
4902,2405,2024-07-09 11:39:25,6,24,0.17,0,67,45
4903,2394,2025-07-29 08:37:55,0,3,0.44,0,46,23
4904,1541,2024-04-17 15:59:12,3,34,0.39,1,92,34
4905,2344,2025-05-03 19:44:49,6,17,0.09,0,67,28
4906,1959,2025-02-21 16:46:10,7,27,0.48,1,67,29
4907,2822,2024-12-17 09:57:53,2,29,0.15,0,72,28
4908,636,2025-09-29 01:50:56,7,29,0.2,0,47,53
4909,4342,2024-04-01 20:36:33,2,18,0.24,0,62,31
4910,2041,2024-04-06 22:59:59,7,23,0.45,0,45,34
4911,3146,2024-10-27 08:22:40,2,24,0.45,0,67,26
4912,507,2025-02-07 17:28:03,1,9,0.29,0,45,21
4913,2341,2024-02-22 09:28:02,6,30,0.35,0,61,0
4914,1989,2025-02-23 09:34:47,4,35,0.38,0,35,35
4915,3791,2025-01-26 05:42:54,6,26,0.31,0,73,26
4916,3401,2024-12-06 12:42:25,2,0,0.54,0,105,27
4917,4975,2024-02-08 20:55:51,1,34,0.22,0,61,30
4918,587,2025-10-18 06:34:01,3,14,0.22,0,18,54
4919,1370,2025-04-02 12:52:46,1,20,0.22,0,28,48
4920,2187,2024-07-07 19:42:58,7,7,0.33,0,73,42
4921,634,2025-02-22 03:51:31,4,19,0.2,0,56,34
4922,3792,2024-02-27 11:30:03,7,22,0.26,0,40,28
4923,1449,2025-07-26 14:32:09,2,11,0.61,0,61,28
4924,737,2025-08-15 17:45:01,6,18,0.16,0,69,34
4925,2344,2025-06-28 15:04:04,5,21,0.18,0,51,34
4926,4382,2025-02-08 12:01:27,8,20,0.24,0,55,24
4927,4315,2025-10-14 13:45:09,7,21,0.67,0,68,22
4928,4249,2024-11-23 12:35:51,4,19,0.26,0,73,25
4929,3540,2025-10-31 09:36:45,7,10,0.14,0,51,40
4930,4179,2024-10-09 21:38:29,2,14,0.4,0,70,26
4931,3173,2025-11-18 07:17:12,4,0,0.18,0,46,41
4932,4591,2024-02-17 13:54:09,5,11,0.13,0,62,16
4933,3327,2025-07-05 09:17:21,5,20,0.06,0,56,33
4934,4166,2025-12-19 04:00:56,4,28,0.52,1,25,16
4935,4189,2024-12-21 19:18:39,7,5,0.41,0,48,33
4936,2859,2025-11-06 09:32:31,8,22,0.5,0,75,29
4937,1989,2025-06-21 16:06:43,0,5,0.2,0,36,37
4938,782,2025-09-23 23:36:31,3,11,0.38,0,52,20
4939,234,2024-05-23 04:46:29,0,9,0.11,0,45,19
4940,4680,2025-09-17 20:32:09,2,8,0.44,0,73,55
4941,1885,2024-09-20 02:38:14,6,23,0.31,0,33,27
4942,305,2024-01-23 04:19:23,7,21,0.14,1,67,16
4943,3242,2025-02-01 08:03:54,7,4,0.35,0,67,43
4944,1801,2025-12-15 17:45:48,4,25,0.18,0,93,2
4945,1148,2024-10-28 07:29:11,4,10,0.37,0,63,26
4946,4701,2025-02-10 07:27:22,8,14,0.28,0,81,27
4947,1517,2024-03-09 00:54:18,5,19,0.42,0,92,29
4948,4131,2024-04-24 09:51:01,7,14,0.14,0,73,20
4949,3233,2024-11-22 06:47:54,6,20,0.6,0,69,47
4950,2410,2024-12-23 15:59:26,0,4,0.36,0,43,34
4951,2747,2024-11-06 14:15:20,5,0,0.11,1,24,0
4952,1017,2024-09-07 09:00:18,1,19,0.76,0,87,40
4953,4361,2025-02-26 12:12:49,7,2,0.44,0,54,29
4954,3611,2024-08-26 22:34:53,12,12,0.09,0,10,15
4955,2913,2024-07-28 13:51:45,6,29,0.41,0,37,49
4956,4493,2024-08-21 10:16:28,9,16,0.32,0,32,37
4957,3797,2025-11-26 10:53:48,7,8,0.02,0,48,47
4958,1835,2024-04-04 19:14:09,6,26,0.1,0,66,25
4959,4863,2024-08-20 11:06:53,8,17,0.27,0,39,4
4960,3713,2024-07-11 21:11:44,7,8,0.18,0,46,18
4961,1162,2024-02-18 23:10:53,0,3,0.31,0,64,34
4962,86,2024-03-29 04:19:00,8,16,0.51,0,89,42
4963,3645,2025-03-27 11:14:56,9,1,0.24,0,91,7
4964,2138,2024-05-01 15:43:01,1,31,0.29,0,58,20
4965,3372,2024-01-26 14:15:49,8,21,0.49,0,73,35
4966,2995,2024-09-03 08:36:53,5,19,0.16,0,39,21
4967,4396,2025-07-19 09:38:18,4,17,0.23,0,55,36
4968,1621,2024-04-14 02:34:36,1,8,0.16,0,21,35
4969,1177,2025-07-18 01:01:14,10,22,0.32,1,55,37
4970,1837,2025-11-03 01:28:52,4,27,0.35,0,41,27
4971,2631,2024-07-10 14:57:23,2,0,0.16,1,82,33
4972,2565,2025-02-20 23:51:57,5,23,0.15,0,28,30
4973,2065,2024-10-16 21:27:06,1,23,0.45,0,57,21
4974,4170,2025-07-09 04:58:51,3,14,0.22,0,81,37
4975,3574,2025-01-26 11:17:58,6,11,0.64,0,70,20
4976,4304,2024-01-29 13:11:51,3,35,0.04,0,94,14
4977,4205,2024-12-27 11:08:37,3,15,0.36,0,82,18
4978,1532,2025-10-10 20:16:42,4,28,0.22,0,49,45
4979,138,2025-01-06 21:18:58,3,31,0.19,0,60,44
4980,2837,2025-03-01 03:36:58,5,41,0.19,0,33,53
4981,3593,2024-10-13 03:15:45,2,25,0.33,0,48,43
4982,4899,2025-07-08 15:19:09,4,27,0.27,0,56,20
4983,2424,2024-04-13 23:29:19,4,33,0.18,0,45,31
4984,3851,2024-06-20 17:17:17,4,32,0.33,0,62,31
4985,3856,2024-04-25 11:14:25,5,20,0.18,0,13,26
4986,406,2025-02-16 09:07:38,5,31,0.28,0,34,27
4987,2378,2024-11-25 08:53:34,4,26,0.18,0,87,14
4988,686,2025-07-14 04:21:42,9,32,0.3,0,50,23
4989,4498,2025-04-22 00:04:48,11,17,0.35,1,80,17
4990,3345,2024-11-26 17:44:13,3,7,0.16,0,53,16
4991,2608,2025-03-16 16:32:08,6,4,0.37,0,57,28
4992,116,2024-11-11 15:03:15,6,3,0.3,1,54,33
4993,2330,2024-05-20 10:26:15,4,20,0.13,0,77,34
4994,2621,2024-11-02 23:00:24,7,25,0.02,0,90,45
4995,1919,2025-11-19 21:07:50,8,17,0.22,0,28,25
4996,3138,2024-02-08 06:46:46,0,32,0.49,0,74,61
4997,1597,2024-04-02 20:34:32,3,15,0.41,0,58,11
4998,874,2024-03-24 18:19:04,5,22,0.16,0,75,22
4999,4519,2025-06-15 03:27:57,3,22,0.36,1,73,30
5000,4986,2025-08-26 07:05:36,5,36,0.26,0,88,39
5001,4011,2025-04-08 01:29:10,0,18,0.07,0,70,41
5002,4636,2024-03-16 14:37:15,6,21,0.47,0,53,48
5003,2406,2025-10-18 14:34:43,0,24,0.52,1,85,23
5004,2514,2025-05-22 07:42:28,0,18,0.18,0,72,24
5005,904,2025-12-18 05:59:41,2,36,0.5,0,53,21
5006,4159,2025-02-04 12:21:11,6,7,0.21,0,26,35
5007,4273,2024-01-23 05:00:33,3,15,0.48,0,77,32
5008,3321,2024-12-04 01:12:15,7,6,0.18,0,67,70
5009,1310,2024-10-23 18:15:41,2,21,0.17,0,51,40
5010,1723,2025-11-07 03:11:57,7,22,0.3,0,96,22
5011,3598,2024-02-25 03:09:49,2,1,0.06,0,31,5
5012,1070,2025-03-18 00:19:10,7,23,0.38,1,88,41
5013,3899,2025-07-22 07:43:50,7,16,0.63,0,53,40
5014,342,2024-02-07 17:04:21,5,8,0.35,0,45,30
5015,345,2025-01-29 12:25:19,9,16,0.52,0,51,28
5016,3304,2025-09-05 02:45:07,8,24,0.15,0,43,35
5017,4092,2024-12-01 12:53:26,2,32,0.09,0,42,33
5018,3147,2025-07-21 08:19:41,1,16,0.09,0,71,46
5019,584,2024-08-10 23:40:57,0,0,0.33,0,10,29
5020,4179,2025-07-27 16:54:08,2,4,0.16,0,90,19
5021,4399,2025-02-03 15:24:24,6,16,0.22,1,37,36
5022,2511,2024-09-08 01:29:30,4,16,0.21,0,64,24
5023,998,2024-02-02 04:32:39,1,14,0.03,0,69,12
5024,2504,2024-08-28 00:22:20,7,24,0.24,0,65,40
5025,4285,2025-03-01 22:03:01,5,34,0.09,0,10,20
5026,3884,2024-12-14 13:44:11,2,35,0.06,0,61,13
5027,306,2024-04-04 20:26:07,6,18,0.35,0,50,54
5028,1132,2025-04-08 22:06:41,5,17,0.04,0,65,39
5029,4705,2025-06-23 18:38:40,4,24,0.38,0,118,44
5030,4577,2024-06-04 12:36:32,0,23,0.36,0,64,6
5031,2127,2025-11-01 20:06:38,2,19,0.18,0,112,34
5032,1017,2025-10-19 14:09:53,9,24,0.31,0,62,18
5033,2220,2024-03-17 07:23:40,8,35,0.15,0,54,45
5034,4248,2024-08-24 02:48:34,7,22,0.2,0,85,44
5035,2178,2024-05-24 11:14:41,3,19,0.54,0,64,46
5036,3783,2024-12-01 10:29:50,5,36,0.16,0,19,39
5037,4048,2024-12-18 08:32:12,0,27,0.14,0,58,34
5038,738,2025-04-03 18:54:24,2,18,0.09,0,55,38
5039,4089,2024-06-30 09:49:55,4,16,0.53,0,71,53
5040,3615,2025-08-27 06:08:05,10,27,0.03,1,59,40
5041,824,2024-05-21 23:53:01,2,29,0.66,0,40,10
5042,359,2025-04-26 01:46:58,6,23,0.48,0,79,18
5043,1820,2024-02-26 20:27:33,6,24,0.19,0,85,50
5044,3061,2025-03-20 14:53:06,0,18,0.46,0,38,21
5045,4160,2024-12-26 11:55:53,7,19,0.29,0,72,42
5046,2247,2025-03-11 17:40:04,3,2,0.16,0,83,31
5047,1731,2024-02-07 08:25:13,8,3,0.58,0,79,38
5048,4100,2024-11-29 13:36:05,2,32,0.09,0,94,13
5049,460,2025-11-08 00:00:46,6,5,0.05,0,41,42
5050,4512,2025-05-27 18:47:34,10,29,0.11,0,86,17
5051,1354,2025-01-28 12:00:02,5,27,0.16,0,24,39
5052,1848,2025-12-07 08:14:29,8,0,0.27,0,35,44
5053,3914,2024-07-11 18:16:22,2,12,0.28,0,73,33
5054,4710,2024-10-28 01:48:43,3,10,0.18,0,35,34
5055,2801,2025-01-14 20:56:34,5,31,0.09,0,58,25
5056,4240,2025-01-05 13:13:44,0,11,0.51,0,89,18
5057,1295,2024-09-26 06:07:43,5,9,0.19,0,66,44
5058,3909,2025-07-05 05:14:14,4,20,0.42,0,24,16
5059,1960,2024-02-15 14:24:05,2,19,0.21,1,88,20
5060,594,2025-06-28 15:55:25,2,34,0.08,0,35,28
5061,937,2024-02-07 10:41:14,6,8,0.12,0,80,23
5062,2280,2025-10-14 02:14:44,9,25,0.47,0,39,26
5063,4564,2024-07-06 06:00:58,5,23,0.23,0,50,57
5064,4023,2024-02-11 20:16:50,3,20,0.33,0,34,26
5065,756,2024-10-14 18:02:52,7,15,0.22,0,57,25
5066,2141,2024-12-31 01:34:14,1,22,0.08,0,43,18
5067,4720,2025-11-04 23:01:29,4,20,0.19,0,65,34
5068,4277,2024-01-31 23:55:43,8,20,0.15,0,68,52
5069,3340,2025-05-23 00:22:40,7,21,0.38,1,71,45
5070,4525,2025-02-10 13:44:03,2,28,0.49,0,35,29
5071,1151,2024-06-10 11:40:31,6,32,0.51,0,69,23
5072,3060,2024-03-30 00:33:46,3,20,0.41,0,77,39
5073,2889,2025-09-06 14:36:37,0,16,0.19,0,29,26
5074,184,2024-06-08 23:02:30,5,37,0.18,0,21,26
5075,1294,2025-12-12 23:57:30,5,19,0.09,1,59,32
5076,2327,2024-11-28 16:17:05,7,16,0.18,0,59,34
5077,2708,2025-03-02 16:21:55,5,6,0.36,0,58,49
5078,1275,2024-10-28 09:59:26,5,21,0.2,0,40,39
5079,4663,2024-05-20 22:12:45,3,0,0.31,0,83,26
5080,2634,2025-03-16 15:22:49,0,33,0.09,1,82,14
5081,636,2024-10-03 14:21:08,5,13,0.32,0,80,23
5082,2510,2025-06-18 10:02:14,3,26,0.29,0,41,14
5083,1894,2025-02-14 07:05:14,12,18,0.13,0,78,43
5084,3945,2025-10-07 10:27:19,8,25,0.64,0,67,39
5085,124,2025-02-20 20:20:21,0,16,0.17,0,52,52
5086,241,2025-12-02 17:03:24,0,41,0.28,0,42,50
5087,746,2025-01-26 20:24:07,8,16,0.46,0,100,46
5088,59,2025-03-18 09:44:31,2,6,0.05,0,29,44
5089,874,2025-06-12 07:00:36,1,2,0.27,0,42,39
5090,3812,2025-12-09 21:25:28,0,12,0.73,0,35,21
5091,4137,2024-04-14 23:21:12,6,15,0.21,0,50,15
5092,4541,2024-03-30 08:19:55,8,25,0.28,0,21,30
5093,3139,2024-11-13 09:53:14,4,25,0.3,0,97,25
5094,1131,2025-01-18 16:44:52,9,5,0.4,0,70,6
5095,4806,2025-09-04 11:17:47,7,34,0.45,1,46,27
5096,1721,2024-07-18 08:12:00,0,22,0.2,0,81,48
5097,4478,2024-05-12 01:01:23,6,13,0.17,0,30,22
5098,3833,2025-08-20 18:19:13,4,19,0.32,0,61,40
5099,3618,2025-11-21 12:36:03,8,25,0.11,0,83,33
5100,2542,2024-08-28 03:36:50,3,17,0.24,0,82,25
5101,1386,2024-10-14 01:56:14,3,23,0.48,1,57,27
5102,3048,2024-06-27 07:28:23,4,22,0.2,0,52,25
5103,764,2024-11-14 15:40:08,1,0,0.63,0,80,36
5104,143,2024-03-03 23:31:29,5,38,0.22,0,50,46
5105,4179,2025-04-12 03:35:46,7,28,0.45,0,62,33
5106,4371,2024-12-11 23:12:47,0,18,0.27,1,81,27
5107,4131,2025-09-10 01:23:00,7,9,0.25,0,16,32
5108,795,2025-11-09 14:07:29,2,43,0.44,0,38,34
5109,68,2025-08-11 05:20:56,3,27,0.28,0,83,20
5110,3684,2024-09-26 20:06:47,13,22,0.02,0,77,33
5111,3570,2025-09-24 04:49:13,0,14,0.06,0,63,33
5112,326,2025-12-17 06:10:55,3,7,0.49,0,43,37
5113,1793,2024-12-23 22:32:40,9,0,0.16,0,59,19
5114,4977,2024-09-22 15:17:07,5,35,0.25,0,72,42
5115,339,2025-05-14 12:15:31,6,15,0.34,0,27,32
5116,4516,2024-08-07 02:34:05,2,10,0.3,0,25,32
5117,1700,2025-09-12 11:50:29,3,25,0.34,0,51,41
5118,4464,2025-07-13 06:59:33,4,27,0.41,0,69,40
5119,1472,2025-09-21 04:48:48,5,16,0.27,0,41,40
5120,138,2024-09-08 07:13:00,4,3,0.12,0,109,15
5121,2697,2024-04-01 05:13:32,3,29,0.25,0,29,33
5122,1272,2025-11-28 08:28:52,8,1,0.34,0,88,6
5123,2331,2024-06-19 14:25:43,9,25,0.11,0,64,11
5124,4941,2025-05-12 14:21:03,8,18,0.38,0,79,16
5125,3740,2025-09-08 17:15:18,0,16,0.16,0,64,30
5126,3143,2024-06-05 01:32:28,5,20,0.69,0,50,35
5127,4924,2025-11-01 20:58:54,2,19,0.06,0,31,40
5128,702,2025-03-25 02:02:29,6,9,0.06,0,55,1
5129,2333,2025-10-26 17:38:53,4,10,0.29,0,18,16
5130,2784,2025-07-24 05:27:59,2,11,0.57,0,83,19
5131,4092,2024-03-07 12:43:22,4,13,0.16,1,77,25
5132,4645,2024-08-07 02:06:24,6,21,0.05,0,79,52
5133,3345,2025-04-01 09:18:43,5,13,0.38,0,41,20
5134,4635,2025-02-05 14:53:46,0,34,0.35,0,65,8
5135,2682,2025-04-16 07:59:51,4,26,0.4,0,65,11
5136,1061,2025-11-03 02:59:12,0,24,0.15,0,73,20
5137,2290,2025-05-27 12:18:34,3,30,0.21,0,63,30
5138,2072,2024-11-24 22:18:11,7,27,0.54,0,57,41
5139,3075,2024-08-08 20:51:39,5,16,0.36,0,59,28
5140,1507,2024-06-30 12:53:31,2,22,0.18,0,12,19
5141,1354,2025-09-22 13:51:49,5,20,0.22,0,58,42
5142,267,2025-09-12 01:14:21,5,21,0.24,0,39,55
5143,3869,2024-09-15 01:17:23,10,22,0.22,0,107,30
5144,4707,2024-11-21 09:32:29,1,18,0.48,0,26,37
5145,1022,2024-07-15 08:38:21,5,4,0.17,0,41,22
5146,3411,2024-07-31 11:29:38,2,17,0.12,0,33,8
5147,4851,2025-07-28 22:32:47,1,13,0.31,1,56,43
5148,3634,2024-02-26 02:18:32,1,37,0.33,1,67,50
5149,2541,2025-04-12 21:40:01,2,19,0.09,0,58,26
5150,608,2024-04-01 11:10:17,5,9,0.07,0,55,35
5151,271,2024-11-04 08:57:55,7,29,0.51,0,62,0
5152,1534,2024-08-02 06:26:15,0,7,0.47,0,76,0
5153,2785,2025-03-11 18:48:08,9,22,0.09,0,56,33
5154,2730,2024-06-13 11:36:37,0,17,0.27,0,82,22
5155,1355,2025-05-26 03:18:46,5,45,0.12,0,76,10
5156,1950,2024-03-21 19:08:01,10,17,0.03,0,92,18
5157,4388,2024-05-29 05:58:30,3,9,0.39,1,81,17
5158,4710,2025-10-26 02:57:54,1,7,0.21,0,51,45
5159,1045,2024-06-24 07:50:41,11,15,0.18,0,57,29
5160,3867,2024-09-19 08:17:38,8,14,0.25,1,66,9
5161,3287,2025-10-28 07:23:57,4,36,0.11,0,58,32
5162,1913,2024-04-10 22:40:56,9,8,0.2,0,58,27
5163,4496,2024-08-06 11:14:40,2,17,0.13,0,58,14
5164,4024,2025-10-05 11:07:34,2,29,0.12,0,94,27
5165,3405,2025-12-05 09:32:15,3,30,0.36,1,46,5
5166,3172,2025-03-18 11:41:53,4,11,0.53,0,42,59
5167,3189,2025-01-11 00:52:46,3,32,0.19,0,87,33
5168,4683,2025-10-15 13:41:32,4,47,0.12,0,69,24
5169,1759,2025-04-23 02:59:51,10,17,0.14,1,47,69
5170,2175,2024-09-03 17:31:04,3,13,0.38,0,101,12
5171,4827,2025-12-20 04:18:14,3,21,0.66,0,57,13
5172,3260,2025-03-17 01:42:57,4,12,0.16,0,69,40
5173,4254,2025-07-25 10:07:13,1,13,0.46,0,52,27
5174,4608,2024-02-29 01:21:08,1,14,0.22,0,91,47
5175,3142,2025-11-28 15:22:27,1,13,0.17,0,39,42
5176,4436,2025-02-01 14:40:52,0,8,0.09,0,44,0
5177,4706,2025-04-23 00:38:58,7,22,0.51,0,75,27
5178,3408,2024-05-18 15:58:43,1,9,0.43,0,43,29
5179,752,2024-10-25 13:53:56,0,4,0.3,0,52,19
5180,4629,2024-05-11 20:03:48,5,25,0.22,0,52,21
5181,509,2024-12-18 05:06:32,10,24,0.59,0,68,41
5182,3175,2024-05-03 21:14:27,6,26,0.07,0,72,46
5183,513,2025-03-29 01:02:33,2,23,0.17,0,31,4
5184,1012,2024-04-30 02:14:00,4,10,0.58,0,60,36
5185,2003,2025-10-24 21:00:56,7,28,0.29,0,70,22
5186,365,2024-03-19 09:45:45,6,0,0.22,1,47,0
5187,4799,2024-07-22 21:07:06,4,22,0.27,0,61,20
5188,552,2024-06-13 01:41:39,6,38,0.11,0,91,43
5189,2071,2024-11-02 02:35:45,0,13,0.42,0,70,31
5190,915,2024-02-19 10:54:19,4,3,0.12,0,59,12
5191,1957,2025-05-07 08:40:33,11,24,0.21,0,90,29
5192,3395,2024-10-29 05:46:38,5,32,0.32,0,47,27
5193,586,2024-03-23 19:59:24,2,26,0.07,0,69,43
5194,1187,2024-07-18 02:13:08,5,14,0.24,0,56,47
5195,3722,2025-02-19 00:31:35,5,25,0.17,0,92,40
5196,257,2024-11-03 11:44:22,3,0,0.12,0,34,38
5197,236,2024-11-09 10:23:00,6,27,0.49,0,49,7
5198,479,2024-07-16 22:49:01,2,20,0.19,0,86,42
5199,700,2024-01-28 19:57:25,2,13,0.2,0,95,17
5200,3000,2024-02-18 18:51:23,2,21,0.5,1,44,21
5201,4872,2025-05-23 17:17:31,3,38,0.15,0,96,5
5202,2769,2025-03-12 21:47:01,2,8,0.42,0,22,18
5203,247,2024-12-30 17:59:49,3,40,0.35,0,56,47
5204,1720,2025-03-07 15:30:30,7,21,0.19,0,68,21
5205,3263,2025-12-13 03:06:30,12,28,0.47,1,69,23
5206,4418,2024-10-20 09:02:35,7,23,0.6,0,10,17
5207,1962,2024-07-12 12:37:28,5,17,0.33,0,71,44
5208,1940,2025-11-10 19:57:45,3,34,0.32,0,62,37
5209,3061,2024-10-08 06:11:21,8,10,0.56,0,71,26
5210,4219,2025-03-27 16:31:46,3,26,0.35,0,73,10
5211,3068,2025-05-11 01:45:04,7,4,0.49,0,50,21
5212,4821,2025-07-13 05:12:18,5,3,0.43,0,75,13
5213,4423,2024-11-03 22:56:02,2,0,0.11,0,54,40
5214,3950,2025-09-11 21:21:24,1,30,0.42,0,53,34
5215,2672,2025-05-10 22:31:37,7,11,0.32,0,66,45
5216,4832,2025-09-07 17:31:48,4,30,0.22,1,74,14
5217,559,2024-10-22 02:04:44,7,12,0.36,0,66,40
5218,2851,2024-11-09 11:14:55,1,26,0.64,0,81,17
5219,4286,2025-05-09 15:27:08,12,16,0.25,0,59,25
5220,4509,2024-09-06 21:53:37,6,14,0.25,0,66,36
5221,898,2024-06-27 13:25:57,6,15,0.4,0,65,24
5222,550,2024-09-08 20:13:57,7,15,0.25,1,65,24
5223,3980,2025-01-29 09:31:00,3,24,0.09,0,74,36
5224,2033,2025-10-07 19:05:25,3,2,0.21,0,43,24
5225,1355,2024-05-14 13:40:08,6,12,0.23,0,66,28
5226,3647,2024-03-06 01:02:12,7,27,0.42,0,17,32
5227,1954,2024-01-29 13:50:56,2,39,0.21,0,65,20
5228,3450,2025-06-08 05:58:06,6,23,0.21,0,37,29
5229,2286,2025-01-05 08:47:19,5,21,0.4,0,83,27
5230,1146,2025-05-30 05:01:34,5,19,0.24,0,59,23
5231,3837,2025-09-20 06:53:17,3,23,0.53,0,25,44
5232,4532,2024-05-06 01:18:23,5,14,0.16,0,73,32
5233,1484,2025-02-02 23:34:45,6,28,0.15,0,61,41
5234,1541,2024-08-09 20:55:52,2,35,0.54,1,83,29
5235,3981,2025-06-16 20:38:22,4,39,0.27,0,60,21
5236,1226,2024-11-03 00:06:54,5,14,0.79,0,23,40
5237,4446,2025-04-22 09:29:08,1,37,0.54,0,62,44
5238,4472,2025-04-20 08:39:10,2,7,0.37,1,65,32
5239,4687,2024-02-04 03:24:34,4,8,0.31,1,46,29
5240,4672,2025-07-29 06:59:24,4,18,0.36,1,107,7
5241,4190,2025-03-01 14:36:25,2,24,0.16,0,41,31
5242,1268,2024-08-03 01:24:09,4,23,0.13,0,34,29
5243,236,2024-03-29 23:32:22,7,10,0.22,0,10,42
5244,3447,2024-03-04 18:28:35,4,8,0.37,0,67,0
5245,2356,2024-02-06 10:20:55,6,12,0.06,0,45,24
5246,3513,2025-08-20 14:17:31,7,39,0.58,0,61,40
5247,756,2024-05-15 06:59:47,4,31,0.34,0,51,43
5248,1110,2024-11-14 12:50:45,2,17,0.31,0,83,28
5249,2175,2025-06-18 07:18:52,5,26,0.37,0,98,41
5250,2549,2024-03-20 02:55:36,5,17,0.28,0,81,55
5251,4434,2025-09-16 22:52:16,4,29,0.69,0,60,29
5252,4805,2024-07-30 14:45:56,2,3,0.23,0,51,27
5253,4676,2025-04-22 01:25:00,3,26,0.41,0,74,42
5254,1294,2024-09-24 04:34:44,2,31,0.05,1,93,44
5255,965,2025-01-22 08:53:49,10,4,0.52,0,77,42
5256,3985,2024-04-08 00:47:12,2,13,0.13,0,47,34
5257,845,2024-09-15 14:37:25,2,2,0.15,0,94,33
5258,5000,2025-01-22 23:38:35,3,0,0.66,0,49,33
5259,4057,2024-12-12 13:49:09,6,20,0.46,0,56,40
5260,3980,2025-10-11 14:46:17,2,24,0.26,1,49,42
5261,3411,2025-12-07 23:11:05,5,14,0.09,0,77,46
5262,1777,2024-03-23 04:00:22,8,11,0.06,0,46,15
5263,3816,2025-07-08 03:22:05,7,27,0.26,0,37,51
5264,992,2025-02-21 15:20:21,6,24,0.39,0,80,27
5265,4097,2025-12-14 18:36:32,6,27,0.7,0,38,20
5266,947,2024-04-30 12:19:19,8,2,0.24,0,47,30
5267,463,2024-05-30 01:19:32,9,21,0.16,0,38,23
5268,4821,2024-08-01 11:06:18,4,12,0.75,0,63,54
5269,3988,2025-01-16 06:33:43,3,33,0.38,0,43,44
5270,4356,2025-08-04 06:59:33,5,41,0.14,1,55,27
5271,160,2024-07-19 20:31:38,3,4,0.09,0,89,33
5272,1240,2024-07-21 02:00:25,8,23,0.25,0,73,23
5273,3148,2024-02-16 19:21:59,1,12,0.6,0,73,47
5274,2314,2025-08-13 02:07:21,6,4,0.17,0,51,33
5275,865,2025-05-15 19:33:45,3,4,0.35,0,37,42
5276,3651,2024-11-30 17:02:57,6,19,0.14,0,96,26
5277,2153,2024-10-29 17:36:55,5,32,0.33,0,69,20
5278,4229,2024-04-04 10:13:56,5,32,0.32,0,43,42
5279,2589,2025-04-23 13:57:55,7,25,0.1,1,81,23
5280,4564,2025-12-15 16:05:54,3,14,0.14,0,70,35
5281,3261,2024-02-20 06:17:21,4,3,0.55,0,60,46
5282,4347,2024-02-12 16:20:24,8,18,0.36,1,67,34
5283,4374,2024-07-02 11:24:07,3,26,0.36,1,51,49
5284,4254,2025-07-14 10:02:30,6,23,0.21,0,47,12
5285,3161,2025-09-16 10:43:02,6,32,0.73,0,65,46
5286,1566,2025-01-07 10:21:13,5,16,0.22,0,88,17
5287,3503,2024-06-05 08:20:12,1,24,0.45,0,50,27
5288,4911,2025-01-05 12:51:10,9,12,0.24,0,67,37
5289,3573,2024-09-14 21:29:58,5,20,0.36,0,75,36
5290,2145,2024-06-03 00:27:14,11,34,0.36,0,76,31
5291,844,2024-04-06 06:43:49,2,17,0.51,0,57,4
5292,3592,2025-10-19 07:42:38,2,3,0.16,0,79,25
5293,1596,2024-07-24 19:23:43,5,6,0.05,1,60,33
5294,631,2024-08-24 19:13:23,2,3,0.47,0,47,10
5295,1802,2025-09-03 15:02:34,4,15,0.11,0,37,42
5296,95,2024-04-21 21:15:09,8,21,0.35,0,117,40
5297,838,2025-09-27 11:26:01,5,29,0.02,1,24,18
5298,777,2025-06-30 23:43:50,1,13,0.62,0,53,53
5299,2093,2024-09-24 21:13:13,8,28,0.08,1,64,46
5300,2449,2025-08-16 09:41:26,5,17,0.14,0,51,4
5301,3167,2024-09-25 04:10:33,2,12,0.07,1,36,20
5302,282,2025-03-12 11:59:18,5,33,0.13,0,63,37
5303,495,2025-07-07 11:23:48,2,9,0.27,0,57,20
5304,3448,2025-06-17 13:41:02,4,13,0.48,0,71,33
5305,3712,2025-07-06 12:41:12,7,18,0.12,0,62,46
5306,3070,2025-11-23 16:37:47,11,17,0.14,0,96,4
5307,376,2024-06-04 15:54:45,7,18,0.1,0,99,37
5308,2238,2025-04-23 14:15:47,10,11,0.13,0,59,22
5309,967,2024-09-19 18:47:18,5,20,0.4,0,59,28
5310,1986,2024-05-13 00:44:25,4,14,0.04,0,44,61
5311,3640,2025-09-22 15:15:48,4,14,0.14,0,82,35
5312,3215,2025-06-25 19:50:11,3,18,0.32,0,64,40
5313,1679,2024-04-05 05:56:37,7,6,0.58,0,62,46
5314,157,2025-09-30 00:26:15,7,11,0.46,0,22,21
5315,4353,2024-12-04 14:54:36,3,11,0.14,0,94,21
5316,500,2024-08-14 07:05:12,14,31,0.21,0,95,33
5317,4308,2025-01-20 08:05:51,5,21,0.35,0,34,33
5318,216,2024-08-28 11:51:44,4,4,0.25,0,81,30
5319,2666,2025-10-19 14:05:10,5,6,0.39,0,48,17
5320,4890,2024-05-06 18:19:46,13,25,0.26,0,57,11
5321,1305,2024-07-29 23:25:57,8,18,0.19,0,52,32
5322,4882,2024-05-18 14:44:44,8,28,0.3,0,47,40
5323,3126,2024-12-29 06:11:25,1,13,0.25,0,60,51
5324,1607,2024-11-17 16:59:44,6,34,0.11,0,39,23
5325,4505,2024-06-29 17:59:23,9,8,0.19,1,79,0
5326,723,2025-06-14 06:01:20,6,16,0.14,0,63,2
5327,4768,2024-02-29 01:00:47,11,29,0.07,0,90,32
5328,2979,2025-09-07 02:52:37,6,24,0.08,0,76,29
5329,2421,2025-06-18 08:11:11,1,19,0.76,1,43,20
5330,3078,2024-08-06 19:11:48,1,41,0.57,1,45,29
5331,1300,2025-06-26 22:06:56,4,0,0.19,0,77,20
5332,3635,2024-01-30 14:56:42,9,21,0.29,0,52,18
5333,4082,2025-06-21 20:07:38,1,3,0.36,0,31,12
5334,2048,2025-09-29 23:05:55,6,24,0.19,0,58,31
5335,895,2024-12-27 13:22:43,4,19,0.47,0,70,28
5336,2933,2025-10-17 15:53:01,1,16,0.2,0,85,18
5337,2281,2024-07-09 16:13:57,6,24,0.24,0,75,10
5338,1646,2024-02-13 08:00:28,4,5,0.13,1,33,19
5339,3412,2024-06-24 22:10:20,1,9,0.13,0,48,3
5340,180,2025-09-30 18:27:04,1,23,0.23,0,39,17
5341,545,2025-09-19 06:07:52,4,27,0.12,0,70,19
5342,868,2024-11-27 05:24:50,10,21,0.28,0,59,9
5343,1885,2024-06-06 02:50:53,9,14,0.26,0,86,20
5344,188,2024-03-18 13:48:22,7,34,0.07,0,55,11
5345,4196,2024-10-27 22:19:20,13,34,0.1,0,49,31
5346,442,2025-05-15 07:46:07,6,19,0.37,0,50,32
5347,1260,2024-02-26 02:29:35,6,28,0.54,0,76,28
5348,945,2024-07-21 19:59:35,6,15,0.42,1,50,54
5349,1766,2024-10-29 14:15:56,4,19,0.12,0,66,18
5350,815,2024-05-06 21:58:52,3,23,0.37,0,52,27
5351,1227,2025-11-15 20:06:22,7,18,0.8,0,34,33
5352,912,2025-05-20 03:01:00,3,9,0.32,0,14,33
5353,2707,2024-07-14 12:22:25,3,23,0.39,0,39,36
5354,3710,2024-05-01 22:05:19,4,12,0.51,0,76,46
5355,2307,2025-03-22 01:07:55,9,0,0.24,0,72,48
5356,4993,2025-02-22 19:37:19,7,33,0.03,0,59,25
5357,2576,2024-10-14 12:38:20,3,6,0.12,0,78,41
5358,4846,2024-08-04 04:38:52,1,12,0.35,1,32,22
5359,3096,2025-08-30 20:47:05,1,32,0.16,1,26,17
5360,860,2025-01-18 22:24:21,4,2,0.05,0,18,29
5361,4829,2024-08-04 02:56:47,3,19,0.02,0,35,30
5362,4335,2024-12-26 23:16:28,10,43,0.15,0,75,21
5363,1921,2024-05-13 03:53:07,2,11,0.61,0,54,9
5364,3957,2025-10-12 22:47:11,5,28,0.38,0,45,30
5365,1276,2025-05-16 21:31:31,0,31,0.26,0,79,26
5366,1807,2025-11-04 18:45:04,7,19,0.59,0,82,25
5367,2797,2024-05-29 07:24:53,6,32,0.14,0,95,22
5368,3624,2025-03-27 00:39:28,1,21,0.51,0,53,33
5369,4346,2025-03-30 20:55:26,1,29,0.43,0,69,34
5370,283,2024-04-24 21:55:22,8,11,0.37,0,64,40
5371,3324,2025-11-08 20:16:18,12,21,0.16,0,50,36
5372,810,2024-06-15 09:45:46,2,11,0.15,0,82,31
5373,1121,2025-03-08 03:08:28,6,12,0.11,0,73,29
5374,683,2025-02-12 11:37:05,5,11,0.53,0,35,31
5375,3699,2024-06-29 11:40:37,6,17,0.27,0,64,31
5376,1133,2025-06-15 21:46:36,4,10,0.25,0,18,33
5377,541,2025-02-20 14:53:09,7,15,0.5,0,95,49
5378,3287,2024-03-19 14:08:27,6,21,0.14,1,52,29
5379,2161,2024-08-01 06:27:54,6,31,0.41,0,54,33
5380,2778,2025-04-12 20:01:16,11,22,0.12,0,61,42
5381,3550,2024-10-06 00:14:08,6,11,0.2,0,59,37
5382,2251,2024-05-13 10:23:54,3,7,0.09,0,53,23
5383,1471,2025-07-23 20:20:49,7,35,0.22,0,42,61
5384,2411,2025-11-26 15:21:56,9,21,0.22,1,66,13
5385,2419,2024-03-28 05:53:37,9,26,0.13,0,39,37
5386,4271,2024-03-10 12:45:44,2,21,0.15,0,56,75
5387,1360,2025-01-21 11:07:57,6,18,0.09,0,79,6
5388,765,2024-12-09 07:45:27,1,18,0.23,0,59,36
5389,4003,2024-12-17 20:17:20,3,18,0.3,0,40,11
5390,3467,2024-05-03 01:08:04,10,18,0.38,0,55,24
5391,224,2024-07-20 16:17:46,5,20,0.18,0,72,17
5392,850,2025-12-01 03:29:03,7,31,0.25,1,60,22
5393,4056,2024-04-26 08:49:53,5,32,0.56,0,59,12
5394,2751,2025-04-10 23:36:28,1,27,0.35,0,28,44
5395,2749,2024-04-29 21:45:29,5,37,0.33,0,26,29
5396,922,2024-11-17 23:56:13,3,25,0.12,0,62,21
5397,295,2025-11-26 00:58:47,2,21,0.29,0,78,44
5398,2559,2024-06-19 21:40:50,2,17,0.15,0,52,38
5399,632,2024-06-24 13:07:25,5,29,0.12,0,52,5
5400,214,2024-05-01 07:03:35,2,26,0.2,0,29,32
5401,2979,2025-10-06 18:39:27,6,24,0.25,0,28,32
5402,3307,2025-07-10 04:29:43,9,0,0.23,0,46,12
5403,3643,2024-05-12 02:57:31,5,16,0.07,0,58,45
5404,2553,2024-04-26 15:23:19,8,20,0.17,0,62,32
5405,538,2024-02-14 04:32:32,3,18,0.5,0,47,8
5406,303,2024-05-21 02:19:14,9,21,0.6,0,40,28
5407,4095,2024-02-12 06:13:23,0,11,0.57,0,52,31
5408,236,2025-05-19 02:39:19,4,28,0.11,0,60,43
5409,769,2025-04-10 12:43:59,7,27,0.02,0,48,0
5410,3324,2025-09-13 18:26:02,6,6,0.06,0,78,25
5411,4725,2025-02-05 17:50:16,7,0,0.35,0,51,45
5412,787,2024-08-24 15:44:37,2,37,0.56,0,58,29
5413,2179,2025-09-27 16:22:07,2,20,0.17,0,63,39
5414,1437,2025-03-24 15:43:04,1,24,0.56,0,62,50
5415,1404,2024-10-01 09:43:56,9,19,0.09,0,101,39
5416,4330,2025-06-14 20:43:10,4,33,0.32,0,12,43
5417,4642,2024-03-27 01:01:02,4,18,0.48,0,79,39
5418,3880,2025-05-28 21:47:05,1,16,0.21,0,65,36
5419,3147,2024-05-26 12:01:53,0,31,0.47,0,73,51
5420,3057,2025-01-25 05:16:44,10,30,0.23,0,67,33
5421,3899,2024-12-13 10:24:59,1,8,0.29,0,54,29
5422,4574,2024-04-06 02:04:41,6,14,0.63,0,45,31
5423,3193,2024-06-19 08:01:06,5,24,0.38,0,63,23
5424,2920,2025-02-11 04:52:22,4,0,0.35,0,55,38
5425,1465,2025-03-14 05:39:40,9,38,0.41,0,62,45
5426,598,2024-06-21 11:01:15,7,0,0.31,0,49,0
5427,3165,2024-04-10 07:46:16,7,18,0.52,0,45,35
5428,2493,2024-04-08 01:00:34,0,23,0.06,0,79,1
5429,194,2025-04-10 07:02:34,4,13,0.11,0,70,51
5430,561,2025-10-28 23:18:47,1,23,0.61,0,48,40
5431,752,2024-12-27 06:33:34,3,30,0.41,0,73,30
5432,4308,2024-11-03 16:50:18,5,24,0.08,0,36,59
5433,2106,2025-07-17 23:02:31,5,32,0.23,0,71,41
5434,4921,2024-04-23 20:37:58,6,24,0.28,0,56,34
5435,3656,2024-05-25 16:16:11,12,23,0.19,0,24,38
5436,2377,2025-11-13 12:10:35,0,30,0.19,0,49,35
5437,4036,2024-12-26 05:29:34,4,24,0.11,0,28,38
5438,4763,2024-04-27 20:43:43,6,20,0.23,0,52,36
5439,2051,2024-10-19 04:57:04,2,27,0.36,0,85,16
5440,4868,2025-12-09 20:37:47,10,20,0.4,0,66,21
5441,4350,2025-07-28 03:27:19,6,31,0.32,0,60,42
5442,1519,2024-04-04 17:35:42,9,30,0.41,0,76,30
5443,2252,2024-11-03 14:38:20,5,15,0.14,0,54,24
5444,2459,2024-04-13 09:56:45,6,23,0.61,0,66,20
5445,2041,2025-03-23 15:02:28,5,0,0.44,0,87,38
5446,1091,2025-10-23 16:16:11,3,32,0.17,0,22,5
5447,4383,2024-11-21 14:31:58,6,30,0.31,0,51,0
5448,4530,2024-04-14 03:22:41,0,32,0.63,0,43,25
5449,3715,2024-03-06 21:13:30,4,18,0.53,0,46,19
5450,3858,2025-09-01 07:31:47,5,13,0.24,0,72,46
5451,2598,2025-02-06 07:16:17,4,29,0.51,0,78,18
5452,2232,2024-07-08 12:10:58,8,31,0.58,0,40,40
5453,219,2025-10-06 15:48:33,4,21,0.52,0,20,33
5454,4253,2025-11-24 21:58:27,0,19,0.39,0,70,28
5455,4459,2025-03-15 10:11:07,7,36,0.12,0,49,11
5456,3248,2024-03-28 06:07:53,8,16,0.61,0,83,61
5457,2852,2025-09-05 04:22:43,5,28,0.16,0,46,27
5458,358,2025-08-13 01:57:15,1,6,0.16,0,65,36
5459,1873,2024-02-25 04:37:43,0,5,0.75,0,84,35
5460,2138,2025-12-10 09:47:09,7,8,0.17,0,58,43
5461,1601,2025-05-17 10:38:33,8,19,0.52,0,66,8
5462,1764,2024-05-24 23:31:29,2,7,0.58,0,72,15
5463,3642,2025-02-26 09:06:00,4,8,0.44,0,46,49
5464,1474,2025-02-22 14:44:55,6,26,0.41,0,81,39
5465,2296,2024-04-09 10:05:29,3,12,0.35,0,54,36
5466,3727,2025-06-10 05:05:48,3,8,0.2,1,61,30
5467,3013,2024-05-09 19:06:24,9,30,0.18,0,52,44
5468,4448,2024-03-14 19:31:33,4,8,0.16,0,50,50
5469,463,2025-06-03 12:53:52,0,20,0.2,0,50,24
5470,2272,2025-05-02 11:19:54,3,15,0.12,0,55,15
5471,3672,2024-10-29 23:27:14,7,15,0.43,0,46,39
5472,3012,2025-07-29 07:02:07,2,16,0.6,0,79,35
5473,114,2025-02-27 22:00:40,4,14,0.31,0,45,5
5474,219,2024-07-31 00:12:46,9,9,0.16,0,59,28
5475,2099,2025-12-08 11:50:11,4,8,0.12,0,29,14
5476,543,2024-06-29 04:43:03,4,12,0.36,0,37,72
5477,1845,2024-12-09 22:48:23,9,21,0.51,0,48,20
5478,2670,2025-11-17 17:31:43,6,19,0.17,0,95,9
5479,743,2024-02-29 20:30:51,0,22,0.21,0,68,41
5480,2139,2025-05-26 00:08:58,0,0,0.55,1,74,4
5481,4297,2025-11-21 18:58:26,7,26,0.24,0,86,65
5482,1484,2025-01-07 20:14:54,10,20,0.44,0,72,29
5483,3703,2024-06-10 17:33:16,5,19,0.08,0,40,18
5484,3342,2025-06-28 06:08:02,3,17,0.22,0,72,11
5485,4049,2025-11-08 15:28:41,8,22,0.57,0,70,58
5486,533,2025-01-07 08:24:14,0,19,0.11,1,60,70
5487,330,2024-05-11 23:26:20,3,22,0.54,1,64,14
5488,4177,2025-11-12 15:57:42,5,28,0.04,0,41,26
5489,4302,2024-09-08 07:00:23,0,6,0.7,0,60,2
5490,4577,2025-12-02 09:03:08,2,15,0.77,0,58,30
5491,1499,2024-11-03 22:16:12,3,8,0.21,1,52,33
5492,2459,2024-11-01 05:36:33,2,32,0.18,0,87,16
5493,4433,2025-05-20 15:34:39,1,15,0.16,0,97,15
5494,2973,2024-06-09 03:32:01,10,17,0.18,0,59,36
5495,1674,2025-11-19 23:47:59,0,18,0.26,0,55,24
5496,3201,2024-06-05 00:30:52,7,11,0.09,0,40,42
5497,2291,2025-05-19 02:01:13,3,17,0.36,0,69,31
5498,4624,2024-08-22 22:28:43,5,19,0.71,0,50,17
5499,33,2025-03-15 12:51:42,4,36,0.42,0,50,44
5500,981,2025-06-14 18:10:33,8,12,0.18,0,93,37
5501,3263,2024-09-26 21:07:19,4,13,0.31,1,82,22
5502,1670,2024-01-30 02:19:07,8,23,0.43,0,27,33
5503,4697,2025-10-19 20:23:16,7,13,0.47,0,75,26
5504,3913,2024-06-21 08:06:15,8,3,0.3,0,32,22
5505,405,2025-12-03 16:52:42,0,6,0.2,0,61,41
5506,1336,2025-06-05 14:17:34,4,17,0.4,0,63,33
5507,901,2025-11-16 10:59:30,1,38,0.06,0,50,27
5508,4434,2025-11-04 06:19:08,6,25,0.16,0,70,20
5509,4676,2024-02-29 23:24:52,12,6,0.24,0,77,12
5510,4855,2025-12-14 21:31:49,7,6,0.3,0,77,30
5511,1239,2024-10-18 05:06:32,8,13,0.02,0,71,34
5512,4140,2024-03-10 06:42:26,6,5,0.35,0,67,17
5513,1602,2025-04-12 07:21:47,7,13,0.29,0,59,21
5514,4306,2025-04-14 15:27:38,6,6,0.07,0,76,22
5515,2940,2025-04-18 20:39:07,0,12,0.49,0,59,38
5516,4492,2025-11-09 20:56:30,0,17,0.1,0,47,30
5517,3294,2025-04-13 17:42:38,2,21,0.73,0,56,12
5518,2983,2024-06-06 16:53:35,4,35,0.61,0,56,40
5519,821,2024-06-24 11:02:39,3,3,0.26,1,88,33
5520,2125,2025-04-17 00:21:56,3,30,0.19,1,80,14
5521,2608,2025-04-19 08:40:09,0,35,0.18,0,62,35
5522,912,2025-09-30 10:35:41,9,23,0.56,0,62,29
5523,1085,2024-10-11 21:18:22,4,29,0.18,0,64,16
5524,3704,2024-05-16 11:14:02,5,13,0.13,0,74,4
5525,2202,2025-05-31 07:07:12,5,13,0.69,0,26,9
5526,4036,2024-03-22 21:41:02,0,31,0.37,0,48,47
5527,18,2025-04-25 06:36:36,5,30,0.06,0,88,37
5528,1103,2024-05-10 07:46:03,3,12,0.13,0,90,42
5529,4561,2025-03-11 20:49:31,2,32,0.04,0,44,37
5530,1829,2024-05-27 05:44:46,4,25,0.42,0,76,25
5531,4468,2024-09-11 23:30:56,0,24,0.15,0,26,47
5532,1775,2025-10-02 03:27:41,7,17,0.19,0,50,0
5533,629,2024-11-19 20:04:28,10,5,0.03,0,75,43
5534,789,2024-04-28 02:10:56,3,3,0.19,0,17,0
5535,4308,2024-11-15 16:44:00,2,19,0.68,0,64,11
5536,2388,2024-05-07 18:25:36,5,16,0.63,0,30,24
5537,92,2025-05-23 11:40:50,0,27,0.24,0,80,24
5538,4913,2024-10-16 02:16:56,6,18,0.27,0,83,7
5539,540,2024-12-23 07:25:23,8,7,0.18,0,111,11
5540,4238,2024-10-10 22:15:15,8,26,0.23,1,93,55
5541,2313,2024-12-03 02:22:11,2,29,0.09,0,70,12
5542,422,2024-08-11 03:30:42,7,22,0.7,0,36,40
5543,2831,2025-02-14 17:01:09,2,29,0.11,0,56,20
5544,2012,2024-07-14 01:50:23,5,26,0.12,0,67,21
5545,2438,2024-01-23 01:51:30,3,22,0.34,0,73,36
5546,4549,2025-04-06 01:45:08,4,10,0.36,0,23,11
5547,2082,2025-05-15 15:58:27,7,13,0.1,0,70,19
5548,541,2024-12-20 17:43:48,11,10,0.41,1,58,24
5549,3889,2024-04-20 12:27:45,1,20,0.4,0,63,26
5550,42,2024-11-10 01:24:58,0,22,0.44,0,65,22
5551,4541,2024-01-28 14:19:55,6,22,0.3,0,62,14
5552,3345,2025-10-22 23:00:15,5,24,0.13,0,67,61
5553,373,2025-11-24 01:12:32,8,0,0.25,1,29,36
5554,3666,2025-04-25 11:16:59,6,26,0.13,0,59,28
5555,3461,2025-05-30 10:15:12,2,19,0.37,0,40,33
5556,3312,2024-04-25 16:51:56,3,17,0.13,0,97,43
5557,3336,2025-02-26 14:58:09,6,33,0.1,0,51,28
5558,3789,2024-10-28 09:51:57,0,12,0.09,1,79,35
5559,1764,2024-05-06 11:10:34,12,18,0.35,0,105,25
5560,2569,2025-01-27 13:21:58,9,35,0.13,0,48,17
5561,2933,2025-06-22 12:16:53,3,31,0.46,0,40,35
5562,1363,2024-12-06 01:33:14,0,9,0.34,1,40,14
5563,1590,2024-05-04 20:23:43,0,21,0.54,0,78,9
5564,1459,2025-09-26 13:00:47,2,28,0.21,0,65,62
5565,1664,2025-03-22 09:56:54,3,17,0.32,0,41,38
5566,1409,2024-03-26 02:07:35,8,12,0.34,0,36,22
5567,3618,2024-09-11 07:40:30,0,31,0.28,0,69,25
5568,1986,2024-05-11 22:20:07,6,0,0.63,0,29,46
5569,929,2025-07-05 23:22:22,9,22,0.59,0,49,26
5570,1122,2025-09-20 14:25:02,9,26,0.28,0,56,20
5571,2271,2025-06-29 01:26:26,7,19,0.29,0,49,41
5572,1650,2025-04-11 01:15:36,0,17,0.74,0,39,49
5573,4793,2025-02-14 00:02:19,2,23,0.44,0,61,75
5574,1689,2024-02-22 12:09:10,4,16,0.26,0,50,23
5575,4687,2024-04-22 21:38:55,1,13,0.17,0,64,21
5576,3520,2025-03-04 01:38:54,3,19,0.21,0,78,43
5577,2556,2025-01-13 11:57:16,4,17,0.5,0,63,23
5578,1246,2025-12-01 21:23:59,7,3,0.53,0,36,41
5579,4202,2025-07-21 07:19:54,1,29,0.14,0,73,29
5580,4640,2025-06-02 09:05:24,4,30,0.08,0,37,42
5581,3758,2025-10-23 01:31:57,0,4,0.23,0,78,46
5582,4870,2024-05-09 21:06:58,2,22,0.3,0,48,22
5583,1777,2025-11-29 06:07:36,1,5,0.39,0,48,29
5584,4298,2024-09-10 18:31:57,10,23,0.08,0,70,26
5585,3950,2024-07-18 21:58:47,6,13,0.12,1,44,5
5586,2623,2025-01-18 04:47:39,6,18,0.4,0,56,20
5587,4954,2025-12-10 07:00:08,9,7,0.22,0,22,41
5588,2498,2024-03-06 06:42:10,4,20,0.58,1,46,21
5589,2118,2024-03-28 18:34:55,1,27,0.46,1,33,0
5590,1582,2024-05-22 12:16:11,7,16,0.48,0,60,9
5591,2052,2025-05-26 22:48:09,5,30,0.26,0,52,23
5592,2844,2024-10-05 20:29:49,0,29,0.34,0,25,48
5593,4549,2024-09-25 07:44:57,7,34,0.29,0,65,20
5594,1518,2025-06-15 15:41:04,1,37,0.52,0,48,34
5595,3089,2024-05-02 23:11:35,3,25,0.28,1,50,6
5596,2615,2024-05-30 12:21:31,4,31,0.26,0,60,26
5597,195,2024-10-15 22:32:52,6,42,0.28,1,40,2
5598,3134,2024-12-03 15:52:04,1,11,0.27,0,47,45
5599,2262,2024-04-16 03:16:28,8,26,0.14,0,16,33
5600,4400,2025-01-29 01:01:16,6,19,0.22,0,90,51
5601,1568,2024-12-03 11:47:34,2,33,0.54,0,50,44
5602,4163,2025-02-01 09:24:40,4,9,0.25,0,71,26
5603,578,2025-07-03 08:46:35,3,12,0.24,0,70,30
5604,4075,2025-10-23 22:52:14,0,15,0.42,0,50,35
5605,4660,2025-11-23 23:38:01,5,27,0.12,0,59,56
5606,4731,2025-05-25 15:32:56,3,26,0.06,1,58,25
5607,549,2025-02-10 04:02:29,5,19,0.15,1,81,20
5608,3346,2025-09-13 08:22:56,7,31,0.27,0,54,40
5609,4607,2024-01-25 21:41:15,4,17,0.02,0,35,33
5610,3531,2025-11-27 15:54:42,0,21,0.39,0,52,25
5611,1696,2024-10-25 14:09:20,3,15,0.38,0,48,10
5612,3219,2025-10-28 02:36:28,7,17,0.25,0,64,41
5613,3805,2024-03-02 04:25:02,1,39,0.21,0,63,8
5614,2773,2025-09-07 05:34:55,2,30,0.19,0,94,41
5615,2712,2025-08-17 22:47:13,3,17,0.02,1,79,34
5616,571,2025-02-28 10:16:20,6,33,0.04,0,47,54
5617,2118,2024-03-29 09:55:14,7,23,0.48,0,45,30
5618,1807,2024-05-18 11:52:00,5,30,0.22,0,38,44
5619,3379,2025-03-11 11:37:38,5,33,0.68,0,39,49
5620,581,2024-06-02 19:13:39,1,14,0.21,0,40,43
5621,1139,2024-12-31 08:51:53,2,38,0.02,0,53,0
5622,3042,2025-02-07 19:45:52,9,12,0.22,0,52,25
5623,92,2025-01-23 08:17:46,13,19,0.25,0,74,44
5624,1103,2025-01-05 18:11:59,10,33,0.2,0,64,36
5625,3061,2024-10-22 02:43:59,9,29,0.16,0,77,28
5626,3617,2025-01-03 01:33:31,6,0,0.15,0,86,25
5627,2225,2025-05-18 13:45:05,8,45,0.27,0,84,40
5628,1435,2024-04-07 06:14:27,4,17,0.31,0,54,46
5629,1355,2024-03-22 23:20:53,5,25,0.41,0,60,4
5630,900,2025-05-05 10:15:56,2,5,0.23,0,98,24
5631,763,2025-01-21 19:15:11,4,13,0.22,0,110,5
5632,1420,2025-08-01 19:46:44,3,46,0.31,0,82,16
5633,4022,2025-11-12 19:47:30,3,13,0.42,0,48,28
5634,2826,2025-03-07 01:02:29,2,21,0.48,0,106,34
5635,2224,2024-10-12 00:10:38,4,16,0.41,0,59,45
5636,2378,2025-05-10 14:52:17,10,4,0.13,0,60,47
5637,4750,2025-09-08 03:51:41,4,22,0.34,0,57,28
5638,4897,2024-12-30 04:43:36,2,22,0.14,0,26,14
5639,4176,2025-08-12 09:51:32,5,12,0.07,0,92,18
5640,81,2025-03-09 00:26:25,11,13,0.24,0,63,12
5641,4956,2025-05-04 10:31:13,5,22,0.4,0,59,24
5642,4820,2024-04-24 13:57:56,11,30,0.64,0,55,32
5643,1581,2025-01-01 01:23:49,8,18,0.07,0,59,22
5644,818,2024-04-10 12:20:54,5,23,0.6,0,99,75
5645,4068,2024-07-17 18:24:03,3,20,0.25,0,50,9
5646,986,2024-08-27 22:38:02,6,20,0.13,0,58,35
5647,3028,2024-05-14 03:02:27,7,47,0.72,0,71,40
5648,12,2024-12-17 06:26:16,7,14,0.15,0,72,14
5649,1007,2025-05-18 00:25:33,4,13,0.58,0,63,39
5650,2388,2024-07-25 04:27:36,5,17,0.38,0,69,17
5651,4435,2025-01-31 23:12:16,5,44,0.16,0,52,37
5652,3353,2025-07-06 09:35:05,2,9,0.42,0,69,48
5653,3847,2025-04-28 14:55:47,6,34,0.62,0,57,20
5654,856,2025-05-15 07:42:36,6,34,0.6,0,55,37
5655,1061,2024-10-02 03:46:19,2,23,0.4,0,62,26
5656,1344,2024-11-19 18:19:33,6,25,0.29,0,83,45
5657,3376,2025-10-08 20:43:25,5,11,0.15,0,78,37
5658,4022,2024-07-10 06:23:41,6,15,0.62,0,52,39
5659,2312,2025-07-24 07:10:46,7,6,0.15,0,49,49
5660,4907,2024-08-18 20:08:56,4,20,0.53,0,57,54
5661,3901,2024-12-11 09:30:44,9,19,0.89,0,48,13
5662,756,2024-04-29 00:44:24,6,32,0.05,0,79,14
5663,901,2024-10-19 20:08:29,2,5,0.34,0,88,25
5664,186,2024-02-28 15:31:26,9,17,0.38,0,75,13
5665,123,2025-02-22 05:02:01,4,33,0.31,0,54,35
5666,4154,2024-03-03 22:45:12,0,19,0.15,1,35,28
5667,1674,2025-11-25 14:35:43,10,30,0.09,0,51,28
5668,332,2024-02-08 23:24:48,5,14,0.33,0,76,42
5669,4202,2025-02-23 23:07:46,3,14,0.32,0,66,35
5670,436,2025-07-07 11:06:55,0,17,0.21,0,44,43
5671,3443,2024-10-04 14:09:09,6,13,0.01,0,59,22
5672,3139,2024-04-02 22:43:34,2,32,0.37,0,42,18
5673,92,2025-03-10 21:58:07,5,15,0.04,0,68,7
5674,3123,2025-02-08 05:01:55,5,23,0.24,0,76,28
5675,936,2024-08-23 00:43:41,8,16,0.45,0,83,38
5676,4738,2024-07-29 20:21:51,7,25,0.27,1,82,35
5677,3718,2024-10-06 22:49:13,5,23,0.13,1,41,42
5678,2952,2024-02-12 23:30:31,5,31,0.13,0,41,18
5679,90,2024-11-16 03:02:09,6,8,0.45,0,79,6
5680,3218,2025-09-06 19:12:55,0,24,0.13,0,43,31
5681,658,2025-03-26 23:47:35,4,10,0.44,0,62,0
5682,136,2025-11-23 09:42:52,0,10,0.35,1,61,44
5683,4642,2025-05-24 17:47:59,3,17,0.32,0,65,31
5684,1543,2025-06-29 20:47:46,2,36,0.38,0,94,0
5685,2754,2024-12-27 05:28:27,2,25,0.63,0,85,25
5686,2941,2025-08-02 14:56:11,6,16,0.26,0,28,7
5687,1387,2024-10-08 03:12:05,8,33,0.09,0,63,25
5688,2461,2025-09-15 10:08:20,4,26,0.27,0,37,23
5689,2630,2025-03-14 04:01:36,8,30,0.04,0,59,32
5690,706,2024-03-27 02:02:11,2,27,0.11,1,74,26
5691,1287,2024-12-18 04:53:18,4,14,0.17,0,16,40
5692,832,2025-01-12 18:25:45,5,13,0.47,0,33,50
5693,4595,2025-07-04 23:09:20,8,15,0.04,0,64,0
5694,2088,2024-12-07 13:53:37,8,25,0.05,0,36,23
5695,607,2025-03-12 11:21:51,7,15,0.17,1,88,37
5696,2797,2025-09-10 12:20:49,10,7,0.23,0,64,42
5697,3681,2025-02-19 22:36:38,6,31,0.21,0,48,30
5698,679,2024-03-23 13:43:23,0,7,0.35,1,92,29
5699,1367,2024-04-07 14:39:43,2,24,0.22,0,55,16
5700,1034,2024-08-27 07:37:14,5,37,0.2,0,81,26
5701,1647,2024-04-10 12:17:28,6,25,0.26,0,101,4
5702,4815,2025-09-16 07:29:53,3,26,0.21,0,56,39
5703,271,2024-12-09 20:26:59,7,23,0.3,0,71,21
5704,745,2025-12-14 06:42:08,2,9,0.33,0,90,46
5705,4658,2024-10-20 12:58:02,3,0,0.1,0,100,48
5706,2808,2024-06-08 23:08:55,3,7,0.33,0,49,44
5707,1867,2025-11-28 12:46:47,9,30,0.19,0,73,29
5708,74,2024-05-11 02:53:57,12,30,0.32,0,49,5
5709,4942,2024-06-28 19:49:22,7,25,0.41,0,88,37
5710,12,2024-08-07 21:42:01,5,26,0.62,0,69,43
5711,3005,2024-05-30 01:30:30,6,10,0.73,0,72,33
5712,3100,2025-06-02 10:55:29,3,29,0.15,0,59,17
5713,3202,2025-07-23 09:31:26,0,22,0.06,0,44,23
5714,4011,2025-02-22 00:39:52,5,22,0.61,0,99,26
5715,1602,2025-08-25 18:08:05,2,24,0.48,0,85,26
5716,827,2024-04-29 19:48:51,0,32,0.13,1,46,42
5717,881,2025-02-17 00:51:41,6,29,0.35,0,78,25
5718,1633,2024-08-05 12:49:02,11,5,0.39,0,58,3
5719,1631,2025-06-28 18:42:21,5,22,0.34,0,71,44
5720,3379,2024-07-07 09:44:46,0,24,0.25,1,36,26
5721,2106,2024-05-22 13:08:09,2,28,0.53,0,63,18
5722,557,2025-01-07 07:13:18,8,29,0.42,0,52,30
5723,141,2025-07-18 00:31:17,0,20,0.17,1,38,58
5724,571,2024-05-20 12:50:28,4,0,0.28,0,57,3
5725,3611,2025-02-02 18:18:16,2,35,0.21,0,73,14
5726,4130,2025-06-12 10:00:24,8,2,0.36,0,85,54
5727,2481,2024-07-19 19:00:20,8,10,0.42,0,74,24
5728,4398,2024-02-04 20:17:14,3,0,0.28,0,62,30
5729,3060,2024-09-13 14:43:05,5,11,0.16,0,82,24
5730,1011,2024-04-02 13:27:15,2,30,0.19,0,90,33
5731,1472,2024-04-02 17:00:13,0,24,0.39,0,80,21
5732,3359,2024-08-10 04:57:40,2,0,0.41,0,48,36
5733,37,2025-06-05 21:25:49,7,10,0.1,0,32,18
5734,3178,2024-09-22 04:23:29,5,15,0.23,0,55,17
5735,3005,2025-08-07 23:17:30,5,8,0.09,0,40,44
5736,4205,2024-07-26 11:07:23,1,23,0.07,0,10,50
5737,4587,2024-02-21 13:43:16,5,17,0.33,1,61,40
5738,2193,2025-04-11 08:14:55,7,24,0.33,0,47,31
5739,2276,2025-02-04 02:18:52,1,28,0.28,0,70,20
5740,2622,2024-06-26 02:49:02,1,26,0.14,0,27,10
5741,2399,2024-01-24 08:12:52,0,9,0.49,1,89,11
5742,1332,2024-03-14 12:41:35,8,17,0.2,0,51,6
5743,3239,2025-03-05 11:10:25,2,3,0.49,0,87,41
5744,3905,2024-05-18 12:22:32,6,32,0.29,0,39,14
5745,307,2024-11-14 21:22:17,1,16,0.22,0,49,44
5746,4893,2024-09-29 01:31:36,1,26,0.24,0,51,43
5747,1717,2024-09-14 16:21:44,4,8,0.38,0,44,37
5748,1645,2024-08-26 02:08:53,7,22,0.3,0,81,0
5749,4905,2024-03-28 23:37:49,2,33,0.2,0,59,3
5750,509,2024-06-16 00:31:48,9,18,0.25,0,75,41
5751,2991,2025-11-14 00:55:35,4,25,0.08,0,66,25
5752,2229,2024-08-16 15:56:49,4,8,0.37,1,56,27
5753,4241,2025-01-11 17:31:38,5,21,0.38,0,74,48
5754,34,2024-03-14 19:36:18,6,32,0.15,0,70,54
5755,1973,2024-06-29 06:20:43,4,31,0.33,0,10,33
5756,3564,2024-09-12 19:16:56,4,28,0.14,0,52,50
5757,1799,2025-01-06 22:27:09,7,32,0.21,0,91,31
5758,3091,2025-10-22 01:46:52,2,4,0.26,0,85,51
5759,4457,2024-08-15 00:11:47,8,15,0.35,0,71,47
5760,1356,2025-05-14 20:35:37,8,25,0.36,0,77,9
5761,4427,2025-02-28 06:12:19,7,31,0.2,0,36,32
5762,3837,2024-05-28 05:02:33,1,3,0.56,0,22,50
5763,1209,2025-04-11 05:14:16,3,18,0.44,0,105,28
5764,3721,2025-05-03 11:06:14,6,23,0.07,0,62,0
5765,3934,2025-06-21 21:13:55,5,30,0.28,0,67,29
5766,2396,2025-09-22 07:55:05,5,26,0.21,0,71,52
5767,3517,2024-05-16 18:07:27,1,14,0.25,0,62,28
5768,2464,2025-03-21 05:36:34,4,18,0.23,0,74,26
5769,707,2024-12-04 03:00:22,4,9,0.08,0,66,37
5770,3136,2024-10-30 02:52:16,4,16,0.56,0,62,33
5771,867,2025-11-28 07:23:47,0,36,0.06,0,69,16
5772,4693,2024-02-10 15:15:38,2,16,0.4,0,43,24
5773,2661,2024-05-27 21:16:27,3,21,0.14,0,87,35
5774,441,2025-01-11 10:37:49,6,33,0.15,0,56,50
5775,2921,2025-04-04 09:27:25,7,22,0.39,1,51,45
5776,4199,2025-04-17 17:24:20,9,34,0.36,0,65,28
5777,4148,2024-11-27 10:41:45,4,1,0.57,0,67,17
5778,1552,2025-06-08 13:12:18,3,21,0.4,0,67,43
5779,2660,2024-06-14 21:44:41,7,11,0.29,0,83,55
5780,2791,2024-09-22 14:12:25,6,16,0.11,0,54,2
5781,1527,2025-08-30 11:33:11,13,7,0.27,0,68,50
5782,2122,2024-11-23 08:22:26,11,11,0.13,0,59,27
5783,1697,2025-08-29 13:55:19,3,30,0.3,0,57,38
5784,2,2024-03-15 15:03:08,1,18,0.08,0,103,33
5785,980,2024-12-10 09:04:14,4,38,0.16,0,99,19
5786,1804,2025-04-03 14:46:21,0,17,0.08,0,52,27
5787,4405,2025-11-14 21:42:16,6,15,0.32,0,45,28
5788,4723,2025-08-17 22:45:30,7,13,0.5,0,68,43
5789,3183,2025-03-15 03:46:08,4,21,0.04,0,49,0
5790,1182,2024-03-30 22:51:16,0,4,0.29,0,83,41
5791,3475,2024-11-13 01:37:39,6,28,0.15,0,17,29
5792,3663,2025-10-06 07:56:09,8,2,0.3,0,35,34
5793,512,2024-12-13 16:03:37,0,27,0.25,0,64,46
5794,113,2024-05-22 21:24:29,11,3,0.25,0,17,38
5795,2485,2024-11-09 22:13:06,2,12,0.36,0,66,29
5796,1172,2024-12-17 12:31:57,7,11,0.22,0,79,47
5797,3223,2024-04-08 12:49:44,10,16,0.3,0,62,32
5798,2495,2025-06-29 11:37:43,5,7,0.3,0,61,42
5799,565,2025-06-10 14:29:50,8,13,0.13,0,58,22
5800,2438,2024-07-02 22:05:58,3,28,0.27,0,71,59
5801,2430,2025-04-22 12:27:51,6,37,0.24,0,36,28
5802,5000,2025-12-12 03:07:36,6,18,0.15,0,65,51
5803,4041,2025-06-22 00:25:00,8,19,0.35,0,76,37
5804,3367,2025-12-04 18:59:34,7,9,0.03,0,58,57
5805,4625,2024-02-11 22:41:32,0,16,0.28,0,56,16
5806,2889,2025-08-02 04:50:55,3,11,0.4,1,37,13
5807,1425,2024-02-04 00:38:24,5,18,0.13,0,64,9
5808,3564,2025-09-10 23:04:06,7,25,0.28,0,90,45
5809,889,2025-10-07 13:59:20,1,17,0.21,0,55,39
5810,4918,2024-07-18 12:06:50,8,19,0.49,0,85,45
5811,798,2025-07-19 16:34:17,4,19,0.23,0,37,44
5812,2089,2025-12-16 17:35:06,8,22,0.37,0,58,30
5813,2174,2024-07-21 20:35:10,8,18,0.4,0,68,43
5814,3620,2024-06-26 04:25:01,2,12,0.41,0,56,0
5815,2506,2025-11-29 01:41:16,11,8,0.1,0,55,24
5816,2576,2024-11-03 23:40:22,4,13,0.32,0,96,47
5817,3231,2025-01-17 16:56:47,1,26,0.14,0,46,20
5818,3209,2024-06-04 17:38:09,5,26,0.29,0,64,26
5819,3484,2024-12-22 06:04:41,0,10,0.04,0,67,15
5820,1211,2025-01-21 03:29:55,6,35,0.39,0,52,33
5821,549,2025-09-17 10:32:56,6,15,0.27,0,20,12
5822,4048,2025-12-18 09:05:12,5,27,0.61,0,43,9
5823,2972,2024-03-16 20:08:10,3,12,0.27,0,49,19
5824,2344,2025-05-18 05:47:17,4,20,0.44,0,64,34
5825,124,2025-03-25 20:25:22,3,16,0.6,0,51,50
5826,2501,2025-05-31 12:42:55,3,21,0.31,0,61,39
5827,1314,2025-05-09 05:09:59,5,13,0.07,0,72,33
5828,4237,2025-02-09 19:51:37,4,11,0.19,0,31,35
5829,1286,2025-11-17 01:42:36,2,28,0.09,0,38,27
5830,806,2024-07-20 14:42:38,5,30,0.29,0,89,13
5831,4394,2025-06-30 13:35:17,4,12,0.53,0,58,24
5832,3130,2024-01-27 05:21:58,5,1,0.48,0,21,26
5833,273,2025-05-03 20:39:49,3,10,0.03,0,69,63
5834,334,2025-04-01 08:29:39,3,44,0.11,0,46,18
5835,934,2025-01-03 14:38:11,8,9,0.15,0,64,34
5836,677,2024-07-13 13:54:45,12,11,0.6,0,44,41
5837,880,2024-10-24 19:28:30,3,28,0.31,0,69,5
5838,570,2024-03-29 23:11:12,3,32,0.22,0,67,20
5839,1791,2024-05-09 06:57:10,6,20,0.14,0,73,18
5840,3579,2025-08-02 10:32:39,4,37,0.18,0,45,48
5841,4599,2024-03-06 07:37:23,1,17,0.02,0,45,28
5842,1739,2025-07-02 02:26:17,2,12,0.36,0,67,29
5843,3488,2025-04-03 16:38:17,2,18,0.34,0,30,32
5844,4968,2025-01-13 03:29:49,8,15,0.42,1,67,1
5845,3057,2024-12-22 01:13:57,5,34,0.35,0,79,59
5846,295,2025-07-04 22:48:18,5,33,0.04,0,63,38
5847,1019,2025-08-23 02:51:13,0,32,0.18,0,40,39
5848,37,2025-04-10 04:29:29,1,29,0.37,0,61,7
5849,944,2025-08-23 04:16:45,3,23,0.06,0,56,32
5850,4079,2025-05-10 10:07:13,5,10,0.38,0,67,24
5851,630,2025-07-26 11:38:05,1,9,0.31,1,40,19
5852,2578,2024-10-17 11:21:46,0,12,0.55,0,79,29
5853,803,2025-07-20 00:24:06,3,27,0.69,0,72,41
5854,3690,2025-04-06 18:33:22,1,21,0.32,1,56,16
5855,235,2024-11-23 15:07:07,3,11,0.46,0,69,42
5856,4073,2025-05-03 00:04:13,6,31,0.46,0,53,20
5857,3866,2025-10-08 18:52:56,3,4,0.28,0,90,39
5858,3834,2024-05-03 09:15:59,8,38,0.09,0,106,35
5859,547,2024-06-16 06:19:30,1,14,0.25,0,48,12
5860,3724,2025-10-07 06:21:08,9,16,0.19,0,54,17
5861,2929,2024-10-18 10:14:16,5,31,0.27,0,56,44
5862,1717,2025-04-14 19:05:08,1,6,0.13,1,63,38
5863,4214,2024-11-25 21:23:30,6,22,0.13,0,30,28
5864,3082,2024-09-24 17:55:29,1,34,0.11,0,64,24
5865,569,2025-01-05 09:59:17,7,0,0.46,0,60,29
5866,2481,2024-11-11 15:22:04,6,14,0.48,0,35,43
5867,1022,2025-01-08 20:01:11,4,26,0.32,0,54,0
5868,4876,2024-09-18 00:28:35,6,10,0.3,0,25,29
5869,4588,2024-05-03 05:58:03,8,28,0.18,0,64,39
5870,751,2025-08-05 00:20:40,2,17,0.12,0,25,18
5871,716,2024-08-04 18:51:58,2,21,0.29,0,64,18
5872,1238,2024-09-11 09:44:20,4,26,0.13,0,23,36
5873,2226,2024-02-13 21:16:23,4,23,0.3,1,66,35
5874,2214,2025-05-09 00:01:07,1,16,0.25,0,60,28
5875,3722,2025-12-01 04:01:09,6,33,0.13,0,30,20
5876,901,2024-02-25 00:39:47,5,12,0.14,0,47,15
5877,1424,2024-12-05 18:49:34,7,2,0.3,0,54,1
5878,3399,2025-01-24 17:44:48,12,19,0.44,0,46,23
5879,4115,2025-08-11 07:51:35,7,4,0.45,0,70,14
5880,231,2024-12-23 09:11:43,2,7,0.34,0,28,43
5881,2994,2025-11-09 04:41:11,7,31,0.16,1,75,56
5882,2901,2024-05-16 11:52:51,3,22,0.5,0,26,32
5883,789,2024-05-25 02:36:25,6,32,0.27,0,33,41
5884,3113,2025-02-25 18:30:36,1,25,0.02,0,115,27
5885,1342,2024-07-24 14:38:49,7,7,0.16,0,52,34
5886,1237,2025-09-29 13:38:51,5,24,0.46,0,51,27
5887,4672,2025-08-22 05:07:08,4,16,0.3,0,61,11
5888,938,2024-09-08 18:07:02,6,14,0.39,0,57,19
5889,848,2025-06-19 17:30:45,9,26,0.03,0,10,9
5890,1794,2024-06-15 07:19:15,0,40,0.44,0,61,20
5891,886,2025-04-20 09:55:30,2,20,0.41,0,51,49
5892,752,2025-05-10 01:24:47,12,34,0.62,0,40,43
5893,1284,2025-08-08 09:01:02,9,35,0.56,0,83,24
5894,1636,2025-11-30 05:27:04,8,23,0.04,0,70,0
5895,444,2025-09-10 15:38:56,6,0,0.17,0,80,19
5896,4925,2025-12-22 09:52:44,0,18,0.21,1,94,47
5897,1184,2025-05-02 05:55:29,7,35,0.52,0,56,30
5898,2677,2025-02-10 05:43:50,2,31,0.14,0,47,46
5899,3875,2024-11-11 06:58:26,2,29,0.16,0,56,31
5900,1005,2024-04-13 00:25:46,6,27,0.06,1,47,20
5901,152,2024-03-10 15:24:06,7,29,0.25,1,40,48
5902,220,2025-03-05 11:05:03,6,28,0.11,0,60,36
5903,1685,2024-11-26 21:11:19,7,17,0.02,0,63,40
5904,2087,2025-09-21 21:05:47,6,8,0.13,0,55,28
5905,141,2025-01-26 15:54:38,4,6,0.18,0,86,24
5906,4191,2024-12-28 10:53:52,2,20,0.08,0,52,37
5907,423,2025-07-19 10:48:49,6,18,0.2,0,83,1
5908,971,2024-03-19 01:14:09,1,17,0.48,0,45,6
5909,4858,2024-02-03 16:32:00,4,30,0.69,0,52,17
5910,1290,2025-08-28 02:23:38,5,10,0.23,0,74,52
5911,681,2025-12-15 06:05:18,6,24,0.19,0,80,7
5912,2302,2025-10-04 04:48:50,5,11,0.76,1,72,61
5913,4965,2025-09-19 09:50:37,6,6,0.05,0,80,42
5914,128,2025-10-31 19:13:48,7,24,0.13,0,92,9
5915,2991,2025-03-31 05:17:48,2,13,0.17,1,67,46
5916,3210,2024-11-13 21:10:54,5,11,0.19,1,53,26
5917,4585,2025-07-29 17:08:35,0,4,0.4,0,64,12
5918,3026,2024-03-24 10:23:28,0,40,0.53,0,77,16
5919,4373,2025-03-13 00:40:37,5,23,0.37,0,29,29
5920,2322,2025-11-04 17:46:40,4,19,0.44,0,59,34
5921,1089,2025-02-18 09:43:15,1,16,0.4,0,63,8
5922,789,2025-09-08 07:38:55,6,10,0.3,0,39,31
5923,1824,2024-02-15 00:09:55,3,27,0.18,0,45,8
5924,1976,2024-05-06 07:56:36,5,20,0.2,0,44,42
5925,481,2024-09-13 17:32:12,3,22,0.26,0,27,45
5926,4702,2025-08-30 18:03:02,3,24,0.07,0,61,40
5927,3513,2024-06-27 04:30:34,3,16,0.28,0,63,21
5928,456,2024-04-29 02:23:54,2,25,0.35,0,73,0
5929,4924,2024-03-05 20:33:30,4,32,0.37,0,80,45
5930,2684,2024-10-14 06:43:30,8,3,0.54,0,52,36
5931,4241,2024-05-16 11:31:06,2,30,0.18,0,83,19
5932,3063,2025-04-27 14:58:46,2,21,0.39,0,70,32
5933,3739,2024-11-15 10:50:02,9,14,0.26,0,81,32
5934,2198,2025-07-17 19:13:26,5,11,0.48,0,66,32
5935,697,2025-12-11 06:08:02,3,16,0.46,0,62,47
5936,2449,2024-04-19 07:59:30,2,24,0.31,0,61,2
5937,2178,2025-08-08 00:18:42,1,28,0.47,0,60,10
5938,4102,2025-12-11 16:59:52,7,22,0.62,0,65,26
5939,4026,2024-08-28 09:14:44,1,21,0.29,0,73,27
5940,2052,2025-12-02 01:42:21,8,27,0.17,0,65,28
5941,2317,2024-02-07 05:26:50,0,18,0.24,0,38,41
5942,261,2024-04-06 19:23:05,10,23,0.32,0,49,35
5943,1319,2025-06-24 06:26:20,2,9,0.08,0,51,22
5944,3904,2024-04-07 16:25:09,5,31,0.11,0,67,37
5945,2810,2025-09-03 13:53:41,3,28,0.33,0,52,26
5946,261,2025-06-22 04:31:15,7,0,0.2,1,69,6
5947,2830,2024-04-10 11:37:44,6,36,0.3,0,56,33
5948,2495,2024-06-18 16:24:21,5,22,0.09,0,44,56
5949,1362,2025-10-11 08:47:24,3,18,0.28,0,64,15
5950,3022,2025-09-19 15:34:40,3,26,0.05,1,83,18
5951,4727,2025-05-29 05:48:24,8,29,0.35,0,43,52
5952,93,2025-09-21 21:49:24,2,13,0.3,0,44,38
5953,4051,2025-11-24 12:00:21,1,9,0.26,0,59,20
5954,691,2025-05-26 16:55:35,7,24,0.09,0,45,37
5955,3308,2025-06-26 22:27:49,4,14,0.52,0,38,26
5956,1247,2025-08-17 01:33:59,6,18,0.54,0,107,21
5957,4150,2024-02-21 03:47:28,4,40,0.64,1,65,44
5958,4992,2025-01-11 01:28:55,2,26,0.26,0,75,32
5959,4350,2024-05-10 10:10:05,4,37,0.46,1,97,32
5960,777,2024-11-02 18:41:53,6,6,0.07,0,126,39
5961,4890,2024-04-09 07:01:18,2,12,0.25,1,75,33
5962,4477,2025-01-22 13:24:35,9,18,0.01,0,41,33
5963,2040,2024-10-05 20:48:56,10,10,0.31,0,68,27
5964,4508,2025-01-07 18:54:43,5,12,0.15,0,30,42
5965,2932,2025-09-13 23:39:58,1,15,0.35,0,71,45
5966,4467,2024-04-07 06:30:55,3,7,0.45,0,17,35
5967,4808,2024-06-03 17:57:44,0,6,0.21,0,18,4
5968,2134,2025-05-18 05:50:01,5,25,0.29,0,53,26
5969,4022,2025-05-12 02:35:13,8,25,0.43,0,76,33
5970,1480,2024-12-02 20:46:44,2,21,0.11,0,50,12
5971,4493,2025-05-23 15:56:26,3,30,0.47,0,58,36
5972,2943,2024-05-10 18:48:41,7,7,0.16,0,54,17
5973,522,2025-11-05 03:23:08,0,14,0.29,0,60,57
5974,4231,2024-06-07 06:27:28,3,26,0.18,0,67,67
5975,2223,2025-11-17 15:35:23,1,16,0.08,0,35,15
5976,4517,2024-01-23 16:28:05,3,15,0.11,0,31,43
5977,583,2025-12-04 18:35:10,1,24,0.1,0,42,25
5978,2645,2025-08-17 04:20:10,8,11,0.3,0,71,30
5979,1396,2025-10-05 06:03:34,3,20,0.37,0,85,46
5980,3602,2025-05-14 00:14:24,8,21,0.31,0,92,38
5981,2889,2025-11-03 20:12:51,7,10,0.47,0,36,40
5982,4417,2024-06-08 04:09:40,4,16,0.63,0,84,40
5983,1969,2024-02-08 01:12:56,0,22,0.35,0,78,28
5984,3201,2024-05-28 10:21:19,10,31,0.11,0,86,27
5985,1965,2025-03-18 03:50:07,7,21,0.31,0,40,32
5986,2520,2025-04-30 06:16:10,0,25,0.26,0,68,41
5987,1654,2024-02-03 05:37:37,3,18,0.56,1,45,35
5988,1096,2024-04-12 07:12:22,2,37,0.28,0,45,37
5989,4030,2024-09-03 13:44:29,11,23,0.13,0,59,30
5990,3956,2025-02-20 11:46:19,8,20,0.12,0,63,66
5991,4614,2025-10-10 17:20:59,9,29,0.32,0,104,44
5992,4935,2024-07-30 04:25:14,0,27,0.16,0,73,33
5993,897,2025-08-16 12:13:11,1,26,0.27,0,73,20
5994,4769,2024-07-06 05:55:34,1,22,0.25,0,86,48
5995,4479,2025-12-03 21:15:26,0,8,0.49,0,89,29
5996,1003,2025-09-04 01:01:20,3,5,0.06,0,74,40
5997,4955,2025-09-14 06:18:53,8,22,0.25,0,72,7
5998,3981,2025-11-29 14:49:53,5,23,0.12,0,67,26
5999,1396,2024-06-23 08:32:24,5,16,0.19,0,54,20
6000,961,2024-07-15 14:03:13,4,20,0.08,0,71,52
6001,3490,2024-10-08 12:21:35,9,12,0.25,0,16,34
6002,4359,2025-10-31 19:24:46,6,10,0.25,0,62,47
6003,366,2025-04-21 01:26:59,6,5,0.38,0,77,35
6004,3923,2025-10-24 15:31:39,6,43,0.3,0,52,41
6005,650,2024-05-14 18:40:30,2,14,0.53,0,56,25
6006,4461,2025-11-06 07:55:53,0,23,0.54,1,56,50
6007,4484,2025-09-28 05:52:36,1,3,0.53,0,55,41
6008,4,2024-04-27 23:03:10,2,11,0.39,0,57,21
6009,1795,2024-03-14 04:24:18,5,5,0.2,0,23,0
6010,1504,2025-12-03 18:09:25,5,16,0.4,0,75,11
6011,2033,2024-03-16 04:12:46,2,2,0.1,1,32,42
6012,4478,2024-07-30 20:30:25,6,2,0.32,0,46,33
6013,3934,2025-10-04 12:10:09,8,27,0.12,0,43,43
6014,1310,2024-03-15 02:54:52,8,30,0.06,0,36,34
6015,3325,2025-08-08 03:27:01,3,4,0.58,0,85,25
6016,1515,2025-01-12 21:41:58,9,5,0.54,0,64,46
6017,3538,2024-10-17 12:05:19,1,24,0.18,0,74,42
6018,1193,2024-02-15 11:18:18,11,19,0.19,0,49,35
6019,1213,2024-12-09 12:29:03,4,17,0.16,0,45,27
6020,1663,2024-03-04 11:12:53,7,29,0.06,0,50,31
6021,684,2024-08-25 14:06:44,3,23,0.43,0,35,27
6022,3457,2025-06-19 17:44:38,8,37,0.2,0,90,0
6023,4024,2025-10-12 10:04:48,5,21,0.16,0,92,42
6024,4030,2024-06-24 09:27:43,9,18,0.27,0,107,8
6025,707,2025-11-30 21:42:17,3,13,0.26,0,99,32
6026,3333,2025-10-13 08:21:45,8,20,0.18,0,52,15
6027,547,2024-06-15 22:22:51,1,24,0.3,0,35,67
6028,3893,2025-08-05 14:21:59,5,19,0.62,0,59,73
6029,552,2025-01-29 17:06:50,5,24,0.4,1,39,39
6030,874,2024-12-19 21:04:21,2,3,0.43,0,56,36
6031,4917,2025-10-27 09:12:50,5,19,0.51,0,70,40
6032,3406,2025-10-13 19:33:34,6,30,0.41,0,50,61
6033,3954,2025-06-30 17:11:41,9,24,0.19,0,59,31
6034,2003,2025-12-09 15:58:12,7,15,0.37,0,34,0
6035,3062,2024-12-21 06:39:50,5,28,0.09,0,37,0
6036,1262,2025-01-07 08:26:13,4,12,0.32,0,73,14
6037,3931,2025-03-02 18:38:56,0,18,0.32,0,47,40
6038,3809,2024-02-06 22:43:55,9,24,0.54,0,48,25
6039,4245,2025-08-29 10:25:51,3,24,0.29,0,63,17
6040,2076,2024-05-27 23:20:31,7,22,0.16,0,64,30
6041,3878,2025-09-03 04:15:31,6,14,0.15,0,67,32
6042,3320,2024-05-17 04:34:31,7,19,0.25,0,46,9
6043,307,2024-02-02 13:36:13,5,19,0.07,1,61,46
6044,1737,2024-01-25 22:56:36,8,0,0.11,0,49,13
6045,3798,2024-04-16 23:38:27,7,7,0.27,0,81,24
6046,3642,2024-08-27 12:37:48,3,28,0.51,0,10,20
6047,4358,2025-05-19 09:11:29,3,14,0.23,1,52,1
6048,2796,2025-02-16 05:19:13,0,19,0.37,0,69,8
6049,1994,2025-05-29 01:32:59,6,14,0.22,0,58,64
6050,1957,2025-03-07 07:35:42,2,36,0.54,0,82,25
6051,4027,2024-09-02 20:35:02,8,31,0.33,0,79,30
6052,413,2024-12-14 01:11:59,0,12,0.04,1,48,33
6053,4239,2024-07-03 11:48:36,0,31,0.1,1,70,34
6054,3430,2025-12-06 09:49:31,3,19,0.36,0,56,75
6055,2566,2025-06-17 01:50:19,11,8,0.41,0,64,36
6056,2675,2025-02-28 14:55:10,0,12,0.31,1,55,35
6057,2283,2025-11-10 09:57:52,6,21,0.14,0,11,46
6058,3306,2024-08-03 22:36:12,4,20,0.47,0,27,14
6059,729,2025-11-12 05:19:01,0,17,0.03,0,59,39
6060,4610,2024-10-23 11:36:59,6,30,0.41,0,83,22
6061,3794,2024-02-17 13:24:54,1,37,0.13,0,68,14
6062,1220,2024-07-19 01:26:16,1,27,0.47,0,54,24
6063,2826,2024-09-23 23:12:13,9,17,0.31,0,75,31
6064,3927,2024-08-09 05:23:15,8,10,0.31,0,51,12
6065,2387,2024-05-05 00:42:50,4,8,0.22,0,37,22
6066,2938,2024-08-06 17:56:45,3,5,0.33,0,64,14
6067,1632,2024-10-03 06:53:34,2,12,0.22,0,27,17
6068,3109,2024-02-25 14:01:00,2,25,0.16,0,62,39
6069,4226,2025-05-19 08:55:07,10,28,0.09,0,46,52
6070,2213,2024-12-02 22:25:26,4,23,0.05,1,68,14
6071,3507,2025-12-22 10:46:57,6,16,0.44,0,33,48
6072,3323,2024-06-13 16:44:54,0,18,0.31,0,58,29
6073,593,2024-08-06 21:22:52,0,19,0.09,0,79,0
6074,1973,2025-10-21 12:11:01,7,30,0.37,0,92,17
6075,1811,2024-11-07 03:04:27,0,14,0.2,0,55,39
6076,2751,2025-06-05 03:15:58,7,16,0.39,0,60,17
6077,4208,2025-10-29 02:28:05,6,18,0.2,0,54,14
6078,1148,2025-08-16 15:30:19,6,20,0.1,0,46,0
6079,53,2025-02-03 22:37:05,6,17,0.08,0,75,52
6080,1698,2024-12-13 07:15:39,2,14,0.4,0,69,30
6081,2448,2024-06-09 12:44:41,7,21,0.29,0,69,21
6082,2735,2024-01-25 08:35:55,0,21,0.26,0,65,23
6083,1522,2025-09-26 14:08:03,4,0,0.16,0,38,30
6084,1940,2024-06-04 17:41:20,5,12,0.15,0,17,19
6085,1739,2025-12-10 13:55:15,7,2,0.17,0,88,21
6086,2768,2024-08-22 12:50:49,6,7,0.41,0,74,43
6087,1459,2025-09-07 13:39:41,7,27,0.17,1,78,19
6088,469,2024-11-02 10:20:10,4,26,0.09,0,71,30
6089,3641,2024-04-22 08:01:23,5,20,0.48,0,88,36
6090,2519,2024-09-30 10:07:23,2,18,0.38,0,50,7
6091,948,2024-08-11 19:22:25,0,29,0.39,1,61,36
6092,2412,2025-09-18 10:34:05,7,11,0.38,0,59,18
6093,4689,2025-02-14 21:49:22,2,10,0.12,1,74,51
6094,2232,2024-09-12 15:17:04,0,10,0.35,0,47,34
6095,4349,2025-11-25 20:01:07,12,28,0.43,0,83,22
6096,2881,2024-03-18 23:00:38,5,24,0.24,1,77,25
6097,659,2024-04-06 12:57:25,7,9,0.43,0,69,29
6098,3760,2024-09-08 07:41:12,0,35,0.07,0,81,38
6099,286,2024-11-06 09:06:45,6,30,0.39,0,119,14
6100,4967,2024-05-06 09:16:25,4,2,0.22,0,85,43
6101,4383,2025-05-23 09:40:38,4,25,0.29,0,38,17
6102,1855,2025-10-20 03:07:10,0,12,0.23,0,63,30
6103,2601,2024-07-17 19:14:18,5,17,0.18,0,64,18
6104,4756,2025-03-18 00:32:13,5,9,0.46,0,15,30
6105,1799,2025-12-16 23:30:43,13,8,0.4,0,33,15
6106,4824,2024-02-21 01:38:22,5,24,0.4,0,48,20
6107,4120,2025-07-07 19:38:12,0,9,0.32,0,57,10
6108,132,2024-02-12 01:19:34,0,16,0.38,0,51,24
6109,3927,2025-03-25 13:05:56,4,24,0.36,0,38,39
6110,4158,2025-09-17 06:09:32,4,20,0.31,0,68,28
6111,3259,2024-07-05 15:22:28,8,9,0.38,1,44,35
6112,1737,2025-10-02 08:36:19,7,17,0.29,1,39,24
6113,3715,2024-08-02 08:05:18,5,35,0.44,0,85,21
6114,2174,2025-02-17 06:51:57,4,22,0.14,0,42,22
6115,3115,2025-05-06 22:39:28,3,19,0.33,0,47,23
6116,1229,2024-09-24 03:04:25,4,19,0.32,0,48,55
6117,251,2025-11-07 07:34:46,9,31,0.32,0,58,42
6118,4843,2025-11-16 21:26:08,0,26,0.04,0,68,27
6119,2932,2025-06-25 05:10:29,5,21,0.21,0,58,31
6120,2271,2024-08-07 04:18:31,4,24,0.17,0,58,27
6121,2782,2024-04-30 04:01:09,4,22,0.25,0,32,24
6122,4240,2025-02-09 05:18:37,2,22,0.47,0,60,44
6123,3756,2024-04-13 11:15:18,4,17,0.71,1,79,40
6124,1191,2024-03-14 12:17:01,3,0,0.47,0,59,54
6125,4477,2024-10-25 05:58:04,4,6,0.03,0,41,42
6126,1782,2025-10-11 23:04:16,5,10,0.41,0,58,50
6127,871,2024-01-27 20:24:16,1,13,0.07,0,80,27
6128,2633,2025-12-08 02:06:48,3,31,0.14,0,66,56
6129,4780,2024-05-11 16:16:49,8,8,0.41,0,75,14
6130,4184,2025-03-07 23:56:28,5,23,0.23,0,90,21
6131,1071,2024-04-17 02:21:40,4,14,0.5,1,79,4
6132,3468,2025-09-20 10:08:39,1,0,0.09,0,61,37
6133,4184,2025-09-16 04:41:22,7,23,0.42,0,72,54
6134,3464,2024-11-13 20:50:22,4,24,0.34,0,40,45
6135,4402,2024-05-15 12:48:57,5,15,0.17,0,73,44
6136,900,2025-05-02 13:10:31,5,21,0.09,0,61,20
6137,1313,2025-01-03 05:49:28,6,6,0.34,0,67,19
6138,1573,2024-08-17 22:07:55,0,17,0.2,0,45,16
6139,721,2025-10-14 11:30:51,8,0,0.51,0,68,10
6140,2007,2024-11-10 18:57:46,0,5,0.38,0,75,31
6141,934,2025-02-27 23:55:31,6,16,0.22,0,63,40
6142,3496,2024-05-24 22:37:54,3,8,0.27,0,44,15
6143,3022,2024-04-24 04:57:23,2,13,0.25,0,83,31
6144,3895,2025-03-08 09:31:01,2,1,0.22,0,84,12
6145,2156,2025-12-04 03:44:39,2,13,0.04,0,42,65
6146,2535,2024-04-25 14:17:58,4,37,0.23,0,87,16
6147,4596,2024-02-24 17:55:56,2,9,0.06,0,62,43
6148,2899,2025-12-07 21:37:24,3,34,0.03,0,86,36
6149,2915,2025-04-24 03:10:43,0,20,0.38,0,81,30
6150,185,2024-02-06 00:53:55,4,12,0.51,0,75,33
6151,828,2025-12-20 05:24:10,7,29,0.66,0,61,47
6152,4120,2024-04-06 11:58:32,4,11,0.36,1,58,41
6153,3272,2025-02-24 22:23:50,6,22,0.13,1,71,32
6154,4767,2024-08-04 21:44:06,2,24,0.57,0,24,3
6155,4171,2024-09-26 16:34:08,8,28,0.56,0,73,0
6156,3434,2024-04-25 22:05:18,7,8,0.02,0,58,26
6157,528,2025-04-07 09:15:41,1,23,0.32,0,48,67
6158,1578,2025-12-11 17:42:01,2,7,0.6,0,70,51
6159,989,2025-10-10 05:29:35,7,29,0.33,0,62,29
6160,2255,2024-11-25 23:20:21,1,7,0.58,0,83,9
6161,2705,2024-11-20 13:17:37,9,9,0.46,0,57,53
6162,4277,2025-05-08 17:31:16,7,2,0.36,0,26,33
6163,4134,2025-07-22 06:31:04,7,34,0.13,0,57,9
6164,1483,2025-12-16 20:58:30,5,37,0.59,0,35,1
6165,1092,2024-07-09 14:36:24,5,14,0.21,0,87,32
6166,2442,2025-10-28 00:08:51,1,1,0.22,0,42,53
6167,4931,2024-03-21 06:07:05,4,22,0.29,0,79,47
6168,993,2024-03-02 04:34:11,3,16,0.21,1,68,5
6169,1223,2025-05-23 01:40:38,1,25,0.27,0,46,17
6170,1049,2024-12-24 12:51:48,3,17,0.14,0,61,33
6171,119,2025-10-08 09:35:24,0,25,0.57,0,73,9
6172,29,2024-02-04 03:49:26,4,15,0.27,0,30,52
6173,1232,2024-03-11 01:24:56,4,22,0.05,0,64,30
6174,1702,2024-08-05 01:01:15,0,24,0.35,0,79,44
6175,4806,2024-01-29 02:51:27,0,8,0.46,0,77,33
6176,3917,2025-04-07 01:14:52,2,23,0.27,0,17,25
6177,636,2024-06-23 00:00:24,2,8,0.18,0,29,17
6178,3438,2024-04-21 06:02:39,0,30,0.29,0,53,57
6179,4257,2025-03-16 07:04:30,7,8,0.44,0,63,40
6180,3503,2025-07-21 01:53:21,2,14,0.58,1,60,1
6181,3685,2025-02-16 02:58:42,3,24,0.27,0,21,38
6182,221,2025-07-12 18:24:00,5,25,0.33,0,21,5
6183,4480,2024-04-25 05:05:06,5,16,0.55,0,38,28
6184,2077,2024-07-02 21:02:34,1,0,0.02,0,43,39
6185,3979,2025-07-30 11:40:29,0,24,0.08,0,87,28
6186,2496,2024-07-23 22:01:38,5,20,0.24,0,53,42
6187,1453,2025-11-09 08:11:50,4,1,0.46,0,24,26
6188,204,2025-08-25 12:14:14,2,22,0.17,0,47,29
6189,1220,2024-10-20 20:17:48,1,34,0.59,0,52,16
6190,3288,2025-04-19 22:21:47,5,19,0.65,0,49,29
6191,828,2025-04-01 03:09:28,7,15,0.15,0,85,17
6192,1641,2024-12-30 17:51:25,1,29,0.38,0,75,42
6193,2289,2024-12-10 09:33:07,0,30,0.08,1,84,28
6194,2589,2024-07-02 11:25:51,0,26,0.14,0,60,23
6195,2356,2024-06-10 18:32:41,6,33,0.16,0,50,60
6196,327,2024-02-19 02:21:18,3,35,0.14,0,70,38
6197,50,2024-08-12 12:16:38,4,30,0.57,0,76,42
6198,3244,2025-09-24 10:48:04,9,19,0.28,0,83,33
6199,3305,2024-10-06 09:13:40,6,26,0.51,0,104,57
6200,2753,2025-12-13 20:27:53,1,0,0.22,0,94,13
6201,2747,2025-12-12 14:19:08,6,17,0.34,0,47,29
6202,4180,2024-04-11 18:56:52,9,30,0.41,0,61,31
6203,193,2025-09-12 16:56:26,7,21,0.49,0,41,30
6204,1304,2025-11-07 23:24:01,0,0,0.38,0,69,17
6205,4226,2024-04-27 12:48:32,15,43,0.37,0,74,12
6206,1425,2024-11-22 19:47:45,5,15,0.17,0,28,40
6207,4764,2025-05-16 07:25:34,2,0,0.68,0,80,50
6208,4477,2025-06-19 23:09:15,7,41,0.22,1,61,16
6209,4611,2025-03-31 05:00:51,7,23,0.21,0,60,7
6210,676,2025-05-28 11:25:40,15,19,0.09,0,53,39
6211,4768,2024-10-11 07:09:30,9,14,0.46,0,43,45
6212,858,2025-01-16 15:45:19,4,15,0.38,0,52,35
6213,4910,2024-08-12 20:44:21,4,7,0.24,0,65,38
6214,285,2024-03-02 05:51:50,0,38,0.31,0,51,45
6215,1298,2025-10-15 12:11:44,7,32,0.27,0,82,14
6216,635,2024-12-06 07:51:14,8,18,0.23,0,80,12
6217,420,2025-02-10 21:07:24,4,22,0.62,0,13,41
6218,2848,2024-02-28 00:14:29,7,7,0.24,0,67,23
6219,4171,2025-10-20 15:04:42,2,37,0.33,0,76,18
6220,2069,2025-01-31 01:57:58,3,16,0.19,1,57,54
6221,4024,2024-09-27 10:16:34,6,27,0.22,1,71,36
6222,2476,2025-02-07 07:47:00,6,19,0.26,0,59,45
6223,4687,2025-07-30 19:36:04,8,30,0.23,0,77,33
6224,1141,2024-12-08 13:13:58,6,5,0.22,0,69,39
6225,3957,2025-03-18 02:13:45,0,11,0.31,0,40,15
6226,216,2024-10-27 21:57:01,4,10,0.35,0,66,19
6227,2255,2025-02-23 18:30:31,2,21,0.22,0,48,48
6228,1080,2024-07-28 11:41:35,9,20,0.14,0,74,13
6229,3817,2025-08-08 09:56:21,6,0,0.25,0,52,41
6230,1825,2025-03-25 12:45:50,3,20,0.38,0,101,31
6231,2252,2024-06-07 07:17:11,2,20,0.04,1,27,18
6232,3791,2025-04-16 02:13:57,4,0,0.35,0,28,20
6233,1268,2025-03-28 10:01:40,3,14,0.19,0,52,20
6234,590,2025-08-08 18:01:02,11,37,0.13,0,10,22
6235,3441,2024-04-11 05:06:50,11,26,0.33,0,45,23
6236,171,2025-09-23 15:56:03,3,25,0.2,0,64,40
6237,3518,2024-01-25 13:16:06,1,24,0.18,0,65,25
6238,4646,2025-06-29 11:31:01,6,12,0.45,0,69,52
6239,3512,2025-08-16 22:15:00,8,31,0.06,0,86,36
6240,1263,2025-12-18 13:53:31,2,20,0.24,0,69,33
6241,3660,2024-02-07 09:53:53,4,1,0.3,0,48,43
6242,3500,2025-07-29 21:44:20,0,13,0.44,0,55,28
6243,824,2024-07-19 11:43:53,4,19,0.41,0,67,36
6244,2252,2025-12-21 17:33:39,0,32,0.19,0,45,44
6245,4307,2025-07-14 18:53:52,6,25,0.67,0,61,30
6246,1962,2025-08-26 17:32:12,7,28,0.41,0,62,40
6247,679,2025-06-05 21:34:01,8,22,0.58,0,61,23
6248,2453,2024-04-03 09:15:20,0,11,0.27,1,67,15
6249,3758,2025-06-17 19:57:18,4,19,0.1,0,76,32
6250,420,2024-03-25 19:06:25,2,17,0.26,1,38,44
6251,2229,2025-09-02 15:20:48,9,19,0.38,0,23,13
6252,4789,2024-03-16 00:36:01,10,10,0.27,0,84,35
6253,2640,2025-09-24 03:30:30,4,32,0.32,0,63,31
6254,2106,2024-03-25 20:47:20,0,13,0.01,0,58,19
6255,3886,2024-05-13 07:41:11,3,24,0.61,0,72,17
6256,2184,2025-04-05 13:11:55,10,7,0.14,0,48,21
6257,175,2025-10-13 01:59:49,11,8,0.09,0,88,4
6258,154,2025-07-29 08:05:05,1,21,0.16,0,45,54
6259,2491,2025-09-02 13:12:38,3,28,0.28,0,63,26
6260,4623,2024-06-13 05:12:21,4,43,0.32,0,76,51
6261,4707,2024-04-12 10:08:03,0,9,0.23,0,51,29
6262,3528,2025-12-09 16:48:25,3,32,0.13,0,60,31
6263,3893,2024-04-29 07:48:21,4,9,0.28,0,95,22
6264,116,2024-02-11 12:51:03,2,23,0.7,0,27,36
6265,3923,2025-05-04 17:44:57,8,4,0.13,0,40,3
6266,3001,2024-09-30 19:40:03,7,32,0.23,0,70,42
6267,1251,2025-11-26 12:36:26,4,21,0.36,0,52,48
6268,3020,2024-02-26 04:11:28,9,10,0.17,0,53,45
6269,1549,2025-11-23 23:00:07,4,29,0.11,0,66,45
6270,2511,2025-08-12 23:56:43,6,27,0.23,0,64,39
6271,2035,2024-04-09 12:45:10,4,20,0.3,0,46,40
6272,1974,2024-10-29 12:51:06,6,26,0.42,0,58,20
6273,3439,2025-03-16 03:01:11,10,33,0.15,0,55,14
6274,1488,2025-04-24 10:45:16,10,0,0.52,1,78,41
6275,2150,2024-04-17 07:35:02,0,31,0.29,0,48,17
6276,3397,2025-07-20 10:29:52,7,30,0.34,0,69,37
6277,3661,2024-10-29 14:51:51,6,11,0.65,0,93,30
6278,3556,2024-05-08 02:04:16,0,21,0.49,0,92,32
6279,3979,2025-07-17 21:03:06,2,18,0.22,0,61,15
6280,100,2025-08-03 18:23:14,6,9,0.53,0,71,10
6281,2460,2025-03-08 22:12:33,5,9,0.26,0,46,33
6282,3995,2025-12-13 16:13:10,7,3,0.41,0,81,43
6283,2981,2024-05-28 12:04:03,2,21,0.03,0,38,24
6284,2959,2025-03-25 15:26:11,0,24,0.29,0,35,0
6285,2038,2024-10-14 17:44:24,7,39,0.29,0,81,38
6286,3744,2024-03-29 16:04:12,4,25,0.25,0,79,35
6287,818,2025-08-08 03:05:40,7,13,0.25,0,37,27
6288,1907,2025-12-10 02:05:11,1,25,0.36,0,56,49
6289,814,2024-07-04 03:29:52,2,28,0.43,0,66,21
6290,2505,2024-08-02 08:53:42,3,8,0.39,0,42,29
6291,337,2024-12-11 00:07:11,0,8,0.46,0,35,53
6292,1219,2024-07-29 19:23:56,2,33,0.22,0,67,18
6293,3928,2025-03-11 01:24:56,9,25,0.3,0,36,20
6294,3790,2025-05-23 20:44:41,2,1,0.24,0,52,29
6295,2377,2025-09-18 04:24:25,4,11,0.24,0,56,34
6296,1635,2025-10-30 18:18:39,6,19,0.23,0,36,28
6297,830,2024-07-02 04:02:24,5,5,0.3,0,55,31
6298,1682,2024-10-04 11:00:49,4,27,0.37,0,56,19
6299,4908,2024-03-30 16:51:21,8,28,0.13,0,69,59
6300,3279,2024-09-17 12:07:53,8,37,0.04,0,73,38
6301,4716,2025-04-16 02:22:40,3,14,0.4,0,47,23
6302,3045,2025-04-20 06:44:44,1,33,0.14,1,31,16
6303,160,2024-03-10 23:38:45,2,29,0.01,0,60,23
6304,2166,2024-04-22 12:49:15,0,23,0.1,0,53,5
6305,603,2025-07-23 08:49:43,5,22,0.44,0,22,53
6306,3680,2025-11-10 17:43:57,8,41,0.15,0,91,18
6307,1244,2025-08-09 05:47:01,5,40,0.54,0,59,25
6308,4284,2025-03-02 22:31:39,3,36,0.23,0,61,16
6309,2940,2025-07-30 02:10:12,5,33,0.02,0,80,16
6310,1724,2024-06-05 20:46:05,4,8,0.28,0,23,3
6311,3884,2024-11-16 08:00:52,9,38,0.1,0,42,29
6312,1367,2025-09-27 20:11:46,3,14,0.29,0,71,7
6313,3699,2025-12-01 00:08:48,4,18,0.53,0,41,34
6314,1897,2024-10-24 01:57:26,4,9,0.45,0,48,19
6315,2008,2025-05-21 11:20:54,7,32,0.26,0,61,36
6316,1748,2025-07-19 06:24:57,5,7,0.19,0,43,38
6317,3794,2024-05-04 08:23:04,6,10,0.23,0,33,7
6318,3800,2024-12-21 02:46:31,4,41,0.45,0,35,19
6319,2170,2024-09-16 21:59:29,5,33,0.17,0,48,8
6320,2324,2024-04-12 04:36:12,10,24,0.34,0,60,21
6321,3976,2024-10-15 13:34:01,3,19,0.3,0,83,45
6322,551,2025-07-19 10:41:46,5,32,0.3,0,78,23
6323,4616,2024-01-26 09:44:03,4,10,0.25,1,64,11
6324,612,2024-11-24 04:08:05,6,0,0.47,0,81,45
6325,4416,2025-08-17 03:48:56,6,30,0.12,0,69,19
6326,741,2024-07-18 14:40:24,0,20,0.4,0,95,0
6327,1468,2024-08-20 06:09:21,3,33,0.33,0,54,21
6328,1485,2024-07-24 06:41:23,7,27,0.14,1,102,18
6329,4999,2025-05-01 14:55:59,5,33,0.04,0,59,36
6330,3078,2024-08-11 09:52:55,10,22,0.43,0,83,3
6331,317,2025-02-22 02:19:47,5,23,0.12,1,70,9
6332,1829,2024-10-18 12:11:01,2,22,0.45,0,49,31
6333,4418,2025-10-04 17:18:59,0,21,0.3,0,48,58
6334,2060,2025-01-09 03:38:07,0,25,0.47,0,98,25
6335,1899,2025-05-27 22:56:35,8,10,0.33,0,99,23
6336,3018,2024-09-28 15:07:42,11,16,0.16,0,66,41
6337,4332,2025-03-29 16:15:58,3,12,0.36,0,64,42
6338,3405,2024-05-26 06:19:50,8,7,0.31,1,10,21
6339,4584,2025-11-20 06:35:06,13,0,0.79,0,56,57
6340,2655,2025-05-08 07:42:16,4,28,0.39,0,88,48
6341,1715,2025-05-28 23:32:10,6,12,0.31,0,60,30
6342,4438,2025-03-29 23:31:25,4,15,0.25,0,55,41
6343,4806,2024-05-11 15:31:36,4,36,0.16,0,90,29
6344,1578,2025-04-19 08:43:07,3,19,0.1,0,58,54
6345,2845,2025-05-27 18:33:38,5,35,0.14,0,10,29
6346,1878,2025-09-16 03:46:40,9,21,0.28,0,42,27
6347,3843,2024-03-02 00:50:35,5,22,0.48,0,44,22
6348,2708,2024-02-10 10:09:17,3,12,0.42,0,57,34
6349,614,2025-11-24 16:20:34,10,26,0.22,0,60,26
6350,1082,2025-01-12 03:23:00,5,12,0.64,0,34,78
6351,712,2025-07-16 15:40:42,4,11,0.31,0,51,13
6352,2898,2025-10-05 23:24:15,4,32,0.42,0,42,35
6353,4735,2024-05-29 16:12:57,0,34,0.16,0,70,58
6354,1069,2025-05-03 18:07:19,2,19,0.22,0,40,35
6355,1529,2024-11-06 21:09:12,2,15,0.1,1,40,44
6356,926,2025-05-06 01:44:18,6,27,0.29,0,78,57
6357,860,2025-07-11 05:06:24,2,21,0.41,0,35,31
6358,195,2025-06-09 13:07:37,3,22,0.51,0,93,45
6359,3992,2025-10-14 15:35:58,8,26,0.28,0,98,28
6360,1321,2025-11-29 11:59:32,6,13,0.47,0,23,17
6361,4572,2025-04-14 04:14:16,8,13,0.19,0,32,21
6362,4683,2025-09-20 10:23:47,2,18,0.05,1,73,33
6363,2299,2025-03-05 10:03:46,8,19,0.32,0,68,17
6364,755,2024-07-23 23:33:13,6,15,0.14,0,60,7
6365,765,2024-07-16 22:24:38,4,18,0.12,0,71,40
6366,2092,2025-07-24 03:28:47,6,9,0.22,0,47,7
6367,1062,2024-12-21 22:19:52,6,15,0.51,0,32,25
6368,2220,2024-05-20 08:12:01,0,11,0.27,0,36,25
6369,351,2025-04-02 12:58:08,10,2,0.06,0,69,45
6370,1456,2024-10-08 13:47:36,0,29,0.49,0,102,37
6371,4354,2024-11-17 14:33:15,7,23,0.43,0,40,14
6372,3953,2024-12-05 04:59:23,11,25,0.56,0,73,41
6373,557,2024-03-09 00:33:37,1,25,0.11,0,62,22
6374,1888,2025-05-17 05:39:02,8,25,0.29,0,53,13
6375,3680,2025-11-24 19:46:55,8,11,0.25,0,44,54
6376,2302,2024-05-21 23:41:52,4,31,0.4,0,46,23
6377,2913,2025-07-23 21:52:44,3,24,0.19,0,65,18
6378,3763,2025-12-02 11:04:01,9,44,0.19,1,42,46
6379,3076,2024-07-23 19:46:51,4,24,0.26,0,54,27
6380,4705,2025-06-13 06:00:04,3,0,0.42,0,56,25
6381,2978,2024-08-11 08:10:19,3,19,0.11,0,66,21
6382,2244,2024-09-13 23:53:47,3,4,0.18,0,57,39
6383,3541,2025-07-12 23:49:02,8,21,0.19,0,58,12
6384,2895,2025-10-13 16:01:11,12,7,0.45,0,81,21
6385,2252,2024-07-25 06:51:06,8,23,0.26,0,43,46
6386,1756,2024-12-13 13:34:19,9,19,0.25,0,94,38
6387,4964,2025-06-21 15:17:39,5,20,0.56,0,70,33
6388,903,2025-01-22 05:48:29,6,34,0.02,0,43,37
6389,3740,2025-04-28 03:59:34,6,18,0.1,0,99,46
6390,490,2024-06-01 10:11:29,5,28,0.31,0,67,52
6391,495,2024-09-12 15:20:09,5,10,0.19,0,96,42
6392,3821,2025-12-13 20:01:13,2,11,0.06,0,50,27
6393,3431,2025-06-08 03:50:35,1,17,0.12,0,51,40
6394,4223,2024-09-04 00:13:23,5,8,0.37,0,73,38
6395,1934,2024-05-31 17:38:42,6,8,0.55,0,70,43
6396,4165,2024-10-23 21:02:24,10,33,0.47,0,91,0
6397,360,2024-04-05 08:26:24,5,8,0.31,0,64,11
6398,4069,2025-03-16 10:58:35,0,24,0.15,0,35,8
6399,4557,2025-01-25 07:43:13,4,27,0.11,0,24,41
6400,1452,2024-06-10 06:59:08,8,24,0.22,0,92,39
6401,528,2024-09-20 00:08:58,3,7,0.39,0,89,53
6402,4641,2025-08-24 01:28:00,1,46,0.05,0,79,25
6403,646,2025-11-30 01:22:53,6,25,0.25,0,37,40
6404,2745,2025-08-09 00:09:33,6,28,0.23,1,79,2
6405,4189,2025-01-05 02:32:14,11,0,0.13,0,45,54
6406,3196,2024-03-19 07:42:18,0,0,0.13,0,40,9
6407,2768,2025-12-03 04:57:31,7,15,0.47,0,91,27
6408,3581,2024-03-07 12:01:02,2,7,0.65,0,69,20
6409,2382,2025-01-25 05:11:17,0,13,0.62,0,64,17
6410,157,2025-03-27 10:18:46,9,7,0.39,0,58,8
6411,141,2025-03-29 05:12:32,8,18,0.06,0,53,38
6412,1328,2025-03-09 20:47:42,6,32,0.72,0,36,47
6413,4486,2025-02-12 11:17:51,4,12,0.19,0,61,59
6414,1346,2025-10-20 05:51:28,5,32,0.37,0,81,40
6415,1289,2025-07-23 14:20:13,1,27,0.2,0,88,41
6416,2926,2025-02-10 00:59:38,4,14,0.48,0,45,45
6417,3804,2025-06-30 23:10:50,3,16,0.56,0,44,31
6418,2878,2025-12-05 08:34:18,1,22,0.3,0,95,35
6419,3390,2025-02-09 16:29:39,3,14,0.15,0,32,38
6420,3869,2025-10-03 06:31:09,6,18,0.3,0,52,31
6421,3581,2024-09-07 07:56:54,9,13,0.17,0,16,18
6422,3175,2025-01-31 04:53:56,5,10,0.54,0,93,28
6423,3543,2025-01-20 02:24:19,1,24,0.04,0,76,25
6424,3402,2024-03-05 10:22:51,5,26,0.61,0,67,46
6425,3767,2024-07-06 21:33:49,2,36,0.36,0,28,35
6426,24,2025-07-02 19:36:19,7,20,0.17,0,46,30
6427,3996,2025-10-26 02:41:51,12,9,0.28,0,48,22
6428,1639,2025-09-28 08:39:15,2,25,0.11,0,47,17
6429,3374,2024-08-23 22:12:27,4,20,0.49,0,57,20
6430,468,2024-01-24 03:03:07,4,0,0.41,0,56,43
6431,3092,2025-04-13 05:19:01,4,7,0.04,1,61,53
6432,4792,2024-05-05 14:58:48,8,23,0.2,1,82,19
6433,73,2025-09-17 03:19:14,6,13,0.22,0,58,29
6434,739,2025-03-19 14:50:10,3,27,0.35,0,53,47
6435,4017,2025-08-01 18:23:25,3,12,0.13,0,75,53
6436,436,2024-02-23 21:29:10,4,27,0.49,0,33,31
6437,1342,2025-01-05 08:57:16,7,9,0.1,1,48,18
6438,4261,2025-05-27 13:26:36,6,22,0.24,0,92,13
6439,4426,2025-02-22 20:14:54,5,21,0.1,0,85,28
6440,391,2024-08-01 11:05:13,7,0,0.34,0,58,63
6441,3292,2025-09-22 12:48:50,6,6,0.48,0,60,5
6442,4561,2025-04-28 18:38:40,0,9,0.49,0,57,17
6443,2365,2024-03-11 20:38:52,6,1,0.07,0,48,36
6444,4203,2024-03-23 05:47:29,0,41,0.4,0,71,30
6445,256,2024-09-11 07:45:15,7,20,0.04,0,21,25
6446,520,2025-07-13 21:11:55,2,24,0.15,0,58,34
6447,3722,2024-07-24 20:39:57,3,0,0.42,0,45,47
6448,1423,2024-03-08 03:38:51,1,30,0.27,0,61,31
6449,3101,2025-07-01 23:58:26,6,15,0.39,0,46,33
6450,2472,2025-02-13 07:55:33,2,17,0.18,0,89,50
6451,519,2025-07-30 11:20:18,6,17,0.41,0,23,34
6452,561,2025-02-07 16:47:43,3,40,0.37,0,81,12
6453,4605,2025-07-06 00:50:05,3,21,0.28,0,49,24
6454,301,2024-07-15 00:54:07,1,29,0.26,0,30,21
6455,1547,2025-01-19 00:56:59,5,15,0.42,0,35,34
6456,3565,2024-11-14 00:07:57,5,17,0.28,0,12,26
6457,305,2025-01-22 06:47:32,6,14,0.15,0,80,24
6458,3221,2024-09-08 20:01:46,4,35,0.53,0,55,34
6459,3684,2024-01-26 10:30:47,4,12,0.34,0,60,31
6460,1695,2025-12-07 05:12:07,6,22,0.48,0,30,35
6461,477,2025-04-06 00:47:38,8,10,0.53,0,33,24
6462,1589,2025-12-09 05:37:39,2,10,0.3,0,41,46
6463,447,2024-03-29 04:47:23,4,6,0.32,0,51,17
6464,1512,2025-02-23 20:43:55,5,22,0.47,1,52,38
6465,1932,2025-04-20 19:49:46,5,20,0.2,0,35,31
6466,1060,2024-07-26 22:58:19,2,20,0.03,0,78,15
6467,2969,2024-05-07 22:18:27,3,21,0.33,0,67,50
6468,3621,2024-08-29 02:22:14,4,25,0.45,0,45,12
6469,1832,2024-11-17 03:57:05,5,16,0.56,1,47,14
6470,393,2025-05-06 22:06:32,5,19,0.48,0,44,18
6471,1198,2024-09-13 02:05:50,9,14,0.3,0,81,0
6472,383,2024-12-28 00:14:41,0,23,0.11,0,92,30
6473,717,2024-11-29 08:00:56,1,33,0.4,0,38,57
6474,2419,2024-11-24 19:49:36,5,20,0.42,0,86,44
6475,50,2024-11-10 15:17:41,4,15,0.14,0,10,18
6476,1838,2025-07-23 17:40:22,7,40,0.1,1,62,13
6477,1791,2024-10-15 12:30:21,7,33,0.14,0,54,44
6478,3092,2025-02-20 19:46:09,0,9,0.61,0,51,24
6479,2934,2025-09-20 22:56:21,7,25,0.41,0,50,53
6480,1377,2025-09-20 11:25:46,5,10,0.09,0,71,37
6481,2369,2025-05-24 12:01:02,2,0,0.03,0,41,3
6482,3731,2024-09-18 19:30:00,5,14,0.26,0,58,38
6483,1085,2024-06-30 01:11:12,8,0,0.37,0,73,22
6484,3229,2025-02-07 22:26:26,2,28,0.26,0,71,0
6485,2405,2025-06-14 09:13:24,1,35,0.3,0,41,57
6486,4777,2025-07-22 15:31:13,3,25,0.32,0,53,14
6487,103,2025-09-16 13:57:03,4,12,0.26,0,58,18
6488,4126,2025-02-22 13:52:37,1,22,0.13,0,105,11
6489,3730,2024-06-17 23:10:17,1,24,0.08,0,61,0
6490,125,2024-05-24 23:21:42,5,9,0.33,0,24,49
6491,4858,2024-09-08 21:53:59,6,23,0.28,0,75,19
6492,70,2025-09-01 11:13:02,0,16,0.29,0,67,86
6493,4434,2024-12-06 05:33:06,0,29,0.39,0,59,32
6494,576,2024-05-28 09:50:44,8,5,0.65,1,29,24
6495,1021,2024-02-15 04:36:44,9,24,0.33,0,70,18
6496,678,2024-05-16 16:48:35,6,22,0.46,0,101,41
6497,1398,2024-11-22 09:47:10,3,10,0.2,0,56,32
6498,2529,2025-04-26 10:37:18,7,7,0.56,0,37,34
6499,2410,2025-12-09 20:05:26,1,21,0.1,0,73,58
6500,1036,2024-09-21 14:04:33,8,20,0.08,0,64,38
6501,1228,2024-05-10 08:59:54,4,44,0.06,0,10,37
6502,3377,2024-06-08 13:06:16,3,19,0.43,0,44,10
6503,4193,2025-02-19 01:59:11,1,38,0.37,0,79,30
6504,4484,2025-07-02 14:08:24,6,22,0.31,0,79,12
6505,1812,2025-07-31 00:37:38,4,18,0.24,0,30,6
6506,1855,2025-02-07 23:54:35,5,22,0.71,0,94,17
6507,1239,2025-03-15 13:30:55,2,23,0.49,0,35,35
6508,585,2024-12-28 06:45:43,7,15,0.22,0,41,25
6509,1345,2025-08-29 14:03:25,1,24,0.21,1,71,20
6510,839,2024-06-29 01:28:51,9,18,0.14,0,56,26
6511,4975,2024-09-02 22:02:53,6,29,0.58,0,81,27
6512,4543,2024-07-11 01:21:55,1,37,0.04,0,52,18
6513,3443,2024-05-09 05:43:14,3,9,0.24,0,78,36
6514,3641,2025-10-06 03:51:24,1,0,0.24,0,72,7
6515,4049,2024-02-22 05:51:24,6,21,0.28,0,88,20
6516,2289,2024-04-06 11:16:15,9,8,0.2,0,89,3
6517,1052,2025-09-07 08:04:31,7,22,0.42,0,77,37
6518,3205,2025-02-02 13:02:58,3,6,0.28,1,64,26
6519,621,2025-07-06 01:48:03,0,20,0.07,0,53,43
6520,2961,2025-04-13 03:12:16,7,7,0.29,0,74,37
6521,2899,2024-10-13 16:46:43,8,17,0.35,0,62,11
6522,1551,2024-11-21 02:02:11,5,25,0.16,0,54,40
6523,1099,2025-07-20 08:34:05,6,7,0.42,0,76,22
6524,561,2024-03-22 05:49:35,2,10,0.25,0,17,10
6525,1224,2024-01-30 16:35:24,7,25,0.39,1,46,39
6526,1394,2025-07-18 07:11:23,7,25,0.35,0,85,22
6527,4561,2025-12-21 20:59:35,5,31,0.45,0,102,18
6528,3019,2025-10-10 21:32:03,8,20,0.62,0,61,29
6529,1492,2024-12-01 06:51:00,5,41,0.06,0,73,5
6530,2659,2025-10-01 13:22:10,7,22,0.37,0,62,41
6531,1064,2024-11-03 15:20:12,3,21,0.32,0,56,30
6532,2806,2024-03-18 06:49:00,0,0,0.25,0,85,48
6533,3186,2024-03-25 07:00:29,0,21,0.31,0,49,18
6534,682,2024-10-20 02:03:49,10,17,0.36,0,93,23
6535,4216,2024-08-21 17:17:42,5,4,0.25,0,61,2
6536,1383,2024-06-28 20:55:47,2,31,0.52,0,85,12
6537,1551,2024-05-02 13:35:44,4,1,0.5,0,69,65
6538,1999,2025-11-07 04:41:42,7,14,0.19,0,53,30
6539,501,2025-03-31 10:16:53,9,24,0.44,0,77,38
6540,389,2025-02-22 08:28:35,0,43,0.11,0,54,15
6541,4014,2025-03-17 01:51:09,0,33,0.29,0,84,0
6542,4827,2025-08-04 13:11:43,0,23,0.41,0,34,37
6543,2086,2024-11-11 18:12:12,6,25,0.24,0,46,38
6544,624,2025-05-04 12:32:41,3,13,0.5,0,59,8
6545,3380,2025-03-30 01:21:55,9,15,0.21,0,73,11
6546,690,2025-08-18 00:29:55,2,12,0.12,0,71,17
6547,4095,2025-09-19 14:38:13,8,11,0.16,0,62,33
6548,3220,2024-10-11 20:51:20,2,20,0.1,0,71,40
6549,4903,2024-04-15 21:47:57,2,13,0.1,0,51,46
6550,2821,2025-09-04 06:06:19,10,27,0.09,1,91,63
6551,974,2024-09-09 16:13:42,9,12,0.19,0,18,35
6552,2636,2025-07-06 23:59:27,6,16,0.21,0,48,51
6553,4183,2024-07-20 20:45:59,8,19,0.08,0,62,31
6554,2436,2025-05-12 07:40:49,4,39,0.47,0,85,6
6555,3559,2024-04-17 02:00:30,7,17,0.05,0,50,31
6556,4039,2024-06-02 15:32:22,6,5,0.39,0,49,21
6557,872,2025-09-25 19:06:09,5,9,0.31,0,68,11
6558,190,2025-06-21 04:48:45,4,23,0.17,0,56,48
6559,4409,2024-04-27 11:52:38,0,41,0.36,0,80,11
6560,3359,2025-11-12 03:53:50,7,16,0.53,0,33,45
6561,589,2025-10-06 01:16:45,2,7,0.6,1,68,42
6562,3038,2024-05-04 22:32:28,1,17,0.65,0,59,19
6563,4860,2025-11-15 09:00:01,7,30,0.52,0,86,52
6564,1967,2025-09-22 06:47:26,4,1,0.56,0,64,25
6565,432,2024-09-11 22:48:56,4,18,0.29,0,106,15
6566,664,2024-02-06 08:20:29,3,4,0.08,0,31,45
6567,3682,2025-02-11 02:22:47,3,29,0.31,0,53,40
6568,744,2024-09-10 05:08:13,2,10,0.28,0,60,41
6569,4764,2024-03-14 13:01:00,9,17,0.25,0,49,47
6570,2488,2024-05-19 21:20:44,3,15,0.27,0,78,24
6571,2186,2025-07-15 19:42:43,13,11,0.17,0,106,30
6572,3031,2024-05-13 19:52:54,4,5,0.42,0,101,27
6573,514,2024-02-23 10:14:49,4,9,0.07,1,64,15
6574,3592,2024-07-16 15:38:04,5,18,0.28,0,81,52
6575,3832,2024-06-14 22:43:55,0,25,0.2,0,31,41
6576,1504,2025-03-05 05:56:16,5,17,0.43,0,67,4
6577,1232,2024-08-09 20:05:06,1,21,0.26,0,34,23
6578,4577,2025-12-04 19:30:12,1,22,0.15,0,87,25
6579,1957,2025-08-25 16:18:41,11,31,0.34,0,65,9
6580,2823,2024-11-15 04:02:52,8,2,0.46,1,56,22
6581,4333,2024-06-23 06:16:05,3,14,0.44,0,41,59
6582,3770,2025-07-02 02:20:27,0,8,0.56,0,34,31
6583,1479,2024-04-10 04:04:48,2,12,0.25,0,46,43
6584,4268,2025-09-25 15:27:31,2,27,0.29,0,60,29
6585,4616,2025-12-07 14:09:26,4,21,0.29,1,49,47
6586,2885,2025-10-17 18:07:43,7,15,0.46,0,58,40
6587,362,2025-10-04 21:48:24,7,25,0.67,0,43,63
6588,4591,2025-06-18 23:16:31,1,18,0.18,0,58,75
6589,1567,2025-05-26 07:18:15,5,14,0.23,0,48,44
6590,536,2024-01-29 00:36:55,0,34,0.31,0,57,26
6591,3332,2024-11-24 17:05:48,11,33,0.49,0,88,25
6592,2932,2025-06-23 15:20:25,7,10,0.45,0,40,33
6593,4035,2024-05-30 02:08:53,5,23,0.09,0,40,30
6594,4944,2024-09-20 22:35:33,2,23,0.1,0,49,44
6595,1141,2025-07-22 01:44:44,0,7,0.43,0,37,38
6596,1148,2025-03-28 19:19:11,7,0,0.08,0,59,21
6597,1306,2025-10-08 15:37:43,5,15,0.49,0,14,0
6598,799,2025-05-29 03:56:59,3,0,0.26,0,41,0
6599,4987,2025-09-24 23:32:07,8,13,0.14,0,55,45
6600,2786,2024-03-23 09:57:22,4,43,0.49,0,94,24
6601,3745,2024-02-19 18:36:56,7,26,0.66,0,64,21
6602,1231,2025-08-30 10:27:54,5,21,0.25,0,67,27
6603,3036,2025-12-06 23:51:59,10,34,0.46,0,65,18
6604,258,2024-04-15 16:05:39,4,20,0.33,0,77,57
6605,4007,2024-06-12 12:19:11,3,27,0.25,0,91,25
6606,1890,2024-02-04 12:12:06,3,35,0.25,0,32,28
6607,476,2024-10-09 21:37:46,2,14,0.07,0,53,28
6608,1445,2024-12-04 20:26:50,4,15,0.24,0,69,20
6609,3711,2025-11-16 17:57:00,7,22,0.29,0,56,34
6610,1621,2024-04-07 05:23:15,4,15,0.12,1,34,40
6611,4218,2024-06-22 00:22:29,9,29,0.15,0,68,17
6612,3865,2025-06-07 06:28:23,9,4,0.44,1,61,21
6613,2270,2025-02-11 21:29:46,4,13,0.17,0,78,0
6614,3964,2025-06-02 18:39:38,1,16,0.26,0,59,47
6615,3160,2024-08-14 02:11:34,11,18,0.21,0,37,26
6616,1109,2024-05-19 09:49:07,4,35,0.35,1,53,8
6617,4566,2024-12-22 02:58:47,5,11,0.33,0,58,10
6618,538,2025-05-26 02:57:14,10,0,0.33,0,44,40
6619,552,2025-03-29 09:34:28,6,14,0.44,0,67,44
6620,1667,2025-04-13 11:00:35,11,18,0.18,0,35,33
6621,3969,2024-07-11 09:54:28,1,10,0.42,1,51,42
6622,3716,2025-06-20 18:52:27,3,7,0.17,0,60,29
6623,3280,2025-02-17 16:53:51,4,16,0.03,0,75,9
6624,3368,2025-04-25 14:23:04,2,19,0.23,0,28,32
6625,4509,2025-09-15 12:31:36,9,20,0.4,0,65,54
6626,1892,2025-11-26 12:44:17,2,27,0.11,0,114,38
6627,791,2025-06-15 19:14:02,8,1,0.32,0,66,65
6628,2384,2025-02-12 12:45:55,5,29,0.36,0,79,41
6629,1111,2024-11-12 10:37:35,8,14,0.34,0,71,25
6630,2449,2025-04-16 09:56:02,0,10,0.15,1,82,27
6631,2956,2025-03-20 14:52:24,2,40,0.51,0,99,50
6632,3773,2025-03-20 11:37:41,2,16,0.02,1,49,38
6633,1470,2025-06-14 07:04:54,6,30,0.61,0,36,12
6634,4319,2024-02-11 13:32:30,6,13,0.49,0,65,13
6635,766,2024-06-13 03:25:19,7,15,0.01,0,62,33
6636,4321,2025-02-22 22:35:57,6,9,0.2,0,69,24
6637,1353,2024-11-06 21:56:27,7,22,0.14,0,60,42
6638,3285,2024-11-30 21:11:06,1,18,0.42,1,72,22
6639,1072,2025-12-21 18:09:55,0,6,0.16,0,56,20
6640,2232,2024-06-28 02:16:26,3,28,0.36,0,49,30
6641,2278,2024-12-01 02:25:15,11,19,0.59,0,27,29
6642,2185,2025-02-03 11:20:44,6,29,0.02,0,70,26
6643,99,2025-05-03 16:29:09,6,32,0.15,0,61,21
6644,3473,2025-11-22 11:39:53,3,16,0.67,0,63,14
6645,1572,2025-12-06 01:53:21,8,7,0.46,0,31,35
6646,553,2025-11-16 08:36:26,14,15,0.37,0,27,86
6647,4785,2024-09-10 12:44:38,2,0,0.11,0,39,46
6648,790,2025-07-09 19:22:53,9,14,0.12,0,86,0
6649,427,2025-01-09 17:51:35,6,17,0.28,0,58,7
6650,4246,2024-04-26 22:01:41,5,39,0.54,1,52,31
6651,4271,2024-07-29 10:08:35,4,13,0.16,0,80,22
6652,4122,2024-12-05 16:34:28,6,20,0.24,0,59,18
6653,4576,2025-09-27 09:50:13,9,18,0.41,1,84,28
6654,3364,2025-02-23 16:48:49,6,36,0.22,0,43,21
6655,881,2024-02-18 14:20:51,0,15,0.47,0,65,33
6656,4143,2024-04-20 20:51:38,4,31,0.11,0,41,46
6657,1584,2025-03-26 23:31:23,5,25,0.22,0,82,4
6658,2863,2024-08-12 01:13:22,7,21,0.12,0,70,36
6659,3530,2024-06-08 07:52:42,7,20,0.08,0,82,41
6660,2522,2025-06-27 03:09:28,11,12,0.54,0,41,22
6661,3719,2025-04-25 12:49:39,7,6,0.3,0,79,37
6662,1901,2025-08-29 06:24:02,2,13,0.12,0,74,0
6663,1099,2024-10-23 19:57:20,2,16,0.14,0,112,11
6664,950,2024-02-27 19:34:34,0,11,0.17,0,41,56
6665,3256,2025-04-22 04:50:07,8,8,0.4,0,54,0
6666,2380,2025-05-28 02:36:43,8,25,0.11,0,84,10
6667,4945,2024-10-14 14:22:22,5,23,0.45,0,43,11
6668,4514,2025-11-17 04:34:29,3,25,0.18,0,47,19
6669,2606,2025-04-07 20:31:18,0,14,0.71,1,79,28
6670,1446,2025-11-18 01:01:05,10,21,0.18,0,31,28
6671,3183,2024-06-15 15:17:45,6,31,0.42,1,73,21
6672,44,2025-09-16 09:59:40,1,9,0.56,0,59,38
6673,274,2025-10-13 23:21:40,6,16,0.14,0,65,29
6674,3028,2025-12-09 21:32:53,6,19,0.4,0,16,32
6675,339,2024-09-03 23:28:11,2,0,0.27,0,50,72
6676,3577,2025-05-14 11:33:45,7,19,0.24,0,48,45
6677,1044,2024-08-02 14:49:23,4,34,0.12,0,36,38
6678,3238,2025-03-01 18:18:33,1,27,0.28,0,20,16
6679,770,2025-06-22 05:32:18,0,13,0.48,0,63,46
6680,784,2025-01-09 19:02:21,0,7,0.23,0,60,42
6681,1760,2024-12-30 16:47:40,10,4,0.23,0,78,16
6682,2436,2024-06-02 03:50:30,3,22,0.0,0,48,46
6683,1331,2024-03-21 16:54:28,7,28,0.1,0,66,34
6684,1695,2024-10-27 15:33:10,3,11,0.35,0,52,47
6685,3399,2025-09-09 13:24:43,9,21,0.29,0,59,0
6686,4947,2025-05-16 17:09:40,4,17,0.43,0,79,15
6687,1957,2024-06-03 00:53:47,2,16,0.35,0,30,30
6688,3150,2025-09-18 15:21:51,9,4,0.18,0,54,6
6689,25,2025-09-23 00:29:27,8,31,0.11,0,45,31
6690,2928,2025-09-09 01:38:55,0,9,0.5,0,58,24
6691,3362,2024-08-28 07:45:19,7,18,0.22,0,73,34
6692,4931,2024-08-07 06:59:07,2,33,0.24,0,42,22
6693,394,2025-04-21 09:47:28,8,15,0.34,0,116,25
6694,2725,2024-09-29 23:56:54,8,28,0.07,0,39,20
6695,4200,2025-09-15 01:57:15,3,2,0.12,0,32,50
6696,179,2024-06-08 23:47:27,1,27,0.3,0,57,30
6697,4393,2024-12-01 01:50:58,4,32,0.71,1,76,19
6698,1902,2025-06-05 05:52:35,5,19,0.09,0,62,27
6699,693,2025-08-25 15:42:34,3,26,0.24,0,58,39
6700,3901,2024-10-05 05:48:43,0,13,0.24,0,45,41
6701,4314,2024-08-20 07:03:39,5,27,0.38,0,53,20
6702,4293,2025-03-17 07:55:38,14,39,0.11,0,58,31
6703,3037,2025-02-17 08:57:44,3,21,0.26,0,53,38
6704,1238,2024-06-15 23:42:31,0,32,0.58,1,70,35
6705,3318,2025-04-25 09:30:59,4,4,0.72,0,73,56
6706,1216,2025-05-03 21:41:51,5,15,0.54,0,70,33
6707,900,2024-02-27 07:30:11,3,21,0.51,0,60,15
6708,4036,2025-07-27 08:59:41,5,14,0.23,1,38,56
6709,1589,2024-06-26 16:41:14,10,29,0.38,0,66,36
6710,2815,2025-11-17 15:26:37,4,18,0.29,0,102,28
6711,2987,2025-09-04 17:30:07,7,16,0.22,0,79,35
6712,537,2024-08-27 18:06:57,6,24,0.08,0,78,10
6713,3936,2024-07-05 12:57:19,6,8,0.42,1,37,25
6714,724,2025-10-25 05:50:48,7,30,0.06,0,83,29
6715,1718,2024-12-31 05:42:37,4,26,0.3,0,31,32
6716,519,2025-07-22 01:22:00,6,29,0.37,0,60,41
6717,4606,2025-11-27 22:37:40,5,18,0.24,0,67,37
6718,1749,2025-03-30 06:45:28,3,18,0.13,1,63,43
6719,4662,2025-02-20 06:02:46,0,22,0.16,0,72,51
6720,2167,2025-01-04 20:27:38,5,9,0.36,0,75,24
6721,4372,2025-09-05 17:24:10,8,14,0.09,0,76,26
6722,4660,2025-11-27 22:32:08,6,0,0.37,0,62,60
6723,530,2025-03-24 07:36:17,6,10,0.1,0,49,36
6724,4880,2024-02-20 17:53:59,5,19,0.05,0,94,33
6725,1000,2024-02-14 09:38:54,2,23,0.4,0,69,36
6726,1918,2025-08-28 10:49:16,7,33,0.47,0,89,29
6727,4237,2025-06-07 01:19:26,9,10,0.28,0,34,52
6728,4472,2025-11-03 11:00:51,6,33,0.46,0,60,23
6729,4555,2024-10-08 13:16:30,7,21,0.53,0,28,20
6730,685,2025-03-30 21:56:28,4,11,0.33,0,74,41
6731,1391,2024-03-07 08:53:31,8,8,0.26,0,72,1
6732,3146,2025-02-03 12:37:52,8,17,0.13,0,81,1
6733,3931,2025-10-28 05:30:21,1,5,0.28,0,71,55
6734,779,2025-01-08 18:35:11,3,20,0.15,0,89,62
6735,2795,2025-08-04 15:56:41,3,31,0.47,0,78,46
6736,3600,2024-12-06 13:17:09,5,8,0.52,0,38,11
6737,3044,2025-05-13 12:11:36,7,24,0.24,0,63,13
6738,1503,2025-11-13 07:20:03,8,17,0.13,0,35,48
6739,3376,2025-10-21 09:43:41,6,1,0.52,0,25,35
6740,3846,2024-08-24 05:07:04,1,23,0.77,0,60,37
6741,4573,2024-01-29 22:28:20,6,14,0.26,0,54,34
6742,4919,2024-03-13 10:38:55,2,27,0.51,0,53,38
6743,3035,2024-10-19 22:08:22,1,27,0.2,0,64,37
6744,2407,2025-06-14 10:36:13,10,28,0.62,0,22,27
6745,4317,2025-10-21 19:14:42,3,27,0.28,0,30,24
6746,4369,2025-05-09 00:57:55,8,24,0.28,0,52,9
6747,1716,2024-04-03 19:14:31,5,18,0.31,1,10,7
6748,644,2025-06-25 15:59:42,1,14,0.29,0,72,13
6749,1406,2024-10-21 18:30:37,0,19,0.4,0,77,31
6750,1419,2025-04-13 04:21:55,5,26,0.3,0,54,27
6751,4888,2024-02-19 19:49:05,0,19,0.04,1,75,25
6752,4717,2025-04-04 23:58:10,2,37,0.38,0,47,21
6753,3051,2024-09-29 17:58:51,8,32,0.29,0,55,25
6754,61,2025-08-05 19:09:34,4,24,0.56,0,75,43
6755,1416,2025-06-29 18:49:41,2,27,0.1,0,62,15
6756,2749,2025-06-07 16:38:37,3,37,0.26,0,49,22
6757,4562,2025-09-09 19:03:49,6,22,0.23,0,39,46
6758,302,2025-09-03 05:02:54,9,19,0.32,0,32,16
6759,3116,2025-12-08 13:05:11,7,21,0.2,0,51,28
6760,4498,2024-05-02 15:42:39,7,20,0.13,0,62,34
6761,4810,2024-05-08 18:22:05,2,34,0.1,0,36,0
6762,682,2024-06-12 13:19:39,5,0,0.48,0,71,42
6763,3510,2025-08-29 11:07:52,4,21,0.49,0,88,9
6764,3146,2025-09-27 03:10:25,1,25,0.09,0,50,43
6765,1270,2025-02-20 18:52:34,2,26,0.28,0,37,30
6766,2188,2025-02-13 07:51:26,4,12,0.04,0,29,19
6767,693,2025-12-11 09:25:22,3,33,0.16,0,69,44
6768,3346,2025-12-18 23:39:28,7,15,0.27,0,27,42
6769,6,2025-02-21 06:04:37,5,28,0.08,0,50,24
6770,1307,2024-10-06 19:19:58,4,30,0.18,0,61,54
6771,3254,2024-07-05 17:26:46,6,23,0.28,1,58,37
6772,2391,2024-09-24 10:03:43,0,11,0.3,0,70,14
6773,4032,2025-11-10 11:06:03,4,13,0.22,0,47,39
6774,3774,2025-01-25 00:58:49,6,17,0.21,0,59,35
6775,4087,2025-09-22 01:45:41,0,41,0.22,0,60,47
6776,215,2025-02-19 07:05:33,5,21,0.1,1,66,32
6777,113,2025-08-20 15:49:23,2,3,0.37,0,108,60
6778,4350,2025-02-20 00:36:14,4,30,0.25,0,47,22
6779,2275,2025-09-12 10:23:21,7,41,0.23,0,64,4
6780,1380,2025-09-25 10:20:12,5,26,0.09,0,46,27
6781,2867,2025-09-29 23:40:59,5,48,0.76,0,71,31
6782,2540,2024-07-20 15:33:28,8,17,0.23,0,46,39
6783,3923,2024-10-12 18:01:22,7,32,0.38,0,33,18
6784,3061,2024-11-15 01:57:29,5,35,0.65,0,41,44
6785,2371,2025-03-13 21:06:17,5,30,0.29,0,61,63
6786,1132,2024-06-02 07:06:46,4,32,0.23,0,36,31
6787,4210,2024-06-19 13:01:14,3,39,0.36,0,28,23
6788,28,2025-07-13 03:09:09,8,13,0.2,0,57,21
6789,3924,2024-05-21 20:46:57,4,4,0.15,0,72,20
6790,2154,2024-05-20 19:05:24,9,13,0.02,0,42,27
6791,4887,2025-08-24 07:59:07,9,3,0.2,0,57,47
6792,4580,2024-03-23 09:43:59,1,36,0.23,0,60,22
6793,667,2024-12-03 17:00:04,5,13,0.3,0,47,27
6794,2020,2024-11-23 06:57:57,3,29,0.42,0,46,39
6795,1791,2025-08-17 12:21:57,5,7,0.38,0,81,42
6796,3598,2024-12-10 23:34:31,2,41,0.42,0,89,16
6797,4202,2025-11-04 04:50:27,3,18,0.32,0,42,8
6798,3636,2024-11-03 03:48:10,1,15,0.26,0,128,25
6799,4877,2024-03-04 19:30:58,7,22,0.11,0,27,36
6800,4501,2024-10-16 01:46:35,8,13,0.23,0,44,27
6801,4693,2024-02-05 17:01:26,3,19,0.62,0,31,41
6802,4080,2024-04-14 01:59:41,5,36,0.16,0,87,25
6803,406,2025-09-09 06:05:44,5,24,0.46,0,75,34
6804,2226,2024-02-25 15:06:03,5,21,0.37,0,30,18
6805,4898,2024-03-24 12:15:11,2,33,0.53,0,62,37
6806,1745,2025-07-14 09:59:32,9,25,0.07,0,62,35
6807,2536,2025-08-07 06:11:18,6,35,0.52,1,80,13
6808,3883,2025-09-10 19:11:00,7,16,0.2,0,58,37
6809,664,2024-04-21 12:00:33,1,21,0.36,0,23,21
6810,1249,2024-06-28 11:27:21,7,25,0.2,0,51,8
6811,334,2025-01-14 12:11:05,3,2,0.13,0,50,29
6812,2934,2024-06-20 18:02:16,2,15,0.2,0,53,50
6813,4823,2024-07-05 04:10:41,1,37,0.12,0,66,39
6814,286,2025-05-21 00:55:32,4,13,0.12,0,10,12
6815,2551,2025-09-11 04:07:00,3,20,0.6,0,27,32
6816,942,2024-09-07 01:35:45,5,16,0.26,0,41,34
6817,2038,2025-06-03 12:19:34,4,13,0.31,0,77,1
6818,1605,2024-09-28 06:08:54,3,27,0.1,0,81,38
6819,3718,2024-08-25 00:54:23,5,0,0.16,0,61,30
6820,4145,2024-05-21 05:56:53,9,41,0.39,0,65,23
6821,603,2024-03-19 12:35:27,8,23,0.18,0,55,36
6822,177,2025-04-27 11:51:25,4,33,0.24,0,63,34
6823,2090,2024-02-07 14:52:31,5,14,0.26,0,55,57
6824,1806,2025-12-14 00:05:55,2,17,0.1,0,46,51
6825,1808,2024-11-27 04:49:09,5,37,0.62,0,99,31
6826,1773,2024-02-28 05:40:20,12,12,0.24,1,47,56
6827,2099,2025-01-18 23:31:56,6,12,0.04,0,31,33
6828,4867,2025-06-21 17:15:43,7,10,0.62,0,40,13
6829,4006,2025-10-10 16:46:35,6,21,0.13,0,60,34
6830,2507,2024-02-12 23:28:56,8,22,0.23,0,70,30
6831,2971,2024-06-10 10:29:29,4,20,0.34,0,42,27
6832,2242,2025-02-06 22:16:23,5,16,0.2,0,24,27
6833,3439,2024-11-08 08:11:11,3,28,0.29,0,47,31
6834,1195,2024-04-24 21:05:09,4,37,0.29,0,100,55
6835,3630,2024-09-19 09:28:42,3,26,0.12,0,44,16
6836,2122,2025-06-17 03:26:20,0,29,0.3,0,57,6
6837,2398,2025-05-09 04:37:20,5,31,0.18,0,54,36
6838,1731,2025-10-23 02:15:11,4,18,0.23,0,41,47
6839,3420,2024-09-07 00:59:44,9,16,0.52,1,66,22
6840,4788,2025-03-29 23:54:21,6,13,0.33,0,41,11
6841,4785,2024-11-27 07:32:56,6,13,0.24,0,67,16
6842,968,2025-09-18 01:11:02,1,28,0.32,1,85,20
6843,1755,2024-05-08 03:44:52,5,16,0.31,0,42,36
6844,3097,2025-04-27 06:47:33,0,7,0.04,0,54,54
6845,2666,2024-06-02 15:33:07,4,4,0.09,0,38,2
6846,776,2024-07-25 23:39:00,3,13,0.15,1,56,33
6847,4764,2025-01-09 06:49:53,1,25,0.17,0,45,33
6848,1222,2025-09-25 02:44:11,6,14,0.06,0,57,45
6849,4000,2025-10-25 14:23:02,9,30,0.42,0,67,25
6850,4973,2024-11-04 21:24:47,8,31,0.42,0,31,28
6851,1674,2025-01-09 03:10:24,0,16,0.13,0,52,20
6852,1573,2024-08-01 17:44:47,6,28,0.31,0,24,8
6853,655,2025-06-10 05:31:14,1,26,0.02,0,57,20
6854,2806,2025-02-02 06:14:19,5,39,0.23,0,56,23
6855,4048,2025-12-14 16:37:35,2,5,0.31,0,72,25
6856,1438,2025-08-13 03:58:14,7,39,0.3,0,72,0
6857,1488,2025-07-06 13:16:05,1,9,0.3,0,53,0
6858,315,2025-12-13 05:07:40,7,11,0.35,0,66,0
6859,1291,2024-05-07 11:46:52,6,19,0.48,0,28,18
6860,3274,2024-08-25 09:15:56,0,15,0.31,0,31,27
6861,3460,2024-05-01 05:21:54,3,19,0.27,0,130,41
6862,3914,2025-01-19 03:39:29,0,27,0.09,0,58,5
6863,2016,2025-02-08 02:20:30,0,22,0.2,0,79,20
6864,3088,2025-12-20 06:30:45,9,15,0.65,0,34,34
6865,4911,2024-02-08 04:44:29,3,24,0.49,0,51,54
6866,3235,2025-01-14 20:42:12,3,28,0.11,0,30,37
6867,3393,2024-09-02 04:44:18,5,9,0.48,0,110,23
6868,2300,2024-02-09 21:32:26,4,14,0.46,0,49,45
6869,3693,2025-10-23 17:04:55,4,35,0.07,0,13,43
6870,511,2025-05-12 22:13:11,7,9,0.16,1,51,22
6871,1735,2025-01-07 04:43:06,5,23,0.51,0,12,49
6872,3755,2025-06-23 04:05:13,8,28,0.59,0,89,58
6873,4131,2024-09-11 22:45:22,9,21,0.21,0,68,33
6874,2746,2025-09-02 16:29:56,5,17,0.05,0,37,28
6875,59,2025-03-05 22:01:24,5,28,0.28,0,45,31
6876,743,2025-09-11 05:43:29,4,14,0.63,0,60,35
6877,2683,2025-08-16 12:03:31,2,1,0.67,0,34,63
6878,4101,2025-02-01 00:26:04,3,4,0.2,0,44,46
6879,3302,2024-06-10 12:41:54,5,28,0.29,1,91,15
6880,2638,2025-07-09 21:46:35,0,8,0.2,0,51,1
6881,90,2024-04-15 19:41:46,9,8,0.6,1,66,12
6882,2870,2024-07-06 18:37:36,4,3,0.4,0,60,31
6883,419,2024-12-11 02:28:55,5,8,0.06,0,36,18
6884,4350,2024-01-28 05:15:59,3,27,0.08,0,17,4
6885,4345,2024-09-11 07:37:04,3,26,0.35,0,46,61
6886,2717,2024-04-26 02:47:06,9,24,0.39,0,49,34
6887,4242,2024-02-10 18:27:59,1,31,0.16,0,75,27
6888,129,2025-10-24 13:11:10,4,33,0.01,0,98,23
6889,659,2024-03-20 00:14:42,3,4,0.27,0,61,30
6890,1848,2025-09-05 20:56:41,7,0,0.29,0,49,24
6891,2835,2024-08-01 14:06:42,11,14,0.33,0,64,16
6892,2038,2024-03-26 06:07:55,2,24,0.32,0,66,21
6893,41,2025-08-05 21:18:15,5,36,0.43,0,51,24
6894,3687,2024-12-20 02:57:52,0,14,0.14,1,56,58
6895,1618,2024-04-16 13:41:59,3,10,0.34,0,93,30
6896,4736,2025-09-04 21:19:55,5,34,0.3,0,91,24
6897,4039,2025-03-17 04:45:57,7,22,0.24,0,70,44
6898,508,2024-02-18 12:06:22,3,15,0.25,0,46,57
6899,2369,2025-08-24 15:43:57,5,30,0.12,0,54,13
6900,4675,2025-09-02 15:56:06,3,19,0.39,0,100,7
6901,582,2024-11-06 06:58:14,9,20,0.36,0,71,36
6902,1926,2025-07-01 03:20:54,5,20,0.3,0,71,19
6903,2177,2025-03-28 14:14:16,3,4,0.18,0,42,59
6904,1540,2024-11-25 08:33:21,2,3,0.67,0,69,39
6905,3715,2025-03-23 20:09:08,7,7,0.33,0,82,29
6906,766,2025-05-19 00:29:37,0,12,0.46,0,85,17
6907,106,2024-12-24 23:40:52,9,25,0.34,1,74,21
6908,4138,2025-07-10 20:47:15,3,18,0.17,0,17,26
6909,2413,2025-06-05 12:28:36,0,7,0.12,0,25,44
6910,2014,2025-04-20 23:32:16,12,32,0.16,0,40,18
6911,316,2024-07-18 05:18:07,0,9,0.31,0,75,66
6912,246,2024-06-01 01:59:39,2,13,0.41,0,35,32
6913,4930,2024-04-17 20:53:41,3,35,0.39,0,67,16
6914,4324,2025-01-23 10:00:49,1,11,0.13,0,40,40
6915,1728,2025-10-22 01:32:35,7,27,0.36,0,51,33
6916,2044,2024-03-10 17:53:31,7,4,0.09,0,53,27
6917,4462,2025-03-18 17:37:47,5,40,0.41,0,71,28
6918,3447,2025-04-19 18:00:06,4,25,0.09,0,42,13
6919,477,2024-06-27 00:09:43,1,30,0.02,0,38,29
6920,4984,2025-06-08 06:27:28,5,3,0.73,0,65,0
6921,1781,2024-09-12 14:11:36,10,18,0.26,0,74,10
6922,164,2024-09-15 09:06:17,3,31,0.14,0,58,33
6923,2768,2024-07-02 19:10:26,1,28,0.65,0,37,45
6924,440,2024-07-28 03:04:42,2,25,0.28,0,79,20
6925,4272,2024-03-01 11:26:25,7,21,0.52,0,34,18
6926,2946,2025-03-07 17:45:33,1,15,0.39,0,79,24
6927,2756,2024-03-11 04:57:37,4,21,0.09,0,56,31
6928,4685,2025-08-17 03:20:14,6,27,0.26,0,60,9
6929,303,2025-03-04 19:59:08,8,6,0.09,0,46,17
6930,4428,2025-03-04 15:46:14,1,17,0.24,0,101,37
6931,2057,2024-06-04 19:46:00,5,25,0.5,0,95,12
6932,1335,2024-05-20 17:47:47,8,20,0.42,0,64,74
6933,601,2024-07-24 04:37:01,8,21,0.14,1,50,32
6934,1279,2024-10-13 05:45:50,4,21,0.25,0,46,9
6935,4852,2024-09-04 18:44:51,7,36,0.2,0,33,29
6936,1100,2024-04-29 22:59:57,3,23,0.43,0,64,48
6937,2274,2025-06-15 05:22:40,0,22,0.82,0,74,35
6938,4859,2024-03-01 07:31:58,1,22,0.68,0,55,22
6939,4967,2025-11-12 23:04:09,5,9,0.04,0,68,27
6940,4768,2024-04-13 03:46:20,3,12,0.46,0,81,32
6941,2289,2024-04-07 06:44:39,2,15,0.25,0,81,64
6942,4889,2025-10-12 21:52:18,4,18,0.12,0,77,19
6943,4041,2024-09-24 20:07:06,4,11,0.11,0,48,40
6944,2689,2025-01-11 21:25:37,3,0,0.13,0,45,17
6945,538,2024-06-11 23:07:19,6,40,0.27,1,44,17
6946,2696,2024-08-25 06:20:33,5,9,0.05,0,91,36
6947,534,2024-08-06 00:41:20,0,26,0.11,0,50,29
6948,756,2024-08-31 07:30:46,2,10,0.46,0,75,4
6949,1703,2024-04-13 10:03:40,7,14,0.52,0,57,34
6950,2662,2024-04-05 12:14:53,6,22,0.66,0,46,24
6951,238,2024-05-17 16:53:32,6,36,0.37,0,35,36
6952,1629,2025-01-02 02:06:03,2,18,0.36,0,83,36
6953,4775,2025-11-14 04:49:36,4,21,0.11,0,23,11
6954,550,2025-10-25 13:11:17,7,18,0.07,0,61,37
6955,2236,2024-12-31 15:40:18,4,6,0.24,0,48,24
6956,3922,2024-11-10 10:31:24,4,22,0.31,0,71,15
6957,2181,2025-03-06 12:27:34,3,10,0.18,0,90,13
6958,2618,2025-01-06 15:02:37,7,12,0.56,0,75,32
6959,854,2025-09-04 14:09:10,4,5,0.56,1,76,31
6960,2094,2024-02-10 01:28:47,5,0,0.53,0,61,35
6961,4596,2024-12-10 04:49:25,1,19,0.39,0,52,29
6962,3724,2024-03-31 05:46:30,7,15,0.05,0,28,35
6963,1784,2025-08-17 14:36:22,10,12,0.21,0,71,19
6964,3557,2024-03-06 19:31:02,6,20,0.31,0,65,48
6965,947,2024-08-20 20:13:50,7,21,0.29,0,74,28
6966,4983,2025-01-04 19:05:22,6,18,0.05,1,68,14
6967,4316,2025-10-08 10:42:22,3,16,0.34,0,73,24
6968,4664,2024-12-01 15:53:47,5,13,0.25,0,80,16
6969,1825,2025-03-23 02:03:44,5,38,0.02,0,62,22
6970,3417,2024-01-24 09:54:30,2,34,0.17,0,74,22
6971,3165,2024-07-28 05:11:30,4,25,0.49,0,92,19
6972,3915,2025-10-18 17:24:49,6,51,0.42,0,55,63
6973,471,2024-07-09 23:10:25,4,22,0.27,0,50,22
6974,2753,2025-04-02 15:36:26,3,26,0.18,0,53,37
6975,4019,2025-02-09 02:09:49,3,31,0.5,0,57,14
6976,1538,2024-09-21 11:26:31,4,23,0.66,0,52,27
6977,650,2024-02-16 02:42:03,0,26,0.26,0,48,18
6978,3058,2024-11-24 21:52:53,4,18,0.36,0,44,19
6979,3981,2025-02-17 08:49:14,9,14,0.1,0,81,27
6980,2867,2025-12-22 20:02:59,3,21,0.1,0,68,28
6981,1794,2025-06-17 20:58:25,3,34,0.51,0,49,37
6982,4882,2024-12-22 09:39:36,3,11,0.68,0,18,12
6983,872,2024-10-05 15:25:38,5,17,0.16,1,45,53
6984,4971,2025-07-25 07:44:18,6,13,0.15,0,63,24
6985,2677,2025-11-16 02:24:09,2,31,0.42,0,49,17
6986,2823,2024-11-08 21:19:42,1,18,0.17,0,58,2
6987,248,2024-11-06 11:26:26,5,5,0.22,0,64,36
6988,1020,2025-01-19 11:20:47,6,14,0.11,0,58,36
6989,3862,2024-10-03 15:14:26,2,31,0.3,0,51,46
6990,3417,2025-06-01 17:13:53,3,11,0.24,0,44,28
6991,3186,2025-03-11 14:15:39,7,8,0.38,0,50,12
6992,1409,2024-08-04 02:40:47,3,18,0.43,0,54,38
6993,2069,2024-08-02 08:46:42,4,17,0.5,0,51,38
6994,1236,2025-09-16 21:06:58,3,8,0.46,0,71,14
6995,2255,2024-07-04 20:46:26,6,25,0.19,0,29,32
6996,3170,2024-08-08 08:42:44,3,11,0.1,0,87,28
6997,3532,2025-09-17 12:43:14,3,15,0.49,0,76,30
6998,521,2025-07-07 06:37:03,0,14,0.26,0,51,38
6999,4810,2024-04-23 16:23:06,3,18,0.12,0,79,33
7000,659,2025-07-16 09:50:14,5,15,0.05,0,38,27
7001,1857,2024-04-19 01:09:38,1,12,0.19,0,52,5
7002,3505,2024-02-17 16:40:28,5,28,0.61,0,10,18
7003,1410,2025-04-22 22:05:06,3,34,0.24,0,77,0
7004,3522,2024-12-01 17:18:59,0,16,0.22,0,48,19
7005,1393,2024-01-28 12:21:26,6,6,0.09,0,46,28
7006,2681,2025-09-26 15:42:48,3,25,0.64,1,41,17
7007,2098,2025-02-22 02:18:38,6,24,0.05,0,36,28
7008,2620,2025-10-15 17:36:00,0,15,0.14,0,46,19
7009,2876,2024-04-07 01:28:32,2,6,0.16,0,86,30
7010,3114,2024-07-02 16:18:04,5,14,0.21,1,53,51
7011,3454,2025-11-13 13:22:49,6,21,0.24,0,59,39
7012,3417,2025-03-12 15:26:07,5,30,0.3,0,41,10
7013,3442,2024-05-15 17:30:23,12,11,0.26,0,83,27
7014,4011,2024-05-10 19:19:33,6,23,0.16,0,58,16
7015,3398,2024-12-19 14:04:07,3,19,0.08,0,92,32
7016,1933,2025-07-26 03:53:02,6,14,0.27,0,66,5
7017,2707,2024-12-05 23:42:40,6,14,0.11,0,56,42
7018,1244,2024-04-08 06:50:23,6,3,0.38,0,62,19
7019,1260,2024-08-02 03:07:10,5,33,0.22,0,62,17
7020,4589,2025-10-04 14:02:56,3,15,0.23,1,79,18
7021,2260,2025-07-14 06:06:53,8,23,0.01,0,47,43
7022,802,2025-07-08 23:51:12,1,25,0.3,0,76,25
7023,520,2024-10-01 13:11:41,5,22,0.19,0,21,17
7024,1576,2024-12-14 21:00:25,5,24,0.4,0,67,25
7025,304,2024-08-16 09:04:59,0,0,0.19,0,39,0
7026,974,2025-02-18 04:33:06,2,24,0.2,0,79,38
7027,2364,2024-07-10 03:51:24,8,14,0.15,0,29,19
7028,1308,2025-01-13 08:23:24,3,23,0.05,0,59,33
7029,3845,2025-02-08 10:21:04,0,18,0.19,0,72,46
7030,3158,2024-06-08 05:34:22,6,21,0.11,0,75,32
7031,1235,2024-10-16 09:14:01,3,27,0.05,0,42,25
7032,428,2024-11-12 23:06:23,5,21,0.09,0,96,16
7033,4420,2025-09-06 02:32:38,5,16,0.17,0,53,17
7034,962,2025-02-02 23:53:29,3,20,0.3,0,84,51
7035,3529,2024-08-02 19:10:17,2,27,0.05,0,48,48
7036,2477,2024-04-04 00:14:44,6,26,0.23,0,15,8
7037,2185,2024-07-21 09:49:22,4,16,0.35,0,30,52
7038,2812,2024-02-18 02:31:13,3,10,0.17,1,70,47
7039,3947,2025-05-25 00:29:57,4,23,0.63,0,75,10
7040,2902,2024-06-07 17:46:38,7,18,0.14,0,26,35
7041,4607,2025-01-08 20:58:19,7,9,0.1,0,27,40
7042,4803,2025-10-09 16:03:24,5,35,0.39,0,59,43
7043,3284,2024-11-05 14:05:11,0,26,0.39,0,41,24
7044,855,2024-07-21 23:00:07,4,8,0.17,0,54,38
7045,488,2024-08-04 05:59:32,4,8,0.29,0,61,30
7046,354,2025-04-19 09:30:05,10,16,0.17,0,57,25
7047,4907,2025-07-07 07:05:45,2,24,0.29,0,60,25
7048,2491,2025-09-20 15:20:27,5,11,0.23,0,27,29
7049,78,2025-02-19 19:34:49,3,19,0.18,1,58,7
7050,2026,2024-06-18 00:27:29,5,7,0.21,0,52,28
7051,3637,2024-11-16 18:54:56,1,23,0.35,0,10,23
7052,3982,2025-06-19 10:33:09,5,26,0.21,0,40,38
7053,4294,2024-08-02 16:50:10,3,3,0.55,0,54,36
7054,18,2025-03-10 05:16:56,2,28,0.43,0,76,13
7055,2459,2025-04-10 19:02:30,3,18,0.09,0,37,37
7056,685,2025-10-19 17:25:19,6,34,0.11,0,53,28
7057,3477,2024-11-01 13:26:22,5,17,0.51,0,56,2
7058,3716,2024-10-23 05:20:44,5,17,0.53,0,49,22
7059,3110,2025-08-11 13:39:11,6,10,0.49,1,41,30
7060,2272,2024-02-27 03:59:24,8,26,0.44,0,96,45
7061,2761,2025-09-26 14:53:22,1,9,0.04,0,86,42
7062,3935,2025-10-16 20:31:36,0,13,0.16,0,52,14
7063,2623,2024-06-18 15:33:59,7,29,0.51,0,102,33
7064,3434,2025-10-28 19:18:10,6,21,0.41,0,58,28
7065,196,2024-12-21 13:52:04,4,31,0.37,0,69,18
7066,992,2024-07-26 01:02:17,7,9,0.35,1,55,16
7067,3808,2025-06-25 01:13:22,6,23,0.49,0,53,38
7068,1076,2024-11-12 07:31:53,3,19,0.55,0,91,8
7069,2710,2024-04-08 13:31:44,9,30,0.09,0,73,16
7070,1690,2024-12-03 01:08:26,4,8,0.36,0,77,36
7071,1149,2025-03-15 17:01:04,6,32,0.17,0,97,26
7072,4720,2024-02-28 21:51:08,2,31,0.33,0,60,12
7073,3097,2024-04-29 16:10:02,7,35,0.49,0,71,31
7074,2318,2024-11-21 03:19:50,3,22,0.13,0,43,31
7075,2191,2024-09-12 12:02:30,4,24,0.32,0,88,16
7076,961,2024-05-17 13:54:30,4,16,0.35,0,64,24
7077,500,2025-11-12 12:07:43,8,15,0.04,0,45,23
7078,946,2024-11-05 16:28:04,5,26,0.24,0,46,32
7079,4958,2025-10-27 00:22:50,4,14,0.19,0,100,34
7080,4919,2024-11-23 02:51:19,7,11,0.21,0,70,40
7081,2590,2024-03-27 11:49:46,7,16,0.59,0,43,43
7082,4690,2024-11-11 19:01:09,5,32,0.28,0,54,11
7083,2256,2024-11-10 06:15:53,4,7,0.18,0,32,26
7084,4005,2025-03-18 14:53:09,5,18,0.18,0,63,34
7085,3339,2024-09-30 15:13:35,10,19,0.1,0,81,31
7086,4891,2025-06-17 21:12:55,8,1,0.33,0,89,23
7087,4645,2025-02-03 17:23:33,0,25,0.13,1,54,24
7088,4597,2024-10-10 03:13:13,3,41,0.41,0,70,2
7089,2663,2025-06-30 22:36:20,0,17,0.22,0,61,39
7090,832,2025-07-19 02:32:19,5,15,0.17,0,59,25
7091,3238,2024-05-24 14:59:19,2,9,0.1,0,50,0
7092,1779,2025-08-30 18:04:47,8,24,0.4,0,46,36
7093,1560,2025-11-07 02:46:15,7,46,0.09,0,74,51
7094,1323,2024-09-08 06:50:07,10,40,0.12,0,74,16
7095,4997,2025-09-05 22:17:56,1,26,0.31,0,75,15
7096,1385,2024-05-28 09:13:09,9,0,0.34,0,38,37
7097,388,2025-05-04 23:23:50,10,4,0.19,0,47,26
7098,1992,2024-12-07 11:13:35,0,27,0.12,0,50,23
7099,1934,2024-07-05 16:28:01,4,20,0.13,0,43,52
7100,3403,2024-09-26 18:59:44,7,28,0.12,0,48,0
7101,1068,2024-06-25 02:30:16,0,16,0.5,0,58,40
7102,3822,2024-08-08 05:59:52,2,4,0.08,0,91,29
7103,3748,2024-03-20 07:00:53,5,23,0.15,0,49,27
7104,3696,2025-08-09 01:34:45,3,22,0.53,0,56,55
7105,2196,2024-06-19 10:59:45,2,29,0.25,0,89,31
7106,3143,2025-11-12 02:40:31,5,15,0.33,0,31,25
7107,2700,2025-11-06 04:01:45,7,28,0.24,0,50,21
7108,2667,2024-12-06 09:34:33,0,25,0.26,0,70,24
7109,2317,2024-08-05 16:50:11,1,24,0.08,0,77,45
7110,2426,2024-03-12 10:56:59,3,9,0.4,0,44,54
7111,613,2024-12-24 20:51:18,7,8,0.27,0,18,24
7112,1997,2024-11-16 13:30:40,3,27,0.07,0,64,15
7113,1254,2024-04-02 04:38:51,6,1,0.54,0,62,22
7114,4684,2024-09-10 09:44:13,5,12,0.5,0,49,47
7115,4248,2025-07-08 09:48:07,3,12,0.3,0,32,35
7116,4519,2025-02-28 22:59:08,5,25,0.24,0,31,39
7117,4822,2025-10-06 02:00:05,4,25,0.55,0,41,28
7118,4832,2024-07-07 12:28:37,7,21,0.14,0,72,34
7119,2205,2025-11-28 15:07:55,5,16,0.27,0,57,37
7120,2438,2025-05-26 17:34:36,2,9,0.32,0,46,26
7121,4912,2024-08-18 16:45:15,0,13,0.28,0,74,0
7122,1103,2025-11-27 06:47:34,4,7,0.2,0,74,33
7123,540,2024-07-21 07:52:02,1,25,0.27,0,48,23
7124,948,2024-06-19 03:16:27,0,12,0.56,0,64,71
7125,4207,2025-07-29 15:36:52,6,2,0.55,1,10,27
7126,1809,2024-11-19 18:43:02,4,10,0.14,0,79,14
7127,376,2025-08-29 19:18:07,0,36,0.13,0,42,18
7128,2887,2025-06-29 09:22:59,8,0,0.23,0,35,4
7129,3926,2024-06-12 01:08:35,3,10,0.15,0,33,0
7130,2879,2024-08-02 06:25:39,1,10,0.44,0,76,34
7131,4834,2025-09-22 11:57:59,6,14,0.06,0,74,46
7132,171,2025-06-06 13:23:04,11,15,0.21,0,88,27
7133,2196,2025-12-06 14:29:58,3,24,0.17,0,56,35
7134,4940,2025-06-29 00:36:37,4,16,0.15,0,76,37
7135,4974,2025-03-06 16:43:33,8,16,0.12,0,49,41
7136,2562,2025-11-25 08:21:01,3,5,0.16,0,70,44
7137,2627,2024-09-19 18:03:15,5,0,0.06,0,38,50
7138,4772,2025-11-03 20:59:54,0,26,0.28,0,76,20
7139,3024,2024-05-14 09:23:37,6,22,0.05,0,59,17
7140,2524,2025-01-25 21:33:56,7,26,0.05,0,60,47
7141,601,2025-02-27 03:41:57,5,13,0.3,1,24,30
7142,4521,2024-11-04 22:43:55,3,15,0.11,0,82,0
7143,1541,2024-12-29 13:24:38,3,30,0.18,0,52,25
7144,2486,2025-05-16 03:10:26,0,10,0.07,0,85,53
7145,3300,2024-10-02 07:01:41,2,23,0.2,0,82,22
7146,2130,2024-05-17 12:52:58,4,20,0.34,0,68,32
7147,49,2025-10-13 00:13:34,3,17,0.44,0,56,37
7148,4477,2024-08-29 14:34:55,7,32,0.38,1,35,19
7149,2075,2025-07-30 02:09:28,7,22,0.46,0,14,27
7150,367,2025-03-05 02:04:08,4,12,0.26,0,48,18
7151,1423,2024-04-02 01:33:33,5,18,0.23,0,77,19
7152,89,2024-07-03 15:30:36,0,5,0.22,0,49,21
7153,2710,2025-07-03 11:56:40,2,35,0.18,0,54,13
7154,2381,2024-06-05 18:57:20,3,12,0.22,0,59,27
7155,1528,2025-06-10 02:59:08,0,25,0.14,1,75,35
7156,3364,2024-07-03 20:46:53,4,37,0.2,0,10,22
7157,4854,2025-07-10 06:09:05,7,27,0.5,0,19,42
7158,3511,2025-03-04 12:59:11,3,4,0.18,0,54,39
7159,1524,2025-08-16 02:04:48,1,5,0.36,0,67,37
7160,3066,2025-04-09 10:00:35,5,14,0.54,0,52,16
7161,2892,2024-03-19 16:41:53,6,40,0.08,0,51,22
7162,526,2025-07-21 11:15:30,0,6,0.21,0,36,38
7163,831,2025-12-21 22:49:33,7,21,0.39,0,108,29
7164,4122,2024-11-01 10:47:50,6,17,0.73,0,49,8
7165,439,2025-10-19 05:11:22,4,14,0.19,1,31,10
7166,2506,2024-10-25 00:46:23,4,5,0.42,0,48,23
7167,3822,2024-06-29 12:24:24,8,21,0.05,1,65,0
7168,1388,2025-09-12 19:27:51,6,12,0.1,0,81,33
7169,2058,2024-08-26 05:25:44,6,22,0.16,0,47,28
7170,598,2024-06-21 22:30:13,0,16,0.15,1,74,28
7171,2012,2024-08-29 21:19:00,10,22,0.36,0,92,27
7172,3645,2025-02-18 10:27:07,0,4,0.24,0,74,24
7173,3922,2025-05-03 10:13:40,4,32,0.24,0,33,6
7174,826,2025-09-19 10:09:29,7,25,0.28,0,53,32
7175,382,2025-05-19 01:13:27,5,31,0.52,0,29,3
7176,2802,2025-07-12 07:29:55,7,29,0.42,0,72,57
7177,3789,2024-03-14 04:48:30,5,41,0.27,0,30,45
7178,424,2024-04-16 03:50:28,3,3,0.38,0,40,23
7179,950,2024-06-29 07:45:44,0,25,0.11,0,61,37
7180,3633,2025-05-16 21:02:57,7,15,0.29,0,64,21
7181,4255,2025-06-02 14:31:22,5,34,0.01,0,36,35
7182,845,2025-05-30 11:44:51,5,21,0.86,0,29,23
7183,1970,2024-10-08 18:12:49,7,29,0.48,0,66,24
7184,2953,2024-02-09 23:22:53,9,26,0.31,1,68,53
7185,4009,2024-11-20 10:43:07,6,27,0.24,0,60,23
7186,1069,2025-11-04 05:35:22,5,12,0.35,0,93,36
7187,4797,2025-01-30 07:39:50,10,36,0.33,0,35,38
7188,4456,2025-05-09 09:11:53,7,7,0.6,0,93,28
7189,3863,2024-01-30 14:10:19,2,12,0.48,0,39,0
7190,4742,2025-08-15 17:27:28,0,28,0.51,1,99,44
7191,1803,2024-11-19 11:55:27,5,17,0.33,0,81,8
7192,4994,2024-03-25 16:15:19,3,14,0.45,0,72,41
7193,2211,2025-08-26 21:46:35,1,25,0.12,0,66,36
7194,2868,2025-09-30 22:48:37,8,26,0.17,0,51,30
7195,4603,2025-05-15 09:20:09,6,23,0.12,0,72,0
7196,1410,2024-11-27 06:02:29,7,7,0.13,0,47,41
7197,3797,2025-02-08 09:20:45,4,33,0.25,0,35,0
7198,1630,2024-01-26 19:32:53,5,27,0.19,0,78,25
7199,4011,2024-06-24 19:45:54,0,32,0.3,0,84,32
7200,4723,2024-10-21 05:32:46,0,18,0.43,0,75,9
7201,3379,2025-09-26 16:02:08,3,29,0.24,0,40,43
7202,3871,2025-06-12 08:07:21,5,16,0.22,0,35,14
7203,1255,2024-07-18 07:53:43,3,28,0.28,0,75,45
7204,2316,2025-04-17 01:27:34,5,24,0.13,0,32,37
7205,4019,2025-09-11 13:50:59,7,18,0.22,0,88,66
7206,3756,2025-04-29 07:31:55,8,18,0.32,0,47,23
7207,2608,2024-02-08 08:56:28,5,14,0.08,0,59,41
7208,1573,2025-10-19 09:32:59,4,17,0.64,0,45,12
7209,3162,2024-11-12 02:57:22,5,18,0.33,0,41,47
7210,3104,2024-06-13 18:00:01,3,40,0.19,0,68,30
7211,1096,2024-07-02 05:47:28,4,16,0.24,0,54,18
7212,522,2024-06-06 03:56:45,0,17,0.43,0,35,17
7213,2667,2024-09-22 21:51:58,5,37,0.19,0,74,11
7214,861,2025-11-03 14:47:56,4,34,0.26,0,91,34
7215,3527,2024-06-30 15:32:14,4,15,0.49,0,96,26
7216,3682,2025-01-03 02:41:22,9,16,0.3,0,32,36
7217,1791,2024-04-06 04:26:48,2,14,0.23,0,55,26
7218,1298,2024-08-23 08:06:50,4,22,0.53,0,47,0
7219,2586,2024-09-26 21:09:00,6,6,0.39,0,85,22
7220,2272,2025-02-16 09:37:01,6,29,0.24,0,80,16
7221,675,2025-09-20 20:18:53,3,16,0.32,0,72,52
7222,1269,2025-05-24 16:49:43,3,29,0.38,0,87,32
7223,1191,2025-10-25 02:57:36,7,28,0.47,0,73,18
7224,1400,2025-04-19 21:26:56,5,12,0.49,0,22,20
7225,1799,2024-10-08 08:45:38,4,24,0.22,0,54,27
7226,1148,2025-11-23 06:51:02,4,4,0.3,0,33,20
7227,894,2025-04-27 03:50:02,2,12,0.09,0,75,39
7228,1664,2025-03-10 14:27:51,9,28,0.09,0,78,14
7229,2259,2024-12-15 16:01:13,2,35,0.53,0,50,14
7230,4810,2025-12-13 03:51:07,10,20,0.58,0,59,17
7231,2481,2024-05-21 10:56:49,6,0,0.34,0,83,38
7232,269,2025-08-11 23:56:28,0,9,0.16,0,59,47
7233,3325,2024-07-09 07:15:25,7,0,0.28,1,59,34
7234,3944,2025-11-13 12:16:44,9,21,0.22,0,67,34
7235,2280,2025-09-30 08:33:48,6,6,0.22,0,61,22
7236,4279,2024-06-08 02:40:53,0,29,0.22,0,62,20
7237,3267,2024-08-02 04:17:44,4,18,0.23,0,68,23
7238,3313,2025-06-07 07:50:47,7,25,0.12,0,62,57
7239,4385,2025-04-03 20:05:32,8,31,0.11,1,51,45
7240,1373,2025-09-17 03:18:46,0,36,0.23,0,57,29
7241,3743,2024-07-26 04:05:49,5,41,0.27,0,62,23
7242,1478,2024-09-01 22:31:57,7,9,0.4,0,70,33
7243,1574,2025-10-23 05:33:59,5,16,0.19,0,45,38
7244,622,2025-09-05 00:24:05,6,17,0.39,0,53,58
7245,4271,2025-08-11 08:44:33,3,21,0.36,0,30,1
7246,3545,2025-06-11 14:02:08,3,18,0.16,0,56,13
7247,1986,2025-09-01 02:18:25,6,28,0.81,0,59,23
7248,1664,2024-11-01 04:35:27,4,24,0.42,0,34,15
7249,2796,2025-06-23 00:15:53,0,7,0.36,0,24,25
7250,4283,2024-12-02 14:03:41,6,6,0.05,0,27,42
7251,1559,2025-06-04 21:24:52,7,16,0.29,0,82,29
7252,4169,2025-08-01 21:55:37,5,20,0.18,1,70,11
7253,3341,2024-04-10 00:18:34,5,17,0.18,0,43,27
7254,2872,2024-09-17 12:26:42,0,15,0.09,0,84,26
7255,1408,2024-05-13 03:55:55,7,26,0.11,0,90,22
7256,2343,2025-04-15 21:39:23,8,0,0.29,0,32,42
7257,3745,2024-03-10 12:01:05,9,11,0.5,0,68,65
7258,1425,2024-03-26 19:11:32,3,17,0.29,0,60,33
7259,2229,2025-11-06 07:21:33,2,22,0.04,0,38,20
7260,3628,2025-12-15 20:19:23,5,23,0.3,0,80,29
7261,1894,2024-09-06 04:40:10,0,16,0.2,0,47,41
7262,4735,2024-11-02 11:26:47,1,34,0.16,0,71,58
7263,1467,2025-07-31 01:36:01,6,5,0.39,0,47,60
7264,3734,2025-02-14 18:34:49,0,15,0.31,0,61,28
7265,3325,2025-12-14 08:14:58,7,26,0.06,0,50,7
7266,2933,2024-07-06 18:53:06,2,30,0.21,0,63,36
7267,1603,2024-07-03 17:12:47,3,24,0.39,0,108,39
7268,1059,2025-11-29 00:28:37,8,27,0.13,0,67,19
7269,863,2025-02-24 14:10:27,7,21,0.04,1,64,50
7270,4218,2024-03-11 18:32:27,4,11,0.25,0,95,42
7271,3365,2024-03-28 10:14:32,7,16,0.05,0,80,6
7272,3344,2025-04-19 09:11:11,2,22,0.3,0,38,49
7273,925,2024-08-15 23:04:42,4,12,0.06,0,66,44
7274,3646,2025-05-24 17:02:27,0,16,0.39,0,34,44
7275,1850,2024-10-17 16:40:09,4,20,0.35,0,52,15
7276,1087,2025-06-03 06:23:48,0,38,0.16,0,67,46
7277,3265,2025-01-15 05:01:07,5,15,0.18,0,45,30
7278,2061,2025-01-14 02:02:01,4,39,0.24,0,65,31
7279,1664,2024-08-26 02:17:08,2,0,0.15,1,55,51
7280,427,2025-04-21 12:43:24,1,24,0.42,0,60,9
7281,2886,2025-01-18 17:57:43,7,16,0.43,0,44,12
7282,995,2025-08-13 02:56:39,7,25,0.05,0,42,14
7283,2341,2024-07-12 16:31:51,2,24,0.41,0,68,16
7284,806,2024-08-31 17:53:57,9,19,0.17,0,70,57
7285,1979,2025-03-29 02:13:17,1,18,0.01,0,51,27
7286,563,2024-04-03 16:26:46,13,1,0.41,0,80,14
7287,3361,2025-12-02 10:56:58,7,22,0.17,0,112,32
7288,4951,2025-07-22 17:13:26,5,23,0.41,0,75,25
7289,2447,2024-12-23 12:13:58,2,12,0.3,0,61,7
7290,1467,2025-03-22 06:58:04,10,15,0.13,0,51,11
7291,341,2025-01-31 07:07:13,1,27,0.18,0,65,35
7292,3265,2024-12-31 19:25:59,9,4,0.34,0,49,34
7293,4744,2025-01-27 20:26:10,7,6,0.07,0,118,19
7294,3891,2024-07-10 20:27:14,3,8,0.34,0,30,27
7295,825,2024-08-12 00:36:16,12,33,0.21,0,45,14
7296,3051,2024-05-03 02:16:04,1,10,0.25,0,73,54
7297,1766,2025-04-03 06:09:55,9,34,0.11,0,64,30
7298,3370,2025-05-25 07:47:58,7,23,0.2,0,79,31
7299,1417,2024-06-12 00:08:55,3,20,0.56,0,38,24
7300,1293,2025-02-20 03:35:13,5,32,0.53,0,42,31
7301,3408,2025-03-01 20:17:52,0,12,0.18,0,57,9
7302,650,2024-04-01 05:51:42,8,20,0.33,0,55,31
7303,2183,2025-10-28 07:34:11,4,33,0.19,0,71,24
7304,3659,2025-06-10 06:11:56,5,13,0.46,0,44,32
7305,1900,2024-08-10 14:12:02,2,18,0.26,0,43,29
7306,1786,2025-11-29 10:30:22,7,24,0.16,0,58,12
7307,4250,2024-07-02 14:32:29,8,9,0.67,0,79,19
7308,4907,2024-02-05 04:53:30,3,18,0.35,0,49,23
7309,4928,2025-10-13 14:41:01,9,12,0.14,0,96,39
7310,2600,2025-11-26 11:24:46,0,21,0.03,0,76,22
7311,2420,2024-02-10 11:28:41,5,30,0.21,0,16,38
7312,585,2024-10-10 21:59:01,7,13,0.16,1,41,12
7313,1982,2025-02-12 00:38:43,11,29,0.26,0,52,30
7314,2794,2024-08-12 04:38:02,1,0,0.3,0,65,7
7315,4247,2024-07-17 09:49:07,4,31,0.2,0,49,28
7316,4853,2024-05-24 07:40:44,2,12,0.6,0,53,39
7317,3972,2025-12-22 17:05:03,5,28,0.3,0,98,38
7318,2474,2024-05-06 08:21:48,7,8,0.16,0,72,39
7319,993,2025-04-05 03:43:06,2,8,0.33,0,46,18
7320,1879,2025-07-01 23:25:28,9,3,0.07,1,61,43
7321,1927,2025-12-17 16:57:23,2,7,0.26,0,27,44
7322,200,2025-11-23 21:35:22,6,20,0.11,1,84,31
7323,22,2024-04-27 06:11:59,8,2,0.39,0,46,26
7324,1925,2025-06-29 12:46:39,0,18,0.34,0,19,16
7325,2311,2025-07-23 07:13:57,12,21,0.51,1,48,45
7326,1906,2024-10-28 02:48:31,6,38,0.08,0,53,32
7327,4224,2024-11-21 23:51:06,7,40,0.34,0,77,25
7328,3185,2024-08-31 21:29:57,7,16,0.06,0,60,0
7329,4930,2024-04-17 03:17:32,1,13,0.2,0,54,20
7330,4894,2024-08-02 09:28:01,8,23,0.24,0,61,30
7331,1270,2024-10-30 05:11:06,8,11,0.04,0,66,32
7332,312,2025-05-04 00:15:10,9,22,0.22,0,40,27
7333,2815,2025-01-06 17:10:58,3,5,0.2,0,73,58
7334,755,2024-08-03 22:52:01,6,33,0.2,0,53,35
7335,2576,2024-10-16 01:36:45,1,14,0.37,1,78,27
7336,564,2025-06-30 22:24:55,8,12,0.08,0,53,29
7337,2718,2025-02-04 09:24:35,2,30,0.4,0,82,59
7338,1758,2025-12-17 04:55:07,6,23,0.54,1,72,3
7339,16,2024-08-08 01:43:20,3,30,0.18,1,71,44
7340,1218,2025-11-26 11:39:38,4,13,0.42,0,41,9
7341,4167,2024-06-05 08:58:34,5,19,0.31,0,92,18
7342,3970,2025-10-17 17:48:35,0,20,0.11,1,92,34
7343,850,2024-06-29 17:43:51,12,14,0.18,0,45,14
7344,2753,2025-06-26 22:59:00,6,14,0.46,0,31,32
7345,399,2025-06-07 08:44:29,6,17,0.23,0,59,20
7346,411,2025-06-26 06:24:49,6,27,0.17,0,38,34
7347,2661,2024-10-07 19:11:32,6,17,0.21,0,54,53
7348,3845,2025-12-11 20:18:02,3,13,0.09,0,33,35
7349,4584,2024-11-02 02:14:39,6,6,0.18,0,70,36
7350,179,2024-12-05 03:58:48,7,23,0.1,0,65,21
7351,2377,2024-09-22 20:19:36,6,23,0.47,0,66,65
7352,2622,2025-07-02 15:59:50,5,14,0.1,1,57,14
7353,3076,2024-03-25 13:45:59,3,33,0.52,0,67,20
7354,2759,2024-10-22 10:15:17,7,36,0.21,0,48,39
7355,4222,2025-11-22 17:29:15,7,36,0.33,0,78,38
7356,3744,2025-06-04 15:31:27,0,9,0.18,0,31,25
7357,1051,2024-09-01 15:09:10,6,19,0.45,0,52,29
7358,836,2024-07-05 15:40:39,5,14,0.17,0,51,8
7359,2153,2025-06-23 19:08:26,4,12,0.43,0,53,32
7360,4706,2024-09-09 07:55:09,3,20,0.17,0,44,4
7361,1007,2024-11-12 04:40:50,3,5,0.13,0,65,55
7362,404,2024-12-24 03:23:08,5,24,0.25,0,69,27
7363,4898,2025-10-01 18:03:17,5,17,0.41,0,57,20
7364,4687,2024-05-02 01:44:46,3,15,0.14,0,40,19
7365,2837,2024-12-07 17:50:38,0,22,0.27,0,58,53
7366,1527,2025-08-20 05:27:44,9,32,0.3,0,85,27
7367,610,2025-10-13 08:29:14,4,7,0.11,0,54,29
7368,3227,2025-06-05 09:48:16,8,28,0.22,0,15,31
7369,3867,2024-11-29 22:20:26,5,16,0.15,0,82,46
7370,3247,2024-09-20 22:44:22,3,18,0.82,0,56,53
7371,4365,2024-07-17 17:51:40,0,17,0.32,0,54,46
7372,1464,2025-10-05 22:47:13,5,15,0.37,1,19,27
7373,1501,2024-05-07 20:34:48,5,22,0.59,0,66,53
7374,3800,2024-06-22 18:39:54,0,11,0.35,0,74,28
7375,176,2024-12-26 02:17:35,1,13,0.21,0,81,21
7376,1650,2024-10-31 13:44:00,6,29,0.21,0,68,33
7377,2809,2025-02-10 23:28:11,2,20,0.43,0,68,19
7378,2999,2024-02-13 03:41:21,5,22,0.11,0,42,39
7379,3575,2025-07-28 06:49:30,5,23,0.51,0,71,30
7380,4638,2024-04-26 14:55:38,4,20,0.23,1,63,42
7381,2051,2025-05-06 18:25:33,0,24,0.4,0,64,17
7382,3083,2025-06-26 07:20:26,6,18,0.54,0,55,43
7383,3467,2024-11-17 05:24:26,0,19,0.47,0,101,41
7384,3731,2024-04-13 09:38:29,3,24,0.37,0,53,27
7385,4813,2025-12-05 08:50:54,6,34,0.25,0,51,17
7386,4920,2024-10-13 21:54:42,5,17,0.03,0,69,24
7387,3692,2025-08-21 11:30:06,2,18,0.3,0,42,55
7388,2462,2024-10-24 04:14:14,3,12,0.3,0,73,0
7389,165,2025-08-18 17:32:09,3,27,0.42,0,65,12
7390,3145,2024-06-28 10:36:00,3,16,0.46,1,44,33
7391,2602,2024-01-25 15:51:40,8,7,0.18,0,81,39
7392,148,2024-04-08 13:59:37,0,14,0.59,0,67,42
7393,3240,2024-06-09 17:05:03,9,25,0.64,1,68,39
7394,3613,2024-11-09 11:35:15,6,24,0.27,0,53,21
7395,2790,2024-11-06 22:41:52,2,27,0.33,0,61,26
7396,4221,2025-02-02 14:37:03,4,14,0.31,0,76,21
7397,1280,2025-07-22 13:31:14,2,23,0.25,0,79,22
7398,1399,2024-08-07 22:47:45,6,24,0.25,0,58,54
7399,2884,2025-12-03 04:02:56,9,25,0.46,0,56,25
7400,225,2024-10-29 19:04:07,6,17,0.19,0,55,47
7401,2304,2025-11-22 07:22:32,4,29,0.54,0,62,44
7402,1145,2024-10-16 07:35:43,1,17,0.23,0,79,25
7403,2020,2025-02-12 00:48:44,6,8,0.35,0,76,11
7404,682,2025-06-04 18:36:54,4,23,0.18,0,88,20
7405,648,2024-03-28 07:25:29,7,12,0.2,0,30,41
7406,3949,2024-12-07 13:39:04,6,24,0.22,0,50,48
7407,677,2025-07-12 10:55:48,5,30,0.17,0,40,18
7408,2776,2025-06-16 10:49:38,7,25,0.27,0,38,24
7409,3780,2025-08-13 06:31:59,5,24,0.2,0,76,53
7410,946,2024-12-11 12:23:35,6,17,0.07,0,56,12
7411,1557,2024-07-01 16:21:58,3,13,0.29,0,87,30
7412,966,2025-01-02 11:58:31,3,21,0.08,0,57,47
7413,4958,2024-08-13 00:16:32,6,13,0.38,0,29,36
7414,1608,2025-04-26 11:06:41,7,16,0.28,0,39,28
7415,2264,2025-10-23 14:39:04,6,18,0.12,0,50,33
7416,2073,2024-08-10 05:45:10,7,32,0.14,1,45,31
7417,4628,2025-10-20 03:12:23,2,21,0.26,0,52,14
7418,2341,2024-05-03 14:03:10,4,0,0.22,0,69,9
7419,2535,2025-06-30 06:06:40,11,26,0.08,0,63,43
7420,190,2025-09-20 14:22:07,0,9,0.1,0,43,12
7421,3734,2025-05-21 06:25:17,7,23,0.37,0,56,5
7422,2711,2025-02-22 18:47:30,4,23,0.49,0,72,31
7423,4146,2025-11-29 09:41:55,0,29,0.23,0,70,0
7424,3803,2024-09-01 22:41:30,3,18,0.31,0,79,32
7425,176,2025-03-03 00:40:23,8,37,0.53,0,96,17
7426,945,2025-10-05 02:16:17,7,32,0.31,0,40,5
7427,4337,2024-06-18 04:39:37,4,16,0.25,0,84,11
7428,2039,2024-10-18 23:50:33,9,26,0.41,0,27,15
7429,130,2025-03-04 23:00:17,2,17,0.18,0,58,41
7430,3830,2025-10-13 15:00:37,7,14,0.49,0,31,46
7431,1935,2025-10-05 23:43:56,2,19,0.19,0,74,21
7432,3706,2025-04-01 18:07:15,6,17,0.35,0,42,37
7433,4405,2025-12-16 06:40:53,0,9,0.19,0,69,18
7434,3428,2025-03-17 08:52:21,7,7,0.43,0,52,6
7435,4865,2025-09-05 18:30:28,2,28,0.33,0,46,37
7436,4012,2025-11-27 19:57:19,0,15,0.42,0,62,16
7437,2588,2025-08-05 09:04:14,1,37,0.22,0,36,36
7438,1876,2025-07-13 06:20:35,2,40,0.05,0,13,24
7439,1764,2025-06-10 13:22:58,8,30,0.37,0,66,22
7440,704,2024-09-18 14:32:08,8,29,0.2,0,84,15
7441,2328,2024-06-17 15:05:13,3,25,0.3,0,48,35
7442,1585,2024-06-11 00:50:17,5,26,0.5,0,76,39
7443,285,2025-01-13 17:40:20,5,0,0.28,0,45,49
7444,1403,2024-01-31 05:15:04,7,27,0.44,0,56,1
7445,4939,2025-10-19 06:04:51,0,29,0.23,1,57,51
7446,1368,2024-10-31 13:59:55,6,14,0.22,0,75,64
7447,2889,2025-10-22 10:32:07,4,20,0.15,0,56,23
7448,1847,2024-06-10 08:06:02,0,23,0.23,0,87,27
7449,2695,2025-11-25 20:25:32,5,6,0.07,0,50,12
7450,297,2024-11-17 18:10:47,9,29,0.2,0,66,40
7451,2233,2024-08-11 10:39:03,3,13,0.06,1,78,45
7452,1588,2024-07-30 10:09:39,6,11,0.3,0,87,50
7453,1403,2025-09-18 00:13:42,7,5,0.16,0,36,8
7454,388,2024-02-23 01:19:23,0,20,0.27,0,46,16
7455,3052,2024-02-21 07:36:08,7,12,0.2,0,17,66
7456,4825,2025-06-28 07:54:50,7,18,0.38,0,56,34
7457,3601,2025-04-20 16:55:49,4,8,0.11,0,57,45
7458,2979,2024-09-15 01:39:01,2,17,0.22,0,41,26
7459,880,2024-10-08 14:40:22,7,21,0.24,0,80,27
7460,616,2025-05-07 00:58:51,6,29,0.43,0,40,38
7461,3025,2025-11-20 12:58:06,4,7,0.17,0,48,54
7462,1316,2025-12-04 19:02:57,7,41,0.24,0,55,28
7463,2319,2024-06-27 07:18:14,7,29,0.38,0,62,21
7464,3119,2024-12-08 15:03:06,7,6,0.23,0,61,24
7465,4976,2024-09-21 17:08:04,7,19,0.28,0,41,21
7466,2384,2025-10-18 06:42:43,7,43,0.04,1,102,15
7467,1336,2024-03-12 18:40:48,4,13,0.18,0,68,42
7468,1830,2025-12-16 00:12:06,8,17,0.5,0,39,36
7469,2558,2024-03-08 14:50:46,4,26,0.29,0,63,37
7470,4344,2024-07-12 03:24:05,3,12,0.35,0,37,3
7471,932,2024-07-15 01:40:34,5,22,0.14,0,34,24
7472,1034,2025-12-11 08:27:01,8,18,0.13,0,67,31
7473,4375,2025-07-04 20:02:09,10,8,0.31,0,56,13
7474,2946,2024-10-31 07:15:31,0,19,0.29,0,81,43
7475,4633,2024-04-14 17:45:51,5,12,0.2,0,78,18
7476,3432,2024-10-18 23:45:58,5,25,0.16,0,56,44
7477,3054,2025-01-30 10:35:11,5,32,0.11,0,61,35
7478,4973,2025-11-13 08:58:17,2,35,0.26,0,34,27
7479,4284,2025-07-19 21:20:27,0,17,0.13,1,67,25
7480,181,2025-10-15 00:39:06,2,24,0.44,0,72,6
7481,7,2024-08-12 18:51:03,4,21,0.14,1,45,28
7482,2825,2024-07-14 05:46:56,5,30,0.43,0,71,26
7483,1122,2025-03-22 20:55:17,0,40,0.41,0,38,10
7484,216,2024-08-23 11:57:45,0,20,0.44,0,71,34
7485,2165,2025-02-14 13:18:59,7,17,0.23,1,53,26
7486,491,2025-03-21 11:08:18,0,11,0.2,0,35,47
7487,1289,2025-09-01 14:44:31,8,19,0.43,0,52,21
7488,1931,2025-03-12 01:56:51,9,6,0.06,0,37,50
7489,950,2024-04-24 01:10:56,4,26,0.21,0,51,35
7490,3907,2024-09-26 12:15:52,3,26,0.52,0,66,39
7491,750,2024-03-28 15:14:41,6,23,0.08,0,45,10
7492,51,2025-09-25 00:06:27,8,23,0.13,1,85,51
7493,2346,2025-10-18 21:25:42,2,31,0.18,0,52,23
7494,2578,2024-04-16 07:55:32,2,28,0.49,0,74,52
7495,4011,2025-10-19 18:13:21,3,17,0.22,0,36,20
7496,3711,2024-10-07 22:07:56,3,16,0.08,0,56,21
7497,7,2024-05-11 11:31:34,4,22,0.17,0,49,28
7498,4191,2024-08-25 07:52:28,8,23,0.07,1,61,48
7499,1053,2024-07-15 06:33:01,4,11,0.43,0,63,42
7500,1119,2025-08-08 14:37:20,6,13,0.22,0,35,34
7501,1222,2024-10-21 21:14:07,5,20,0.18,0,24,38
7502,391,2024-03-16 18:27:26,3,20,0.56,0,74,57
7503,1972,2025-06-01 16:46:21,6,22,0.18,1,77,38
7504,3930,2025-02-26 11:37:29,7,20,0.21,0,62,25
7505,4008,2025-06-14 18:31:25,0,10,0.49,0,49,40
7506,3375,2025-07-28 22:18:19,7,26,0.38,0,52,52
7507,759,2025-09-04 03:44:24,4,17,0.33,0,68,13
7508,2470,2025-01-16 06:25:22,7,19,0.48,0,71,30
7509,1041,2024-02-11 04:12:55,3,0,0.23,0,33,23
7510,3124,2024-09-18 13:41:17,4,45,0.56,0,51,11
7511,1476,2024-04-05 22:02:16,9,22,0.55,0,64,14
7512,4290,2024-02-18 11:33:45,7,25,0.56,1,39,26
7513,1858,2025-02-07 02:19:47,6,15,0.59,0,62,65
7514,3123,2024-12-17 16:31:55,2,14,0.3,0,41,46
7515,1386,2025-07-02 21:37:51,2,22,0.19,1,53,62
7516,1085,2024-10-05 19:55:06,6,19,0.37,0,56,57
7517,4154,2025-03-24 03:16:47,5,35,0.19,0,90,53
7518,2981,2025-03-10 17:39:10,0,40,0.27,0,53,33
7519,2119,2025-07-26 18:45:33,0,20,0.17,1,87,12
7520,4552,2025-02-07 00:06:17,0,9,0.23,0,35,28
7521,4491,2025-06-09 05:48:54,6,23,0.37,0,40,43
7522,1395,2024-09-25 08:25:03,3,29,0.13,0,41,20
7523,4381,2024-08-22 23:58:47,7,35,0.41,0,52,35
7524,1579,2025-04-25 01:38:40,10,23,0.25,0,43,43
7525,814,2025-02-01 06:07:30,0,34,0.27,0,68,35
7526,4726,2024-10-09 04:23:54,5,10,0.35,1,50,4
7527,3923,2025-10-28 12:40:25,3,0,0.31,0,44,34
7528,4932,2024-09-06 15:39:24,6,34,0.35,0,60,19
7529,1288,2025-10-01 16:43:21,0,24,0.2,0,73,17
7530,2480,2024-05-31 07:15:36,8,0,0.34,0,84,49
7531,2739,2025-11-23 01:16:01,0,20,0.23,0,26,38
7532,1061,2024-06-18 11:18:17,6,32,0.06,0,63,21
7533,2207,2025-06-17 06:58:18,2,12,0.18,0,30,57
7534,2484,2024-10-05 02:12:45,0,21,0.45,0,64,23
7535,1396,2024-07-29 06:45:02,9,45,0.45,0,34,37
7536,4467,2025-12-19 21:34:57,0,23,0.16,0,47,14
7537,3368,2024-11-09 08:45:26,4,32,0.16,0,81,29
7538,2038,2024-01-25 15:13:12,0,11,0.14,0,79,37
7539,1160,2025-05-26 10:27:28,4,12,0.57,0,94,43
7540,963,2025-02-09 00:51:11,5,15,0.28,0,84,31
7541,3365,2024-10-02 18:55:41,7,19,0.11,0,59,21
7542,4798,2024-05-17 22:55:59,1,25,0.29,0,91,41
7543,4085,2024-02-09 15:59:45,2,20,0.24,0,68,30
7544,2629,2025-06-09 20:04:07,3,29,0.12,0,87,37
7545,122,2024-06-19 15:16:29,4,14,0.09,0,58,20
7546,223,2024-11-27 23:51:53,8,20,0.2,0,46,13
7547,3786,2024-08-02 22:10:12,3,20,0.33,0,69,23
7548,1269,2024-03-01 16:31:01,6,6,0.43,0,63,26
7549,4737,2025-08-23 15:47:16,7,17,0.35,0,72,44
7550,1554,2025-05-25 17:32:08,3,0,0.62,1,98,7
7551,335,2024-04-30 09:52:38,1,17,0.19,0,81,27
7552,4336,2025-09-15 19:21:14,10,9,0.53,0,76,34
7553,3097,2025-08-05 09:38:46,1,4,0.41,0,82,34
7554,833,2024-05-01 23:57:33,5,30,0.19,0,44,45
7555,2490,2024-09-02 10:59:51,4,31,0.19,0,57,8
7556,3357,2024-02-16 11:19:58,0,4,0.43,0,62,30
7557,872,2024-06-19 06:39:41,4,37,0.52,0,62,3
7558,1406,2025-04-08 04:35:32,3,6,0.27,0,96,22
7559,3952,2024-10-30 02:54:41,2,27,0.1,0,65,49
7560,1826,2024-11-10 20:10:21,4,29,0.43,0,82,36
7561,2948,2025-08-02 16:16:16,5,15,0.61,0,78,25
7562,935,2025-02-23 11:10:42,5,18,0.02,0,55,4
7563,1589,2025-07-14 04:28:37,8,20,0.25,1,36,35
7564,4313,2025-08-30 22:44:00,4,16,0.22,0,57,42
7565,108,2025-03-04 10:30:49,6,25,0.22,0,51,49
7566,1560,2025-05-04 21:17:36,3,15,0.2,0,63,47
7567,1654,2024-05-27 02:29:27,0,6,0.34,0,40,18
7568,4464,2024-12-11 21:17:53,1,37,0.52,0,48,25
7569,2643,2025-07-24 09:01:50,10,14,0.24,0,65,6
7570,4911,2025-06-13 18:52:30,4,8,0.37,0,61,24
7571,234,2025-06-19 07:26:23,10,19,0.32,0,10,20
7572,2877,2024-12-20 22:38:41,7,16,0.36,0,71,15
7573,2547,2024-12-15 12:20:22,7,15,0.08,0,56,17
7574,2656,2025-04-29 05:17:36,6,19,0.18,0,66,41
7575,2673,2024-05-25 10:52:18,10,16,0.4,1,16,9
7576,1562,2025-12-07 03:16:43,0,12,0.3,0,68,35
7577,3771,2024-05-14 12:34:55,2,26,0.62,0,53,36
7578,4023,2025-05-16 11:03:25,2,12,0.41,0,69,23
7579,3848,2024-03-30 18:14:55,7,17,0.44,0,62,29
7580,38,2025-10-11 14:28:29,3,25,0.19,0,83,39
7581,2402,2025-02-03 06:15:50,9,0,0.46,0,52,20
7582,4158,2025-06-28 18:12:10,5,21,0.19,0,86,34
7583,3307,2024-08-06 18:19:12,5,11,0.4,0,65,36
7584,4202,2025-11-13 18:46:36,8,26,0.28,0,58,6
7585,3485,2025-04-08 19:07:12,0,22,0.22,1,49,30
7586,2819,2025-06-03 21:07:13,11,24,0.54,0,72,16
7587,2442,2024-12-17 14:34:20,7,28,0.33,0,80,31
7588,3696,2024-07-17 21:03:32,4,16,0.07,0,64,59
7589,801,2025-01-18 12:41:21,5,35,0.34,0,91,5
7590,3859,2024-01-24 21:52:59,5,13,0.06,1,17,22
7591,544,2025-07-25 17:45:50,0,38,0.23,0,45,33
7592,197,2025-08-30 07:56:30,0,24,0.49,0,74,41
7593,4526,2025-11-16 05:56:42,6,29,0.37,0,86,38
7594,2624,2024-04-29 05:21:41,10,9,0.38,0,62,38
7595,3031,2024-05-19 11:04:04,8,21,0.07,0,95,31
7596,4304,2025-11-18 04:37:36,5,21,0.3,0,71,17
7597,1826,2025-10-25 07:44:22,3,18,0.36,1,73,28
7598,4716,2024-08-05 22:57:09,6,14,0.38,0,72,27
7599,3702,2024-01-27 02:54:36,1,18,0.18,0,92,16
7600,1020,2024-05-25 00:46:57,6,15,0.13,0,103,27
7601,908,2025-04-15 16:08:43,5,13,0.74,0,44,23
7602,2852,2024-04-20 00:36:12,3,8,0.33,1,83,40
7603,2798,2025-09-07 02:51:39,5,12,0.63,0,65,51
7604,169,2024-11-17 19:58:06,1,25,0.35,0,56,27
7605,610,2025-10-31 05:20:12,9,33,0.5,0,64,27
7606,2505,2025-08-29 16:08:14,4,13,0.18,0,79,63
7607,2096,2024-02-07 15:10:33,5,24,0.27,0,37,19
7608,1811,2024-12-25 12:56:41,4,2,0.18,1,34,16
7609,2251,2024-10-02 16:52:18,4,11,0.07,0,55,27
7610,3773,2024-07-02 04:36:24,2,22,0.15,0,42,12
7611,2818,2025-07-15 20:56:30,2,13,0.32,0,92,33
7612,1616,2024-10-12 04:44:25,9,26,0.35,0,72,22
7613,2548,2024-03-21 23:54:24,4,34,0.3,0,73,25
7614,3405,2025-04-06 02:15:02,8,24,0.32,1,68,20
7615,576,2025-06-01 18:02:30,4,19,0.36,0,69,25
7616,4035,2024-12-31 09:26:09,8,19,0.1,0,80,0
7617,2093,2025-01-27 21:01:06,7,18,0.54,0,51,53
7618,357,2025-11-14 01:12:17,1,37,0.7,0,65,25
7619,2363,2024-08-14 21:33:35,4,10,0.24,0,65,53
7620,1021,2025-10-05 00:39:49,0,16,0.16,0,86,23
7621,1755,2024-11-23 10:41:54,10,0,0.39,0,54,45
7622,1580,2024-06-19 02:04:41,2,17,0.56,0,67,41
7623,3721,2024-04-02 06:32:02,11,16,0.28,0,25,31
7624,4328,2025-01-15 06:02:43,4,38,0.13,0,74,39
7625,768,2024-08-18 21:21:08,4,25,0.16,0,58,34
7626,2413,2025-05-23 13:58:33,0,15,0.32,0,91,31
7627,3761,2024-06-29 22:01:40,1,14,0.52,0,100,17
7628,765,2025-09-14 00:18:03,8,10,0.58,0,61,62
7629,2485,2025-05-30 18:04:02,7,1,0.24,1,46,29
7630,827,2025-01-13 21:01:26,0,17,0.29,0,92,18
7631,1690,2025-11-09 07:54:08,6,11,0.14,0,87,27
7632,1672,2024-01-29 19:34:17,6,0,0.29,0,56,23
7633,1882,2025-08-19 05:03:03,9,8,0.14,0,64,45
7634,3263,2025-03-10 06:22:33,6,7,0.22,0,44,28
7635,4370,2024-12-24 17:13:38,3,11,0.45,0,100,30
7636,4485,2025-09-02 00:25:58,6,11,0.24,0,69,49
7637,2041,2024-08-11 18:43:29,7,45,0.08,0,74,18
7638,954,2024-09-10 19:09:35,1,21,0.11,0,56,18
7639,2066,2024-06-17 21:51:44,5,18,0.25,0,48,42
7640,4245,2024-03-15 13:27:05,6,20,0.29,1,77,68
7641,3541,2024-04-27 23:34:05,6,31,0.42,0,69,40
7642,1420,2025-08-20 21:17:44,2,39,0.47,0,38,38
7643,3806,2024-03-24 13:37:41,0,26,0.42,0,24,15
7644,3443,2024-12-08 16:03:49,7,19,0.06,0,28,36
7645,4452,2025-08-03 12:08:14,4,18,0.12,0,61,21
7646,4394,2024-08-27 06:41:21,10,7,0.26,0,59,13
7647,4687,2025-08-02 19:42:47,3,17,0.21,0,75,29
7648,2458,2024-03-12 05:00:35,6,12,0.2,0,41,51
7649,1270,2025-10-24 05:02:08,3,0,0.44,0,51,42
7650,3301,2024-10-29 21:13:27,8,30,0.23,1,64,56
7651,2885,2025-09-02 19:10:46,3,26,0.53,0,55,20
7652,1939,2025-06-13 17:35:59,3,28,0.1,0,63,45
7653,4948,2025-05-19 20:36:16,0,22,0.29,0,38,24
7654,4058,2025-06-13 05:51:31,1,25,0.34,0,59,27
7655,2717,2024-02-02 16:44:40,1,14,0.2,0,71,39
7656,3589,2024-06-10 01:57:24,1,23,0.13,0,91,18
7657,113,2025-01-08 03:59:43,4,38,0.37,0,27,39
7658,4120,2025-04-30 14:57:18,8,7,0.11,0,52,12
7659,346,2025-05-22 22:13:48,1,17,0.32,0,82,6
7660,4039,2025-02-14 15:32:41,3,20,0.52,0,61,13
7661,820,2025-12-15 04:35:18,1,25,0.37,0,68,19
7662,3094,2025-04-21 13:39:55,2,20,0.36,1,39,36
7663,96,2024-04-17 20:31:21,13,18,0.13,0,51,14
7664,3301,2024-04-26 23:30:18,8,12,0.28,0,19,46
7665,3346,2025-11-13 13:20:07,10,21,0.34,0,58,28
7666,4811,2025-04-27 10:56:26,5,22,0.31,0,41,19
7667,2858,2024-03-13 01:42:49,7,24,0.35,1,70,17
7668,3254,2024-12-05 10:41:31,2,16,0.25,0,68,28
7669,3371,2024-12-11 14:35:20,8,36,0.28,0,49,31
7670,4845,2025-06-09 00:25:40,11,0,0.57,1,64,30
7671,3835,2025-02-02 17:47:21,6,12,0.4,1,86,9
7672,28,2025-10-29 17:52:20,4,23,0.08,0,40,39
7673,2448,2025-01-05 16:25:26,11,30,0.16,0,68,26
7674,1555,2024-12-12 12:23:21,3,27,0.06,0,54,41
7675,1423,2024-11-03 18:26:46,2,10,0.25,0,43,2
7676,2955,2025-01-12 07:55:06,4,0,0.08,0,29,45
7677,4449,2025-07-25 06:11:48,6,27,0.49,0,58,53
7678,4927,2025-08-10 06:14:45,8,18,0.24,0,35,48
7679,502,2024-03-26 11:16:36,7,2,0.65,0,93,33
7680,1386,2025-05-30 17:00:18,3,16,0.29,1,85,19
7681,4380,2025-05-01 18:06:47,3,24,0.12,0,45,20
7682,1218,2025-10-17 16:55:01,1,18,0.13,0,48,28
7683,132,2024-12-18 20:12:10,1,31,0.3,0,52,7
7684,4422,2024-06-15 11:26:46,3,8,0.22,0,20,47
7685,2606,2025-04-17 12:40:45,6,28,0.38,1,65,41
7686,618,2025-09-24 12:05:47,8,15,0.42,0,36,11
7687,469,2024-10-09 00:09:50,4,39,0.43,0,53,16
7688,420,2024-08-24 20:09:08,4,26,0.3,0,61,24
7689,4251,2025-09-10 10:25:23,7,29,0.09,0,73,45
7690,1059,2025-02-18 07:32:40,2,28,0.4,0,72,35
7691,306,2024-11-10 11:37:22,3,29,0.32,1,53,29
7692,4485,2024-06-22 00:39:53,4,13,0.17,0,33,8
7693,174,2024-06-27 00:17:42,2,29,0.54,0,55,38
7694,4439,2024-01-30 10:39:06,6,21,0.24,0,56,54
7695,2646,2024-08-05 02:47:48,3,7,0.13,0,40,45
7696,3528,2024-09-18 14:35:32,6,21,0.56,0,50,9
7697,4823,2025-07-19 02:56:48,7,26,0.62,1,86,11
7698,3905,2025-01-28 22:51:52,9,34,0.23,0,42,16
7699,4033,2024-07-28 17:29:55,0,26,0.21,0,88,60
7700,3845,2025-02-02 11:48:53,6,25,0.24,0,83,47
7701,4103,2025-04-25 22:33:06,5,26,0.29,0,71,28
7702,2047,2024-03-19 11:44:46,6,29,0.39,0,59,21
7703,1102,2025-08-20 18:42:52,9,8,0.32,0,62,20
7704,2126,2025-05-11 08:43:20,5,13,0.1,1,89,9
7705,2019,2024-09-02 10:15:47,5,10,0.53,0,43,25
7706,2580,2025-03-01 03:25:01,7,21,0.25,0,76,24
7707,1329,2025-11-07 23:33:53,9,17,0.32,0,49,44
7708,1276,2025-02-23 06:22:02,5,37,0.32,0,74,47
7709,3097,2025-04-29 07:06:38,11,40,0.19,0,35,6
7710,727,2025-01-24 15:38:24,6,29,0.38,0,40,53
7711,369,2025-10-18 02:25:36,1,31,0.42,0,76,34
7712,4332,2025-02-07 23:09:48,4,7,0.35,0,42,30
7713,2309,2025-08-08 06:14:23,4,28,0.06,0,96,42
7714,4392,2024-02-29 08:45:51,7,21,0.07,0,56,64
7715,4580,2025-10-02 08:39:18,7,26,0.09,0,50,44
7716,1347,2025-10-15 13:20:41,3,30,0.21,0,59,11
7717,1267,2025-11-01 03:10:43,5,33,0.1,0,58,25
7718,1948,2024-04-17 11:13:31,5,30,0.16,0,53,15
7719,308,2024-07-23 11:17:10,1,41,0.14,0,90,38
7720,3487,2025-12-11 03:20:35,5,12,0.23,1,55,45
7721,4957,2024-01-30 03:02:45,7,47,0.17,0,42,29
7722,120,2024-09-13 02:07:11,2,11,0.41,0,70,30
7723,4678,2024-02-24 10:15:10,2,24,0.51,0,54,36
7724,1053,2025-10-26 10:00:06,10,0,0.31,0,67,29
7725,4788,2024-11-09 13:18:13,4,30,0.22,0,85,16
7726,976,2024-10-16 20:28:55,5,40,0.21,0,53,41
7727,1994,2025-08-01 15:20:34,7,17,0.53,0,99,44
7728,1619,2024-04-10 03:37:18,6,16,0.49,0,71,27
7729,3312,2024-08-27 06:07:15,3,21,0.41,0,68,4
7730,1044,2024-12-13 04:10:13,5,13,0.29,0,87,23
7731,2055,2024-03-16 04:08:55,7,28,0.17,0,39,41
7732,4451,2024-10-04 13:08:09,2,19,0.25,0,19,32
7733,319,2024-02-27 00:18:44,0,24,0.14,0,44,7
7734,1663,2024-10-29 06:03:29,2,29,0.1,0,36,23
7735,4122,2025-07-02 02:15:10,4,10,0.22,0,68,1
7736,32,2025-04-04 04:26:21,9,20,0.07,0,86,26
7737,1771,2024-11-16 18:42:29,7,29,0.44,0,69,26
7738,3425,2025-10-23 03:40:19,4,22,0.24,0,34,25
7739,1246,2024-06-19 22:56:22,7,21,0.18,1,76,17
7740,1734,2025-11-08 03:17:07,4,21,0.19,0,80,31
7741,837,2025-02-14 10:08:14,11,19,0.39,0,98,56
7742,4423,2025-01-04 16:34:59,4,0,0.27,0,93,29
7743,311,2024-08-08 11:41:29,6,12,0.21,0,63,42
7744,3051,2025-04-14 15:28:54,6,38,0.32,0,68,39
7745,4366,2025-11-17 10:15:45,5,32,0.1,0,27,57
7746,957,2024-09-13 13:41:01,4,5,0.4,0,75,55
7747,783,2025-05-31 07:24:59,13,3,0.4,1,55,49
7748,1264,2024-10-05 16:02:43,4,15,0.46,0,57,21
7749,1832,2024-04-12 07:49:20,8,26,0.14,0,87,47
7750,1098,2024-05-10 12:04:25,6,19,0.2,0,54,46
7751,3822,2024-08-15 12:16:42,3,16,0.09,0,33,21
7752,4580,2025-05-20 14:34:43,0,11,0.38,0,53,35
7753,326,2025-03-04 15:05:13,0,13,0.34,0,74,36
7754,618,2025-09-12 16:55:54,6,29,0.23,0,50,24
7755,1167,2024-10-09 13:51:46,9,20,0.33,0,49,23
7756,4090,2024-02-08 04:30:55,2,25,0.41,0,20,44
7757,278,2024-06-27 18:46:31,7,11,0.36,0,60,25
7758,940,2024-12-16 16:05:31,3,37,0.4,0,52,25
7759,4902,2024-06-16 11:45:39,2,29,0.31,0,63,19
7760,1459,2024-07-15 05:15:58,3,44,0.47,1,79,58
7761,1315,2025-11-06 08:15:01,0,16,0.17,0,47,32
7762,1929,2025-09-16 05:43:14,9,16,0.19,0,36,22
7763,177,2024-11-13 09:57:45,0,25,0.41,0,62,26
7764,1149,2025-01-25 01:18:54,0,8,0.17,1,110,41
7765,3379,2024-06-09 07:08:45,9,0,0.36,0,42,0
7766,2788,2024-07-27 12:32:13,6,20,0.13,0,36,23
7767,1970,2025-09-15 17:12:21,7,26,0.09,0,73,33
7768,925,2025-06-19 20:28:07,2,16,0.62,0,69,30
7769,3911,2024-12-30 13:55:32,3,19,0.14,0,34,48
7770,592,2024-08-27 09:41:23,6,17,0.13,0,70,28
7771,995,2025-07-29 01:02:38,6,6,0.41,0,55,41
7772,3625,2025-12-16 14:29:42,3,13,0.47,0,105,35
7773,4677,2024-04-10 14:57:53,2,16,0.5,0,63,22
7774,1221,2024-07-28 02:18:42,9,19,0.03,0,86,8
7775,2834,2025-04-13 08:38:04,8,22,0.08,0,68,39
7776,317,2024-06-30 11:53:06,4,13,0.34,1,87,26
7777,688,2025-12-05 02:46:48,3,26,0.37,1,77,13
7778,2175,2024-05-24 13:05:13,6,21,0.61,1,64,19
7779,3500,2024-09-04 04:24:15,1,21,0.37,0,54,33
7780,1855,2025-08-09 06:04:34,1,32,0.16,0,78,48
7781,205,2025-02-10 22:27:06,3,22,0.59,0,52,49
7782,2136,2024-02-03 08:49:44,4,37,0.3,0,51,4
7783,3321,2025-10-19 15:44:57,7,27,0.4,0,78,6
7784,1435,2024-09-25 03:43:58,8,39,0.21,0,40,52
7785,3148,2025-07-10 08:33:15,6,2,0.15,0,79,0
7786,1058,2024-03-22 08:39:08,5,34,0.05,0,97,25
7787,2584,2024-06-22 16:01:02,5,9,0.27,0,64,30
7788,2257,2024-08-29 15:48:39,9,34,0.77,0,89,26
7789,661,2025-02-15 23:24:07,2,1,0.5,1,32,46
7790,1905,2024-10-02 20:11:21,4,4,0.27,0,64,27
7791,206,2025-10-21 00:50:37,2,15,0.17,0,64,32
7792,211,2024-07-25 01:51:59,8,36,0.12,0,57,20
7793,827,2025-09-06 22:41:13,7,29,0.37,0,53,26
7794,3485,2025-01-16 14:20:52,7,18,0.12,1,22,11
7795,609,2025-05-13 06:21:37,6,39,0.4,0,70,30
7796,3071,2024-04-18 23:29:21,5,31,0.19,0,32,36
7797,3305,2024-07-25 01:19:35,1,26,0.42,0,74,9
7798,2349,2025-05-01 23:26:06,1,28,0.25,0,46,27
7799,3148,2024-06-08 04:11:19,5,26,0.27,0,35,14
7800,3423,2024-03-03 20:12:12,3,21,0.03,1,99,25
7801,1221,2024-07-24 14:49:45,2,7,0.22,0,40,20
7802,208,2025-03-25 00:12:27,4,9,0.23,0,66,2
7803,1376,2025-08-05 10:28:42,8,0,0.13,0,62,20
7804,1951,2024-10-07 22:41:48,11,22,0.35,0,51,42
7805,599,2024-09-22 23:31:39,6,0,0.5,0,62,18
7806,350,2024-04-19 08:30:34,3,22,0.44,0,61,40
7807,3744,2025-05-07 01:56:28,9,12,0.19,0,60,23
7808,3795,2025-01-20 01:44:33,5,17,0.32,0,38,44
7809,714,2024-12-21 05:27:06,7,24,0.23,0,35,34
7810,1924,2025-03-11 23:35:41,4,15,0.2,0,58,0
7811,3915,2024-04-18 23:57:39,2,30,0.51,0,47,38
7812,67,2025-09-18 22:44:54,5,6,0.47,0,55,21
7813,2266,2024-04-03 19:16:33,2,24,0.13,0,44,10
7814,2369,2025-03-26 04:45:52,11,21,0.19,0,106,34
7815,58,2025-05-23 15:37:07,4,25,0.3,0,90,13
7816,3849,2025-12-10 13:29:03,1,7,0.29,0,85,27
7817,4497,2025-02-18 14:42:46,8,0,0.36,0,47,28
7818,167,2025-12-05 04:04:30,3,25,0.61,0,65,21
7819,1209,2025-09-18 22:54:41,2,30,0.33,0,46,33
7820,1746,2025-11-28 03:02:43,7,8,0.14,0,55,28
7821,2688,2025-11-17 12:02:03,1,28,0.43,0,79,26
7822,1,2025-04-19 19:21:46,0,26,0.25,0,70,34
7823,150,2024-08-15 09:43:29,3,3,0.28,0,69,30
7824,3167,2025-09-01 14:17:03,5,1,0.05,0,67,53
7825,4012,2024-11-23 01:23:23,4,12,0.45,0,39,23
7826,2501,2025-08-23 23:01:50,5,24,0.17,0,66,4
7827,3273,2024-10-24 05:55:37,2,35,0.15,0,53,32
7828,419,2024-02-29 07:13:33,5,10,0.37,0,54,22
7829,1324,2025-09-22 12:15:11,10,5,0.1,0,69,44
7830,941,2024-04-11 19:48:45,1,0,0.19,0,85,12
7831,1616,2025-06-20 13:01:16,2,13,0.36,0,92,36
7832,3019,2024-03-03 17:01:26,13,33,0.23,0,61,13
7833,2595,2024-11-06 05:07:33,9,38,0.64,0,64,0
7834,778,2024-12-25 09:18:55,7,40,0.29,0,38,29
7835,3589,2025-10-12 05:37:20,1,10,0.12,0,106,20
7836,2624,2024-03-23 01:20:28,6,18,0.45,0,49,33
7837,3752,2024-10-17 16:47:07,1,15,0.67,0,53,49
7838,2189,2024-12-28 07:01:31,10,16,0.23,0,72,4
7839,4354,2025-04-16 02:20:43,5,34,0.07,0,62,50
7840,1104,2025-03-21 16:25:21,8,16,0.3,0,37,55
7841,4430,2024-08-04 17:31:57,0,16,0.52,0,55,17
7842,4454,2024-04-12 11:24:19,5,0,0.29,0,66,42
7843,4149,2024-06-30 16:33:28,4,26,0.3,0,86,41
7844,2800,2024-03-07 05:29:39,6,27,0.11,0,85,26
7845,2581,2025-02-07 22:04:09,7,13,0.23,0,42,59
7846,4556,2025-04-07 09:25:44,2,28,0.25,0,81,36
7847,1348,2025-03-03 16:38:59,7,12,0.51,0,76,30
7848,601,2024-06-18 09:06:03,8,16,0.33,0,71,18
7849,1467,2025-07-15 20:50:22,5,22,0.15,0,65,41
7850,20,2024-06-04 02:24:44,10,33,0.31,0,53,0
7851,3246,2025-05-23 06:12:07,11,17,0.19,0,47,12
7852,4341,2025-07-12 17:47:15,5,21,0.39,0,68,9
7853,2254,2024-04-09 05:51:03,0,12,0.1,0,54,0
7854,2525,2025-07-27 00:01:26,4,0,0.22,0,56,6
7855,854,2025-02-10 05:37:06,0,3,0.16,0,44,35
7856,3032,2024-02-17 01:20:35,3,19,0.37,0,56,34
7857,3379,2025-12-15 21:44:13,4,30,0.39,0,91,31
7858,761,2024-03-01 23:23:05,4,16,0.25,0,66,8
7859,2398,2024-06-04 15:39:06,8,23,0.64,0,58,41
7860,2664,2024-12-22 11:06:08,4,2,0.15,0,51,13
7861,1076,2024-08-09 17:42:25,4,17,0.05,1,24,14
7862,2862,2024-10-29 23:12:21,3,8,0.13,0,64,28
7863,1196,2024-10-18 04:02:49,3,0,0.57,0,75,21
7864,4298,2025-04-22 00:04:34,8,12,0.35,0,74,21
7865,4210,2025-02-12 08:28:13,3,6,0.32,0,57,21
7866,3581,2025-06-07 12:07:40,0,24,0.47,0,53,32
7867,1501,2025-07-09 08:40:34,4,27,0.69,0,28,33
7868,889,2024-06-14 04:12:05,7,20,0.3,0,53,42
7869,1886,2024-11-15 20:34:02,7,37,0.11,0,58,36
7870,1836,2025-04-24 13:15:44,4,29,0.27,0,64,57
7871,1263,2025-09-04 18:39:36,4,27,0.08,0,70,6
7872,3917,2024-10-21 05:18:50,6,13,0.51,1,40,21
7873,2777,2025-08-16 01:19:55,5,20,0.59,0,79,38
7874,3713,2024-12-02 16:22:29,0,19,0.26,0,75,30
7875,3281,2025-05-17 19:10:43,3,17,0.35,0,27,44
7876,3718,2024-04-05 08:25:25,5,28,0.35,0,33,0
7877,4755,2025-12-11 01:12:19,4,36,0.28,0,41,34
7878,3767,2025-02-20 09:01:48,1,11,0.07,0,79,26
7879,381,2024-05-18 08:34:16,7,22,0.17,0,34,20
7880,385,2025-04-27 18:42:23,8,26,0.44,0,76,30
7881,4268,2025-05-29 11:25:14,5,30,0.09,0,41,27
7882,655,2024-02-23 18:35:56,3,15,0.39,0,91,34
7883,4035,2025-03-25 08:58:42,5,24,0.4,0,56,29
7884,4551,2025-02-03 09:49:22,0,15,0.42,1,62,35
7885,2965,2024-09-19 12:46:50,6,29,0.61,0,86,40
7886,3012,2024-12-16 20:07:56,0,19,0.14,0,71,53
7887,55,2024-11-24 17:26:24,4,22,0.07,0,87,10
7888,2365,2024-04-01 04:15:51,2,20,0.51,0,10,46
7889,2405,2024-08-10 15:00:21,6,9,0.08,0,50,30
7890,2124,2024-05-11 13:10:00,11,10,0.34,0,86,29
7891,3969,2024-06-06 08:58:44,5,28,0.34,0,83,22
7892,451,2024-11-03 12:42:37,0,26,0.11,0,43,20
7893,1134,2024-09-02 15:40:06,1,22,0.21,0,53,29
7894,4645,2024-10-04 21:46:08,6,28,0.13,0,48,55
7895,3813,2024-06-08 14:55:04,10,14,0.28,0,64,17
7896,2629,2025-03-05 15:09:51,3,15,0.11,0,28,51
7897,205,2024-09-24 14:47:04,2,26,0.27,0,60,24
7898,1447,2025-12-07 01:49:10,2,8,0.1,0,86,16
7899,344,2024-04-18 15:06:18,0,16,0.16,0,39,12
7900,1416,2024-04-01 20:10:40,2,20,0.53,0,52,8
7901,1595,2024-06-13 23:05:24,6,10,0.52,0,74,32
7902,4763,2024-11-09 13:22:52,6,24,0.32,0,61,31
7903,348,2024-11-22 17:00:41,8,21,0.24,0,71,20
7904,3802,2025-04-06 10:24:51,2,17,0.19,0,40,41
7905,4654,2025-08-13 05:50:34,6,23,0.1,0,43,25
7906,4400,2025-05-24 02:33:44,7,38,0.14,0,68,26
7907,1299,2024-08-08 23:43:05,0,35,0.04,0,58,28
7908,1136,2024-05-28 09:18:20,3,25,0.11,0,78,41
7909,747,2025-08-26 11:05:03,4,26,0.22,0,44,93
7910,4234,2025-02-02 23:13:11,3,25,0.3,0,77,28
7911,4856,2024-02-24 20:15:46,7,29,0.63,0,41,13
7912,3747,2024-05-08 03:28:05,7,16,0.13,0,43,12
7913,3932,2024-07-02 19:01:45,7,35,0.36,0,74,45
7914,2615,2025-09-20 15:37:15,8,32,0.14,1,99,54
7915,4000,2025-07-01 11:17:45,2,15,0.52,1,54,33
7916,4910,2025-09-19 20:08:07,8,25,0.56,0,103,43
7917,1473,2025-11-07 10:09:51,4,23,0.34,0,71,37
7918,3463,2024-03-17 08:02:38,4,36,0.4,0,82,42
7919,2320,2024-02-28 19:46:49,0,9,0.54,0,74,25
7920,2200,2025-03-11 08:20:06,2,14,0.25,0,41,46
7921,2204,2025-08-31 22:58:52,4,32,0.51,0,46,24
7922,2558,2024-04-22 21:43:04,4,16,0.32,0,71,15
7923,3029,2025-02-08 11:56:01,7,18,0.5,0,26,47
7924,1352,2025-06-15 07:48:55,2,6,0.35,0,45,37
7925,435,2024-11-28 22:02:05,2,27,0.33,0,64,4
7926,4632,2024-06-19 12:24:19,4,22,0.53,0,61,13
7927,3712,2024-08-19 13:55:50,1,0,0.13,0,54,21
7928,218,2025-01-18 06:58:50,4,32,0.6,0,33,30
7929,2439,2024-10-01 05:32:01,4,20,0.27,0,85,2
7930,4096,2025-09-26 01:13:53,6,32,0.47,0,65,35
7931,3370,2025-09-13 14:04:30,7,24,0.43,0,57,29
7932,4814,2024-06-15 06:25:40,9,29,0.38,0,74,18
7933,3146,2025-12-03 23:10:37,6,22,0.09,0,85,8
7934,2460,2024-08-15 11:27:40,8,17,0.07,0,56,34
7935,4817,2025-07-09 16:31:08,5,28,0.09,0,65,38
7936,1544,2025-04-28 19:25:20,5,14,0.35,0,10,33
7937,4260,2024-02-28 15:54:23,7,24,0.31,0,34,41
7938,3111,2025-04-15 16:28:23,9,14,0.37,1,91,21
7939,2994,2025-04-27 14:51:27,3,17,0.08,0,90,20
7940,4296,2024-11-10 12:53:55,3,12,0.36,0,84,46
7941,4181,2024-04-20 10:30:51,8,27,0.08,0,67,34
7942,2999,2024-09-12 04:42:54,6,3,0.35,0,69,31
7943,2283,2025-11-10 04:33:05,2,25,0.23,0,117,14
7944,3540,2024-02-04 04:31:28,5,26,0.18,0,51,21
7945,451,2024-10-06 09:33:45,7,17,0.2,0,74,30
7946,1849,2024-03-10 21:29:20,7,2,0.12,0,53,21
7947,3954,2025-05-30 13:39:47,4,19,0.4,0,59,34
7948,982,2024-12-12 06:52:55,4,24,0.16,0,66,20
7949,1615,2024-12-16 07:05:05,5,28,0.17,0,63,12
7950,3017,2025-07-28 14:57:15,3,23,0.09,0,44,22
7951,1267,2025-06-06 12:55:46,1,19,0.37,0,57,40
7952,3627,2025-12-17 22:12:57,7,23,0.04,0,20,25
7953,3727,2024-12-29 04:39:08,5,24,0.45,0,52,16
7954,4681,2025-11-02 18:45:35,7,10,0.61,0,51,27
7955,694,2024-04-14 12:42:23,5,19,0.91,0,21,22
7956,4018,2025-03-12 17:50:24,3,32,0.45,0,78,22
7957,2817,2024-02-21 08:49:00,8,25,0.3,0,86,45
7958,1092,2024-09-24 08:21:00,6,25,0.47,0,24,8
7959,4922,2024-04-13 06:47:28,0,0,0.12,0,35,39
7960,2033,2025-02-16 11:17:12,4,0,0.07,0,34,39
7961,4516,2024-11-14 18:09:47,2,1,0.26,0,78,32
7962,2544,2024-11-01 01:40:16,5,30,0.1,1,51,20
7963,188,2025-03-26 13:15:03,0,7,0.54,0,44,35
7964,4222,2025-06-07 21:32:42,3,24,0.55,0,69,10
7965,4258,2024-10-01 09:28:34,5,8,0.76,0,95,31
7966,1514,2025-08-31 22:10:52,2,19,0.31,0,61,43
7967,3489,2025-10-05 23:16:23,8,24,0.22,1,59,39
7968,771,2024-10-25 18:01:50,7,6,0.18,0,52,38
7969,923,2025-08-04 02:10:20,6,15,0.39,1,62,33
7970,4883,2024-02-19 16:12:05,4,37,0.14,1,41,35
7971,3887,2025-04-12 09:12:18,3,17,0.05,1,75,15
7972,1952,2025-11-11 06:00:00,5,12,0.41,0,117,6
7973,451,2024-12-14 19:40:06,6,6,0.63,0,44,29
7974,822,2025-02-23 21:11:20,2,27,0.1,0,13,31
7975,3368,2025-01-15 12:28:04,4,18,0.23,0,70,51
7976,4811,2024-06-09 14:35:32,0,20,0.39,0,39,29
7977,3298,2024-02-24 22:28:53,6,31,0.13,0,71,43
7978,1229,2024-04-20 05:35:47,1,5,0.39,0,79,36
7979,1895,2024-09-13 17:26:16,2,26,0.31,0,93,31
7980,1709,2024-07-21 19:59:19,1,10,0.44,0,34,34
7981,4454,2025-10-28 11:19:32,8,14,0.43,1,96,23
7982,1393,2025-09-08 15:05:20,4,24,0.32,0,67,0
7983,3420,2024-05-16 03:41:59,0,17,0.44,0,58,41
7984,3498,2024-06-28 12:27:06,2,24,0.07,0,77,42
7985,302,2025-04-04 03:00:26,4,21,0.3,0,55,29
7986,1488,2024-09-14 09:35:03,1,18,0.24,0,81,25
7987,4758,2025-04-07 13:10:22,4,18,0.06,0,43,26
7988,1335,2025-11-01 06:42:38,4,15,0.55,0,68,16
7989,4077,2024-07-24 18:19:54,3,16,0.07,0,73,23
7990,1287,2024-03-29 05:30:41,1,17,0.18,0,64,23
7991,3479,2024-08-07 17:18:23,0,18,0.63,0,50,24
7992,4094,2024-04-22 13:20:33,4,24,0.41,0,63,12
7993,1972,2024-07-02 17:47:16,7,24,0.01,0,10,46
7994,3126,2025-01-08 17:16:15,6,29,0.3,0,92,27
7995,607,2025-05-27 06:03:23,5,7,0.36,0,43,13
7996,3891,2025-07-20 03:03:42,2,27,0.05,0,63,17
7997,3380,2024-08-16 23:32:00,9,34,0.5,0,44,29
7998,1793,2024-04-06 00:24:55,5,19,0.37,0,66,18
7999,2349,2025-04-02 01:53:18,4,26,0.42,0,50,15
8000,336,2024-03-19 06:58:21,5,17,0.44,0,65,59
