user_id,bureau_score,delinq_12m,credit_utilization,open_accounts,inquiry_3m
1,572.0,0,0.09,8,0
2,575.0,1,0.51,6,0
3,613.0,0,0.37,0,0
4,680.0,0,0.24,6,4
5,660.0,0,0.64,1,3
6,496.0,0,0.03,4,2
7,661.0,0,0.17,10,0
8,709.0,0,0.08,8,2
9,656.0,0,0.2,2,1
10,407.0,0,0.17,1,5
11,621.0,0,0.21,3,0
12,711.0,1,0.34,7,0
13,564.0,1,0.19,3,0
14,832.0,1,0.05,6,3
15,426.0,0,0.24,5,2
16,612.0,0,0.38,0,0
17,658.0,0,0.29,7,0
18,614.0,3,0.66,9,1
19,612.0,0,0.34,5,1
20,517.0,0,0.24,6,0
21,554.0,0,0.34,7,3
22,646.0,5,0.38,6,2
23,431.0,0,0.11,3,1
24,672.0,0,0.41,6,0
25,591.0,0,0.06,6,1
26,644.0,2,0.74,10,1
27,668.0,0,0.06,10,4
28,850.0,3,0.1,6,0
29,712.0,3,0.37,9,2
30,504.0,1,0.16,8,1
31,773.0,0,0.04,4,0
32,383.0,4,0.54,5,3
33,565.0,0,0.37,6,1
34,614.0,0,0.5,8,0
35,574.0,0,0.06,1,2
36,623.0,1,0.24,8,1
37,586.0,3,0.17,10,1
38,703.0,4,0.66,10,0
39,561.0,0,0.23,0,3
40,591.0,0,0.12,6,4
41,742.0,2,0.37,5,4
42,677.0,0,0.05,3,1
43,586.0,0,0.24,6,0
44,638.0,0,0.2,9,1
45,750.0,0,0.09,0,3
46,489.0,0,0.35,7,6
47,513.0,1,0.04,2,1
48,554.0,4,0.25,6,0
49,617.0,2,0.44,8,1
50,677.0,0,0.39,8,1
51,539.0,0,0.26,1,3
52,525.0,0,0.82,5,4
53,495.0,0,0.29,7,0
54,525.0,0,0.13,7,0
55,548.0,2,0.29,4,3
56,427.0,0,0.42,10,1
57,555.0,0,0.48,2,0
58,516.0,0,0.35,7,0
59,587.0,0,0.29,2,0
60,736.0,0,0.57,8,0
61,473.0,1,0.23,4,0
62,681.0,0,0.25,7,5
63,733.0,0,0.33,1,1
64,677.0,1,0.25,7,3
65,627.0,0,0.37,6,1
66,705.0,0,0.24,7,4
67,651.0,0,0.18,10,1
68,689.0,0,0.51,10,0
69,609.0,4,0.13,5,2
70,515.0,2,0.43,7,1
71,693.0,0,0.44,1,0
72,809.0,0,0.26,0,0
73,573.0,0,0.19,4,0
74,602.0,0,0.57,2,0
75,609.0,0,0.5,5,0
76,482.0,0,0.6,3,1
77,532.0,0,0.05,4,0
78,624.0,0,0.16,7,2
79,592.0,0,0.05,4,1
80,601.0,2,0.39,1,0
81,602.0,1,0.41,5,1
82,591.0,1,0.31,9,2
83,539.0,0,0.43,8,1
84,635.0,0,0.38,1,1
85,626.0,0,0.09,9,0
86,530.0,0,0.34,9,2
87,633.0,3,0.44,7,2
88,550.0,0,0.16,10,1
89,652.0,0,0.42,6,1
90,597.0,0,0.42,10,0
91,632.0,0,0.17,1,2
92,614.0,2,0.28,0,3
93,595.0,0,0.25,4,0
94,626.0,1,0.27,5,4
95,667.0,0,0.8,6,0
96,610.0,0,0.41,8,0
97,608.0,0,0.37,8,2
98,572.0,0,0.3,10,1
99,455.0,0,0.21,3,5
100,603.0,0,0.34,5,1
101,499.0,0,0.08,6,2
102,555.0,1,0.08,2,0
103,531.0,0,0.59,6,1
104,543.0,0,0.26,3,2
105,548.0,0,0.38,4,0
106,639.0,2,0.57,4,1
107,627.0,2,0.06,5,4
108,609.0,0,0.22,8,0
109,697.0,0,0.17,0,1
110,845.0,0,0.48,10,1
111,641.0,0,0.34,2,3
112,673.0,1,0.67,5,0
113,622.0,0,0.1,8,2
114,652.0,0,0.32,10,1
115,470.0,1,0.42,0,1
116,384.0,0,0.54,7,1
117,431.0,0,0.52,6,2
118,550.0,1,0.39,5,2
119,709.0,0,0.46,4,0
120,620.0,0,0.37,1,1
121,569.0,0,0.19,1,2
122,646.0,0,0.24,5,0
123,628.0,0,0.21,8,0
124,492.0,0,0.09,4,0
125,638.0,0,0.2,7,0
126,667.0,3,0.37,1,2
127,768.0,1,0.45,6,2
128,594.0,1,0.16,9,2
129,736.0,0,0.58,0,0
130,568.0,1,0.26,1,2
131,786.0,0,0.17,7,2
132,552.0,4,0.26,10,0
133,651.0,0,0.46,7,1
134,623.0,0,0.15,0,1
135,719.0,0,0.2,1,1
136,708.0,1,0.19,2,2
137,517.0,0,0.29,1,0
138,573.0,1,0.2,7,0
139,770.0,1,0.56,2,3
140,608.0,0,0.19,10,1
141,665.0,0,0.19,1,3
142,514.0,2,0.21,0,0
143,580.0,0,0.05,9,4
144,543.0,1,0.17,2,1
145,674.0,0,0.34,8,1
146,659.0,0,0.27,6,0
147,698.0,2,0.31,8,2
148,513.0,0,0.1,10,2
149,644.0,0,0.53,1,3
150,602.0,0,0.04,4,1
151,404.0,0,0.43,1,3
152,637.0,0,0.76,6,1
153,703.0,0,0.22,10,0
154,726.0,2,0.48,3,5
155,597.0,0,0.17,5,0
156,666.0,0,0.44,1,0
157,644.0,0,0.42,1,1
158,539.0,0,0.32,0,2
159,528.0,0,0.53,4,0
160,596.0,3,0.55,7,3
161,581.0,0,0.2,0,5
162,607.0,1,0.33,9,1
163,567.0,0,0.04,6,5
164,617.0,0,0.2,1,0
165,515.0,0,0.52,5,1
166,722.0,3,0.5,6,3
167,454.0,0,0.31,9,1
168,594.0,0,0.66,8,3
169,584.0,0,0.25,9,2
170,589.0,0,0.42,3,0
171,532.0,0,0.31,0,4
172,479.0,5,0.36,4,0
173,619.0,3,0.37,9,0
174,584.0,0,0.21,10,0
175,631.0,1,0.52,5,2
176,468.0,0,0.44,3,2
177,737.0,2,0.59,6,2
178,594.0,0,0.15,2,0
179,357.0,0,0.57,1,2
180,615.0,0,0.71,0,1
181,562.0,3,0.21,10,0
182,509.0,0,0.25,6,1
183,699.0,0,0.56,8,0
184,674.0,0,0.2,5,2
185,627.0,0,0.41,3,1
186,606.0,0,0.03,10,2
187,640.0,0,0.2,10,4
188,474.0,1,0.16,6,1
189,615.0,1,0.12,10,3
190,699.0,0,0.35,2,0
191,683.0,0,0.16,1,0
192,516.0,4,0.36,0,0
193,615.0,0,0.52,3,2
194,510.0,0,0.31,9,2
195,613.0,0,0.45,0,0
196,540.0,0,0.37,8,4
197,530.0,3,0.42,2,0
198,629.0,0,0.27,6,2
199,542.0,0,0.6,9,3
200,536.0,0,0.15,4,1
201,628.0,1,0.2,6,3
202,481.0,0,0.1,0,2
203,574.0,2,0.6,10,0
204,477.0,0,0.25,6,1
205,492.0,0,0.45,5,1
206,694.0,0,0.49,1,3
207,567.0,0,0.26,1,5
208,543.0,0,0.21,8,0
209,668.0,3,0.07,10,1
210,729.0,0,0.5,9,4
211,620.0,3,0.31,4,0
212,682.0,0,0.16,10,1
213,556.0,0,0.16,7,2
214,604.0,0,0.14,0,1
215,601.0,0,0.27,6,0
216,626.0,0,0.48,4,0
217,677.0,3,0.37,7,1
218,482.0,0,0.32,6,5
219,529.0,1,0.05,4,0
220,561.0,0,0.76,4,1
221,522.0,0,0.3,1,0
222,618.0,0,0.56,7,2
223,617.0,0,0.48,5,3
224,605.0,0,0.15,5,2
225,568.0,0,0.56,9,2
226,708.0,0,0.29,1,3
227,617.0,0,0.13,3,2
228,588.0,0,0.22,1,1
229,605.0,1,0.41,5,2
230,660.0,0,0.37,7,0
231,617.0,0,0.48,4,0
232,531.0,0,0.14,8,2
233,741.0,1,0.49,0,2
234,637.0,0,0.37,0,0
235,508.0,4,0.24,10,0
236,455.0,1,0.09,3,1
237,655.0,0,0.2,10,4
238,703.0,0,0.09,2,0
239,636.0,0,0.65,5,0
240,649.0,0,0.28,10,3
241,651.0,0,0.23,0,0
242,600.0,0,0.75,3,3
243,465.0,3,0.19,6,0
244,544.0,0,0.42,4,4
245,664.0,0,0.72,4,4
246,647.0,0,0.22,8,0
247,584.0,0,0.06,3,0
248,556.0,2,0.16,1,1
249,614.0,0,0.07,5,0
250,573.0,1,0.49,3,2
251,594.0,0,0.14,0,0
252,611.0,2,0.38,9,0
253,538.0,0,0.08,1,2
254,664.0,2,0.34,7,3
255,587.0,0,0.49,5,0
256,639.0,0,0.08,5,0
257,605.0,0,0.03,7,1
258,723.0,0,0.29,7,0
259,643.0,0,0.14,2,2
260,633.0,0,0.46,6,1
261,630.0,0,0.26,2,1
262,767.0,0,0.2,2,2
263,596.0,0,0.36,10,0
264,613.0,3,0.28,10,0
265,608.0,0,0.18,2,0
266,443.0,1,0.29,3,5
267,607.0,0,0.19,5,0
268,681.0,0,0.56,4,0
269,641.0,0,0.2,3,0
270,721.0,2,0.06,1,2
271,663.0,0,0.36,9,0
272,640.0,0,0.11,5,1
273,671.0,1,0.51,2,0
274,629.0,0,0.27,6,3
275,578.0,0,0.01,1,4
276,590.0,0,0.31,5,0
277,409.0,0,0.2,8,0
278,728.0,0,0.1,8,0
279,584.0,0,0.49,7,0
280,517.0,3,0.48,3,3
281,571.0,1,0.77,10,5
282,741.0,0,0.22,6,0
283,606.0,0,0.04,7,2
284,621.0,5,0.58,2,2
285,767.0,0,0.41,1,2
286,667.0,0,0.31,10,0
287,577.0,0,0.23,9,3
288,464.0,0,0.08,8,1
289,651.0,0,0.74,2,3
290,546.0,0,0.07,2,0
291,653.0,0,0.27,5,4
292,596.0,4,0.25,1,0
293,633.0,0,0.55,5,0
294,672.0,0,0.46,1,0
295,462.0,2,0.38,7,0
296,610.0,2,0.23,1,1
297,599.0,0,0.73,0,2
298,623.0,0,0.38,7,0
299,640.0,0,0.31,6,0
300,612.0,0,0.13,0,1
301,548.0,2,0.76,7,2
302,510.0,0,0.44,2,2
303,473.0,0,0.22,10,2
304,610.0,0,0.46,4,2
305,642.0,1,0.52,1,0
306,573.0,3,0.18,0,0
307,666.0,0,0.73,1,3
308,591.0,0,0.7,2,2
309,593.0,0,0.39,4,5
310,485.0,0,0.74,8,5
311,565.0,0,0.46,4,0
312,674.0,0,0.13,9,1
313,712.0,0,0.31,3,2
314,585.0,0,0.25,5,1
315,669.0,1,0.31,10,0
316,713.0,0,0.2,7,2
317,525.0,0,0.4,10,1
318,625.0,0,0.46,9,1
319,615.0,0,0.53,0,2
320,686.0,0,0.59,0,0
321,533.0,0,0.25,0,0
322,625.0,2,0.15,8,0
323,579.0,0,0.02,8,1
324,634.0,4,0.01,9,0
325,698.0,4,0.11,8,0
326,718.0,0,0.59,7,2
327,698.0,2,0.52,0,0
328,521.0,1,0.31,4,0
329,562.0,0,0.07,10,2
330,681.0,1,0.32,5,2
331,648.0,0,0.56,0,2
332,579.0,0,0.12,1,1
333,527.0,0,0.46,4,2
334,300.0,1,0.22,8,2
335,472.0,2,0.17,8,1
336,576.0,0,0.05,7,0
337,577.0,0,0.32,7,0
338,633.0,0,0.38,6,3
339,648.0,2,0.23,6,1
340,781.0,0,0.49,9,2
341,538.0,0,0.77,7,1
342,444.0,1,0.32,0,1
343,526.0,0,0.24,10,5
344,734.0,0,0.66,5,0
345,601.0,0,0.1,1,0
346,681.0,1,0.72,3,0
347,555.0,0,0.14,8,3
348,560.0,0,0.11,6,0
349,463.0,0,0.22,9,3
350,574.0,0,0.31,0,0
351,601.0,0,0.15,5,5
352,669.0,0,0.11,3,0
353,645.0,0,0.37,8,0
354,759.0,0,0.85,0,4
355,588.0,0,0.14,0,4
356,619.0,0,0.27,4,1
357,599.0,0,0.21,9,1
358,544.0,3,0.41,10,0
359,633.0,3,0.23,4,4
360,578.0,0,0.27,0,3
361,733.0,0,0.32,2,3
362,537.0,0,0.16,10,3
363,573.0,0,0.22,6,1
364,500.0,3,0.36,7,0
365,627.0,0,0.45,1,6
366,494.0,0,0.15,9,0
367,599.0,0,0.35,7,5
368,506.0,0,0.51,8,0
369,521.0,0,0.61,4,1
370,539.0,1,0.32,4,1
371,658.0,1,0.39,0,0
372,592.0,0,0.44,4,0
373,590.0,0,0.45,8,2
374,645.0,0,0.67,0,0
375,547.0,0,0.12,9,2
376,443.0,0,0.15,5,1
377,512.0,2,0.25,8,0
378,577.0,1,0.29,5,0
379,596.0,0,0.34,7,0
380,645.0,3,0.26,8,0
381,588.0,0,0.12,6,0
382,681.0,2,0.29,6,0
383,629.0,1,0.14,2,2
384,487.0,1,0.2,3,0
385,396.0,0,0.41,8,3
386,519.0,0,0.27,2,0
387,611.0,0,0.28,6,2
388,630.0,1,0.24,8,0
389,592.0,2,0.79,6,2
390,610.0,0,0.32,5,2
391,706.0,1,0.42,3,0
392,601.0,0,0.14,1,0
393,628.0,1,0.12,1,3
394,728.0,0,0.84,8,0
395,455.0,0,0.24,1,0
396,737.0,0,0.29,4,2
397,395.0,2,0.05,10,0
398,534.0,0,0.52,3,2
399,555.0,0,0.27,3,1
400,469.0,0,0.27,1,0
401,587.0,0,0.4,5,0
402,596.0,0,0.45,2,0
403,659.0,0,0.65,6,0
404,657.0,2,0.2,0,2
405,614.0,0,0.89,4,1
406,689.0,0,0.43,7,4
407,652.0,0,0.26,5,0
408,574.0,0,0.49,6,1
409,610.0,0,0.15,3,0
410,549.0,0,0.22,10,1
411,502.0,0,0.56,8,0
412,634.0,0,0.2,1,0
413,480.0,0,0.41,9,2
414,585.0,0,0.69,3,3
415,416.0,0,0.52,3,1
416,606.0,0,0.4,7,0
417,542.0,1,0.34,5,0
418,645.0,0,0.11,6,1
419,582.0,0,0.17,7,1
420,590.0,0,0.27,5,3
421,604.0,0,0.52,1,4
422,551.0,0,0.14,1,0
423,555.0,0,0.79,6,4
424,555.0,3,0.18,0,1
425,590.0,0,0.1,9,0
426,555.0,0,0.36,7,0
427,636.0,3,0.42,6,2
428,458.0,0,0.73,7,2
429,480.0,2,0.37,4,3
430,751.0,0,0.33,0,0
431,565.0,2,0.08,9,1
432,519.0,1,0.51,9,1
433,598.0,0,0.32,6,2
434,661.0,1,0.4,8,3
435,651.0,0,0.31,0,2
436,540.0,1,0.49,2,0
437,559.0,0,0.2,2,1
438,573.0,0,0.43,6,1
439,625.0,0,0.14,7,5
440,604.0,0,0.31,2,1
441,527.0,0,0.23,4,0
442,559.0,0,0.29,9,2
443,579.0,0,0.58,4,0
444,719.0,0,0.27,1,1
445,586.0,2,0.54,10,2
446,850.0,1,0.23,9,5
447,578.0,0,0.3,10,3
448,465.0,1,0.38,7,0
449,628.0,0,0.14,7,0
450,684.0,1,0.24,2,5
451,638.0,0,0.27,7,0
452,616.0,0,0.57,9,0
453,570.0,0,0.2,7,3
454,577.0,5,0.42,9,1
455,414.0,0,0.56,0,0
456,669.0,0,0.45,6,1
457,570.0,1,0.47,1,0
458,692.0,0,0.2,5,1
459,557.0,0,0.55,1,1
460,596.0,0,0.22,6,6
461,700.0,0,0.2,5,0
462,707.0,1,0.2,7,0
463,667.0,3,0.52,7,3
464,450.0,0,0.23,1,0
465,498.0,1,0.45,10,5
466,656.0,0,0.4,4,0
467,544.0,0,0.24,0,1
468,606.0,0,0.19,10,0
469,617.0,0,0.55,9,0
470,620.0,0,0.31,8,1
471,516.0,3,0.32,8,5
472,682.0,0,0.59,0,0
473,558.0,2,0.33,3,4
474,647.0,0,0.33,9,0
475,583.0,0,0.46,1,0
476,754.0,0,0.4,0,3
477,716.0,0,0.51,1,2
478,771.0,1,0.23,7,0
479,732.0,1,0.6,8,0
480,589.0,0,0.48,3,3
481,557.0,0,0.4,9,0
482,509.0,0,0.57,2,1
483,621.0,0,0.1,3,3
484,602.0,2,0.07,5,1
485,597.0,0,0.04,4,4
486,534.0,0,0.53,0,0
487,629.0,1,0.2,6,1
488,569.0,0,0.05,10,0
489,561.0,0,0.37,4,1
490,613.0,0,0.74,10,2
491,594.0,0,0.44,9,3
492,486.0,0,0.27,1,0
493,537.0,2,0.04,10,0
494,643.0,0,0.43,10,1
495,596.0,1,0.15,7,0
496,445.0,0,0.07,10,0
497,656.0,1,0.25,3,3
498,596.0,1,0.41,1,3
499,515.0,0,0.66,1,0
500,546.0,0,0.33,0,4
501,613.0,0,0.48,9,2
502,423.0,0,0.2,5,0
503,634.0,2,0.59,5,1
504,679.0,0,0.55,3,1
505,671.0,2,0.78,5,0
506,692.0,0,0.14,5,0
507,538.0,1,0.18,4,1
508,683.0,0,0.33,5,0
509,622.0,0,0.48,2,3
510,533.0,0,0.46,8,2
511,637.0,1,0.86,0,1
512,635.0,0,0.32,6,1
513,723.0,0,0.32,1,1
514,696.0,1,0.07,5,4
515,545.0,2,0.33,6,1
516,627.0,0,0.33,5,0
517,626.0,0,0.12,10,2
518,620.0,4,0.42,10,0
519,576.0,0,0.6,10,3
520,740.0,1,0.54,3,1
521,550.0,0,0.16,10,0
522,733.0,0,0.49,2,0
523,486.0,1,0.23,3,0
524,569.0,1,0.44,3,1
525,661.0,0,0.16,2,0
526,516.0,0,0.07,8,5
527,541.0,1,0.51,8,1
528,643.0,0,0.23,3,2
529,462.0,0,0.3,7,0
530,688.0,0,0.21,7,1
531,718.0,0,0.29,10,0
532,722.0,0,0.31,4,2
533,626.0,1,0.12,2,1
534,566.0,2,0.3,4,0
535,571.0,0,0.32,0,2
536,623.0,0,0.32,8,2
537,610.0,0,0.66,10,1
538,570.0,0,0.53,2,3
539,727.0,4,0.23,9,0
540,580.0,0,0.45,6,1
541,715.0,0,0.07,7,3
542,608.0,0,0.17,6,2
543,603.0,1,0.41,1,1
544,641.0,1,0.63,8,0
545,640.0,0,0.12,2,0
546,588.0,1,0.21,10,2
547,645.0,0,0.14,9,1
548,655.0,3,0.29,1,1
549,732.0,1,0.38,4,0
550,606.0,1,0.54,2,0
551,538.0,0,0.41,9,1
552,546.0,4,0.17,1,0
553,789.0,1,0.45,2,0
554,450.0,1,0.8,10,4
555,505.0,1,0.64,7,1
556,602.0,2,0.25,6,0
557,551.0,0,0.25,1,2
558,666.0,0,0.48,10,3
559,659.0,0,0.13,1,0
560,557.0,0,0.41,10,4
561,720.0,0,0.09,6,1
562,512.0,0,0.07,9,0
563,541.0,0,0.27,5,2
564,726.0,1,0.06,2,1
565,496.0,2,0.28,1,4
566,628.0,2,0.01,5,3
567,725.0,0,0.31,6,1
568,392.0,1,0.43,2,1
569,573.0,3,0.82,3,0
570,676.0,1,0.28,4,2
571,578.0,0,0.21,1,3
572,605.0,3,0.35,4,6
573,615.0,0,0.29,3,0
574,625.0,0,0.77,10,1
575,536.0,0,0.34,3,5
576,661.0,1,0.37,7,2
577,620.0,2,0.08,8,0
578,508.0,1,0.23,8,0
579,563.0,0,0.12,4,5
580,487.0,0,0.24,8,1
581,617.0,4,0.44,5,3
582,639.0,2,0.29,6,0
583,617.0,2,0.65,5,1
584,644.0,1,0.1,3,4
585,611.0,0,0.35,3,1
586,661.0,0,0.42,9,0
587,590.0,0,0.04,1,0
588,656.0,0,0.61,3,0
589,497.0,0,0.23,5,0
590,488.0,0,0.49,5,0
591,607.0,0,0.49,1,1
592,655.0,1,0.48,1,3
593,578.0,0,0.3,7,5
594,651.0,2,0.24,6,0
595,625.0,0,0.59,2,0
596,436.0,3,0.56,5,0
597,786.0,0,0.41,7,0
598,499.0,0,0.25,9,2
599,524.0,1,0.27,0,1
600,692.0,0,0.59,3,3
601,602.0,0,0.12,8,0
602,539.0,1,0.32,3,1
603,562.0,0,0.59,1,6
604,530.0,0,0.24,1,0
605,536.0,0,0.08,6,5
606,663.0,0,0.28,5,2
607,560.0,0,0.09,2,0
608,515.0,3,0.13,8,1
609,539.0,0,0.27,2,0
610,588.0,0,0.24,7,2
611,540.0,0,0.26,9,1
612,575.0,0,0.34,0,0
613,628.0,4,0.17,5,1
614,562.0,1,0.07,3,4
615,531.0,1,0.46,8,5
616,544.0,0,0.64,3,2
617,711.0,0,0.48,8,0
618,774.0,0,0.11,6,0
619,604.0,0,0.55,8,1
620,658.0,0,0.53,8,0
621,525.0,0,0.49,7,3
622,553.0,1,0.27,10,2
623,636.0,1,0.08,9,0
624,411.0,0,0.38,2,3
625,662.0,0,0.04,1,2
626,555.0,1,0.75,2,3
627,514.0,0,0.73,4,1
628,631.0,0,0.2,4,4
629,715.0,2,0.29,8,3
630,575.0,1,0.4,7,4
631,623.0,3,0.2,1,4
632,636.0,2,0.1,7,1
633,619.0,1,0.19,6,3
634,520.0,0,0.4,9,0
635,618.0,0,0.24,4,0
636,615.0,0,0.36,3,1
637,382.0,0,0.53,3,0
638,669.0,1,0.6,9,0
639,480.0,0,0.29,2,1
640,610.0,0,0.32,7,0
641,721.0,0,0.58,5,0
642,580.0,1,0.2,0,0
643,516.0,0,0.37,5,1
644,645.0,0,0.48,10,1
645,712.0,0,0.23,3,0
646,511.0,0,0.07,2,2
647,411.0,0,0.51,5,0
648,695.0,0,0.61,0,2
649,668.0,1,0.76,4,0
650,631.0,0,0.18,4,0
651,456.0,0,0.18,4,0
652,648.0,0,0.67,5,3
653,683.0,1,0.48,5,2
654,773.0,0,0.61,5,2
655,577.0,0,0.34,3,0
656,613.0,0,0.28,8,0
657,428.0,1,0.3,3,2
658,677.0,0,0.4,1,2
659,676.0,0,0.39,7,1
660,632.0,0,0.2,8,4
661,695.0,0,0.42,0,5
662,537.0,0,0.53,5,0
663,583.0,0,0.47,1,0
664,586.0,0,0.36,0,5
665,688.0,4,0.47,8,3
666,690.0,1,0.29,10,0
667,625.0,5,0.1,0,3
668,621.0,0,0.23,9,1
669,644.0,0,0.36,2,1
670,573.0,1,0.33,3,2
671,709.0,0,0.19,4,0
672,564.0,0,0.16,5,1
673,634.0,0,0.15,1,1
674,552.0,3,0.18,2,0
675,676.0,1,0.38,5,0
676,592.0,0,0.16,5,1
677,765.0,1,0.21,4,0
678,590.0,1,0.24,2,1
679,675.0,0,0.32,2,4
680,550.0,0,0.15,4,2
681,575.0,1,0.25,4,1
682,597.0,0,0.23,3,1
683,628.0,0,0.28,2,1
684,540.0,0,0.53,4,4
685,554.0,0,0.07,9,4
686,607.0,1,0.2,0,2
687,632.0,0,0.41,1,1
688,597.0,1,0.26,5,0
689,586.0,0,0.33,8,0
690,494.0,0,0.35,2,0
691,640.0,0,0.16,3,0
692,667.0,0,0.45,1,0
693,677.0,0,0.12,9,2
694,612.0,0,0.23,3,0
695,552.0,0,0.14,3,3
696,574.0,0,0.29,8,0
697,612.0,0,0.73,1,3
698,598.0,1,0.23,3,0
699,532.0,0,0.2,4,0
700,465.0,0,0.45,8,2
701,556.0,2,0.55,2,1
702,578.0,0,0.49,10,0
703,625.0,0,0.36,4,4
704,567.0,0,0.29,10,2
705,580.0,0,0.51,1,1
706,609.0,0,0.14,2,2
707,725.0,0,0.79,0,1
708,587.0,0,0.13,10,0
709,476.0,0,0.55,7,3
710,545.0,0,0.36,9,3
711,745.0,0,0.19,0,1
712,715.0,0,0.36,0,1
713,675.0,0,0.55,5,3
714,656.0,1,0.39,10,0
715,657.0,1,0.21,3,4
716,581.0,5,0.03,10,4
717,669.0,0,0.46,9,1
718,672.0,0,0.33,8,1
719,668.0,0,0.05,10,2
720,552.0,0,0.34,6,2
721,574.0,1,0.11,6,3
722,549.0,0,0.08,10,2
723,680.0,0,0.5,4,3
724,624.0,0,0.13,2,0
725,631.0,0,0.36,5,1
726,646.0,1,0.29,8,3
727,487.0,0,0.17,1,2
728,671.0,0,0.04,9,2
729,557.0,0,0.14,9,1
730,564.0,0,0.3,5,1
731,533.0,0,0.55,9,0
732,606.0,0,0.15,3,2
733,595.0,0,0.27,9,1
734,489.0,5,0.66,4,5
735,457.0,4,0.14,9,1
736,584.0,0,0.07,10,1
737,665.0,0,0.25,1,1
738,657.0,0,0.48,8,3
739,680.0,1,0.2,3,1
740,584.0,0,0.17,6,1
741,572.0,1,0.11,7,0
742,591.0,0,0.25,1,6
743,664.0,2,0.63,8,2
744,729.0,0,0.3,7,0
745,563.0,0,0.46,5,0
746,579.0,0,0.06,2,1
747,602.0,0,0.24,3,2
748,579.0,0,0.39,10,0
749,554.0,2,0.29,9,0
750,590.0,0,0.12,5,1
751,537.0,0,0.38,8,0
752,658.0,0,0.3,6,1
753,718.0,0,0.46,6,4
754,577.0,0,0.1,10,1
755,733.0,3,0.36,0,0
756,591.0,0,0.35,8,1
757,544.0,0,0.41,1,0
758,655.0,0,0.11,5,3
759,526.0,0,0.09,5,1
760,650.0,1,0.12,6,0
761,620.0,0,0.38,8,1
762,568.0,2,0.02,9,0
763,559.0,0,0.26,2,0
764,530.0,0,0.48,10,0
765,683.0,0,0.27,4,1
766,582.0,0,0.16,5,1
767,625.0,1,0.23,5,0
768,599.0,0,0.17,3,3
769,583.0,1,0.15,4,0
770,626.0,0,0.44,8,3
771,641.0,0,0.35,0,0
772,611.0,0,0.42,1,1
773,585.0,0,0.17,5,1
774,513.0,0,0.04,4,2
775,552.0,2,0.3,7,0
776,576.0,0,0.4,0,2
777,601.0,0,0.35,3,1
778,461.0,0,0.11,9,2
779,650.0,1,0.13,2,1
780,626.0,0,0.32,0,2
781,553.0,1,0.38,2,3
782,527.0,0,0.11,6,1
783,545.0,0,0.17,6,0
784,494.0,4,0.5,10,0
785,573.0,1,0.33,10,0
786,586.0,1,0.27,3,1
787,673.0,1,0.24,1,2
788,638.0,0,0.63,8,1
789,700.0,0,0.69,9,0
790,609.0,0,0.47,1,1
791,527.0,1,0.65,9,2
792,739.0,0,0.31,1,2
793,575.0,3,0.25,7,1
794,476.0,0,0.43,2,0
795,618.0,0,0.33,8,1
796,473.0,0,0.43,8,0
797,593.0,1,0.67,9,2
798,562.0,0,0.15,6,0
799,642.0,0,0.77,5,0
800,676.0,0,0.29,9,0
801,574.0,0,0.11,10,0
802,568.0,0,0.11,3,3
803,661.0,0,0.19,2,0
804,539.0,0,0.21,1,0
805,605.0,1,0.19,7,1
806,643.0,0,0.39,6,3
807,537.0,0,0.32,5,4
808,576.0,0,0.4,0,0
809,608.0,0,0.45,2,0
810,706.0,0,0.55,5,2
811,503.0,0,0.31,3,1
812,588.0,0,0.59,10,1
813,708.0,0,0.22,5,2
814,678.0,1,0.4,7,6
815,578.0,2,0.6,9,0
816,594.0,1,0.32,5,1
817,637.0,0,0.28,0,1
818,638.0,0,0.47,2,1
819,710.0,0,0.42,2,1
820,691.0,1,0.44,5,5
821,489.0,1,0.41,0,0
822,472.0,3,0.38,6,3
823,557.0,4,0.29,8,2
824,452.0,1,0.06,5,4
825,705.0,0,0.17,8,2
826,480.0,3,0.23,6,2
827,576.0,0,0.28,9,0
828,530.0,0,0.5,10,1
829,473.0,1,0.77,7,0
830,694.0,0,0.45,2,0
831,554.0,0,0.43,8,0
832,753.0,0,0.34,4,3
833,712.0,1,0.42,9,4
834,600.0,0,0.1,1,2
835,432.0,0,0.47,6,0
836,573.0,0,0.55,4,0
837,783.0,0,0.13,6,0
838,634.0,0,0.45,1,3
839,587.0,1,0.15,10,0
840,551.0,0,0.49,3,1
841,671.0,0,0.45,3,1
842,630.0,1,0.13,4,0
843,623.0,0,0.42,3,1
844,691.0,0,0.41,7,0
845,687.0,0,0.08,4,0
846,635.0,0,0.12,10,0
847,473.0,1,0.39,2,1
848,521.0,2,0.3,5,3
849,551.0,2,0.06,8,0
850,597.0,2,0.32,8,1
851,720.0,0,0.58,8,0
852,764.0,0,0.48,4,0
853,631.0,1,0.05,10,1
854,644.0,1,0.05,3,0
855,479.0,0,0.61,9,2
856,566.0,0,0.07,1,4
857,556.0,0,0.09,5,1
858,549.0,1,0.57,4,2
859,646.0,0,0.31,8,0
860,564.0,0,0.46,8,1
861,448.0,0,0.11,0,1
862,667.0,2,0.06,6,3
863,696.0,0,0.2,10,2
864,623.0,1,0.53,2,0
865,587.0,2,0.46,8,2
866,528.0,3,0.2,8,3
867,533.0,0,0.24,0,1
868,686.0,0,0.39,0,1
869,540.0,0,0.19,4,2
870,761.0,0,0.44,1,1
871,676.0,0,0.39,3,1
872,627.0,0,0.52,1,2
873,817.0,0,0.4,9,0
874,702.0,0,0.38,7,0
875,566.0,0,0.73,2,0
876,518.0,1,0.14,3,0
877,566.0,2,0.21,7,3
878,592.0,1,0.67,9,4
879,539.0,1,0.34,10,1
880,510.0,0,0.06,1,0
881,619.0,0,0.25,6,0
882,671.0,0,0.43,10,0
883,749.0,0,0.49,9,1
884,606.0,1,0.38,0,2
885,648.0,3,0.52,0,4
886,452.0,0,0.09,10,0
887,669.0,0,0.4,2,0
888,519.0,0,0.19,1,0
889,624.0,0,0.37,1,1
890,597.0,0,0.07,0,0
891,581.0,0,0.25,4,3
892,481.0,0,0.3,2,1
893,539.0,0,0.05,0,2
894,524.0,1,0.1,3,4
895,552.0,0,0.44,3,2
896,695.0,1,0.41,8,3
897,572.0,3,0.42,2,2
898,546.0,0,0.46,9,0
899,652.0,1,0.45,1,0
900,626.0,0,0.3,4,5
901,763.0,0,0.54,10,1
902,681.0,1,0.23,2,1
903,441.0,2,0.15,9,0
904,664.0,0,0.23,3,0
905,655.0,1,0.28,0,1
906,733.0,1,0.3,9,1
907,584.0,0,0.38,8,3
908,688.0,0,0.53,0,0
909,572.0,0,0.27,5,1
910,623.0,0,0.51,4,3
911,516.0,0,0.26,7,2
912,490.0,4,0.05,2,0
913,670.0,1,0.36,3,4
914,600.0,0,0.32,3,0
915,498.0,0,0.46,9,1
916,665.0,0,0.57,2,5
917,381.0,0,0.47,3,0
918,535.0,0,0.14,8,1
919,467.0,1,0.33,2,0
920,696.0,0,0.55,2,1
921,565.0,0,0.37,4,0
922,606.0,1,0.39,9,4
923,624.0,0,0.64,3,0
924,665.0,3,0.46,7,0
925,656.0,3,0.43,3,0
926,664.0,0,0.35,3,0
927,579.0,0,0.35,10,1
928,668.0,1,0.36,0,0
929,548.0,0,0.43,1,4
930,568.0,5,0.25,1,2
931,477.0,0,0.24,1,1
932,734.0,1,0.16,5,0
933,521.0,0,0.37,1,5
934,713.0,0,0.14,9,0
935,643.0,0,0.19,7,4
936,616.0,0,0.37,4,0
937,629.0,0,0.55,4,2
938,515.0,0,0.11,4,2
939,728.0,1,0.24,5,1
940,571.0,0,0.03,10,0
941,681.0,0,0.15,2,0
942,557.0,0,0.13,4,1
943,485.0,0,0.46,3,4
944,759.0,0,0.14,1,0
945,552.0,3,0.16,6,1
946,637.0,1,0.29,2,0
947,358.0,2,0.07,7,0
948,594.0,0,0.46,9,0
949,648.0,0,0.49,7,4
950,611.0,2,0.33,5,1
951,592.0,3,0.64,7,2
952,583.0,0,0.02,8,2
953,670.0,3,0.47,5,0
954,497.0,0,0.29,6,1
955,581.0,0,0.4,3,3
956,715.0,0,0.15,2,2
957,481.0,0,0.1,0,2
958,591.0,2,0.61,2,1
959,512.0,0,0.54,3,0
960,624.0,0,0.42,1,0
961,603.0,0,0.27,9,0
962,524.0,1,0.73,1,2
963,602.0,0,0.58,3,0
964,605.0,1,0.2,6,0
965,551.0,3,0.41,1,0
966,567.0,0,0.52,8,3
967,548.0,0,0.24,7,0
968,418.0,0,0.51,7,1
969,674.0,0,0.32,8,0
970,696.0,0,0.48,9,0
971,460.0,0,0.37,5,3
972,697.0,0,0.18,9,0
973,632.0,0,0.29,10,0
974,512.0,1,0.26,10,3
975,583.0,0,0.67,9,1
976,544.0,0,0.1,8,1
977,674.0,0,0.13,10,2
978,527.0,2,0.33,5,0
979,770.0,0,0.09,2,1
980,693.0,0,0.53,3,0
981,502.0,0,0.26,2,0
982,731.0,0,0.31,0,2
983,658.0,0,0.15,5,0
984,588.0,3,0.38,10,0
985,654.0,0,0.47,9,4
986,674.0,1,0.34,3,1
987,539.0,3,0.21,4,0
988,667.0,0,0.04,1,0
989,565.0,0,0.34,4,2
990,665.0,0,0.41,0,0
991,589.0,1,0.17,1,0
992,519.0,1,0.09,2,5
993,650.0,2,0.14,7,1
994,570.0,0,0.32,9,1
995,612.0,1,0.38,9,2
996,633.0,0,0.52,10,0
997,718.0,0,0.45,1,1
998,565.0,2,0.68,2,0
999,532.0,2,0.42,5,0
1000,732.0,0,0.33,9,0
1001,600.0,0,0.13,0,0
1002,556.0,0,0.15,6,3
1003,629.0,0,0.62,1,0
1004,573.0,0,0.51,3,0
1005,579.0,1,0.32,7,5
1006,806.0,0,0.33,3,1
1007,521.0,0,0.32,8,0
1008,485.0,0,0.46,4,0
1009,698.0,0,0.42,10,0
1010,570.0,0,0.26,1,1
1011,626.0,0,0.35,2,0
1012,651.0,0,0.43,7,4
1013,460.0,0,0.25,10,1
1014,691.0,0,0.35,0,1
1015,555.0,0,0.26,6,4
1016,752.0,0,0.18,9,0
1017,536.0,0,0.46,9,1
1018,725.0,3,0.4,8,1
1019,740.0,0,0.19,5,1
1020,561.0,2,0.33,3,0
1021,585.0,2,0.14,6,0
1022,575.0,3,0.28,5,0
1023,722.0,2,0.86,3,0
1024,614.0,1,0.45,4,1
1025,643.0,0,0.43,1,3
1026,589.0,0,0.62,10,2
1027,638.0,0,0.23,1,4
1028,643.0,0,0.29,5,6
1029,552.0,1,0.45,4,0
1030,742.0,0,0.24,10,2
1031,584.0,0,0.06,5,2
1032,682.0,0,0.13,8,0
1033,499.0,0,0.43,6,1
1034,655.0,0,0.31,8,2
1035,685.0,0,0.19,4,1
1036,621.0,2,0.48,7,1
1037,686.0,1,0.48,9,1
1038,543.0,0,0.33,7,0
1039,638.0,1,0.36,4,0
1040,478.0,0,0.29,4,0
1041,612.0,0,0.54,5,1
1042,537.0,0,0.19,1,1
1043,594.0,0,0.5,1,4
1044,710.0,0,0.65,5,4
1045,739.0,0,0.45,2,0
1046,497.0,1,0.59,8,5
1047,700.0,0,0.15,3,0
1048,712.0,0,0.52,1,0
1049,626.0,0,0.23,4,1
1050,709.0,4,0.29,5,0
1051,567.0,0,0.09,3,1
1052,559.0,2,0.1,2,0
1053,559.0,0,0.31,6,2
1054,657.0,0,0.51,4,0
1055,592.0,0,0.13,7,0
1056,543.0,1,0.14,2,4
1057,547.0,0,0.2,9,3
1058,600.0,1,0.05,7,1
1059,532.0,0,0.19,1,0
1060,653.0,0,0.21,7,2
1061,696.0,0,0.17,4,2
1062,678.0,0,0.22,4,0
1063,833.0,0,0.1,6,0
1064,633.0,0,0.48,2,1
1065,736.0,0,0.06,10,1
1066,615.0,0,0.57,3,0
1067,578.0,0,0.1,10,1
1068,610.0,0,0.46,2,1
1069,613.0,0,0.39,2,2
1070,590.0,0,0.32,10,1
1071,513.0,0,0.51,6,0
1072,522.0,0,0.33,2,0
1073,691.0,3,0.32,5,1
1074,667.0,0,0.33,4,1
1075,742.0,0,0.23,8,1
1076,569.0,0,0.6,5,0
1077,561.0,0,0.3,0,0
1078,508.0,1,0.47,7,0
1079,684.0,0,0.42,9,1
1080,529.0,1,0.22,8,0
1081,598.0,0,0.28,2,0
1082,625.0,0,0.7,4,3
1083,475.0,0,0.33,0,2
1084,662.0,0,0.16,5,1
1085,681.0,0,0.46,3,1
1086,622.0,0,0.61,9,0
1087,593.0,0,0.43,2,3
1088,597.0,2,0.36,1,0
1089,712.0,0,0.41,7,0
1090,604.0,0,0.54,4,0
1091,598.0,0,0.33,7,0
1092,545.0,5,0.01,2,3
1093,376.0,0,0.52,9,0
1094,688.0,0,0.37,0,1
1095,600.0,0,0.28,4,2
1096,530.0,0,0.39,1,0
1097,769.0,0,0.25,7,1
1098,635.0,0,0.22,2,1
1099,584.0,0,0.43,5,2
1100,681.0,0,0.33,6,3
1101,629.0,0,0.26,2,0
1102,628.0,0,0.26,8,0
1103,551.0,0,0.14,2,1
1104,656.0,1,0.38,10,4
1105,675.0,2,0.39,7,4
1106,552.0,0,0.29,10,6
1107,448.0,0,0.1,0,3
1108,676.0,0,0.5,9,0
1109,650.0,1,0.13,10,3
1110,667.0,0,0.54,5,0
1111,604.0,0,0.49,9,1
1112,677.0,1,0.64,4,1
1113,548.0,0,0.36,5,1
1114,585.0,0,0.61,4,0
1115,516.0,0,0.68,7,2
1116,693.0,1,0.39,10,0
1117,596.0,0,0.22,2,4
1118,619.0,0,0.54,6,1
1119,635.0,0,0.42,5,0
1120,581.0,0,0.06,8,0
1121,666.0,0,0.43,4,4
1122,733.0,0,0.32,0,2
1123,678.0,0,0.76,8,1
1124,462.0,1,0.46,10,2
1125,609.0,0,0.28,10,3
1126,612.0,4,0.43,5,1
1127,699.0,3,0.05,3,5
1128,556.0,2,0.24,6,0
1129,517.0,0,0.55,9,2
1130,667.0,0,0.33,8,1
1131,598.0,0,0.16,6,6
1132,550.0,0,0.91,0,3
1133,579.0,3,0.27,2,5
1134,487.0,0,0.24,0,2
1135,614.0,2,0.13,5,1
1136,576.0,5,0.23,10,1
1137,643.0,3,0.61,6,1
1138,584.0,0,0.12,2,2
1139,603.0,4,0.65,0,0
1140,564.0,0,0.48,1,0
1141,580.0,1,0.31,3,1
1142,510.0,1,0.23,10,3
1143,683.0,0,0.18,0,0
1144,597.0,0,0.89,4,0
1145,441.0,0,0.12,4,3
1146,473.0,0,0.26,9,1
1147,683.0,1,0.49,6,1
1148,597.0,0,0.43,10,0
1149,598.0,0,0.53,9,1
1150,600.0,1,0.36,2,2
1151,639.0,0,0.22,6,0
1152,722.0,0,0.33,0,2
1153,636.0,0,0.24,7,4
1154,625.0,2,0.44,0,1
1155,554.0,3,0.19,7,0
1156,477.0,0,0.6,3,2
1157,638.0,0,0.23,7,0
1158,644.0,0,0.39,1,0
1159,688.0,0,0.13,3,2
1160,737.0,1,0.79,9,3
1161,507.0,0,0.07,6,0
1162,551.0,0,0.31,10,1
1163,653.0,0,0.31,8,1
1164,600.0,0,0.69,4,2
1165,715.0,1,0.38,4,0
1166,585.0,0,0.19,3,0
1167,760.0,0,0.33,5,2
1168,604.0,0,0.27,4,4
1169,730.0,0,0.56,1,4
1170,407.0,0,0.24,9,3
1171,639.0,0,0.33,2,4
1172,602.0,1,0.06,1,0
1173,433.0,1,0.53,1,0
1174,599.0,0,0.05,1,0
1175,501.0,0,0.07,6,1
1176,558.0,0,0.15,3,1
1177,624.0,0,0.08,0,5
1178,590.0,2,0.35,6,0
1179,629.0,1,0.25,4,0
1180,613.0,2,0.18,7,0
1181,788.0,0,0.34,2,0
1182,621.0,1,0.4,10,1
1183,609.0,0,0.29,1,0
1184,634.0,0,0.31,0,0
1185,598.0,0,0.37,3,1
1186,473.0,0,0.2,3,0
1187,655.0,1,0.06,10,0
1188,703.0,1,0.21,3,0
1189,724.0,2,0.29,6,4
1190,655.0,1,0.2,0,4
1191,578.0,0,0.31,6,0
1192,621.0,0,0.14,8,0
1193,743.0,0,0.19,7,2
1194,582.0,0,0.27,4,3
1195,505.0,0,0.7,5,1
1196,777.0,2,0.05,6,1
1197,519.0,1,0.24,4,1
1198,474.0,0,0.2,4,2
1199,626.0,0,0.31,10,4
1200,633.0,0,0.22,4,1
1201,637.0,1,0.58,10,0
1202,670.0,0,0.56,1,4
1203,587.0,0,0.68,5,1
1204,588.0,0,0.4,9,0
1205,554.0,0,0.2,2,1
1206,611.0,0,0.28,1,3
1207,643.0,4,0.36,7,1
1208,673.0,0,0.6,6,0
1209,528.0,0,0.35,5,1
1210,500.0,0,0.16,10,2
1211,671.0,0,0.14,4,1
1212,558.0,1,0.35,3,0
1213,521.0,0,0.24,4,4
1214,452.0,0,0.19,5,0
1215,713.0,0,0.46,7,0
1216,622.0,1,0.12,8,1
1217,644.0,0,0.46,4,0
1218,635.0,0,0.26,2,4
1219,617.0,0,0.37,6,3
1220,598.0,0,0.57,2,1
1221,594.0,0,0.17,1,1
1222,522.0,0,0.46,1,3
1223,459.0,2,0.32,2,2
1224,780.0,2,0.32,0,1
1225,603.0,1,0.14,7,2
1226,565.0,1,0.42,3,3
1227,536.0,0,0.42,0,0
1228,684.0,3,0.18,7,0
1229,612.0,1,0.45,9,0
1230,531.0,0,0.38,0,0
1231,576.0,0,0.23,2,0
1232,625.0,1,0.47,8,2
1233,569.0,2,0.21,8,1
1234,665.0,0,0.48,4,0
1235,770.0,0,0.09,5,3
1236,566.0,0,0.29,6,1
1237,577.0,1,0.21,5,0
1238,534.0,3,0.2,3,3
1239,588.0,0,0.17,8,1
1240,443.0,0,0.08,7,1
1241,688.0,0,0.14,5,2
1242,493.0,1,0.14,8,4
1243,535.0,0,0.31,2,2
1244,607.0,1,0.05,0,4
1245,710.0,0,0.77,3,6
1246,532.0,0,0.14,9,3
1247,585.0,0,0.5,7,2
1248,623.0,0,0.03,6,1
1249,546.0,5,0.12,6,0
1250,590.0,0,0.37,7,2
1251,473.0,1,0.55,10,1
1252,558.0,2,0.46,5,1
1253,698.0,1,0.56,3,2
1254,665.0,4,0.16,1,3
1255,564.0,0,0.4,1,0
1256,519.0,0,0.53,4,1
1257,583.0,0,0.46,7,5
1258,483.0,2,0.55,1,3
1259,584.0,1,0.22,1,0
1260,567.0,1,0.15,5,3
1261,564.0,0,0.19,1,3
1262,589.0,0,0.37,9,0
1263,643.0,2,0.18,9,5
1264,517.0,0,0.19,5,1
1265,677.0,0,0.15,8,2
1266,690.0,0,0.2,2,0
1267,776.0,2,0.49,1,0
1268,624.0,0,0.17,5,1
1269,718.0,0,0.42,8,0
1270,678.0,2,0.17,3,1
1271,615.0,0,0.49,2,0
1272,503.0,1,0.28,10,0
1273,672.0,1,0.31,4,2
1274,619.0,0,0.8,4,1
1275,743.0,0,0.63,2,0
1276,659.0,0,0.28,8,0
1277,684.0,0,0.06,2,0
1278,554.0,0,0.21,5,0
1279,620.0,0,0.37,0,4
1280,446.0,0,0.75,2,2
1281,644.0,5,0.35,10,0
1282,697.0,0,0.42,7,4
1283,711.0,0,0.24,2,4
1284,572.0,0,0.53,0,3
1285,455.0,0,0.73,3,2
1286,557.0,0,0.45,8,2
1287,594.0,0,0.05,7,1
1288,633.0,0,0.23,9,0
1289,438.0,0,0.31,7,1
1290,592.0,0,0.22,6,2
1291,517.0,0,0.39,10,0
1292,716.0,1,0.12,2,0
1293,413.0,0,0.54,1,0
1294,681.0,0,0.36,1,2
1295,587.0,0,0.26,6,2
1296,436.0,1,0.62,7,1
1297,734.0,0,0.45,7,0
1298,708.0,0,0.12,2,1
1299,700.0,0,0.12,7,0
1300,607.0,1,0.51,5,0
1301,546.0,0,0.46,10,0
1302,605.0,0,0.16,9,0
1303,644.0,1,0.44,1,0
1304,557.0,0,0.66,8,0
1305,531.0,0,0.12,1,3
1306,639.0,0,0.32,0,0
1307,616.0,0,0.49,2,3
1308,674.0,0,0.3,7,1
1309,722.0,1,0.35,9,0
1310,669.0,0,0.42,0,1
1311,508.0,0,0.13,10,1
1312,599.0,0,0.26,3,0
1313,631.0,2,0.78,3,0
1314,665.0,0,0.07,4,0
1315,669.0,0,0.38,0,2
1316,595.0,0,0.36,5,0
1317,561.0,0,0.28,7,1
1318,681.0,4,0.22,7,0
1319,630.0,1,0.15,7,1
1320,623.0,1,0.53,10,0
1321,544.0,4,0.23,5,1
1322,768.0,0,0.04,1,3
1323,620.0,0,0.3,3,2
1324,593.0,3,0.62,7,1
1325,620.0,2,0.35,7,0
1326,589.0,0,0.17,1,2
1327,497.0,0,0.21,7,1
1328,624.0,0,0.27,3,0
1329,484.0,1,0.24,1,4
1330,608.0,0,0.22,8,1
1331,473.0,0,0.31,3,4
1332,428.0,2,0.38,0,1
1333,649.0,0,0.49,10,1
1334,512.0,3,0.18,0,0
1335,635.0,0,0.42,2,0
1336,614.0,0,0.14,3,0
1337,612.0,2,0.35,6,2
1338,550.0,3,0.25,4,0
1339,590.0,3,0.17,3,0
1340,547.0,1,0.04,4,3
1341,676.0,0,0.21,8,5
1342,561.0,0,0.18,6,1
1343,580.0,0,0.53,4,0
1344,660.0,0,0.18,8,0
1345,550.0,2,0.59,5,1
1346,457.0,0,0.43,7,2
1347,515.0,0,0.37,7,2
1348,684.0,1,0.24,8,3
1349,607.0,0,0.29,3,1
1350,623.0,0,0.21,5,4
1351,624.0,2,0.48,2,2
1352,743.0,0,0.32,4,2
1353,434.0,0,0.12,0,1
1354,590.0,0,0.32,1,0
1355,602.0,0,0.13,3,3
1356,598.0,0,0.63,10,0
1357,664.0,1,0.42,7,0
1358,666.0,0,0.14,7,4
1359,583.0,0,0.13,8,0
1360,465.0,0,0.24,2,5
1361,801.0,3,0.18,10,3
1362,600.0,0,0.56,7,2
1363,607.0,0,0.08,4,3
1364,701.0,1,0.22,5,3
1365,569.0,2,0.17,3,2
1366,703.0,1,0.53,4,1
1367,575.0,2,0.5,10,2
1368,746.0,1,0.6,6,0
1369,636.0,4,0.47,5,2
1370,546.0,0,0.16,2,0
1371,774.0,0,0.11,8,3
1372,648.0,0,0.56,10,2
1373,551.0,2,0.27,8,0
1374,487.0,3,0.47,4,5
1375,656.0,0,0.52,9,5
1376,711.0,0,0.24,6,1
1377,631.0,0,0.28,4,0
1378,626.0,2,0.32,1,3
1379,725.0,0,0.27,6,4
1380,648.0,0,0.08,9,0
1381,547.0,0,0.34,10,1
1382,551.0,0,0.17,7,4
1383,644.0,2,0.35,3,3
1384,640.0,0,0.31,1,4
1385,687.0,0,0.33,7,2
1386,629.0,0,0.18,4,0
1387,654.0,0,0.71,4,2
1388,628.0,0,0.28,2,1
1389,677.0,0,0.43,0,2
1390,660.0,0,0.33,5,1
1391,579.0,0,0.3,4,3
1392,585.0,3,0.39,4,1
1393,626.0,0,0.63,1,0
1394,609.0,0,0.06,8,0
1395,705.0,4,0.27,6,2
1396,617.0,1,0.03,6,3
1397,486.0,1,0.32,0,4
1398,505.0,0,0.59,4,4
1399,581.0,0,0.28,3,0
1400,658.0,1,0.33,1,1
1401,542.0,0,0.49,10,2
1402,652.0,0,0.58,10,0
1403,539.0,2,0.26,10,0
1404,613.0,0,0.4,3,2
1405,633.0,1,0.25,1,4
1406,509.0,2,0.17,0,0
1407,632.0,1,0.11,5,2
1408,729.0,0,0.65,3,1
1409,584.0,1,0.46,9,0
1410,606.0,1,0.53,2,0
1411,620.0,0,0.26,10,3
1412,607.0,0,0.54,4,0
1413,602.0,0,0.18,9,2
1414,596.0,0,0.5,8,0
1415,475.0,1,0.23,7,0
1416,636.0,2,0.29,4,2
1417,514.0,0,0.08,8,1
1418,630.0,0,0.56,5,0
1419,656.0,1,0.32,10,2
1420,633.0,4,0.14,8,1
1421,529.0,0,0.42,6,0
1422,625.0,0,0.2,5,1
1423,583.0,2,0.19,0,2
1424,553.0,0,0.56,7,4
1425,765.0,0,0.15,8,0
1426,528.0,5,0.25,5,2
1427,640.0,1,0.22,4,0
1428,722.0,0,0.13,3,0
1429,631.0,3,0.15,5,3
1430,551.0,1,0.41,5,4
1431,556.0,4,0.15,9,0
1432,488.0,0,0.29,10,1
1433,607.0,0,0.32,3,1
1434,610.0,0,0.41,1,1
1435,580.0,0,0.39,5,3
1436,714.0,0,0.34,9,0
1437,597.0,0,0.48,2,1
1438,476.0,0,0.32,6,0
1439,721.0,0,0.16,0,3
1440,508.0,0,0.3,10,2
1441,644.0,4,0.33,1,1
1442,654.0,1,0.26,2,0
1443,597.0,0,0.46,2,0
1444,678.0,1,0.4,4,0
1445,610.0,5,0.16,8,0
1446,575.0,0,0.05,1,1
1447,437.0,1,0.54,1,1
1448,465.0,0,0.4,0,0
1449,824.0,3,0.18,0,1
1450,662.0,0,0.62,5,1
1451,704.0,1,0.39,2,0
1452,805.0,0,0.32,0,0
1453,575.0,0,0.2,7,2
1454,593.0,0,0.37,6,6
1455,472.0,0,0.64,0,0
1456,581.0,3,0.54,6,1
1457,579.0,0,0.32,4,0
1458,573.0,0,0.25,10,0
1459,688.0,2,0.25,7,0
1460,661.0,0,0.27,10,0
1461,678.0,0,0.77,7,1
1462,506.0,0,0.25,3,1
1463,606.0,0,0.21,4,1
1464,631.0,2,0.51,10,0
1465,753.0,0,0.35,8,0
1466,613.0,0,0.53,0,0
1467,591.0,0,0.55,2,0
1468,691.0,0,0.16,8,0
1469,583.0,1,0.22,4,1
1470,641.0,0,0.05,6,1
1471,639.0,0,0.11,5,0
1472,562.0,5,0.15,3,0
1473,549.0,0,0.16,3,2
1474,597.0,3,0.28,9,4
1475,565.0,0,0.48,5,0
1476,480.0,0,0.34,3,1
1477,658.0,0,0.3,10,0
1478,646.0,2,0.39,5,0
1479,541.0,0,0.23,7,0
1480,533.0,2,0.27,7,1
1481,639.0,1,0.64,2,0
1482,740.0,0,0.4,2,1
1483,682.0,0,0.27,5,4
1484,696.0,2,0.24,1,0
1485,576.0,0,0.27,3,1
1486,633.0,2,0.19,7,0
1487,589.0,0,0.52,2,1
1488,542.0,1,0.1,2,2
1489,616.0,0,0.12,10,0
1490,531.0,1,0.31,2,0
1491,540.0,2,0.3,6,1
1492,564.0,1,0.36,2,3
1493,573.0,3,0.22,9,0
1494,598.0,0,0.31,8,0
1495,435.0,1,0.13,7,0
1496,525.0,0,0.17,3,2
1497,726.0,0,0.13,6,1
1498,599.0,0,0.08,8,1
1499,645.0,0,0.55,6,0
1500,633.0,5,0.35,6,0
1501,591.0,0,0.25,5,3
1502,529.0,0,0.38,5,1
1503,556.0,5,0.35,6,3
1504,757.0,0,0.1,9,1
1505,557.0,0,0.55,2,1
1506,738.0,0,0.38,6,3
1507,567.0,0,0.17,8,1
1508,574.0,0,0.18,2,2
1509,606.0,0,0.55,1,0
1510,586.0,2,0.07,10,0
1511,525.0,3,0.23,8,1
1512,599.0,5,0.2,3,0
1513,482.0,0,0.58,0,0
1514,629.0,0,0.34,5,0
1515,618.0,0,0.17,7,2
1516,658.0,4,0.55,4,1
1517,560.0,0,0.1,7,0
1518,659.0,0,0.58,8,5
1519,634.0,3,0.33,3,2
1520,610.0,0,0.48,5,0
1521,758.0,0,0.24,8,0
1522,638.0,0,0.44,3,3
1523,563.0,1,0.24,3,0
1524,723.0,0,0.22,7,0
1525,641.0,0,0.07,4,0
1526,742.0,0,0.24,5,0
1527,452.0,2,0.55,6,2
1528,576.0,2,0.22,0,1
1529,576.0,0,0.16,7,0
1530,449.0,0,0.68,7,0
1531,613.0,0,0.33,8,4
1532,570.0,0,0.06,1,1
1533,440.0,3,0.43,0,2
1534,539.0,0,0.82,10,0
1535,711.0,0,0.45,0,6
1536,673.0,1,0.29,8,2
1537,543.0,4,0.31,8,0
1538,541.0,0,0.36,4,4
1539,669.0,0,0.56,3,0
1540,443.0,5,0.39,0,0
1541,647.0,0,0.12,9,0
1542,453.0,1,0.13,3,3
1543,731.0,0,0.45,10,1
1544,653.0,0,0.45,7,1
1545,452.0,0,0.34,0,1
1546,570.0,0,0.12,9,4
1547,625.0,0,0.62,9,0
1548,441.0,0,0.63,8,0
1549,597.0,0,0.08,10,2
1550,639.0,0,0.43,8,0
1551,435.0,1,0.11,6,0
1552,660.0,0,0.2,1,3
1553,590.0,1,0.3,5,0
1554,673.0,0,0.35,2,0
1555,581.0,1,0.21,4,0
1556,515.0,0,0.31,8,2
1557,508.0,0,0.32,9,0
1558,575.0,0,0.31,4,3
1559,585.0,1,0.21,2,0
1560,685.0,0,0.33,9,0
1561,578.0,1,0.34,7,3
1562,475.0,0,0.42,0,0
1563,563.0,5,0.37,4,1
1564,478.0,0,0.45,6,4
1565,628.0,0,0.04,1,0
1566,646.0,0,0.57,5,1
1567,660.0,0,0.62,5,2
1568,576.0,0,0.19,8,1
1569,544.0,1,0.61,4,0
1570,559.0,1,0.14,1,0
1571,593.0,0,0.13,4,1
1572,559.0,0,0.19,2,0
1573,729.0,0,0.4,8,0
1574,571.0,0,0.24,5,0
1575,592.0,1,0.49,5,1
1576,540.0,0,0.25,6,3
1577,542.0,2,0.1,9,2
1578,498.0,0,0.32,1,1
1579,518.0,0,0.58,0,0
1580,750.0,0,0.38,9,0
1581,644.0,0,0.2,10,0
1582,573.0,0,0.15,9,1
1583,547.0,0,0.13,2,2
1584,699.0,0,0.55,1,0
1585,533.0,2,0.36,3,1
1586,464.0,1,0.18,9,2
1587,638.0,0,0.19,9,1
1588,526.0,0,0.07,10,5
1589,497.0,1,0.37,3,0
1590,513.0,0,0.26,2,2
1591,633.0,0,0.48,3,0
1592,592.0,1,0.55,9,0
1593,521.0,1,0.56,0,0
1594,638.0,0,0.17,6,0
1595,534.0,1,0.16,1,0
1596,469.0,2,0.26,8,3
1597,495.0,0,0.54,3,1
1598,602.0,1,0.75,6,2
1599,537.0,0,0.26,4,2
1600,608.0,0,0.08,3,3
1601,689.0,1,0.32,8,0
1602,550.0,0,0.48,7,0
1603,813.0,0,0.52,8,2
1604,622.0,0,0.1,7,3
1605,586.0,0,0.53,8,0
1606,493.0,1,0.61,7,1
1607,572.0,1,0.13,1,0
1608,580.0,1,0.48,8,4
1609,661.0,4,0.12,4,2
1610,552.0,0,0.51,7,5
1611,635.0,0,0.62,0,0
1612,603.0,0,0.14,4,0
1613,678.0,0,0.11,3,2
1614,684.0,0,0.38,3,2
1615,627.0,0,0.47,4,1
1616,661.0,0,0.26,10,0
1617,690.0,5,0.32,7,0
1618,643.0,1,0.46,8,1
1619,622.0,2,0.23,6,0
1620,633.0,0,0.58,9,0
1621,729.0,0,0.12,8,1
1622,609.0,0,0.51,1,1
1623,658.0,0,0.23,7,1
1624,546.0,0,0.41,4,2
1625,720.0,0,0.18,5,0
1626,636.0,0,0.3,3,1
1627,572.0,1,0.01,0,4
1628,594.0,3,0.35,9,0
1629,583.0,0,0.18,2,0
1630,600.0,0,0.39,3,0
1631,617.0,0,0.68,6,1
1632,584.0,0,0.11,10,3
1633,473.0,0,0.18,2,1
1634,742.0,0,0.46,8,2
1635,621.0,0,0.17,1,1
1636,622.0,0,0.42,9,1
1637,596.0,0,0.29,2,2
1638,673.0,0,0.03,1,0
1639,604.0,1,0.39,6,2
1640,575.0,3,0.31,10,1
1641,580.0,0,0.24,10,4
1642,700.0,1,0.33,4,0
1643,616.0,0,0.43,0,0
1644,597.0,0,0.09,0,0
1645,565.0,0,0.49,2,0
1646,574.0,0,0.22,6,3
1647,686.0,2,0.28,4,1
1648,527.0,3,0.39,9,1
1649,654.0,0,0.74,1,2
1650,657.0,1,0.1,8,0
1651,617.0,0,0.28,10,0
1652,585.0,1,0.59,7,0
1653,481.0,0,0.01,10,4
1654,653.0,0,0.24,10,0
1655,472.0,1,0.34,3,0
1656,613.0,0,0.24,10,4
1657,604.0,0,0.31,1,3
1658,661.0,4,0.45,9,2
1659,528.0,0,0.56,10,0
1660,524.0,0,0.28,8,0
1661,643.0,0,0.2,8,0
1662,586.0,0,0.11,3,3
1663,439.0,0,0.43,7,4
1664,600.0,2,0.53,5,2
1665,745.0,0,0.08,1,3
1666,644.0,0,0.21,5,1
1667,505.0,0,0.24,9,0
1668,638.0,0,0.5,5,2
1669,679.0,0,0.39,5,3
1670,462.0,0,0.3,8,3
1671,577.0,0,0.38,10,0
1672,704.0,1,0.2,10,5
1673,478.0,2,0.16,9,1
1674,578.0,0,0.35,2,1
1675,583.0,0,0.58,2,1
1676,567.0,0,0.36,8,0
1677,710.0,0,0.46,8,1
1678,698.0,0,0.47,6,1
1679,576.0,0,0.33,7,4
1680,519.0,0,0.58,7,5
1681,702.0,1,0.43,1,0
1682,662.0,0,0.36,5,0
1683,599.0,0,0.39,6,0
1684,652.0,5,0.11,7,0
1685,652.0,0,0.63,2,1
1686,530.0,4,0.22,6,1
1687,552.0,0,0.12,4,0
1688,600.0,0,0.68,7,0
1689,445.0,0,0.14,2,2
1690,573.0,0,0.35,10,3
1691,537.0,2,0.08,4,2
1692,614.0,0,0.18,0,0
1693,510.0,0,0.28,3,1
1694,634.0,0,0.66,3,4
1695,618.0,0,0.35,3,6
1696,592.0,0,0.27,7,5
1697,638.0,0,0.64,0,3
1698,647.0,0,0.38,4,1
1699,581.0,0,0.06,1,3
1700,603.0,2,0.24,4,4
1701,546.0,0,0.37,3,1
1702,545.0,2,0.66,4,0
1703,726.0,0,0.07,4,0
1704,584.0,1,0.1,8,2
1705,599.0,0,0.16,9,1
1706,594.0,0,0.25,0,1
1707,630.0,0,0.31,4,0
1708,556.0,1,0.23,4,0
1709,564.0,0,0.19,4,6
1710,675.0,0,0.52,7,0
1711,481.0,0,0.21,7,3
1712,615.0,0,0.09,4,1
1713,534.0,0,0.22,6,0
1714,439.0,0,0.32,0,1
1715,594.0,0,0.26,1,3
1716,508.0,2,0.38,10,1
1717,493.0,2,0.36,6,4
1718,808.0,0,0.14,4,5
1719,643.0,0,0.42,10,3
1720,645.0,2,0.13,10,2
1721,596.0,1,0.45,0,0
1722,504.0,0,0.32,10,2
1723,587.0,2,0.3,1,1
1724,572.0,2,0.34,1,0
1725,446.0,0,0.11,1,2
1726,743.0,2,0.24,7,1
1727,593.0,0,0.23,6,2
1728,533.0,2,0.15,3,2
1729,610.0,0,0.14,9,2
1730,490.0,0,0.15,2,0
1731,525.0,0,0.69,4,0
1732,723.0,0,0.31,6,2
1733,558.0,0,0.1,9,0
1734,599.0,0,0.56,5,5
1735,608.0,0,0.24,9,6
1736,586.0,2,0.24,9,4
1737,557.0,0,0.58,6,1
1738,782.0,2,0.09,7,4
1739,541.0,0,0.13,4,0
1740,528.0,0,0.54,8,1
1741,639.0,2,0.55,3,5
1742,497.0,0,0.36,8,0
1743,682.0,0,0.32,1,2
1744,584.0,0,0.58,0,1
1745,610.0,0,0.38,0,0
1746,624.0,1,0.29,3,0
1747,573.0,0,0.35,1,0
1748,673.0,0,0.26,6,2
1749,652.0,3,0.28,6,2
1750,641.0,0,0.35,8,5
1751,479.0,0,0.31,3,2
1752,572.0,1,0.34,8,2
1753,591.0,0,0.28,9,1
1754,739.0,1,0.34,9,0
1755,487.0,0,0.52,8,1
1756,549.0,0,0.05,7,0
1757,687.0,0,0.34,0,3
1758,525.0,2,0.03,1,1
1759,547.0,1,0.4,10,2
1760,734.0,0,0.15,3,4
1761,629.0,0,0.63,10,0
1762,669.0,0,0.46,6,0
1763,658.0,0,0.46,6,0
1764,609.0,0,0.66,6,2
1765,607.0,0,0.22,3,0
1766,671.0,0,0.15,0,0
1767,532.0,0,0.46,2,1
1768,739.0,0,0.24,5,1
1769,557.0,0,0.53,2,0
1770,682.0,1,0.24,10,1
1771,640.0,0,0.26,5,1
1772,556.0,1,0.58,0,2
1773,639.0,0,0.29,4,1
1774,610.0,2,0.38,4,3
1775,459.0,0,0.28,7,0
1776,593.0,1,0.18,6,1
1777,500.0,0,0.07,4,3
1778,641.0,0,0.51,10,0
1779,589.0,0,0.26,6,0
1780,670.0,0,0.48,0,1
1781,544.0,1,0.12,3,1
1782,496.0,0,0.43,9,4
1783,514.0,0,0.4,7,3
1784,762.0,0,0.26,3,0
1785,842.0,0,0.47,3,0
1786,760.0,0,0.1,3,0
1787,477.0,0,0.68,6,1
1788,490.0,0,0.17,2,0
1789,515.0,0,0.1,4,0
1790,662.0,0,0.52,9,3
1791,769.0,4,0.11,6,1
1792,672.0,2,0.79,1,0
1793,615.0,0,0.4,6,0
1794,526.0,0,0.45,0,0
1795,577.0,3,0.55,5,0
1796,607.0,2,0.3,8,0
1797,671.0,1,0.67,4,0
1798,560.0,0,0.18,9,1
1799,632.0,1,0.35,9,1
1800,622.0,1,0.17,2,2
1801,608.0,1,0.53,3,1
1802,568.0,1,0.35,10,1
1803,610.0,0,0.37,2,1
1804,592.0,3,0.06,10,0
1805,537.0,3,0.45,4,0
1806,671.0,0,0.21,1,2
1807,726.0,5,0.2,10,0
1808,614.0,0,0.1,1,0
1809,596.0,0,0.27,6,0
1810,661.0,0,0.48,4,0
1811,615.0,0,0.33,10,5
1812,691.0,0,0.51,7,1
1813,609.0,3,0.45,8,0
1814,647.0,0,0.24,0,2
1815,739.0,2,0.14,3,0
1816,701.0,0,0.38,6,3
1817,587.0,0,0.48,4,6
1818,687.0,0,0.29,9,1
1819,515.0,0,0.56,8,0
1820,584.0,5,0.26,5,4
1821,667.0,0,0.11,4,0
1822,722.0,0,0.38,0,0
1823,540.0,2,0.31,9,2
1824,598.0,0,0.71,2,2
1825,600.0,0,0.2,8,0
1826,593.0,0,0.17,6,2
1827,503.0,1,0.23,6,4
1828,640.0,0,0.57,6,3
1829,498.0,0,0.46,5,0
1830,691.0,1,0.32,1,0
1831,708.0,0,0.66,10,5
1832,549.0,1,0.52,6,1
1833,498.0,3,0.15,10,3
1834,597.0,0,0.31,3,0
1835,558.0,0,0.21,2,0
1836,583.0,0,0.4,1,0
1837,607.0,0,0.73,5,0
1838,526.0,0,0.11,6,3
1839,733.0,3,0.19,6,0
1840,549.0,0,0.5,7,3
1841,675.0,0,0.34,8,2
1842,529.0,0,0.5,2,1
1843,605.0,1,0.41,0,1
1844,636.0,0,0.21,8,1
1845,611.0,0,0.09,7,0
1846,580.0,2,0.32,0,2
1847,561.0,0,0.31,6,0
1848,567.0,0,0.48,2,0
1849,546.0,2,0.25,8,1
1850,627.0,0,0.21,4,0
1851,747.0,0,0.39,3,0
1852,629.0,0,0.32,5,1
1853,648.0,1,0.48,4,3
1854,687.0,0,0.1,6,2
1855,564.0,2,0.11,7,1
1856,456.0,1,0.31,3,2
1857,600.0,0,0.08,4,1
1858,668.0,0,0.57,1,1
1859,761.0,1,0.31,10,1
1860,522.0,0,0.47,10,2
1861,688.0,0,0.26,2,4
1862,621.0,0,0.36,1,2
1863,569.0,1,0.18,3,1
1864,516.0,0,0.08,0,0
1865,553.0,0,0.24,5,0
1866,646.0,1,0.25,5,0
1867,698.0,4,0.31,5,1
1868,382.0,0,0.19,1,0
1869,641.0,0,0.19,10,0
1870,554.0,0,0.45,7,0
1871,562.0,0,0.27,9,5
1872,633.0,0,0.14,7,0
1873,754.0,1,0.11,3,1
1874,543.0,0,0.24,5,5
1875,592.0,2,0.8,0,0
1876,474.0,0,0.2,3,0
1877,635.0,0,0.56,9,1
1878,545.0,0,0.24,7,2
1879,726.0,0,0.41,3,3
1880,629.0,3,0.41,6,2
1881,577.0,4,0.15,1,0
1882,578.0,1,0.14,3,0
1883,629.0,0,0.2,3,1
1884,655.0,1,0.12,1,0
1885,506.0,3,0.45,5,0
1886,588.0,0,0.41,1,3
1887,600.0,0,0.06,6,2
1888,617.0,0,0.6,6,0
1889,704.0,0,0.55,3,1
1890,486.0,0,0.43,4,5
1891,676.0,0,0.79,4,1
1892,629.0,0,0.35,7,2
1893,560.0,0,0.2,5,2
1894,665.0,0,0.43,0,1
1895,569.0,2,0.34,8,3
1896,455.0,0,0.29,10,0
1897,325.0,0,0.3,4,1
1898,503.0,1,0.45,6,1
1899,556.0,0,0.16,7,3
1900,614.0,1,0.35,2,1
1901,648.0,2,0.28,7,0
1902,579.0,0,0.56,2,2
1903,487.0,0,0.28,1,0
1904,570.0,0,0.21,9,2
1905,583.0,0,0.34,8,0
1906,739.0,0,0.45,0,0
1907,645.0,1,0.25,0,1
1908,467.0,0,0.4,1,0
1909,575.0,1,0.51,9,1
1910,656.0,0,0.39,8,3
1911,602.0,0,0.69,10,0
1912,470.0,0,0.34,10,1
1913,665.0,0,0.22,8,2
1914,629.0,0,0.23,4,0
1915,587.0,1,0.28,9,0
1916,535.0,4,0.12,1,1
1917,681.0,0,0.18,1,4
1918,455.0,3,0.67,7,2
1919,476.0,0,0.18,0,3
1920,541.0,4,0.32,2,4
1921,624.0,0,0.22,3,1
1922,491.0,0,0.43,10,0
1923,556.0,1,0.26,1,0
1924,573.0,0,0.67,9,2
1925,627.0,4,0.26,8,2
1926,578.0,2,0.26,9,0
1927,578.0,0,0.23,8,2
1928,544.0,0,0.04,0,0
1929,687.0,0,0.06,0,1
1930,653.0,0,0.26,10,0
1931,650.0,0,0.27,4,2
1932,538.0,0,0.26,7,2
1933,559.0,0,0.59,10,3
1934,638.0,0,0.14,0,0
1935,553.0,2,0.21,3,1
1936,526.0,0,0.37,7,0
1937,623.0,0,0.07,6,1
1938,495.0,0,0.61,10,0
1939,583.0,0,0.25,5,3
1940,671.0,1,0.16,3,0
1941,612.0,0,0.41,3,0
1942,516.0,1,0.32,7,1
1943,638.0,0,0.24,2,0
1944,552.0,0,0.25,3,2
1945,668.0,3,0.41,4,4
1946,641.0,0,0.49,7,1
1947,572.0,0,0.11,0,3
1948,540.0,0,0.8,5,0
1949,532.0,0,0.75,5,1
1950,807.0,1,0.33,1,4
1951,417.0,0,0.17,3,0
1952,459.0,0,0.12,0,1
1953,688.0,1,0.46,10,3
1954,671.0,1,0.71,8,1
1955,629.0,1,0.35,8,0
1956,441.0,0,0.43,2,0
1957,643.0,0,0.18,4,3
1958,522.0,0,0.52,4,1
1959,592.0,0,0.8,1,1
1960,633.0,1,0.18,9,0
1961,641.0,2,0.34,0,1
1962,548.0,1,0.39,9,1
1963,703.0,0,0.27,1,2
1964,665.0,0,0.53,7,0
1965,523.0,0,0.21,10,1
1966,562.0,0,0.35,3,5
1967,539.0,0,0.62,2,0
1968,595.0,1,0.43,1,2
1969,650.0,1,0.41,10,0
1970,452.0,5,0.41,1,1
1971,441.0,0,0.4,8,0
1972,533.0,0,0.23,10,2
1973,708.0,0,0.1,7,4
1974,619.0,2,0.29,6,2
1975,726.0,0,0.34,1,0
1976,588.0,0,0.49,4,3
1977,533.0,0,0.22,7,0
1978,466.0,1,0.14,10,2
1979,534.0,0,0.35,3,0
1980,550.0,0,0.3,5,3
1981,406.0,1,0.26,0,3
1982,533.0,0,0.6,4,2
1983,532.0,0,0.1,6,0
1984,602.0,0,0.58,1,0
1985,597.0,0,0.09,9,0
1986,626.0,0,0.27,0,0
1987,470.0,5,0.37,8,1
1988,509.0,0,0.08,7,0
1989,674.0,0,0.37,9,2
1990,579.0,0,0.03,0,1
1991,668.0,0,0.63,10,1
1992,589.0,0,0.31,0,1
1993,615.0,1,0.21,10,0
1994,642.0,2,0.28,10,1
1995,555.0,0,0.08,1,1
1996,547.0,1,0.2,6,1
1997,546.0,0,0.34,7,1
1998,594.0,0,0.42,9,0
1999,646.0,0,0.31,2,0
2000,567.0,0,0.5,1,1
2001,692.0,0,0.06,6,0
2002,740.0,0,0.48,10,0
2003,530.0,1,0.18,6,2
2004,695.0,3,0.58,7,1
2005,599.0,0,0.23,9,0
2006,630.0,0,0.51,3,1
2007,589.0,1,0.35,4,4
2008,698.0,0,0.08,9,4
2009,628.0,0,0.46,2,1
2010,572.0,0,0.18,1,4
2011,567.0,0,0.26,0,3
2012,504.0,0,0.24,9,0
2013,554.0,0,0.12,8,0
2014,698.0,0,0.45,7,0
2015,687.0,5,0.2,3,0
2016,549.0,0,0.26,5,1
2017,512.0,3,0.11,5,1
2018,676.0,0,0.24,9,0
2019,634.0,0,0.16,10,1
2020,442.0,0,0.01,0,0
2021,830.0,1,0.55,6,0
2022,601.0,0,0.45,6,0
2023,736.0,0,0.17,6,0
2024,614.0,0,0.36,5,2
2025,517.0,5,0.59,10,0
2026,616.0,0,0.34,1,4
2027,483.0,0,0.54,2,4
2028,590.0,1,0.11,2,0
2029,513.0,0,0.12,7,3
2030,584.0,0,0.19,2,2
2031,620.0,0,0.25,3,1
2032,624.0,0,0.62,2,0
2033,483.0,0,0.22,2,1
2034,548.0,0,0.52,7,4
2035,442.0,0,0.29,1,0
2036,650.0,0,0.34,10,4
2037,616.0,1,0.2,1,2
2038,506.0,0,0.33,7,0
2039,712.0,0,0.58,0,1
2040,637.0,3,0.22,6,0
2041,592.0,1,0.32,0,2
2042,562.0,0,0.29,5,0
2043,549.0,1,0.09,2,0
2044,537.0,0,0.08,1,0
2045,694.0,0,0.24,3,5
2046,622.0,0,0.44,8,0
2047,516.0,0,0.14,3,1
2048,704.0,3,0.22,10,0
2049,593.0,0,0.5,9,1
2050,526.0,1,0.23,4,0
2051,758.0,0,0.17,4,2
2052,512.0,0,0.55,1,0
2053,534.0,0,0.73,0,4
2054,600.0,0,0.15,7,1
2055,626.0,0,0.12,9,4
2056,540.0,0,0.69,8,0
2057,423.0,0,0.39,7,0
2058,603.0,0,0.52,1,1
2059,516.0,0,0.49,7,1
2060,571.0,0,0.42,2,3
2061,535.0,1,0.08,9,0
2062,513.0,0,0.07,3,2
2063,579.0,1,0.54,0,1
2064,549.0,4,0.03,3,4
2065,533.0,0,0.26,4,3
2066,677.0,0,0.28,3,0
2067,520.0,0,0.05,1,0
2068,580.0,0,0.47,6,1
2069,597.0,0,0.26,3,1
2070,465.0,3,0.08,9,3
2071,511.0,0,0.62,5,0
2072,597.0,2,0.46,6,1
2073,594.0,0,0.28,1,6
2074,537.0,1,0.3,1,0
2075,598.0,0,0.28,8,0
2076,621.0,0,0.53,1,0
2077,647.0,3,0.09,8,0
2078,653.0,1,0.27,10,0
2079,697.0,0,0.67,4,2
2080,609.0,0,0.18,0,1
2081,489.0,0,0.22,7,0
2082,576.0,0,0.35,10,0
2083,498.0,0,0.14,5,1
2084,668.0,3,0.48,5,1
2085,710.0,0,0.15,8,0
2086,600.0,0,0.29,0,0
2087,693.0,0,0.1,3,0
2088,688.0,0,0.24,2,0
2089,624.0,1,0.49,0,3
2090,642.0,0,0.32,6,0
2091,676.0,0,0.24,5,0
2092,488.0,0,0.2,2,0
2093,620.0,0,0.42,2,3
2094,644.0,5,0.55,10,2
2095,485.0,0,0.17,5,2
2096,753.0,1,0.34,0,1
2097,687.0,2,0.2,2,1
2098,688.0,0,0.21,3,4
2099,633.0,0,0.29,9,0
2100,524.0,0,0.15,3,1
2101,499.0,2,0.31,5,2
2102,592.0,0,0.36,7,1
2103,656.0,0,0.33,0,5
2104,643.0,0,0.03,10,2
2105,737.0,1,0.25,1,1
2106,575.0,0,0.56,10,0
2107,571.0,0,0.2,6,3
2108,601.0,0,0.52,4,0
2109,508.0,0,0.14,10,2
2110,720.0,0,0.22,7,0
2111,580.0,0,0.29,7,1
2112,620.0,0,0.8,10,1
2113,665.0,0,0.18,2,1
2114,540.0,2,0.49,8,1
2115,622.0,0,0.14,2,2
2116,599.0,0,0.69,1,1
2117,678.0,0,0.25,4,1
2118,601.0,0,0.5,10,1
2119,371.0,0,0.01,7,1
2120,525.0,2,0.16,4,3
2121,480.0,0,0.43,1,1
2122,754.0,1,0.57,4,1
2123,713.0,1,0.33,7,0
2124,428.0,0,0.46,0,0
2125,519.0,2,0.33,4,3
2126,489.0,0,0.37,9,3
2127,617.0,0,0.1,0,0
2128,524.0,0,0.2,10,0
2129,579.0,0,0.37,7,2
2130,490.0,0,0.5,9,4
2131,634.0,2,0.39,6,2
2132,466.0,0,0.22,2,0
2133,800.0,3,0.32,8,1
2134,720.0,0,0.72,1,3
2135,799.0,1,0.1,0,0
2136,649.0,0,0.14,2,0
2137,725.0,0,0.15,1,4
2138,671.0,0,0.49,2,1
2139,520.0,0,0.48,0,1
2140,570.0,2,0.23,3,0
2141,634.0,0,0.26,9,2
2142,692.0,0,0.32,5,1
2143,599.0,1,0.14,8,0
2144,644.0,0,0.18,10,2
2145,573.0,0,0.05,5,4
2146,567.0,0,0.57,4,4
2147,482.0,0,0.39,6,0
2148,635.0,1,0.44,2,0
2149,561.0,5,0.18,10,1
2150,497.0,0,0.56,2,1
2151,553.0,0,0.18,10,4
2152,623.0,0,0.51,6,1
2153,653.0,0,0.28,3,2
2154,585.0,0,0.37,7,2
2155,685.0,2,0.08,7,1
2156,719.0,3,0.15,5,0
2157,577.0,4,0.41,5,1
2158,678.0,0,0.29,8,1
2159,547.0,0,0.56,8,0
2160,496.0,0,0.24,0,0
2161,524.0,2,0.01,8,0
2162,531.0,1,0.2,6,0
2163,565.0,0,0.83,4,0
2164,759.0,0,0.28,6,2
2165,558.0,2,0.06,3,1
2166,570.0,0,0.59,9,3
2167,612.0,0,0.41,5,0
2168,494.0,0,0.28,2,6
2169,612.0,0,0.6,5,1
2170,653.0,0,0.1,4,2
2171,719.0,2,0.61,1,0
2172,705.0,0,0.16,5,0
2173,629.0,0,0.17,2,0
2174,582.0,2,0.14,5,0
2175,587.0,0,0.34,1,0
2176,633.0,0,0.42,3,0
2177,596.0,1,0.14,3,4
2178,593.0,0,0.67,5,3
2179,525.0,0,0.54,0,0
2180,654.0,0,0.47,1,0
2181,624.0,3,0.33,6,0
2182,539.0,1,0.76,4,4
2183,719.0,0,0.21,0,1
2184,617.0,0,0.33,10,3
2185,486.0,2,0.25,9,1
2186,676.0,1,0.44,2,1
2187,546.0,0,0.45,2,0
2188,567.0,1,0.28,1,0
2189,585.0,0,0.56,9,1
2190,669.0,0,0.33,0,1
2191,595.0,2,0.27,10,3
2192,649.0,0,0.4,8,2
2193,474.0,0,0.32,0,0
2194,512.0,0,0.43,6,1
2195,603.0,0,0.17,8,0
2196,542.0,5,0.3,2,2
2197,584.0,0,0.85,1,0
2198,660.0,1,0.05,4,1
2199,536.0,1,0.43,2,0
2200,541.0,1,0.13,2,2
2201,609.0,1,0.22,7,2
2202,430.0,1,0.25,7,0
2203,681.0,0,0.24,9,0
2204,610.0,0,0.37,1,0
2205,607.0,3,0.46,0,6
2206,557.0,0,0.52,8,3
2207,655.0,0,0.49,7,1
2208,587.0,0,0.36,3,3
2209,698.0,0,0.15,4,0
2210,463.0,0,0.3,5,0
2211,605.0,0,0.16,7,2
2212,603.0,0,0.33,8,3
2213,625.0,0,0.49,8,0
2214,712.0,4,0.08,5,2
2215,491.0,0,0.44,4,0
2216,488.0,5,0.1,4,0
2217,572.0,0,0.51,9,2
2218,449.0,0,0.23,4,1
2219,785.0,0,0.23,5,2
2220,675.0,0,0.57,5,0
2221,641.0,4,0.6,8,2
2222,663.0,0,0.2,1,2
2223,702.0,1,0.55,0,0
2224,551.0,1,0.27,3,0
2225,571.0,0,0.32,0,0
2226,627.0,0,0.26,6,0
2227,560.0,0,0.13,10,0
2228,526.0,0,0.15,2,1
2229,558.0,1,0.65,1,0
2230,631.0,0,0.19,6,5
2231,673.0,3,0.55,10,3
2232,498.0,1,0.07,2,1
2233,585.0,0,0.35,0,3
2234,596.0,0,0.25,7,5
2235,489.0,0,0.59,10,1
2236,636.0,0,0.35,1,0
2237,591.0,0,0.31,6,3
2238,525.0,0,0.35,5,0
2239,561.0,3,0.52,2,0
2240,643.0,0,0.42,8,1
2241,678.0,0,0.42,3,0
2242,627.0,0,0.53,3,0
2243,752.0,0,0.5,4,1
2244,689.0,0,0.52,8,0
2245,644.0,0,0.37,0,3
2246,544.0,0,0.26,3,3
2247,690.0,3,0.22,8,1
2248,539.0,0,0.25,8,0
2249,660.0,0,0.24,8,0
2250,404.0,0,0.45,9,1
2251,560.0,0,0.12,2,0
2252,488.0,2,0.24,0,0
2253,577.0,0,0.46,1,0
2254,477.0,2,0.1,2,1
2255,602.0,0,0.54,4,3
2256,637.0,0,0.35,10,3
2257,548.0,1,0.04,10,0
2258,574.0,0,0.51,1,0
2259,618.0,1,0.24,1,2
2260,596.0,0,0.24,1,0
2261,708.0,0,0.15,9,1
2262,545.0,0,0.15,0,2
2263,643.0,0,0.09,4,0
2264,621.0,1,0.07,2,1
2265,473.0,0,0.46,9,1
2266,607.0,0,0.07,6,0
2267,593.0,0,0.33,7,1
2268,561.0,0,0.31,2,3
2269,742.0,0,0.19,8,3
2270,703.0,0,0.59,10,1
2271,539.0,0,0.16,8,0
2272,651.0,0,0.22,5,1
2273,660.0,0,0.21,0,2
2274,612.0,2,0.47,6,1
2275,512.0,0,0.24,6,0
2276,524.0,0,0.24,2,2
2277,642.0,0,0.17,0,0
2278,641.0,1,0.13,6,5
2279,577.0,0,0.04,8,0
2280,705.0,1,0.41,2,0
2281,719.0,0,0.27,6,1
2282,719.0,0,0.14,10,2
2283,719.0,1,0.37,6,2
2284,599.0,0,0.21,9,0
2285,493.0,0,0.5,8,1
2286,574.0,0,0.47,0,2
2287,591.0,0,0.18,7,3
2288,550.0,0,0.12,4,1
2289,570.0,0,0.48,1,0
2290,508.0,0,0.4,4,1
2291,657.0,1,0.19,2,1
2292,730.0,1,0.44,5,0
2293,791.0,2,0.38,4,4
2294,620.0,3,0.17,8,0
2295,586.0,0,0.59,8,0
2296,597.0,1,0.28,9,0
2297,709.0,0,0.2,7,0
2298,708.0,1,0.21,6,3
2299,581.0,0,0.4,7,2
2300,696.0,1,0.24,7,0
2301,613.0,0,0.55,5,4
2302,541.0,0,0.19,3,1
2303,588.0,0,0.3,9,1
2304,736.0,0,0.35,0,0
2305,658.0,0,0.18,2,3
2306,559.0,0,0.6,0,1
2307,675.0,0,0.5,3,0
2308,657.0,0,0.12,0,1
2309,575.0,0,0.51,2,0
2310,540.0,0,0.54,8,0
2311,511.0,0,0.18,3,0
2312,468.0,0,0.56,2,1
2313,548.0,2,0.18,3,3
2314,586.0,0,0.21,7,2
2315,701.0,1,0.08,0,2
2316,666.0,0,0.41,1,0
2317,616.0,0,0.34,9,0
2318,450.0,0,0.4,8,1
2319,624.0,1,0.29,10,4
2320,468.0,0,0.33,6,1
2321,670.0,1,0.6,10,0
2322,672.0,0,0.38,4,0
2323,604.0,0,0.3,3,0
2324,665.0,3,0.33,9,0
2325,681.0,0,0.55,10,1
2326,609.0,0,0.41,7,0
2327,588.0,0,0.19,10,0
2328,494.0,0,0.64,9,1
2329,572.0,1,0.37,2,0
2330,520.0,0,0.18,7,0
2331,519.0,0,0.61,3,5
2332,541.0,0,0.25,0,3
2333,443.0,1,0.32,3,3
2334,678.0,0,0.04,6,0
2335,618.0,0,0.18,1,5
2336,693.0,1,0.26,5,1
2337,664.0,0,0.44,4,0
2338,640.0,0,0.31,9,0
2339,664.0,1,0.34,10,0
2340,612.0,2,0.27,1,0
2341,704.0,0,0.5,8,0
2342,559.0,1,0.44,2,0
2343,598.0,1,0.04,4,0
2344,578.0,2,0.63,1,0
2345,761.0,1,0.6,5,0
2346,549.0,0,0.24,4,4
2347,703.0,3,0.23,4,0
2348,491.0,0,0.32,0,3
2349,608.0,0,0.35,4,3
2350,585.0,0,0.36,6,1
2351,518.0,0,0.44,0,1
2352,547.0,0,0.31,1,1
2353,640.0,0,0.12,3,4
2354,573.0,1,0.1,1,4
2355,523.0,0,0.13,8,2
2356,672.0,0,0.32,1,3
2357,598.0,1,0.15,3,2
2358,626.0,2,0.38,5,2
2359,687.0,0,0.35,0,0
2360,724.0,0,0.25,2,1
2361,417.0,3,0.71,0,0
2362,591.0,0,0.18,0,2
2363,466.0,0,0.26,5,0
2364,818.0,0,0.57,2,2
2365,612.0,4,0.18,4,0
2366,678.0,0,0.29,7,0
2367,550.0,2,0.12,10,3
2368,572.0,0,0.07,0,1
2369,688.0,0,0.66,7,0
2370,641.0,2,0.53,2,1
2371,734.0,0,0.31,1,0
2372,533.0,1,0.22,2,0
2373,583.0,0,0.71,0,0
2374,641.0,2,0.45,2,6
2375,653.0,0,0.69,10,2
2376,634.0,0,0.08,2,3
2377,494.0,1,0.29,3,1
2378,525.0,2,0.03,3,1
2379,627.0,2,0.18,6,0
2380,477.0,0,0.67,8,1
2381,529.0,0,0.11,5,1
2382,603.0,0,0.27,7,3
2383,538.0,0,0.39,4,3
2384,618.0,3,0.38,3,3
2385,593.0,1,0.1,3,4
2386,537.0,0,0.28,7,4
2387,539.0,0,0.25,0,0
2388,702.0,0,0.49,3,0
2389,631.0,0,0.41,5,0
2390,620.0,2,0.2,5,0
2391,604.0,0,0.44,7,3
2392,527.0,0,0.1,6,1
2393,555.0,0,0.15,0,0
2394,408.0,0,0.09,6,1
2395,549.0,0,0.18,6,1
2396,550.0,0,0.27,4,0
2397,644.0,0,0.52,0,0
2398,552.0,4,0.18,2,1
2399,663.0,0,0.56,0,0
2400,579.0,2,0.73,7,0
2401,612.0,0,0.16,4,2
2402,598.0,0,0.24,4,4
2403,656.0,0,0.17,7,0
2404,696.0,0,0.72,6,5
2405,521.0,0,0.4,8,1
2406,741.0,0,0.19,4,3
2407,531.0,0,0.32,7,2
2408,585.0,2,0.29,8,3
2409,558.0,0,0.5,2,0
2410,721.0,0,0.33,10,0
2411,515.0,1,0.51,7,0
2412,657.0,0,0.21,10,0
2413,423.0,0,0.22,1,1
2414,665.0,0,0.34,0,1
2415,585.0,2,0.41,4,2
2416,570.0,2,0.1,5,5
2417,545.0,2,0.05,10,0
2418,595.0,0,0.26,4,0
2419,572.0,0,0.57,7,0
2420,481.0,1,0.7,0,2
2421,537.0,1,0.27,9,0
2422,664.0,0,0.59,9,0
2423,568.0,0,0.51,5,1
2424,537.0,0,0.56,7,0
2425,604.0,0,0.6,6,4
2426,639.0,0,0.48,6,5
2427,652.0,2,0.33,10,3
2428,627.0,2,0.46,10,1
2429,697.0,0,0.35,2,1
2430,604.0,0,0.12,7,0
2431,581.0,0,0.61,6,3
2432,670.0,0,0.25,10,0
2433,543.0,0,0.19,2,1
2434,568.0,0,0.4,7,0
2435,473.0,2,0.49,6,2
2436,745.0,1,0.65,0,1
2437,767.0,2,0.54,1,0
2438,586.0,1,0.42,0,0
2439,661.0,1,0.4,3,0
2440,656.0,1,0.32,9,5
2441,615.0,0,0.34,2,0
2442,697.0,0,0.11,5,1
2443,499.0,0,0.15,4,0
2444,585.0,0,0.37,3,2
2445,433.0,0,0.04,3,2
2446,519.0,0,0.36,6,4
2447,470.0,0,0.3,8,1
2448,453.0,2,0.24,4,1
2449,560.0,0,0.2,0,0
2450,629.0,0,0.47,3,2
2451,547.0,4,0.31,2,6
2452,556.0,0,0.17,3,0
2453,541.0,0,0.15,7,2
2454,611.0,0,0.21,6,2
2455,552.0,4,0.16,10,3
2456,519.0,0,0.76,7,1
2457,675.0,0,0.38,3,1
2458,530.0,0,0.41,10,1
2459,498.0,0,0.24,10,0
2460,659.0,1,0.54,8,5
2461,465.0,5,0.14,1,0
2462,698.0,1,0.15,8,0
2463,518.0,0,0.44,6,1
2464,606.0,1,0.29,8,1
2465,520.0,0,0.32,5,0
2466,601.0,0,0.13,0,1
2467,558.0,0,0.4,10,2
2468,521.0,0,0.15,10,1
2469,472.0,0,0.34,7,1
2470,557.0,1,0.55,10,0
2471,638.0,0,0.48,2,3
2472,654.0,0,0.26,2,6
2473,543.0,0,0.8,7,1
2474,543.0,0,0.23,9,1
2475,586.0,0,0.2,0,2
2476,600.0,4,0.41,4,3
2477,600.0,0,0.14,6,0
2478,565.0,1,0.41,7,1
2479,571.0,0,0.53,4,1
2480,577.0,0,0.53,2,0
2481,407.0,0,0.63,4,1
2482,568.0,0,0.16,10,3
2483,663.0,1,0.14,6,0
2484,711.0,0,0.01,9,0
2485,694.0,0,0.32,3,1
2486,607.0,1,0.33,8,0
2487,505.0,0,0.39,4,0
2488,556.0,0,0.06,0,4
2489,539.0,0,0.38,10,1
2490,487.0,1,0.37,0,0
2491,525.0,1,0.29,4,1
2492,542.0,0,0.51,5,0
2493,488.0,0,0.1,9,0
2494,675.0,1,0.15,9,1
2495,649.0,0,0.24,3,0
2496,596.0,0,0.19,2,4
2497,631.0,0,0.19,5,0
2498,624.0,0,0.22,1,0
2499,541.0,1,0.58,1,2
2500,744.0,0,0.32,5,3
2501,539.0,0,0.6,4,0
2502,467.0,1,0.18,10,1
2503,613.0,2,0.59,3,2
2504,645.0,0,0.33,10,3
2505,576.0,0,0.16,8,0
2506,700.0,0,0.2,10,6
2507,614.0,1,0.12,0,0
2508,534.0,0,0.27,5,3
2509,552.0,2,0.23,4,0
2510,612.0,0,0.23,10,1
2511,606.0,0,0.35,10,0
2512,697.0,1,0.19,10,0
2513,667.0,0,0.26,7,0
2514,475.0,1,0.33,10,2
2515,587.0,1,0.41,6,0
2516,501.0,0,0.23,4,4
2517,717.0,0,0.53,9,0
2518,522.0,2,0.56,2,0
2519,616.0,3,0.55,1,0
2520,544.0,0,0.16,8,4
2521,442.0,0,0.12,7,1
2522,500.0,0,0.17,2,1
2523,580.0,0,0.39,2,5
2524,645.0,0,0.49,3,1
2525,642.0,1,0.06,8,0
2526,494.0,0,0.11,5,0
2527,625.0,2,0.03,7,0
2528,676.0,0,0.45,9,1
2529,641.0,0,0.13,0,0
2530,571.0,0,0.72,5,3
2531,604.0,1,0.57,8,1
2532,612.0,0,0.51,0,3
2533,712.0,2,0.22,5,2
2534,736.0,0,0.63,6,1
2535,652.0,2,0.17,6,2
2536,604.0,0,0.59,0,2
2537,598.0,0,0.88,1,1
2538,606.0,1,0.38,2,2
2539,616.0,0,0.1,5,3
2540,559.0,1,0.22,1,2
2541,757.0,0,0.18,8,2
2542,537.0,0,0.07,6,3
2543,704.0,0,0.31,9,0
2544,424.0,4,0.33,2,0
2545,578.0,0,0.19,8,1
2546,573.0,0,0.31,6,0
2547,618.0,3,0.22,8,2
2548,571.0,0,0.5,7,2
2549,711.0,0,0.06,1,0
2550,581.0,1,0.37,5,2
2551,518.0,0,0.09,2,0
2552,523.0,0,0.29,0,0
2553,562.0,2,0.02,0,0
2554,658.0,0,0.58,0,0
2555,672.0,0,0.35,2,3
2556,504.0,0,0.43,5,1
2557,536.0,0,0.29,7,0
2558,515.0,1,0.44,2,5
2559,577.0,3,0.27,6,1
2560,677.0,0,0.31,5,1
2561,614.0,0,0.04,7,2
2562,644.0,0,0.33,6,3
2563,660.0,0,0.21,1,1
2564,553.0,1,0.69,5,1
2565,498.0,1,0.17,5,0
2566,553.0,0,0.55,5,0
2567,666.0,0,0.17,4,0
2568,648.0,0,0.14,10,1
2569,606.0,1,0.22,9,3
2570,676.0,0,0.42,6,0
2571,612.0,0,0.08,0,4
2572,573.0,1,0.35,2,0
2573,474.0,0,0.51,2,3
2574,702.0,0,0.21,1,0
2575,592.0,0,0.41,2,1
2576,564.0,0,0.23,10,2
2577,592.0,0,0.12,6,3
2578,720.0,0,0.56,10,0
2579,679.0,3,0.69,5,2
2580,571.0,0,0.07,5,6
2581,638.0,0,0.31,6,0
2582,698.0,2,0.45,9,0
2583,628.0,2,0.52,0,1
2584,610.0,0,0.45,7,0
2585,433.0,1,0.33,8,0
2586,700.0,0,0.22,0,1
2587,518.0,1,0.34,3,0
2588,450.0,1,0.21,8,0
2589,456.0,0,0.15,4,4
2590,532.0,0,0.05,4,0
2591,639.0,0,0.17,1,1
2592,693.0,0,0.72,6,2
2593,627.0,0,0.58,7,1
2594,739.0,2,0.52,9,1
2595,568.0,0,0.52,4,3
2596,581.0,0,0.39,5,0
2597,451.0,1,0.5,5,1
2598,554.0,0,0.37,6,0
2599,437.0,0,0.3,1,0
2600,493.0,0,0.37,8,0
2601,650.0,2,0.15,0,0
2602,465.0,5,0.4,8,1
2603,473.0,0,0.27,6,3
2604,459.0,0,0.75,6,0
2605,662.0,1,0.31,4,1
2606,731.0,1,0.15,0,1
2607,594.0,0,0.36,1,0
2608,675.0,0,0.29,9,1
2609,507.0,0,0.51,4,3
2610,698.0,0,0.08,6,0
2611,543.0,0,0.38,4,1
2612,653.0,0,0.64,5,1
2613,598.0,0,0.27,4,2
2614,447.0,0,0.41,9,1
2615,529.0,0,0.33,10,0
2616,614.0,0,0.16,4,0
2617,452.0,0,0.38,7,0
2618,624.0,0,0.48,1,0
2619,487.0,0,0.16,10,0
2620,643.0,0,0.25,2,0
2621,491.0,1,0.22,0,0
2622,635.0,2,0.42,10,0
2623,665.0,3,0.56,1,0
2624,587.0,0,0.44,8,0
2625,594.0,3,0.29,2,1
2626,719.0,2,0.51,5,0
2627,537.0,0,0.14,10,3
2628,557.0,0,0.65,9,0
2629,651.0,0,0.5,0,2
2630,634.0,2,0.57,9,0
2631,581.0,0,0.25,7,5
2632,503.0,0,0.24,8,2
2633,678.0,1,0.78,3,3
2634,501.0,2,0.74,10,0
2635,782.0,0,0.36,4,1
2636,504.0,0,0.1,10,0
2637,512.0,0,0.31,9,0
2638,627.0,1,0.32,6,5
2639,644.0,1,0.38,2,0
2640,522.0,0,0.28,7,1
2641,735.0,1,0.08,1,1
2642,626.0,0,0.74,10,0
2643,580.0,0,0.25,4,0
2644,631.0,0,0.53,9,3
2645,697.0,5,0.6,4,2
2646,729.0,0,0.13,5,5
2647,615.0,0,0.18,4,1
2648,498.0,0,0.23,2,0
2649,499.0,5,0.39,10,1
2650,487.0,5,0.54,1,0
2651,549.0,1,0.7,9,4
2652,603.0,0,0.39,1,0
2653,617.0,0,0.58,1,1
2654,690.0,1,0.26,0,4
2655,434.0,0,0.43,9,0
2656,599.0,0,0.31,8,2
2657,637.0,0,0.46,8,1
2658,375.0,0,0.16,5,1
2659,636.0,0,0.21,2,0
2660,818.0,0,0.43,4,3
2661,662.0,0,0.33,8,0
2662,625.0,1,0.31,0,2
2663,578.0,2,0.46,6,1
2664,619.0,0,0.29,5,0
2665,723.0,0,0.25,1,1
2666,572.0,0,0.21,0,2
2667,695.0,0,0.01,3,0
2668,637.0,0,0.06,7,3
2669,730.0,2,0.18,3,4
2670,687.0,0,0.57,10,2
2671,615.0,0,0.21,3,0
2672,610.0,0,0.15,9,0
2673,575.0,0,0.3,8,4
2674,678.0,1,0.38,2,0
2675,553.0,0,0.36,2,0
2676,609.0,0,0.67,7,0
2677,585.0,1,0.47,1,3
2678,493.0,0,0.26,2,0
2679,618.0,0,0.6,6,1
2680,478.0,1,0.25,5,1
2681,564.0,4,0.3,5,5
2682,653.0,1,0.52,5,1
2683,614.0,0,0.61,0,4
2684,612.0,0,0.59,2,0
2685,531.0,0,0.03,10,3
2686,684.0,0,0.35,5,0
2687,529.0,1,0.29,3,0
2688,657.0,0,0.11,7,5
2689,704.0,0,0.1,5,1
2690,478.0,0,0.67,7,0
2691,567.0,0,0.21,7,2
2692,560.0,0,0.09,2,2
2693,622.0,0,0.42,2,1
2694,525.0,4,0.02,0,3
2695,507.0,1,0.11,6,1
2696,596.0,0,0.37,8,3
2697,555.0,0,0.26,6,4
2698,588.0,2,0.47,7,1
2699,671.0,0,0.24,7,2
2700,471.0,0,0.24,4,0
2701,591.0,0,0.24,8,2
2702,553.0,0,0.46,6,5
2703,602.0,0,0.38,3,1
2704,553.0,0,0.51,9,1
2705,506.0,1,0.56,6,2
2706,631.0,0,0.11,4,0
2707,822.0,0,0.31,3,0
2708,592.0,2,0.23,4,4
2709,542.0,0,0.22,6,0
2710,542.0,0,0.49,5,2
2711,675.0,0,0.25,6,0
2712,530.0,0,0.15,7,0
2713,704.0,1,0.33,8,0
2714,469.0,0,0.82,5,3
2715,615.0,0,0.64,10,0
2716,653.0,0,0.03,7,0
2717,661.0,0,0.6,5,2
2718,655.0,2,0.78,3,5
2719,621.0,0,0.16,0,2
2720,692.0,0,0.44,1,1
2721,521.0,3,0.1,7,0
2722,548.0,0,0.35,0,2
2723,568.0,1,0.28,0,0
2724,719.0,0,0.33,0,0
2725,637.0,0,0.82,7,2
2726,655.0,4,0.25,0,4
2727,586.0,1,0.15,9,3
2728,665.0,0,0.48,10,0
2729,476.0,0,0.33,8,4
2730,567.0,0,0.22,8,0
2731,583.0,0,0.42,6,0
2732,562.0,2,0.28,5,1
2733,574.0,0,0.4,2,2
2734,644.0,0,0.11,2,0
2735,619.0,2,0.69,2,1
2736,695.0,0,0.36,8,0
2737,433.0,0,0.18,8,3
2738,719.0,0,0.7,10,1
2739,548.0,3,0.19,4,4
2740,705.0,0,0.16,3,1
2741,567.0,0,0.52,0,3
2742,630.0,0,0.12,4,4
2743,514.0,0,0.12,5,1
2744,503.0,0,0.55,9,0
2745,646.0,3,0.22,0,0
2746,387.0,0,0.19,4,0
2747,503.0,0,0.12,8,0
2748,661.0,5,0.16,9,4
2749,567.0,0,0.09,7,1
2750,529.0,3,0.52,1,1
2751,722.0,1,0.28,6,0
2752,750.0,1,0.42,10,3
2753,600.0,0,0.26,8,0
2754,702.0,0,0.27,1,1
2755,721.0,0,0.57,3,3
2756,599.0,0,0.22,8,0
2757,559.0,1,0.53,7,3
2758,607.0,0,0.3,3,2
2759,484.0,0,0.67,10,1
2760,645.0,0,0.2,8,0
2761,574.0,0,0.32,4,2
2762,605.0,0,0.18,1,4
2763,603.0,1,0.45,6,0
2764,532.0,0,0.63,6,0
2765,597.0,0,0.83,0,0
2766,491.0,1,0.54,5,5
2767,561.0,0,0.28,10,1
2768,511.0,2,0.49,3,1
2769,530.0,1,0.5,10,0
2770,419.0,0,0.43,5,0
2771,566.0,0,0.25,9,1
2772,639.0,2,0.74,10,0
2773,614.0,0,0.2,9,1
2774,687.0,2,0.2,8,0
2775,524.0,0,0.33,10,2
2776,562.0,4,0.63,0,0
2777,673.0,4,0.22,3,5
2778,593.0,0,0.28,10,5
2779,615.0,0,0.47,4,0
2780,769.0,0,0.25,7,1
2781,580.0,0,0.73,3,0
2782,561.0,0,0.16,2,1
2783,521.0,0,0.3,0,1
2784,577.0,2,0.18,10,2
2785,682.0,0,0.88,0,1
2786,646.0,2,0.42,5,0
2787,715.0,0,0.08,2,1
2788,629.0,1,0.62,5,4
2789,421.0,0,0.25,6,0
2790,650.0,0,0.58,2,0
2791,608.0,1,0.25,2,0
2792,600.0,0,0.29,10,2
2793,697.0,0,0.38,5,6
2794,578.0,0,0.18,3,0
2795,646.0,0,0.44,5,0
2796,514.0,0,0.24,7,3
2797,479.0,0,0.12,0,2
2798,552.0,3,0.55,6,0
2799,575.0,0,0.41,5,2
2800,644.0,1,0.51,7,0
2801,512.0,1,0.19,9,2
2802,721.0,0,0.39,0,0
2803,523.0,0,0.23,0,1
2804,593.0,0,0.19,5,1
2805,601.0,0,0.5,6,1
2806,624.0,1,0.27,2,1
2807,636.0,0,0.1,2,5
2808,781.0,1,0.31,1,1
2809,552.0,0,0.08,8,0
2810,625.0,0,0.63,5,0
2811,593.0,0,0.28,8,0
2812,679.0,3,0.24,4,2
2813,636.0,2,0.36,2,0
2814,618.0,0,0.16,4,0
2815,480.0,1,0.13,0,5
2816,564.0,0,0.31,4,2
2817,522.0,1,0.33,8,0
2818,564.0,0,0.38,3,1
2819,534.0,1,0.49,10,1
2820,559.0,0,0.39,0,1
2821,567.0,2,0.29,2,4
2822,569.0,0,0.85,6,2
2823,576.0,0,0.33,3,1
2824,526.0,1,0.39,10,0
2825,603.0,0,0.18,0,0
2826,528.0,0,0.4,5,1
2827,552.0,0,0.2,3,0
2828,596.0,0,0.62,3,5
2829,393.0,0,0.67,0,1
2830,799.0,0,0.39,3,0
2831,642.0,0,0.65,0,0
2832,626.0,0,0.45,2,0
2833,558.0,0,0.14,9,1
2834,608.0,0,0.57,4,1
2835,503.0,0,0.47,2,1
2836,639.0,0,0.18,0,1
2837,465.0,2,0.12,3,2
2838,498.0,0,0.3,2,0
2839,543.0,2,0.18,5,0
2840,721.0,0,0.52,10,0
2841,512.0,0,0.28,0,2
2842,627.0,0,0.6,5,1
2843,435.0,0,0.03,5,0
2844,602.0,0,0.03,0,1
2845,739.0,0,0.38,2,0
2846,640.0,0,0.25,0,0
2847,434.0,0,0.56,7,2
2848,603.0,1,0.49,10,1
2849,563.0,1,0.36,0,1
2850,698.0,0,0.55,8,1
2851,592.0,1,0.66,5,2
2852,485.0,1,0.75,2,2
2853,589.0,0,0.28,6,1
2854,544.0,0,0.43,3,1
2855,427.0,0,0.42,10,1
2856,586.0,0,0.05,8,0
2857,600.0,0,0.26,2,2
2858,631.0,0,0.06,7,0
2859,681.0,0,0.29,10,0
2860,578.0,0,0.24,7,5
2861,480.0,0,0.76,7,1
2862,533.0,1,0.37,4,1
2863,599.0,0,0.39,6,2
2864,697.0,0,0.39,9,0
2865,600.0,4,0.42,0,0
2866,589.0,0,0.26,7,2
2867,581.0,0,0.42,2,1
2868,599.0,0,0.27,7,1
2869,753.0,0,0.2,5,0
2870,593.0,2,0.65,2,3
2871,579.0,2,0.59,10,0
2872,603.0,1,0.61,3,1
2873,546.0,5,0.39,9,1
2874,475.0,0,0.3,3,1
2875,461.0,1,0.51,1,1
2876,542.0,0,0.4,3,4
2877,694.0,0,0.37,10,4
2878,693.0,1,0.76,2,0
2879,511.0,0,0.12,9,3
2880,587.0,0,0.15,7,1
2881,611.0,2,0.08,4,1
2882,542.0,0,0.33,7,2
2883,705.0,2,0.68,6,1
2884,661.0,0,0.43,6,2
2885,629.0,0,0.64,7,1
2886,605.0,2,0.31,6,2
2887,475.0,1,0.21,0,1
2888,709.0,0,0.39,10,0
2889,646.0,0,0.25,10,1
2890,633.0,0,0.29,0,2
2891,541.0,2,0.16,0,0
2892,548.0,0,0.42,7,2
2893,640.0,0,0.28,9,6
2894,688.0,0,0.13,8,1
2895,738.0,0,0.2,6,0
2896,541.0,0,0.16,4,0
2897,587.0,4,0.1,10,0
2898,432.0,5,0.61,3,0
2899,403.0,0,0.36,9,0
2900,642.0,2,0.24,6,0
2901,532.0,1,0.24,5,1
2902,442.0,1,0.68,8,3
2903,507.0,0,0.26,6,1
2904,627.0,1,0.06,9,1
2905,631.0,5,0.25,9,1
2906,469.0,1,0.52,7,5
2907,699.0,0,0.25,3,0
2908,544.0,0,0.38,7,4
2909,622.0,0,0.31,10,2
2910,603.0,0,0.32,9,1
2911,599.0,0,0.43,9,3
2912,525.0,0,0.67,5,4
2913,598.0,1,0.34,10,4
2914,622.0,2,0.76,3,1
2915,584.0,1,0.56,8,4
2916,608.0,0,0.18,2,2
2917,688.0,0,0.62,3,0
2918,562.0,0,0.33,1,0
2919,652.0,1,0.42,4,0
2920,583.0,0,0.58,4,1
2921,714.0,2,0.54,2,3
2922,488.0,0,0.35,0,0
2923,704.0,0,0.6,3,0
2924,557.0,1,0.45,7,2
2925,769.0,2,0.76,9,0
2926,635.0,0,0.22,9,1
2927,668.0,0,0.39,4,0
2928,587.0,3,0.19,7,0
2929,654.0,0,0.38,0,0
2930,654.0,0,0.57,10,1
2931,589.0,0,0.5,3,0
2932,661.0,0,0.18,10,0
2933,331.0,1,0.45,4,0
2934,548.0,0,0.24,6,4
2935,602.0,0,0.21,5,1
2936,640.0,0,0.09,1,0
2937,678.0,0,0.55,3,1
2938,580.0,0,0.16,2,2
2939,569.0,1,0.59,7,3
2940,670.0,1,0.32,3,6
2941,692.0,0,0.03,9,1
2942,659.0,1,0.24,1,1
2943,588.0,0,0.48,5,2
2944,804.0,0,0.46,4,0
2945,606.0,1,0.05,0,2
2946,617.0,0,0.69,10,0
2947,731.0,0,0.63,6,2
2948,722.0,2,0.25,10,1
2949,657.0,0,0.66,0,0
2950,528.0,2,0.53,8,2
2951,609.0,0,0.19,8,3
2952,641.0,0,0.22,6,1
2953,756.0,0,0.6,1,3
2954,836.0,0,0.41,9,3
2955,552.0,1,0.41,5,0
2956,668.0,0,0.17,10,1
2957,535.0,0,0.17,0,6
2958,590.0,2,0.36,9,0
2959,531.0,2,0.08,3,1
2960,734.0,1,0.35,7,0
2961,619.0,0,0.28,5,0
2962,623.0,0,0.37,5,0
2963,604.0,0,0.2,0,0
2964,630.0,0,0.16,4,3
2965,633.0,5,0.36,0,0
2966,545.0,1,0.03,4,0
2967,465.0,0,0.32,9,5
2968,494.0,0,0.03,1,0
2969,471.0,0,0.29,0,2
2970,616.0,0,0.47,2,6
2971,535.0,0,0.17,3,3
2972,678.0,1,0.13,8,3
2973,619.0,0,0.2,1,6
2974,453.0,0,0.27,7,0
2975,567.0,0,0.44,1,5
2976,430.0,0,0.14,3,1
2977,508.0,0,0.45,4,0
2978,561.0,0,0.2,5,3
2979,524.0,0,0.23,1,0
2980,751.0,0,0.67,4,0
2981,660.0,0,0.32,3,0
2982,574.0,0,0.14,2,0
2983,714.0,2,0.21,6,1
2984,522.0,5,0.28,1,0
2985,573.0,1,0.04,10,3
2986,668.0,0,0.66,5,3
2987,511.0,0,0.26,9,0
2988,655.0,1,0.31,6,1
2989,623.0,2,0.05,7,4
2990,647.0,2,0.36,0,0
2991,744.0,0,0.64,9,0
2992,636.0,1,0.55,0,0
2993,610.0,0,0.59,2,0
2994,480.0,0,0.21,2,0
2995,617.0,0,0.1,9,3
2996,562.0,0,0.31,8,0
2997,590.0,1,0.62,3,0
2998,562.0,0,0.52,8,0
2999,639.0,1,0.22,2,0
3000,521.0,1,0.24,4,0
3001,617.0,2,0.11,5,0
3002,517.0,3,0.05,10,1
3003,456.0,1,0.21,0,1
3004,573.0,0,0.27,5,0
3005,637.0,1,0.29,5,4
3006,538.0,0,0.32,7,5
3007,611.0,1,0.54,4,1
3008,571.0,2,0.54,5,0
3009,517.0,0,0.31,0,4
3010,645.0,0,0.09,10,0
3011,548.0,0,0.33,9,1
3012,630.0,0,0.16,1,2
3013,483.0,0,0.62,2,2
3014,611.0,1,0.25,0,1
3015,650.0,0,0.19,7,1
3016,628.0,0,0.59,6,5
3017,671.0,0,0.22,6,1
3018,652.0,2,0.33,7,2
3019,624.0,0,0.29,5,0
3020,668.0,0,0.57,9,1
3021,570.0,0,0.2,2,0
3022,642.0,0,0.36,5,0
3023,602.0,0,0.2,2,1
3024,748.0,0,0.22,1,2
3025,622.0,0,0.32,3,0
3026,497.0,0,0.25,3,0
3027,620.0,0,0.12,0,0
3028,524.0,2,0.39,8,0
3029,658.0,3,0.31,0,0
3030,660.0,2,0.49,3,2
3031,551.0,0,0.46,4,3
3032,517.0,0,0.24,9,0
3033,611.0,0,0.3,6,1
3034,528.0,0,0.19,1,1
3035,533.0,1,0.22,5,0
3036,560.0,0,0.25,4,1
3037,650.0,0,0.75,2,2
3038,481.0,0,0.51,7,3
3039,540.0,0,0.17,0,0
3040,792.0,1,0.35,3,0
3041,756.0,0,0.45,9,4
3042,697.0,0,0.12,7,4
3043,604.0,0,0.55,1,0
3044,660.0,0,0.75,10,0
3045,569.0,1,0.3,8,2
3046,384.0,0,0.07,0,0
3047,554.0,1,0.28,9,2
3048,562.0,0,0.55,0,0
3049,602.0,0,0.19,5,1
3050,639.0,1,0.09,6,0
3051,732.0,4,0.33,3,1
3052,603.0,4,0.45,10,2
3053,520.0,1,0.22,8,4
3054,584.0,0,0.17,5,0
3055,652.0,0,0.57,5,0
3056,591.0,2,0.61,5,5
3057,536.0,0,0.49,4,1
3058,642.0,1,0.22,2,4
3059,509.0,0,0.39,7,3
3060,530.0,2,0.19,4,1
3061,633.0,0,0.29,8,0
3062,537.0,0,0.32,0,0
3063,572.0,2,0.17,1,2
3064,601.0,0,0.17,5,2
3065,597.0,0,0.32,3,0
3066,523.0,0,0.47,8,1
3067,626.0,0,0.58,7,0
3068,527.0,1,0.22,8,0
3069,732.0,0,0.21,8,0
3070,568.0,2,0.32,4,0
3071,649.0,0,0.5,0,0
3072,659.0,0,0.2,4,2
3073,572.0,1,0.38,2,4
3074,523.0,0,0.42,7,5
3075,658.0,0,0.42,10,0
3076,486.0,0,0.09,10,3
3077,498.0,0,0.23,8,0
3078,649.0,0,0.52,8,1
3079,584.0,0,0.33,10,1
3080,543.0,0,0.39,5,1
3081,560.0,1,0.46,0,0
3082,536.0,1,0.41,10,0
3083,774.0,0,0.4,6,0
3084,681.0,0,0.33,10,3
3085,534.0,4,0.28,8,6
3086,575.0,0,0.39,7,0
3087,648.0,1,0.32,4,2
3088,522.0,0,0.69,9,3
3089,555.0,1,0.4,10,0
3090,576.0,0,0.54,10,1
3091,529.0,0,0.16,5,0
3092,688.0,1,0.2,6,0
3093,543.0,0,0.28,7,1
3094,591.0,1,0.22,3,0
3095,609.0,0,0.42,1,3
3096,727.0,0,0.47,8,4
3097,593.0,0,0.65,4,0
3098,771.0,0,0.26,1,0
3099,571.0,0,0.24,10,0
3100,582.0,1,0.29,3,1
3101,675.0,0,0.05,6,0
3102,754.0,0,0.37,4,1
3103,579.0,0,0.43,4,1
3104,699.0,2,0.58,9,0
3105,668.0,0,0.07,9,2
3106,539.0,1,0.03,4,0
3107,599.0,1,0.11,5,2
3108,597.0,0,0.27,6,3
3109,517.0,0,0.47,1,0
3110,613.0,0,0.33,9,1
3111,606.0,0,0.44,6,4
3112,630.0,0,0.53,1,0
3113,606.0,0,0.41,7,1
3114,547.0,0,0.43,7,0
3115,796.0,0,0.36,6,1
3116,617.0,0,0.22,7,2
3117,704.0,0,0.52,9,3
3118,635.0,0,0.42,6,4
3119,721.0,4,0.39,1,3
3120,538.0,3,0.28,9,3
3121,593.0,0,0.16,4,0
3122,564.0,0,0.05,5,2
3123,554.0,0,0.1,3,2
3124,621.0,0,0.1,1,0
3125,580.0,0,0.07,10,0
3126,486.0,0,0.45,7,0
3127,576.0,0,0.12,4,1
3128,569.0,0,0.31,4,1
3129,670.0,0,0.5,3,4
3130,484.0,0,0.34,10,0
3131,559.0,0,0.32,3,1
3132,540.0,0,0.14,8,0
3133,660.0,2,0.31,0,3
3134,556.0,0,0.1,1,0
3135,684.0,0,0.08,2,0
3136,596.0,0,0.15,4,0
3137,639.0,0,0.2,5,0
3138,688.0,0,0.17,1,0
3139,504.0,1,0.74,3,0
3140,580.0,0,0.3,9,0
3141,634.0,0,0.22,2,1
3142,616.0,0,0.7,0,0
3143,496.0,0,0.58,1,1
3144,656.0,1,0.08,4,0
3145,604.0,0,0.46,10,0
3146,610.0,0,0.34,2,2
3147,582.0,0,0.66,6,6
3148,345.0,0,0.25,4,0
3149,644.0,0,0.16,7,1
3150,647.0,0,0.26,8,1
3151,566.0,2,0.17,0,0
3152,481.0,1,0.64,0,0
3153,557.0,1,0.03,9,1
3154,680.0,0,0.31,2,0
3155,567.0,0,0.28,4,1
3156,602.0,3,0.77,9,0
3157,573.0,2,0.16,9,2
3158,625.0,0,0.22,3,3
3159,495.0,0,0.17,10,0
3160,584.0,0,0.78,3,1
3161,688.0,0,0.08,6,0
3162,527.0,0,0.29,3,0
3163,578.0,0,0.2,3,0
3164,684.0,0,0.23,7,0
3165,660.0,0,0.39,9,4
3166,636.0,0,0.62,9,2
3167,631.0,0,0.43,6,1
3168,630.0,1,0.34,4,0
3169,582.0,0,0.38,5,3
3170,688.0,2,0.49,10,0
3171,563.0,0,0.22,1,0
3172,520.0,0,0.18,1,3
3173,489.0,0,0.49,8,1
3174,551.0,3,0.55,9,2
3175,550.0,0,0.34,3,5
3176,543.0,0,0.49,3,0
3177,506.0,0,0.57,3,0
3178,630.0,2,0.22,1,0
3179,524.0,0,0.27,5,0
3180,644.0,0,0.3,7,3
3181,658.0,0,0.4,5,0
3182,806.0,0,0.3,2,0
3183,564.0,0,0.59,5,2
3184,587.0,0,0.22,1,5
3185,540.0,0,0.07,4,2
3186,506.0,0,0.06,5,0
3187,566.0,0,0.46,5,0
3188,538.0,1,0.16,1,2
3189,505.0,1,0.31,2,2
3190,619.0,1,0.31,5,0
3191,514.0,0,0.36,9,4
3192,645.0,0,0.53,10,1
3193,668.0,0,0.33,2,1
3194,531.0,3,0.11,0,0
3195,712.0,0,0.37,3,0
3196,632.0,1,0.35,4,1
3197,594.0,0,0.6,4,1
3198,458.0,0,0.1,6,0
3199,463.0,0,0.51,2,0
3200,726.0,1,0.24,5,3
3201,706.0,0,0.03,0,4
3202,728.0,0,0.28,6,0
3203,749.0,0,0.62,4,0
3204,710.0,2,0.46,0,2
3205,619.0,0,0.21,9,1
3206,645.0,0,0.4,5,0
3207,545.0,0,0.39,1,0
3208,619.0,0,0.36,7,5
3209,660.0,2,0.45,9,0
3210,661.0,0,0.45,6,3
3211,590.0,0,0.19,4,0
3212,438.0,0,0.25,0,0
3213,479.0,0,0.58,8,2
3214,638.0,0,0.15,1,5
3215,560.0,0,0.62,5,3
3216,653.0,0,0.25,7,1
3217,503.0,0,0.27,1,2
3218,709.0,0,0.36,1,0
3219,525.0,0,0.53,7,0
3220,718.0,1,0.25,3,3
3221,476.0,0,0.66,2,1
3222,648.0,0,0.29,4,1
3223,525.0,0,0.33,9,1
3224,599.0,0,0.07,4,0
3225,686.0,0,0.61,1,4
3226,672.0,0,0.61,0,0
3227,534.0,0,0.48,6,0
3228,551.0,0,0.33,4,0
3229,474.0,0,0.7,2,4
3230,457.0,1,0.14,4,0
3231,533.0,1,0.55,7,5
3232,532.0,0,0.22,3,0
3233,479.0,0,0.17,0,0
3234,584.0,0,0.33,5,3
3235,597.0,0,0.75,3,1
3236,599.0,1,0.26,8,2
3237,536.0,2,0.61,10,1
3238,554.0,0,0.33,10,2
3239,575.0,0,0.21,10,1
3240,665.0,0,0.57,10,2
3241,546.0,0,0.35,0,1
3242,466.0,0,0.19,7,1
3243,574.0,2,0.2,4,2
3244,565.0,0,0.32,2,0
3245,471.0,0,0.13,10,0
3246,568.0,0,0.23,9,0
3247,529.0,0,0.11,10,3
3248,594.0,0,0.18,3,1
3249,634.0,0,0.29,0,0
3250,557.0,0,0.7,2,3
3251,641.0,1,0.11,2,0
3252,576.0,1,0.43,3,0
3253,579.0,0,0.44,9,0
3254,575.0,0,0.18,0,1
3255,584.0,1,0.33,3,0
3256,490.0,0,0.44,4,1
3257,454.0,0,0.27,1,3
3258,689.0,0,0.27,8,1
3259,617.0,0,0.24,3,3
3260,557.0,0,0.29,0,0
3261,685.0,2,0.05,2,1
3262,829.0,1,0.41,0,3
3263,480.0,3,0.16,0,1
3264,597.0,3,0.21,1,2
3265,653.0,0,0.08,6,1
3266,470.0,0,0.19,2,0
3267,478.0,1,0.76,2,4
3268,676.0,3,0.43,7,0
3269,596.0,0,0.2,4,2
3270,545.0,0,0.06,1,0
3271,469.0,0,0.2,10,1
3272,626.0,3,0.71,4,1
3273,488.0,0,0.32,5,2
3274,518.0,2,0.21,7,2
3275,524.0,0,0.21,0,0
3276,573.0,3,0.57,2,0
3277,512.0,0,0.57,8,2
3278,524.0,4,0.62,1,0
3279,676.0,0,0.42,2,1
3280,613.0,1,0.17,9,0
3281,601.0,0,0.4,2,1
3282,635.0,0,0.1,2,0
3283,515.0,0,0.49,10,0
3284,629.0,1,0.23,9,1
3285,634.0,0,0.37,3,1
3286,518.0,0,0.51,10,1
3287,648.0,0,0.3,7,0
3288,619.0,0,0.27,10,0
3289,621.0,0,0.37,2,0
3290,733.0,2,0.21,5,4
3291,610.0,0,0.3,2,0
3292,526.0,2,0.51,7,0
3293,610.0,0,0.4,8,2
3294,601.0,0,0.38,2,2
3295,511.0,2,0.23,8,0
3296,438.0,0,0.81,0,3
3297,595.0,0,0.44,2,2
3298,675.0,0,0.76,5,0
3299,676.0,1,0.26,3,1
3300,623.0,0,0.08,1,0
3301,726.0,0,0.53,6,1
3302,614.0,2,0.14,8,1
3303,584.0,0,0.23,8,1
3304,616.0,0,0.21,5,4
3305,541.0,2,0.62,5,2
3306,499.0,0,0.54,0,1
3307,522.0,0,0.26,9,0
3308,562.0,0,0.13,7,0
3309,669.0,2,0.31,3,1
3310,484.0,3,0.4,5,4
3311,522.0,2,0.12,5,0
3312,664.0,0,0.4,5,5
3313,571.0,0,0.13,2,1
3314,584.0,2,0.24,6,0
3315,570.0,2,0.57,2,2
3316,755.0,0,0.16,8,5
3317,645.0,0,0.55,10,0
3318,620.0,0,0.07,1,5
3319,616.0,1,0.37,0,0
3320,633.0,0,0.63,1,3
3321,748.0,0,0.31,4,2
3322,570.0,1,0.1,1,1
3323,613.0,0,0.15,6,1
3324,602.0,0,0.31,3,5
3325,672.0,0,0.36,10,2
3326,736.0,2,0.61,8,5
3327,553.0,0,0.35,4,0
3328,636.0,5,0.49,6,0
3329,614.0,2,0.26,6,0
3330,489.0,0,0.52,0,0
3331,678.0,0,0.25,5,5
3332,725.0,0,0.55,9,1
3333,666.0,0,0.27,1,3
3334,549.0,0,0.33,0,0
3335,491.0,1,0.26,2,1
3336,651.0,0,0.6,2,4
3337,514.0,0,0.24,4,0
3338,522.0,0,0.29,9,1
3339,617.0,0,0.09,6,0
3340,659.0,0,0.33,3,2
3341,573.0,0,0.35,6,0
3342,583.0,2,0.24,3,1
3343,591.0,0,0.48,8,0
3344,527.0,0,0.1,2,1
3345,570.0,0,0.52,5,1
3346,471.0,2,0.33,1,1
3347,659.0,2,0.1,10,0
3348,823.0,0,0.58,0,1
3349,605.0,0,0.68,2,0
3350,695.0,1,0.39,9,1
3351,579.0,0,0.23,2,0
3352,492.0,1,0.17,8,0
3353,780.0,0,0.24,4,1
3354,532.0,2,0.35,4,6
3355,676.0,1,0.65,0,5
3356,617.0,0,0.2,8,0
3357,695.0,1,0.28,6,1
3358,595.0,0,0.38,3,4
3359,507.0,0,0.14,4,0
3360,547.0,0,0.74,3,3
3361,788.0,0,0.25,3,0
3362,626.0,1,0.1,9,5
3363,774.0,0,0.32,8,1
3364,571.0,0,0.18,2,1
3365,657.0,0,0.52,9,1
3366,497.0,0,0.22,9,4
3367,602.0,0,0.15,1,0
3368,778.0,1,0.39,2,0
3369,537.0,0,0.38,10,1
3370,545.0,3,0.18,10,5
3371,666.0,1,0.37,1,5
3372,609.0,0,0.18,2,0
3373,752.0,0,0.37,6,0
3374,581.0,0,0.28,3,3
3375,606.0,0,0.08,1,1
3376,625.0,0,0.35,6,1
3377,514.0,0,0.05,4,2
3378,496.0,0,0.12,2,0
3379,489.0,0,0.19,3,1
3380,335.0,0,0.04,0,1
3381,593.0,0,0.4,10,2
3382,496.0,0,0.27,3,1
3383,557.0,0,0.47,8,2
3384,682.0,0,0.09,4,1
3385,524.0,1,0.72,10,1
3386,655.0,0,0.36,0,0
3387,474.0,1,0.48,1,1
3388,545.0,0,0.14,8,1
3389,739.0,2,0.42,5,1
3390,566.0,0,0.22,3,2
3391,703.0,0,0.06,3,0
3392,788.0,0,0.25,1,2
3393,566.0,0,0.16,9,3
3394,547.0,3,0.29,6,0
3395,427.0,0,0.2,7,0
3396,623.0,0,0.29,9,3
3397,630.0,0,0.2,1,0
3398,662.0,0,0.33,4,0
3399,711.0,5,0.31,5,3
3400,518.0,0,0.13,4,0
3401,750.0,0,0.24,3,0
3402,577.0,0,0.44,5,0
3403,629.0,0,0.35,8,5
3404,595.0,0,0.29,1,0
3405,538.0,0,0.14,9,0
3406,504.0,0,0.21,3,0
3407,617.0,0,0.17,0,5
3408,523.0,0,0.23,5,0
3409,582.0,3,0.42,6,4
3410,567.0,0,0.27,10,1
3411,571.0,0,0.13,8,1
3412,456.0,0,0.44,4,2
3413,347.0,0,0.43,0,1
3414,667.0,0,0.59,0,0
3415,690.0,2,0.18,8,3
3416,395.0,0,0.05,2,0
3417,633.0,0,0.24,6,3
3418,617.0,0,0.26,10,5
3419,494.0,1,0.23,3,1
3420,672.0,0,0.55,9,0
3421,691.0,2,0.25,3,0
3422,685.0,0,0.46,6,3
3423,740.0,0,0.2,0,0
3424,680.0,2,0.25,5,1
3425,533.0,0,0.09,7,2
3426,601.0,0,0.07,7,0
3427,631.0,0,0.23,10,1
3428,722.0,1,0.07,10,2
3429,580.0,0,0.4,6,1
3430,549.0,1,0.45,4,1
3431,468.0,0,0.37,0,0
3432,670.0,1,0.61,8,0
3433,617.0,2,0.31,2,1
3434,531.0,1,0.11,9,0
3435,662.0,0,0.5,7,1
3436,573.0,2,0.36,2,0
3437,494.0,0,0.57,3,0
3438,706.0,1,0.33,4,1
3439,435.0,0,0.66,5,0
3440,612.0,0,0.29,7,1
3441,591.0,0,0.41,2,0
3442,469.0,0,0.11,2,5
3443,626.0,2,0.26,4,0
3444,545.0,0,0.28,3,0
3445,735.0,1,0.17,3,2
3446,680.0,0,0.24,3,4
3447,618.0,0,0.07,8,0
3448,401.0,0,0.47,10,0
3449,556.0,0,0.15,1,1
3450,549.0,1,0.5,7,1
3451,697.0,0,0.35,4,0
3452,614.0,0,0.18,5,0
3453,625.0,3,0.51,4,3
3454,681.0,0,0.28,4,0
3455,730.0,1,0.28,4,2
3456,717.0,1,0.21,7,3
3457,644.0,0,0.27,8,0
3458,578.0,0,0.11,9,2
3459,635.0,4,0.46,9,2
3460,597.0,0,0.22,2,1
3461,663.0,0,0.47,9,0
3462,555.0,0,0.78,8,4
3463,672.0,0,0.53,4,4
3464,604.0,1,0.34,2,0
3465,631.0,2,0.45,7,0
3466,504.0,1,0.22,8,1
3467,578.0,1,0.41,5,3
3468,636.0,2,0.13,8,4
3469,585.0,0,0.59,8,0
3470,412.0,0,0.36,7,1
3471,501.0,0,0.31,3,0
3472,627.0,2,0.12,2,0
3473,720.0,0,0.32,4,0
3474,581.0,1,0.4,10,0
3475,561.0,2,0.15,0,0
3476,684.0,0,0.13,3,2
3477,601.0,0,0.19,9,1
3478,659.0,0,0.78,9,5
3479,576.0,0,0.12,2,2
3480,568.0,0,0.25,1,0
3481,666.0,0,0.31,1,1
3482,654.0,1,0.07,4,0
3483,574.0,0,0.3,0,0
3484,510.0,2,0.21,0,4
3485,466.0,1,0.34,6,0
3486,477.0,1,0.49,1,1
3487,549.0,0,0.31,5,4
3488,625.0,0,0.33,4,1
3489,467.0,0,0.46,6,1
3490,472.0,1,0.26,9,0
3491,630.0,0,0.69,3,0
3492,725.0,1,0.43,7,3
3493,687.0,0,0.18,8,3
3494,453.0,0,0.35,6,4
3495,631.0,0,0.18,4,2
3496,676.0,0,0.49,0,1
3497,560.0,0,0.27,2,0
3498,581.0,0,0.53,9,3
3499,627.0,0,0.26,4,0
3500,639.0,0,0.21,3,1
3501,630.0,0,0.2,10,2
3502,658.0,2,0.49,6,3
3503,617.0,0,0.36,10,3
3504,550.0,0,0.34,9,0
3505,564.0,1,0.51,2,0
3506,538.0,0,0.37,0,1
3507,563.0,0,0.58,0,3
3508,645.0,0,0.33,3,0
3509,538.0,2,0.08,9,1
3510,686.0,2,0.54,10,0
3511,521.0,0,0.57,10,2
3512,616.0,3,0.25,1,1
3513,667.0,0,0.3,7,2
3514,636.0,0,0.12,4,0
3515,452.0,1,0.26,0,2
3516,611.0,2,0.15,9,0
3517,541.0,0,0.36,4,1
3518,494.0,0,0.19,1,3
3519,618.0,0,0.07,4,1
3520,500.0,0,0.41,7,3
3521,620.0,0,0.4,5,3
3522,716.0,0,0.27,7,1
3523,624.0,0,0.26,4,0
3524,581.0,0,0.07,2,2
3525,587.0,1,0.28,6,2
3526,673.0,0,0.38,1,1
3527,576.0,0,0.45,4,0
3528,563.0,0,0.22,8,0
3529,525.0,0,0.23,1,1
3530,528.0,2,0.23,2,4
3531,671.0,0,0.1,3,2
3532,561.0,0,0.17,8,2
3533,644.0,2,0.38,0,0
3534,651.0,1,0.16,9,0
3535,524.0,0,0.17,5,5
3536,536.0,0,0.08,0,0
3537,646.0,0,0.21,10,2
3538,611.0,4,0.55,3,2
3539,586.0,0,0.61,0,1
3540,637.0,1,0.16,8,0
3541,681.0,0,0.14,6,0
3542,597.0,0,0.15,6,4
3543,554.0,0,0.38,3,1
3544,609.0,1,0.14,5,4
3545,536.0,0,0.18,6,0
3546,611.0,0,0.28,5,0
3547,600.0,0,0.29,3,2
3548,535.0,5,0.14,10,0
3549,568.0,0,0.38,5,1
3550,574.0,0,0.14,8,0
3551,659.0,0,0.08,3,0
3552,530.0,0,0.26,6,0
3553,535.0,0,0.6,5,1
3554,570.0,5,0.35,3,0
3555,645.0,0,0.28,10,2
3556,658.0,0,0.47,0,0
3557,621.0,4,0.09,4,0
3558,657.0,0,0.21,7,3
3559,693.0,0,0.06,2,4
3560,613.0,0,0.52,1,0
3561,536.0,0,0.13,4,4
3562,594.0,0,0.27,1,1
3563,491.0,1,0.37,1,0
3564,632.0,0,0.42,1,0
3565,561.0,0,0.37,10,1
3566,609.0,0,0.37,9,0
3567,593.0,2,0.38,6,2
3568,569.0,0,0.59,6,0
3569,618.0,0,0.21,3,3
3570,590.0,2,0.08,8,1
3571,550.0,0,0.16,3,5
3572,512.0,2,0.53,0,1
3573,628.0,1,0.29,2,0
3574,503.0,0,0.25,5,0
3575,744.0,4,0.29,7,0
3576,703.0,1,0.12,6,0
3577,473.0,0,0.15,4,2
3578,650.0,1,0.17,10,1
3579,691.0,0,0.28,3,4
3580,553.0,2,0.25,6,1
3581,628.0,0,0.19,1,1
3582,590.0,1,0.1,1,0
3583,655.0,1,0.09,10,2
3584,564.0,1,0.18,7,2
3585,681.0,0,0.11,7,0
3586,589.0,0,0.3,3,0
3587,575.0,2,0.42,8,0
3588,652.0,3,0.2,2,1
3589,672.0,1,0.34,6,1
3590,413.0,0,0.3,9,0
3591,368.0,2,0.29,8,0
3592,627.0,0,0.44,6,0
3593,547.0,1,0.3,3,0
3594,494.0,0,0.08,5,1
3595,570.0,2,0.34,10,1
3596,833.0,0,0.5,9,3
3597,494.0,0,0.1,0,1
3598,671.0,1,0.22,10,1
3599,539.0,0,0.27,10,0
3600,484.0,0,0.19,7,1
3601,551.0,1,0.39,5,1
3602,486.0,0,0.31,9,1
3603,475.0,0,0.5,3,0
3604,542.0,1,0.45,4,3
3605,513.0,2,0.61,3,3
3606,588.0,0,0.22,9,5
3607,613.0,0,0.25,6,3
3608,537.0,0,0.27,7,0
3609,650.0,4,0.43,0,1
3610,547.0,0,0.44,10,0
3611,588.0,0,0.32,6,2
3612,426.0,2,0.23,9,3
3613,607.0,1,0.09,0,1
3614,780.0,1,0.19,3,0
3615,664.0,0,0.22,6,1
3616,586.0,0,0.35,9,0
3617,507.0,0,0.34,10,0
3618,731.0,0,0.43,5,0
3619,587.0,0,0.28,5,0
3620,546.0,0,0.35,8,3
3621,548.0,2,0.54,7,0
3622,766.0,1,0.51,7,0
3623,591.0,1,0.56,0,0
3624,636.0,1,0.34,10,1
3625,584.0,0,0.49,0,0
3626,595.0,0,0.2,7,0
3627,566.0,0,0.55,7,3
3628,714.0,0,0.34,7,2
3629,604.0,0,0.23,10,0
3630,487.0,0,0.43,10,0
3631,632.0,0,0.57,1,0
3632,591.0,4,0.41,9,0
3633,630.0,0,0.68,6,0
3634,573.0,0,0.1,6,0
3635,557.0,0,0.49,10,3
3636,672.0,0,0.72,8,2
3637,749.0,4,0.43,10,0
3638,451.0,0,0.08,2,3
3639,607.0,1,0.09,9,1
3640,557.0,0,0.74,6,2
3641,527.0,0,0.52,2,0
3642,427.0,0,0.32,10,2
3643,629.0,0,0.48,3,2
3644,561.0,2,0.41,1,2
3645,557.0,0,0.32,6,3
3646,696.0,0,0.1,9,3
3647,565.0,0,0.17,5,1
3648,561.0,0,0.26,8,2
3649,493.0,0,0.61,10,0
3650,527.0,1,0.14,3,2
3651,717.0,0,0.2,0,0
3652,649.0,0,0.45,10,1
3653,703.0,0,0.31,7,3
3654,533.0,0,0.42,4,1
3655,629.0,0,0.41,9,2
3656,684.0,0,0.08,5,0
3657,646.0,0,0.41,10,3
3658,726.0,0,0.91,5,1
3659,632.0,4,0.1,3,0
3660,600.0,0,0.21,2,0
3661,412.0,0,0.53,2,0
3662,633.0,0,0.37,7,0
3663,648.0,0,0.55,1,1
3664,692.0,0,0.11,5,0
3665,536.0,0,0.64,1,1
3666,597.0,0,0.4,10,0
3667,473.0,1,0.45,1,1
3668,471.0,0,0.18,8,1
3669,641.0,5,0.22,4,0
3670,701.0,0,0.42,4,1
3671,704.0,0,0.15,1,1
3672,635.0,0,0.23,9,0
3673,764.0,0,0.21,10,1
3674,569.0,0,0.15,10,1
3675,672.0,0,0.42,10,2
3676,495.0,4,0.19,6,3
3677,349.0,0,0.37,10,2
3678,561.0,0,0.39,10,1
3679,590.0,0,0.27,8,0
3680,619.0,0,0.01,5,1
3681,585.0,0,0.73,2,5
3682,629.0,2,0.23,2,4
3683,739.0,0,0.33,5,2
3684,659.0,0,0.37,5,0
3685,539.0,0,0.09,6,0
3686,399.0,0,0.15,5,5
3687,514.0,1,0.5,8,3
3688,707.0,0,0.48,5,1
3689,560.0,0,0.07,7,1
3690,654.0,1,0.79,1,0
3691,651.0,2,0.29,7,1
3692,596.0,0,0.22,2,2
3693,593.0,0,0.07,5,0
3694,547.0,0,0.09,4,1
3695,778.0,0,0.29,2,0
3696,524.0,0,0.08,8,3
3697,690.0,0,0.5,9,2
3698,666.0,0,0.31,2,4
3699,649.0,0,0.26,7,0
3700,590.0,1,0.38,0,0
3701,482.0,0,0.13,4,3
3702,508.0,0,0.5,2,1
3703,538.0,0,0.41,0,1
3704,630.0,1,0.12,4,2
3705,671.0,0,0.11,8,1
3706,625.0,0,0.33,0,3
3707,621.0,2,0.11,6,0
3708,683.0,0,0.15,4,0
3709,433.0,2,0.65,2,0
3710,423.0,4,0.28,6,1
3711,476.0,0,0.32,7,2
3712,674.0,1,0.4,9,2
3713,439.0,1,0.29,4,1
3714,599.0,0,0.24,5,2
3715,527.0,0,0.47,4,1
3716,612.0,0,0.63,8,0
3717,589.0,0,0.09,2,2
3718,620.0,0,0.57,7,1
3719,568.0,0,0.54,9,1
3720,657.0,0,0.22,5,3
3721,717.0,0,0.5,3,0
3722,701.0,2,0.36,6,0
3723,571.0,0,0.23,4,2
3724,531.0,0,0.29,3,0
3725,616.0,0,0.46,9,0
3726,758.0,0,0.18,1,4
3727,596.0,0,0.12,4,4
3728,667.0,0,0.56,5,1
3729,663.0,0,0.38,7,0
3730,662.0,0,0.39,2,2
3731,702.0,0,0.32,9,2
3732,495.0,1,0.64,4,0
3733,523.0,0,0.56,10,2
3734,604.0,0,0.6,8,0
3735,698.0,4,0.83,2,1
3736,698.0,0,0.27,7,0
3737,596.0,1,0.19,0,3
3738,680.0,0,0.31,1,0
3739,566.0,0,0.37,0,0
3740,534.0,0,0.42,1,0
3741,494.0,1,0.2,8,0
3742,589.0,0,0.37,9,0
3743,572.0,0,0.26,7,1
3744,680.0,0,0.5,4,0
3745,645.0,0,0.12,5,2
3746,604.0,0,0.09,2,1
3747,605.0,0,0.37,4,3
3748,566.0,0,0.35,6,3
3749,458.0,1,0.09,8,2
3750,505.0,1,0.06,10,0
3751,663.0,0,0.34,4,1
3752,589.0,1,0.22,6,4
3753,495.0,2,0.13,1,2
3754,709.0,1,0.44,6,1
3755,736.0,0,0.21,1,1
3756,696.0,3,0.68,9,0
3757,634.0,2,0.54,1,3
3758,623.0,0,0.47,2,4
3759,598.0,0,0.49,2,2
3760,613.0,0,0.41,6,6
3761,650.0,0,0.5,7,2
3762,657.0,0,0.21,2,3
3763,636.0,0,0.63,8,1
3764,338.0,0,0.39,7,1
3765,692.0,0,0.25,7,0
3766,616.0,1,0.15,6,1
3767,491.0,1,0.4,10,1
3768,616.0,0,0.5,9,1
3769,624.0,0,0.4,8,0
3770,474.0,0,0.48,6,1
3771,549.0,0,0.18,6,1
3772,512.0,3,0.58,6,1
3773,522.0,0,0.14,10,0
3774,646.0,0,0.52,5,2
3775,550.0,0,0.54,7,5
3776,607.0,1,0.29,0,0
3777,659.0,0,0.32,8,3
3778,565.0,0,0.21,5,0
3779,662.0,0,0.46,10,0
3780,708.0,0,0.16,0,2
3781,668.0,0,0.37,10,3
3782,648.0,0,0.26,6,3
3783,668.0,0,0.37,2,0
3784,632.0,0,0.57,2,0
3785,668.0,1,0.51,2,3
3786,506.0,0,0.19,0,0
3787,594.0,0,0.16,0,0
3788,631.0,1,0.25,8,3
3789,594.0,0,0.7,2,0
3790,800.0,2,0.33,3,1
3791,585.0,0,0.04,4,4
3792,457.0,0,0.47,7,2
3793,604.0,0,0.45,8,1
3794,666.0,0,0.29,7,1
3795,530.0,1,0.19,9,0
3796,597.0,0,0.01,5,3
3797,594.0,2,0.27,5,1
3798,595.0,1,0.15,0,3
3799,552.0,0,0.12,6,6
3800,688.0,0,0.45,8,1
3801,773.0,3,0.49,7,0
3802,533.0,2,0.16,4,3
3803,495.0,2,0.42,7,0
3804,565.0,1,0.15,2,0
3805,713.0,0,0.57,0,0
3806,579.0,0,0.29,8,5
3807,629.0,0,0.49,5,1
3808,527.0,3,0.33,8,2
3809,743.0,3,0.16,6,0
3810,576.0,0,0.34,8,0
3811,620.0,0,0.21,8,0
3812,536.0,0,0.29,8,0
3813,529.0,0,0.42,9,2
3814,600.0,0,0.1,2,0
3815,608.0,2,0.25,5,3
3816,669.0,0,0.35,8,2
3817,465.0,0,0.21,5,1
3818,524.0,0,0.52,2,1
3819,545.0,0,0.57,10,1
3820,610.0,0,0.07,3,0
3821,510.0,1,0.52,5,2
3822,592.0,2,0.13,2,1
3823,549.0,3,0.4,1,0
3824,589.0,0,0.6,2,4
3825,538.0,0,0.53,4,0
3826,519.0,2,0.11,6,2
3827,623.0,0,0.14,10,1
3828,689.0,0,0.54,6,0
3829,665.0,0,0.14,4,4
3830,689.0,0,0.3,8,2
3831,698.0,1,0.3,8,0
3832,587.0,0,0.35,2,1
3833,750.0,0,0.29,8,3
3834,660.0,1,0.46,5,2
3835,524.0,0,0.42,8,2
3836,547.0,0,0.58,6,3
3837,612.0,0,0.23,0,0
3838,670.0,0,0.26,4,3
3839,582.0,0,0.22,0,4
3840,522.0,0,0.35,2,0
3841,663.0,0,0.11,0,4
3842,511.0,0,0.21,0,5
3843,624.0,3,0.79,4,0
3844,603.0,0,0.05,3,3
3845,493.0,0,0.44,6,0
3846,742.0,0,0.3,5,2
3847,601.0,0,0.19,9,1
3848,505.0,0,0.27,1,1
3849,604.0,0,0.17,2,4
3850,462.0,0,0.55,9,1
3851,629.0,0,0.26,10,3
3852,669.0,1,0.46,7,0
3853,816.0,0,0.42,10,2
3854,608.0,0,0.04,1,0
3855,547.0,0,0.2,10,0
3856,617.0,3,0.64,2,3
3857,715.0,0,0.05,10,1
3858,640.0,0,0.19,0,0
3859,667.0,0,0.44,10,1
3860,661.0,0,0.35,9,1
3861,641.0,0,0.31,4,3
3862,488.0,0,0.39,2,0
3863,483.0,0,0.02,1,0
3864,474.0,1,0.07,10,2
3865,504.0,0,0.18,10,1
3866,513.0,0,0.07,10,2
3867,749.0,4,0.41,9,0
3868,543.0,0,0.44,2,1
3869,608.0,0,0.52,8,0
3870,580.0,0,0.08,10,1
3871,615.0,0,0.63,8,4
3872,606.0,0,0.66,3,0
3873,500.0,1,0.49,6,0
3874,648.0,0,0.22,3,2
3875,546.0,0,0.18,7,0
3876,543.0,3,0.3,10,1
3877,575.0,0,0.49,0,1
3878,665.0,0,0.06,6,3
3879,550.0,2,0.24,3,0
3880,607.0,0,0.59,7,4
3881,632.0,2,0.33,4,2
3882,621.0,0,0.34,4,3
3883,616.0,0,0.28,2,1
3884,488.0,0,0.34,5,0
3885,610.0,0,0.56,5,3
3886,527.0,1,0.23,8,1
3887,459.0,0,0.32,3,1
3888,563.0,0,0.16,1,0
3889,558.0,0,0.27,2,0
3890,837.0,0,0.49,10,0
3891,678.0,0,0.2,6,4
3892,663.0,0,0.12,8,1
3893,567.0,0,0.46,6,1
3894,585.0,0,0.2,2,0
3895,806.0,0,0.23,5,3
3896,549.0,0,0.05,7,5
3897,620.0,0,0.23,8,0
3898,747.0,0,0.14,0,2
3899,542.0,0,0.43,7,4
3900,612.0,3,0.71,8,4
3901,599.0,0,0.25,8,2
3902,529.0,1,0.11,8,1
3903,662.0,0,0.65,5,0
3904,511.0,0,0.39,1,1
3905,662.0,0,0.79,8,3
3906,634.0,0,0.18,3,0
3907,672.0,0,0.45,0,0
3908,584.0,2,0.13,7,3
3909,631.0,1,0.18,0,5
3910,682.0,0,0.07,7,0
3911,487.0,2,0.35,3,0
3912,503.0,0,0.45,0,0
3913,647.0,1,0.22,9,4
3914,666.0,3,0.46,4,0
3915,611.0,4,0.3,0,0
3916,674.0,0,0.05,5,4
3917,571.0,1,0.17,3,1
3918,701.0,0,0.2,7,1
3919,594.0,0,0.46,8,0
3920,538.0,0,0.13,3,1
3921,714.0,0,0.24,4,1
3922,666.0,0,0.43,3,0
3923,564.0,0,0.33,1,0
3924,566.0,0,0.5,2,0
3925,648.0,0,0.6,6,0
3926,520.0,0,0.16,10,0
3927,626.0,0,0.49,8,4
3928,587.0,0,0.35,1,0
3929,617.0,0,0.64,8,6
3930,438.0,1,0.14,5,4
3931,527.0,0,0.3,3,1
3932,620.0,2,0.21,1,0
3933,684.0,0,0.15,3,5
3934,590.0,0,0.35,0,2
3935,658.0,0,0.19,4,0
3936,481.0,1,0.19,7,0
3937,564.0,0,0.37,4,3
3938,622.0,0,0.58,1,2
3939,595.0,3,0.54,4,0
3940,661.0,0,0.21,6,0
3941,579.0,0,0.2,6,2
3942,580.0,0,0.35,6,3
3943,652.0,0,0.38,2,1
3944,557.0,0,0.2,10,0
3945,527.0,0,0.31,7,0
3946,637.0,2,0.55,4,2
3947,523.0,0,0.33,9,0
3948,713.0,0,0.28,0,0
3949,453.0,0,0.69,3,0
3950,576.0,0,0.43,5,1
3951,730.0,0,0.4,10,1
3952,758.0,0,0.13,1,4
3953,593.0,0,0.27,8,0
3954,688.0,1,0.54,5,4
3955,662.0,1,0.01,4,1
3956,561.0,0,0.36,5,4
3957,637.0,1,0.43,5,0
3958,531.0,1,0.38,4,0
3959,475.0,0,0.25,6,0
3960,640.0,1,0.39,8,0
3961,645.0,0,0.52,5,0
3962,505.0,3,0.18,4,1
3963,589.0,0,0.42,3,1
3964,505.0,1,0.55,8,1
3965,563.0,0,0.39,0,0
3966,565.0,0,0.4,8,3
3967,659.0,1,0.18,1,0
3968,560.0,0,0.72,4,2
3969,499.0,0,0.27,9,0
3970,737.0,0,0.07,3,0
3971,640.0,1,0.55,3,1
3972,672.0,0,0.06,0,0
3973,649.0,0,0.2,10,0
3974,675.0,2,0.66,8,5
3975,635.0,0,0.24,3,1
3976,637.0,0,0.33,8,3
3977,610.0,0,0.37,9,3
3978,565.0,0,0.5,1,0
3979,671.0,0,0.3,0,1
3980,579.0,1,0.33,1,1
3981,609.0,3,0.1,5,2
3982,630.0,1,0.7,8,5
3983,636.0,2,0.61,5,0
3984,519.0,2,0.19,1,2
3985,616.0,0,0.13,2,1
3986,518.0,0,0.44,8,0
3987,614.0,0,0.54,8,0
3988,662.0,0,0.47,2,6
3989,744.0,0,0.43,2,1
3990,646.0,0,0.19,5,1
3991,669.0,0,0.22,0,4
3992,513.0,0,0.28,2,0
3993,643.0,0,0.35,7,2
3994,511.0,0,0.16,2,1
3995,696.0,1,0.17,8,1
3996,515.0,0,0.46,6,2
3997,522.0,1,0.27,3,0
3998,660.0,0,0.42,9,4
3999,734.0,0,0.48,5,1
4000,685.0,0,0.33,6,1
4001,572.0,3,0.19,5,0
4002,521.0,2,0.39,2,0
4003,566.0,0,0.29,3,1
4004,610.0,0,0.17,6,2
4005,594.0,0,0.56,0,0
4006,518.0,0,0.46,1,0
4007,703.0,0,0.38,0,3
4008,705.0,0,0.32,5,1
4009,751.0,0,0.3,3,1
4010,467.0,0,0.51,2,0
4011,535.0,1,0.07,10,0
4012,620.0,0,0.36,8,1
4013,600.0,0,0.38,5,0
4014,564.0,0,0.52,9,2
4015,532.0,0,0.12,0,0
4016,520.0,0,0.04,6,1
4017,762.0,1,0.11,10,1
4018,486.0,4,0.22,4,2
4019,475.0,0,0.47,10,3
4020,505.0,0,0.33,9,0
4021,615.0,0,0.17,8,0
4022,578.0,0,0.44,3,0
4023,633.0,1,0.25,5,2
4024,543.0,0,0.08,3,0
4025,607.0,0,0.81,7,2
4026,607.0,0,0.03,1,0
4027,726.0,0,0.09,8,1
4028,742.0,0,0.29,9,1
4029,588.0,0,0.75,7,1
4030,668.0,0,0.48,1,0
4031,613.0,0,0.25,0,1
4032,662.0,0,0.35,10,3
4033,631.0,1,0.38,3,1
4034,659.0,0,0.4,8,0
4035,668.0,0,0.72,6,4
4036,634.0,0,0.55,9,5
4037,611.0,1,0.42,2,1
4038,683.0,0,0.39,5,0
4039,589.0,1,0.63,5,3
4040,554.0,1,0.45,2,0
4041,476.0,0,0.49,10,2
4042,634.0,2,0.43,5,2
4043,655.0,0,0.52,9,1
4044,462.0,0,0.3,8,0
4045,551.0,1,0.38,3,0
4046,660.0,0,0.17,5,0
4047,589.0,0,0.29,4,1
4048,604.0,0,0.33,3,0
4049,673.0,0,0.24,1,2
4050,591.0,0,0.17,6,0
4051,631.0,1,0.83,1,1
4052,514.0,0,0.58,0,0
4053,628.0,0,0.53,2,1
4054,493.0,0,0.31,8,1
4055,496.0,1,0.19,3,1
4056,560.0,0,0.25,7,2
4057,644.0,0,0.08,10,0
4058,604.0,3,0.46,2,1
4059,537.0,0,0.21,10,3
4060,670.0,0,0.77,2,0
4061,626.0,0,0.18,7,1
4062,684.0,2,0.33,8,0
4063,529.0,1,0.24,1,3
4064,715.0,0,0.45,3,0
4065,727.0,1,0.65,5,5
4066,673.0,0,0.43,6,0
4067,639.0,1,0.34,7,3
4068,640.0,0,0.09,6,3
4069,626.0,2,0.12,0,0
4070,490.0,1,0.36,6,2
4071,552.0,1,0.13,1,0
4072,592.0,2,0.36,0,0
4073,518.0,0,0.23,7,1
4074,715.0,1,0.52,5,1
4075,640.0,1,0.25,3,0
4076,743.0,0,0.66,8,3
4077,663.0,0,0.11,3,1
4078,488.0,0,0.18,8,1
4079,705.0,0,0.24,3,1
4080,564.0,0,0.18,4,1
4081,709.0,2,0.33,3,0
4082,721.0,0,0.67,1,1
4083,708.0,0,0.13,2,3
4084,686.0,0,0.28,5,4
4085,635.0,0,0.36,4,0
4086,599.0,0,0.39,6,2
4087,751.0,0,0.42,10,0
4088,622.0,0,0.55,8,0
4089,569.0,1,0.06,10,0
4090,635.0,2,0.06,8,5
4091,692.0,0,0.8,2,2
4092,689.0,0,0.4,4,0
4093,513.0,0,0.19,4,3
4094,686.0,2,0.07,6,0
4095,655.0,0,0.55,1,0
4096,572.0,1,0.43,5,0
4097,534.0,1,0.32,9,1
4098,714.0,0,0.5,2,0
4099,722.0,0,0.43,5,5
4100,726.0,3,0.66,2,0
4101,495.0,0,0.12,7,0
4102,583.0,0,0.38,7,0
4103,605.0,0,0.47,6,1
4104,720.0,0,0.3,7,0
4105,665.0,0,0.36,2,2
4106,582.0,2,0.5,7,1
4107,613.0,0,0.85,0,6
4108,657.0,0,0.34,3,0
4109,660.0,0,0.39,4,1
4110,734.0,0,0.38,5,5
4111,717.0,0,0.75,6,1
4112,700.0,0,0.55,2,0
4113,539.0,0,0.31,5,0
4114,544.0,2,0.19,7,1
4115,521.0,0,0.43,4,0
4116,634.0,0,0.26,3,1
4117,562.0,1,0.21,3,4
4118,648.0,0,0.34,3,1
4119,659.0,1,0.53,7,0
4120,620.0,0,0.03,3,1
4121,673.0,0,0.23,1,2
4122,551.0,0,0.31,0,1
4123,484.0,0,0.18,5,0
4124,546.0,1,0.38,4,1
4125,669.0,0,0.14,9,1
4126,750.0,0,0.41,5,0
4127,721.0,0,0.48,5,4
4128,587.0,0,0.66,0,5
4129,680.0,1,0.23,8,2
4130,492.0,0,0.17,4,4
4131,727.0,2,0.23,2,4
4132,645.0,0,0.64,10,0
4133,666.0,0,0.46,0,0
4134,450.0,0,0.42,5,0
4135,640.0,0,0.05,3,0
4136,751.0,3,0.46,4,0
4137,627.0,0,0.5,6,0
4138,596.0,0,0.34,6,0
4139,583.0,0,0.67,6,0
4140,546.0,0,0.34,4,1
4141,611.0,0,0.3,0,3
4142,507.0,0,0.26,1,0
4143,640.0,0,0.35,9,1
4144,693.0,0,0.33,8,1
4145,570.0,0,0.28,10,1
4146,635.0,0,0.65,8,0
4147,599.0,0,0.57,3,3
4148,636.0,0,0.62,8,0
4149,677.0,0,0.36,5,2
4150,637.0,1,0.09,2,0
4151,673.0,0,0.64,4,5
4152,646.0,0,0.1,6,2
4153,673.0,0,0.5,5,4
4154,629.0,0,0.14,5,1
4155,631.0,2,0.61,2,0
4156,659.0,0,0.35,7,1
4157,598.0,0,0.28,4,0
4158,640.0,0,0.15,7,0
4159,533.0,0,0.35,1,0
4160,459.0,0,0.35,4,0
4161,611.0,0,0.16,10,0
4162,540.0,0,0.41,8,0
4163,758.0,0,0.38,6,1
4164,540.0,2,0.47,6,3
4165,665.0,4,0.32,0,0
4166,547.0,0,0.38,8,0
4167,602.0,0,0.41,1,2
4168,514.0,0,0.14,7,1
4169,507.0,2,0.4,2,3
4170,626.0,0,0.47,8,0
4171,572.0,0,0.53,7,4
4172,663.0,0,0.26,6,0
4173,703.0,0,0.44,2,0
4174,476.0,0,0.65,6,1
4175,687.0,0,0.1,6,5
4176,523.0,0,0.3,1,0
4177,573.0,0,0.31,5,1
4178,488.0,2,0.17,5,3
4179,490.0,0,0.32,2,4
4180,444.0,1,0.47,9,2
4181,568.0,0,0.22,6,0
4182,605.0,0,0.44,3,3
4183,570.0,0,0.46,8,2
4184,457.0,0,0.59,4,4
4185,443.0,0,0.32,1,0
4186,601.0,5,0.7,6,1
4187,663.0,0,0.11,6,0
4188,620.0,0,0.33,3,2
4189,749.0,1,0.22,1,0
4190,597.0,1,0.54,2,0
4191,625.0,5,0.04,6,0
4192,598.0,0,0.57,9,2
4193,537.0,0,0.24,2,1
4194,587.0,1,0.2,0,0
4195,667.0,1,0.69,7,1
4196,670.0,0,0.59,2,1
4197,629.0,3,0.18,7,0
4198,727.0,1,0.48,6,0
4199,637.0,0,0.17,4,1
4200,626.0,1,0.3,9,0
4201,720.0,0,0.33,5,2
4202,543.0,0,0.29,1,0
4203,714.0,0,0.21,3,0
4204,522.0,0,0.69,3,0
4205,579.0,0,0.34,2,1
4206,453.0,1,0.33,8,0
4207,620.0,1,0.31,6,1
4208,706.0,0,0.16,1,2
4209,525.0,0,0.36,3,5
4210,577.0,0,0.13,0,1
4211,582.0,0,0.51,0,0
4212,583.0,0,0.22,0,2
4213,516.0,0,0.66,0,0
4214,603.0,0,0.31,9,0
4215,726.0,2,0.26,2,1
4216,560.0,0,0.14,8,0
4217,618.0,0,0.38,7,0
4218,618.0,1,0.59,5,0
4219,568.0,5,0.27,10,0
4220,622.0,0,0.83,9,1
4221,570.0,0,0.16,7,2
4222,633.0,0,0.07,1,0
4223,594.0,0,0.1,1,0
4224,488.0,0,0.65,0,0
4225,456.0,0,0.76,5,1
4226,429.0,0,0.33,5,2
4227,567.0,0,0.58,5,0
4228,666.0,0,0.37,8,0
4229,542.0,1,0.68,0,2
4230,580.0,0,0.66,0,0
4231,548.0,0,0.35,8,1
4232,533.0,0,0.17,3,2
4233,776.0,0,0.77,8,6
4234,536.0,0,0.37,1,2
4235,492.0,0,0.52,8,0
4236,528.0,2,0.06,7,0
4237,606.0,1,0.19,1,1
4238,554.0,0,0.15,2,1
4239,623.0,0,0.03,4,0
4240,542.0,1,0.2,6,1
4241,553.0,0,0.11,5,5
4242,543.0,1,0.28,0,1
4243,593.0,2,0.66,6,6
4244,657.0,0,0.12,4,0
4245,666.0,0,0.22,4,1
4246,713.0,0,0.14,0,0
4247,495.0,0,0.17,1,2
4248,517.0,0,0.07,9,0
4249,527.0,0,0.34,1,4
4250,600.0,0,0.41,7,0
4251,514.0,0,0.57,7,1
4252,545.0,0,0.14,6,2
4253,655.0,0,0.4,2,1
4254,686.0,0,0.09,3,5
4255,655.0,4,0.34,6,0
4256,626.0,0,0.18,0,0
4257,547.0,0,0.11,9,2
4258,602.0,1,0.1,4,1
4259,691.0,0,0.08,3,1
4260,653.0,3,0.67,2,1
4261,671.0,0,0.4,10,2
4262,676.0,0,0.04,5,1
4263,574.0,0,0.3,4,0
4264,651.0,1,0.26,1,0
4265,570.0,0,0.27,10,0
4266,648.0,0,0.55,6,5
4267,698.0,0,0.38,2,4
4268,724.0,1,0.12,9,0
4269,648.0,4,0.23,5,2
4270,632.0,0,0.16,4,0
4271,711.0,0,0.69,8,2
4272,531.0,0,0.17,0,1
4273,716.0,0,0.36,5,1
4274,610.0,1,0.85,6,0
4275,611.0,1,0.22,9,0
4276,564.0,0,0.32,10,0
4277,506.0,0,0.31,5,0
4278,718.0,0,0.19,10,1
4279,632.0,1,0.47,5,0
4280,570.0,0,0.26,4,0
4281,628.0,4,0.73,5,0
4282,573.0,0,0.32,4,1
4283,464.0,0,0.17,5,0
4284,586.0,0,0.34,3,4
4285,487.0,0,0.08,10,4
4286,619.0,0,0.58,9,0
4287,727.0,0,0.22,8,1
4288,549.0,0,0.29,2,1
4289,663.0,0,0.49,9,0
4290,549.0,1,0.36,6,1
4291,598.0,0,0.31,7,1
4292,530.0,4,0.33,5,0
4293,650.0,0,0.14,7,0
4294,708.0,0,0.76,0,0
4295,615.0,0,0.4,9,3
4296,643.0,0,0.15,5,1
4297,643.0,0,0.24,5,0
4298,580.0,0,0.65,6,1
4299,705.0,3,0.54,10,1
4300,559.0,0,0.12,3,1
4301,474.0,3,0.16,3,0
4302,526.0,0,0.16,1,1
4303,649.0,0,0.35,6,3
4304,569.0,0,0.16,4,1
4305,607.0,0,0.43,2,0
4306,581.0,0,0.17,10,0
4307,614.0,0,0.18,4,0
4308,687.0,2,0.36,10,3
4309,722.0,1,0.36,8,1
4310,522.0,0,0.23,4,4
4311,675.0,1,0.32,5,0
4312,616.0,0,0.11,8,3
4313,502.0,0,0.14,2,2
4314,640.0,2,0.36,8,4
4315,748.0,0,0.42,9,0
4316,541.0,0,0.26,10,4
4317,582.0,0,0.36,7,2
4318,472.0,0,0.76,7,2
4319,591.0,0,0.43,9,0
4320,613.0,0,0.15,3,0
4321,758.0,3,0.14,5,6
4322,525.0,0,0.35,10,2
4323,677.0,4,0.51,1,3
4324,624.0,1,0.23,3,0
4325,779.0,0,0.5,7,1
4326,614.0,0,0.43,1,1
4327,596.0,0,0.77,8,0
4328,668.0,3,0.16,5,0
4329,639.0,0,0.13,7,0
4330,675.0,0,0.36,10,0
4331,645.0,0,0.66,10,1
4332,482.0,0,0.29,7,0
4333,642.0,0,0.29,3,1
4334,640.0,0,0.2,6,1
4335,541.0,0,0.54,7,1
4336,623.0,0,0.21,3,1
4337,453.0,0,0.47,7,0
4338,620.0,0,0.59,8,3
4339,655.0,0,0.42,5,0
4340,677.0,0,0.26,1,1
4341,656.0,0,0.59,7,3
4342,529.0,0,0.52,1,2
4343,483.0,1,0.27,2,2
4344,675.0,0,0.08,9,3
4345,632.0,1,0.34,0,5
4346,639.0,2,0.23,5,0
4347,735.0,1,0.38,4,6
4348,471.0,1,0.32,9,4
4349,744.0,1,0.48,2,0
4350,555.0,0,0.19,0,0
4351,666.0,3,0.19,5,2
4352,599.0,0,0.33,7,3
4353,572.0,0,0.27,0,1
4354,479.0,0,0.38,1,1
4355,546.0,0,0.29,3,0
4356,637.0,1,0.55,1,2
4357,628.0,0,0.08,4,1
4358,676.0,3,0.42,2,0
4359,545.0,0,0.41,9,4
4360,660.0,3,0.43,0,0
4361,605.0,0,0.29,0,1
4362,651.0,0,0.39,10,3
4363,641.0,3,0.51,10,2
4364,562.0,3,0.17,7,0
4365,620.0,0,0.41,0,6
4366,637.0,0,0.26,9,0
4367,663.0,0,0.43,1,3
4368,720.0,0,0.5,1,1
4369,549.0,0,0.39,0,0
4370,507.0,0,0.34,8,0
4371,703.0,0,0.29,5,0
4372,497.0,0,0.19,1,0
4373,683.0,2,0.61,5,3
4374,527.0,0,0.71,1,0
4375,550.0,2,0.1,7,1
4376,594.0,2,0.16,9,0
4377,484.0,0,0.43,10,0
4378,522.0,1,0.2,1,0
4379,466.0,2,0.41,5,4
4380,654.0,0,0.48,8,0
4381,599.0,0,0.09,9,2
4382,601.0,0,0.79,10,0
4383,595.0,0,0.4,1,0
4384,599.0,3,0.14,0,1
4385,561.0,0,0.23,4,0
4386,677.0,0,0.18,10,3
4387,459.0,2,0.15,0,4
4388,485.0,1,0.4,6,1
4389,709.0,0,0.36,3,0
4390,621.0,0,0.22,6,1
4391,438.0,0,0.34,7,3
4392,626.0,0,0.38,9,2
4393,473.0,2,0.35,8,0
4394,704.0,0,0.22,7,0
4395,674.0,2,0.23,4,0
4396,768.0,0,0.32,10,1
4397,576.0,0,0.14,3,0
4398,503.0,0,0.19,10,0
4399,557.0,0,0.08,0,1
4400,559.0,2,0.57,2,1
4401,631.0,0,0.3,0,3
4402,453.0,2,0.56,8,1
4403,600.0,0,0.11,7,2
4404,519.0,4,0.27,4,0
4405,559.0,2,0.38,4,1
4406,711.0,2,0.45,1,1
4407,680.0,0,0.4,7,4
4408,658.0,0,0.25,3,2
4409,651.0,0,0.25,6,2
4410,579.0,0,0.59,0,4
4411,596.0,0,0.31,0,0
4412,474.0,0,0.67,5,2
4413,501.0,0,0.31,3,3
4414,610.0,0,0.22,0,6
4415,510.0,1,0.35,9,1
4416,655.0,1,0.37,1,2
4417,596.0,0,0.02,7,0
4418,576.0,0,0.21,10,1
4419,551.0,2,0.16,4,1
4420,636.0,0,0.21,10,0
4421,654.0,0,0.12,1,4
4422,530.0,0,0.47,6,4
4423,558.0,0,0.29,9,4
4424,585.0,0,0.18,10,0
4425,626.0,0,0.34,3,0
4426,625.0,1,0.14,5,2
4427,592.0,1,0.67,6,0
4428,657.0,1,0.14,5,1
4429,589.0,0,0.02,5,1
4430,488.0,0,0.16,4,1
4431,707.0,0,0.17,1,1
4432,678.0,0,0.03,0,0
4433,490.0,0,0.57,10,0
4434,614.0,0,0.55,3,4
4435,704.0,0,0.51,6,1
4436,576.0,0,0.36,5,0
4437,662.0,0,0.09,1,0
4438,689.0,0,0.29,5,0
4439,621.0,0,0.33,8,0
4440,771.0,0,0.37,5,1
4441,652.0,0,0.55,7,2
4442,608.0,0,0.2,3,0
4443,587.0,0,0.53,9,2
4444,596.0,0,0.48,7,0
4445,555.0,0,0.13,6,2
4446,511.0,0,0.34,10,0
4447,528.0,0,0.25,0,0
4448,589.0,1,0.38,8,0
4449,664.0,0,0.71,5,1
4450,626.0,3,0.15,3,2
4451,614.0,0,0.31,8,1
4452,770.0,3,0.09,3,4
4453,735.0,0,0.29,7,0
4454,527.0,0,0.45,9,0
4455,656.0,0,0.37,6,0
4456,505.0,0,0.54,2,0
4457,621.0,0,0.26,7,1
4458,490.0,3,0.14,1,1
4459,551.0,2,0.35,2,0
4460,650.0,4,0.47,2,0
4461,564.0,0,0.17,3,0
4462,514.0,0,0.4,5,0
4463,545.0,1,0.34,6,1
4464,524.0,0,0.43,0,1
4465,633.0,0,0.33,9,0
4466,696.0,0,0.01,2,4
4467,584.0,0,0.31,10,1
4468,682.0,1,0.38,2,0
4469,554.0,0,0.62,10,0
4470,592.0,0,0.66,6,0
4471,743.0,0,0.54,9,1
4472,586.0,0,0.23,8,0
4473,686.0,0,0.41,5,0
4474,542.0,0,0.42,10,5
4475,598.0,0,0.4,4,4
4476,531.0,0,0.47,2,1
4477,605.0,1,0.2,5,3
4478,619.0,0,0.37,7,0
4479,661.0,0,0.16,8,2
4480,554.0,1,0.36,2,3
4481,587.0,0,0.56,8,3
4482,695.0,1,0.51,6,1
4483,503.0,0,0.29,2,3
4484,402.0,0,0.02,2,0
4485,548.0,1,0.42,8,0
4486,649.0,0,0.24,5,2
4487,607.0,0,0.77,5,1
4488,524.0,0,0.71,5,0
4489,606.0,0,0.07,6,2
4490,571.0,0,0.5,10,1
4491,475.0,0,0.45,7,1
4492,573.0,0,0.44,2,0
4493,660.0,0,0.12,5,0
4494,578.0,1,0.18,9,3
4495,479.0,2,0.11,10,0
4496,738.0,3,0.25,8,1
4497,521.0,3,0.09,5,0
4498,630.0,0,0.19,6,0
4499,667.0,0,0.38,8,1
4500,634.0,0,0.57,7,2
4501,581.0,2,0.07,5,0
4502,455.0,0,0.37,3,0
4503,694.0,1,0.15,7,1
4504,507.0,1,0.09,6,1
4505,678.0,4,0.62,7,2
4506,689.0,0,0.19,1,1
4507,502.0,0,0.22,10,0
4508,501.0,0,0.4,8,0
4509,569.0,1,0.2,8,0
4510,674.0,1,0.07,3,0
4511,552.0,0,0.38,0,0
4512,608.0,2,0.33,10,4
4513,560.0,0,0.12,5,0
4514,663.0,2,0.43,4,1
4515,549.0,2,0.28,1,1
4516,542.0,2,0.29,10,1
4517,517.0,1,0.14,5,1
4518,515.0,1,0.52,2,1
4519,685.0,0,0.57,3,0
4520,571.0,0,0.22,3,0
4521,524.0,0,0.45,6,0
4522,466.0,0,0.47,8,1
4523,578.0,0,0.6,5,0
4524,534.0,0,0.27,9,6
4525,519.0,0,0.6,7,0
4526,538.0,1,0.16,5,1
4527,610.0,0,0.46,9,5
4528,507.0,0,0.37,0,4
4529,576.0,1,0.22,1,2
4530,671.0,2,0.19,3,0
4531,556.0,0,0.12,0,2
4532,515.0,2,0.19,8,4
4533,684.0,0,0.18,6,1
4534,593.0,1,0.26,5,0
4535,586.0,2,0.14,4,0
4536,642.0,0,0.15,7,1
4537,593.0,3,0.35,8,0
4538,606.0,1,0.22,4,0
4539,474.0,4,0.13,6,1
4540,533.0,0,0.09,0,0
4541,749.0,0,0.68,8,0
4542,517.0,0,0.31,7,1
4543,605.0,0,0.11,3,0
4544,739.0,1,0.21,3,4
4545,655.0,0,0.22,0,5
4546,623.0,0,0.16,5,5
4547,536.0,0,0.54,9,0
4548,550.0,0,0.68,10,0
4549,575.0,0,0.31,7,0
4550,627.0,0,0.54,2,4
4551,702.0,0,0.76,1,3
4552,609.0,1,0.22,3,0
4553,554.0,0,0.18,2,0
4554,592.0,0,0.47,1,0
4555,642.0,0,0.31,1,0
4556,627.0,0,0.19,0,0
4557,580.0,1,0.34,0,0
4558,510.0,0,0.14,4,2
4559,686.0,1,0.31,9,1
4560,579.0,0,0.38,1,0
4561,620.0,0,0.22,8,0
4562,546.0,0,0.16,3,1
4563,544.0,0,0.36,7,1
4564,640.0,1,0.36,9,0
4565,499.0,0,0.29,6,0
4566,507.0,0,0.35,0,4
4567,721.0,2,0.18,1,0
4568,666.0,0,0.18,6,3
4569,633.0,1,0.39,6,1
4570,514.0,1,0.39,4,1
4571,618.0,2,0.08,6,0
4572,594.0,2,0.23,4,2
4573,565.0,0,0.39,0,1
4574,593.0,3,0.18,5,0
4575,486.0,0,0.29,1,3
4576,434.0,0,0.16,3,2
4577,624.0,0,0.42,5,2
4578,613.0,0,0.39,0,0
4579,620.0,1,0.07,9,0
4580,662.0,3,0.29,9,0
4581,641.0,0,0.31,0,0
4582,719.0,0,0.29,2,3
4583,694.0,1,0.44,3,0
4584,605.0,0,0.17,7,0
4585,613.0,2,0.25,0,1
4586,618.0,0,0.32,8,4
4587,477.0,0,0.21,6,0
4588,674.0,0,0.28,2,4
4589,647.0,0,0.42,5,4
4590,467.0,2,0.07,1,0
4591,724.0,0,0.31,3,1
4592,566.0,0,0.11,10,1
4593,590.0,0,0.31,0,0
4594,589.0,0,0.44,0,6
4595,586.0,0,0.21,5,1
4596,792.0,0,0.43,4,2
4597,579.0,2,0.07,8,2
4598,574.0,1,0.15,0,0
4599,602.0,2,0.19,6,1
4600,532.0,0,0.11,4,3
4601,623.0,0,0.33,5,2
4602,534.0,0,0.39,2,1
4603,640.0,0,0.75,10,1
4604,517.0,5,0.28,10,1
4605,553.0,5,0.46,6,0
4606,520.0,0,0.18,3,0
4607,557.0,5,0.13,3,1
4608,457.0,3,0.48,8,6
4609,404.0,0,0.31,1,2
4610,574.0,0,0.61,4,0
4611,477.0,0,0.66,1,0
4612,739.0,0,0.09,5,0
4613,571.0,1,0.43,4,3
4614,657.0,0,0.47,7,0
4615,625.0,1,0.16,9,1
4616,515.0,1,0.46,7,1
4617,566.0,1,0.1,0,3
4618,659.0,0,0.48,9,0
4619,654.0,1,0.18,2,0
4620,669.0,0,0.14,3,0
4621,547.0,0,0.16,5,0
4622,647.0,0,0.4,5,0
4623,552.0,0,0.18,9,2
4624,681.0,0,0.23,9,0
4625,678.0,0,0.6,1,1
4626,490.0,1,0.3,3,3
4627,622.0,0,0.04,5,1
4628,512.0,0,0.51,2,4
4629,666.0,0,0.07,3,1
4630,510.0,0,0.21,3,1
4631,626.0,0,0.18,3,0
4632,659.0,0,0.57,3,1
4633,605.0,2,0.4,7,2
4634,669.0,1,0.71,1,0
4635,623.0,2,0.25,9,1
4636,725.0,1,0.43,2,1
4637,512.0,0,0.5,9,5
4638,569.0,0,0.43,0,0
4639,446.0,1,0.11,10,0
4640,576.0,0,0.13,2,1
4641,505.0,0,0.09,0,1
4642,489.0,0,0.31,9,0
4643,476.0,0,0.72,1,0
4644,562.0,0,0.46,6,0
4645,620.0,0,0.54,8,0
4646,638.0,0,0.1,3,0
4647,680.0,0,0.52,9,3
4648,676.0,0,0.3,8,1
4649,510.0,0,0.29,0,2
4650,541.0,2,0.37,6,0
4651,615.0,1,0.32,7,4
4652,617.0,0,0.12,2,3
4653,710.0,2,0.31,9,5
4654,577.0,1,0.18,6,2
4655,661.0,1,0.12,6,2
4656,589.0,3,0.65,10,1
4657,629.0,0,0.36,7,2
4658,631.0,0,0.41,0,0
4659,598.0,0,0.68,8,0
4660,522.0,0,0.1,10,0
4661,622.0,0,0.59,5,2
4662,651.0,0,0.26,4,0
4663,609.0,0,0.43,1,3
4664,379.0,0,0.22,5,1
4665,586.0,0,0.75,0,2
4666,654.0,0,0.35,0,1
4667,522.0,1,0.53,1,3
4668,685.0,0,0.84,2,6
4669,551.0,0,0.44,6,3
4670,574.0,0,0.09,4,3
4671,616.0,1,0.56,8,3
4672,526.0,0,0.59,10,1
4673,673.0,0,0.33,8,0
4674,701.0,0,0.07,8,1
4675,512.0,1,0.14,6,0
4676,585.0,0,0.12,10,1
4677,751.0,4,0.52,2,0
4678,688.0,0,0.37,8,0
4679,471.0,0,0.12,9,2
4680,693.0,0,0.07,9,0
4681,326.0,0,0.28,3,4
4682,649.0,2,0.19,0,0
4683,531.0,0,0.61,9,0
4684,637.0,0,0.45,9,4
4685,620.0,2,0.83,6,3
4686,611.0,0,0.67,8,0
4687,647.0,0,0.22,5,3
4688,560.0,0,0.23,6,3
4689,552.0,1,0.72,2,1
4690,674.0,1,0.29,7,3
4691,600.0,0,0.1,8,1
4692,554.0,0,0.37,8,0
4693,586.0,1,0.67,0,0
4694,579.0,1,0.14,0,0
4695,572.0,0,0.42,9,0
4696,635.0,0,0.39,2,2
4697,530.0,0,0.05,6,0
4698,722.0,0,0.39,10,2
4699,618.0,0,0.08,5,1
4700,453.0,1,0.34,3,1
4701,622.0,0,0.27,10,2
4702,526.0,1,0.64,1,2
4703,598.0,0,0.14,5,0
4704,588.0,1,0.32,7,2
4705,654.0,0,0.51,0,0
4706,653.0,0,0.09,4,2
4707,618.0,0,0.43,0,2
4708,753.0,0,0.24,9,5
4709,542.0,0,0.63,4,0
4710,709.0,0,0.16,6,0
4711,711.0,0,0.19,10,4
4712,627.0,0,0.04,10,0
4713,637.0,3,0.12,0,1
4714,676.0,0,0.65,7,4
4715,575.0,0,0.06,0,2
4716,560.0,0,0.45,7,0
4717,564.0,1,0.01,10,0
4718,623.0,2,0.41,5,0
4719,562.0,1,0.48,7,2
4720,542.0,0,0.02,0,4
4721,517.0,1,0.21,0,0
4722,521.0,0,0.04,0,1
4723,549.0,0,0.16,6,3
4724,551.0,0,0.3,8,3
4725,609.0,3,0.19,5,3
4726,538.0,1,0.42,8,2
4727,639.0,0,0.14,1,0
4728,757.0,0,0.49,2,0
4729,700.0,2,0.38,1,1
4730,515.0,1,0.03,6,0
4731,576.0,0,0.8,4,0
4732,498.0,4,0.46,3,0
4733,616.0,0,0.25,6,0
4734,620.0,0,0.41,8,2
4735,614.0,0,0.44,5,2
4736,516.0,1,0.28,9,0
4737,548.0,0,0.25,8,4
4738,676.0,0,0.41,4,1
4739,632.0,0,0.21,2,2
4740,531.0,0,0.5,7,1
4741,497.0,1,0.31,6,0
4742,594.0,2,0.15,3,3
4743,590.0,0,0.15,10,2
4744,497.0,0,0.48,5,0
4745,575.0,0,0.43,2,0
4746,561.0,0,0.32,8,6
4747,553.0,0,0.55,5,4
4748,566.0,0,0.19,1,2
4749,622.0,0,0.43,7,1
4750,607.0,1,0.36,0,1
4751,700.0,0,0.46,7,1
4752,616.0,0,0.22,7,3
4753,664.0,1,0.12,7,2
4754,494.0,0,0.63,8,0
4755,612.0,0,0.29,0,0
4756,570.0,0,0.53,6,2
4757,658.0,2,0.26,7,5
4758,620.0,0,0.31,2,2
4759,726.0,0,0.28,10,1
4760,525.0,0,0.12,5,2
4761,543.0,0,0.32,7,2
4762,627.0,0,0.53,4,2
4763,590.0,0,0.26,6,4
4764,525.0,0,0.21,10,1
4765,630.0,1,0.51,0,1
4766,560.0,0,0.06,7,2
4767,636.0,0,0.34,8,3
4768,464.0,0,0.48,5,1
4769,577.0,0,0.31,9,0
4770,613.0,0,0.42,4,0
4771,614.0,0,0.66,9,3
4772,656.0,0,0.13,3,1
4773,580.0,4,0.47,5,5
4774,636.0,0,0.11,1,0
4775,594.0,3,0.29,0,2
4776,659.0,0,0.08,7,1
4777,477.0,3,0.15,3,0
4778,392.0,0,0.64,5,0
4779,700.0,4,0.22,3,0
4780,555.0,0,0.64,0,1
4781,464.0,3,0.37,7,3
4782,587.0,0,0.12,4,6
4783,559.0,0,0.6,9,1
4784,630.0,0,0.32,8,4
4785,639.0,0,0.68,10,3
4786,567.0,0,0.38,1,0
4787,674.0,1,0.58,4,0
4788,503.0,0,0.48,8,3
4789,412.0,0,0.24,2,1
4790,612.0,4,0.13,5,2
4791,579.0,2,0.14,0,1
4792,448.0,3,0.44,0,0
4793,649.0,0,0.74,2,1
4794,464.0,2,0.26,10,0
4795,591.0,0,0.12,0,2
4796,661.0,2,0.41,2,0
4797,621.0,0,0.31,4,1
4798,616.0,0,0.56,0,0
4799,562.0,0,0.68,1,2
4800,613.0,0,0.59,5,1
4801,641.0,0,0.44,9,2
4802,548.0,0,0.1,1,2
4803,510.0,0,0.14,2,2
4804,663.0,0,0.31,0,4
4805,748.0,0,0.27,1,0
4806,720.0,0,0.32,7,0
4807,390.0,0,0.59,0,0
4808,700.0,0,0.4,1,1
4809,549.0,1,0.14,1,1
4810,744.0,0,0.32,10,3
4811,517.0,0,0.6,10,5
4812,510.0,0,0.29,8,0
4813,596.0,1,0.07,1,4
4814,568.0,0,0.06,9,0
4815,572.0,1,0.21,9,0
4816,675.0,1,0.56,7,2
4817,699.0,0,0.11,7,0
4818,524.0,2,0.14,5,2
4819,731.0,0,0.18,3,4
4820,502.0,1,0.1,7,1
4821,552.0,0,0.55,3,3
4822,803.0,0,0.29,6,0
4823,630.0,0,0.37,7,0
4824,547.0,0,0.22,8,1
4825,621.0,2,0.47,10,5
4826,656.0,1,0.09,2,1
4827,627.0,0,0.55,0,2
4828,702.0,2,0.33,1,4
4829,531.0,0,0.38,3,2
4830,548.0,1,0.42,7,1
4831,529.0,0,0.18,8,3
4832,534.0,3,0.71,2,0
4833,603.0,0,0.34,10,1
4834,515.0,1,0.55,10,3
4835,623.0,0,0.29,7,1
4836,651.0,0,0.71,1,3
4837,502.0,1,0.61,8,2
4838,550.0,0,0.61,7,0
4839,559.0,0,0.33,3,1
4840,582.0,0,0.34,8,1
4841,587.0,0,0.4,0,0
4842,672.0,0,0.22,3,2
4843,678.0,1,0.21,0,0
4844,535.0,0,0.29,7,2
4845,655.0,0,0.34,8,0
4846,710.0,0,0.21,10,1
4847,697.0,0,0.57,5,2
4848,616.0,0,0.27,10,2
4849,596.0,1,0.2,3,0
4850,488.0,0,0.51,1,1
4851,567.0,2,0.55,10,0
4852,480.0,0,0.09,1,1
4853,691.0,2,0.44,9,4
4854,579.0,0,0.14,3,3
4855,593.0,1,0.31,3,0
4856,551.0,2,0.14,0,0
4857,487.0,0,0.6,2,0
4858,657.0,4,0.22,1,1
4859,640.0,0,0.59,5,3
4860,675.0,0,0.51,4,1
4861,460.0,4,0.11,3,0
4862,706.0,0,0.53,0,0
4863,590.0,0,0.11,8,0
4864,662.0,0,0.49,0,0
4865,389.0,5,0.43,1,0
4866,633.0,1,0.13,10,0
4867,594.0,0,0.12,8,0
4868,582.0,0,0.45,7,0
4869,592.0,0,0.11,1,0
4870,552.0,1,0.33,3,0
4871,487.0,0,0.18,2,5
4872,499.0,0,0.48,1,2
4873,602.0,1,0.06,3,1
4874,705.0,0,0.11,5,0
4875,689.0,0,0.2,2,0
4876,618.0,1,0.45,6,1
4877,561.0,0,0.32,5,0
4878,765.0,0,0.47,3,0
4879,654.0,1,0.79,8,2
4880,648.0,0,0.29,6,0
4881,493.0,1,0.26,10,2
4882,620.0,0,0.7,4,0
4883,501.0,0,0.57,7,1
4884,767.0,0,0.1,7,2
4885,533.0,0,0.47,0,2
4886,551.0,0,0.43,4,5
4887,548.0,0,0.46,4,1
4888,570.0,3,0.04,5,0
4889,654.0,0,0.45,8,2
4890,600.0,1,0.45,1,0
4891,603.0,0,0.29,7,1
4892,658.0,0,0.11,2,3
4893,479.0,0,0.15,5,0
4894,660.0,0,0.1,5,1
4895,611.0,0,0.52,9,0
4896,544.0,2,0.12,5,4
4897,611.0,0,0.45,6,3
4898,609.0,0,0.36,8,2
4899,390.0,0,0.23,3,0
4900,710.0,0,0.34,2,1
4901,697.0,0,0.08,2,0
4902,496.0,3,0.06,7,4
4903,540.0,0,0.23,6,4
4904,708.0,0,0.35,5,2
4905,653.0,0,0.43,4,2
4906,631.0,0,0.25,0,0
4907,635.0,1,0.29,2,0
4908,630.0,2,0.05,0,3
4909,515.0,0,0.34,2,0
4910,555.0,0,0.19,5,0
4911,680.0,0,0.74,10,0
4912,653.0,0,0.27,7,0
4913,623.0,0,0.67,6,0
4914,548.0,0,0.22,9,0
4915,679.0,0,0.4,6,0
4916,523.0,4,0.11,2,2
4917,718.0,0,0.17,7,4
4918,542.0,0,0.32,8,0
4919,530.0,0,0.58,3,1
4920,602.0,0,0.2,1,1
4921,617.0,0,0.27,6,1
4922,608.0,0,0.32,7,2
4923,494.0,0,0.42,7,2
4924,634.0,0,0.33,1,0
4925,678.0,0,0.16,2,3
4926,594.0,2,0.6,6,0
4927,476.0,0,0.02,5,1
4928,583.0,0,0.8,2,0
4929,509.0,0,0.33,5,2
4930,445.0,5,0.72,4,1
4931,556.0,0,0.36,4,0
4932,730.0,1,0.63,7,0
4933,593.0,0,0.77,3,0
4934,578.0,0,0.32,5,2
4935,657.0,0,0.47,2,2
4936,649.0,0,0.51,0,1
4937,483.0,0,0.24,7,2
4938,750.0,0,0.49,6,0
4939,616.0,0,0.36,4,2
4940,673.0,0,0.73,6,2
4941,552.0,0,0.41,8,1
4942,444.0,1,0.22,8,3
4943,591.0,0,0.35,8,0
4944,512.0,3,0.72,9,2
4945,694.0,4,0.15,7,0
4946,487.0,0,0.3,2,0
4947,602.0,0,0.04,4,0
4948,648.0,0,0.23,7,0
4949,634.0,2,0.04,5,1
4950,560.0,0,0.14,3,1
4951,458.0,0,0.55,5,0
4952,479.0,0,0.3,2,0
4953,539.0,0,0.23,0,0
4954,487.0,0,0.17,7,3
4955,594.0,1,0.25,9,3
4956,539.0,0,0.3,5,0
4957,497.0,5,0.58,6,3
4958,486.0,4,0.59,9,0
4959,473.0,1,0.53,6,1
4960,595.0,0,0.23,2,2
4961,541.0,0,0.39,4,1
4962,602.0,0,0.3,1,0
4963,594.0,0,0.18,5,2
4964,584.0,0,0.32,5,2
4965,652.0,0,0.38,3,0
4966,482.0,0,0.11,8,0
4967,652.0,0,0.5,10,4
4968,631.0,0,0.35,5,0
4969,584.0,0,0.34,3,0
4970,535.0,0,0.51,4,1
4971,603.0,2,0.5,0,1
4972,636.0,0,0.47,7,1
4973,488.0,0,0.39,2,0
4974,649.0,1,0.81,5,0
4975,739.0,0,0.39,7,4
4976,595.0,0,0.52,7,3
4977,704.0,1,0.45,6,0
4978,638.0,0,0.61,8,2
4979,621.0,1,0.04,1,1
4980,544.0,0,0.22,10,0
4981,573.0,0,0.02,5,2
4982,522.0,0,0.47,2,0
4983,675.0,1,0.33,0,0
4984,540.0,1,0.02,6,0
4985,741.0,3,0.44,5,2
4986,635.0,0,0.2,6,2
4987,632.0,2,0.1,0,3
4988,494.0,0,0.8,2,1
4989,653.0,0,0.08,7,1
4990,582.0,0,0.51,10,1
4991,555.0,0,0.25,6,0
4992,548.0,0,0.02,8,2
4993,501.0,0,0.33,10,3
4994,601.0,0,0.54,2,0
4995,587.0,2,0.37,4,4
4996,495.0,4,0.19,10,1
4997,641.0,2,0.12,7,0
4998,770.0,0,0.2,2,0
4999,486.0,0,0.03,2,5
5000,591.0,3,0.48,2,2
