device_id,user_id,first_seen_dt,os,brand,emulator_flag,rooted_flag,device_risk_score,ip_risk_level,geo_consistent_flag
1,1,2024-04-01 03:40:36,android,apple,0,0,40,1,1
2,2,2025-09-21 23:42:35,android,xiaomi,0,0,35,1,1
3,2,2025-10-16 23:42:35,android,vivo,0,0,0,1,1
4,3,2025-04-15 20:05:34,android,oppo,0,0,53,1,0
5,4,2025-02-22 09:09:00,android,xiaomi,0,0,45,1,1
6,4,2025-01-04 09:09:00,android,vivo,0,1,20,1,1
7,5,2025-01-18 02:25:36,android,huawei,0,0,46,3,1
8,6,2025-12-02 18:38:07,android,other,0,0,6,1,1
9,6,2025-11-22 18:38:07,android,oppo,0,0,16,3,1
10,7,2024-06-19 17:46:03,android,oppo,0,0,69,2,1
11,8,2025-09-05 01:53:16,android,other,0,0,10,4,1
12,9,2024-08-12 01:44:46,android,apple,0,0,20,2,1
13,9,2024-05-19 01:44:46,android,vivo,0,0,78,4,1
14,10,2024-06-09 17:59:13,android,vivo,0,0,0,5,1
15,11,2025-04-07 07:54:42,ios,oppo,0,0,27,2,1
16,11,2025-03-01 07:54:42,android,other,0,0,34,3,1
17,11,2025-03-20 07:54:42,ios,samsung,0,0,3,1,1
18,12,2026-02-05 04:54:12,android,apple,0,0,48,2,1
19,12,2026-02-05 04:54:12,android,oppo,0,0,55,2,1
20,13,2025-10-04 02:22:53,ios,xiaomi,0,0,27,1,0
21,13,2025-06-22 02:22:53,android,xiaomi,0,0,10,1,1
22,13,2025-08-30 02:22:53,android,vivo,0,0,59,1,1
23,14,2025-07-16 15:10:03,ios,xiaomi,0,0,57,1,1
24,15,2025-09-04 18:12:06,ios,xiaomi,0,0,52,2,1
25,16,2025-08-25 19:50:47,android,xiaomi,0,0,53,1,1
26,16,2025-11-11 19:50:47,android,xiaomi,0,0,41,1,0
27,17,2025-04-30 15:43:46,android,vivo,0,0,60,2,1
28,18,2024-04-08 12:33:03,ios,oppo,0,0,66,1,1
29,18,2024-05-08 12:33:03,android,xiaomi,0,0,69,3,0
30,19,2025-09-21 00:23:20,ios,other,0,0,32,1,1
31,19,2025-10-26 00:23:20,ios,huawei,0,0,52,2,1
32,19,2025-12-22 00:23:20,android,oppo,0,0,42,1,1
33,20,2025-03-03 18:45:41,android,oppo,0,0,33,1,1
34,20,2024-11-30 18:45:41,android,vivo,0,1,87,3,1
35,20,2024-11-29 18:45:41,android,other,0,0,23,1,1
36,21,2025-01-18 06:09:56,ios,apple,0,0,39,2,1
37,21,2024-12-23 06:09:56,android,xiaomi,0,0,58,1,0
38,22,2024-11-19 16:22:52,android,vivo,0,0,25,1,1
39,23,2024-07-07 06:16:10,ios,samsung,0,0,25,1,1
40,23,2024-05-12 06:16:10,ios,oppo,0,0,37,1,1
41,24,2026-01-16 12:55:21,ios,xiaomi,0,0,40,1,1
42,25,2025-11-01 13:03:42,ios,oppo,0,0,39,1,1
43,26,2025-06-06 00:31:00,android,vivo,0,1,5,4,1
44,26,2025-06-09 00:31:00,ios,xiaomi,0,0,51,1,1
45,26,2025-07-11 00:31:00,android,xiaomi,0,0,59,5,1
46,27,2024-11-18 18:17:58,ios,samsung,0,0,53,1,1
47,27,2025-02-04 18:17:58,android,oppo,0,0,70,2,1
48,27,2024-11-05 18:17:58,android,oppo,0,0,47,2,1
49,28,2025-09-05 14:47:00,android,xiaomi,0,0,24,2,1
50,29,2025-03-20 03:55:05,android,apple,0,0,26,1,1
51,29,2025-05-09 03:55:05,ios,apple,0,0,34,1,1
52,30,2025-01-15 16:37:00,android,samsung,0,0,43,1,1
53,30,2025-03-03 16:37:00,android,vivo,0,0,48,1,1
54,31,2025-03-07 20:03:04,ios,huawei,0,0,41,1,1
55,31,2025-02-14 20:03:04,android,samsung,0,0,21,3,1
56,32,2024-07-28 21:13:20,android,xiaomi,0,0,35,1,0
57,32,2024-06-11 21:13:20,android,apple,0,0,40,2,0
58,32,2024-09-19 21:13:20,android,xiaomi,0,0,43,4,1
59,33,2024-04-30 06:13:16,android,other,0,0,41,1,0
60,33,2024-04-23 06:13:16,ios,apple,0,0,44,2,1
61,33,2024-03-06 06:13:16,android,xiaomi,0,0,36,2,1
62,34,2025-03-24 20:19:31,android,oppo,0,0,30,2,1
63,35,2025-11-07 03:49:48,android,samsung,1,0,43,2,1
64,36,2024-03-29 14:04:41,ios,xiaomi,1,0,31,1,1
65,36,2024-02-20 14:04:41,android,oppo,0,0,36,1,1
66,36,2024-05-10 14:04:41,android,oppo,0,0,63,1,1
67,37,2025-12-14 13:15:48,android,vivo,0,0,58,2,1
68,37,2025-12-01 13:15:48,android,vivo,0,0,35,3,1
69,38,2025-10-11 04:05:53,android,vivo,0,0,34,1,1
70,38,2025-11-13 04:05:53,ios,apple,0,0,17,1,1
71,39,2024-08-31 00:49:47,android,vivo,0,1,49,4,1
72,39,2024-09-08 00:49:47,android,xiaomi,0,0,13,1,1
73,39,2024-10-25 00:49:47,android,samsung,0,0,51,2,1
74,40,2025-04-02 02:45:36,android,xiaomi,0,0,69,3,1
75,40,2025-05-07 02:45:36,ios,vivo,0,0,17,5,1
76,40,2025-07-10 02:45:36,android,apple,1,0,71,3,1
77,41,2024-06-24 14:48:48,android,other,0,0,46,2,0
78,41,2024-07-05 14:48:48,android,vivo,0,0,40,1,1
79,42,2025-10-12 09:41:49,android,oppo,0,0,28,4,1
80,42,2025-07-16 09:41:49,android,oppo,0,0,74,2,1
81,42,2025-08-02 09:41:49,ios,huawei,0,0,38,1,1
82,43,2025-06-12 09:09:44,android,vivo,0,0,33,2,1
83,43,2025-07-11 09:09:44,android,xiaomi,0,0,45,5,1
84,44,2024-09-26 19:17:41,android,xiaomi,0,1,36,1,1
85,44,2024-10-01 19:17:41,ios,apple,0,0,33,4,1
86,44,2024-11-04 19:17:41,ios,xiaomi,0,0,55,1,1
87,45,2024-04-14 13:57:30,android,oppo,0,0,43,2,0
88,45,2024-04-12 13:57:30,android,huawei,0,0,32,1,1
89,46,2026-01-10 14:37:45,android,apple,0,0,17,2,1
90,47,2024-12-16 08:26:41,android,huawei,0,0,33,1,1
91,48,2026-01-16 23:28:55,android,vivo,0,0,71,1,1
92,48,2026-01-07 23:28:55,android,huawei,0,0,67,3,1
93,49,2025-06-03 21:08:27,android,huawei,0,1,0,1,1
94,49,2025-05-25 21:08:27,ios,huawei,0,0,29,1,1
95,49,2025-08-06 21:08:27,android,vivo,0,0,55,2,0
96,50,2025-10-14 05:16:43,android,xiaomi,0,0,35,1,1
97,50,2025-08-05 05:16:43,ios,apple,0,0,42,2,1
98,51,2025-09-28 17:26:17,android,samsung,0,0,22,1,1
99,51,2025-09-05 17:26:17,android,apple,0,0,20,1,1
100,51,2025-06-30 17:26:17,android,huawei,0,0,24,1,1
101,52,2024-07-21 02:04:12,ios,oppo,0,0,39,1,1
102,52,2024-08-23 02:04:12,android,xiaomi,0,0,47,2,1
103,53,2024-10-04 15:38:01,android,vivo,0,0,35,1,1
104,53,2024-10-04 15:38:01,android,xiaomi,0,0,0,1,1
105,53,2024-09-23 15:38:01,android,other,0,0,65,5,1
106,54,2024-12-24 16:57:07,android,xiaomi,0,0,38,1,1
107,54,2024-12-24 16:57:07,android,vivo,0,0,47,1,1
108,54,2025-03-02 16:57:07,ios,huawei,1,0,59,1,1
109,55,2025-01-14 09:18:28,android,vivo,0,0,62,2,1
110,55,2025-04-09 09:18:28,ios,samsung,0,0,76,2,0
111,55,2024-12-31 09:18:28,ios,other,0,0,30,4,1
112,56,2024-02-10 23:26:31,ios,huawei,0,0,80,2,1
113,56,2024-05-11 23:26:31,android,oppo,0,0,41,3,1
114,57,2025-02-28 23:53:51,android,vivo,0,0,38,1,1
115,57,2025-05-13 23:53:51,android,vivo,0,0,51,1,1
116,58,2024-06-02 15:09:06,android,xiaomi,0,0,16,1,1
117,58,2024-07-01 15:09:06,android,apple,0,0,48,1,1
118,59,2025-10-03 15:56:45,android,oppo,0,0,81,3,1
119,59,2025-07-15 15:56:45,android,apple,0,1,51,1,1
120,59,2025-09-07 15:56:45,android,huawei,0,0,34,1,1
121,60,2025-06-26 15:01:03,android,oppo,0,0,67,1,1
122,60,2025-05-31 15:01:03,android,xiaomi,0,0,29,1,1
123,61,2025-11-11 10:41:15,android,huawei,0,0,54,1,1
124,62,2025-09-17 16:13:58,android,huawei,0,0,41,3,1
125,63,2024-11-24 15:34:45,android,apple,0,0,32,1,1
126,64,2025-12-02 06:46:13,android,xiaomi,0,0,48,1,1
127,64,2026-03-21 06:46:13,android,other,0,0,28,1,1
128,65,2024-12-06 22:05:53,android,oppo,0,0,30,1,0
129,65,2025-02-11 22:05:53,android,oppo,0,0,51,3,1
130,65,2024-10-20 22:05:53,android,oppo,0,0,75,1,1
131,66,2024-10-31 20:27:36,android,oppo,0,0,48,5,1
132,67,2025-12-29 00:59:11,android,oppo,0,0,57,1,1
133,67,2025-10-29 00:59:11,android,oppo,0,0,53,1,1
134,67,2025-12-13 00:59:11,android,xiaomi,0,0,57,2,1
135,68,2025-01-15 10:27:14,android,vivo,0,1,18,1,1
136,68,2024-12-25 10:27:14,android,apple,0,0,70,2,1
137,69,2024-03-14 17:31:57,android,xiaomi,0,0,30,3,1
138,70,2024-12-27 18:37:04,android,apple,0,0,72,1,1
139,71,2025-10-22 20:18:47,ios,apple,0,0,68,1,1
140,72,2024-09-01 07:32:17,ios,oppo,0,0,41,2,1
141,72,2024-05-21 07:32:17,ios,apple,0,0,16,1,0
142,72,2024-07-20 07:32:17,ios,oppo,0,0,52,1,1
143,73,2024-12-30 22:43:07,ios,xiaomi,1,0,55,4,1
144,74,2024-07-01 20:13:29,android,apple,0,0,23,1,1
145,75,2025-08-26 03:05:53,ios,oppo,0,0,59,4,1
146,75,2025-05-18 03:05:53,ios,huawei,0,0,69,1,1
147,76,2025-03-15 06:21:01,android,apple,0,0,24,2,1
148,76,2025-02-06 06:21:01,ios,xiaomi,0,0,10,1,1
149,77,2024-12-18 01:02:23,android,xiaomi,0,0,59,3,1
150,77,2024-10-09 01:02:23,android,vivo,0,0,68,1,0
151,78,2024-09-11 15:27:06,android,huawei,0,0,3,1,1
152,78,2024-06-09 15:27:06,ios,samsung,0,0,72,1,1
153,79,2025-03-26 02:02:17,ios,oppo,0,0,19,2,1
154,79,2025-03-03 02:02:17,android,xiaomi,0,0,79,1,1
155,80,2025-05-29 23:08:28,android,oppo,0,0,14,1,1
156,80,2025-07-20 23:08:28,android,vivo,0,0,33,5,1
157,81,2026-02-22 10:09:46,android,other,0,0,51,3,1
158,81,2025-11-29 10:09:46,android,huawei,0,0,73,3,1
159,82,2024-12-13 02:54:05,android,samsung,0,0,31,1,1
160,82,2025-02-07 02:54:05,android,oppo,0,0,1,1,1
161,83,2024-05-25 07:15:23,ios,apple,0,0,50,2,1
162,83,2024-05-16 07:15:23,android,oppo,0,0,60,4,0
163,83,2024-05-26 07:15:23,android,oppo,0,1,9,3,1
164,84,2025-10-06 20:31:19,ios,vivo,0,0,42,2,1
165,84,2025-11-06 20:31:19,android,xiaomi,0,0,35,1,1
166,84,2025-11-26 20:31:19,android,vivo,0,0,62,1,1
167,85,2025-07-21 17:28:14,android,oppo,0,0,19,4,1
168,86,2025-06-03 04:38:40,android,other,0,0,72,2,1
169,87,2024-06-07 23:24:38,android,samsung,0,0,41,4,1
170,88,2024-11-13 00:39:48,ios,huawei,0,0,20,1,1
171,88,2024-11-13 00:39:48,ios,oppo,0,0,47,1,1
172,88,2024-08-15 00:39:48,ios,xiaomi,0,0,44,3,0
173,89,2025-08-26 12:37:31,android,oppo,0,0,21,2,1
174,89,2025-07-12 12:37:31,ios,xiaomi,0,0,61,1,1
175,90,2025-09-14 13:11:30,ios,oppo,0,0,37,3,1
176,90,2025-10-17 13:11:30,android,vivo,0,0,8,2,1
177,91,2025-02-23 16:59:45,android,xiaomi,0,0,51,3,1
178,91,2025-01-07 16:59:45,android,oppo,0,0,31,1,1
179,91,2025-01-13 16:59:45,android,xiaomi,0,0,47,2,1
180,92,2025-11-14 11:28:17,android,oppo,0,0,21,2,1
181,92,2025-11-06 11:28:17,ios,vivo,0,0,8,5,1
182,92,2025-08-11 11:28:17,android,oppo,0,0,0,1,1
183,93,2025-09-12 10:26:29,android,huawei,0,0,6,1,1
184,93,2025-12-17 10:26:29,android,apple,0,0,45,3,1
185,93,2025-11-13 10:26:29,android,vivo,0,0,14,1,1
186,94,2024-12-05 20:37:16,android,other,0,0,52,1,1
187,94,2024-11-17 20:37:16,android,samsung,0,0,65,3,1
188,94,2024-12-08 20:37:16,android,xiaomi,0,0,47,5,1
189,95,2026-01-09 14:29:42,android,xiaomi,0,0,55,3,1
190,95,2025-12-23 14:29:42,android,samsung,0,0,85,3,1
191,95,2025-12-28 14:29:42,android,samsung,0,0,79,3,1
192,96,2024-10-02 11:30:30,android,other,0,0,14,2,1
193,96,2024-10-20 11:30:30,android,oppo,0,0,40,1,1
194,97,2024-06-25 21:03:08,ios,oppo,0,0,34,1,1
195,97,2024-08-22 21:03:08,android,apple,1,0,57,4,1
196,97,2024-08-06 21:03:08,android,vivo,0,0,10,1,1
197,98,2025-07-19 05:19:16,android,vivo,0,0,52,1,1
198,99,2025-06-22 20:04:01,android,oppo,0,0,29,1,1
199,99,2025-05-17 20:04:01,android,huawei,0,0,58,4,1
200,99,2025-05-23 20:04:01,android,apple,0,0,44,1,1
201,100,2024-05-09 00:27:48,android,oppo,0,0,43,5,1
202,100,2024-05-15 00:27:48,android,samsung,1,0,57,3,1
203,101,2025-08-29 21:32:52,android,samsung,0,0,80,1,1
204,102,2024-08-27 22:23:30,ios,huawei,0,0,40,2,1
205,102,2024-05-18 22:23:30,ios,apple,0,0,35,4,1
206,103,2025-10-20 13:49:56,android,xiaomi,0,0,48,1,1
207,103,2025-09-19 13:49:56,android,other,0,0,50,1,1
208,103,2025-11-26 13:49:56,android,vivo,0,0,50,1,1
209,104,2024-04-12 08:59:13,android,vivo,0,0,31,3,1
210,105,2025-10-29 16:40:55,android,xiaomi,0,0,49,3,1
211,106,2025-08-10 10:54:54,android,apple,0,0,41,2,1
212,106,2025-08-14 10:54:54,ios,vivo,0,0,66,3,1
213,107,2025-09-22 15:58:58,android,oppo,0,0,22,2,1
214,107,2025-10-24 15:58:58,ios,xiaomi,0,0,55,3,1
215,107,2025-10-28 15:58:58,ios,vivo,0,0,15,1,1
216,108,2025-08-14 08:11:13,android,samsung,0,0,75,1,0
217,108,2025-05-22 08:11:13,android,xiaomi,0,0,32,1,1
218,108,2025-06-22 08:11:13,ios,apple,0,0,31,2,1
219,109,2025-03-06 05:51:22,android,oppo,0,0,87,3,1
220,109,2024-12-28 05:51:22,android,huawei,0,0,22,4,1
221,109,2025-02-28 05:51:22,android,oppo,0,1,14,2,1
222,110,2025-05-27 18:29:50,android,oppo,0,0,24,1,1
223,110,2025-09-12 18:29:50,android,other,0,0,28,1,1
224,110,2025-08-22 18:29:50,android,apple,0,1,49,1,1
225,111,2024-10-25 07:10:15,android,xiaomi,0,1,58,2,1
226,111,2024-08-31 07:10:15,android,oppo,0,0,44,3,1
227,111,2024-09-15 07:10:15,android,other,0,0,66,3,1
228,112,2025-10-04 22:22:21,ios,samsung,0,0,26,3,1
229,113,2025-05-10 14:56:05,android,apple,0,0,40,1,1
230,113,2025-04-11 14:56:05,ios,oppo,0,0,49,1,1
231,114,2025-01-03 00:12:15,android,other,0,0,39,1,1
232,114,2025-03-16 00:12:15,android,other,0,0,50,2,1
233,114,2025-03-04 00:12:15,ios,oppo,0,0,52,4,1
234,115,2025-02-08 02:13:17,android,oppo,0,0,36,1,1
235,115,2025-03-16 02:13:17,ios,apple,0,0,41,2,0
236,115,2025-04-04 02:13:17,ios,samsung,0,0,32,1,1
237,116,2025-05-06 04:20:44,android,huawei,0,0,24,2,1
238,116,2025-02-22 04:20:44,android,oppo,0,0,58,2,1
239,117,2024-05-08 04:50:08,ios,xiaomi,0,0,20,3,1
240,117,2024-02-12 04:50:08,android,vivo,0,0,26,3,1
241,118,2024-05-22 01:14:36,android,xiaomi,0,0,14,1,0
242,119,2024-06-24 04:49:48,android,huawei,0,0,47,1,0
243,119,2024-10-17 04:49:48,android,oppo,0,0,65,2,1
244,119,2024-10-05 04:49:48,android,oppo,1,0,81,1,1
245,120,2024-06-12 14:34:00,android,oppo,0,0,84,1,1
246,120,2024-06-07 14:34:00,android,apple,0,0,33,2,1
247,121,2024-11-08 22:01:47,android,xiaomi,0,0,45,4,1
248,122,2025-05-19 22:25:11,android,vivo,0,0,46,2,1
249,122,2025-07-13 22:25:11,android,oppo,0,0,38,2,1
250,123,2025-06-30 17:35:37,android,huawei,0,0,23,2,1
251,124,2025-01-17 21:36:19,android,oppo,0,0,21,1,1
252,124,2025-02-14 21:36:19,android,huawei,0,0,12,1,1
253,125,2025-11-08 05:00:06,android,apple,0,0,42,1,1
254,125,2025-12-12 05:00:06,android,huawei,0,0,18,2,1
255,126,2025-04-28 14:56:11,android,other,0,0,21,2,1
256,126,2025-04-17 14:56:11,android,xiaomi,0,0,23,2,1
257,126,2025-05-24 14:56:11,android,apple,0,0,69,1,1
258,127,2024-06-15 19:32:18,ios,xiaomi,1,0,51,1,1
259,127,2024-05-22 19:32:18,android,xiaomi,0,0,46,1,1
260,127,2024-06-16 19:32:18,android,vivo,0,0,14,4,1
261,128,2025-08-03 10:46:47,android,oppo,0,0,33,1,1
262,129,2025-03-25 11:00:10,android,vivo,0,0,0,1,1
263,130,2025-05-10 08:15:53,android,huawei,0,0,45,1,1
264,130,2025-05-17 08:15:53,android,huawei,0,0,32,1,1
265,131,2025-05-10 17:20:26,android,apple,0,0,27,1,1
266,131,2025-04-09 17:20:26,android,huawei,0,0,42,1,0
267,131,2025-04-18 17:20:26,android,huawei,0,0,54,1,0
268,132,2025-03-27 02:42:39,android,oppo,0,0,55,3,1
269,133,2024-05-11 02:43:25,android,huawei,0,0,43,1,1
270,133,2024-06-19 02:43:25,ios,xiaomi,0,0,41,1,1
271,133,2024-05-12 02:43:25,ios,huawei,0,0,24,1,1
272,134,2025-02-12 05:18:34,ios,vivo,0,0,63,1,1
273,135,2025-11-02 06:52:08,android,samsung,1,0,33,3,1
274,135,2025-10-10 06:52:08,android,xiaomi,0,0,24,2,1
275,135,2025-11-09 06:52:08,ios,huawei,0,0,26,1,1
276,136,2024-10-27 21:12:20,android,oppo,0,0,54,2,1
277,136,2024-08-21 21:12:20,android,vivo,0,0,7,3,1
278,137,2025-03-08 01:43:33,android,vivo,0,0,12,2,1
279,138,2024-01-24 11:55:42,android,oppo,0,0,27,1,1
280,138,2024-02-08 11:55:42,android,xiaomi,0,0,51,2,1
281,138,2024-01-15 11:55:42,android,samsung,0,0,53,2,1
282,139,2024-12-18 16:11:09,android,xiaomi,0,0,23,1,1
283,139,2024-09-09 16:11:09,android,vivo,0,0,53,2,1
284,140,2024-12-18 19:17:19,android,oppo,0,0,33,4,1
285,140,2024-12-22 19:17:19,android,apple,0,0,62,1,1
286,141,2026-02-11 09:34:35,android,apple,0,0,51,1,1
287,141,2026-02-08 09:34:35,ios,xiaomi,0,0,31,1,1
288,141,2026-03-25 09:34:35,android,xiaomi,0,0,28,2,1
289,142,2024-08-11 15:31:24,ios,oppo,0,0,23,3,1
290,142,2024-06-21 15:31:24,android,xiaomi,0,0,69,1,1
291,143,2024-07-29 21:07:36,android,xiaomi,1,0,32,1,1
292,143,2024-10-23 21:07:36,android,oppo,0,0,21,2,1
293,144,2025-02-12 05:25:18,android,xiaomi,0,0,36,1,1
294,144,2025-01-31 05:25:18,android,oppo,0,0,0,1,1
295,145,2026-03-31 15:30:05,android,xiaomi,0,0,27,2,1
296,146,2025-12-10 23:37:18,ios,oppo,0,0,100,1,1
297,147,2024-01-18 07:49:14,android,vivo,0,1,59,1,1
298,147,2024-03-12 07:49:14,android,samsung,0,0,56,1,1
299,148,2024-07-05 18:37:11,ios,other,0,0,11,1,1
300,149,2025-11-26 19:44:10,ios,oppo,0,0,52,1,1
301,149,2025-11-16 19:44:10,android,samsung,0,1,53,1,1
302,149,2025-12-02 19:44:10,ios,oppo,0,0,38,1,1
303,150,2024-03-25 13:27:50,android,oppo,0,0,48,2,0
304,150,2024-05-28 13:27:50,ios,xiaomi,0,0,64,4,1
305,151,2025-09-20 15:21:12,ios,samsung,0,0,3,1,1
306,151,2025-12-24 15:21:12,android,huawei,0,0,19,2,1
307,152,2024-11-08 09:50:44,android,vivo,0,1,0,1,0
308,152,2024-07-26 09:50:44,android,samsung,0,0,43,1,0
309,152,2024-09-04 09:50:44,ios,apple,0,0,72,1,1
310,153,2026-02-11 21:15:55,android,oppo,0,0,66,2,1
311,153,2026-01-26 21:15:55,android,apple,0,1,35,2,1
312,154,2024-07-27 07:45:45,android,oppo,0,0,25,1,1
313,154,2024-08-11 07:45:45,android,vivo,0,0,23,1,1
314,154,2024-09-11 07:45:45,ios,apple,0,0,56,3,0
315,155,2024-11-12 01:13:49,ios,oppo,0,0,33,2,1
316,155,2024-12-05 01:13:49,android,xiaomi,0,0,3,4,1
317,155,2025-03-02 01:13:49,android,oppo,0,0,42,1,0
318,156,2025-04-21 04:46:38,android,vivo,0,0,0,1,1
319,157,2024-03-30 04:26:18,android,oppo,0,0,53,1,1
320,158,2025-05-09 15:12:11,android,oppo,0,0,0,2,1
321,158,2025-02-04 15:12:11,ios,huawei,0,0,48,1,1
322,159,2025-01-31 15:52:17,ios,vivo,0,0,64,3,1
323,160,2025-09-11 05:53:47,android,oppo,0,0,54,1,0
324,160,2025-08-12 05:53:47,ios,vivo,1,0,62,1,1
325,161,2026-03-24 03:47:34,android,other,0,0,44,3,0
326,161,2025-12-23 03:47:34,ios,other,0,0,49,1,0
327,161,2025-12-31 03:47:34,ios,apple,0,0,0,2,1
328,162,2025-08-08 22:46:23,android,oppo,0,0,54,1,1
329,162,2025-06-12 22:46:23,android,oppo,0,0,40,1,0
330,162,2025-07-04 22:46:23,android,xiaomi,0,0,46,1,1
331,163,2024-12-10 16:56:47,android,huawei,0,0,60,1,1
332,163,2025-01-29 16:56:47,android,oppo,0,0,35,2,1
333,163,2024-11-05 16:56:47,android,oppo,0,0,45,2,1
334,164,2024-12-01 15:53:52,ios,xiaomi,0,0,25,4,1
335,165,2025-01-18 02:38:13,android,xiaomi,0,0,0,3,1
336,165,2025-01-07 02:38:13,android,oppo,0,0,22,1,1
337,165,2024-11-15 02:38:13,android,apple,0,0,62,4,1
338,166,2025-08-22 05:38:13,ios,xiaomi,0,0,45,4,1
339,167,2024-11-22 11:41:58,android,samsung,0,0,24,3,1
340,167,2024-11-25 11:41:58,android,xiaomi,0,0,51,3,1
341,168,2024-08-08 21:21:55,ios,vivo,0,0,71,2,1
342,168,2024-07-04 21:21:55,android,vivo,0,0,51,2,1
343,168,2024-08-04 21:21:55,android,apple,0,0,23,1,0
344,169,2024-12-04 00:47:09,android,vivo,0,1,15,2,1
345,169,2024-09-21 00:47:09,android,xiaomi,0,0,80,3,1
346,169,2024-12-07 00:47:09,android,xiaomi,0,0,51,4,1
347,170,2024-01-12 13:54:55,android,other,0,0,62,1,1
348,171,2024-06-24 11:37:04,android,vivo,0,0,78,2,1
349,171,2024-05-18 11:37:04,android,xiaomi,0,0,28,1,1
350,172,2024-05-20 17:38:18,android,xiaomi,0,0,24,3,1
351,172,2024-04-28 17:38:18,ios,vivo,0,0,26,1,1
352,172,2024-04-10 17:38:18,android,apple,0,0,19,1,1
353,173,2025-07-27 05:35:53,android,oppo,0,0,26,2,1
354,173,2025-10-11 05:35:53,android,huawei,0,0,73,3,1
355,174,2025-09-06 07:44:08,android,xiaomi,0,0,51,2,1
356,174,2025-08-16 07:44:08,android,samsung,0,0,0,2,1
357,175,2025-07-01 15:25:27,android,samsung,0,0,27,1,1
358,175,2025-06-07 15:25:27,android,other,0,0,22,1,1
359,176,2024-12-26 04:05:20,ios,other,0,0,2,2,1
360,176,2024-11-29 04:05:20,android,huawei,0,0,43,3,1
361,177,2025-07-22 10:51:54,android,oppo,0,0,14,1,1
362,177,2025-07-28 10:51:54,android,other,0,0,42,1,0
363,178,2024-05-31 17:28:53,android,samsung,0,0,31,3,1
364,179,2025-11-25 10:53:30,ios,huawei,0,0,57,1,1
365,179,2025-11-30 10:53:30,android,huawei,0,0,0,1,1
366,179,2025-10-12 10:53:30,android,apple,0,0,32,1,1
367,180,2025-04-19 18:18:16,android,apple,0,0,56,2,1
368,180,2025-01-26 18:18:16,android,vivo,0,0,38,2,1
369,180,2025-02-19 18:18:16,android,other,0,0,58,2,1
370,181,2026-02-09 18:39:37,android,oppo,0,0,56,4,1
371,182,2024-06-08 04:30:28,ios,xiaomi,0,0,86,1,1
372,183,2025-03-06 01:13:22,android,other,0,0,36,1,1
373,183,2024-12-24 01:13:22,android,vivo,0,0,44,2,1
374,184,2025-08-29 07:31:58,android,apple,0,1,37,1,1
375,184,2025-09-06 07:31:58,android,oppo,0,1,35,3,1
376,185,2025-02-19 19:21:54,android,oppo,0,0,19,1,1
377,185,2025-01-22 19:21:54,android,other,0,0,27,1,1
378,185,2025-01-17 19:21:54,android,xiaomi,0,0,56,1,1
379,186,2025-01-28 16:39:28,android,other,0,0,45,2,1
380,187,2024-05-23 08:04:15,ios,apple,0,0,35,5,1
381,187,2024-08-08 08:04:15,android,apple,0,0,86,1,1
382,187,2024-08-12 08:04:15,android,other,0,0,33,2,1
383,188,2024-11-23 03:29:30,android,other,0,0,6,2,1
384,189,2024-08-05 07:11:05,ios,huawei,0,0,52,1,1
385,190,2024-11-18 02:29:30,android,xiaomi,0,0,73,2,1
386,190,2024-09-23 02:29:30,ios,samsung,0,0,56,2,1
387,190,2024-08-24 02:29:30,android,xiaomi,0,0,21,3,1
388,191,2025-05-15 02:26:08,android,apple,0,0,62,1,1
389,191,2025-06-29 02:26:08,android,oppo,0,0,47,1,0
390,192,2025-04-16 02:33:03,android,huawei,0,0,34,4,1
391,193,2025-04-02 06:04:53,android,oppo,0,0,47,1,1
392,193,2025-06-19 06:04:53,android,xiaomi,0,0,72,1,1
393,193,2025-04-20 06:04:53,android,oppo,0,0,23,2,0
394,194,2024-09-14 02:57:24,ios,huawei,0,0,28,5,1
395,194,2024-11-28 02:57:24,android,other,0,0,18,1,1
396,195,2026-02-02 13:48:50,android,oppo,0,1,33,1,1
397,196,2024-03-24 23:37:35,android,huawei,0,0,94,1,1
398,196,2024-03-24 23:37:35,android,xiaomi,0,1,49,3,1
399,196,2024-03-17 23:37:35,android,other,0,0,14,1,1
400,197,2024-10-27 02:11:25,android,oppo,0,0,68,3,1
401,198,2024-06-04 03:27:48,android,vivo,0,0,77,3,1
402,198,2024-04-27 03:27:48,android,huawei,0,0,38,1,1
403,199,2024-11-25 10:17:43,android,samsung,0,0,3,1,0
404,200,2025-12-11 04:26:49,android,apple,0,0,43,1,1
405,200,2026-01-25 04:26:49,ios,vivo,0,0,60,3,1
406,201,2024-10-18 08:56:13,ios,samsung,0,0,45,1,1
407,202,2025-12-31 06:20:01,ios,oppo,0,0,57,1,1
408,203,2025-03-28 09:33:01,android,huawei,0,0,31,4,1
409,204,2025-05-20 18:52:08,android,vivo,0,0,44,2,1
410,204,2025-08-27 18:52:08,android,huawei,0,0,47,2,1
411,204,2025-08-25 18:52:08,ios,oppo,0,0,16,1,1
412,205,2025-02-14 21:57:15,android,oppo,0,0,43,4,1
413,205,2025-03-10 21:57:15,android,apple,0,0,26,5,1
414,205,2025-02-06 21:57:15,android,oppo,0,0,26,3,1
415,206,2024-10-16 02:02:30,android,other,0,0,52,2,1
416,207,2025-09-18 21:18:00,ios,other,0,0,71,1,1
417,208,2026-01-09 11:58:12,android,xiaomi,0,0,44,4,1
418,208,2026-03-10 11:58:12,ios,huawei,0,0,22,4,1
419,209,2024-07-15 08:57:20,android,vivo,0,0,16,4,1
420,209,2024-08-14 08:57:20,android,xiaomi,0,0,29,4,1
421,210,2025-10-05 11:42:57,ios,apple,0,0,35,1,1
422,210,2025-09-20 11:42:57,android,huawei,0,0,46,2,1
423,210,2025-10-29 11:42:57,ios,oppo,0,0,41,1,1
424,211,2024-08-23 15:10:22,android,vivo,0,0,39,5,1
425,211,2024-10-28 15:10:22,android,samsung,0,0,29,2,1
426,211,2024-07-20 15:10:22,android,apple,0,0,41,1,0
427,212,2025-07-08 07:54:58,android,other,0,0,38,1,1
428,212,2025-07-10 07:54:58,ios,huawei,0,0,30,2,1
429,212,2025-06-25 07:54:58,ios,apple,0,0,27,1,1
430,213,2025-10-14 23:23:41,ios,samsung,0,0,53,1,1
431,214,2025-02-10 00:48:48,android,oppo,0,0,29,5,1
432,215,2025-08-21 22:49:52,android,huawei,0,0,35,1,1
433,216,2024-10-02 17:40:19,ios,apple,0,0,37,2,1
434,216,2024-07-29 17:40:19,android,apple,0,0,22,1,1
435,217,2024-04-20 20:31:17,android,oppo,0,0,68,1,1
436,217,2024-04-10 20:31:17,android,xiaomi,0,0,33,1,1
437,217,2024-06-15 20:31:17,android,huawei,0,0,5,1,0
438,218,2024-04-07 08:46:10,android,huawei,0,0,42,1,1
439,218,2024-04-19 08:46:10,android,oppo,0,0,53,2,1
440,218,2024-05-17 08:46:10,android,huawei,0,0,60,5,1
441,219,2025-03-09 07:51:20,android,samsung,0,0,90,1,1
442,219,2025-02-24 07:51:20,ios,oppo,0,0,48,2,1
443,219,2024-12-28 07:51:20,ios,oppo,0,0,34,3,1
444,220,2025-12-06 21:35:38,android,vivo,0,0,17,1,1
445,220,2026-01-26 21:35:38,android,huawei,0,0,36,5,1
446,220,2026-01-10 21:35:38,android,xiaomi,0,0,36,1,1
447,221,2024-04-29 03:08:47,android,oppo,0,0,69,4,1
448,221,2024-07-10 03:08:47,android,samsung,0,0,15,3,1
449,222,2025-02-28 17:12:02,android,other,0,0,42,2,1
450,222,2025-01-16 17:12:02,android,apple,0,1,23,1,1
451,223,2025-06-27 22:38:30,ios,other,0,0,56,2,1
452,224,2024-07-09 17:24:22,android,xiaomi,0,0,92,4,1
453,225,2025-09-01 18:43:09,android,vivo,0,0,69,1,1
454,225,2025-06-28 18:43:09,android,huawei,0,0,15,3,1
455,225,2025-09-09 18:43:09,ios,xiaomi,0,0,21,1,1
456,226,2024-08-26 08:21:36,android,huawei,0,0,24,1,1
457,226,2024-11-06 08:21:36,android,vivo,0,0,72,1,1
458,227,2025-11-24 07:44:10,android,xiaomi,0,0,31,1,1
459,227,2025-09-16 07:44:10,android,vivo,0,1,78,1,1
460,227,2025-09-24 07:44:10,android,huawei,0,0,27,2,1
461,228,2025-04-26 19:55:36,ios,vivo,0,0,63,2,1
462,228,2025-03-15 19:55:36,android,other,0,0,8,1,1
463,228,2025-06-17 19:55:36,android,huawei,0,0,55,1,1
464,229,2025-04-14 05:48:55,android,oppo,0,0,0,2,1
465,229,2025-03-30 05:48:55,android,xiaomi,0,0,55,2,1
466,230,2024-06-01 01:03:32,android,vivo,0,0,39,1,1
467,231,2025-02-10 03:22:03,android,oppo,0,0,0,3,1
468,231,2025-02-09 03:22:03,android,vivo,0,0,53,2,1
469,232,2025-10-14 07:52:56,android,xiaomi,0,0,27,2,1
470,232,2025-10-23 07:52:56,android,vivo,0,0,53,4,1
471,232,2025-10-16 07:52:56,android,apple,0,0,48,1,1
472,233,2024-01-31 06:03:37,android,vivo,0,0,19,1,1
473,234,2025-08-02 17:15:43,ios,huawei,0,0,51,4,1
474,234,2025-10-11 17:15:43,android,vivo,0,0,58,3,1
475,235,2025-01-12 17:11:49,ios,xiaomi,0,0,44,4,1
476,235,2025-02-18 17:11:49,android,oppo,0,0,59,3,1
477,236,2025-09-20 04:59:27,android,samsung,0,0,16,1,1
478,236,2025-06-07 04:59:27,android,huawei,0,0,68,2,0
479,236,2025-08-28 04:59:27,android,samsung,1,0,44,2,1
480,237,2025-05-27 04:58:52,android,xiaomi,0,0,33,2,1
481,238,2024-11-13 10:16:12,ios,vivo,0,0,20,3,1
482,239,2024-11-13 07:50:57,android,other,0,0,47,2,1
483,239,2024-09-25 07:50:57,android,apple,0,0,66,1,0
484,240,2025-04-30 22:27:03,android,vivo,0,0,11,1,1
485,241,2024-04-24 08:43:45,android,huawei,0,0,16,2,1
486,241,2024-07-10 08:43:45,ios,apple,0,0,30,1,1
487,242,2025-03-03 09:23:47,android,apple,0,0,25,1,1
488,243,2024-04-20 03:03:03,android,oppo,0,0,80,3,1
489,243,2024-06-17 03:03:03,android,samsung,0,0,59,3,1
490,244,2025-04-15 09:18:44,android,other,0,0,14,4,1
491,244,2025-07-09 09:18:44,android,apple,0,0,31,3,1
492,244,2025-08-08 09:18:44,android,xiaomi,0,0,35,3,1
493,245,2025-06-03 23:37:02,android,samsung,0,0,59,2,1
494,245,2025-04-07 23:37:02,android,huawei,0,0,46,2,1
495,245,2025-06-30 23:37:02,android,apple,0,0,30,2,1
496,246,2024-05-10 15:27:52,ios,samsung,0,0,81,2,1
497,246,2024-06-08 15:27:52,android,oppo,0,0,36,1,0
498,246,2024-02-28 15:27:52,android,oppo,0,0,50,1,1
499,247,2025-09-16 23:11:16,android,vivo,0,0,12,4,1
500,247,2025-07-04 23:11:16,android,oppo,0,0,61,2,1
501,248,2025-01-27 12:56:44,ios,samsung,0,0,23,1,1
502,248,2025-01-23 12:56:44,android,xiaomi,0,0,48,3,1
503,249,2025-08-07 10:15:02,android,huawei,0,0,4,1,1
504,250,2024-03-14 09:04:49,ios,oppo,0,0,36,3,1
505,250,2024-05-12 09:04:49,ios,xiaomi,0,0,30,3,1
506,250,2024-05-15 09:04:49,ios,other,0,0,17,1,1
507,251,2024-08-17 00:04:40,android,xiaomi,0,0,17,3,1
508,251,2024-07-20 00:04:40,android,oppo,0,0,66,2,1
509,251,2024-08-12 00:04:40,android,huawei,0,0,56,1,1
510,252,2025-03-19 14:43:08,android,vivo,0,0,93,4,1
511,252,2025-04-11 14:43:08,android,samsung,0,0,55,1,1
512,253,2024-07-13 09:42:18,android,xiaomi,0,0,40,1,1
513,254,2024-12-12 19:10:06,android,huawei,0,0,75,1,1
514,254,2024-12-17 19:10:06,android,oppo,0,0,25,1,1
515,254,2024-10-02 19:10:06,ios,xiaomi,0,0,39,3,0
516,255,2025-04-23 05:41:42,android,samsung,0,0,64,3,0
517,256,2024-04-10 12:03:49,ios,xiaomi,0,0,37,5,1
518,257,2025-05-02 17:21:19,ios,oppo,0,0,28,1,1
519,258,2024-05-26 11:37:11,android,huawei,0,0,49,1,1
520,259,2024-04-30 21:14:39,android,xiaomi,0,0,49,2,1
521,259,2024-07-14 21:14:39,ios,other,0,0,75,3,0
522,259,2024-08-21 21:14:39,ios,xiaomi,0,0,21,3,1
523,260,2025-05-15 23:31:58,ios,huawei,0,0,74,1,0
524,260,2025-04-27 23:31:58,android,vivo,0,0,28,1,1
525,261,2025-09-26 05:49:34,ios,xiaomi,0,0,28,5,0
526,262,2024-08-23 12:47:19,ios,other,0,0,52,3,1
527,262,2024-06-13 12:47:19,android,huawei,0,0,75,3,1
528,262,2024-06-19 12:47:19,android,apple,0,0,39,4,1
529,263,2024-08-04 23:52:25,ios,oppo,0,0,25,1,1
530,263,2024-09-21 23:52:25,android,xiaomi,0,0,28,3,1
531,264,2026-01-16 08:06:16,android,oppo,0,0,21,1,1
532,264,2025-12-10 08:06:16,android,huawei,0,0,64,2,1
533,264,2026-02-13 08:06:16,ios,other,0,0,58,1,1
534,265,2026-02-07 11:15:29,android,huawei,0,1,59,3,1
535,265,2025-12-23 11:15:29,android,oppo,0,0,33,2,1
536,266,2025-05-30 04:11:28,android,oppo,0,0,37,4,1
537,267,2024-12-16 08:06:30,ios,vivo,0,0,46,2,1
538,267,2024-11-25 08:06:30,android,apple,0,0,45,4,1
539,267,2025-03-04 08:06:30,android,vivo,0,1,0,1,1
540,268,2024-11-04 05:09:32,android,apple,0,0,60,2,1
541,268,2024-09-09 05:09:32,android,xiaomi,0,0,29,1,1
542,268,2024-12-04 05:09:32,android,xiaomi,0,0,51,1,1
543,269,2025-05-13 02:09:27,android,apple,0,0,3,5,1
544,269,2025-04-07 02:09:27,android,apple,0,0,27,1,1
545,269,2025-04-10 02:09:27,android,vivo,0,0,83,1,1
546,270,2025-04-07 08:50:21,android,oppo,0,0,31,1,1
547,270,2025-04-17 08:50:21,android,xiaomi,0,0,8,5,1
548,270,2025-03-05 08:50:21,ios,vivo,0,0,51,1,1
549,271,2024-11-18 04:04:23,android,vivo,0,0,17,2,1
550,271,2024-11-12 04:04:23,android,huawei,0,0,14,3,1
551,271,2024-11-02 04:04:23,android,xiaomi,0,0,68,3,1
552,272,2024-03-24 15:31:25,android,huawei,0,0,36,1,1
553,272,2024-01-16 15:31:25,android,huawei,0,0,15,2,1
554,272,2024-03-14 15:31:25,ios,apple,0,0,40,1,1
555,273,2024-06-20 14:15:01,android,vivo,0,0,26,5,1
556,273,2024-05-26 14:15:01,android,xiaomi,0,0,0,1,1
557,273,2024-05-18 14:15:01,android,samsung,0,0,47,1,1
558,274,2026-01-10 17:57:26,ios,other,0,0,43,1,1
559,274,2026-03-14 17:57:26,ios,xiaomi,0,0,58,1,1
560,275,2024-11-07 06:04:26,android,huawei,0,0,75,3,1
561,275,2024-11-27 06:04:26,android,apple,0,0,30,5,1
562,275,2024-11-13 06:04:26,android,vivo,0,0,55,1,1
563,276,2025-02-14 01:57:22,ios,samsung,0,0,69,2,1
564,276,2025-02-02 01:57:22,android,xiaomi,0,0,16,2,1
565,277,2025-02-24 23:43:27,android,huawei,0,0,34,4,1
566,278,2025-11-13 09:31:16,android,oppo,0,0,43,1,1
567,279,2024-02-26 10:02:20,android,huawei,0,0,48,1,1
568,279,2024-04-24 10:02:20,android,vivo,0,0,21,1,1
569,280,2024-03-13 09:25:46,android,huawei,0,1,13,2,1
570,280,2024-04-14 09:25:46,android,huawei,0,0,35,1,1
571,281,2024-10-04 08:50:37,android,vivo,0,0,77,4,1
572,281,2024-08-08 08:50:37,android,other,0,0,47,3,1
573,282,2025-01-26 06:15:14,ios,apple,0,0,39,2,1
574,283,2025-06-21 22:05:35,android,apple,0,0,34,2,1
575,283,2025-05-02 22:05:35,android,other,0,0,40,3,1
576,284,2025-04-09 05:11:11,android,samsung,0,0,27,3,1
577,284,2025-03-03 05:11:11,android,xiaomi,0,0,51,1,1
578,285,2024-11-22 01:15:52,ios,apple,0,0,12,3,1
579,286,2025-12-21 14:43:10,android,xiaomi,0,0,14,3,1
580,286,2025-11-13 14:43:10,android,xiaomi,0,0,3,2,0
581,287,2024-06-07 13:03:06,android,oppo,0,0,83,2,1
582,287,2024-07-03 13:03:06,android,vivo,0,0,73,1,1
583,288,2025-03-06 08:40:31,android,samsung,0,0,26,3,1
584,288,2025-02-17 08:40:31,android,huawei,0,0,34,1,1
585,289,2025-03-29 20:07:35,android,xiaomi,0,1,0,2,1
586,290,2025-01-15 15:32:03,android,vivo,0,0,31,2,1
587,290,2025-02-27 15:32:03,android,xiaomi,0,0,20,1,1
588,290,2025-02-28 15:32:03,android,apple,0,0,52,1,1
589,291,2025-10-06 13:06:25,android,other,0,0,75,1,1
590,291,2025-10-19 13:06:25,android,vivo,0,0,50,2,1
591,292,2024-07-11 21:24:49,android,xiaomi,0,0,68,2,1
592,292,2024-10-26 21:24:49,android,other,0,0,46,1,1
593,293,2026-01-11 06:06:01,android,vivo,0,0,55,2,1
594,294,2024-09-01 01:05:19,ios,other,0,0,66,1,0
595,294,2024-09-09 01:05:19,android,huawei,0,0,58,2,1
596,295,2025-04-03 20:28:42,android,apple,0,0,8,1,1
597,295,2025-04-04 20:28:42,android,oppo,0,1,62,4,1
598,296,2025-02-17 02:10:49,android,other,0,0,22,2,1
599,297,2025-12-15 08:06:31,android,vivo,0,0,49,1,1
600,297,2025-11-06 08:06:31,android,samsung,0,0,23,1,1
601,298,2025-01-31 09:43:43,android,apple,1,0,52,2,1
602,299,2024-07-26 17:28:22,android,samsung,0,0,0,2,1
603,299,2024-10-26 17:28:22,android,xiaomi,0,0,25,2,1
604,300,2024-03-06 18:38:37,android,oppo,0,0,46,2,1
605,301,2024-09-21 11:38:34,android,oppo,0,0,41,1,1
606,301,2024-12-27 11:38:34,android,oppo,0,0,18,4,1
607,302,2025-08-30 04:38:04,ios,apple,0,0,63,2,0
608,303,2024-02-26 05:43:54,android,huawei,0,0,15,1,1
609,303,2024-03-25 05:43:54,android,vivo,0,0,56,1,1
610,304,2026-01-18 04:44:12,ios,samsung,0,0,28,1,1
611,304,2025-10-10 04:44:12,android,oppo,0,0,54,4,1
612,305,2025-05-07 06:19:50,android,samsung,0,0,41,1,1
613,305,2025-04-24 06:19:50,android,huawei,0,1,35,1,1
614,305,2025-02-22 06:19:50,android,other,0,1,0,1,0
615,306,2024-04-06 09:09:50,android,samsung,0,0,35,4,1
616,306,2024-06-04 09:09:50,android,vivo,0,0,16,2,0
617,307,2024-09-05 14:10:54,android,xiaomi,0,0,38,2,1
618,307,2024-11-12 14:10:54,android,xiaomi,0,0,17,3,1
619,308,2025-02-21 10:42:47,android,huawei,0,0,30,2,1
620,308,2025-02-14 10:42:47,android,huawei,0,0,49,5,1
621,308,2025-04-15 10:42:47,android,other,0,0,46,1,1
622,309,2024-10-10 10:55:36,android,vivo,0,1,44,1,1
623,310,2024-06-28 06:14:49,android,other,0,0,64,1,1
624,311,2025-05-12 04:07:30,ios,apple,0,0,41,2,1
625,311,2025-07-14 04:07:30,android,other,0,0,53,4,1
626,312,2025-06-13 17:38:47,android,samsung,0,0,69,1,1
627,313,2024-05-15 18:40:36,android,vivo,0,1,63,1,1
628,314,2024-08-06 07:12:57,android,apple,0,0,44,1,1
629,314,2024-08-30 07:12:57,android,other,0,0,34,2,0
630,314,2024-11-09 07:12:57,ios,xiaomi,0,0,29,1,1
631,315,2024-08-07 00:39:33,ios,vivo,0,0,42,2,1
632,315,2024-09-29 00:39:33,android,samsung,0,0,45,1,1
633,315,2024-10-06 00:39:33,android,other,0,0,43,2,1
634,316,2025-08-12 09:05:04,android,samsung,0,0,61,1,1
635,317,2025-06-29 02:46:43,android,vivo,0,0,44,1,1
636,317,2025-07-19 02:46:43,ios,xiaomi,0,0,70,1,1
637,318,2025-07-23 16:56:44,android,other,0,0,51,1,1
638,318,2025-09-11 16:56:44,ios,vivo,0,0,32,2,1
639,319,2025-12-01 07:05:49,android,huawei,0,0,74,2,1
640,320,2025-10-13 02:42:14,android,xiaomi,0,0,49,1,1
641,320,2025-11-03 02:42:14,android,vivo,0,0,40,2,1
642,320,2025-10-25 02:42:14,ios,huawei,0,0,44,1,1
643,321,2024-12-06 02:18:13,android,samsung,0,0,47,2,1
644,321,2024-11-09 02:18:13,android,apple,0,0,66,4,1
645,321,2024-11-07 02:18:13,android,vivo,0,0,37,2,1
646,322,2024-04-30 15:37:16,ios,xiaomi,0,0,49,1,1
647,322,2024-04-04 15:37:16,android,huawei,0,1,47,3,1
648,323,2025-05-04 16:32:32,android,apple,0,0,50,1,1
649,324,2025-12-30 16:31:39,android,oppo,0,0,56,1,1
650,325,2026-02-10 20:43:16,android,huawei,0,0,59,2,1
651,325,2025-12-23 20:43:16,android,xiaomi,0,0,11,3,1
652,326,2024-09-16 01:20:56,android,apple,0,0,28,3,1
653,327,2024-10-09 14:41:57,android,oppo,0,0,41,1,1
654,327,2024-09-08 14:41:57,android,xiaomi,0,0,82,2,1
655,328,2024-04-23 07:28:04,ios,apple,0,0,13,2,1
656,328,2024-04-17 07:28:04,android,other,0,0,0,1,0
657,328,2024-03-25 07:28:04,ios,xiaomi,0,0,71,1,1
658,329,2024-05-10 02:54:46,android,xiaomi,0,1,53,1,1
659,329,2024-06-30 02:54:46,android,oppo,0,0,30,3,1
660,330,2025-05-02 01:00:54,android,xiaomi,0,0,12,1,1
661,330,2025-05-24 01:00:54,android,other,0,0,30,1,1
662,330,2025-05-10 01:00:54,android,samsung,0,0,22,1,1
663,331,2025-02-26 03:59:36,android,huawei,0,0,57,1,0
664,332,2024-12-28 18:33:30,android,xiaomi,0,0,52,1,1
665,332,2024-12-03 18:33:30,android,other,0,0,56,2,1
666,332,2024-09-21 18:33:30,android,apple,0,0,84,2,1
667,333,2024-10-14 06:25:09,android,xiaomi,0,0,1,1,1
668,333,2024-08-30 06:25:09,android,apple,0,1,43,1,1
669,333,2024-08-23 06:25:09,android,xiaomi,0,1,56,2,1
670,334,2025-09-08 17:54:58,android,other,0,0,40,1,1
671,335,2025-02-10 19:47:40,ios,huawei,0,0,4,1,1
672,336,2025-10-22 00:33:56,android,other,0,0,37,1,1
673,336,2025-11-21 00:33:56,android,huawei,0,0,58,5,0
674,337,2026-01-05 03:28:19,android,vivo,0,0,19,3,1
675,337,2025-12-12 03:28:19,android,samsung,0,0,61,3,0
676,338,2024-11-27 12:16:24,android,other,0,0,48,1,0
677,338,2024-08-31 12:16:24,android,oppo,0,0,48,2,1
678,338,2024-08-29 12:16:24,ios,huawei,0,0,43,2,1
679,339,2024-05-26 23:58:30,android,vivo,0,0,33,1,1
680,339,2024-07-01 23:58:30,android,samsung,0,0,29,2,1
681,339,2024-07-25 23:58:30,ios,xiaomi,0,0,22,2,1
682,340,2025-12-28 14:47:50,android,apple,0,0,35,3,1
683,341,2025-05-15 10:14:26,android,vivo,0,0,0,1,1
684,341,2025-07-20 10:14:26,android,apple,0,0,70,1,1
685,342,2024-11-06 08:52:49,ios,vivo,0,0,15,1,1
686,342,2024-10-01 08:52:49,ios,samsung,0,0,54,2,1
687,342,2024-09-26 08:52:49,android,xiaomi,0,0,55,1,1
688,343,2025-05-28 22:59:13,android,vivo,0,0,30,3,1
689,344,2025-01-10 23:48:03,android,vivo,0,0,37,3,1
690,344,2025-01-23 23:48:03,android,oppo,0,0,62,3,0
691,344,2025-02-04 23:48:03,ios,vivo,0,0,34,1,1
692,345,2025-11-28 00:55:26,android,xiaomi,0,0,16,1,1
693,345,2026-02-03 00:55:26,android,apple,0,0,25,5,1
694,345,2025-10-29 00:55:26,android,huawei,0,0,43,1,1
695,346,2024-07-30 20:30:30,android,vivo,0,0,68,4,1
696,347,2025-12-26 17:01:36,android,apple,0,0,54,2,0
697,348,2026-03-02 07:29:00,android,samsung,0,0,37,3,1
698,349,2024-06-26 21:53:56,android,other,0,0,32,5,0
699,350,2024-06-09 03:55:44,ios,vivo,0,0,28,5,0
700,350,2024-06-03 03:55:44,android,huawei,0,0,46,1,1
701,351,2025-01-28 04:54:27,android,other,0,0,34,2,1
702,351,2025-02-09 04:54:27,android,huawei,0,0,36,3,1
703,352,2024-02-21 18:50:02,android,xiaomi,0,0,0,1,1
704,352,2024-03-25 18:50:02,ios,xiaomi,0,0,27,3,1
705,353,2024-08-06 02:56:24,android,other,0,0,37,1,1
706,353,2024-08-29 02:56:24,android,apple,0,1,70,3,1
707,353,2024-11-23 02:56:24,android,vivo,0,0,22,2,0
708,354,2025-01-14 14:54:01,android,xiaomi,1,0,0,3,1
709,354,2024-12-15 14:54:01,android,huawei,0,0,38,1,1
710,355,2025-12-27 15:25:13,android,vivo,0,0,44,2,1
711,356,2026-02-24 10:25:11,android,oppo,0,0,0,2,1
712,356,2026-02-06 10:25:11,android,other,0,0,41,3,1
713,356,2026-01-25 10:25:11,android,vivo,0,0,38,1,1
714,357,2024-07-01 14:58:47,android,apple,0,0,76,1,1
715,357,2024-05-04 14:58:47,android,vivo,0,0,43,3,1
716,358,2025-10-06 22:11:08,android,huawei,0,0,0,2,1
717,358,2026-01-18 22:11:08,ios,xiaomi,0,0,31,2,1
718,359,2024-03-27 09:04:22,android,samsung,0,0,47,2,1
719,359,2024-05-14 09:04:22,ios,huawei,0,0,29,1,1
720,360,2025-07-24 11:36:45,android,oppo,0,0,34,3,1
721,361,2025-12-14 07:39:36,ios,other,0,0,56,3,1
722,361,2025-10-15 07:39:36,android,vivo,0,0,38,1,1
723,361,2025-09-16 07:39:36,ios,xiaomi,0,0,85,2,1
724,362,2025-10-16 06:41:03,android,huawei,0,0,59,5,1
725,363,2024-07-21 02:16:56,android,xiaomi,0,0,33,1,1
726,364,2025-12-30 05:11:06,ios,samsung,0,0,77,1,1
727,364,2025-11-02 05:11:06,ios,huawei,0,0,52,1,1
728,365,2024-05-31 15:59:07,android,oppo,0,0,38,5,1
729,366,2025-02-02 18:23:54,android,other,0,0,61,1,1
730,366,2025-01-24 18:23:54,android,xiaomi,0,0,47,3,0
731,367,2024-12-04 18:26:01,ios,other,0,0,21,4,1
732,367,2025-01-16 18:26:01,android,apple,0,0,39,1,1
733,368,2024-09-10 15:04:37,android,apple,0,0,69,1,1
734,368,2024-12-04 15:04:37,android,oppo,0,0,44,2,0
735,368,2024-11-11 15:04:37,android,huawei,0,0,32,1,1
736,369,2024-02-12 03:26:25,android,samsung,0,0,41,4,1
737,369,2024-03-24 03:26:25,android,vivo,0,0,5,1,1
738,370,2025-09-17 13:39:28,android,xiaomi,0,0,27,2,1
739,371,2024-11-04 23:25:32,android,xiaomi,0,0,0,1,1
740,371,2024-09-07 23:25:32,android,vivo,0,0,21,2,1
741,372,2025-04-30 00:18:19,android,samsung,0,0,60,3,1
742,372,2025-06-03 00:18:19,android,vivo,0,0,11,4,1
743,372,2025-07-23 00:18:19,android,xiaomi,0,0,36,2,1
744,373,2024-12-09 11:03:11,android,xiaomi,0,0,45,1,1
745,374,2024-09-21 18:29:00,android,other,0,0,17,1,1
746,375,2025-12-21 23:54:16,android,xiaomi,0,0,60,1,1
747,376,2024-05-21 23:03:21,ios,apple,0,0,48,5,1
748,376,2024-03-10 23:03:21,android,samsung,0,0,41,4,1
749,376,2024-03-25 23:03:21,android,huawei,0,0,51,1,1
750,377,2025-07-08 17:32:09,android,apple,1,0,60,3,1
751,378,2025-06-21 03:45:14,android,oppo,0,0,56,2,1
752,379,2024-10-23 09:27:00,android,xiaomi,0,0,35,1,1
753,380,2024-10-17 14:18:29,android,other,0,0,36,3,0
754,380,2024-08-06 14:18:29,ios,oppo,0,0,12,2,1
755,381,2024-03-15 20:58:47,ios,oppo,0,0,51,3,1
756,381,2023-12-28 20:58:47,android,oppo,0,0,13,1,1
757,381,2023-12-27 20:58:47,android,huawei,0,0,51,1,0
758,382,2025-12-21 20:57:59,ios,xiaomi,0,0,39,1,1
759,382,2025-11-06 20:57:59,android,oppo,0,1,27,5,1
760,383,2026-02-16 20:15:18,android,vivo,0,0,13,2,1
761,384,2024-08-17 21:48:16,android,other,1,0,29,1,1
762,384,2024-08-24 21:48:16,android,xiaomi,0,0,27,5,1
763,384,2024-10-10 21:48:16,android,apple,1,0,49,3,1
764,385,2024-04-02 07:04:53,ios,huawei,0,0,31,1,1
765,385,2024-02-13 07:04:53,android,huawei,0,0,47,1,1
766,386,2024-04-11 14:43:08,ios,oppo,0,0,21,2,1
767,387,2024-02-16 09:06:10,android,huawei,0,0,18,1,1
768,388,2025-09-24 17:05:38,android,oppo,0,0,34,1,1
769,388,2025-10-03 17:05:38,android,apple,0,0,59,1,1
770,389,2025-12-14 02:17:19,ios,samsung,0,0,16,3,1
771,390,2024-07-18 21:32:28,ios,apple,1,0,43,2,1
772,390,2024-05-24 21:32:28,android,huawei,0,0,59,1,1
773,391,2025-08-05 02:52:30,android,vivo,1,0,31,1,1
774,391,2025-07-11 02:52:30,android,other,0,0,40,1,1
775,392,2024-08-20 20:46:50,android,huawei,0,0,44,5,1
776,392,2024-06-13 20:46:50,android,apple,0,0,42,1,1
777,393,2024-12-04 01:30:05,android,samsung,0,0,23,1,1
778,394,2025-03-19 13:11:11,android,xiaomi,0,0,53,1,1
779,395,2025-07-26 13:07:02,android,huawei,0,0,42,2,1
780,396,2025-11-18 10:19:37,android,xiaomi,0,0,8,1,0
781,397,2024-04-03 16:37:49,android,samsung,0,0,0,1,1
782,398,2024-05-29 09:32:07,android,apple,0,0,50,3,1
783,398,2024-07-12 09:32:07,android,apple,0,0,30,1,1
784,398,2024-05-24 09:32:07,android,vivo,0,0,17,1,1
785,399,2024-09-06 18:30:39,ios,vivo,0,0,40,1,1
786,399,2024-09-24 18:30:39,android,other,0,0,16,2,1
787,400,2024-09-26 12:52:14,ios,huawei,0,0,40,1,1
788,400,2024-09-15 12:52:14,ios,vivo,0,0,46,1,1
789,401,2026-02-25 13:26:53,android,apple,0,1,71,4,1
790,402,2025-07-31 12:07:57,android,apple,0,0,23,1,1
791,403,2024-09-13 21:42:35,android,other,0,0,62,2,1
792,404,2026-03-29 10:23:56,android,oppo,0,0,53,3,0
793,405,2025-03-27 11:51:30,android,oppo,0,0,11,3,1
794,405,2025-01-14 11:51:30,android,samsung,0,0,28,1,1
795,406,2025-04-18 12:59:08,android,huawei,0,1,36,3,1
796,406,2025-01-25 12:59:08,ios,xiaomi,0,0,48,2,1
797,407,2025-01-23 14:24:13,android,vivo,0,0,0,2,1
798,407,2025-01-07 14:24:13,android,vivo,0,0,33,3,1
799,407,2025-02-23 14:24:13,android,xiaomi,0,0,34,1,1
800,408,2024-06-16 01:05:03,android,huawei,0,0,0,1,1
801,408,2024-05-17 01:05:03,android,oppo,0,1,46,1,1
802,408,2024-05-19 01:05:03,android,apple,0,0,25,1,0
803,409,2025-11-29 02:12:21,android,apple,0,0,17,1,1
804,410,2024-01-24 04:09:49,ios,vivo,0,0,47,1,1
805,410,2024-01-23 04:09:49,android,xiaomi,0,0,29,2,1
806,410,2024-04-08 04:09:49,android,vivo,0,0,58,4,1
807,411,2024-07-09 05:21:35,ios,huawei,0,0,56,1,1
808,412,2024-09-24 15:34:25,ios,huawei,0,0,55,1,1
809,412,2024-09-01 15:34:25,ios,oppo,0,0,48,4,1
810,412,2024-06-08 15:34:25,android,oppo,0,0,45,2,1
811,413,2024-07-24 21:17:32,ios,xiaomi,0,0,18,2,1
812,413,2024-09-26 21:17:32,android,xiaomi,0,0,50,1,1
813,413,2024-07-21 21:17:32,android,oppo,0,0,34,1,1
814,414,2024-07-01 05:31:30,android,huawei,0,0,16,1,1
815,414,2024-04-12 05:31:30,ios,apple,0,0,29,5,1
816,415,2024-03-21 02:41:02,android,huawei,0,0,37,1,1
817,415,2024-01-08 02:41:02,android,xiaomi,0,0,11,1,1
818,416,2025-08-17 16:34:47,ios,huawei,0,0,56,2,1
819,416,2025-07-06 16:34:47,android,other,0,0,35,2,1
820,417,2026-03-15 14:18:34,android,vivo,0,0,33,2,1
821,417,2026-02-18 14:18:34,ios,oppo,0,0,65,4,1
822,417,2025-12-02 14:18:34,android,vivo,0,0,41,4,1
823,418,2024-05-10 22:30:19,android,huawei,0,0,38,1,1
824,418,2024-05-06 22:30:19,android,xiaomi,0,0,39,1,1
825,418,2024-04-16 22:30:19,ios,other,0,0,64,3,1
826,419,2024-09-29 11:17:48,android,huawei,0,0,48,1,1
827,419,2024-09-14 11:17:48,android,vivo,0,0,57,3,1
828,419,2024-11-18 11:17:48,android,xiaomi,0,0,45,2,1
829,420,2025-04-19 14:54:01,android,samsung,0,0,50,2,1
830,421,2025-11-13 01:50:29,ios,oppo,0,0,17,2,1
831,421,2026-01-23 01:50:29,android,oppo,0,0,19,1,1
832,421,2025-11-14 01:50:29,android,xiaomi,0,0,26,3,1
833,422,2025-07-21 19:28:40,ios,other,0,0,26,3,1
834,422,2025-06-02 19:28:40,android,oppo,0,0,39,2,0
835,422,2025-09-01 19:28:40,ios,huawei,0,0,78,1,1
836,423,2025-08-05 07:36:57,android,samsung,0,0,23,1,1
837,423,2025-10-28 07:36:57,android,other,0,0,41,5,1
838,424,2025-05-30 05:09:46,android,xiaomi,0,0,21,1,1
839,425,2024-10-23 10:28:01,android,vivo,0,0,30,5,1
840,425,2024-12-13 10:28:01,ios,samsung,0,0,45,1,1
841,425,2024-11-25 10:28:01,ios,vivo,0,0,55,2,1
842,426,2024-09-05 20:04:09,android,vivo,0,1,28,2,1
843,426,2024-08-03 20:04:09,android,xiaomi,0,0,58,4,1
844,427,2025-12-23 22:47:16,android,vivo,0,0,48,2,1
845,427,2025-11-16 22:47:16,android,huawei,0,0,23,1,1
846,427,2025-10-28 22:47:16,android,samsung,0,0,46,1,1
847,428,2025-10-11 00:15:42,android,oppo,0,0,15,3,1
848,428,2025-10-07 00:15:42,android,xiaomi,0,0,42,3,1
849,428,2025-10-28 00:15:42,android,xiaomi,0,0,0,1,1
850,429,2024-01-11 07:46:30,android,oppo,0,0,55,1,1
851,429,2024-03-20 07:46:30,android,oppo,0,0,57,4,1
852,430,2025-06-09 05:55:58,ios,oppo,0,0,4,1,1
853,430,2025-08-19 05:55:58,android,oppo,0,1,85,1,1
854,430,2025-08-14 05:55:58,ios,samsung,0,0,58,3,1
855,431,2024-03-12 14:28:46,android,xiaomi,0,0,69,2,1
856,431,2024-03-21 14:28:46,ios,samsung,0,0,35,2,1
857,432,2025-07-21 10:59:59,ios,apple,0,0,33,1,1
858,432,2025-09-20 10:59:59,android,samsung,0,0,57,2,1
859,432,2025-08-08 10:59:59,android,huawei,0,0,28,1,0
860,433,2025-09-25 22:42:40,android,xiaomi,0,0,62,2,1
861,434,2024-04-01 16:07:54,android,xiaomi,0,0,50,1,0
862,434,2024-07-07 16:07:54,android,oppo,0,0,56,1,1
863,434,2024-07-15 16:07:54,android,vivo,0,0,69,2,1
864,435,2024-12-11 16:48:15,android,samsung,0,0,29,1,1
865,435,2024-12-02 16:48:15,android,huawei,0,0,33,2,1
866,435,2025-02-12 16:48:15,android,samsung,0,0,97,1,0
867,436,2024-06-24 08:09:59,android,xiaomi,0,0,45,3,0
868,436,2024-04-19 08:09:59,android,apple,0,0,58,2,1
869,437,2025-05-03 02:47:03,android,samsung,0,0,14,3,1
870,437,2025-04-14 02:47:03,android,huawei,0,0,33,1,1
871,437,2025-05-17 02:47:03,android,apple,0,0,18,5,1
872,438,2025-11-29 02:53:45,android,apple,0,0,45,3,1
873,438,2025-12-06 02:53:45,android,samsung,0,0,35,2,1
874,439,2024-05-14 00:50:04,android,apple,0,0,73,2,0
875,439,2024-04-01 00:50:04,android,vivo,0,1,9,1,1
876,439,2024-04-06 00:50:04,android,apple,0,0,44,2,1
877,440,2024-11-02 05:34:11,android,samsung,0,0,45,2,1
878,440,2024-10-21 05:34:11,android,vivo,0,0,38,3,1
879,441,2026-03-15 09:04:17,android,samsung,0,0,22,1,1
880,442,2024-08-07 16:37:15,android,huawei,0,0,49,1,1
881,443,2024-05-02 12:26:12,android,xiaomi,0,0,37,1,1
882,443,2024-05-13 12:26:12,android,huawei,0,0,66,1,1
883,443,2024-05-15 12:26:12,ios,other,0,0,65,2,0
884,444,2025-02-02 15:59:32,android,xiaomi,0,0,7,4,1
885,444,2025-04-01 15:59:32,android,huawei,0,1,3,1,1
886,445,2025-04-25 02:41:15,android,xiaomi,0,0,45,2,0
887,445,2025-03-30 02:41:15,android,oppo,0,0,40,2,1
888,445,2025-03-23 02:41:15,android,other,0,0,40,1,1
889,446,2025-05-31 21:22:51,android,huawei,0,0,42,4,1
890,447,2024-11-06 00:40:55,android,samsung,0,0,25,4,1
891,447,2024-09-22 00:40:55,android,vivo,0,0,55,1,1
892,447,2024-09-11 00:40:55,android,xiaomi,0,0,7,2,1
893,448,2026-02-15 14:31:10,android,oppo,0,0,70,1,1
894,448,2025-12-20 14:31:10,ios,huawei,0,0,42,4,1
895,448,2026-03-19 14:31:10,ios,oppo,0,0,3,1,1
896,449,2025-01-23 08:19:06,ios,samsung,1,0,30,1,1
897,449,2025-03-06 08:19:06,android,other,0,0,35,2,1
898,449,2025-04-01 08:19:06,android,huawei,0,0,69,1,1
899,450,2024-10-19 02:32:16,ios,samsung,0,0,30,2,1
900,450,2024-07-21 02:32:16,ios,oppo,0,0,37,2,1
901,450,2024-08-31 02:32:16,ios,oppo,0,0,15,1,1
902,451,2026-02-07 00:11:00,android,huawei,0,1,59,1,1
903,451,2026-01-01 00:11:00,android,vivo,0,0,37,2,0
904,452,2025-11-07 02:38:37,ios,vivo,0,0,34,3,1
905,453,2025-02-03 09:22:00,android,huawei,0,0,48,3,1
906,454,2024-02-25 03:32:17,android,other,0,0,50,1,1
907,454,2024-03-15 03:32:17,android,huawei,0,0,35,1,1
908,455,2025-06-28 18:19:14,android,vivo,0,0,81,4,1
909,455,2025-06-27 18:19:14,android,xiaomi,0,0,28,1,1
910,455,2025-05-17 18:19:14,android,xiaomi,0,1,43,4,1
911,456,2025-02-21 07:04:10,android,samsung,0,0,25,1,0
912,456,2025-02-06 07:04:10,ios,apple,0,0,53,1,1
913,456,2025-05-19 07:04:10,ios,xiaomi,0,0,38,4,1
914,457,2024-05-20 04:36:42,android,other,0,0,51,2,1
915,457,2024-07-07 04:36:42,android,vivo,0,0,38,2,1
916,458,2025-04-06 19:14:38,ios,other,0,0,57,1,1
917,458,2025-05-13 19:14:38,android,oppo,0,0,61,1,1
918,458,2025-06-12 19:14:38,android,huawei,0,0,0,2,1
919,459,2025-09-07 18:42:12,android,vivo,0,0,45,3,1
920,460,2024-06-17 07:19:21,android,xiaomi,0,0,49,2,1
921,461,2025-08-10 00:36:45,android,samsung,0,0,49,3,1
922,462,2024-05-13 10:44:59,android,huawei,0,0,63,3,1
923,462,2024-07-11 10:44:59,android,xiaomi,0,0,20,2,1
924,463,2025-08-06 15:26:10,android,oppo,0,0,0,2,0
925,464,2025-01-15 22:52:58,android,xiaomi,0,0,40,1,1
926,465,2023-12-31 18:04:23,android,xiaomi,0,0,25,3,1
927,466,2025-12-15 08:22:59,android,vivo,0,0,37,1,1
928,466,2026-02-13 08:22:59,ios,xiaomi,0,0,34,2,1
929,466,2026-03-25 08:22:59,android,apple,0,0,12,1,1
930,467,2024-07-31 03:48:03,android,xiaomi,0,0,66,1,0
931,468,2025-06-29 02:39:55,ios,other,0,0,32,2,0
932,468,2025-03-11 02:39:55,android,xiaomi,0,1,33,2,1
933,468,2025-06-23 02:39:55,ios,apple,0,0,25,1,1
934,469,2024-05-24 11:19:24,android,oppo,0,0,9,1,1
935,470,2026-01-02 02:34:00,android,other,0,0,42,2,1
936,471,2025-07-31 23:27:48,android,huawei,0,0,34,1,1
937,471,2025-09-30 23:27:48,android,xiaomi,0,0,30,1,1
938,471,2025-08-05 23:27:48,android,huawei,1,0,40,2,1
939,472,2025-08-12 04:24:11,android,xiaomi,0,0,53,1,1
940,473,2025-02-22 10:02:23,android,huawei,0,0,39,1,1
941,473,2024-11-17 10:02:23,android,other,0,0,48,1,1
942,473,2024-11-23 10:02:23,android,apple,0,1,53,2,1
943,474,2025-02-11 04:31:32,android,huawei,0,0,62,1,1
944,475,2025-06-30 00:57:23,ios,apple,0,0,79,1,1
945,476,2025-08-16 21:03:20,android,xiaomi,0,0,46,1,1
946,476,2025-08-02 21:03:20,android,apple,0,0,27,2,1
947,477,2025-09-05 07:04:54,ios,apple,0,0,30,1,1
948,477,2025-12-12 07:04:54,android,vivo,0,0,13,1,1
949,477,2025-09-16 07:04:54,android,oppo,0,0,28,1,1
950,478,2024-02-29 00:30:01,android,oppo,0,0,49,1,0
951,479,2025-07-27 09:35:42,android,vivo,0,0,59,2,1
952,479,2025-06-01 09:35:42,android,apple,0,0,46,3,1
953,480,2024-03-25 16:12:10,android,other,0,0,49,2,1
954,480,2024-04-25 16:12:10,ios,huawei,0,0,25,3,1
955,480,2024-05-02 16:12:10,android,apple,0,0,66,1,0
956,481,2024-08-23 04:33:51,android,oppo,0,0,59,1,0
957,482,2025-09-05 11:35:21,android,vivo,0,0,37,2,1
958,482,2025-10-08 11:35:21,ios,samsung,0,0,20,3,1
959,483,2024-07-23 20:59:26,android,xiaomi,0,0,35,2,0
960,483,2024-07-04 20:59:26,ios,huawei,0,0,67,2,1
961,483,2024-07-28 20:59:26,android,xiaomi,0,0,49,1,1
962,484,2025-08-24 16:14:07,ios,samsung,0,0,61,2,1
963,484,2025-11-06 16:14:07,android,xiaomi,0,0,15,3,1
964,485,2025-03-04 23:53:48,android,vivo,0,0,41,2,1
965,485,2025-01-24 23:53:48,android,samsung,0,0,77,1,1
966,485,2025-02-01 23:53:48,android,vivo,0,0,23,1,1
967,486,2024-06-10 19:51:56,android,xiaomi,0,0,10,1,1
968,486,2024-09-03 19:51:56,android,vivo,0,0,72,2,1
969,486,2024-08-30 19:51:56,android,vivo,0,0,46,4,1
970,487,2024-10-24 23:57:29,android,oppo,0,0,60,1,1
971,487,2024-11-23 23:57:29,android,oppo,0,0,34,2,1
972,488,2025-02-13 11:04:59,android,oppo,0,0,25,3,1
973,488,2025-03-13 11:04:59,ios,samsung,0,0,65,2,1
974,488,2025-05-08 11:04:59,android,xiaomi,0,0,59,3,1
975,489,2025-08-30 13:22:42,android,huawei,0,0,32,1,1
976,489,2025-07-13 13:22:42,android,other,0,0,51,3,1
977,489,2025-10-19 13:22:42,android,apple,1,0,42,3,1
978,490,2025-05-10 09:23:49,android,oppo,0,0,6,1,1
979,491,2026-01-11 06:04:54,android,vivo,0,0,54,1,1
980,492,2025-11-24 10:47:11,android,xiaomi,0,0,47,1,1
981,492,2025-10-16 10:47:11,ios,apple,0,0,74,1,1
982,492,2025-10-20 10:47:11,android,vivo,0,0,50,1,1
983,493,2025-07-20 22:45:13,android,apple,0,1,22,4,1
984,494,2025-04-18 06:26:14,android,apple,0,0,71,4,1
985,494,2025-05-22 06:26:14,android,oppo,0,0,50,1,0
986,495,2024-08-07 14:16:25,android,vivo,0,0,54,2,1
987,496,2025-01-03 04:15:14,android,xiaomi,0,0,31,1,1
988,497,2024-06-01 19:01:40,ios,oppo,0,0,43,1,0
989,497,2024-07-10 19:01:40,android,samsung,0,0,26,1,1
990,497,2024-03-25 19:01:40,android,vivo,0,0,23,2,1
991,498,2025-01-10 03:42:15,android,xiaomi,0,0,25,1,1
992,499,2026-01-07 07:47:37,android,huawei,0,0,28,5,1
993,499,2025-11-14 07:47:37,ios,samsung,0,0,59,1,1
994,500,2024-11-09 21:27:14,android,oppo,0,0,70,1,0
995,500,2024-12-07 21:27:14,android,vivo,0,0,46,1,1
996,500,2024-11-01 21:27:14,ios,apple,0,0,74,4,1
997,501,2024-04-28 00:31:44,ios,apple,0,0,56,1,1
998,501,2024-05-12 00:31:44,ios,samsung,0,0,73,1,1
999,502,2025-04-28 21:49:53,ios,other,0,0,10,2,1
1000,503,2026-02-28 17:00:45,android,oppo,0,0,0,2,1
1001,503,2026-02-04 17:00:45,android,other,0,0,35,2,1
1002,504,2025-11-07 06:26:09,android,xiaomi,0,1,13,1,0
1003,505,2024-11-06 01:49:10,android,xiaomi,0,0,70,4,1
1004,505,2024-08-28 01:49:10,ios,other,0,0,42,1,1
1005,506,2025-02-17 08:16:24,android,other,0,0,51,2,1
1006,506,2025-03-11 08:16:24,android,oppo,0,0,25,4,1
1007,507,2025-05-03 15:24:33,android,other,0,0,33,1,1
1008,507,2025-01-29 15:24:33,android,vivo,0,0,33,3,0
1009,508,2024-09-07 22:08:56,android,xiaomi,0,1,43,2,1
1010,508,2024-08-05 22:08:56,ios,xiaomi,0,0,22,1,1
1011,508,2024-08-18 22:08:56,android,huawei,0,1,23,2,1
1012,509,2024-08-27 03:29:00,android,oppo,0,0,57,1,1
1013,509,2024-09-02 03:29:00,android,xiaomi,0,0,48,5,1
1014,509,2024-09-13 03:29:00,android,xiaomi,0,0,19,1,1
1015,510,2024-09-20 18:19:28,android,huawei,0,0,15,2,1
1016,510,2024-09-13 18:19:28,android,xiaomi,0,0,35,1,1
1017,510,2024-09-02 18:19:28,android,vivo,0,0,53,1,1
1018,511,2026-04-16 01:03:51,ios,vivo,0,0,16,2,1
1019,511,2026-02-19 01:03:51,android,xiaomi,0,0,0,1,1
1020,512,2025-07-10 14:10:12,android,oppo,0,0,69,1,1
1021,512,2025-08-05 14:10:12,android,xiaomi,0,0,47,1,0
1022,512,2025-09-08 14:10:12,android,xiaomi,0,0,2,1,1
1023,513,2025-10-21 19:48:13,ios,samsung,0,0,49,1,1
1024,514,2025-12-06 02:17:05,android,xiaomi,0,0,34,3,1
1025,515,2025-11-27 04:11:36,android,vivo,0,0,59,1,1
1026,515,2026-03-16 04:11:36,android,vivo,0,0,42,3,1
1027,516,2024-04-08 20:28:19,android,xiaomi,1,0,0,1,1
1028,516,2024-05-30 20:28:19,android,xiaomi,0,0,82,1,0
1029,516,2024-07-06 20:28:19,android,other,0,1,62,1,1
1030,517,2025-11-23 14:12:01,android,samsung,0,0,44,1,1
1031,517,2025-10-30 14:12:01,android,huawei,0,0,60,1,1
1032,518,2024-05-06 14:06:40,android,other,0,0,30,3,1
1033,518,2024-05-14 14:06:40,ios,apple,0,0,45,3,1
1034,519,2025-01-11 01:22:34,android,other,0,0,0,4,1
1035,519,2025-01-24 01:22:34,android,xiaomi,0,0,44,4,1
1036,519,2025-02-10 01:22:34,android,oppo,0,0,65,2,1
1037,520,2025-04-08 22:28:40,android,apple,1,0,42,2,1
1038,520,2025-03-05 22:28:40,android,oppo,0,0,49,3,1
1039,520,2025-04-19 22:28:40,ios,huawei,0,0,41,1,1
1040,521,2024-10-14 05:43:34,ios,xiaomi,0,0,27,4,1
1041,522,2024-06-25 16:57:18,ios,huawei,0,0,48,1,1
1042,522,2024-07-02 16:57:18,android,xiaomi,0,0,40,1,1
1043,523,2024-08-21 09:07:09,android,oppo,0,1,35,1,1
1044,523,2024-09-07 09:07:09,ios,xiaomi,0,0,40,1,1
1045,523,2024-05-14 09:07:09,android,oppo,0,0,58,1,1
1046,524,2025-09-09 00:06:59,android,samsung,0,0,47,2,1
1047,524,2025-08-21 00:06:59,ios,xiaomi,0,0,17,2,1
1048,525,2024-09-06 16:02:33,ios,vivo,0,0,40,4,1
1049,525,2024-09-13 16:02:33,android,oppo,0,0,42,1,1
1050,525,2024-11-25 16:02:33,android,xiaomi,0,0,21,2,1
1051,526,2024-10-11 13:03:48,ios,other,0,0,22,4,1
1052,526,2024-09-02 13:03:48,android,oppo,0,0,19,2,0
1053,526,2024-08-20 13:03:48,android,huawei,0,0,66,1,1
1054,527,2025-12-20 01:17:59,android,xiaomi,0,0,51,2,0
1055,528,2024-07-23 00:38:10,android,huawei,0,0,49,4,1
1056,528,2024-07-14 00:38:10,ios,oppo,0,0,3,1,0
1057,528,2024-05-15 00:38:10,ios,huawei,0,0,42,2,1
1058,529,2026-01-02 03:28:35,android,oppo,0,1,25,3,1
1059,529,2026-01-10 03:28:35,android,xiaomi,0,0,48,1,1
1060,530,2025-12-19 07:24:09,ios,other,0,0,34,1,1
1061,531,2025-04-15 22:45:53,android,oppo,0,0,34,3,1
1062,531,2025-04-02 22:45:53,android,huawei,0,0,56,2,1
1063,532,2024-05-29 20:06:56,ios,huawei,0,0,60,1,1
1064,533,2024-07-26 18:40:56,android,xiaomi,0,0,35,1,1
1065,533,2024-05-17 18:40:56,android,xiaomi,0,0,35,3,1
1066,533,2024-08-11 18:40:56,android,other,1,0,37,2,1
1067,534,2024-08-15 20:17:45,android,apple,0,0,19,1,1
1068,534,2024-07-19 20:17:45,ios,apple,0,0,42,3,1
1069,535,2025-03-20 12:19:19,android,xiaomi,0,0,23,1,1
1070,536,2024-04-27 03:18:24,android,huawei,0,0,46,1,1
1071,537,2024-12-05 15:07:36,android,xiaomi,0,0,78,1,1
1072,537,2024-11-24 15:07:36,android,huawei,0,0,47,1,1
1073,538,2024-04-14 07:23:09,android,xiaomi,0,0,33,3,1
1074,539,2025-02-15 09:46:40,android,xiaomi,0,0,9,1,1
1075,539,2025-03-22 09:46:40,android,huawei,0,0,61,1,1
1076,540,2024-04-20 10:30:47,ios,other,0,0,68,2,1
1077,541,2025-07-21 14:18:49,android,huawei,0,0,60,3,1
1078,541,2025-09-05 14:18:49,android,oppo,0,0,54,2,1
1079,542,2024-04-26 10:31:39,android,samsung,0,0,50,5,1
1080,542,2024-05-31 10:31:39,android,xiaomi,0,0,24,1,0
1081,543,2024-05-24 05:16:42,ios,xiaomi,0,0,23,2,1
1082,543,2024-05-15 05:16:42,ios,oppo,0,0,39,1,0
1083,543,2024-07-18 05:16:42,android,vivo,0,0,62,1,1
1084,544,2024-07-15 11:43:06,android,huawei,0,0,35,1,1
1085,544,2024-06-22 11:43:06,android,huawei,0,0,57,4,1
1086,545,2025-11-27 15:00:59,android,samsung,0,0,33,1,1
1087,545,2025-11-08 15:00:59,android,vivo,0,0,34,1,1
1088,545,2025-11-21 15:00:59,android,vivo,0,0,50,1,1
1089,546,2024-04-07 23:15:05,android,xiaomi,0,0,42,2,0
1090,547,2025-01-29 08:37:45,android,oppo,0,0,27,2,1
1091,548,2025-06-01 12:50:22,android,huawei,0,0,41,1,1
1092,548,2025-04-15 12:50:22,android,apple,0,0,53,1,1
1093,549,2025-03-16 16:14:31,android,samsung,0,0,68,1,1
1094,549,2025-03-03 16:14:31,android,xiaomi,0,1,37,1,1
1095,549,2025-01-30 16:14:31,android,vivo,0,0,16,1,1
1096,550,2025-08-17 22:07:06,ios,huawei,0,0,31,2,1
1097,550,2025-08-06 22:07:06,android,xiaomi,0,0,71,1,1
1098,551,2025-10-25 06:20:06,android,xiaomi,0,0,86,2,0
1099,551,2025-10-05 06:20:06,android,xiaomi,0,1,0,2,1
1100,551,2025-09-12 06:20:06,android,xiaomi,0,0,30,1,0
1101,552,2024-12-18 08:24:20,ios,xiaomi,0,0,17,1,0
1102,552,2024-11-12 08:24:20,ios,xiaomi,0,0,38,2,1
1103,552,2024-10-19 08:24:20,android,huawei,0,0,63,3,1
1104,553,2025-09-01 14:22:37,android,apple,0,0,15,2,1
1105,554,2024-08-13 03:12:14,android,other,0,0,30,2,0
1106,555,2026-01-13 15:05:09,android,xiaomi,0,0,85,2,1
1107,555,2026-01-05 15:05:09,android,apple,0,0,36,1,1
1108,556,2025-04-21 07:17:58,android,vivo,0,0,9,4,1
1109,556,2025-01-30 07:17:58,android,other,0,0,2,1,1
1110,556,2025-03-30 07:17:58,android,oppo,0,0,22,1,1
1111,557,2025-09-06 06:57:13,android,vivo,0,0,11,1,1
1112,557,2025-07-16 06:57:13,android,huawei,0,0,48,3,1
1113,557,2025-09-30 06:57:13,android,samsung,0,0,38,1,1
1114,558,2025-11-25 18:05:11,android,oppo,0,0,58,5,1
1115,558,2025-10-22 18:05:11,android,xiaomi,0,1,16,2,1
1116,558,2025-11-22 18:05:11,android,huawei,0,0,47,5,0
1117,559,2025-11-04 15:14:59,ios,oppo,0,0,65,1,0
1118,560,2025-12-29 07:49:33,android,oppo,0,0,77,3,1
1119,560,2025-09-08 07:49:33,ios,vivo,0,0,61,2,0
1120,561,2025-04-05 15:43:04,android,xiaomi,0,0,47,3,0
1121,561,2025-03-07 15:43:04,ios,oppo,0,0,42,1,1
1122,561,2025-03-11 15:43:04,android,other,0,0,62,1,1
1123,562,2024-03-20 17:40:59,android,huawei,0,0,21,1,1
1124,562,2024-02-29 17:40:59,android,oppo,0,0,41,3,1
1125,562,2024-01-27 17:40:59,android,other,0,0,11,1,1
1126,563,2025-03-19 22:49:24,android,other,0,0,33,1,0
1127,564,2024-08-11 11:51:07,android,apple,0,0,41,2,1
1128,565,2025-12-31 01:19:21,android,xiaomi,0,1,21,2,1
1129,565,2025-10-11 01:19:21,android,huawei,0,0,62,3,1
1130,565,2025-12-09 01:19:21,android,vivo,0,0,53,2,1
1131,566,2024-09-14 19:46:12,android,apple,0,0,49,2,1
1132,566,2024-08-29 19:46:12,android,other,0,0,40,1,1
1133,567,2024-06-21 11:47:00,android,huawei,0,0,12,3,1
1134,568,2024-07-03 01:16:13,android,xiaomi,0,0,60,3,1
1135,569,2025-05-11 01:45:39,android,oppo,0,0,49,1,1
1136,570,2025-05-04 23:59:45,android,oppo,0,0,25,2,1
1137,570,2025-05-16 23:59:45,android,huawei,0,0,31,5,1
1138,571,2025-11-23 15:41:31,ios,huawei,0,0,45,1,0
1139,571,2026-02-09 15:41:31,android,samsung,0,0,33,1,1
1140,572,2024-12-19 20:55:03,ios,apple,0,0,31,1,1
1141,572,2024-11-26 20:55:03,ios,oppo,0,0,73,1,1
1142,572,2024-11-17 20:55:03,android,huawei,0,0,18,3,1
1143,573,2024-11-12 01:30:48,android,vivo,0,0,45,1,1
1144,573,2024-08-28 01:30:48,android,samsung,0,0,40,1,1
1145,574,2024-05-02 22:55:55,android,samsung,0,0,45,2,1
1146,575,2024-03-12 03:58:11,android,vivo,0,0,30,1,1
1147,575,2024-01-01 03:58:11,android,xiaomi,0,0,42,3,0
1148,576,2024-11-15 17:43:10,android,huawei,0,0,51,1,1
1149,576,2025-01-03 17:43:10,android,oppo,0,0,44,4,1
1150,577,2025-10-31 20:19:14,android,oppo,0,0,65,3,1
1151,578,2025-02-05 08:09:05,ios,other,0,0,70,2,1
1152,578,2025-05-03 08:09:05,android,samsung,1,0,46,1,1
1153,578,2025-03-15 08:09:05,android,xiaomi,0,0,49,2,1
1154,579,2026-01-03 06:57:15,ios,oppo,0,0,55,1,1
1155,579,2026-01-01 06:57:15,android,xiaomi,0,0,42,1,0
1156,579,2025-12-10 06:57:15,ios,apple,0,0,45,2,1
1157,580,2024-03-14 05:17:30,android,samsung,0,0,0,3,1
1158,580,2024-03-19 05:17:30,android,xiaomi,0,0,41,2,1
1159,581,2024-04-11 02:59:02,android,other,0,0,53,2,1
1160,581,2024-05-19 02:59:02,android,other,0,0,41,1,0
1161,581,2024-06-28 02:59:02,android,other,0,0,49,1,1
1162,582,2025-09-25 10:11:37,android,xiaomi,0,0,23,4,1
1163,582,2025-12-17 10:11:37,android,vivo,0,0,30,1,1
1164,583,2024-05-18 22:07:13,ios,huawei,0,0,70,2,1
1165,583,2024-06-26 22:07:13,ios,xiaomi,0,0,42,1,1
1166,583,2024-03-28 22:07:13,android,oppo,0,0,49,2,1
1167,584,2024-04-13 22:22:18,android,samsung,0,0,15,3,1
1168,584,2024-02-29 22:22:18,android,vivo,0,0,27,3,1
1169,585,2024-11-09 23:42:14,android,other,0,0,24,1,1
1170,586,2026-02-06 03:13:46,android,samsung,0,0,70,1,1
1171,586,2025-11-12 03:13:46,android,xiaomi,0,0,50,2,1
1172,587,2025-06-23 05:59:48,android,oppo,0,0,31,2,1
1173,587,2025-05-22 05:59:48,android,oppo,0,0,42,1,1
1174,588,2024-03-23 08:27:44,android,samsung,0,0,29,2,0
1175,589,2025-09-16 02:32:09,android,huawei,0,1,27,1,0
1176,589,2025-11-27 02:32:09,ios,huawei,0,0,74,1,1
1177,589,2025-12-15 02:32:09,android,apple,0,0,21,1,1
1178,590,2025-11-03 19:25:59,ios,xiaomi,0,0,46,1,1
1179,590,2025-10-14 19:25:59,android,apple,0,0,43,4,1
1180,591,2025-08-04 12:12:12,android,xiaomi,0,0,7,1,1
1181,591,2025-09-07 12:12:12,android,oppo,0,0,21,2,1
1182,592,2025-11-03 22:28:59,android,samsung,0,0,1,3,1
1183,592,2025-12-03 22:28:59,android,oppo,0,0,26,4,1
1184,593,2024-07-13 02:39:46,android,xiaomi,0,0,51,3,1
1185,593,2024-07-20 02:39:46,android,xiaomi,0,0,23,1,1
1186,593,2024-10-01 02:39:46,android,xiaomi,0,0,28,1,1
1187,594,2026-04-04 02:04:41,android,vivo,0,0,71,3,1
1188,595,2024-11-28 02:35:57,android,other,0,0,35,2,1
1189,596,2025-10-07 11:29:36,android,xiaomi,0,0,72,3,1
1190,596,2025-10-16 11:29:36,android,oppo,0,0,41,1,1
1191,597,2025-03-21 22:28:01,ios,other,0,0,52,1,1
1192,597,2025-03-26 22:28:01,android,other,0,0,44,2,1
1193,597,2025-04-24 22:28:01,android,xiaomi,0,0,50,2,1
1194,598,2025-10-07 00:26:47,android,apple,0,0,42,1,1
1195,598,2025-10-01 00:26:47,android,vivo,0,0,64,3,1
1196,599,2025-07-01 07:23:46,android,oppo,0,0,26,4,1
1197,599,2025-03-28 07:23:46,ios,huawei,0,0,59,3,1
1198,600,2025-04-09 00:18:25,android,apple,0,0,78,3,1
1199,600,2025-05-08 00:18:25,android,xiaomi,0,0,58,2,1
1200,601,2025-06-24 21:17:50,android,apple,0,1,31,1,1
1201,601,2025-04-25 21:17:50,android,oppo,0,0,19,3,1
1202,602,2025-10-23 16:00:58,android,samsung,0,0,7,2,1
1203,602,2025-08-26 16:00:58,ios,xiaomi,0,0,38,1,1
1204,603,2025-08-08 12:01:57,ios,vivo,0,0,56,2,1
1205,603,2025-08-30 12:01:57,android,vivo,0,0,32,2,1
1206,603,2025-09-29 12:01:57,ios,xiaomi,0,0,36,3,1
1207,604,2024-04-07 05:21:16,android,apple,0,0,65,1,1
1208,604,2024-04-15 05:21:16,android,xiaomi,0,0,6,4,0
1209,605,2025-11-03 00:28:53,ios,oppo,0,0,56,3,1
1210,605,2025-11-01 00:28:53,android,huawei,0,0,29,2,1
1211,606,2025-02-18 07:54:43,android,other,0,0,26,1,1
1212,606,2025-02-12 07:54:43,ios,oppo,0,0,37,2,0
1213,606,2025-03-09 07:54:43,ios,other,0,0,0,4,0
1214,607,2024-08-19 20:25:17,android,other,0,0,33,5,1
1215,607,2024-11-27 20:25:17,ios,apple,0,0,82,1,1
1216,607,2024-08-19 20:25:17,android,oppo,0,0,31,1,1
1217,608,2025-01-13 09:11:04,android,apple,0,0,17,2,0
1218,608,2025-01-24 09:11:04,ios,xiaomi,0,0,51,1,1
1219,609,2026-01-28 21:33:01,ios,xiaomi,0,0,50,2,1
1220,609,2026-01-31 21:33:01,android,vivo,0,0,73,2,1
1221,610,2025-10-04 00:39:50,ios,samsung,0,0,39,3,0
1222,610,2025-12-05 00:39:50,android,huawei,0,0,47,1,1
1223,611,2025-08-31 14:23:52,ios,samsung,1,0,15,2,1
1224,611,2025-10-05 14:23:52,android,other,0,0,24,4,1
1225,612,2025-02-01 20:14:41,ios,oppo,0,0,33,2,0
1226,612,2025-01-28 20:14:41,ios,xiaomi,0,0,16,1,1
1227,613,2025-10-14 10:05:42,ios,vivo,0,0,87,1,1
1228,614,2024-10-14 02:46:04,ios,apple,0,0,35,3,1
1229,614,2024-12-09 02:46:04,android,xiaomi,0,0,37,1,1
1230,615,2025-05-24 21:37:09,ios,vivo,0,0,39,1,1
1231,616,2025-05-15 21:08:54,android,xiaomi,0,0,67,2,1
1232,616,2025-05-02 21:08:54,ios,huawei,0,0,57,1,1
1233,616,2025-05-22 21:08:54,android,huawei,0,0,35,1,1
1234,617,2024-07-07 08:28:23,android,xiaomi,0,0,58,1,1
1235,617,2024-07-18 08:28:23,ios,other,0,0,60,1,1
1236,618,2024-09-12 12:26:14,android,samsung,0,0,34,2,1
1237,618,2024-09-13 12:26:14,ios,vivo,0,0,41,2,1
1238,618,2024-10-27 12:26:14,ios,oppo,0,0,17,1,1
1239,619,2024-03-15 15:03:09,android,xiaomi,0,0,59,1,1
1240,620,2024-06-29 00:44:33,android,other,0,0,28,2,0
1241,621,2025-01-01 12:59:55,android,oppo,0,0,34,1,1
1242,621,2025-01-02 12:59:55,android,other,0,0,27,1,1
1243,622,2024-12-29 20:24:35,android,samsung,0,0,50,4,1
1244,622,2024-12-27 20:24:35,android,other,0,0,45,2,1
1245,623,2024-05-17 12:54:54,android,other,0,0,16,1,1
1246,623,2024-07-12 12:54:54,android,oppo,0,0,49,1,1
1247,624,2025-01-31 07:54:06,ios,xiaomi,0,0,57,1,1
1248,625,2025-05-11 01:11:24,ios,xiaomi,0,0,43,1,1
1249,626,2024-07-05 18:37:31,android,other,0,0,48,1,1
1250,626,2024-07-27 18:37:31,android,oppo,0,0,39,1,1
1251,626,2024-07-06 18:37:31,android,xiaomi,0,1,42,2,1
1252,627,2024-09-10 21:54:37,android,samsung,0,0,7,3,1
1253,627,2024-08-27 21:54:37,android,oppo,0,0,73,2,1
1254,627,2024-11-14 21:54:37,android,xiaomi,0,0,42,2,1
1255,628,2024-12-31 06:48:24,ios,xiaomi,0,0,10,3,1
1256,628,2024-10-11 06:48:24,android,oppo,0,0,33,1,1
1257,628,2024-11-05 06:48:24,ios,xiaomi,0,0,42,5,1
1258,629,2025-02-01 16:32:38,android,apple,0,0,63,3,1
1259,629,2025-03-05 16:32:38,android,xiaomi,0,0,59,1,1
1260,630,2024-10-21 11:11:44,android,oppo,0,0,52,3,1
1261,630,2024-09-18 11:11:44,android,oppo,0,0,36,1,0
1262,631,2025-07-02 23:16:10,android,oppo,0,0,46,1,1
1263,631,2025-08-30 23:16:10,android,vivo,0,0,43,2,1
1264,632,2024-09-14 01:43:20,android,xiaomi,0,0,54,1,1
1265,632,2024-12-09 01:43:20,android,huawei,1,0,56,1,1
1266,633,2024-11-06 17:52:16,ios,xiaomi,0,0,74,1,1
1267,634,2025-01-19 00:12:38,android,huawei,0,0,61,4,1
1268,635,2024-06-05 12:41:05,android,apple,0,0,60,1,1
1269,636,2025-08-27 14:13:24,ios,vivo,0,0,27,1,1
1270,637,2024-08-03 21:01:00,ios,huawei,0,0,40,1,1
1271,637,2024-07-19 21:01:00,android,xiaomi,0,0,33,1,1
1272,638,2025-10-15 17:00:51,android,other,0,0,68,1,1
1273,638,2025-11-19 17:00:51,ios,vivo,0,0,48,1,1
1274,639,2026-03-11 15:59:27,android,huawei,0,0,62,2,1
1275,639,2026-01-02 15:59:27,ios,samsung,0,0,26,1,1
1276,639,2026-02-15 15:59:27,android,other,0,0,39,2,1
1277,640,2025-06-19 17:10:19,android,samsung,0,0,41,2,0
1278,640,2025-06-18 17:10:19,android,vivo,0,0,68,1,1
1279,640,2025-05-28 17:10:19,android,huawei,0,0,28,1,1
1280,641,2025-12-15 22:25:02,android,vivo,0,0,20,2,0
1281,642,2025-10-24 13:25:11,ios,apple,0,0,42,4,1
1282,642,2025-12-12 13:25:11,android,other,0,0,31,2,1
1283,643,2024-12-13 01:33:02,android,xiaomi,0,0,42,1,1
1284,643,2025-01-03 01:33:02,android,xiaomi,0,0,31,1,1
1285,644,2025-08-24 07:29:02,ios,samsung,0,0,29,1,1
1286,644,2025-09-16 07:29:02,android,xiaomi,0,0,19,4,1
1287,644,2025-08-21 07:29:02,ios,oppo,0,0,27,1,1
1288,645,2024-10-05 16:53:17,ios,other,0,0,18,1,1
1289,645,2024-11-22 16:53:17,android,oppo,0,0,7,4,1
1290,646,2025-02-02 03:54:30,android,samsung,0,0,32,1,1
1291,646,2025-01-30 03:54:30,android,samsung,0,0,72,1,1
1292,647,2025-04-25 20:49:03,android,xiaomi,0,0,69,3,1
1293,647,2025-02-28 20:49:03,android,samsung,0,1,31,2,1
1294,647,2025-04-17 20:49:03,android,other,0,0,63,5,1
1295,648,2026-01-29 03:50:15,android,huawei,0,0,27,4,1
1296,649,2025-10-30 10:46:47,android,xiaomi,0,0,39,1,0
1297,650,2024-12-22 03:42:43,ios,apple,0,0,70,2,0
1298,650,2025-03-27 03:42:43,ios,oppo,0,0,39,1,0
1299,651,2025-06-17 09:19:48,android,vivo,0,0,41,2,1
1300,652,2024-05-28 17:17:09,android,vivo,0,0,36,1,1
1301,653,2025-09-10 04:56:41,android,other,0,0,30,1,1
1302,653,2025-11-13 04:56:41,android,xiaomi,0,0,73,1,1
1303,653,2025-08-15 04:56:41,ios,samsung,0,0,59,1,1
1304,654,2025-04-11 17:13:30,android,samsung,0,0,65,5,0
1305,655,2025-02-18 21:17:39,ios,samsung,0,0,76,1,1
1306,656,2025-09-15 09:17:14,ios,xiaomi,0,0,35,5,1
1307,657,2025-05-30 00:43:00,android,other,0,0,28,2,1
1308,657,2025-07-16 00:43:00,android,vivo,0,1,44,1,1
1309,657,2025-05-03 00:43:00,ios,oppo,0,0,22,1,1
1310,658,2024-03-28 21:37:23,ios,vivo,0,0,68,1,0
1311,658,2024-04-25 21:37:23,ios,vivo,0,0,52,1,1
1312,659,2024-07-29 08:29:10,android,apple,0,0,36,3,1
1313,660,2024-06-18 00:06:58,android,huawei,0,0,66,3,1
1314,661,2025-06-23 11:19:41,android,oppo,0,0,20,1,1
1315,662,2024-04-15 15:46:42,android,other,0,0,30,1,0
1316,662,2024-02-07 15:46:42,android,apple,0,0,35,1,1
1317,662,2024-04-25 15:46:42,ios,vivo,0,0,54,2,0
1318,663,2024-08-10 18:07:42,android,oppo,0,0,26,2,1
1319,663,2024-07-24 18:07:42,android,huawei,0,0,45,1,1
1320,664,2025-04-03 03:14:13,ios,other,0,0,27,1,1
1321,664,2025-03-10 03:14:13,android,other,0,0,7,3,1
1322,664,2025-05-05 03:14:13,android,oppo,0,0,52,1,0
1323,665,2025-06-20 04:51:47,android,xiaomi,0,0,10,3,1
1324,665,2025-05-24 04:51:47,android,other,0,0,53,4,1
1325,666,2025-02-09 09:54:06,android,xiaomi,0,0,34,1,1
1326,666,2025-04-16 09:54:06,android,samsung,0,0,53,1,1
1327,666,2025-03-10 09:54:06,android,oppo,0,0,9,2,1
1328,667,2025-11-20 07:47:53,ios,xiaomi,0,0,9,3,1
1329,668,2026-01-10 19:49:49,ios,xiaomi,0,0,29,4,0
1330,668,2025-12-27 19:49:49,android,other,0,0,33,1,1
1331,669,2024-05-06 10:26:30,android,apple,0,1,61,2,1
1332,669,2024-04-01 10:26:30,android,xiaomi,0,0,88,3,1
1333,670,2025-12-15 07:59:39,ios,apple,0,0,78,1,1
1334,671,2025-05-29 11:55:58,ios,vivo,0,0,59,5,1
1335,672,2025-07-21 10:33:34,android,xiaomi,0,1,43,1,1
1336,672,2025-06-02 10:33:34,ios,oppo,0,0,0,5,1
1337,672,2025-05-05 10:33:34,android,oppo,0,0,65,4,1
1338,673,2024-04-12 10:04:39,ios,samsung,0,0,69,1,1
1339,673,2024-06-27 10:04:39,android,xiaomi,0,0,35,3,1
1340,673,2024-06-26 10:04:39,ios,xiaomi,0,0,17,2,1
1341,674,2025-04-14 23:11:43,ios,oppo,0,0,25,4,0
1342,675,2025-06-13 18:32:16,android,xiaomi,0,0,46,1,1
1343,676,2025-03-20 23:27:38,android,huawei,0,0,39,2,1
1344,676,2025-05-09 23:27:38,android,other,0,0,43,2,0
1345,677,2024-03-18 16:19:16,android,vivo,0,0,46,1,1
1346,678,2025-04-15 22:56:41,ios,vivo,0,0,40,3,1
1347,679,2026-02-01 05:39:56,android,oppo,0,1,18,1,1
1348,680,2025-08-04 02:15:26,android,apple,0,1,34,3,1
1349,680,2025-07-17 02:15:26,android,samsung,0,0,70,1,1
1350,681,2024-07-22 07:23:12,android,huawei,0,0,52,1,1
1351,681,2024-06-16 07:23:12,android,xiaomi,0,0,58,2,1
1352,682,2026-01-06 18:07:21,ios,samsung,0,0,36,1,1
1353,682,2026-03-07 18:07:21,android,xiaomi,0,0,78,2,1
1354,683,2026-01-27 23:34:54,android,huawei,0,0,58,3,1
1355,683,2026-02-25 23:34:54,ios,samsung,0,0,27,2,1
1356,683,2026-03-03 23:34:54,android,oppo,0,0,44,4,1
1357,684,2024-07-25 15:48:34,android,huawei,0,0,49,1,1
1358,684,2024-05-21 15:48:34,ios,apple,0,0,36,2,0
1359,685,2025-11-23 15:29:26,android,huawei,0,0,6,1,1
1360,685,2025-09-24 15:29:26,android,oppo,0,0,10,3,1
1361,686,2025-02-08 21:41:01,android,samsung,0,0,32,1,0
1362,686,2024-12-08 21:41:01,android,oppo,0,0,24,2,1
1363,686,2024-11-02 21:41:01,android,oppo,0,0,10,1,1
1364,687,2025-03-07 09:18:31,android,oppo,0,0,21,2,0
1365,688,2025-02-02 23:39:50,android,xiaomi,0,0,38,2,1
1366,689,2025-08-29 07:34:27,ios,oppo,0,0,34,4,1
1367,689,2025-08-04 07:34:27,android,oppo,0,0,22,3,0
1368,689,2025-10-09 07:34:27,android,xiaomi,0,0,15,1,1
1369,690,2026-04-13 13:28:50,android,oppo,0,0,14,2,1
1370,691,2025-11-16 10:24:43,android,samsung,0,0,32,1,0
1371,691,2025-08-24 10:24:43,ios,other,0,0,40,3,1
1372,691,2025-09-16 10:24:43,android,oppo,1,0,16,3,1
1373,692,2026-01-20 21:37:38,android,oppo,0,0,19,1,1
1374,692,2025-12-10 21:37:38,android,other,0,0,72,2,1
1375,693,2026-02-22 14:23:38,android,xiaomi,0,0,51,1,0
1376,694,2024-03-10 18:38:49,ios,oppo,0,0,33,1,1
1377,694,2024-06-20 18:38:49,android,xiaomi,0,0,32,1,1
1378,694,2024-05-29 18:38:49,android,apple,0,0,68,1,1
1379,695,2024-10-22 23:16:34,ios,xiaomi,0,0,18,4,1
1380,695,2024-07-31 23:16:34,android,vivo,1,0,54,2,1
1381,696,2025-09-25 22:55:37,android,vivo,0,0,42,3,1
1382,697,2025-05-22 18:07:46,ios,samsung,0,0,12,1,1
1383,698,2024-05-03 14:33:39,android,oppo,0,0,18,2,1
1384,698,2024-03-15 14:33:39,android,huawei,0,0,75,1,0
1385,698,2024-04-18 14:33:39,android,huawei,0,0,100,2,1
1386,699,2024-03-31 09:15:42,android,xiaomi,0,0,29,2,1
1387,699,2024-04-10 09:15:42,android,apple,0,0,40,2,1
1388,700,2025-02-20 23:59:25,ios,vivo,0,0,47,5,1
1389,701,2025-05-27 19:13:23,android,other,0,0,49,1,1
1390,701,2025-06-03 19:13:23,android,vivo,0,0,31,3,1
1391,702,2024-06-24 10:26:34,android,huawei,0,0,45,3,0
1392,703,2024-06-29 01:01:25,android,vivo,0,0,30,1,1
1393,703,2024-07-24 01:01:25,android,xiaomi,0,0,44,1,1
1394,704,2024-06-22 10:02:26,android,oppo,0,0,45,2,1
1395,704,2024-04-01 10:02:26,android,xiaomi,0,0,24,1,1
1396,705,2025-05-25 09:56:04,android,oppo,0,1,7,2,1
1397,705,2025-02-28 09:56:04,android,apple,0,0,66,1,1
1398,705,2025-03-25 09:56:04,android,oppo,0,0,61,3,1
1399,706,2024-04-22 17:35:44,android,oppo,0,0,36,1,1
1400,707,2025-05-10 20:58:57,android,xiaomi,0,0,35,1,1
1401,707,2025-04-05 20:58:57,ios,samsung,0,0,51,1,1
1402,707,2025-06-05 20:58:57,android,apple,0,1,35,3,1
1403,708,2025-01-12 10:16:12,android,huawei,0,0,48,2,1
1404,708,2024-12-26 10:16:12,android,oppo,0,0,33,2,1
1405,709,2025-01-03 04:03:35,android,oppo,0,0,70,1,1
1406,709,2025-02-27 04:03:35,android,vivo,0,0,22,2,1
1407,709,2024-11-30 04:03:35,android,vivo,0,0,28,2,1
1408,710,2025-07-21 20:55:12,android,oppo,0,0,53,2,1
1409,711,2025-03-28 12:30:31,android,xiaomi,0,0,40,1,0
1410,712,2025-07-03 06:09:29,android,oppo,0,0,10,1,1
1411,712,2025-08-30 06:09:29,android,xiaomi,0,0,28,1,1
1412,713,2025-07-26 15:56:16,ios,oppo,0,0,45,1,1
1413,713,2025-09-15 15:56:16,android,apple,0,0,45,2,1
1414,713,2025-08-22 15:56:16,android,xiaomi,0,0,60,1,1
1415,714,2025-11-16 16:27:46,android,xiaomi,0,0,21,2,1
1416,715,2025-10-10 10:46:02,android,apple,0,0,23,2,1
1417,716,2025-04-08 22:12:44,android,vivo,0,0,57,4,1
1418,717,2025-02-14 06:31:27,android,huawei,0,0,13,1,1
1419,718,2024-08-10 01:36:52,android,other,0,0,21,1,0
1420,718,2024-09-17 01:36:52,android,xiaomi,0,0,53,4,1
1421,719,2025-05-01 16:52:37,android,xiaomi,0,0,8,1,0
1422,719,2025-03-18 16:52:37,android,vivo,0,0,22,1,1
1423,720,2024-05-12 13:39:10,android,vivo,0,1,0,1,1
1424,720,2024-07-15 13:39:10,android,xiaomi,0,0,17,1,0
1425,720,2024-05-28 13:39:10,android,vivo,0,0,28,1,1
1426,721,2026-01-22 19:15:31,ios,vivo,0,0,31,4,1
1427,722,2025-10-11 21:10:31,android,xiaomi,0,0,88,1,1
1428,722,2025-09-17 21:10:31,ios,xiaomi,0,0,40,3,1
1429,722,2025-12-02 21:10:31,android,huawei,0,0,8,1,1
1430,723,2024-05-05 09:43:56,android,other,0,0,44,4,1
1431,723,2024-07-09 09:43:56,android,huawei,0,0,61,2,1
1432,723,2024-05-23 09:43:56,android,oppo,0,0,58,3,0
1433,724,2025-09-10 17:56:49,android,vivo,0,0,11,1,1
1434,724,2025-10-31 17:56:49,android,apple,0,0,36,1,1
1435,725,2024-05-14 11:39:16,android,apple,0,1,25,2,1
1436,726,2025-07-03 11:51:55,android,xiaomi,0,0,32,1,1
1437,726,2025-07-02 11:51:55,android,xiaomi,0,1,55,1,1
1438,726,2025-08-04 11:51:55,android,oppo,0,0,48,1,1
1439,727,2024-03-08 00:39:42,android,oppo,0,0,45,2,1
1440,727,2024-04-28 00:39:42,ios,xiaomi,0,0,42,5,1
1441,727,2024-04-11 00:39:42,ios,samsung,0,0,20,2,1
1442,728,2025-04-05 09:08:55,android,xiaomi,1,0,42,1,1
1443,729,2025-05-05 05:45:53,android,other,0,0,37,4,1
1444,729,2025-06-30 05:45:53,android,xiaomi,0,0,62,4,1
1445,729,2025-06-03 05:45:53,android,vivo,0,0,9,1,1
1446,730,2025-07-10 00:45:57,android,vivo,0,1,62,2,0
1447,730,2025-07-30 00:45:57,android,vivo,0,0,68,1,1
1448,730,2025-07-08 00:45:57,android,xiaomi,0,0,22,1,1
1449,731,2024-12-31 14:01:02,android,samsung,0,0,60,5,1
1450,732,2025-10-26 18:50:35,ios,oppo,0,0,6,1,1
1451,732,2025-12-13 18:50:35,ios,xiaomi,0,0,19,2,1
1452,732,2026-01-27 18:50:35,android,huawei,0,0,20,5,1
1453,733,2025-07-22 06:06:40,android,apple,0,1,33,2,1
1454,734,2024-06-22 00:47:54,ios,apple,0,0,0,1,1
1455,734,2024-08-16 00:47:54,android,huawei,0,0,53,1,1
1456,735,2025-05-07 23:58:27,ios,samsung,0,0,59,5,1
1457,735,2025-06-14 23:58:27,android,apple,0,0,55,1,1
1458,735,2025-05-09 23:58:27,android,huawei,0,1,43,1,1
1459,736,2025-09-13 06:57:57,android,apple,0,0,0,2,1
1460,737,2024-10-21 13:20:00,android,other,0,0,78,1,1
1461,737,2024-09-17 13:20:00,android,apple,0,0,41,1,1
1462,737,2024-10-27 13:20:00,android,oppo,0,0,34,1,1
1463,738,2025-07-09 21:48:45,android,samsung,0,0,23,2,1
1464,738,2025-08-04 21:48:45,android,huawei,0,0,63,1,1
1465,738,2025-07-07 21:48:45,android,huawei,0,0,30,1,1
1466,739,2026-01-12 19:22:54,android,oppo,0,0,38,2,1
1467,739,2026-01-22 19:22:54,ios,huawei,0,0,70,3,1
1468,740,2025-09-15 11:50:32,android,oppo,0,0,55,2,0
1469,740,2025-09-18 11:50:32,android,huawei,0,0,32,1,1
1470,741,2025-10-29 15:33:47,android,vivo,0,0,33,5,1
1471,741,2025-09-21 15:33:47,android,xiaomi,0,0,22,1,0
1472,742,2025-06-15 04:23:42,ios,huawei,0,0,7,5,1
1473,743,2024-08-05 11:46:19,android,apple,1,0,47,1,1
1474,743,2024-08-16 11:46:19,android,huawei,0,0,55,1,1
1475,743,2024-08-20 11:46:19,android,apple,0,0,66,3,1
1476,744,2025-08-24 12:18:21,android,xiaomi,0,0,90,4,1
1477,744,2025-09-28 12:18:21,android,other,0,0,50,2,1
1478,744,2025-10-26 12:18:21,android,vivo,0,0,38,3,1
1479,745,2024-09-17 20:38:38,android,huawei,0,0,26,1,1
1480,745,2024-10-04 20:38:38,android,huawei,0,0,68,1,1
1481,746,2025-04-29 12:05:17,ios,xiaomi,0,0,36,1,1
1482,746,2025-05-02 12:05:17,android,apple,0,0,43,1,1
1483,747,2024-10-05 12:59:18,android,vivo,0,0,58,4,1
1484,747,2024-09-26 12:59:18,android,xiaomi,0,0,41,1,0
1485,747,2024-08-21 12:59:18,ios,oppo,0,0,34,1,1
1486,748,2024-10-15 12:03:32,android,oppo,0,0,66,1,1
1487,748,2024-10-04 12:03:32,android,xiaomi,0,0,46,1,1
1488,749,2024-05-30 01:21:21,ios,apple,0,0,40,1,1
1489,749,2024-04-22 01:21:21,android,apple,0,0,37,2,1
1490,749,2024-06-28 01:21:21,ios,huawei,0,0,52,3,1
1491,750,2025-12-12 17:56:07,android,xiaomi,0,0,25,2,1
1492,750,2026-01-31 17:56:07,android,apple,0,0,5,1,1
1493,751,2024-07-10 21:09:52,android,oppo,0,0,23,1,1
1494,752,2024-02-28 23:15:15,android,xiaomi,0,0,10,1,1
1495,752,2024-05-01 23:15:15,android,samsung,0,0,44,1,1
1496,752,2024-04-12 23:15:15,android,oppo,0,0,61,1,1
1497,753,2025-11-10 08:57:11,ios,apple,0,0,17,2,1
1498,753,2025-12-14 08:57:11,android,huawei,0,1,29,1,1
1499,754,2025-04-03 03:49:50,ios,xiaomi,0,0,79,1,1
1500,754,2025-02-07 03:49:50,android,xiaomi,0,0,23,2,1
1501,755,2025-01-08 16:04:43,android,huawei,0,0,55,1,1
1502,755,2024-11-15 16:04:43,android,apple,0,1,48,3,1
1503,756,2025-10-02 08:50:54,android,vivo,0,0,11,2,1
1504,756,2025-06-20 08:50:54,ios,oppo,0,0,21,2,1
1505,756,2025-10-02 08:50:54,android,vivo,1,0,39,3,1
1506,757,2025-01-07 19:45:47,android,oppo,0,0,21,2,1
1507,757,2024-10-29 19:45:47,android,samsung,0,0,32,3,1
1508,758,2024-03-30 09:11:12,android,huawei,0,0,35,3,1
1509,759,2025-09-10 16:05:37,android,huawei,0,1,53,1,1
1510,760,2024-07-20 11:30:40,ios,oppo,0,0,37,1,1
1511,760,2024-05-04 11:30:40,android,vivo,0,0,43,1,0
1512,761,2025-01-31 16:26:18,ios,vivo,0,0,24,1,0
1513,761,2025-01-31 16:26:18,android,vivo,0,0,52,3,1
1514,762,2026-02-01 19:38:19,android,xiaomi,0,0,39,1,1
1515,762,2026-02-23 19:38:19,android,samsung,0,0,4,3,0
1516,763,2026-03-05 09:10:21,android,apple,0,0,28,2,1
1517,763,2025-12-21 09:10:21,android,apple,0,0,52,4,1
1518,763,2025-12-08 09:10:21,android,other,0,0,51,2,1
1519,764,2024-12-15 08:55:04,android,huawei,0,0,27,1,1
1520,765,2025-08-21 14:52:55,android,apple,0,0,53,4,1
1521,765,2025-08-23 14:52:55,ios,vivo,0,0,35,1,1
1522,766,2025-06-04 06:04:47,android,xiaomi,0,0,50,3,1
1523,767,2025-01-02 22:33:17,android,apple,0,0,14,2,1
1524,767,2025-01-05 22:33:17,android,xiaomi,0,0,42,1,1
1525,767,2024-12-18 22:33:17,android,other,0,0,44,2,1
1526,768,2024-04-14 03:32:26,android,samsung,0,0,58,2,1
1527,769,2024-10-26 17:49:04,android,xiaomi,0,0,28,3,0
1528,770,2025-07-23 21:36:17,android,vivo,0,0,43,2,1
1529,771,2026-02-24 05:47:04,android,vivo,0,0,68,2,1
1530,772,2024-02-16 13:40:58,android,oppo,0,0,32,1,1
1531,772,2024-03-20 13:40:58,android,vivo,0,0,0,1,1
1532,772,2024-01-15 13:40:58,android,oppo,0,0,70,1,1
1533,773,2025-08-04 23:09:33,android,apple,0,0,29,2,1
1534,773,2025-08-26 23:09:33,ios,oppo,0,0,30,4,1
1535,774,2025-09-15 19:49:18,android,oppo,0,1,29,2,1
1536,775,2025-12-15 08:55:49,android,huawei,0,0,36,1,1
1537,776,2024-12-10 09:02:26,android,samsung,0,0,26,5,1
1538,776,2025-02-17 09:02:26,android,vivo,0,0,36,1,1
1539,776,2024-12-16 09:02:26,ios,apple,0,0,34,2,1
1540,777,2024-05-14 11:44:40,android,huawei,0,0,5,2,1
1541,777,2024-05-10 11:44:40,android,oppo,0,0,70,1,0
1542,778,2024-09-28 19:20:42,android,huawei,0,0,34,2,1
1543,778,2024-08-27 19:20:42,android,other,0,0,29,1,1
1544,778,2024-09-09 19:20:42,android,oppo,0,0,25,4,0
1545,779,2025-11-16 21:21:00,ios,vivo,0,0,40,2,1
1546,779,2025-09-12 21:21:00,android,xiaomi,0,0,12,3,1
1547,780,2025-11-18 21:25:11,android,oppo,0,0,58,1,1
1548,780,2025-11-06 21:25:11,android,xiaomi,0,0,9,4,1
1549,780,2025-11-15 21:25:11,android,vivo,0,0,47,3,1
1550,781,2025-05-19 01:32:03,ios,oppo,0,0,44,1,1
1551,781,2025-06-02 01:32:03,android,other,0,0,13,2,1
1552,781,2025-07-24 01:32:03,android,xiaomi,0,1,25,3,1
1553,782,2024-05-05 14:24:48,ios,xiaomi,0,0,19,3,1
1554,782,2024-03-27 14:24:48,android,apple,0,0,41,1,1
1555,782,2024-07-16 14:24:48,android,vivo,0,0,34,1,1
1556,783,2024-05-19 00:04:04,ios,oppo,0,0,72,1,1
1557,783,2024-04-11 00:04:04,android,apple,0,0,11,1,1
1558,783,2024-06-13 00:04:04,android,xiaomi,0,1,42,2,1
1559,784,2025-02-05 01:34:31,android,vivo,0,0,55,1,1
1560,784,2025-02-10 01:34:31,android,oppo,0,0,49,1,1
1561,785,2025-05-07 10:16:48,android,xiaomi,0,0,54,4,1
1562,785,2025-03-19 10:16:48,android,xiaomi,0,0,83,5,1
1563,785,2025-03-16 10:16:48,ios,samsung,0,0,47,5,1
1564,786,2024-03-06 15:16:24,ios,huawei,0,0,45,3,1
1565,786,2024-02-25 15:16:24,android,vivo,0,0,18,1,1
1566,786,2024-05-04 15:16:24,ios,vivo,0,0,16,4,1
1567,787,2025-06-29 20:24:29,android,vivo,0,0,49,1,1
1568,788,2025-04-10 11:48:56,android,oppo,0,0,30,1,1
1569,788,2025-02-26 11:48:56,ios,vivo,0,0,70,2,1
1570,788,2025-04-13 11:48:56,android,other,0,0,72,2,1
1571,789,2024-04-17 23:32:34,android,oppo,0,0,42,3,1
1572,790,2024-06-15 20:16:13,android,vivo,0,0,26,1,1
1573,791,2024-12-03 15:39:02,ios,xiaomi,0,0,35,1,1
1574,791,2025-02-24 15:39:02,android,vivo,0,1,34,2,0
1575,791,2024-12-03 15:39:02,android,xiaomi,0,1,21,1,1
1576,792,2025-07-27 11:41:48,android,huawei,0,0,60,1,0
1577,792,2025-06-19 11:41:48,android,huawei,0,0,18,2,1
1578,792,2025-07-30 11:41:48,android,vivo,0,0,29,1,1
1579,793,2025-09-09 12:59:57,android,huawei,0,0,12,1,1
1580,793,2025-08-24 12:59:57,android,apple,0,1,30,1,1
1581,794,2024-11-18 20:24:14,android,other,0,0,27,4,1
1582,794,2025-02-19 20:24:14,android,vivo,0,0,14,1,1
1583,794,2024-11-27 20:24:14,ios,vivo,0,0,37,1,1
1584,795,2024-08-11 14:41:24,android,vivo,0,0,72,1,1
1585,796,2025-12-14 20:47:50,android,vivo,0,0,100,1,1
1586,796,2026-01-20 20:47:50,android,huawei,1,0,39,1,1
1587,796,2026-03-04 20:47:50,android,apple,0,0,64,3,1
1588,797,2025-03-18 17:45:44,android,samsung,0,0,100,4,1
1589,798,2024-11-09 05:37:40,android,other,0,0,50,1,1
1590,799,2025-02-27 21:20:36,android,oppo,0,0,44,1,1
1591,800,2024-01-08 19:50:44,android,other,0,0,72,2,1
1592,800,2024-03-05 19:50:44,android,xiaomi,0,0,38,1,1
1593,801,2024-09-08 09:46:04,ios,vivo,0,0,61,4,1
1594,801,2024-10-09 09:46:04,android,apple,0,0,29,1,1
1595,801,2024-08-10 09:46:04,android,huawei,0,1,40,1,0
1596,802,2025-04-04 08:30:50,android,oppo,1,1,62,3,0
1597,802,2025-01-23 08:30:50,android,apple,0,0,16,2,1
1598,802,2025-02-18 08:30:50,android,other,0,0,42,1,1
1599,803,2025-12-06 11:06:07,android,other,0,0,51,2,1
1600,804,2025-07-28 21:43:14,ios,xiaomi,0,0,63,3,1
1601,804,2025-06-28 21:43:14,android,oppo,0,0,20,1,1
1602,804,2025-08-02 21:43:14,android,apple,0,0,51,1,1
1603,805,2025-10-03 08:16:17,android,huawei,0,0,33,3,1
1604,806,2025-02-01 18:40:40,android,samsung,0,0,39,1,1
1605,806,2025-05-20 18:40:40,android,other,0,0,35,2,1
1606,807,2024-04-10 17:30:32,ios,oppo,0,0,37,1,1
1607,808,2024-11-21 09:01:54,android,xiaomi,0,0,5,1,1
1608,808,2025-01-28 09:01:54,android,samsung,0,0,64,2,1
1609,809,2026-04-15 20:02:49,ios,other,0,0,34,3,0
1610,810,2024-02-26 05:52:33,android,huawei,0,0,29,2,1
1611,811,2025-11-05 19:35:03,android,samsung,0,0,30,3,1
1612,812,2025-05-09 16:21:50,android,oppo,0,0,31,2,1
1613,812,2025-07-22 16:21:50,ios,samsung,0,0,46,2,0
1614,812,2025-07-04 16:21:50,android,other,0,0,9,3,1
1615,813,2024-10-22 06:04:32,android,xiaomi,0,0,42,1,1
1616,813,2024-08-31 06:04:32,ios,oppo,0,0,41,1,1
1617,813,2024-07-31 06:04:32,ios,apple,0,0,43,1,1
1618,814,2025-10-28 22:21:41,android,xiaomi,0,0,35,4,1
1619,815,2025-09-22 22:25:41,android,samsung,0,0,42,2,1
1620,815,2025-09-27 22:25:41,ios,vivo,0,0,56,1,1
1621,816,2024-02-06 13:11:54,android,xiaomi,0,1,48,1,1
1622,816,2024-02-10 13:11:54,android,oppo,0,0,52,4,1
1623,816,2024-04-01 13:11:54,android,xiaomi,0,0,9,1,1
1624,817,2024-04-18 16:28:12,android,apple,0,0,0,3,1
1625,817,2024-06-11 16:28:12,ios,other,0,0,62,1,1
1626,817,2024-06-17 16:28:12,android,vivo,0,0,39,2,1
1627,818,2025-06-30 23:55:59,android,xiaomi,0,0,43,2,1
1628,818,2025-05-11 23:55:59,android,oppo,0,0,17,2,1
1629,819,2026-02-07 08:18:53,ios,apple,0,0,95,4,1
1630,819,2026-02-22 08:18:53,android,other,0,0,14,1,1
1631,819,2026-03-30 08:18:53,android,oppo,0,0,59,1,1
1632,820,2024-03-14 11:53:37,android,vivo,0,0,35,1,1
1633,821,2025-05-02 22:47:47,android,samsung,0,0,27,1,1
1634,821,2025-05-17 22:47:47,android,xiaomi,0,0,25,3,1
1635,821,2025-05-01 22:47:47,android,oppo,0,0,14,1,1
1636,822,2024-05-12 15:54:37,android,huawei,0,0,31,4,1
1637,823,2025-04-19 14:11:24,android,xiaomi,0,0,29,1,1
1638,823,2025-04-17 14:11:24,android,vivo,0,0,50,1,0
1639,824,2025-06-06 00:28:35,android,other,0,0,50,2,1
1640,824,2025-05-08 00:28:35,ios,apple,0,0,7,2,0
1641,825,2024-04-14 00:31:17,ios,vivo,0,0,35,1,1
1642,826,2025-08-28 22:21:22,android,samsung,0,0,46,2,1
1643,826,2025-07-07 22:21:22,ios,oppo,0,0,51,1,1
1644,827,2025-12-14 20:01:30,android,vivo,0,0,40,1,0
1645,827,2025-11-24 20:01:30,android,xiaomi,0,0,40,3,1
1646,827,2026-02-01 20:01:30,android,oppo,0,0,63,1,0
1647,828,2025-09-26 07:31:58,android,samsung,0,0,35,1,1
1648,828,2025-12-04 07:31:58,android,apple,0,0,18,2,1
1649,828,2025-11-26 07:31:58,ios,vivo,0,0,52,1,0
1650,829,2024-02-07 04:04:16,android,oppo,0,0,42,3,1
1651,830,2024-06-27 12:27:28,android,oppo,0,0,28,1,1
1652,830,2024-09-10 12:27:28,android,vivo,0,0,19,3,0
1653,831,2024-07-10 19:18:27,android,other,0,0,67,2,1
1654,831,2024-09-06 19:18:27,ios,apple,0,0,37,1,1
1655,831,2024-08-09 19:18:27,android,vivo,0,0,22,1,1
1656,832,2025-01-16 21:40:53,android,oppo,0,0,55,2,1
1657,832,2025-03-09 21:40:53,android,xiaomi,0,0,25,1,1
1658,833,2024-07-20 09:44:35,android,vivo,0,0,41,1,1
1659,834,2025-12-08 16:09:11,android,oppo,0,0,50,1,0
1660,835,2025-08-03 00:58:27,android,vivo,0,0,33,1,1
1661,835,2025-08-18 00:58:27,android,oppo,0,0,23,3,1
1662,836,2025-11-24 02:17:15,ios,apple,0,0,75,1,1
1663,837,2024-05-21 16:32:17,android,vivo,0,0,57,3,0
1664,837,2024-07-01 16:32:17,android,vivo,0,0,25,1,1
1665,838,2024-01-22 15:18:42,android,xiaomi,0,0,41,1,1
1666,839,2026-02-03 18:22:54,ios,other,0,0,56,1,1
1667,840,2024-10-30 21:40:31,ios,oppo,0,0,10,3,1
1668,840,2024-11-13 21:40:31,android,huawei,0,0,3,3,1
1669,841,2025-08-09 01:50:00,android,other,0,0,0,1,1
1670,842,2025-12-20 21:19:41,android,oppo,0,0,56,3,1
1671,842,2026-01-20 21:19:41,android,other,0,0,78,1,1
1672,842,2026-01-23 21:19:41,android,huawei,0,0,23,3,0
1673,843,2024-04-23 09:34:14,android,huawei,0,0,35,1,1
1674,844,2024-03-18 23:53:36,android,huawei,0,0,40,2,1
1675,845,2024-03-02 23:07:50,android,oppo,0,0,28,1,1
1676,846,2024-07-15 02:49:37,android,vivo,0,0,35,1,1
1677,846,2024-05-16 02:49:37,ios,vivo,0,0,63,1,1
1678,847,2024-04-01 17:02:48,android,other,0,0,46,3,1
1679,847,2024-03-05 17:02:48,android,oppo,0,0,47,4,0
1680,848,2025-11-16 14:03:52,android,xiaomi,0,0,33,1,1
1681,849,2025-03-19 07:48:32,ios,xiaomi,0,0,45,1,1
1682,849,2025-06-22 07:48:32,android,vivo,0,0,87,4,1
1683,850,2026-01-10 10:25:08,android,xiaomi,0,0,52,1,1
1684,851,2025-10-05 01:57:40,android,other,0,0,38,2,1
1685,851,2025-08-24 01:57:40,ios,oppo,0,0,44,1,1
1686,852,2026-01-11 03:03:07,android,vivo,0,0,52,1,1
1687,853,2024-08-03 03:26:43,ios,oppo,0,0,4,1,1
1688,853,2024-06-27 03:26:43,android,xiaomi,0,0,45,1,1
1689,853,2024-07-31 03:26:43,android,vivo,0,1,60,2,1
1690,854,2024-11-17 02:14:56,android,other,0,0,36,1,1
1691,854,2024-07-22 02:14:56,android,vivo,0,0,4,1,1
1692,855,2025-10-16 01:38:34,android,xiaomi,0,0,36,1,1
1693,855,2025-11-06 01:38:34,android,huawei,0,0,19,4,1
1694,856,2024-10-08 18:20:47,ios,other,0,0,0,1,1
1695,857,2024-03-06 18:42:12,ios,huawei,0,0,11,1,1
1696,857,2024-05-29 18:42:12,android,apple,0,0,32,1,1
1697,858,2025-05-29 11:09:35,android,apple,0,0,7,2,1
1698,858,2025-08-22 11:09:35,android,vivo,0,0,39,1,0
1699,858,2025-05-12 11:09:35,android,xiaomi,0,0,41,3,1
1700,859,2025-11-10 16:53:12,android,xiaomi,0,0,11,1,1
1701,860,2026-01-15 18:47:51,android,xiaomi,0,0,30,1,1
1702,861,2025-12-27 06:58:33,android,samsung,0,0,44,2,1
1703,861,2025-11-11 06:58:33,ios,other,0,0,32,1,1
1704,862,2024-05-02 18:26:22,android,xiaomi,0,0,69,1,1
1705,862,2024-06-01 18:26:22,android,vivo,0,0,58,5,1
1706,863,2025-07-23 15:20:20,android,xiaomi,0,0,47,2,1
1707,863,2025-10-21 15:20:20,android,other,0,0,69,2,1
1708,864,2025-11-25 16:09:39,android,huawei,0,0,23,1,0
1709,864,2025-12-05 16:09:39,android,oppo,0,0,0,1,1
1710,864,2025-12-01 16:09:39,android,apple,0,0,38,3,1
1711,865,2025-07-05 15:04:34,android,vivo,0,0,50,2,1
1712,866,2025-11-25 10:53:26,android,apple,0,0,60,2,1
1713,867,2025-11-06 17:24:48,android,oppo,1,0,48,1,0
1714,867,2025-10-16 17:24:48,android,other,0,0,40,1,1
1715,868,2025-01-26 23:33:33,android,vivo,0,0,78,2,1
1716,868,2024-12-25 23:33:33,ios,huawei,0,0,27,4,1
1717,869,2024-05-04 07:27:02,android,huawei,0,0,29,1,1
1718,870,2024-12-31 00:31:30,android,other,0,0,10,2,1
1719,870,2025-02-21 00:31:30,android,huawei,0,0,7,1,1
1720,870,2024-12-07 00:31:30,ios,apple,0,0,67,2,1
1721,871,2024-07-26 07:13:21,android,huawei,0,0,46,2,1
1722,871,2024-08-28 07:13:21,android,apple,0,0,37,2,1
1723,872,2024-04-06 00:32:21,android,huawei,0,0,0,1,1
1724,873,2024-06-30 04:39:46,android,huawei,0,0,30,1,1
1725,873,2024-06-14 04:39:46,android,oppo,0,0,30,2,1
1726,874,2025-07-22 01:59:31,android,other,0,0,66,5,1
1727,875,2025-01-18 07:22:58,android,oppo,0,0,31,1,1
1728,875,2025-01-19 07:22:58,android,oppo,0,0,47,2,1
1729,876,2025-04-02 01:58:26,ios,samsung,0,0,17,2,1
1730,876,2025-03-31 01:58:26,android,other,0,1,32,5,1
1731,876,2025-05-02 01:58:26,android,xiaomi,0,0,53,4,1
1732,877,2025-07-15 23:41:45,android,xiaomi,0,0,6,3,1
1733,877,2025-08-13 23:41:45,android,xiaomi,0,0,59,2,1
1734,877,2025-09-11 23:41:45,android,apple,0,0,36,4,1
1735,878,2025-02-02 05:39:04,ios,vivo,0,0,38,2,0
1736,879,2025-06-30 21:48:27,android,other,0,0,24,1,1
1737,880,2024-03-09 19:08:55,android,apple,0,0,27,3,1
1738,881,2025-09-06 07:49:00,android,vivo,0,0,30,1,1
1739,882,2024-11-25 14:38:20,android,vivo,0,0,51,3,1
1740,882,2025-02-12 14:38:20,android,vivo,0,1,0,1,1
1741,883,2024-07-27 07:19:53,android,apple,0,0,45,2,1
1742,884,2025-09-25 17:30:53,android,huawei,0,0,43,1,0
1743,885,2025-08-16 06:33:41,android,apple,0,0,55,1,1
1744,885,2025-08-05 06:33:41,android,apple,0,0,28,1,1
1745,886,2024-02-24 17:00:51,android,apple,0,0,47,1,1
1746,886,2024-05-20 17:00:51,android,oppo,0,0,37,1,1
1747,886,2024-05-12 17:00:51,android,samsung,0,0,12,1,1
1748,887,2024-06-12 22:05:12,android,xiaomi,0,0,47,3,1
1749,887,2024-07-11 22:05:12,android,vivo,0,0,65,2,0
1750,887,2024-07-27 22:05:12,android,huawei,0,0,66,1,1
1751,888,2024-04-27 11:55:48,android,apple,0,0,50,1,1
1752,888,2024-03-26 11:55:48,android,oppo,0,0,30,3,1
1753,888,2024-03-02 11:55:48,android,oppo,0,0,17,3,1
1754,889,2024-09-14 15:41:35,android,vivo,0,0,56,2,1
1755,889,2024-07-28 15:41:35,android,xiaomi,0,0,44,1,1
1756,889,2024-08-03 15:41:35,android,oppo,0,1,39,2,1
1757,890,2024-03-17 23:39:22,android,xiaomi,0,0,41,1,1
1758,890,2024-05-26 23:39:22,ios,xiaomi,0,0,24,1,1
1759,890,2024-03-31 23:39:22,android,huawei,0,0,49,1,1
1760,891,2025-06-30 05:31:49,android,vivo,0,0,12,2,0
1761,891,2025-08-06 05:31:49,android,apple,0,0,63,1,1
1762,892,2025-02-10 11:07:51,android,xiaomi,0,0,44,1,1
1763,893,2026-02-05 13:11:16,android,xiaomi,0,0,17,3,1
1764,893,2026-03-05 13:11:16,android,xiaomi,0,1,28,3,1
1765,893,2025-12-23 13:11:16,ios,samsung,0,0,54,2,1
1766,894,2025-09-28 01:54:34,android,other,0,0,7,5,0
1767,894,2025-09-30 01:54:34,android,xiaomi,0,0,39,3,1
1768,894,2025-07-24 01:54:34,ios,huawei,0,0,13,1,1
1769,895,2025-04-03 10:14:38,android,samsung,0,0,43,1,1
1770,895,2025-06-17 10:14:38,android,huawei,0,0,24,1,1
1771,896,2025-03-15 19:10:11,android,oppo,0,0,62,2,1
1772,896,2025-03-18 19:10:11,ios,other,0,0,47,1,1
1773,897,2024-03-17 18:50:43,android,apple,0,0,58,1,1
1774,897,2024-03-26 18:50:43,android,oppo,0,0,38,1,1
1775,898,2024-05-07 05:55:32,android,xiaomi,0,0,43,1,1
1776,898,2024-04-27 05:55:32,android,oppo,0,0,52,2,1
1777,899,2025-06-12 21:43:59,android,huawei,0,0,29,3,1
1778,900,2023-12-31 04:43:23,android,huawei,0,0,25,5,1
1779,900,2024-03-26 04:43:23,android,xiaomi,0,0,36,2,1
1780,900,2024-03-11 04:43:23,ios,vivo,0,0,33,3,0
1781,901,2024-02-26 21:58:53,ios,vivo,0,0,23,1,1
1782,901,2024-05-16 21:58:53,android,huawei,0,0,62,2,1
1783,902,2024-07-07 23:15:29,ios,huawei,0,0,71,1,1
1784,902,2024-09-11 23:15:29,android,oppo,0,0,23,3,1
1785,902,2024-08-26 23:15:29,android,oppo,1,0,4,2,1
1786,903,2025-12-22 10:13:58,android,other,0,0,18,1,1
1787,903,2025-10-01 10:13:58,android,oppo,0,0,83,1,1
1788,904,2025-01-16 00:27:21,android,xiaomi,0,0,56,1,1
1789,904,2025-02-10 00:27:21,android,huawei,0,0,69,1,1
1790,905,2025-05-25 23:48:41,android,samsung,0,0,62,1,1
1791,906,2024-11-19 10:34:14,android,samsung,0,0,5,1,1
1792,906,2025-01-17 10:34:14,ios,xiaomi,0,0,42,2,1
1793,907,2024-05-29 09:11:59,android,huawei,0,0,15,1,1
1794,907,2024-06-09 09:11:59,android,vivo,0,0,30,2,1
1795,907,2024-08-13 09:11:59,android,huawei,0,0,64,1,1
1796,908,2024-10-09 22:39:44,android,other,0,0,0,1,1
1797,908,2024-12-31 22:39:44,android,xiaomi,0,0,29,4,1
1798,909,2024-04-12 22:57:07,android,oppo,0,0,40,1,1
1799,909,2024-04-18 22:57:07,android,xiaomi,0,0,8,1,1
1800,909,2024-03-04 22:57:07,android,vivo,0,0,51,1,1
1801,910,2025-09-26 06:50:05,android,vivo,0,1,34,3,1
1802,911,2024-06-10 23:30:07,android,oppo,0,0,21,3,1
1803,911,2024-07-16 23:30:07,android,other,0,0,16,1,1
1804,911,2024-06-30 23:30:07,ios,oppo,0,0,22,1,1
1805,912,2024-10-06 18:07:19,android,vivo,0,0,47,1,1
1806,913,2026-02-23 10:04:34,ios,xiaomi,0,0,56,1,1
1807,913,2026-04-05 10:04:34,android,xiaomi,0,0,66,3,0
1808,914,2025-05-07 03:11:45,android,oppo,0,0,18,1,1
1809,914,2025-05-14 03:11:45,android,vivo,0,0,18,2,0
1810,915,2025-01-16 17:58:56,android,oppo,0,0,39,4,1
1811,915,2025-03-04 17:58:56,android,xiaomi,0,0,19,2,1
1812,916,2025-05-11 09:35:01,android,samsung,0,0,72,2,1
1813,916,2025-02-19 09:35:01,ios,xiaomi,0,0,43,2,1
1814,917,2025-10-19 09:05:53,android,xiaomi,0,0,43,1,1
1815,917,2025-08-07 09:05:53,android,xiaomi,0,0,59,5,1
1816,917,2025-11-03 09:05:53,android,oppo,0,0,57,3,1
1817,918,2024-09-20 18:31:14,android,other,0,0,0,2,1
1818,918,2024-09-29 18:31:14,android,apple,0,0,59,2,1
1819,918,2024-09-13 18:31:14,android,oppo,0,0,52,4,1
1820,919,2025-06-08 13:52:26,android,xiaomi,0,0,59,2,1
1821,920,2025-09-28 01:33:19,ios,oppo,0,0,10,3,1
1822,920,2026-01-07 01:33:19,android,xiaomi,0,0,61,4,1
1823,920,2025-12-11 01:33:19,android,other,0,0,50,1,1
1824,921,2025-03-19 20:40:42,android,xiaomi,0,0,42,2,1
1825,921,2025-05-25 20:40:42,android,xiaomi,0,1,66,1,1
1826,922,2025-01-06 23:22:53,android,oppo,0,0,39,2,1
1827,922,2024-11-17 23:22:53,ios,xiaomi,0,0,42,1,1
1828,923,2024-05-01 22:40:55,android,other,0,1,78,2,1
1829,923,2024-04-19 22:40:55,android,oppo,0,0,53,3,1
1830,923,2024-05-15 22:40:55,android,vivo,0,0,49,3,1
1831,924,2024-08-08 06:01:56,android,oppo,1,1,30,2,1
1832,925,2026-02-25 14:20:54,android,oppo,0,0,17,1,1
1833,925,2026-02-23 14:20:54,ios,xiaomi,0,0,44,1,1
1834,926,2025-05-19 02:52:27,android,vivo,0,0,31,2,1
1835,926,2025-05-04 02:52:27,ios,xiaomi,0,0,23,2,0
1836,927,2024-09-07 23:31:22,android,vivo,0,0,28,3,1
1837,927,2024-08-07 23:31:22,ios,apple,0,0,17,3,1
1838,928,2024-12-02 09:48:47,android,huawei,0,0,24,3,1
1839,929,2025-02-20 22:51:41,android,vivo,0,0,57,2,1
1840,929,2025-04-03 22:51:41,ios,vivo,0,0,35,1,1
1841,929,2025-02-24 22:51:41,android,apple,0,0,55,1,1
1842,930,2025-05-01 09:49:33,android,xiaomi,0,0,12,1,1
1843,930,2025-02-19 09:49:33,android,xiaomi,1,0,68,3,1
1844,930,2025-05-02 09:49:33,android,oppo,0,0,2,1,1
1845,931,2025-07-09 20:04:28,ios,huawei,0,0,35,2,1
1846,931,2025-07-21 20:04:28,android,huawei,0,0,49,2,1
1847,931,2025-06-13 20:04:28,ios,other,0,0,52,3,1
1848,932,2024-08-28 23:16:15,android,oppo,1,0,24,1,1
1849,932,2024-09-01 23:16:15,android,xiaomi,0,0,53,2,1
1850,933,2025-07-19 22:33:53,android,samsung,0,0,56,4,1
1851,934,2024-12-11 03:42:15,android,oppo,0,0,67,1,1
1852,934,2025-01-23 03:42:15,android,apple,0,0,43,1,1
1853,934,2024-12-17 03:42:15,ios,xiaomi,0,0,42,2,1
1854,935,2026-01-16 15:12:50,android,oppo,0,0,73,2,1
1855,935,2025-11-29 15:12:50,android,apple,0,0,61,3,1
1856,936,2024-06-02 06:48:26,android,vivo,0,0,50,2,1
1857,937,2024-07-10 08:39:03,android,xiaomi,0,0,32,2,1
1858,937,2024-05-04 08:39:03,ios,xiaomi,0,0,60,1,1
1859,937,2024-07-11 08:39:03,android,huawei,0,0,72,4,0
1860,938,2024-12-11 00:15:22,android,huawei,0,0,10,3,1
1861,938,2025-03-10 00:15:22,android,xiaomi,0,0,70,1,1
1862,938,2024-12-29 00:15:22,android,huawei,0,0,75,1,1
1863,939,2025-01-05 02:20:23,android,xiaomi,0,0,64,1,1
1864,939,2025-01-04 02:20:23,android,huawei,0,0,47,3,1
1865,939,2025-02-20 02:20:23,android,samsung,0,0,12,2,1
1866,940,2025-08-14 08:08:00,ios,samsung,0,0,56,1,1
1867,940,2025-07-04 08:08:00,ios,oppo,0,0,36,2,1
1868,941,2025-01-08 22:40:57,android,oppo,0,0,54,1,1
1869,941,2024-11-16 22:40:57,ios,other,0,0,54,1,1
1870,942,2026-02-04 00:18:08,android,apple,0,0,62,2,1
1871,943,2025-01-31 03:26:10,ios,oppo,0,0,19,2,1
1872,943,2024-12-07 03:26:10,android,vivo,0,0,36,4,1
1873,944,2024-04-14 09:58:25,android,apple,0,0,30,1,1
1874,944,2024-04-07 09:58:25,android,xiaomi,0,0,28,1,1
1875,945,2024-06-05 00:41:27,android,xiaomi,0,0,63,3,1
1876,945,2024-06-15 00:41:27,android,vivo,0,0,54,1,1
1877,945,2024-06-26 00:41:27,android,samsung,0,0,49,4,1
1878,946,2026-03-09 14:04:13,android,xiaomi,0,1,38,3,1
1879,947,2024-04-01 21:20:15,ios,apple,0,0,27,4,1
1880,948,2025-12-12 22:21:10,android,vivo,0,0,58,3,1
1881,949,2024-07-31 23:53:00,ios,huawei,0,0,72,4,1
1882,950,2024-05-06 04:31:47,android,apple,0,0,30,1,1
1883,950,2024-05-29 04:31:47,android,samsung,0,1,35,2,1
1884,951,2024-09-02 10:25:28,ios,other,0,0,33,2,1
1885,951,2024-08-14 10:25:28,android,huawei,0,0,32,2,1
1886,951,2024-09-04 10:25:28,android,xiaomi,0,0,49,3,1
1887,952,2025-07-10 17:30:34,android,xiaomi,0,0,36,2,1
1888,952,2025-06-27 17:30:34,android,vivo,0,0,21,1,1
1889,953,2024-11-22 08:51:51,android,vivo,0,0,64,1,0
1890,953,2024-12-20 08:51:51,ios,oppo,0,0,25,2,0
1891,954,2025-07-22 11:22:06,android,oppo,0,0,7,1,1
1892,954,2025-07-21 11:22:06,android,apple,0,0,25,2,1
1893,955,2025-03-17 00:30:06,android,xiaomi,0,0,28,4,1
1894,955,2025-05-12 00:30:06,android,vivo,0,0,34,1,1
1895,955,2025-05-10 00:30:06,android,vivo,0,0,64,2,1
1896,956,2024-11-06 13:44:05,ios,oppo,0,0,4,4,1
1897,956,2025-02-02 13:44:05,android,huawei,0,0,9,2,1
1898,957,2025-04-07 06:42:07,android,apple,0,0,39,1,1
1899,957,2025-07-13 06:42:07,android,samsung,0,0,35,1,1
1900,957,2025-06-13 06:42:07,android,xiaomi,0,0,31,5,1
1901,958,2026-01-07 04:01:30,android,huawei,0,0,79,3,1
1902,959,2025-01-21 14:55:36,android,oppo,0,0,38,2,1
1903,960,2024-05-29 00:20:00,android,vivo,0,0,26,1,1
1904,960,2024-06-17 00:20:00,ios,vivo,0,0,43,1,1
1905,961,2024-10-20 09:52:48,android,oppo,0,0,21,1,1
1906,961,2024-11-22 09:52:48,android,apple,0,0,61,4,1
1907,962,2025-12-21 06:48:49,android,vivo,0,0,68,2,1
1908,962,2025-09-12 06:48:49,ios,apple,0,0,42,2,1
1909,963,2024-08-25 20:51:06,android,other,0,0,0,2,1
1910,964,2025-12-01 20:58:47,android,other,0,0,22,2,1
1911,964,2026-01-01 20:58:47,ios,huawei,0,0,49,1,1
1912,965,2025-03-26 11:07:31,android,huawei,0,0,29,2,1
1913,966,2025-05-04 03:33:53,android,apple,0,1,65,1,1
1914,966,2025-03-26 03:33:53,android,samsung,0,0,37,2,1
1915,967,2024-10-23 10:33:24,android,other,0,0,48,3,1
1916,968,2025-12-01 22:24:30,android,other,0,1,54,2,0
1917,969,2024-05-04 07:46:05,ios,xiaomi,0,0,30,2,1
1918,969,2024-03-20 07:46:05,android,huawei,0,0,18,2,1
1919,969,2024-04-23 07:46:05,android,xiaomi,0,0,3,2,1
1920,970,2024-09-14 00:43:17,android,apple,0,1,65,2,1
1921,970,2024-09-02 00:43:17,android,apple,0,0,35,1,1
1922,971,2025-02-17 10:22:07,android,vivo,0,0,51,1,1
1923,972,2025-03-08 09:51:55,android,xiaomi,0,0,0,1,0
1924,973,2025-02-11 02:48:16,android,samsung,0,0,44,5,1
1925,973,2024-12-12 02:48:16,ios,oppo,0,0,46,1,1
1926,973,2025-03-31 02:48:16,android,oppo,0,1,33,3,1
1927,974,2024-06-24 23:38:10,ios,oppo,0,0,68,2,0
1928,975,2024-06-09 16:23:13,ios,vivo,0,0,54,1,1
1929,975,2024-07-28 16:23:13,android,huawei,0,1,51,2,1
1930,976,2024-05-21 12:38:30,android,huawei,0,0,63,1,1
1931,976,2024-04-10 12:38:30,android,vivo,0,0,19,1,1
1932,977,2025-04-11 21:27:46,android,xiaomi,0,0,37,2,1
1933,978,2024-12-14 03:13:11,android,xiaomi,0,0,25,4,1
1934,978,2024-11-05 03:13:11,android,xiaomi,0,0,32,4,0
1935,979,2025-05-01 00:19:25,android,vivo,0,1,50,4,1
1936,979,2025-03-23 00:19:25,android,vivo,0,0,27,3,1
1937,979,2025-02-21 00:19:25,android,oppo,0,0,75,1,1
1938,980,2025-05-31 11:47:43,android,xiaomi,0,0,0,4,1
1939,981,2025-09-01 11:04:41,ios,samsung,0,0,35,1,1
1940,981,2025-07-01 11:04:41,android,vivo,0,0,49,3,1
1941,981,2025-08-03 11:04:41,android,xiaomi,0,0,42,3,1
1942,982,2025-05-02 08:03:45,android,apple,0,0,100,1,0
1943,982,2025-04-30 08:03:45,android,xiaomi,0,0,40,1,1
1944,983,2025-06-17 00:03:26,android,vivo,0,0,42,1,1
1945,984,2025-04-17 14:52:11,ios,xiaomi,0,0,16,1,0
1946,984,2025-04-19 14:52:11,android,samsung,0,0,46,1,1
1947,985,2025-06-10 06:37:37,android,other,0,0,46,1,1
1948,986,2025-05-23 03:36:05,ios,vivo,0,0,62,4,1
1949,986,2025-07-08 03:36:05,android,huawei,0,0,42,1,1
1950,987,2024-09-08 20:04:18,android,oppo,0,0,48,2,1
1951,988,2024-07-07 18:54:12,android,vivo,0,0,62,2,1
1952,988,2024-08-15 18:54:12,android,huawei,0,0,39,1,1
1953,988,2024-10-12 18:54:12,android,vivo,0,0,11,1,1
1954,989,2025-10-01 19:48:45,android,huawei,0,0,37,4,1
1955,989,2025-10-08 19:48:45,ios,oppo,0,0,46,4,0
1956,990,2024-09-09 04:08:18,android,apple,0,0,9,2,1
1957,990,2024-10-29 04:08:18,android,vivo,0,0,68,2,1
1958,990,2024-09-01 04:08:18,android,xiaomi,0,0,47,1,1
1959,991,2025-05-05 21:00:34,android,samsung,0,0,39,2,0
1960,992,2024-07-03 18:58:06,ios,xiaomi,0,0,4,1,1
1961,993,2025-02-21 22:26:48,ios,oppo,0,0,8,1,1
1962,994,2025-05-10 15:42:28,android,xiaomi,0,0,40,2,1
1963,994,2025-04-30 15:42:28,android,xiaomi,0,0,26,4,1
1964,994,2025-03-01 15:42:28,ios,xiaomi,0,0,30,1,1
1965,995,2025-05-17 23:44:19,android,huawei,0,0,0,1,1
1966,995,2025-05-07 23:44:19,android,xiaomi,0,1,38,1,1
1967,995,2025-05-12 23:44:19,android,oppo,0,0,11,3,1
1968,996,2025-03-24 06:07:08,android,huawei,0,0,36,4,1
1969,996,2025-03-23 06:07:08,android,xiaomi,0,0,23,4,1
1970,996,2025-04-22 06:07:08,android,apple,0,0,40,1,1
1971,997,2024-12-28 06:42:59,android,oppo,0,0,10,5,0
1972,998,2025-12-22 02:13:59,android,vivo,0,0,39,3,1
1973,998,2026-01-06 02:13:59,android,huawei,1,0,54,2,1
1974,998,2026-03-09 02:13:59,android,apple,0,0,10,4,1
1975,999,2025-02-24 07:11:29,ios,other,0,0,31,1,1
1976,999,2025-01-11 07:11:29,android,other,0,0,38,5,1
1977,1000,2025-08-16 01:25:23,ios,xiaomi,0,0,47,2,1
1978,1001,2025-06-24 19:05:01,android,oppo,0,0,39,1,1
1979,1002,2025-04-17 13:43:02,ios,other,0,0,62,5,1
1980,1002,2025-04-06 13:43:02,ios,other,0,0,47,2,0
1981,1002,2025-03-11 13:43:02,android,xiaomi,0,0,45,4,1
1982,1003,2025-10-05 01:46:42,android,vivo,0,0,71,2,1
1983,1003,2025-10-11 01:46:42,android,other,0,0,37,1,1
1984,1004,2024-06-21 15:15:13,android,huawei,0,0,61,3,1
1985,1005,2025-10-27 08:55:19,android,oppo,0,0,45,1,1
1986,1005,2026-02-18 08:55:19,android,samsung,0,0,43,1,1
1987,1005,2025-11-12 08:55:19,android,apple,0,1,52,2,1
1988,1006,2025-11-06 15:57:36,ios,xiaomi,0,0,60,2,1
1989,1006,2025-10-19 15:57:36,android,other,0,0,34,1,0
1990,1007,2025-01-30 15:38:55,android,samsung,0,0,32,2,1
1991,1008,2025-09-29 09:01:37,android,xiaomi,0,0,56,1,1
1992,1008,2025-08-27 09:01:37,android,apple,0,0,28,1,1
1993,1009,2025-01-21 19:13:12,android,other,0,0,36,1,1
1994,1009,2025-02-01 19:13:12,android,xiaomi,0,0,13,1,1
1995,1009,2025-03-16 19:13:12,android,oppo,0,0,34,2,1
1996,1010,2024-08-23 04:45:13,android,apple,0,0,82,2,1
1997,1011,2025-10-29 21:43:46,ios,other,0,0,37,3,1
1998,1012,2024-07-09 12:33:03,android,oppo,0,0,48,1,1
1999,1013,2024-11-23 13:10:34,ios,vivo,0,0,49,3,1
2000,1013,2024-11-19 13:10:34,android,huawei,0,0,47,1,0
2001,1013,2024-10-26 13:10:34,android,huawei,0,0,42,1,1
2002,1014,2025-01-16 01:59:19,ios,oppo,0,0,22,1,1
2003,1015,2025-08-29 06:56:20,android,oppo,0,0,52,2,1
2004,1015,2025-12-05 06:56:20,android,apple,0,0,35,2,1
2005,1016,2024-09-30 06:23:06,ios,xiaomi,0,0,42,1,1
2006,1016,2024-10-04 06:23:06,android,apple,0,0,44,1,1
2007,1017,2025-02-05 17:21:41,android,samsung,0,0,36,1,1
2008,1018,2024-03-17 09:58:35,android,xiaomi,0,0,41,2,1
2009,1018,2024-02-04 09:58:35,ios,apple,0,0,38,2,1
2010,1019,2024-06-26 13:48:35,android,xiaomi,0,0,73,1,1
2011,1019,2024-05-10 13:48:35,android,samsung,0,1,14,2,1
2012,1019,2024-04-13 13:48:35,android,other,0,0,12,1,1
2013,1020,2024-05-20 20:11:49,ios,huawei,0,0,43,2,1
2014,1020,2024-02-20 20:11:49,ios,huawei,0,0,22,2,1
2015,1021,2024-04-03 14:28:34,android,apple,0,0,41,1,1
2016,1022,2025-10-30 00:28:46,android,vivo,0,0,46,1,1
2017,1022,2025-11-06 00:28:46,android,apple,0,0,70,2,1
2018,1023,2025-09-20 15:43:15,android,apple,0,0,0,1,1
2019,1023,2025-11-20 15:43:15,ios,other,0,0,17,3,1
2020,1023,2025-12-20 15:43:15,android,vivo,0,0,24,3,1
2021,1024,2025-11-06 23:26:53,ios,samsung,0,0,43,1,1
2022,1025,2024-03-19 13:32:59,android,vivo,1,0,31,1,1
2023,1026,2024-04-17 16:20:19,android,vivo,0,0,46,1,1
2024,1026,2024-04-17 16:20:19,ios,huawei,0,0,60,3,1
2025,1027,2024-10-01 20:18:44,ios,samsung,0,0,27,1,1
2026,1027,2024-10-24 20:18:44,android,samsung,0,0,41,2,1
2027,1028,2025-04-23 15:58:12,android,oppo,0,0,68,2,1
2028,1028,2025-04-11 15:58:12,android,xiaomi,0,0,20,1,1
2029,1029,2024-12-20 21:57:29,android,oppo,0,0,80,2,1
2030,1029,2024-09-15 21:57:29,android,samsung,0,0,46,2,1
2031,1030,2025-01-31 22:03:10,android,xiaomi,0,0,71,1,1
2032,1031,2024-07-26 06:51:45,android,apple,0,0,24,1,1
2033,1031,2024-05-15 06:51:45,android,vivo,0,0,27,1,1
2034,1031,2024-05-31 06:51:45,android,huawei,0,0,22,2,1
2035,1032,2025-10-01 11:13:51,android,apple,0,0,39,1,1
2036,1032,2025-08-15 11:13:51,android,huawei,0,0,31,3,1
2037,1032,2025-09-24 11:13:51,android,vivo,0,0,48,1,0
2038,1033,2024-09-09 03:24:42,android,xiaomi,0,0,58,1,1
2039,1034,2024-04-24 13:47:42,android,xiaomi,0,0,44,4,1
2040,1034,2024-04-19 13:47:42,android,apple,0,0,9,1,1
2041,1035,2025-09-17 03:58:25,android,apple,0,0,24,2,1
2042,1035,2025-06-21 03:58:25,android,samsung,1,0,55,1,1
2043,1036,2026-01-15 00:51:09,android,vivo,0,0,33,1,1
2044,1036,2025-12-06 00:51:09,android,xiaomi,0,0,17,1,1
2045,1037,2024-04-15 17:14:36,android,apple,0,0,5,4,1
2046,1037,2024-04-15 17:14:36,android,xiaomi,0,0,27,3,1
2047,1038,2025-01-11 18:30:42,android,other,0,0,44,1,1
2048,1038,2025-01-05 18:30:42,android,apple,0,0,37,3,1
2049,1039,2025-11-28 20:04:42,android,oppo,0,0,63,2,1
2050,1040,2025-08-07 12:00:27,android,oppo,0,0,63,3,1
2051,1040,2025-08-05 12:00:27,android,oppo,0,0,36,1,1
2052,1040,2025-08-11 12:00:27,android,oppo,0,0,35,1,1
2053,1041,2025-11-14 06:43:16,android,huawei,0,0,47,5,1
2054,1041,2025-09-22 06:43:16,android,xiaomi,0,0,11,2,1
2055,1041,2025-12-28 06:43:16,android,vivo,0,0,44,1,1
2056,1042,2024-10-31 02:28:47,android,vivo,0,0,47,1,1
2057,1042,2024-11-12 02:28:47,android,other,0,0,37,3,1
2058,1043,2024-12-31 18:01:21,android,huawei,0,0,47,3,1
2059,1044,2025-06-28 16:45:45,android,xiaomi,0,0,26,1,0
2060,1044,2025-07-29 16:45:45,ios,xiaomi,0,0,37,4,0
2061,1044,2025-05-26 16:45:45,android,huawei,0,0,27,1,1
2062,1045,2024-06-07 03:17:52,android,xiaomi,0,0,56,3,1
2063,1046,2024-10-12 18:39:41,ios,apple,0,0,42,1,0
2064,1047,2025-04-21 14:43:26,android,xiaomi,0,1,100,1,1
2065,1048,2025-05-06 23:19:29,android,xiaomi,0,0,29,3,0
2066,1049,2024-06-19 08:39:47,android,oppo,0,0,14,3,1
2067,1049,2024-05-30 08:39:47,android,other,0,0,21,1,1
2068,1050,2025-04-21 01:35:40,android,xiaomi,0,0,51,1,1
2069,1051,2024-11-08 09:23:13,android,vivo,0,0,36,1,1
2070,1052,2025-01-11 06:33:53,android,vivo,0,0,53,2,1
2071,1052,2025-02-13 06:33:53,ios,oppo,0,0,60,1,1
2072,1052,2025-04-12 06:33:53,android,huawei,0,0,9,1,1
2073,1053,2025-12-12 15:40:45,android,oppo,0,0,40,4,1
2074,1053,2026-01-09 15:40:45,ios,xiaomi,0,0,34,2,1
2075,1053,2026-01-13 15:40:45,android,huawei,0,0,55,4,1
2076,1054,2024-06-05 22:12:57,android,oppo,0,0,79,2,1
2077,1054,2024-04-21 22:12:57,android,other,0,0,37,4,1
2078,1055,2026-03-28 16:32:15,android,apple,0,0,37,1,1
2079,1055,2026-04-05 16:32:15,android,vivo,0,0,62,1,1
2080,1056,2025-03-03 04:37:07,ios,vivo,0,0,47,2,1
2081,1057,2025-09-30 15:16:39,android,oppo,0,0,39,2,1
2082,1057,2025-09-26 15:16:39,android,vivo,0,0,38,1,1
2083,1057,2025-07-27 15:16:39,android,huawei,0,0,15,1,1
2084,1058,2025-02-18 20:43:30,android,samsung,0,0,38,1,1
2085,1059,2024-08-13 00:02:44,android,huawei,0,0,52,4,1
2086,1060,2025-08-03 12:54:26,ios,other,0,0,1,1,0
2087,1060,2025-08-27 12:54:26,android,huawei,0,0,0,1,1
2088,1061,2025-08-27 23:53:29,android,other,0,0,42,1,0
2089,1062,2024-05-13 03:53:45,android,xiaomi,0,0,24,1,1
2090,1062,2024-07-25 03:53:45,ios,xiaomi,0,0,36,3,1
2091,1062,2024-06-26 03:53:45,android,oppo,0,0,65,1,1
2092,1063,2025-09-14 22:43:10,android,other,0,0,48,1,1
2093,1063,2025-09-02 22:43:10,android,apple,0,0,43,2,1
2094,1064,2025-07-20 17:54:56,android,samsung,0,0,1,1,0
2095,1064,2025-09-06 17:54:56,android,samsung,0,0,57,1,1
2096,1064,2025-08-17 17:54:56,android,huawei,0,0,67,1,0
2097,1065,2024-10-25 02:59:11,android,other,0,0,12,2,1
2098,1065,2024-12-19 02:59:11,android,samsung,0,0,46,1,1
2099,1066,2025-11-27 17:22:47,android,huawei,0,0,7,3,1
2100,1067,2025-06-11 20:22:07,android,other,0,0,44,3,1
2101,1068,2024-11-05 13:10:08,android,vivo,0,0,8,2,1
2102,1068,2024-12-13 13:10:08,android,huawei,0,0,34,2,1
2103,1068,2024-10-02 13:10:08,android,other,0,0,46,2,1
2104,1069,2024-02-05 19:56:54,android,samsung,0,0,18,1,1
2105,1070,2025-08-25 17:18:21,android,oppo,0,0,30,1,1
2106,1070,2025-07-07 17:18:21,android,vivo,0,0,21,5,1
2107,1070,2025-08-08 17:18:21,android,samsung,0,1,19,3,1
2108,1071,2024-07-16 14:41:24,android,xiaomi,0,0,39,1,1
2109,1072,2025-09-17 06:20:39,ios,apple,0,0,72,1,1
2110,1072,2025-06-30 06:20:39,ios,apple,0,0,82,3,1
2111,1072,2025-10-16 06:20:39,android,other,0,0,30,3,1
2112,1073,2025-01-27 07:32:49,android,xiaomi,0,0,44,1,1
2113,1073,2025-04-12 07:32:49,android,xiaomi,0,0,40,1,1
2114,1073,2025-01-11 07:32:49,android,apple,0,0,44,2,1
2115,1074,2025-02-23 17:02:59,ios,oppo,0,0,63,1,1
2116,1074,2024-12-18 17:02:59,android,xiaomi,0,0,37,3,1
2117,1075,2024-08-17 12:55:22,android,vivo,0,1,30,1,0
2118,1076,2025-07-19 09:34:21,android,oppo,0,0,56,1,1
2119,1076,2025-06-15 09:34:21,android,oppo,0,0,55,1,0
2120,1076,2025-09-14 09:34:21,android,huawei,0,1,1,1,1
2121,1077,2024-06-12 02:41:17,android,xiaomi,0,0,39,2,1
2122,1078,2024-11-07 23:02:42,android,apple,0,0,41,5,1
2123,1078,2025-02-07 23:02:42,android,xiaomi,0,0,57,3,1
2124,1078,2025-01-05 23:02:42,android,oppo,0,0,21,3,1
2125,1079,2025-09-12 12:03:04,android,samsung,0,0,71,4,1
2126,1079,2025-10-28 12:03:04,android,other,0,0,33,1,1
2127,1079,2025-11-11 12:03:04,android,oppo,0,0,64,3,1
2128,1080,2026-01-07 20:48:34,android,huawei,0,0,73,2,1
2129,1080,2025-12-26 20:48:34,android,xiaomi,0,0,51,1,0
2130,1080,2025-12-25 20:48:34,android,samsung,0,0,67,1,1
2131,1081,2026-03-13 01:36:36,android,oppo,0,0,10,2,1
2132,1081,2026-04-02 01:36:36,android,other,0,0,11,2,1
2133,1082,2025-12-24 08:22:11,ios,samsung,0,0,35,2,0
2134,1082,2025-12-10 08:22:11,android,vivo,0,0,47,2,1
2135,1083,2025-04-15 20:35:03,ios,oppo,0,0,49,4,1
2136,1084,2024-08-10 08:25:08,android,vivo,0,0,81,1,1
2137,1084,2024-05-30 08:25:08,android,oppo,0,0,34,2,1
2138,1085,2025-11-30 12:30:06,ios,xiaomi,0,0,55,1,1
2139,1085,2025-11-06 12:30:06,android,vivo,0,0,12,3,1
2140,1085,2025-11-24 12:30:06,ios,xiaomi,0,0,60,4,1
2141,1086,2025-10-13 04:34:00,ios,huawei,0,0,36,2,1
2142,1087,2025-04-14 04:36:25,android,xiaomi,0,0,7,1,1
2143,1087,2025-05-07 04:36:25,android,apple,0,0,28,5,1
2144,1087,2025-08-07 04:36:25,ios,apple,0,0,20,1,1
2145,1088,2024-05-22 08:45:35,android,vivo,0,0,0,1,1
2146,1088,2024-07-23 08:45:35,android,vivo,0,0,22,3,1
2147,1089,2025-01-30 02:50:47,ios,vivo,0,0,49,1,1
2148,1089,2025-03-23 02:50:47,android,oppo,0,0,25,1,1
2149,1089,2025-02-03 02:50:47,android,apple,0,0,0,2,1
2150,1090,2024-11-18 05:15:47,android,apple,0,0,38,1,0
2151,1091,2025-09-25 08:26:08,android,samsung,0,0,47,5,1
2152,1092,2024-11-19 13:52:26,ios,huawei,0,0,10,1,1
2153,1092,2024-11-05 13:52:26,android,xiaomi,0,0,53,4,1
2154,1092,2024-10-28 13:52:26,ios,xiaomi,0,0,73,1,1
2155,1093,2024-12-01 20:56:39,ios,xiaomi,0,0,51,5,1
2156,1094,2024-04-04 10:27:48,android,apple,0,0,11,1,1
2157,1094,2024-05-06 10:27:48,android,huawei,0,0,62,1,1
2158,1094,2024-03-19 10:27:48,android,apple,0,0,67,1,1
2159,1095,2025-10-07 21:11:55,android,samsung,0,0,30,2,1
2160,1095,2025-09-19 21:11:55,android,huawei,0,0,34,2,0
2161,1095,2025-10-07 21:11:55,ios,xiaomi,0,0,53,4,1
2162,1096,2025-06-27 09:23:04,android,samsung,0,0,26,1,1
2163,1097,2024-05-06 02:18:33,android,xiaomi,0,0,46,3,1
2164,1097,2024-01-25 02:18:33,android,huawei,0,0,20,3,1
2165,1097,2024-02-13 02:18:33,android,apple,0,0,20,1,1
2166,1098,2024-11-07 15:48:30,android,xiaomi,0,0,5,1,1
2167,1098,2025-02-05 15:48:30,android,vivo,0,0,52,3,1
2168,1099,2025-02-17 04:39:42,android,xiaomi,0,0,41,4,1
2169,1099,2024-12-21 04:39:42,android,oppo,0,0,69,2,1
2170,1099,2024-12-31 04:39:42,android,apple,0,0,63,1,1
2171,1100,2024-12-13 14:36:28,android,huawei,0,0,49,1,1
2172,1100,2025-02-13 14:36:28,android,oppo,0,0,69,2,1
2173,1100,2025-03-08 14:36:28,ios,xiaomi,0,0,29,3,1
2174,1101,2026-02-07 19:40:30,android,samsung,0,1,53,1,1
2175,1102,2024-05-27 23:47:25,android,oppo,0,0,20,3,1
2176,1103,2024-09-16 15:09:20,ios,other,0,0,0,2,1
2177,1104,2024-06-10 01:50:05,android,xiaomi,0,0,29,3,1
2178,1104,2024-08-29 01:50:05,android,vivo,0,0,28,1,0
2179,1105,2024-07-08 04:21:42,android,apple,0,0,25,2,1
2180,1105,2024-09-02 04:21:42,ios,huawei,0,0,68,1,1
2181,1106,2025-12-06 04:27:19,android,huawei,0,0,18,5,1
2182,1106,2025-10-19 04:27:19,ios,vivo,0,0,67,1,0
2183,1106,2026-01-25 04:27:19,ios,oppo,0,0,14,3,1
2184,1107,2026-02-13 17:27:06,android,oppo,0,0,58,5,1
2185,1107,2026-01-09 17:27:06,android,other,1,0,50,1,1
2186,1107,2025-12-24 17:27:06,ios,samsung,0,0,57,1,1
2187,1108,2024-04-21 14:15:07,ios,vivo,0,0,35,1,1
2188,1109,2025-07-13 10:14:57,android,other,0,0,64,1,1
2189,1110,2024-06-13 23:34:19,android,huawei,0,0,56,1,1
2190,1110,2024-07-01 23:34:19,android,oppo,0,0,44,1,1
2191,1111,2024-05-28 13:40:11,android,apple,0,0,22,2,1
2192,1111,2024-08-27 13:40:11,ios,samsung,0,0,74,4,1
2193,1111,2024-06-11 13:40:11,android,xiaomi,0,0,14,1,0
2194,1112,2024-09-15 04:52:46,ios,other,0,0,51,1,1
2195,1112,2024-10-06 04:52:46,android,other,0,0,61,2,0
2196,1113,2024-05-31 21:39:38,android,oppo,0,0,40,1,1
2197,1113,2024-07-19 21:39:38,android,vivo,0,0,22,3,1
2198,1114,2025-01-03 20:15:39,android,huawei,0,0,27,2,1
2199,1114,2025-02-08 20:15:39,android,oppo,0,0,68,4,1
2200,1114,2025-01-13 20:15:39,android,samsung,0,0,22,2,1
2201,1115,2026-01-31 19:05:53,android,huawei,0,0,36,2,0
2202,1115,2026-03-01 19:05:53,android,vivo,0,0,40,1,0
2203,1116,2025-03-14 02:31:09,android,xiaomi,0,0,22,1,1
2204,1117,2025-07-30 23:13:09,ios,huawei,0,0,28,1,1
2205,1117,2025-06-10 23:13:09,android,apple,0,0,18,1,1
2206,1117,2025-06-18 23:13:09,android,oppo,0,0,3,2,1
2207,1118,2025-03-19 02:26:25,android,apple,0,0,50,1,1
2208,1119,2024-02-17 03:39:19,android,huawei,0,0,0,1,1
2209,1120,2024-03-26 09:42:02,android,vivo,0,0,55,2,1
2210,1121,2024-10-26 06:38:52,android,xiaomi,0,0,55,1,1
2211,1121,2024-07-30 06:38:52,ios,vivo,0,0,40,5,1
2212,1122,2024-08-26 21:03:13,android,samsung,0,0,35,1,1
2213,1122,2024-09-26 21:03:13,android,vivo,0,0,28,3,1
2214,1123,2025-09-20 14:57:08,android,xiaomi,0,0,5,3,1
2215,1123,2025-10-23 14:57:08,android,vivo,0,0,47,1,1
2216,1124,2025-09-25 19:40:06,android,oppo,0,0,34,1,0
2217,1125,2025-12-21 12:12:23,ios,oppo,0,0,55,1,1
2218,1125,2025-12-14 12:12:23,android,samsung,0,0,42,3,0
2219,1126,2025-05-03 10:33:14,android,apple,0,0,22,1,1
2220,1126,2025-04-18 10:33:14,android,samsung,0,0,21,2,1
2221,1127,2025-04-13 00:09:13,android,xiaomi,0,0,52,1,1
2222,1128,2025-07-27 21:05:28,android,oppo,0,0,35,2,1
2223,1128,2025-07-11 21:05:28,android,xiaomi,0,0,52,1,1
2224,1129,2025-01-17 23:15:24,ios,xiaomi,0,0,48,1,1
2225,1130,2025-06-05 05:57:39,android,oppo,0,0,49,1,0
2226,1130,2025-04-27 05:57:39,android,oppo,0,0,18,1,1
2227,1130,2025-06-15 05:57:39,android,other,0,0,38,1,1
2228,1131,2025-09-24 22:38:12,android,apple,0,0,9,3,1
2229,1131,2025-09-09 22:38:12,android,xiaomi,0,0,63,2,1
2230,1132,2025-07-17 22:03:39,android,xiaomi,0,0,39,1,1
2231,1132,2025-08-13 22:03:39,android,vivo,0,0,59,1,1
2232,1132,2025-08-18 22:03:39,android,apple,0,0,21,4,1
2233,1133,2025-04-12 02:18:26,android,xiaomi,0,0,24,1,1
2234,1133,2025-05-27 02:18:26,android,vivo,0,0,26,1,1
2235,1134,2024-04-15 10:03:38,android,xiaomi,0,0,27,1,1
2236,1134,2024-03-26 10:03:38,android,huawei,0,0,24,1,1
2237,1135,2025-09-17 05:06:50,android,oppo,0,0,55,1,1
2238,1135,2025-09-16 05:06:50,ios,xiaomi,0,0,0,2,1
2239,1135,2025-07-06 05:06:50,android,xiaomi,0,0,52,2,1
2240,1136,2024-11-29 14:58:44,android,apple,0,0,31,3,1
2241,1137,2025-07-25 21:03:03,android,vivo,0,0,61,3,1
2242,1137,2025-10-03 21:03:03,android,oppo,0,0,21,1,1
2243,1137,2025-09-04 21:03:03,android,apple,0,0,25,1,1
2244,1138,2025-04-15 20:31:14,android,vivo,0,0,68,4,1
2245,1139,2025-12-15 06:22:29,android,apple,0,0,46,2,1
2246,1139,2025-12-04 06:22:29,android,oppo,0,0,27,1,1
2247,1139,2025-11-14 06:22:29,android,huawei,0,0,3,1,1
2248,1140,2024-09-08 01:45:27,android,huawei,0,0,30,3,1
2249,1140,2024-08-27 01:45:27,android,xiaomi,0,0,25,4,1
2250,1140,2024-11-08 01:45:27,android,apple,0,0,69,4,1
2251,1141,2026-01-24 22:01:36,ios,samsung,0,0,52,3,1
2252,1141,2025-11-26 22:01:36,android,oppo,0,0,46,1,1
2253,1142,2025-12-14 11:16:11,android,huawei,0,0,50,1,1
2254,1142,2025-12-12 11:16:11,android,vivo,0,0,30,3,1
2255,1143,2024-12-02 16:59:42,android,vivo,0,0,65,1,1
2256,1143,2024-09-07 16:59:42,android,oppo,1,0,40,1,1
2257,1144,2025-02-09 06:40:13,ios,oppo,0,0,0,5,1
2258,1144,2025-01-25 06:40:13,ios,xiaomi,0,0,49,1,1
2259,1145,2025-04-20 21:13:03,android,apple,0,0,53,2,1
2260,1146,2025-07-18 02:21:19,android,xiaomi,0,0,64,1,1
2261,1146,2025-10-29 02:21:19,android,huawei,0,0,74,4,1
2262,1146,2025-09-29 02:21:19,ios,apple,0,0,40,1,1
2263,1147,2025-06-19 02:02:01,android,huawei,1,0,59,1,1
2264,1148,2025-09-23 23:18:42,android,other,0,0,49,2,1
2265,1149,2024-11-24 00:05:01,android,xiaomi,0,0,11,2,1
2266,1149,2025-01-08 00:05:01,ios,vivo,0,0,46,4,1
2267,1150,2025-01-25 11:56:48,android,huawei,0,0,23,2,1
2268,1150,2025-01-17 11:56:48,android,samsung,0,0,0,4,1
2269,1151,2024-11-26 12:45:02,android,huawei,1,0,23,2,1
2270,1152,2025-10-18 23:21:19,android,xiaomi,0,0,44,3,0
2271,1152,2025-12-18 23:21:19,android,other,0,0,46,1,1
2272,1153,2024-08-08 15:15:35,android,xiaomi,0,0,85,2,1
2273,1153,2024-11-28 15:15:35,android,apple,0,0,65,2,1
2274,1153,2024-10-25 15:15:35,android,vivo,0,0,35,1,1
2275,1154,2025-05-23 14:24:41,ios,apple,0,0,38,1,1
2276,1155,2024-06-09 17:18:39,android,vivo,0,0,52,1,1
2277,1156,2025-11-29 16:48:20,ios,apple,0,0,58,2,1
2278,1156,2025-12-17 16:48:20,android,xiaomi,0,0,20,3,1
2279,1156,2025-10-11 16:48:20,android,other,0,0,27,2,1
2280,1157,2024-11-30 11:29:54,android,apple,0,0,43,3,1
2281,1158,2024-10-07 15:09:02,ios,oppo,0,0,58,2,1
2282,1158,2024-09-24 15:09:02,android,huawei,0,0,39,4,1
2283,1158,2024-10-27 15:09:02,ios,oppo,0,0,40,1,1
2284,1159,2025-06-19 12:42:34,android,huawei,0,0,26,3,1
2285,1159,2025-05-20 12:42:34,ios,samsung,0,0,37,2,1
2286,1159,2025-04-27 12:42:34,android,oppo,0,0,37,1,0
2287,1160,2025-02-18 03:16:23,android,other,0,0,21,1,1
2288,1160,2025-04-14 03:16:23,android,oppo,0,0,47,1,1
2289,1161,2025-12-30 00:32:41,ios,other,0,0,49,1,1
2290,1161,2025-11-14 00:32:41,android,oppo,0,0,40,1,1
2291,1162,2025-03-07 22:19:17,android,other,0,0,28,3,1
2292,1162,2025-04-06 22:19:17,android,oppo,0,0,14,1,1
2293,1162,2025-02-14 22:19:17,android,samsung,0,0,44,2,1
2294,1163,2025-01-30 09:44:47,android,xiaomi,0,0,28,1,1
2295,1164,2024-03-27 15:14:40,ios,oppo,0,0,71,2,1
2296,1165,2024-01-31 00:21:22,android,huawei,0,0,63,3,1
2297,1166,2024-10-18 22:38:23,ios,apple,0,0,2,1,1
2298,1166,2024-10-31 22:38:23,android,huawei,0,0,12,1,1
2299,1167,2026-02-06 16:34:10,android,xiaomi,0,0,20,1,1
2300,1167,2026-04-15 16:34:10,ios,apple,0,0,48,1,1
2301,1167,2025-12-21 16:34:10,android,samsung,0,0,67,1,1
2302,1168,2026-01-28 15:45:21,android,xiaomi,0,0,74,3,1
2303,1168,2026-01-08 15:45:21,android,oppo,0,0,14,1,1
2304,1169,2025-04-02 03:43:27,android,vivo,0,0,32,3,1
2305,1169,2025-04-28 03:43:27,android,oppo,0,0,14,1,1
2306,1169,2025-05-23 03:43:27,android,other,0,0,23,2,1
2307,1170,2025-04-24 12:10:51,android,oppo,0,0,14,1,0
2308,1170,2025-04-03 12:10:51,android,oppo,0,0,0,1,1
2309,1171,2025-01-20 19:08:39,android,apple,0,0,35,1,0
2310,1171,2024-12-21 19:08:39,ios,vivo,0,0,51,1,1
2311,1171,2024-12-29 19:08:39,ios,samsung,1,0,59,2,0
2312,1172,2024-08-09 13:54:55,android,xiaomi,0,0,29,1,1
2313,1172,2024-05-14 13:54:55,ios,vivo,0,0,32,1,1
2314,1172,2024-05-14 13:54:55,android,oppo,0,0,53,1,1
2315,1173,2024-02-07 05:44:19,ios,oppo,0,0,68,1,1
2316,1174,2024-09-21 08:45:02,android,vivo,0,0,15,2,1
2317,1174,2024-10-10 08:45:02,android,huawei,0,0,54,1,1
2318,1175,2024-12-08 00:31:18,android,oppo,0,0,5,2,0
2319,1175,2024-10-27 00:31:18,ios,oppo,0,0,69,1,1
2320,1176,2024-05-27 20:53:05,android,xiaomi,0,0,76,4,1
2321,1176,2024-06-06 20:53:05,android,vivo,0,0,71,5,1
2322,1177,2024-07-05 04:36:22,ios,other,0,0,81,1,1
2323,1177,2024-08-05 04:36:22,android,oppo,0,0,33,2,1
2324,1177,2024-10-27 04:36:22,android,xiaomi,0,0,23,1,1
2325,1178,2024-02-01 02:54:04,android,xiaomi,0,0,34,4,1
2326,1178,2024-03-26 02:54:04,android,samsung,0,0,62,5,1
2327,1179,2025-06-22 19:27:45,android,vivo,0,1,88,2,1
2328,1179,2025-03-17 19:27:45,android,vivo,0,0,33,1,1
2329,1179,2025-07-05 19:27:45,ios,samsung,0,0,41,1,1
2330,1180,2026-01-04 01:06:26,android,oppo,0,0,16,1,1
2331,1180,2025-11-10 01:06:26,android,xiaomi,0,0,65,1,0
2332,1180,2025-11-28 01:06:26,android,huawei,0,0,57,1,1
2333,1181,2025-08-23 06:48:55,android,other,0,0,30,2,1
2334,1182,2025-03-12 04:35:32,android,vivo,0,0,87,4,1
2335,1183,2025-01-24 19:05:54,android,huawei,0,0,71,1,1
2336,1183,2025-01-15 19:05:54,ios,xiaomi,0,0,47,2,1
2337,1183,2025-01-07 19:05:54,android,xiaomi,0,0,25,1,1
2338,1184,2024-10-27 12:00:52,android,samsung,0,0,25,1,1
2339,1184,2024-09-28 12:00:52,ios,xiaomi,0,0,23,1,1
2340,1184,2024-09-16 12:00:52,ios,huawei,0,0,34,1,1
2341,1185,2024-05-12 22:57:16,android,xiaomi,0,0,31,1,1
2342,1185,2024-08-01 22:57:16,ios,vivo,0,0,30,4,1
2343,1185,2024-06-30 22:57:16,android,vivo,0,0,65,1,1
2344,1186,2025-05-16 21:19:13,ios,xiaomi,0,0,41,2,1
2345,1187,2025-04-02 13:30:00,android,oppo,0,0,66,2,1
2346,1187,2025-04-06 13:30:00,ios,oppo,0,0,11,1,1
2347,1187,2025-05-04 13:30:00,ios,oppo,0,0,41,2,1
2348,1188,2024-02-13 08:08:57,ios,huawei,0,0,37,1,1
2349,1189,2024-10-23 07:56:13,android,oppo,0,0,55,2,0
2350,1189,2024-11-12 07:56:13,android,apple,0,0,36,2,1
2351,1190,2024-08-16 22:56:50,android,vivo,0,1,37,2,1
2352,1190,2024-10-04 22:56:50,android,other,0,0,74,1,1
2353,1190,2024-08-29 22:56:50,android,oppo,0,1,37,2,1
2354,1191,2024-05-04 07:20:09,android,other,0,0,55,1,1
2355,1192,2025-06-17 05:08:46,android,vivo,0,0,61,3,1
2356,1192,2025-08-15 05:08:46,android,xiaomi,0,0,19,1,1
2357,1193,2025-03-12 20:28:27,android,apple,0,0,46,1,0
2358,1193,2025-03-30 20:28:27,android,xiaomi,0,0,31,2,0
2359,1194,2025-07-05 15:38:47,android,xiaomi,0,1,17,2,1
2360,1194,2025-05-12 15:38:47,android,huawei,0,0,51,4,0
2361,1195,2025-07-18 20:11:54,android,oppo,0,0,0,2,1
2362,1196,2026-02-26 17:14:24,android,xiaomi,0,0,68,2,1
2363,1196,2026-02-25 17:14:24,android,xiaomi,0,0,24,3,1
2364,1197,2025-09-10 00:24:06,android,xiaomi,0,0,34,3,1
2365,1197,2025-10-25 00:24:06,android,apple,0,0,17,1,1
2366,1197,2025-08-17 00:24:06,android,xiaomi,0,0,46,1,1
2367,1198,2025-04-07 20:40:01,android,huawei,0,0,66,2,1
2368,1199,2026-01-13 16:27:27,android,oppo,0,0,33,1,1
2369,1199,2025-12-06 16:27:27,android,apple,0,0,20,1,1
2370,1200,2025-03-16 13:54:10,android,xiaomi,0,0,40,4,1
2371,1200,2025-02-11 13:54:10,ios,oppo,0,0,77,1,1
2372,1201,2025-12-16 21:06:38,android,vivo,0,0,37,1,1
2373,1201,2026-03-26 21:06:38,android,apple,0,0,47,3,1
2374,1202,2025-09-02 20:17:54,android,other,0,1,29,1,1
2375,1202,2025-08-23 20:17:54,android,huawei,0,0,42,3,1
2376,1202,2025-08-22 20:17:54,android,samsung,0,0,18,2,1
2377,1203,2025-07-25 03:28:34,android,oppo,0,0,27,1,1
2378,1204,2025-11-01 10:18:15,android,xiaomi,0,0,39,1,1
2379,1205,2025-02-24 00:10:56,android,apple,0,0,62,1,1
2380,1205,2025-01-18 00:10:56,android,other,0,0,78,2,1
2381,1205,2025-02-21 00:10:56,ios,other,0,0,24,1,1
2382,1206,2025-08-18 02:35:34,android,huawei,0,0,23,1,1
2383,1206,2025-08-26 02:35:34,android,vivo,0,0,15,1,1
2384,1206,2025-06-14 02:35:34,android,oppo,0,0,64,1,1
2385,1207,2024-09-29 20:29:06,ios,vivo,0,0,57,2,1
2386,1208,2026-01-02 03:27:38,ios,oppo,0,0,45,1,1
2387,1209,2025-04-06 01:23:47,android,other,0,0,41,1,1
2388,1209,2025-06-27 01:23:47,android,xiaomi,0,1,5,1,1
2389,1210,2025-07-25 20:43:50,android,other,0,0,35,1,1
2390,1210,2025-08-14 20:43:50,android,xiaomi,0,0,66,1,1
2391,1210,2025-09-09 20:43:50,android,other,0,0,45,3,1
2392,1211,2024-12-10 08:07:25,android,oppo,0,0,51,2,1
2393,1211,2025-01-25 08:07:25,android,apple,0,0,39,1,1
2394,1212,2025-12-24 18:21:40,android,other,0,0,39,2,1
2395,1212,2025-11-05 18:21:40,android,vivo,0,0,19,2,1
2396,1212,2025-12-22 18:21:40,android,other,0,0,52,1,1
2397,1213,2024-05-14 03:35:46,android,vivo,0,1,43,1,1
2398,1213,2024-05-17 03:35:46,android,oppo,0,0,54,1,1
2399,1214,2024-05-11 07:06:11,ios,huawei,0,0,0,1,1
2400,1214,2024-05-15 07:06:11,android,oppo,0,0,17,1,1
2401,1214,2024-05-17 07:06:11,android,xiaomi,0,0,34,2,1
2402,1215,2025-03-24 04:40:51,ios,vivo,0,0,33,1,1
2403,1216,2025-08-10 15:53:04,android,oppo,0,1,53,2,1
2404,1216,2025-07-22 15:53:04,android,xiaomi,0,0,29,1,1
2405,1216,2025-06-13 15:53:04,android,xiaomi,0,0,1,1,0
2406,1217,2025-09-23 17:31:07,android,huawei,0,0,44,2,0
2407,1217,2025-09-02 17:31:07,android,samsung,0,0,41,1,1
2408,1217,2025-11-17 17:31:07,android,huawei,0,0,42,4,0
2409,1218,2025-03-08 06:21:14,android,oppo,0,1,16,1,1
2410,1218,2024-12-23 06:21:14,android,huawei,0,0,54,2,0
2411,1218,2025-01-03 06:21:14,ios,vivo,0,0,48,1,1
2412,1219,2025-06-10 06:16:28,ios,xiaomi,0,0,42,1,1
2413,1220,2025-02-13 18:22:43,android,vivo,0,0,14,4,1
2414,1220,2025-02-18 18:22:43,android,xiaomi,0,0,47,2,1
2415,1220,2025-02-19 18:22:43,android,oppo,0,0,53,1,1
2416,1221,2026-01-15 21:52:55,android,xiaomi,0,0,57,1,1
2417,1221,2025-11-27 21:52:55,android,other,0,0,23,1,1
2418,1221,2025-11-25 21:52:55,android,samsung,0,0,48,1,0
2419,1222,2025-05-18 11:52:27,android,vivo,0,0,44,3,1
2420,1222,2025-05-31 11:52:27,android,apple,0,0,27,1,1
2421,1222,2025-06-22 11:52:27,android,oppo,0,0,17,3,1
2422,1223,2024-12-18 07:06:20,android,xiaomi,0,0,45,1,1
2423,1224,2025-12-12 23:09:39,android,apple,0,0,6,1,1
2424,1224,2026-01-16 23:09:39,ios,oppo,0,0,32,1,1
2425,1224,2026-02-14 23:09:39,android,huawei,0,1,52,1,1
2426,1225,2024-04-21 07:04:23,android,other,0,1,42,1,1
2427,1225,2024-06-02 07:04:23,android,vivo,0,0,64,1,1
2428,1225,2024-06-21 07:04:23,android,vivo,0,0,28,1,1
2429,1226,2026-03-18 17:48:28,android,other,0,0,49,1,0
2430,1227,2024-05-04 10:18:30,android,huawei,0,0,26,2,1
2431,1228,2024-08-06 09:45:31,android,xiaomi,0,0,43,1,0
2432,1228,2024-11-08 09:45:31,ios,oppo,0,0,51,3,1
2433,1228,2024-10-20 09:45:31,android,vivo,0,0,9,1,1
2434,1229,2025-09-19 16:09:20,android,xiaomi,0,0,58,3,1
2435,1229,2025-12-09 16:09:20,ios,samsung,0,0,48,3,1
2436,1229,2025-11-16 16:09:20,android,oppo,0,0,37,4,1
2437,1230,2025-09-25 15:21:40,android,xiaomi,0,0,18,1,1
2438,1230,2025-08-03 15:21:40,android,vivo,0,1,55,3,1
2439,1231,2026-03-01 08:36:22,android,xiaomi,1,0,39,1,1
2440,1231,2026-03-06 08:36:22,ios,xiaomi,0,0,33,2,1
2441,1232,2025-07-19 11:42:41,ios,other,0,0,44,2,1
2442,1232,2025-07-02 11:42:41,android,huawei,0,0,31,4,1
2443,1232,2025-07-06 11:42:41,android,oppo,0,0,49,1,1
2444,1233,2025-06-17 00:23:19,ios,xiaomi,0,0,66,2,1
2445,1233,2025-07-27 00:23:19,android,oppo,0,0,14,1,1
2446,1234,2024-09-07 22:33:17,android,oppo,0,0,10,1,1
2447,1234,2024-11-23 22:33:17,ios,oppo,0,0,64,3,1
2448,1234,2024-12-01 22:33:17,android,xiaomi,0,0,63,2,1
2449,1235,2024-01-23 10:33:50,android,vivo,0,0,49,4,1
2450,1235,2024-03-21 10:33:50,android,vivo,0,0,63,3,1
2451,1235,2024-04-19 10:33:50,ios,xiaomi,0,0,0,1,1
2452,1236,2024-05-05 10:11:54,android,xiaomi,0,0,29,2,1
2453,1237,2024-11-01 09:03:25,ios,apple,0,0,0,2,1
2454,1238,2024-02-24 21:23:26,android,oppo,0,0,51,1,1
2455,1239,2025-01-17 23:18:26,android,xiaomi,0,0,27,1,1
2456,1239,2025-04-18 23:18:26,android,xiaomi,1,0,52,3,1
2457,1239,2025-01-08 23:18:26,ios,xiaomi,0,0,36,4,1
2458,1240,2025-10-02 11:03:05,android,xiaomi,0,0,46,3,1
2459,1241,2026-03-09 04:13:23,android,xiaomi,0,0,83,4,1
2460,1241,2025-12-03 04:13:23,android,huawei,0,0,88,2,1
2461,1241,2026-03-25 04:13:23,android,samsung,0,0,61,4,1
2462,1242,2025-01-11 11:32:22,android,huawei,0,0,52,2,1
2463,1242,2025-03-28 11:32:22,ios,xiaomi,0,0,60,5,1
2464,1243,2025-11-28 18:05:23,android,samsung,0,0,48,1,1
2465,1243,2025-10-21 18:05:23,android,xiaomi,0,0,75,2,1
2466,1243,2025-12-13 18:05:23,android,xiaomi,0,0,56,4,1
2467,1244,2026-03-11 10:39:49,android,samsung,0,1,32,2,1
2468,1244,2026-03-27 10:39:49,android,xiaomi,0,0,47,5,1
2469,1245,2025-12-20 16:11:41,android,samsung,0,0,81,3,1
2470,1245,2025-11-06 16:11:41,android,xiaomi,0,1,28,4,1
2471,1246,2024-12-16 10:20:05,android,oppo,0,0,71,3,1
2472,1247,2024-09-14 10:33:43,android,oppo,0,0,42,5,1
2473,1248,2026-03-02 21:06:19,android,huawei,0,0,19,2,1
2474,1249,2024-06-20 14:17:26,android,huawei,0,0,46,2,1
2475,1250,2024-11-10 10:48:41,android,xiaomi,0,0,24,1,1
2476,1251,2024-05-24 01:00:51,ios,apple,0,0,34,3,1
2477,1251,2024-03-29 01:00:51,android,other,0,0,13,4,1
2478,1251,2024-03-24 01:00:51,android,xiaomi,0,0,25,2,1
2479,1252,2025-08-19 09:18:40,android,xiaomi,0,0,28,1,1
2480,1252,2025-11-15 09:18:40,android,apple,0,0,35,3,1
2481,1252,2025-11-16 09:18:40,android,huawei,0,0,9,2,0
2482,1253,2025-04-15 09:08:50,android,apple,0,0,26,2,1
2483,1254,2024-05-15 22:02:01,ios,huawei,0,0,47,3,1
2484,1254,2024-03-10 22:02:01,android,other,0,0,33,1,1
2485,1255,2024-06-05 00:10:48,android,vivo,0,0,30,3,0
2486,1255,2024-06-13 00:10:48,android,vivo,0,0,42,1,1
2487,1255,2024-07-04 00:10:48,android,vivo,0,0,41,3,1
2488,1256,2025-05-13 11:41:20,android,xiaomi,0,0,43,2,1
2489,1257,2025-02-19 12:01:15,android,xiaomi,0,1,10,2,1
2490,1257,2025-05-13 12:01:15,android,vivo,0,0,37,3,1
2491,1257,2025-04-19 12:01:15,android,vivo,0,0,60,1,1
2492,1258,2025-09-24 12:05:14,android,xiaomi,0,0,41,1,1
2493,1258,2025-08-11 12:05:14,android,xiaomi,0,0,42,1,0
2494,1259,2024-10-21 06:01:38,ios,other,0,0,49,1,1
2495,1259,2024-07-22 06:01:38,android,xiaomi,0,0,33,1,1
2496,1259,2024-08-05 06:01:38,android,vivo,0,1,17,1,1
2497,1260,2026-01-04 00:46:23,ios,apple,0,0,43,1,1
2498,1261,2024-12-27 11:10:41,ios,vivo,0,0,33,3,1
2499,1261,2025-02-09 11:10:41,android,xiaomi,0,0,56,1,1
2500,1261,2025-02-11 11:10:41,android,samsung,0,0,0,1,1
2501,1262,2025-10-01 11:39:20,android,oppo,0,0,56,1,1
2502,1262,2025-09-17 11:39:20,ios,xiaomi,0,0,48,1,1
2503,1262,2025-10-28 11:39:20,ios,oppo,0,0,47,2,1
2504,1263,2024-09-18 00:26:10,android,huawei,0,0,37,1,0
2505,1264,2024-03-19 23:43:37,android,xiaomi,0,0,37,3,1
2506,1264,2024-02-17 23:43:37,android,samsung,0,0,31,2,1
2507,1264,2024-03-07 23:43:37,android,samsung,0,0,80,1,1
2508,1265,2024-03-15 04:32:26,android,huawei,0,0,59,1,1
2509,1266,2024-11-18 01:44:42,android,xiaomi,0,0,46,3,1
2510,1267,2026-01-11 19:14:28,android,vivo,0,0,12,4,1
2511,1267,2025-12-14 19:14:28,ios,vivo,0,0,21,2,1
2512,1267,2025-12-01 19:14:28,android,huawei,0,0,14,3,1
2513,1268,2024-04-25 13:11:50,android,oppo,0,0,35,2,1
2514,1268,2024-05-01 13:11:50,android,oppo,0,1,26,4,1
2515,1268,2024-02-22 13:11:50,android,oppo,0,0,23,1,1
2516,1269,2025-01-14 08:29:46,android,apple,0,0,50,4,1
2517,1270,2024-05-03 18:37:32,android,samsung,0,0,22,1,1
2518,1270,2024-04-13 18:37:32,ios,vivo,0,0,85,3,1
2519,1270,2024-06-17 18:37:32,android,vivo,0,0,37,1,1
2520,1271,2025-11-14 01:00:40,android,oppo,0,0,74,2,1
2521,1271,2025-11-05 01:00:40,android,oppo,0,0,52,3,1
2522,1271,2025-12-17 01:00:40,ios,other,0,0,63,3,1
2523,1272,2025-07-20 23:21:16,android,oppo,0,0,69,3,1
2524,1273,2025-10-23 18:21:24,android,apple,0,1,49,2,1
2525,1274,2025-07-20 16:17:00,android,xiaomi,0,0,66,1,1
2526,1275,2025-05-16 15:06:20,android,oppo,0,0,55,1,1
2527,1276,2025-08-19 19:35:10,android,xiaomi,0,0,63,4,1
2528,1277,2024-01-18 22:20:45,android,oppo,0,0,17,2,1
2529,1277,2023-12-31 22:20:45,ios,vivo,0,0,61,4,1
2530,1277,2024-01-26 22:20:45,android,oppo,0,0,32,3,1
2531,1278,2025-10-22 18:47:55,android,apple,0,0,47,1,1
2532,1279,2025-06-26 02:25:59,android,oppo,0,0,52,1,1
2533,1279,2025-09-07 02:25:59,android,xiaomi,0,1,15,1,0
2534,1280,2025-08-11 18:50:21,android,vivo,0,0,34,2,1
2535,1280,2025-07-03 18:50:21,android,oppo,1,0,40,1,1
2536,1281,2024-12-11 05:00:32,android,xiaomi,0,0,63,2,1
2537,1282,2025-11-03 15:16:13,android,oppo,0,1,36,1,1
2538,1282,2025-11-01 15:16:13,android,huawei,0,0,0,3,0
2539,1282,2025-10-25 15:16:13,ios,xiaomi,0,0,44,1,1
2540,1283,2025-01-04 17:27:23,ios,xiaomi,0,0,1,4,1
2541,1284,2024-05-05 17:50:39,android,oppo,0,0,54,1,1
2542,1285,2025-11-13 16:57:40,android,huawei,0,0,47,4,1
2543,1286,2024-09-03 05:03:20,android,vivo,0,0,59,1,1
2544,1286,2024-09-02 05:03:20,android,other,0,0,48,3,1
2545,1286,2024-08-27 05:03:20,android,oppo,0,0,20,2,1
2546,1287,2024-04-07 09:17:24,android,xiaomi,0,0,14,1,0
2547,1287,2024-03-25 09:17:24,android,samsung,0,0,30,1,1
2548,1287,2024-04-22 09:17:24,android,huawei,0,0,78,1,1
2549,1288,2025-07-18 23:38:56,android,apple,0,0,58,2,0
2550,1288,2025-07-17 23:38:56,android,xiaomi,0,0,29,3,1
2551,1289,2024-08-15 13:36:17,android,vivo,0,0,34,2,1
2552,1289,2024-07-07 13:36:17,android,huawei,0,0,20,1,1
2553,1290,2025-10-30 10:21:19,android,vivo,0,0,0,2,1
2554,1290,2025-11-04 10:21:19,android,samsung,0,0,47,2,1
2555,1291,2024-11-14 22:30:17,android,xiaomi,0,0,51,1,1
2556,1291,2024-12-24 22:30:17,ios,oppo,0,0,60,2,1
2557,1292,2024-04-21 06:50:31,android,vivo,0,0,38,1,1
2558,1292,2024-02-13 06:50:31,android,xiaomi,0,0,46,1,1
2559,1292,2024-04-22 06:50:31,android,oppo,0,0,52,1,0
2560,1293,2026-01-09 18:06:06,android,other,0,0,13,1,1
2561,1294,2025-02-22 16:18:21,ios,huawei,0,0,38,3,1
2562,1294,2025-01-11 16:18:21,android,vivo,0,0,0,2,1
2563,1294,2025-01-21 16:18:21,ios,other,0,0,36,2,1
2564,1295,2024-08-11 23:21:46,ios,xiaomi,0,0,60,3,1
2565,1295,2024-08-20 23:21:46,android,huawei,0,0,89,1,1
2566,1295,2024-07-12 23:21:46,android,samsung,0,0,15,1,1
2567,1296,2025-06-19 10:04:30,android,samsung,0,1,46,2,1
2568,1296,2025-08-13 10:04:30,android,vivo,0,0,38,2,1
2569,1296,2025-07-21 10:04:30,android,other,0,0,23,2,1
2570,1297,2025-03-24 08:17:44,android,vivo,0,0,61,4,1
2571,1297,2025-02-03 08:17:44,android,vivo,0,0,43,1,1
2572,1298,2024-04-23 14:43:10,android,oppo,0,0,49,1,1
2573,1299,2025-10-27 13:01:18,android,apple,0,0,40,5,0
2574,1299,2025-08-26 13:01:18,android,xiaomi,0,0,46,3,1
2575,1300,2025-01-28 23:44:57,android,huawei,0,0,20,1,1
2576,1300,2024-10-23 23:44:57,ios,samsung,0,0,64,1,1
2577,1301,2025-08-22 20:48:03,android,vivo,0,0,69,3,1
2578,1301,2025-07-23 20:48:03,android,huawei,0,0,52,2,1
2579,1302,2025-11-12 19:31:23,android,vivo,0,0,47,3,1
2580,1303,2025-06-13 17:56:11,android,oppo,0,0,0,2,0
2581,1304,2025-06-16 06:39:23,android,xiaomi,0,0,37,1,1
2582,1305,2024-08-24 21:28:16,android,other,0,0,43,2,0
2583,1305,2024-07-29 21:28:16,android,other,0,0,42,1,0
2584,1305,2024-09-26 21:28:16,ios,vivo,0,0,42,3,1
2585,1306,2024-06-20 11:46:28,ios,vivo,0,0,15,2,1
2586,1307,2024-12-09 22:49:42,android,apple,0,0,40,3,1
2587,1307,2024-12-27 22:49:42,android,vivo,0,0,55,1,1
2588,1308,2025-11-05 12:43:31,android,oppo,0,0,22,1,1
2589,1308,2025-09-13 12:43:31,ios,xiaomi,0,0,33,1,1
2590,1308,2025-12-18 12:43:31,android,huawei,0,0,49,2,1
2591,1309,2025-03-05 15:51:39,android,huawei,0,0,2,4,1
2592,1309,2025-02-10 15:51:39,android,vivo,0,0,0,1,1
2593,1310,2024-12-21 01:30:37,android,xiaomi,0,0,69,2,1
2594,1311,2025-09-04 02:46:38,android,vivo,0,0,31,2,1
2595,1312,2025-12-21 22:35:55,ios,xiaomi,0,0,56,1,1
2596,1312,2025-09-22 22:35:55,android,vivo,0,0,36,1,1
2597,1312,2025-11-19 22:35:55,android,xiaomi,0,0,13,1,1
2598,1313,2025-12-22 20:23:04,android,oppo,0,0,29,1,1
2599,1313,2025-11-04 20:23:04,android,xiaomi,0,0,62,1,1
2600,1314,2024-08-24 05:29:33,ios,apple,0,0,54,1,1
2601,1314,2024-09-26 05:29:33,android,other,0,0,33,3,1
2602,1314,2024-11-10 05:29:33,android,oppo,0,0,31,2,1
2603,1315,2025-09-04 00:53:50,ios,apple,0,0,49,1,1
2604,1315,2025-07-28 00:53:50,android,samsung,0,0,58,2,1
2605,1315,2025-09-10 00:53:50,android,oppo,0,1,11,5,1
2606,1316,2025-06-24 22:24:38,android,huawei,0,0,21,1,1
2607,1316,2025-04-17 22:24:38,android,xiaomi,0,0,23,1,1
2608,1317,2024-12-14 17:59:12,android,apple,0,0,8,1,1
2609,1317,2024-12-22 17:59:12,android,huawei,0,0,63,1,1
2610,1317,2025-01-14 17:59:12,ios,apple,0,0,28,1,1
2611,1318,2024-12-15 18:23:23,android,oppo,0,0,0,1,0
2612,1318,2024-10-13 18:23:23,android,apple,1,0,22,1,1
2613,1319,2024-07-10 14:58:25,android,xiaomi,0,0,34,2,1
2614,1319,2024-04-29 14:58:25,android,oppo,0,0,78,1,1
2615,1319,2024-04-14 14:58:25,ios,oppo,0,0,49,4,1
2616,1320,2024-09-17 14:56:05,android,xiaomi,0,0,71,3,1
2617,1320,2024-10-31 14:56:05,android,samsung,0,0,65,2,1
2618,1320,2024-10-25 14:56:05,android,huawei,0,0,52,1,1
2619,1321,2025-05-07 06:08:03,android,oppo,0,0,28,1,1
2620,1322,2025-10-05 04:29:18,android,vivo,0,0,7,2,0
2621,1323,2025-11-29 10:18:16,android,oppo,0,0,26,4,1
2622,1323,2025-12-19 10:18:16,android,vivo,0,0,48,1,1
2623,1323,2025-12-20 10:18:16,android,apple,0,0,48,3,0
2624,1324,2024-05-18 22:38:28,ios,huawei,0,0,76,1,1
2625,1324,2024-05-30 22:38:28,android,apple,1,0,14,1,1
2626,1325,2025-06-11 21:44:03,android,vivo,0,0,39,1,1
2627,1325,2025-06-22 21:44:03,android,other,0,0,10,2,0
2628,1325,2025-05-26 21:44:03,ios,xiaomi,0,0,48,1,1
2629,1326,2024-06-18 21:53:56,android,other,0,0,36,2,1
2630,1327,2025-07-21 18:13:44,ios,vivo,0,0,30,3,1
2631,1327,2025-07-13 18:13:44,ios,huawei,0,0,57,1,1
2632,1328,2024-11-06 14:33:35,android,vivo,0,0,18,2,1
2633,1329,2025-02-12 09:20:30,android,xiaomi,0,0,76,3,1
2634,1330,2025-06-13 21:02:16,ios,apple,0,0,15,1,1
2635,1330,2025-08-11 21:02:16,android,samsung,0,0,14,1,0
2636,1331,2024-11-07 04:02:41,android,huawei,0,0,23,4,1
2637,1331,2025-01-18 04:02:41,android,xiaomi,0,1,53,2,1
2638,1332,2025-08-12 10:12:06,android,huawei,0,0,56,1,1
2639,1333,2025-05-01 12:20:02,android,xiaomi,0,0,62,4,1
2640,1333,2025-01-26 12:20:02,android,huawei,0,0,76,1,1
2641,1334,2026-03-18 01:59:01,android,huawei,0,0,65,1,1
2642,1334,2026-01-15 01:59:01,android,apple,0,0,38,1,1
2643,1335,2025-04-16 21:58:44,android,huawei,0,0,47,1,1
2644,1336,2024-09-23 08:15:47,android,samsung,0,0,41,1,1
2645,1336,2024-08-05 08:15:47,android,xiaomi,0,0,14,3,1
2646,1336,2024-11-17 08:15:47,android,oppo,0,0,52,2,1
2647,1337,2025-10-01 23:02:11,ios,oppo,0,0,69,4,1
2648,1338,2025-01-01 19:08:34,android,oppo,0,0,23,2,0
2649,1338,2024-12-16 19:08:34,android,oppo,0,0,45,3,1
2650,1339,2025-03-12 22:37:52,android,vivo,0,0,34,2,1
2651,1339,2025-04-30 22:37:52,android,vivo,0,0,69,2,1
2652,1339,2025-04-11 22:37:52,android,xiaomi,0,0,0,1,1
2653,1340,2024-07-07 21:06:31,android,vivo,0,0,60,2,0
2654,1341,2024-04-12 02:53:32,android,other,0,0,43,1,1
2655,1342,2025-05-19 15:45:22,android,huawei,0,0,53,1,1
2656,1343,2024-06-21 06:49:30,ios,xiaomi,0,0,36,4,1
2657,1343,2024-07-20 06:49:30,android,xiaomi,0,0,35,1,1
2658,1344,2026-04-12 05:36:08,android,xiaomi,0,0,46,2,1
2659,1345,2025-10-21 15:24:08,android,oppo,0,0,41,1,1
2660,1346,2025-05-19 15:26:07,ios,huawei,0,0,31,2,1
2661,1346,2025-08-01 15:26:07,android,vivo,0,0,40,1,1
2662,1347,2025-09-13 07:55:50,android,apple,0,0,33,3,1
2663,1348,2025-06-09 12:07:44,android,xiaomi,0,0,33,1,0
2664,1348,2025-03-09 12:07:44,ios,vivo,0,0,34,1,1
2665,1349,2024-02-15 00:17:20,android,xiaomi,0,0,77,2,1
2666,1349,2024-03-10 00:17:20,android,xiaomi,0,0,10,1,1
2667,1349,2024-02-18 00:17:20,android,xiaomi,0,0,20,4,1
2668,1350,2025-01-01 10:18:23,android,huawei,0,0,33,2,1
2669,1350,2024-10-13 10:18:23,ios,vivo,0,0,49,3,1
2670,1350,2025-01-20 10:18:23,android,vivo,0,0,20,5,1
2671,1351,2025-01-16 22:26:33,ios,oppo,0,0,23,1,1
2672,1351,2025-01-29 22:26:33,ios,apple,0,0,64,1,1
2673,1352,2026-02-13 04:02:03,android,apple,0,0,66,1,1
2674,1353,2024-08-16 05:29:06,android,huawei,0,0,16,1,1
2675,1354,2024-12-28 17:58:43,ios,apple,0,0,49,1,0
2676,1354,2025-04-16 17:58:43,android,vivo,0,0,27,3,1
2677,1354,2025-03-11 17:58:43,android,oppo,0,0,34,1,1
2678,1355,2024-10-26 04:02:41,android,oppo,0,1,43,5,1
2679,1356,2024-07-05 02:06:29,android,samsung,0,0,23,1,0
2680,1357,2024-03-22 04:52:29,ios,oppo,0,0,64,1,1
2681,1357,2024-05-30 04:52:29,ios,xiaomi,0,0,19,2,0
2682,1357,2024-06-10 04:52:29,ios,samsung,0,0,71,2,1
2683,1358,2024-12-10 17:25:50,android,other,0,0,47,3,1
2684,1358,2024-10-22 17:25:50,android,huawei,0,1,29,5,1
2685,1359,2024-03-05 04:01:15,android,xiaomi,0,0,19,3,1
2686,1360,2024-02-21 00:45:36,android,xiaomi,0,1,20,4,1
2687,1360,2024-06-08 00:45:36,android,oppo,0,0,28,1,1
2688,1360,2024-02-12 00:45:36,android,other,0,0,54,3,1
2689,1361,2024-12-30 03:12:48,android,oppo,0,0,58,1,0
2690,1361,2024-09-22 03:12:48,android,other,0,0,62,1,1
2691,1361,2024-09-27 03:12:48,android,huawei,0,0,17,1,0
2692,1362,2024-05-19 10:40:21,android,vivo,0,0,71,3,1
2693,1362,2024-08-18 10:40:21,android,vivo,0,0,28,1,1
2694,1362,2024-09-15 10:40:21,android,oppo,0,1,42,2,1
2695,1363,2025-03-16 00:15:44,android,samsung,0,0,48,2,1
2696,1363,2025-03-16 00:15:44,android,huawei,0,0,30,2,1
2697,1363,2025-05-17 00:15:44,ios,oppo,0,0,44,1,0
2698,1364,2024-02-03 21:33:25,android,vivo,0,0,24,3,1
2699,1364,2024-04-18 21:33:25,android,vivo,0,0,40,1,1
2700,1365,2024-11-08 07:45:32,android,other,0,0,11,3,1
2701,1365,2024-11-08 07:45:32,android,oppo,0,0,23,1,1
2702,1365,2024-10-13 07:45:32,ios,vivo,0,0,11,3,1
2703,1366,2025-02-16 21:27:50,android,samsung,0,0,47,2,1
2704,1367,2025-12-08 02:17:13,android,huawei,0,0,59,1,1
2705,1368,2025-07-11 05:08:43,ios,xiaomi,0,0,7,3,1
2706,1368,2025-06-25 05:08:43,android,huawei,0,0,36,2,1
2707,1369,2025-12-20 22:12:10,android,vivo,0,0,33,1,1
2708,1369,2025-10-16 22:12:10,android,apple,0,0,17,3,0
2709,1370,2024-09-11 14:29:02,android,vivo,0,0,16,1,1
2710,1370,2024-11-13 14:29:02,android,other,0,0,45,3,1
2711,1370,2024-12-16 14:29:02,android,xiaomi,0,0,49,4,1
2712,1371,2025-01-27 06:55:06,android,oppo,0,0,50,1,1
2713,1371,2025-02-23 06:55:06,android,xiaomi,0,0,36,2,1
2714,1371,2025-02-03 06:55:06,android,apple,0,1,49,2,1
2715,1372,2024-12-12 21:05:19,android,huawei,0,0,30,3,1
2716,1373,2025-10-13 19:09:16,android,xiaomi,0,0,43,1,1
2717,1374,2026-01-24 05:20:47,android,other,0,0,60,4,1
2718,1375,2026-02-02 12:05:44,android,vivo,0,0,30,1,1
2719,1375,2026-03-22 12:05:44,ios,oppo,0,0,65,2,1
2720,1375,2026-03-02 12:05:44,android,other,0,0,21,2,1
2721,1376,2025-09-22 22:23:37,ios,oppo,0,0,29,1,1
2722,1376,2025-07-30 22:23:37,android,xiaomi,0,0,4,1,1
2723,1377,2025-02-10 06:30:32,android,xiaomi,0,0,21,2,1
2724,1377,2025-01-16 06:30:32,android,oppo,0,0,57,1,1
2725,1378,2025-01-22 19:48:29,android,oppo,0,0,35,1,0
2726,1378,2025-05-02 19:48:29,android,xiaomi,0,0,41,2,1
2727,1378,2025-04-28 19:48:29,android,huawei,0,0,43,1,1
2728,1379,2026-04-02 18:32:19,android,huawei,0,0,44,1,1
2729,1379,2026-03-24 18:32:19,android,xiaomi,0,0,66,2,0
2730,1380,2024-11-05 17:09:22,android,apple,0,1,38,1,1
2731,1380,2024-09-28 17:09:22,android,apple,0,0,26,1,0
2732,1381,2024-11-11 02:18:56,android,vivo,0,0,55,1,1
2733,1381,2024-09-22 02:18:56,ios,huawei,0,0,27,1,1
2734,1381,2024-11-23 02:18:56,android,vivo,0,0,67,2,1
2735,1382,2026-01-25 19:23:02,android,vivo,0,0,45,1,1
2736,1383,2025-01-18 00:21:56,android,other,0,0,34,5,1
2737,1383,2024-10-07 00:21:56,android,apple,0,0,76,1,1
2738,1384,2024-08-12 14:54:05,android,huawei,0,1,35,1,1
2739,1384,2024-06-21 14:54:05,android,vivo,0,0,89,1,1
2740,1384,2024-08-10 14:54:05,android,xiaomi,0,0,9,3,1
2741,1385,2025-06-01 03:25:32,ios,oppo,0,0,16,1,1
2742,1385,2025-05-01 03:25:32,android,apple,0,0,48,1,1
2743,1385,2025-05-18 03:25:32,android,xiaomi,0,0,40,1,1
2744,1386,2024-10-04 12:00:16,android,vivo,0,0,22,1,1
2745,1386,2024-09-03 12:00:16,android,samsung,0,0,31,2,0
2746,1386,2024-08-19 12:00:16,android,other,0,0,77,1,1
2747,1387,2025-11-16 08:06:03,android,vivo,0,0,23,5,1
2748,1388,2025-11-24 14:48:55,android,xiaomi,0,0,54,1,1
2749,1388,2025-10-29 14:48:55,android,huawei,0,0,11,2,0
2750,1389,2024-11-25 09:17:50,android,samsung,0,0,56,1,1
2751,1389,2024-09-26 09:17:50,android,apple,0,0,31,3,1
2752,1390,2025-05-06 13:34:36,android,huawei,0,0,52,1,1
2753,1391,2026-04-05 07:32:44,android,other,0,1,48,1,1
2754,1391,2026-03-24 07:32:44,android,huawei,0,0,42,1,1
2755,1392,2025-08-25 21:24:37,ios,samsung,0,0,38,1,1
2756,1393,2024-06-12 09:47:26,ios,vivo,0,0,61,1,1
2757,1393,2024-07-23 09:47:26,ios,huawei,0,0,55,3,1
2758,1394,2025-05-01 05:50:55,android,apple,0,1,45,4,1
2759,1394,2025-06-23 05:50:55,ios,huawei,0,0,52,4,1
2760,1395,2025-04-18 12:28:51,android,xiaomi,0,0,33,1,0
2761,1395,2025-06-27 12:28:51,ios,oppo,0,0,40,4,1
2762,1395,2025-04-21 12:28:51,android,vivo,0,0,46,2,1
2763,1396,2025-05-28 00:15:17,android,samsung,0,0,68,4,1
2764,1396,2025-06-22 00:15:17,ios,oppo,0,0,25,1,0
2765,1396,2025-05-10 00:15:17,ios,xiaomi,0,0,46,1,1
2766,1397,2024-04-27 06:10:58,ios,xiaomi,0,0,55,1,1
2767,1397,2024-04-24 06:10:58,android,xiaomi,0,0,49,3,1
2768,1398,2024-11-24 13:11:42,android,xiaomi,0,0,47,1,1
2769,1398,2024-08-28 13:11:42,ios,samsung,0,0,12,2,1
2770,1399,2025-12-21 20:50:05,ios,xiaomi,0,0,63,1,1
2771,1399,2025-09-09 20:50:05,android,xiaomi,0,0,42,4,1
2772,1399,2025-09-28 20:50:05,android,oppo,0,0,64,1,1
2773,1400,2024-08-06 04:50:18,android,vivo,0,0,31,2,1
2774,1401,2024-10-06 18:40:03,android,vivo,0,1,48,3,1
2775,1402,2024-10-10 10:03:57,ios,apple,0,0,0,3,1
2776,1402,2024-09-05 10:03:57,android,huawei,0,0,39,1,1
2777,1402,2024-11-05 10:03:57,android,xiaomi,0,0,42,1,1
2778,1403,2024-06-15 11:50:07,ios,other,0,0,41,2,1
2779,1403,2024-05-25 11:50:07,ios,oppo,0,0,32,1,1
2780,1403,2024-08-03 11:50:07,android,other,0,0,18,3,1
2781,1404,2024-06-13 11:20:10,ios,oppo,0,0,82,2,1
2782,1404,2024-07-08 11:20:10,android,xiaomi,0,0,0,3,1
2783,1405,2024-11-20 07:42:44,android,vivo,0,0,41,2,1
2784,1405,2024-10-10 07:42:44,android,huawei,0,0,35,3,1
2785,1405,2024-10-03 07:42:44,android,vivo,0,0,22,1,1
2786,1406,2026-01-17 05:59:15,android,huawei,1,0,28,2,1
2787,1406,2025-11-29 05:59:15,android,oppo,0,0,16,3,1
2788,1406,2025-11-02 05:59:15,android,xiaomi,0,0,47,5,0
2789,1407,2024-03-09 02:53:33,android,xiaomi,0,0,33,1,1
2790,1407,2024-01-30 02:53:33,android,vivo,0,0,58,1,1
2791,1407,2024-03-23 02:53:33,android,vivo,0,0,10,1,1
2792,1408,2024-08-22 18:29:10,android,vivo,0,1,18,1,1
2793,1408,2024-09-24 18:29:10,android,huawei,0,0,77,5,1
2794,1409,2024-02-16 06:11:05,android,vivo,0,0,46,1,1
2795,1409,2024-02-12 06:11:05,ios,oppo,0,0,19,1,1
2796,1409,2024-05-17 06:11:05,android,xiaomi,0,0,43,1,1
2797,1410,2025-04-21 21:17:39,android,xiaomi,0,0,29,1,1
2798,1410,2025-05-05 21:17:39,android,oppo,0,0,45,1,1
2799,1411,2024-09-07 22:32:35,android,huawei,0,0,23,3,1
2800,1412,2025-07-27 03:23:30,android,vivo,0,0,34,1,1
2801,1413,2025-05-30 01:29:39,ios,huawei,0,0,46,1,1
2802,1413,2025-06-10 01:29:39,android,vivo,0,1,0,4,1
2803,1413,2025-04-27 01:29:39,android,xiaomi,1,0,51,2,1
2804,1414,2025-10-03 04:35:54,android,other,0,0,25,1,1
2805,1415,2025-04-05 11:35:01,ios,oppo,0,0,23,3,1
2806,1416,2024-11-16 00:31:38,ios,samsung,0,0,39,1,1
2807,1416,2025-01-02 00:31:38,android,other,0,0,30,2,0
2808,1416,2024-11-15 00:31:38,android,xiaomi,0,0,46,3,1
2809,1417,2026-01-02 12:08:33,android,other,0,0,43,1,1
2810,1417,2025-12-31 12:08:33,android,oppo,0,0,32,1,0
2811,1418,2024-12-18 16:01:40,ios,oppo,0,0,28,1,1
2812,1418,2024-12-31 16:01:40,android,other,0,0,68,1,0
2813,1418,2025-03-30 16:01:40,android,other,0,0,56,1,1
2814,1419,2025-11-24 10:51:09,android,xiaomi,0,0,36,1,1
2815,1419,2025-12-20 10:51:09,android,samsung,0,0,34,1,1
2816,1419,2026-02-20 10:51:09,android,vivo,0,0,11,1,1
2817,1420,2026-01-04 03:10:28,android,oppo,0,0,43,2,1
2818,1420,2026-02-27 03:10:28,ios,xiaomi,1,0,0,2,1
2819,1421,2025-04-22 23:39:10,android,oppo,0,0,22,1,1
2820,1421,2025-03-20 23:39:10,android,apple,0,0,40,2,1
2821,1422,2025-05-22 10:56:52,android,xiaomi,0,0,38,1,1
2822,1422,2025-05-29 10:56:52,ios,xiaomi,0,0,43,1,1
2823,1423,2024-08-11 15:12:29,android,samsung,0,0,23,1,1
2824,1423,2024-07-12 15:12:29,android,apple,0,1,34,1,0
2825,1424,2025-09-26 16:27:55,ios,oppo,0,0,70,4,1
2826,1425,2025-06-05 06:17:44,android,vivo,0,0,61,1,1
2827,1426,2025-10-24 20:44:43,android,xiaomi,0,0,23,2,1
2828,1426,2026-01-23 20:44:43,android,other,0,0,30,1,1
2829,1426,2025-10-21 20:44:43,ios,oppo,0,0,41,2,1
2830,1427,2024-08-04 21:59:05,ios,vivo,0,0,17,2,1
2831,1427,2024-07-06 21:59:05,ios,vivo,0,0,43,1,1
2832,1427,2024-08-07 21:59:05,android,samsung,0,0,56,1,0
2833,1428,2025-08-13 22:34:26,android,apple,0,0,45,1,1
2834,1429,2025-02-14 07:13:57,android,samsung,0,0,34,5,1
2835,1430,2024-08-14 04:20:31,android,xiaomi,0,0,39,2,1
2836,1430,2024-07-09 04:20:31,android,xiaomi,0,0,52,4,1
2837,1431,2024-05-17 23:21:52,android,xiaomi,0,0,24,1,1
2838,1432,2025-02-12 09:13:52,android,other,0,1,22,1,1
2839,1432,2025-03-15 09:13:52,android,xiaomi,0,0,38,1,1
2840,1433,2024-11-12 04:45:24,android,xiaomi,0,0,33,2,1
2841,1433,2024-08-29 04:45:24,android,oppo,0,1,7,1,0
2842,1433,2024-10-03 04:45:24,ios,samsung,0,0,31,3,1
2843,1434,2024-04-26 09:11:08,ios,oppo,0,0,41,1,1
2844,1434,2024-05-13 09:11:08,android,vivo,0,0,31,1,1
2845,1435,2025-01-07 19:36:11,android,oppo,0,0,48,2,1
2846,1435,2024-11-19 19:36:11,android,vivo,0,0,61,3,1
2847,1435,2024-11-23 19:36:11,android,xiaomi,0,1,3,1,1
2848,1436,2025-04-17 15:11:44,android,xiaomi,0,0,43,5,1
2849,1436,2025-06-18 15:11:44,android,vivo,0,0,41,2,0
2850,1437,2024-09-16 19:59:21,android,xiaomi,0,0,29,1,1
2851,1437,2024-12-08 19:59:21,android,xiaomi,0,0,37,2,1
2852,1437,2024-10-16 19:59:21,android,oppo,0,0,25,1,1
2853,1438,2026-01-01 09:43:19,android,other,0,0,41,3,1
2854,1438,2026-01-24 09:43:19,android,huawei,0,0,50,4,1
2855,1438,2025-11-23 09:43:19,android,xiaomi,0,0,41,2,0
2856,1439,2025-08-15 01:40:13,android,other,0,0,22,3,1
2857,1439,2025-07-28 01:40:13,android,samsung,0,0,16,3,1
2858,1440,2025-01-26 07:03:56,android,oppo,0,0,9,2,1
2859,1440,2025-03-26 07:03:56,android,xiaomi,0,0,28,1,1
2860,1440,2025-03-03 07:03:56,android,xiaomi,0,1,40,2,1
2861,1441,2025-12-23 07:07:58,ios,oppo,0,0,50,3,1
2862,1442,2025-01-29 01:40:41,android,oppo,0,0,52,3,1
2863,1442,2024-12-09 01:40:41,android,vivo,0,0,22,1,1
2864,1442,2025-02-07 01:40:41,android,huawei,0,0,16,1,1
2865,1443,2024-06-25 22:59:33,android,xiaomi,0,0,38,2,1
2866,1443,2024-04-17 22:59:33,android,apple,0,0,84,1,1
2867,1443,2024-06-04 22:59:33,android,xiaomi,0,0,38,1,1
2868,1444,2024-04-01 03:57:54,android,apple,0,0,18,1,1
2869,1444,2024-03-31 03:57:54,android,vivo,0,0,72,1,1
2870,1445,2025-12-22 18:10:22,android,xiaomi,0,0,35,1,1
2871,1446,2026-02-01 15:14:58,ios,vivo,0,0,54,4,1
2872,1447,2025-07-12 15:39:52,android,oppo,0,0,18,2,1
2873,1448,2024-04-05 04:36:25,android,vivo,0,0,62,1,1
2874,1448,2024-06-25 04:36:25,android,other,0,0,67,2,1
2875,1448,2024-03-20 04:36:25,android,huawei,0,0,52,1,0
2876,1449,2024-07-31 08:45:24,android,oppo,0,0,37,1,1
2877,1450,2024-01-29 23:42:20,android,samsung,0,0,48,2,1
2878,1451,2024-05-18 09:52:28,ios,samsung,0,0,24,5,1
2879,1451,2024-05-02 09:52:28,android,xiaomi,0,0,49,1,1
2880,1451,2024-02-28 09:52:28,android,huawei,1,0,35,1,1
2881,1452,2024-06-22 15:05:13,android,huawei,0,1,54,3,1
2882,1452,2024-09-27 15:05:13,android,xiaomi,0,0,34,1,1
2883,1452,2024-10-04 15:05:13,android,oppo,0,0,47,2,1
2884,1453,2025-06-06 15:55:24,ios,huawei,0,0,19,1,1
2885,1454,2024-02-21 20:05:35,android,xiaomi,0,0,34,2,1
2886,1455,2026-01-11 18:12:40,android,vivo,0,0,30,1,1
2887,1455,2025-12-17 18:12:40,android,xiaomi,0,0,26,2,1
2888,1455,2025-12-28 18:12:40,android,xiaomi,0,0,0,3,1
2889,1456,2024-12-14 05:39:52,android,apple,0,0,42,2,1
2890,1456,2025-02-03 05:39:52,ios,apple,0,0,49,1,1
2891,1456,2025-01-20 05:39:52,ios,xiaomi,0,0,79,1,1
2892,1457,2024-08-12 14:34:25,android,xiaomi,0,0,91,1,1
2893,1457,2024-08-26 14:34:25,android,samsung,0,0,25,3,1
2894,1457,2024-10-07 14:34:25,android,xiaomi,0,0,53,1,1
2895,1458,2025-01-21 17:51:29,android,huawei,0,0,53,1,0
2896,1458,2025-03-27 17:51:29,android,vivo,0,1,37,1,1
2897,1458,2025-02-25 17:51:29,ios,apple,0,0,62,2,1
2898,1459,2025-10-15 19:31:17,android,vivo,0,0,66,1,1
2899,1459,2025-09-18 19:31:17,ios,oppo,0,0,21,2,1
2900,1459,2025-08-02 19:31:17,android,oppo,0,0,29,1,1
2901,1460,2024-09-27 04:13:31,ios,other,0,0,67,1,1
2902,1460,2024-09-02 04:13:31,android,vivo,0,0,14,1,1
2903,1461,2024-04-28 16:26:22,android,oppo,0,0,26,1,1
2904,1462,2024-03-23 04:49:39,ios,apple,0,0,53,3,1
2905,1462,2024-05-26 04:49:39,android,samsung,0,0,36,5,1
2906,1462,2024-03-07 04:49:39,ios,huawei,0,0,57,1,1
2907,1463,2025-12-05 22:47:33,android,apple,0,0,61,1,1
2908,1464,2024-06-11 11:14:18,android,xiaomi,0,0,74,5,1
2909,1465,2025-04-09 23:04:17,android,samsung,0,0,15,2,1
2910,1465,2025-05-13 23:04:17,android,xiaomi,0,0,26,1,1
2911,1466,2024-12-30 16:31:00,android,xiaomi,0,0,76,1,1
2912,1466,2025-01-26 16:31:00,ios,oppo,0,0,27,3,1
2913,1467,2025-09-22 14:06:00,android,oppo,0,0,65,4,1
2914,1467,2025-08-25 14:06:00,android,oppo,0,0,43,1,1
2915,1468,2024-02-14 04:27:30,ios,oppo,0,0,45,3,1
2916,1468,2024-04-12 04:27:30,android,vivo,0,0,19,2,1
2917,1469,2025-11-13 09:19:09,android,other,0,0,55,3,1
2918,1469,2026-02-01 09:19:09,ios,xiaomi,0,0,80,3,1
2919,1469,2026-01-24 09:19:09,android,vivo,0,0,27,3,1
2920,1470,2025-08-19 16:17:02,android,vivo,0,0,37,3,1
2921,1470,2025-07-25 16:17:02,android,samsung,0,0,25,2,1
2922,1470,2025-07-05 16:17:02,ios,vivo,0,0,49,2,1
2923,1471,2024-11-23 23:20:44,ios,huawei,0,0,16,1,1
2924,1471,2025-02-17 23:20:44,android,apple,0,1,28,3,1
2925,1471,2024-12-30 23:20:44,android,oppo,0,0,49,5,1
2926,1472,2024-07-12 02:59:59,android,oppo,0,1,53,1,1
2927,1472,2024-06-24 02:59:59,android,xiaomi,0,0,42,1,0
2928,1473,2026-02-08 07:31:32,android,oppo,0,0,61,1,0
2929,1473,2026-02-03 07:31:32,android,xiaomi,0,0,67,1,0
2930,1474,2024-10-30 12:17:37,android,huawei,0,0,9,2,1
2931,1475,2025-01-06 01:46:19,android,vivo,0,0,25,1,1
2932,1475,2025-03-20 01:46:19,android,huawei,0,0,55,3,1
2933,1475,2025-03-12 01:46:19,ios,apple,0,0,33,1,1
2934,1476,2024-12-07 17:05:01,ios,huawei,0,0,30,2,1
2935,1477,2024-08-14 07:14:30,android,xiaomi,0,0,73,2,1
2936,1478,2025-02-02 03:00:02,android,samsung,0,0,55,3,1
2937,1478,2024-11-13 03:00:02,android,xiaomi,0,0,25,1,1
2938,1478,2024-11-24 03:00:02,ios,oppo,0,0,28,1,1
2939,1479,2024-06-24 14:00:34,android,apple,0,0,18,2,1
2940,1479,2024-07-15 14:00:34,ios,samsung,0,0,41,1,1
2941,1479,2024-06-27 14:00:34,android,huawei,0,0,22,4,1
2942,1480,2024-03-12 05:05:44,android,xiaomi,0,1,21,2,1
2943,1480,2024-04-13 05:05:44,ios,oppo,1,0,53,3,1
2944,1480,2023-12-25 05:05:44,android,xiaomi,0,0,63,2,1
2945,1481,2024-07-28 16:40:34,android,xiaomi,0,0,16,2,1
2946,1482,2024-07-09 19:28:22,ios,xiaomi,0,0,32,1,1
2947,1482,2024-03-30 19:28:22,android,xiaomi,0,0,54,1,0
2948,1482,2024-03-21 19:28:22,ios,oppo,0,0,73,2,1
2949,1483,2024-11-10 18:55:35,android,xiaomi,0,0,61,1,1
2950,1483,2025-01-21 18:55:35,android,xiaomi,0,0,0,1,1
2951,1484,2025-11-20 19:38:06,android,vivo,0,0,52,2,1
2952,1485,2024-06-04 16:12:47,android,huawei,0,0,34,1,1
2953,1486,2024-03-11 21:36:11,android,vivo,0,0,13,2,1
2954,1486,2024-03-21 21:36:11,android,xiaomi,0,0,20,1,1
2955,1486,2024-04-09 21:36:11,android,samsung,0,0,24,2,0
2956,1487,2024-07-08 02:22:08,android,vivo,0,0,62,1,1
2957,1487,2024-07-07 02:22:08,android,huawei,1,0,40,1,1
2958,1487,2024-04-17 02:22:08,android,huawei,0,0,58,4,1
2959,1488,2025-01-16 23:05:31,android,vivo,0,0,38,1,1
2960,1488,2025-01-31 23:05:31,android,apple,0,0,42,2,1
2961,1489,2024-10-29 15:09:53,ios,xiaomi,0,0,33,5,1
2962,1489,2024-07-24 15:09:53,ios,apple,0,0,46,1,0
2963,1490,2025-02-15 08:04:30,android,samsung,0,0,64,1,1
2964,1490,2025-01-01 08:04:30,android,huawei,0,0,17,1,1
2965,1490,2025-03-11 08:04:30,android,oppo,0,0,40,2,1
2966,1491,2024-01-30 08:25:21,android,huawei,0,0,54,3,1
2967,1491,2024-04-14 08:25:21,ios,apple,0,0,50,2,1
2968,1492,2024-12-15 03:48:34,android,vivo,0,0,29,1,1
2969,1492,2024-10-18 03:48:34,android,other,0,0,23,2,1
2970,1492,2024-11-09 03:48:34,android,apple,0,0,41,1,1
2971,1493,2024-11-25 09:33:28,android,huawei,0,0,100,2,1
2972,1494,2025-01-15 20:50:57,android,huawei,0,0,52,3,1
2973,1495,2025-05-12 08:17:34,android,apple,0,0,35,1,1
2974,1495,2025-02-26 08:17:34,android,other,0,0,30,4,1
2975,1496,2025-07-15 19:46:53,ios,other,0,0,44,1,1
2976,1496,2025-07-21 19:46:53,android,huawei,0,0,59,2,1
2977,1497,2025-01-28 01:52:06,ios,huawei,0,0,66,4,1
2978,1498,2025-10-12 01:53:20,android,oppo,0,0,18,2,1
2979,1499,2025-03-20 16:57:51,android,other,0,0,14,2,1
2980,1500,2024-07-19 01:18:23,android,samsung,0,0,27,1,1
2981,1500,2024-08-21 01:18:23,android,xiaomi,0,0,54,3,1
2982,1501,2024-06-13 04:23:59,android,oppo,0,0,49,1,1
2983,1501,2024-08-30 04:23:59,ios,vivo,0,0,0,4,0
2984,1501,2024-08-02 04:23:59,ios,other,0,0,2,1,0
2985,1502,2024-10-23 10:01:57,android,vivo,0,0,68,3,1
2986,1503,2025-05-06 03:34:06,android,other,0,0,27,4,1
2987,1503,2025-04-11 03:34:06,android,vivo,0,0,38,3,1
2988,1503,2025-03-18 03:34:06,android,oppo,0,0,30,1,1
2989,1504,2024-09-03 00:17:58,ios,apple,0,0,22,2,1
2990,1504,2024-06-30 00:17:58,android,xiaomi,0,0,44,1,1
2991,1505,2026-01-26 08:19:16,android,oppo,0,0,76,1,0
2992,1506,2025-03-23 07:12:24,android,other,0,0,13,3,1
2993,1507,2025-09-23 04:32:20,ios,samsung,0,0,24,4,1
2994,1507,2025-10-19 04:32:20,android,apple,0,0,41,1,1
2995,1507,2025-11-12 04:32:20,ios,apple,0,0,20,1,1
2996,1508,2025-07-02 18:41:11,android,apple,0,0,33,1,1
2997,1509,2024-10-05 08:20:07,android,oppo,0,0,34,2,1
2998,1509,2024-11-27 08:20:07,android,oppo,0,0,55,2,1
2999,1510,2024-08-15 14:59:25,android,xiaomi,0,0,37,1,1
3000,1510,2024-08-14 14:59:25,android,vivo,0,0,37,1,1
3001,1511,2025-08-02 01:54:06,android,samsung,0,0,21,1,1
3002,1511,2025-08-30 01:54:06,ios,other,0,0,58,1,1
3003,1511,2025-06-26 01:54:06,android,vivo,0,0,47,1,1
3004,1512,2024-11-29 10:29:24,android,other,0,0,21,1,0
3005,1512,2024-10-24 10:29:24,ios,xiaomi,0,0,39,3,1
3006,1513,2024-06-25 05:07:19,android,apple,0,0,44,4,1
3007,1513,2024-07-05 05:07:19,android,huawei,0,0,24,1,1
3008,1513,2024-06-21 05:07:19,android,xiaomi,0,1,3,2,1
3009,1514,2025-11-07 04:20:18,ios,oppo,0,0,53,1,1
3010,1514,2025-12-08 04:20:18,android,xiaomi,0,0,56,1,1
3011,1514,2026-01-22 04:20:18,android,samsung,0,0,32,1,0
3012,1515,2024-12-18 07:40:32,android,apple,0,0,32,1,1
3013,1516,2024-05-07 10:56:02,ios,other,0,0,42,4,1
3014,1516,2024-05-17 10:56:02,ios,huawei,0,0,38,1,1
3015,1517,2025-01-14 04:19:44,android,xiaomi,0,0,8,1,1
3016,1517,2025-03-22 04:19:44,android,oppo,0,0,26,1,1
3017,1518,2025-01-21 08:41:00,android,other,0,0,0,1,1
3018,1518,2025-03-01 08:41:00,android,samsung,0,0,52,1,1
3019,1519,2025-10-21 16:43:40,android,xiaomi,0,0,30,2,1
3020,1519,2025-10-12 16:43:40,ios,huawei,0,0,24,1,1
3021,1520,2025-09-13 10:29:48,ios,vivo,0,0,29,2,1
3022,1520,2025-09-07 10:29:48,android,huawei,0,0,41,1,1
3023,1520,2025-07-29 10:29:48,android,apple,0,0,33,2,1
3024,1521,2024-07-06 16:34:44,android,oppo,0,0,8,1,0
3025,1521,2024-08-27 16:34:44,android,samsung,0,0,11,1,1
3026,1521,2024-08-15 16:34:44,android,oppo,0,0,43,1,0
3027,1522,2024-06-26 19:57:15,ios,huawei,0,0,50,1,1
3028,1522,2024-07-26 19:57:15,android,vivo,0,0,25,1,1
3029,1523,2025-06-15 14:58:36,android,huawei,0,0,0,2,1
3030,1524,2024-04-25 13:59:34,android,xiaomi,0,0,35,4,1
3031,1524,2024-04-17 13:59:34,android,xiaomi,0,0,58,1,1
3032,1524,2024-05-12 13:59:34,android,other,0,0,44,3,1
3033,1525,2024-11-02 21:09:34,android,xiaomi,0,0,35,2,1
3034,1525,2024-10-22 21:09:34,android,oppo,0,0,43,3,1
3035,1525,2024-08-30 21:09:34,ios,xiaomi,0,0,44,2,1
3036,1526,2024-04-02 21:21:29,android,other,0,0,57,1,0
3037,1526,2024-05-05 21:21:29,android,xiaomi,0,0,44,2,1
3038,1526,2024-05-23 21:21:29,android,vivo,0,0,74,2,1
3039,1527,2024-03-06 00:14:42,ios,xiaomi,0,0,58,2,1
3040,1527,2024-02-05 00:14:42,ios,xiaomi,0,0,23,1,0
3041,1528,2026-02-12 17:46:56,android,samsung,0,0,38,3,1
3042,1528,2025-11-16 17:46:56,android,vivo,0,0,39,1,1
3043,1528,2026-01-22 17:46:56,ios,huawei,0,0,43,1,1
3044,1529,2024-04-18 13:39:36,android,samsung,0,0,53,3,1
3045,1529,2024-04-14 13:39:36,ios,vivo,0,0,21,1,1
3046,1529,2024-03-20 13:39:36,ios,other,0,0,64,2,1
3047,1530,2024-04-18 18:13:52,android,apple,0,0,19,1,1
3048,1531,2026-01-31 00:15:56,android,huawei,0,0,44,2,0
3049,1532,2024-08-04 11:24:03,android,huawei,0,0,68,1,1
3050,1533,2025-11-17 02:05:35,android,samsung,0,0,26,1,1
3051,1534,2024-02-16 20:05:13,android,xiaomi,0,0,40,1,1
3052,1535,2024-07-01 02:18:09,android,xiaomi,0,0,45,3,0
3053,1536,2024-05-13 18:13:41,ios,oppo,0,0,24,1,1
3054,1536,2024-05-08 18:13:41,android,oppo,0,0,34,1,1
3055,1536,2024-04-06 18:13:41,android,huawei,0,0,30,4,1
3056,1537,2025-07-30 13:43:28,android,huawei,0,0,17,1,1
3057,1537,2025-07-31 13:43:28,android,other,0,0,48,1,1
3058,1538,2025-04-09 17:00:55,android,apple,0,0,37,1,1
3059,1538,2025-05-14 17:00:55,android,apple,1,0,63,1,1
3060,1538,2025-06-08 17:00:55,android,oppo,0,1,57,1,0
3061,1539,2024-12-18 02:47:43,ios,vivo,0,0,34,1,1
3062,1539,2025-01-17 02:47:43,android,samsung,0,0,64,2,1
3063,1539,2024-12-17 02:47:43,android,other,0,1,57,2,1
3064,1540,2024-10-08 09:30:49,android,other,0,0,13,1,1
3065,1541,2024-04-13 20:49:35,android,oppo,0,0,58,1,1
3066,1542,2025-03-29 12:35:42,android,oppo,0,0,20,2,1
3067,1542,2025-04-26 12:35:42,android,xiaomi,0,0,46,5,1
3068,1543,2024-06-24 10:06:51,android,vivo,0,0,17,1,1
3069,1544,2025-05-31 20:13:23,android,xiaomi,0,0,51,1,1
3070,1544,2025-06-09 20:13:23,android,oppo,0,0,10,1,1
3071,1545,2025-07-05 20:26:24,ios,oppo,0,0,74,1,1
3072,1545,2025-06-17 20:26:24,ios,vivo,0,0,43,2,1
3073,1546,2025-10-27 02:06:25,android,xiaomi,0,0,98,2,1
3074,1546,2025-10-24 02:06:25,android,other,0,0,33,2,1
3075,1546,2025-12-19 02:06:25,android,oppo,0,0,50,1,1
3076,1547,2025-03-13 14:37:01,android,xiaomi,0,1,28,1,1
3077,1548,2023-12-27 11:04:09,android,other,0,0,47,3,1
3078,1549,2024-09-04 21:16:59,android,apple,0,0,83,2,1
3079,1550,2025-12-01 23:01:58,android,xiaomi,0,0,44,1,1
3080,1551,2025-04-05 06:33:25,android,xiaomi,0,0,74,3,1
3081,1551,2025-04-09 06:33:25,android,huawei,0,0,53,3,1
3082,1551,2025-02-22 06:33:25,android,apple,0,0,20,3,1
3083,1552,2025-05-15 22:57:59,ios,oppo,0,0,14,2,1
3084,1552,2025-06-03 22:57:59,ios,vivo,0,0,40,2,1
3085,1553,2025-03-11 05:03:51,android,oppo,0,0,35,1,1
3086,1553,2025-03-08 05:03:51,android,oppo,0,0,32,3,1
3087,1553,2025-02-19 05:03:51,android,vivo,0,0,45,1,1
3088,1554,2024-06-18 19:15:57,android,xiaomi,0,0,67,3,1
3089,1555,2025-11-05 14:14:56,android,vivo,0,1,0,3,1
3090,1555,2026-01-04 14:14:56,android,other,0,1,59,1,1
3091,1555,2026-01-17 14:14:56,ios,huawei,0,0,46,2,1
3092,1556,2025-09-29 05:51:46,android,oppo,0,0,47,3,1
3093,1556,2025-07-31 05:51:46,android,vivo,0,0,12,1,1
3094,1556,2025-10-08 05:51:46,ios,other,0,0,57,2,0
3095,1557,2026-04-08 11:36:48,android,huawei,1,0,34,2,1
3096,1557,2026-02-25 11:36:48,android,samsung,0,0,6,3,1
3097,1557,2026-01-06 11:36:48,android,vivo,0,0,34,2,1
3098,1558,2025-10-08 12:12:42,android,other,0,1,21,1,1
3099,1558,2025-10-22 12:12:42,android,oppo,0,0,43,3,1
3100,1559,2024-09-25 12:39:18,ios,xiaomi,0,0,27,3,1
3101,1559,2024-09-05 12:39:18,android,other,0,0,20,4,1
3102,1559,2024-07-30 12:39:18,android,huawei,0,0,60,1,0
3103,1560,2024-07-22 14:41:46,ios,huawei,0,0,51,1,1
3104,1560,2024-07-08 14:41:46,ios,other,0,0,60,1,1
3105,1561,2024-07-23 09:16:19,ios,xiaomi,0,0,65,5,0
3106,1561,2024-09-08 09:16:19,android,vivo,0,0,51,2,1
3107,1561,2024-06-29 09:16:19,android,oppo,0,0,65,1,1
3108,1562,2026-01-10 17:15:55,ios,xiaomi,0,0,61,4,1
3109,1562,2025-12-09 17:15:55,android,vivo,1,0,1,5,0
3110,1562,2026-02-17 17:15:55,android,samsung,0,0,34,1,1
3111,1563,2025-03-10 13:30:22,ios,oppo,0,0,46,4,1
3112,1563,2025-04-01 13:30:22,android,xiaomi,0,0,41,2,1
3113,1563,2025-05-28 13:30:22,android,vivo,0,0,12,2,1
3114,1564,2025-01-14 18:05:39,ios,oppo,0,0,30,5,1
3115,1565,2026-02-19 19:56:23,android,other,0,0,10,1,1
3116,1565,2026-01-14 19:56:23,ios,apple,0,0,35,3,0
3117,1565,2026-03-02 19:56:23,android,apple,0,0,49,4,1
3118,1566,2025-06-25 11:59:47,android,apple,0,1,42,3,1
3119,1567,2025-11-27 21:14:53,ios,apple,0,0,0,4,1
3120,1567,2025-10-23 21:14:53,ios,xiaomi,0,0,49,1,1
3121,1568,2025-12-30 19:03:35,android,vivo,0,0,62,4,1
3122,1568,2026-01-17 19:03:35,ios,apple,0,0,41,2,1
3123,1568,2026-04-09 19:03:35,ios,oppo,0,0,53,2,1
3124,1569,2024-04-19 23:53:14,android,xiaomi,0,0,17,1,1
3125,1570,2024-11-20 22:06:43,android,apple,0,0,35,1,1
3126,1570,2024-10-01 22:06:43,ios,xiaomi,0,0,46,1,1
3127,1570,2024-10-12 22:06:43,android,huawei,0,0,46,2,0
3128,1571,2025-07-25 22:07:14,android,apple,0,0,13,1,1
3129,1572,2025-10-16 14:33:06,android,oppo,0,0,43,2,1
3130,1573,2024-04-22 09:27:24,android,other,0,0,40,2,1
3131,1574,2024-08-12 10:21:09,ios,huawei,0,0,74,2,1
3132,1574,2024-09-15 10:21:09,android,xiaomi,0,0,23,4,1
3133,1574,2024-09-23 10:21:09,android,oppo,0,0,68,2,1
3134,1575,2025-04-04 03:59:18,android,xiaomi,0,0,23,5,1
3135,1575,2025-02-23 03:59:18,android,xiaomi,0,0,70,2,1
3136,1575,2025-04-25 03:59:18,ios,vivo,0,0,30,1,1
3137,1576,2025-09-01 10:13:15,android,apple,0,0,61,1,1
3138,1576,2025-11-15 10:13:15,android,other,0,0,0,1,1
3139,1577,2024-06-30 11:11:10,ios,samsung,0,0,16,1,1
3140,1578,2025-05-26 12:51:29,android,vivo,0,0,0,1,1
3141,1578,2025-06-17 12:51:29,android,huawei,0,0,49,2,1
3142,1579,2024-10-05 09:40:46,android,vivo,0,0,49,1,1
3143,1579,2024-09-17 09:40:46,android,xiaomi,0,0,82,2,1
3144,1579,2024-10-18 09:40:46,ios,huawei,0,0,8,4,1
3145,1580,2024-09-18 22:33:06,android,xiaomi,0,0,54,2,1
3146,1580,2024-08-04 22:33:06,android,apple,0,1,25,1,1
3147,1580,2024-06-06 22:33:06,android,xiaomi,0,0,40,1,1
3148,1581,2025-02-07 05:47:34,ios,huawei,0,0,29,3,1
3149,1581,2025-04-19 05:47:34,ios,huawei,0,0,56,1,1
3150,1581,2025-03-09 05:47:34,android,xiaomi,0,0,34,1,0
3151,1582,2025-02-02 05:44:13,android,samsung,0,0,33,1,1
3152,1583,2025-07-07 01:39:45,android,xiaomi,0,0,61,3,1
3153,1583,2025-04-29 01:39:45,android,huawei,0,0,38,2,1
3154,1583,2025-06-21 01:39:45,android,huawei,0,1,12,4,1
3155,1584,2024-09-24 20:58:34,android,apple,0,0,18,2,1
3156,1584,2024-08-16 20:58:34,ios,apple,0,0,41,3,1
3157,1585,2025-12-08 23:47:39,ios,oppo,0,0,35,1,1
3158,1585,2025-11-30 23:47:39,ios,xiaomi,0,0,44,1,0
3159,1586,2024-03-19 00:27:32,android,oppo,0,0,50,1,1
3160,1586,2024-04-10 00:27:32,android,xiaomi,0,0,60,3,1
3161,1587,2025-12-20 04:07:35,android,vivo,0,0,45,3,1
3162,1587,2025-11-03 04:07:35,android,samsung,0,0,23,2,1
3163,1587,2025-09-19 04:07:35,android,oppo,0,0,0,1,1
3164,1588,2024-02-21 18:42:18,android,vivo,0,0,35,1,1
3165,1588,2024-04-01 18:42:18,android,vivo,0,0,31,2,1
3166,1589,2025-09-08 04:53:36,android,xiaomi,0,0,28,3,1
3167,1590,2024-10-20 22:18:21,ios,huawei,0,0,86,2,1
3168,1590,2024-12-26 22:18:21,android,other,0,0,60,3,1
3169,1591,2024-10-27 20:01:29,android,huawei,0,0,29,1,1
3170,1592,2024-04-04 21:28:41,ios,other,0,0,34,1,1
3171,1592,2024-02-27 21:28:41,android,apple,0,0,31,1,1
3172,1592,2024-02-27 21:28:41,android,samsung,0,0,0,3,1
3173,1593,2025-06-23 12:47:32,android,apple,0,1,36,4,1
3174,1593,2025-08-14 12:47:32,android,huawei,0,0,44,2,1
3175,1593,2025-09-12 12:47:32,android,apple,0,0,24,3,1
3176,1594,2024-06-15 19:20:43,android,huawei,0,0,43,2,1
3177,1594,2024-04-30 19:20:43,android,other,0,0,0,1,1
3178,1595,2025-07-13 04:25:35,android,other,0,0,20,1,1
3179,1595,2025-06-04 04:25:35,android,other,0,0,59,1,1
3180,1595,2025-08-13 04:25:35,android,huawei,0,0,5,2,0
3181,1596,2025-06-21 09:12:42,android,oppo,0,0,53,1,1
3182,1596,2025-07-10 09:12:42,android,xiaomi,0,0,50,1,1
3183,1596,2025-06-12 09:12:42,android,apple,0,0,37,2,0
3184,1597,2025-12-02 00:34:50,android,huawei,0,0,58,1,1
3185,1597,2025-10-02 00:34:50,ios,xiaomi,0,0,43,4,1
3186,1598,2025-09-14 21:45:30,android,apple,0,0,33,2,1
3187,1599,2024-09-04 02:17:03,android,other,0,0,52,2,1
3188,1599,2024-11-27 02:17:03,android,apple,0,0,15,2,1
3189,1599,2024-10-20 02:17:03,android,oppo,0,0,45,3,1
3190,1600,2025-08-02 03:55:42,android,apple,0,0,34,1,1
3191,1600,2025-09-19 03:55:42,ios,huawei,0,0,23,1,1
3192,1601,2025-09-18 22:38:58,android,huawei,0,0,22,3,1
3193,1602,2024-10-03 12:31:24,android,xiaomi,0,0,28,2,1
3194,1602,2024-08-29 12:31:24,ios,oppo,0,0,41,2,1
3195,1602,2024-08-25 12:31:24,android,xiaomi,0,0,40,1,1
3196,1603,2024-04-23 15:34:45,android,huawei,0,0,28,1,1
3197,1604,2025-11-21 17:08:27,ios,apple,0,0,26,2,1
3198,1605,2024-06-03 23:54:29,android,huawei,0,0,23,2,1
3199,1605,2024-08-03 23:54:29,android,vivo,0,0,60,3,1
3200,1605,2024-07-22 23:54:29,android,apple,0,0,35,1,1
3201,1606,2025-06-11 11:54:40,android,apple,0,0,61,3,1
3202,1606,2025-04-18 11:54:40,android,oppo,0,0,82,2,1
3203,1606,2025-03-11 11:54:40,android,xiaomi,0,0,38,5,0
3204,1607,2024-09-10 11:38:01,android,xiaomi,0,0,87,3,1
3205,1608,2024-05-25 23:58:53,android,other,0,0,0,1,1
3206,1608,2024-05-14 23:58:53,android,oppo,0,0,39,1,1
3207,1609,2025-09-07 18:47:35,android,xiaomi,0,0,33,1,1
3208,1610,2024-04-06 21:57:03,android,oppo,0,0,69,1,1
3209,1610,2024-05-28 21:57:03,android,huawei,0,0,33,1,1
3210,1610,2024-05-22 21:57:03,android,vivo,0,0,29,1,1
3211,1611,2025-05-14 06:21:24,ios,xiaomi,0,0,29,3,1
3212,1611,2025-07-17 06:21:24,ios,vivo,0,0,14,2,1
3213,1611,2025-06-08 06:21:24,ios,oppo,0,0,52,3,1
3214,1612,2025-06-18 23:01:54,ios,other,0,0,27,1,1
3215,1613,2024-03-24 23:11:40,android,other,0,0,18,1,1
3216,1614,2024-07-24 05:58:39,android,xiaomi,0,0,55,1,1
3217,1614,2024-07-03 05:58:39,android,huawei,0,1,0,4,1
3218,1615,2025-11-19 21:14:55,ios,apple,0,0,44,1,1
3219,1616,2025-04-22 07:46:05,ios,samsung,0,0,32,2,1
3220,1616,2025-04-19 07:46:05,android,huawei,0,1,24,2,1
3221,1617,2024-04-09 14:05:08,android,xiaomi,0,0,10,1,1
3222,1618,2026-04-06 23:53:19,ios,xiaomi,0,0,45,2,1
3223,1618,2026-02-16 23:53:19,android,vivo,0,0,35,1,1
3224,1618,2025-12-18 23:53:19,android,oppo,0,0,40,1,1
3225,1619,2024-07-07 10:35:32,android,vivo,0,0,33,2,1
3226,1619,2024-09-07 10:35:32,android,xiaomi,0,0,48,1,0
3227,1619,2024-08-21 10:35:32,android,xiaomi,0,0,57,1,1
3228,1620,2023-12-27 22:12:47,android,other,0,0,69,1,1
3229,1621,2025-12-28 15:23:19,android,vivo,0,0,52,1,1
3230,1621,2025-11-06 15:23:19,android,huawei,0,0,23,2,1
3231,1622,2024-02-02 02:28:41,android,vivo,0,0,55,4,1
3232,1622,2024-04-16 02:28:41,ios,xiaomi,0,0,31,3,1
3233,1622,2024-02-22 02:28:41,android,oppo,0,1,100,3,1
3234,1623,2025-03-11 22:50:18,android,huawei,0,0,36,1,1
3235,1623,2025-05-06 22:50:18,android,samsung,0,0,35,2,1
3236,1623,2025-03-13 22:50:18,android,vivo,0,0,31,1,1
3237,1624,2026-04-07 22:50:30,android,xiaomi,0,0,54,4,1
3238,1624,2026-03-14 22:50:30,android,oppo,0,0,14,3,1
3239,1625,2025-06-03 19:13:11,android,xiaomi,0,0,56,2,1
3240,1625,2025-05-16 19:13:11,android,apple,0,0,17,3,1
3241,1626,2025-05-12 18:52:20,ios,other,0,0,79,3,1
3242,1626,2025-05-05 18:52:20,ios,xiaomi,0,0,72,1,1
3243,1626,2025-05-31 18:52:20,android,other,0,0,45,1,1
3244,1627,2024-11-12 08:49:27,android,huawei,0,0,46,1,1
3245,1628,2024-05-09 15:27:45,android,oppo,0,1,9,3,1
3246,1628,2024-04-14 15:27:45,ios,other,0,0,27,1,1
3247,1628,2024-06-02 15:27:45,android,huawei,0,0,50,5,1
3248,1629,2025-02-14 01:33:38,ios,xiaomi,0,0,56,1,1
3249,1630,2025-11-03 00:44:04,android,vivo,0,0,32,1,1
3250,1630,2025-11-08 00:44:04,android,vivo,0,0,10,1,1
3251,1630,2026-01-06 00:44:04,android,huawei,0,0,42,1,1
3252,1631,2024-03-31 12:07:19,android,samsung,0,0,17,2,1
3253,1631,2024-04-18 12:07:19,ios,oppo,0,0,46,2,1
3254,1631,2024-04-19 12:07:19,android,vivo,0,0,44,3,1
3255,1632,2026-01-15 16:15:46,android,vivo,0,0,47,2,1
3256,1633,2025-02-03 23:36:53,android,xiaomi,0,0,44,1,1
3257,1633,2025-02-03 23:36:53,android,other,0,0,0,2,0
3258,1634,2025-02-12 10:13:52,android,xiaomi,0,0,40,3,1
3259,1634,2025-03-09 10:13:52,android,samsung,0,0,10,1,1
3260,1634,2025-02-14 10:13:52,android,vivo,0,0,39,3,1
3261,1635,2024-06-09 17:53:36,android,vivo,0,0,30,2,1
3262,1636,2025-03-26 21:47:46,ios,huawei,0,0,59,1,1
3263,1636,2025-04-02 21:47:46,ios,other,0,0,54,5,1
3264,1637,2024-05-31 02:49:33,android,oppo,0,0,81,1,1
3265,1637,2024-07-01 02:49:33,android,apple,0,0,53,1,1
3266,1637,2024-06-22 02:49:33,android,huawei,0,0,47,3,1
3267,1638,2024-11-05 10:14:22,android,vivo,0,0,27,3,1
3268,1638,2024-07-11 10:14:22,android,huawei,0,0,58,1,1
3269,1639,2025-07-18 18:38:44,ios,xiaomi,0,0,35,1,1
3270,1639,2025-06-23 18:38:44,android,huawei,0,0,35,1,1
3271,1639,2025-06-30 18:38:44,android,oppo,0,0,52,2,1
3272,1640,2024-04-16 21:06:18,android,oppo,0,0,31,2,1
3273,1641,2025-02-11 10:37:15,android,xiaomi,0,0,27,1,1
3274,1641,2024-11-14 10:37:15,android,xiaomi,0,0,52,3,0
3275,1642,2025-05-05 00:49:28,android,apple,0,0,60,1,1
3276,1642,2025-05-11 00:49:28,android,vivo,0,0,33,1,1
3277,1642,2025-05-10 00:49:28,android,oppo,0,0,75,3,1
3278,1643,2024-04-17 09:08:28,android,oppo,0,0,64,3,1
3279,1644,2024-09-21 04:06:39,android,xiaomi,0,0,86,2,0
3280,1644,2024-10-01 04:06:39,android,vivo,0,0,64,1,1
3281,1645,2024-10-25 18:08:52,android,other,0,0,52,1,1
3282,1645,2024-10-25 18:08:52,android,huawei,0,0,18,1,1
3283,1646,2025-05-16 10:38:26,android,other,0,0,4,2,1
3284,1646,2025-05-17 10:38:26,android,oppo,0,0,46,1,0
3285,1646,2025-08-07 10:38:26,android,xiaomi,0,0,51,4,1
3286,1647,2026-01-22 23:56:30,android,oppo,0,0,40,1,1
3287,1647,2026-02-21 23:56:30,android,apple,0,0,75,2,1
3288,1647,2025-12-13 23:56:30,android,vivo,0,0,28,1,1
3289,1648,2025-09-02 11:00:55,android,xiaomi,0,0,44,2,1
3290,1648,2025-11-17 11:00:55,android,xiaomi,0,0,44,3,1
3291,1649,2024-08-04 12:41:45,android,vivo,0,0,18,1,1
3292,1649,2024-08-17 12:41:45,android,xiaomi,0,0,76,1,1
3293,1649,2024-08-18 12:41:45,ios,other,0,0,17,1,1
3294,1650,2024-01-24 06:10:21,android,xiaomi,0,0,32,3,1
3295,1650,2024-01-20 06:10:21,android,xiaomi,0,0,59,5,1
3296,1651,2024-04-13 21:29:59,android,xiaomi,0,0,66,2,1
3297,1651,2024-02-09 21:29:59,android,oppo,0,0,62,1,1
3298,1652,2025-05-31 20:54:19,android,apple,0,0,54,1,1
3299,1653,2024-06-08 01:41:02,ios,vivo,0,0,72,1,1
3300,1654,2024-08-09 20:02:06,android,vivo,0,0,24,1,1
3301,1655,2025-10-30 14:18:04,android,oppo,0,0,28,1,1
3302,1656,2025-12-29 22:31:35,android,huawei,0,0,6,1,1
3303,1656,2025-11-21 22:31:35,android,apple,0,0,24,1,1
3304,1656,2025-12-28 22:31:35,android,samsung,0,0,31,1,1
3305,1657,2025-11-08 11:49:08,android,oppo,0,0,12,1,1
3306,1658,2024-07-25 04:12:07,ios,xiaomi,0,0,41,3,0
3307,1658,2024-07-15 04:12:07,android,oppo,0,0,12,1,1
3308,1658,2024-07-04 04:12:07,android,oppo,0,0,34,1,1
3309,1659,2025-06-30 08:52:30,android,huawei,0,0,63,1,1
3310,1659,2025-05-26 08:52:30,android,xiaomi,0,0,49,2,1
3311,1660,2025-06-01 20:41:33,android,vivo,0,0,38,1,1
3312,1661,2024-06-24 05:32:05,android,other,0,0,13,2,1
3313,1661,2024-06-30 05:32:05,android,xiaomi,0,0,91,3,0
3314,1661,2024-07-05 05:32:05,android,huawei,0,0,38,1,0
3315,1662,2025-01-31 02:02:07,android,huawei,0,0,30,2,1
3316,1662,2025-05-24 02:02:07,android,oppo,0,1,53,1,1
3317,1663,2025-04-08 10:29:41,ios,apple,0,0,55,1,1
3318,1663,2025-02-26 10:29:41,android,xiaomi,0,0,46,2,1
3319,1663,2025-01-11 10:29:41,android,other,0,0,16,1,1
3320,1664,2025-01-07 04:50:13,android,huawei,0,0,52,1,1
3321,1664,2024-10-20 04:50:13,ios,xiaomi,0,0,43,1,1
3322,1664,2024-10-29 04:50:13,ios,oppo,0,0,67,1,1
3323,1665,2025-08-18 17:08:07,android,apple,0,1,5,1,1
3324,1665,2025-09-23 17:08:07,android,apple,0,1,17,2,1
3325,1665,2025-10-12 17:08:07,ios,vivo,0,0,40,3,1
3326,1666,2025-08-10 15:54:56,ios,apple,0,0,73,2,1
3327,1666,2025-08-25 15:54:56,android,samsung,0,0,34,2,1
3328,1667,2025-05-01 20:06:43,android,vivo,0,0,50,4,1
3329,1668,2025-09-18 19:29:02,ios,apple,0,0,95,3,1
3330,1668,2025-07-08 19:29:02,ios,huawei,0,0,16,1,0
3331,1669,2025-07-20 01:39:41,android,samsung,0,0,49,1,1
3332,1669,2025-09-28 01:39:41,android,apple,0,0,42,4,1
3333,1669,2025-09-02 01:39:41,android,huawei,0,0,55,1,1
3334,1670,2025-03-29 20:45:00,android,other,0,0,39,1,1
3335,1670,2025-04-07 20:45:00,android,huawei,0,0,6,2,0
3336,1670,2025-04-06 20:45:00,android,apple,0,0,43,1,0
3337,1671,2024-08-14 09:39:06,android,xiaomi,0,0,41,4,1
3338,1671,2024-07-07 09:39:06,android,huawei,0,0,10,3,0
3339,1672,2025-08-20 15:33:27,android,xiaomi,0,0,52,1,1
3340,1673,2025-07-31 20:35:44,android,oppo,0,0,26,3,1
3341,1673,2025-06-18 20:35:44,android,xiaomi,0,0,10,1,1
3342,1673,2025-07-09 20:35:44,android,xiaomi,0,0,69,1,1
3343,1674,2025-12-25 21:28:01,ios,other,0,0,33,1,1
3344,1674,2026-02-27 21:28:01,android,samsung,0,0,32,1,1
3345,1675,2024-08-02 08:13:28,android,samsung,0,0,61,3,1
3346,1675,2024-08-01 08:13:28,android,apple,0,1,42,2,1
3347,1676,2025-02-04 01:39:08,android,samsung,0,0,49,4,1
3348,1676,2024-11-10 01:39:08,android,huawei,0,0,37,1,1
3349,1677,2025-12-18 16:27:05,ios,vivo,0,0,42,3,1
3350,1677,2025-12-01 16:27:05,ios,vivo,0,0,21,3,1
3351,1678,2025-01-13 15:29:42,android,samsung,0,0,56,2,1
3352,1678,2025-03-17 15:29:42,ios,oppo,0,0,58,1,1
3353,1679,2026-01-11 02:45:10,android,samsung,0,0,33,2,1
3354,1679,2025-12-01 02:45:10,android,xiaomi,0,0,36,1,0
3355,1680,2024-04-05 02:28:20,android,vivo,0,0,22,1,1
3356,1681,2024-04-30 16:10:30,android,vivo,0,0,37,2,1
3357,1681,2024-03-27 16:10:30,ios,vivo,0,0,44,1,1
3358,1682,2025-10-02 02:25:13,android,xiaomi,0,0,25,4,1
3359,1683,2024-12-20 15:42:48,ios,huawei,0,0,13,3,1
3360,1684,2025-01-14 18:25:50,ios,other,0,0,33,2,1
3361,1684,2025-01-12 18:25:50,android,oppo,0,0,45,1,0
3362,1684,2025-04-12 18:25:50,android,vivo,0,0,39,1,1
3363,1685,2024-11-23 10:43:34,android,other,0,1,54,1,1
3364,1686,2025-01-26 19:29:03,android,xiaomi,0,1,59,4,1
3365,1686,2025-01-10 19:29:03,android,huawei,0,0,65,2,0
3366,1686,2024-12-26 19:29:03,android,xiaomi,0,0,31,2,0
3367,1687,2026-01-18 19:35:22,android,xiaomi,0,0,33,1,1
3368,1687,2025-11-28 19:35:22,android,other,0,0,33,3,1
3369,1688,2024-05-14 16:08:26,android,vivo,0,0,30,2,0
3370,1688,2024-03-15 16:08:26,android,vivo,0,0,15,2,1
3371,1688,2024-03-11 16:08:26,android,huawei,0,1,41,2,1
3372,1689,2025-09-17 17:14:28,android,other,0,0,32,1,1
3373,1689,2025-10-28 17:14:28,android,xiaomi,0,0,52,1,1
3374,1690,2026-01-22 10:46:49,android,oppo,0,0,35,1,1
3375,1690,2025-11-18 10:46:49,ios,xiaomi,0,0,57,1,1
3376,1690,2025-10-08 10:46:49,android,xiaomi,0,0,63,1,1
3377,1691,2025-04-24 21:51:17,android,other,0,0,20,4,1
3378,1691,2025-04-21 21:51:17,android,huawei,0,0,42,1,1
3379,1692,2024-10-07 08:31:36,android,oppo,0,0,33,3,1
3380,1693,2024-04-22 19:26:30,android,huawei,0,1,27,1,1
3381,1693,2024-07-06 19:26:30,android,oppo,0,1,67,2,1
3382,1694,2025-07-30 06:49:46,android,xiaomi,0,0,32,2,1
3383,1694,2025-05-23 06:49:46,android,huawei,0,0,60,1,1
3384,1695,2025-03-03 05:20:16,android,huawei,0,0,51,3,1
3385,1696,2024-05-11 01:02:06,android,apple,0,0,44,2,1
3386,1696,2024-06-01 01:02:06,ios,samsung,0,0,35,1,0
3387,1697,2024-12-11 13:04:26,android,huawei,0,0,57,3,1
3388,1698,2026-01-15 22:20:58,ios,xiaomi,0,0,37,1,1
3389,1698,2025-11-30 22:20:58,ios,huawei,0,0,0,2,1
3390,1699,2024-07-10 17:33:19,android,xiaomi,0,0,44,1,1
3391,1700,2024-07-20 06:17:58,android,vivo,0,0,56,2,0
3392,1701,2025-08-04 20:12:33,ios,huawei,0,0,34,1,1
3393,1701,2025-05-08 20:12:33,android,apple,0,0,34,2,1
3394,1702,2024-08-10 15:58:32,ios,vivo,0,0,17,1,0
3395,1703,2026-02-01 12:48:20,android,vivo,0,0,16,4,1
3396,1704,2025-11-15 01:22:46,android,oppo,0,0,11,1,1
3397,1705,2026-02-13 23:26:55,android,xiaomi,0,0,87,1,1
3398,1705,2026-01-13 23:26:55,android,vivo,0,1,32,1,1
3399,1706,2026-02-16 04:26:58,android,xiaomi,0,0,51,2,1
3400,1707,2024-09-19 22:44:59,android,xiaomi,0,0,21,1,1
3401,1708,2024-08-26 20:49:21,android,oppo,0,1,34,3,1
3402,1708,2024-09-21 20:49:21,android,xiaomi,0,0,45,2,1
3403,1708,2024-09-01 20:49:21,android,xiaomi,0,0,33,5,1
3404,1709,2024-09-11 03:02:34,android,vivo,0,0,39,3,1
3405,1709,2024-10-05 03:02:34,android,vivo,0,0,6,1,1
3406,1710,2024-12-18 22:54:41,android,huawei,0,0,42,4,1
3407,1710,2025-03-17 22:54:41,android,vivo,0,0,22,2,1
3408,1710,2025-03-05 22:54:41,android,huawei,0,0,56,1,1
3409,1711,2025-11-05 09:31:28,android,oppo,0,0,56,3,1
3410,1711,2025-12-05 09:31:28,android,xiaomi,0,1,39,1,0
3411,1712,2025-07-13 10:49:50,android,xiaomi,0,1,11,1,1
3412,1712,2025-06-26 10:49:50,android,huawei,0,0,50,1,1
3413,1713,2025-08-02 10:29:45,android,oppo,0,0,68,1,0
3414,1714,2025-10-04 04:58:03,android,oppo,0,0,75,1,1
3415,1715,2025-05-18 11:56:49,android,xiaomi,0,0,33,1,1
3416,1715,2025-04-09 11:56:49,android,vivo,0,0,25,5,0
3417,1715,2025-05-13 11:56:49,android,vivo,0,0,60,1,1
3418,1716,2024-10-31 17:00:11,ios,apple,0,0,44,1,1
3419,1717,2024-10-27 11:46:32,android,xiaomi,0,0,64,2,1
3420,1718,2025-03-25 10:10:53,android,huawei,0,0,30,5,1
3421,1718,2025-03-30 10:10:53,android,apple,0,0,59,1,1
3422,1718,2025-03-04 10:10:53,android,oppo,0,0,89,3,1
3423,1719,2024-03-29 19:17:20,android,oppo,0,0,56,1,1
3424,1719,2024-06-05 19:17:20,android,vivo,0,0,45,3,1
3425,1719,2024-05-03 19:17:20,android,huawei,0,0,58,2,0
3426,1720,2025-09-27 10:52:17,android,xiaomi,0,0,38,1,0
3427,1720,2025-08-31 10:52:17,android,oppo,0,0,65,1,1
3428,1721,2025-06-22 12:38:00,android,huawei,0,0,16,1,1
3429,1721,2025-08-08 12:38:00,android,vivo,0,0,29,1,1
3430,1722,2025-06-15 17:30:08,android,xiaomi,0,0,31,3,1
3431,1722,2025-07-15 17:30:08,android,xiaomi,0,0,57,1,1
3432,1723,2025-03-26 18:40:20,android,huawei,0,0,5,4,1
3433,1724,2025-10-31 13:27:41,android,vivo,0,0,21,1,1
3434,1725,2025-11-27 07:38:12,ios,xiaomi,0,0,49,1,0
3435,1725,2026-02-10 07:38:12,android,vivo,0,0,42,4,1
3436,1725,2026-01-01 07:38:12,android,huawei,0,0,19,2,1
3437,1726,2025-03-22 01:14:25,android,xiaomi,0,0,42,1,1
3438,1726,2025-05-06 01:14:25,ios,oppo,0,0,44,4,1
3439,1726,2025-03-14 01:14:25,ios,samsung,0,0,54,1,1
3440,1727,2025-02-27 09:36:16,android,xiaomi,0,0,41,1,1
3441,1728,2024-06-06 08:51:23,android,vivo,0,0,51,2,1
3442,1728,2024-07-04 08:51:23,android,vivo,0,0,30,1,1
3443,1729,2025-11-02 10:25:35,android,oppo,0,0,39,2,1
3444,1729,2025-08-16 10:25:35,ios,other,0,0,0,2,1
3445,1729,2025-10-18 10:25:35,android,huawei,0,0,63,1,1
3446,1730,2026-01-05 21:36:43,android,other,0,0,62,1,1
3447,1731,2025-06-28 15:04:01,ios,apple,0,0,77,1,1
3448,1732,2025-11-28 20:49:51,android,samsung,0,0,57,4,1
3449,1732,2025-11-15 20:49:51,android,vivo,0,0,28,1,1
3450,1732,2025-10-21 20:49:51,android,vivo,0,0,35,2,1
3451,1733,2025-10-21 16:12:54,ios,apple,0,0,45,1,1
3452,1733,2025-12-30 16:12:54,android,oppo,0,0,83,3,1
3453,1733,2025-11-20 16:12:54,android,other,0,0,41,3,1
3454,1734,2025-09-16 14:40:01,android,oppo,0,0,38,1,1
3455,1734,2025-09-15 14:40:01,android,vivo,0,0,18,1,1
3456,1735,2025-03-28 02:27:59,android,apple,0,0,39,1,1
3457,1735,2025-01-13 02:27:59,android,oppo,0,0,96,1,1
3458,1736,2024-03-10 21:35:26,android,xiaomi,0,1,50,3,1
3459,1737,2024-01-19 08:51:56,android,huawei,0,0,48,2,1
3460,1738,2024-06-24 05:02:30,android,samsung,0,0,30,1,1
3461,1738,2024-05-23 05:02:30,android,oppo,0,0,35,1,1
3462,1739,2025-01-17 15:33:03,ios,other,0,0,36,1,1
3463,1740,2025-09-24 19:52:42,ios,other,0,0,18,3,1
3464,1740,2025-06-28 19:52:42,android,huawei,0,0,51,3,1
3465,1741,2024-12-07 17:44:23,ios,apple,0,0,40,5,0
3466,1741,2025-01-13 17:44:23,android,samsung,0,0,9,3,1
3467,1741,2025-03-10 17:44:23,ios,xiaomi,0,0,33,5,1
3468,1742,2024-04-26 21:24:52,android,oppo,0,0,0,2,1
3469,1742,2024-03-22 21:24:52,android,apple,0,0,42,1,1
3470,1742,2024-01-24 21:24:52,ios,samsung,0,0,67,3,1
3471,1743,2024-07-20 13:15:14,android,vivo,0,0,26,1,1
3472,1743,2024-06-20 13:15:14,ios,huawei,0,0,7,2,1
3473,1744,2026-04-02 20:00:56,ios,apple,0,0,28,1,1
3474,1745,2026-01-10 06:09:07,android,huawei,0,0,32,3,1
3475,1745,2026-02-16 06:09:07,android,huawei,0,0,27,2,1
3476,1745,2026-01-10 06:09:07,android,samsung,0,0,29,2,1
3477,1746,2025-01-21 07:34:29,android,vivo,0,0,12,2,1
3478,1746,2024-10-16 07:34:29,ios,vivo,0,0,46,1,1
3479,1746,2025-01-09 07:34:29,android,huawei,0,0,21,1,1
3480,1747,2025-11-13 15:20:50,android,huawei,0,0,28,1,1
3481,1747,2025-08-28 15:20:50,android,samsung,0,0,0,2,1
3482,1748,2025-09-28 02:21:20,android,oppo,0,0,20,1,1
3483,1748,2025-08-27 02:21:20,android,samsung,0,0,34,1,1
3484,1748,2025-08-31 02:21:20,android,oppo,0,0,40,3,1
3485,1749,2026-01-17 19:49:28,ios,xiaomi,0,0,36,3,1
3486,1749,2026-02-21 19:49:28,android,apple,0,0,65,4,1
3487,1750,2025-11-04 22:14:43,android,vivo,0,0,47,2,1
3488,1750,2025-10-21 22:14:43,android,huawei,0,0,21,1,1
3489,1750,2025-10-20 22:14:43,android,xiaomi,0,0,32,1,1
3490,1751,2025-07-20 23:33:12,android,other,0,1,16,2,1
3491,1751,2025-04-05 23:33:12,ios,xiaomi,0,0,64,3,1
3492,1752,2024-12-20 01:54:56,android,oppo,0,0,21,1,1
3493,1753,2025-07-10 11:03:43,android,apple,0,0,31,3,0
3494,1754,2024-08-30 23:12:04,ios,other,0,0,31,1,1
3495,1755,2024-12-30 02:32:49,android,huawei,0,0,61,3,1
3496,1755,2024-09-06 02:32:49,android,huawei,0,1,16,2,1
3497,1755,2024-10-02 02:32:49,android,huawei,0,0,13,2,1
3498,1756,2025-05-14 09:08:40,android,samsung,0,1,29,2,1
3499,1756,2025-04-28 09:08:40,android,other,0,0,44,4,1
3500,1756,2025-05-06 09:08:40,android,xiaomi,0,0,73,2,1
3501,1757,2025-05-31 02:54:22,android,xiaomi,0,0,46,1,1
3502,1757,2025-04-19 02:54:22,android,other,0,0,16,2,1
3503,1758,2025-05-18 02:56:01,android,vivo,0,0,41,1,1
3504,1758,2025-04-15 02:56:01,android,xiaomi,0,0,41,2,0
3505,1759,2024-12-19 19:31:08,android,oppo,0,0,17,5,1
3506,1759,2025-01-18 19:31:08,ios,vivo,0,0,25,3,1
3507,1759,2025-01-24 19:31:08,android,oppo,0,0,54,2,1
3508,1760,2024-10-24 16:07:56,ios,xiaomi,0,0,5,1,1
3509,1760,2025-02-02 16:07:56,android,xiaomi,0,0,32,1,1
3510,1760,2025-01-26 16:07:56,ios,huawei,0,0,68,1,1
3511,1761,2024-01-05 10:33:53,android,other,0,0,32,1,1
3512,1761,2024-03-06 10:33:53,ios,oppo,0,0,26,1,0
3513,1761,2024-02-01 10:33:53,android,other,0,0,77,1,1
3514,1762,2025-06-21 07:05:37,android,samsung,0,0,0,2,1
3515,1762,2025-03-19 07:05:37,android,oppo,0,0,62,2,1
3516,1763,2025-04-19 07:45:18,android,other,0,0,44,1,1
3517,1763,2025-04-03 07:45:18,android,xiaomi,0,0,36,1,1
3518,1764,2026-03-01 19:52:53,android,xiaomi,0,0,44,5,0
3519,1764,2026-01-23 19:52:53,android,samsung,0,0,53,1,1
3520,1765,2025-02-23 02:58:40,ios,vivo,0,0,40,1,1
3521,1765,2025-03-27 02:58:40,android,other,0,0,88,1,1
3522,1765,2025-02-22 02:58:40,ios,xiaomi,0,0,45,2,1
3523,1766,2025-02-01 09:03:26,android,xiaomi,0,0,71,2,1
3524,1766,2024-12-12 09:03:26,android,xiaomi,0,0,69,3,0
3525,1766,2025-01-21 09:03:26,android,oppo,0,0,21,2,0
3526,1767,2024-04-21 09:47:45,android,xiaomi,0,1,33,1,1
3527,1767,2024-03-01 09:47:45,android,vivo,0,0,72,1,1
3528,1768,2024-07-01 14:55:22,ios,oppo,0,0,42,3,1
3529,1768,2024-07-20 14:55:22,android,xiaomi,0,0,45,2,1
3530,1768,2024-06-21 14:55:22,android,huawei,0,0,43,3,1
3531,1769,2024-10-01 18:25:02,ios,vivo,1,0,36,4,1
3532,1770,2024-10-31 08:38:55,android,xiaomi,0,0,42,3,1
3533,1770,2024-11-06 08:38:55,android,other,0,0,5,3,1
3534,1771,2024-10-27 18:15:21,android,huawei,0,0,22,3,1
3535,1772,2025-01-27 16:45:15,ios,other,0,0,27,3,1
3536,1772,2024-12-02 16:45:15,android,samsung,0,0,38,1,1
3537,1772,2024-12-30 16:45:15,android,xiaomi,0,0,42,1,1
3538,1773,2025-08-02 07:26:23,android,xiaomi,0,0,22,1,1
3539,1774,2024-07-23 17:01:27,android,vivo,0,0,61,1,1
3540,1775,2024-08-31 13:11:14,android,xiaomi,0,0,15,1,1
3541,1775,2024-11-26 13:11:14,ios,oppo,0,0,28,4,0
3542,1776,2024-06-20 21:30:31,android,huawei,0,0,25,1,1
3543,1776,2024-07-07 21:30:31,android,oppo,0,0,48,1,1
3544,1777,2024-09-08 16:34:39,android,huawei,0,0,44,1,1
3545,1777,2024-09-21 16:34:39,android,oppo,0,0,51,1,1
3546,1778,2025-06-11 17:31:39,android,oppo,0,0,23,2,1
3547,1779,2024-02-21 03:18:04,android,apple,0,0,36,1,1
3548,1779,2024-02-07 03:18:04,android,apple,0,0,40,1,1
3549,1779,2024-01-28 03:18:04,android,samsung,0,0,22,1,1
3550,1780,2024-12-24 19:39:00,android,huawei,0,0,60,3,1
3551,1780,2024-09-22 19:39:00,android,apple,0,0,4,2,1
3552,1780,2024-11-25 19:39:00,android,xiaomi,0,0,88,1,1
3553,1781,2024-01-10 06:59:10,android,samsung,0,0,32,3,1
3554,1782,2026-01-06 01:49:11,ios,xiaomi,0,0,25,1,0
3555,1782,2026-02-02 01:49:11,android,huawei,0,0,24,1,0
3556,1782,2026-01-19 01:49:11,ios,oppo,0,0,60,1,0
3557,1783,2025-09-20 21:34:39,ios,vivo,0,0,48,2,0
3558,1783,2025-08-04 21:34:39,android,oppo,0,0,40,2,1
3559,1783,2025-07-24 21:34:39,android,vivo,0,0,58,2,1
3560,1784,2024-08-28 19:48:53,android,oppo,0,0,48,1,1
3561,1784,2024-07-05 19:48:53,android,other,0,0,44,2,1
3562,1784,2024-09-16 19:48:53,android,oppo,0,0,48,3,1
3563,1785,2024-05-31 16:24:55,ios,xiaomi,0,0,66,3,1
3564,1785,2024-07-05 16:24:55,android,oppo,0,0,53,1,1
3565,1786,2024-06-01 05:09:26,ios,vivo,0,0,41,4,1
3566,1786,2024-03-15 05:09:26,android,vivo,0,0,60,2,1
3567,1787,2025-01-17 04:51:19,android,vivo,0,0,55,1,1
3568,1787,2025-03-22 04:51:19,android,apple,0,0,73,1,1
3569,1788,2025-08-28 01:23:59,android,oppo,0,0,63,3,1
3570,1788,2025-07-10 01:23:59,android,vivo,0,0,50,1,1
3571,1788,2025-07-21 01:23:59,android,xiaomi,0,0,45,1,1
3572,1789,2025-05-04 11:21:45,android,other,0,0,75,1,1
3573,1789,2025-03-08 11:21:45,android,huawei,0,0,90,2,1
3574,1789,2025-04-17 11:21:45,ios,samsung,0,0,44,2,0
3575,1790,2026-01-10 03:45:05,android,xiaomi,0,0,17,5,0
3576,1791,2024-10-14 23:41:10,android,vivo,0,0,80,5,1
3577,1791,2024-12-16 23:41:10,ios,samsung,0,0,19,2,1
3578,1791,2024-11-23 23:41:10,android,vivo,0,0,8,1,1
3579,1792,2024-10-13 00:32:45,android,xiaomi,0,0,46,2,1
3580,1792,2024-07-25 00:32:45,android,huawei,0,0,44,1,1
3581,1793,2025-01-13 23:27:55,android,other,0,0,56,5,1
3582,1793,2025-01-10 23:27:55,android,vivo,0,1,64,1,1
3583,1794,2024-06-15 12:35:00,ios,oppo,0,0,43,2,1
3584,1794,2024-09-07 12:35:00,android,vivo,0,0,23,5,1
3585,1794,2024-06-26 12:35:00,android,apple,0,0,98,5,1
3586,1795,2026-02-10 05:17:50,android,oppo,0,0,45,2,1
3587,1795,2026-01-05 05:17:50,ios,huawei,0,0,56,2,1
3588,1796,2024-07-08 14:37:21,ios,xiaomi,0,0,51,1,1
3589,1797,2025-02-01 13:44:39,android,apple,0,0,70,1,1
3590,1797,2024-12-15 13:44:39,android,vivo,0,0,82,3,1
3591,1797,2025-03-01 13:44:39,android,xiaomi,0,0,31,1,1
3592,1798,2025-04-29 01:39:19,android,apple,0,0,23,2,1
3593,1799,2024-02-13 15:27:08,android,huawei,0,0,59,3,1
3594,1799,2024-04-13 15:27:08,android,other,0,1,47,3,1
3595,1800,2025-01-12 22:39:34,android,apple,0,0,45,1,1
3596,1800,2024-12-22 22:39:34,android,huawei,0,0,45,1,1
3597,1801,2024-11-23 22:23:04,android,vivo,0,0,44,3,1
3598,1802,2024-08-05 09:23:09,android,oppo,0,0,24,3,1
3599,1802,2024-08-21 09:23:09,android,samsung,0,0,24,1,1
3600,1802,2024-10-26 09:23:09,android,vivo,0,1,42,1,1
3601,1803,2024-03-26 10:00:17,android,vivo,0,0,42,1,1
3602,1803,2024-07-22 10:00:17,ios,oppo,0,0,65,2,1
3603,1804,2024-03-07 23:25:58,android,huawei,0,0,74,1,1
3604,1804,2024-05-09 23:25:58,android,vivo,0,0,16,4,1
3605,1805,2024-04-26 06:21:05,android,vivo,0,0,47,3,1
3606,1806,2025-03-09 11:43:41,ios,xiaomi,0,0,24,2,1
3607,1806,2025-04-03 11:43:41,ios,xiaomi,0,0,12,2,1
3608,1806,2025-01-25 11:43:41,android,huawei,0,0,29,1,1
3609,1807,2024-06-22 14:01:00,ios,xiaomi,0,0,22,1,1
3610,1808,2026-02-11 07:30:09,android,xiaomi,0,0,73,1,1
3611,1808,2026-01-13 07:30:09,android,huawei,0,0,32,1,1
3612,1808,2026-03-22 07:30:09,android,other,0,0,72,1,1
3613,1809,2024-07-23 15:58:13,ios,oppo,0,0,27,2,1
3614,1810,2025-05-08 08:08:11,android,apple,0,0,70,2,1
3615,1811,2025-07-23 15:30:50,android,huawei,0,0,32,5,1
3616,1812,2025-04-05 17:16:29,android,oppo,0,0,8,2,1
3617,1812,2025-02-19 17:16:29,android,xiaomi,0,0,4,2,0
3618,1812,2025-03-07 17:16:29,android,apple,0,1,60,5,1
3619,1813,2025-12-13 00:53:35,android,xiaomi,0,0,40,1,1
3620,1813,2025-10-13 00:53:35,android,apple,0,0,19,2,1
3621,1813,2026-01-03 00:53:35,android,huawei,0,0,39,4,1
3622,1814,2024-05-02 19:19:30,ios,apple,0,0,56,5,1
3623,1814,2024-04-09 19:19:30,android,other,0,0,37,4,1
3624,1815,2024-07-03 20:14:02,android,oppo,0,0,58,4,0
3625,1815,2024-09-05 20:14:02,android,vivo,0,1,81,1,1
3626,1815,2024-06-18 20:14:02,android,apple,0,0,29,3,0
3627,1816,2024-07-06 06:41:01,android,samsung,0,0,56,1,0
3628,1816,2024-06-25 06:41:01,android,vivo,0,0,15,1,1
3629,1817,2024-06-28 20:27:38,android,other,0,0,38,1,0
3630,1817,2024-07-07 20:27:38,ios,xiaomi,0,0,30,1,1
3631,1817,2024-06-05 20:27:38,android,oppo,0,0,28,2,0
3632,1818,2024-08-21 04:26:22,android,samsung,0,0,69,4,1
3633,1819,2024-09-10 06:16:48,android,other,0,0,55,3,1
3634,1819,2024-08-10 06:16:48,android,oppo,0,0,25,1,1
3635,1820,2025-09-10 07:21:29,ios,samsung,0,0,46,1,0
3636,1820,2025-09-17 07:21:29,android,xiaomi,0,0,35,5,1
3637,1821,2024-08-07 04:29:49,android,apple,0,0,72,1,1
3638,1821,2024-10-22 04:29:49,android,oppo,0,0,31,1,1
3639,1822,2025-12-25 23:58:23,android,huawei,0,0,38,3,1
3640,1822,2025-12-29 23:58:23,android,other,1,0,59,1,1
3641,1822,2025-11-15 23:58:23,android,other,0,0,40,2,1
3642,1823,2025-10-31 01:15:00,android,apple,0,0,19,2,1
3643,1823,2025-10-31 01:15:00,android,other,0,0,46,1,1
3644,1823,2025-07-12 01:15:00,ios,vivo,0,0,46,2,1
3645,1824,2025-10-19 04:45:54,ios,apple,0,0,47,1,1
3646,1824,2025-12-15 04:45:54,android,apple,0,0,46,3,1
3647,1825,2024-06-26 19:32:07,android,vivo,0,0,0,1,1
3648,1825,2024-06-02 19:32:07,android,xiaomi,0,0,14,1,1
3649,1825,2024-04-14 19:32:07,ios,oppo,0,0,33,2,1
3650,1826,2026-03-21 17:38:31,ios,huawei,0,0,35,1,1
3651,1827,2025-03-17 04:37:44,android,other,0,0,39,1,1
3652,1828,2026-01-14 03:03:51,android,xiaomi,0,0,32,2,1
3653,1829,2024-12-16 00:50:12,android,oppo,0,0,59,3,1
3654,1830,2025-12-10 16:32:41,android,xiaomi,0,0,39,2,1
3655,1830,2026-03-03 16:32:41,android,other,0,0,45,1,1
3656,1830,2025-11-18 16:32:41,android,huawei,0,0,48,3,1
3657,1831,2025-03-11 16:22:13,android,vivo,0,0,47,1,1
3658,1831,2025-05-18 16:22:13,android,xiaomi,0,1,66,1,1
3659,1832,2024-02-15 10:19:26,android,apple,0,0,16,1,1
3660,1832,2024-03-24 10:19:26,android,xiaomi,0,0,59,2,1
3661,1833,2024-11-02 09:22:51,android,samsung,0,0,36,1,1
3662,1833,2024-12-30 09:22:51,android,xiaomi,0,0,71,3,0
3663,1834,2024-07-27 14:08:33,android,apple,1,0,35,1,1
3664,1835,2026-03-06 03:13:13,android,xiaomi,0,0,13,1,1
3665,1835,2026-02-13 03:13:13,android,oppo,0,0,63,1,1
3666,1836,2024-11-06 06:15:12,android,xiaomi,0,0,30,1,1
3667,1836,2024-08-08 06:15:12,ios,vivo,0,0,37,1,1
3668,1836,2024-09-05 06:15:12,android,xiaomi,0,0,52,2,1
3669,1837,2024-06-10 07:46:03,android,vivo,0,0,23,4,1
3670,1838,2025-03-27 14:46:38,ios,apple,0,0,85,2,1
3671,1839,2025-01-17 08:49:44,android,huawei,0,0,36,1,1
3672,1839,2025-01-07 08:49:44,android,apple,0,0,48,1,1
3673,1839,2025-02-25 08:49:44,android,other,0,0,70,1,1
3674,1840,2024-05-27 19:03:09,ios,huawei,0,0,33,1,1
3675,1840,2024-06-23 19:03:09,ios,other,0,0,36,2,1
3676,1840,2024-06-25 19:03:09,ios,xiaomi,0,0,37,3,1
3677,1841,2025-10-31 00:58:35,ios,xiaomi,0,0,92,1,1
3678,1842,2025-10-25 10:21:45,android,huawei,0,0,4,1,1
3679,1843,2025-07-01 08:41:51,android,xiaomi,0,0,46,1,1
3680,1843,2025-08-06 08:41:51,android,xiaomi,0,0,38,2,1
3681,1843,2025-09-27 08:41:51,ios,apple,0,0,39,1,1
3682,1844,2025-07-02 05:34:05,android,oppo,0,1,13,2,1
3683,1845,2024-11-15 20:48:39,android,vivo,0,0,19,3,1
3684,1845,2025-01-26 20:48:39,android,apple,0,1,11,3,1
3685,1845,2024-11-04 20:48:39,android,xiaomi,0,0,50,2,1
3686,1846,2025-04-29 22:13:27,ios,other,0,0,41,1,1
3687,1846,2025-03-29 22:13:27,android,other,0,0,32,1,0
3688,1847,2025-03-24 07:51:25,ios,huawei,0,0,50,2,1
3689,1847,2025-01-21 07:51:25,android,xiaomi,0,0,18,1,1
3690,1847,2025-03-18 07:51:25,android,vivo,0,0,36,3,1
3691,1848,2024-06-27 16:15:15,android,oppo,0,0,54,1,1
3692,1848,2024-06-20 16:15:15,android,huawei,0,0,20,1,1
3693,1848,2024-05-17 16:15:15,android,xiaomi,0,0,36,1,1
3694,1849,2024-06-18 17:22:04,ios,vivo,0,0,41,1,1
3695,1850,2024-10-13 21:02:09,android,xiaomi,1,0,55,1,1
3696,1850,2024-07-10 21:02:09,android,oppo,0,0,72,1,1
3697,1850,2024-08-01 21:02:09,ios,oppo,0,0,45,2,1
3698,1851,2025-03-17 15:55:22,ios,samsung,0,0,55,1,1
3699,1851,2025-01-02 15:55:22,ios,other,0,0,31,1,0
3700,1851,2025-01-13 15:55:22,android,xiaomi,0,0,60,3,1
3701,1852,2024-07-30 00:40:00,android,oppo,0,0,25,1,1
3702,1853,2024-04-28 20:48:55,android,apple,0,0,42,1,1
3703,1853,2024-03-19 20:48:55,ios,apple,0,0,51,2,1
3704,1853,2024-07-06 20:48:55,ios,oppo,0,0,35,1,1
3705,1854,2025-12-07 21:52:08,android,apple,0,0,36,1,0
3706,1854,2025-11-05 21:52:08,android,oppo,0,0,64,1,1
3707,1854,2025-11-21 21:52:08,android,apple,0,0,31,3,1
3708,1855,2024-12-07 17:56:33,android,other,0,0,28,1,1
3709,1856,2025-05-05 11:40:19,android,vivo,0,0,42,1,1
3710,1856,2025-06-20 11:40:19,android,apple,0,0,53,1,1
3711,1856,2025-02-25 11:40:19,android,vivo,0,0,25,1,1
3712,1857,2025-04-20 12:58:29,android,oppo,0,1,66,3,1
3713,1857,2025-04-21 12:58:29,android,xiaomi,0,0,62,3,1
3714,1857,2025-04-17 12:58:29,android,apple,0,1,73,3,1
3715,1858,2025-10-08 15:28:03,android,vivo,1,0,56,4,1
3716,1858,2025-06-21 15:28:03,android,xiaomi,0,0,23,1,1
3717,1859,2025-08-16 01:30:32,android,xiaomi,0,0,3,1,1
3718,1859,2025-06-26 01:30:32,android,vivo,0,1,48,3,1
3719,1859,2025-07-08 01:30:32,android,oppo,0,1,43,2,1
3720,1860,2024-10-10 02:29:44,android,huawei,0,0,31,1,1
3721,1860,2024-11-07 02:29:44,android,oppo,0,0,67,1,1
3722,1861,2025-12-03 23:20:15,android,samsung,0,0,18,1,1
3723,1862,2024-11-23 00:20:46,android,samsung,0,0,51,4,0
3724,1862,2024-11-16 00:20:46,android,huawei,0,0,0,1,0
3725,1863,2025-12-09 16:48:51,android,xiaomi,0,0,17,1,1
3726,1863,2025-12-01 16:48:51,android,oppo,0,0,36,1,1
3727,1864,2025-02-06 13:03:32,android,apple,0,1,31,1,1
3728,1865,2024-04-16 00:37:01,ios,huawei,0,0,47,1,1
3729,1865,2024-05-31 00:37:01,android,other,0,0,20,3,1
3730,1866,2025-10-11 19:27:44,android,apple,1,0,18,3,1
3731,1866,2025-09-02 19:27:44,android,oppo,0,0,53,2,1
3732,1866,2025-07-11 19:27:44,android,vivo,0,0,30,1,1
3733,1867,2024-02-02 00:25:35,android,other,0,0,44,2,1
3734,1867,2024-04-22 00:25:35,android,xiaomi,0,0,50,1,0
3735,1867,2024-01-28 00:25:35,ios,xiaomi,0,0,38,2,1
3736,1868,2025-08-17 19:37:27,ios,samsung,0,0,60,1,1
3737,1868,2025-09-26 19:37:27,android,xiaomi,0,0,41,1,1
3738,1868,2025-10-29 19:37:27,android,xiaomi,0,0,26,3,0
3739,1869,2024-05-20 12:12:33,android,oppo,0,0,36,4,1
3740,1869,2024-04-18 12:12:33,android,huawei,0,0,62,1,1
3741,1870,2024-06-18 23:22:22,android,huawei,0,0,58,1,1
3742,1870,2024-05-30 23:22:22,android,xiaomi,0,0,76,4,1
3743,1870,2024-06-20 23:22:22,android,samsung,0,1,64,2,1
3744,1871,2025-04-20 10:56:56,ios,xiaomi,0,0,72,4,1
3745,1871,2025-05-21 10:56:56,android,samsung,0,0,69,3,1
3746,1871,2025-04-30 10:56:56,android,xiaomi,0,0,43,4,1
3747,1872,2025-12-29 07:45:38,android,oppo,0,0,44,3,1
3748,1872,2025-12-05 07:45:38,android,other,0,0,54,1,0
3749,1872,2025-11-21 07:45:38,android,xiaomi,0,0,31,2,0
3750,1873,2024-11-21 04:31:46,android,apple,0,0,46,2,1
3751,1873,2025-01-25 04:31:46,android,huawei,0,0,65,2,1
3752,1873,2025-01-21 04:31:46,android,vivo,0,0,5,1,1
3753,1874,2024-05-20 01:52:53,android,vivo,0,0,46,1,1
3754,1874,2024-03-27 01:52:53,android,samsung,0,0,52,1,1
3755,1874,2024-03-28 01:52:53,android,xiaomi,0,0,24,2,1
3756,1875,2024-09-22 00:33:59,android,vivo,0,0,57,3,1
3757,1875,2024-06-18 00:33:59,android,xiaomi,0,0,13,4,1
3758,1876,2026-01-12 04:03:31,android,other,0,0,14,1,1
3759,1876,2026-01-22 04:03:31,android,apple,0,0,65,1,1
3760,1876,2025-10-18 04:03:31,android,vivo,0,0,71,1,1
3761,1877,2025-07-23 12:24:40,ios,xiaomi,0,0,16,1,1
3762,1877,2025-07-13 12:24:40,android,xiaomi,0,0,60,1,1
3763,1878,2024-04-08 06:55:54,android,huawei,0,1,22,2,1
3764,1878,2024-03-11 06:55:54,android,other,0,0,65,3,1
3765,1878,2024-04-19 06:55:54,ios,apple,0,0,19,1,1
3766,1879,2024-10-16 23:23:58,android,vivo,0,0,37,1,1
3767,1879,2025-01-14 23:23:58,ios,xiaomi,0,0,60,1,1
3768,1879,2025-01-14 23:23:58,android,vivo,0,0,20,1,1
3769,1880,2024-08-13 02:44:14,android,oppo,0,0,28,3,1
3770,1880,2024-10-12 02:44:14,ios,samsung,0,0,26,3,1
3771,1881,2024-06-03 19:36:58,android,huawei,0,0,42,1,1
3772,1881,2024-06-26 19:36:58,android,apple,0,0,60,1,1
3773,1881,2024-06-16 19:36:58,android,xiaomi,0,0,54,1,1
3774,1882,2025-12-19 22:18:14,ios,vivo,0,0,36,1,1
3775,1882,2025-12-11 22:18:14,android,oppo,0,0,29,1,1
3776,1882,2025-12-14 22:18:14,ios,vivo,0,0,81,3,1
3777,1883,2025-06-20 22:18:28,ios,xiaomi,0,0,18,2,1
3778,1883,2025-06-18 22:18:28,android,oppo,0,0,29,2,1
3779,1884,2024-06-13 00:42:03,ios,xiaomi,0,0,46,1,1
3780,1884,2024-05-12 00:42:03,android,apple,0,0,48,5,1
3781,1884,2024-05-29 00:42:03,android,oppo,0,0,74,1,1
3782,1885,2025-08-06 00:10:41,android,samsung,0,1,23,1,1
3783,1885,2025-05-22 00:10:41,ios,apple,0,0,50,2,1
3784,1885,2025-07-07 00:10:41,android,vivo,0,0,37,1,1
3785,1886,2025-02-15 21:42:36,ios,apple,0,0,41,2,1
3786,1887,2024-03-06 21:04:19,android,other,0,0,23,1,1
3787,1888,2025-02-02 09:32:05,ios,other,0,0,62,3,1
3788,1888,2025-02-25 09:32:05,ios,xiaomi,0,0,15,4,1
3789,1889,2024-07-07 05:15:44,android,apple,0,0,26,1,1
3790,1890,2024-10-03 00:56:13,android,huawei,0,0,28,3,1
3791,1890,2024-09-24 00:56:13,android,apple,0,0,25,1,1
3792,1890,2024-08-17 00:56:13,ios,xiaomi,0,0,36,2,1
3793,1891,2025-12-04 16:02:38,android,other,0,0,31,1,1
3794,1891,2025-11-12 16:02:38,android,xiaomi,0,0,55,2,1
3795,1891,2026-01-13 16:02:38,android,xiaomi,0,0,1,2,1
3796,1892,2025-06-22 11:29:45,android,apple,0,0,88,1,1
3797,1893,2024-05-06 21:16:52,android,vivo,0,0,36,1,0
3798,1894,2025-11-07 11:22:59,ios,apple,0,0,48,2,1
3799,1894,2025-12-27 11:22:59,ios,oppo,0,0,28,4,1
3800,1895,2025-05-18 05:51:53,android,huawei,0,0,51,1,0
3801,1895,2025-04-01 05:51:53,android,oppo,0,0,44,1,1
3802,1895,2025-05-20 05:51:53,android,vivo,0,0,20,2,1
3803,1896,2025-12-05 10:33:23,android,huawei,0,0,39,2,1
3804,1897,2025-09-16 08:45:39,android,other,0,0,20,1,1
3805,1897,2025-08-12 08:45:39,android,oppo,0,0,23,2,1
3806,1898,2024-10-05 16:55:26,ios,oppo,0,0,17,3,0
3807,1899,2025-02-15 10:53:40,android,oppo,0,0,73,2,1
3808,1899,2025-03-05 10:53:40,android,apple,0,0,64,3,1
3809,1900,2025-04-02 12:29:56,android,xiaomi,0,1,53,1,1
3810,1900,2025-04-25 12:29:56,android,samsung,0,0,23,1,1
3811,1901,2025-09-19 13:22:31,android,xiaomi,0,0,13,2,1
3812,1902,2024-07-28 08:04:48,android,apple,0,0,44,1,1
3813,1903,2024-11-11 03:42:30,android,apple,0,0,26,2,1
3814,1903,2024-09-01 03:42:30,android,huawei,0,0,0,1,1
3815,1904,2024-07-18 16:50:04,android,xiaomi,0,0,68,3,0
3816,1904,2024-07-23 16:50:04,android,huawei,0,1,38,1,1
3817,1904,2024-08-31 16:50:04,ios,other,0,0,28,3,1
3818,1905,2024-09-20 04:25:24,android,other,0,0,33,1,1
3819,1906,2024-06-13 17:10:16,ios,vivo,0,0,29,2,1
3820,1906,2024-06-04 17:10:16,android,oppo,0,0,45,3,1
3821,1907,2024-03-03 16:17:37,android,samsung,0,0,21,1,1
3822,1907,2024-05-11 16:17:37,ios,apple,0,0,72,1,0
3823,1908,2026-02-22 05:07:59,ios,vivo,0,0,40,4,1
3824,1909,2024-02-17 06:00:23,android,apple,0,0,50,2,1
3825,1910,2026-01-29 05:33:51,android,vivo,0,0,30,1,1
3826,1911,2024-02-17 05:55:26,android,huawei,0,0,28,3,1
3827,1911,2024-01-20 05:55:26,android,samsung,0,0,26,2,1
3828,1912,2025-08-06 11:19:28,android,oppo,0,0,33,3,1
3829,1913,2024-12-05 17:38:26,android,oppo,0,0,56,2,1
3830,1913,2024-10-26 17:38:26,android,huawei,0,0,48,2,1
3831,1913,2024-09-16 17:38:26,android,xiaomi,0,0,54,2,0
3832,1914,2025-02-17 21:25:47,android,oppo,0,0,17,3,1
3833,1914,2025-04-20 21:25:47,android,vivo,0,0,15,3,1
3834,1915,2024-08-13 00:30:35,ios,vivo,0,0,87,1,1
3835,1916,2025-02-21 03:27:02,android,other,0,0,70,1,1
3836,1916,2025-03-02 03:27:02,android,vivo,1,1,12,3,1
3837,1916,2025-03-31 03:27:02,android,samsung,0,0,14,1,1
3838,1917,2025-03-03 15:21:57,ios,xiaomi,0,0,100,5,1
3839,1917,2024-12-23 15:21:57,android,vivo,0,0,14,3,1
3840,1918,2025-05-05 17:08:38,android,oppo,0,0,42,1,0
3841,1918,2025-01-20 17:08:38,android,samsung,0,0,26,1,1
3842,1919,2024-11-05 02:18:52,android,huawei,0,0,29,1,1
3843,1920,2025-04-29 16:40:17,android,apple,0,0,18,1,1
3844,1921,2025-11-22 14:01:49,ios,oppo,0,0,15,2,0
3845,1922,2025-02-15 05:32:42,android,other,0,0,7,2,1
3846,1922,2024-11-28 05:32:42,ios,xiaomi,0,0,23,1,1
3847,1923,2024-12-17 19:17:38,android,huawei,0,0,46,4,0
3848,1923,2024-12-23 19:17:38,android,vivo,0,0,6,2,1
3849,1923,2024-10-07 19:17:38,android,xiaomi,0,0,50,5,0
3850,1924,2024-05-13 04:20:40,ios,other,0,0,64,3,1
3851,1924,2024-07-23 04:20:40,android,huawei,0,0,56,1,1
3852,1924,2024-04-18 04:20:40,android,apple,0,0,68,1,1
3853,1925,2024-09-11 14:15:24,android,other,0,0,61,1,1
3854,1925,2024-10-14 14:15:24,android,oppo,0,0,57,5,1
3855,1925,2024-11-24 14:15:24,android,oppo,0,0,40,1,1
3856,1926,2024-07-06 17:37:50,android,xiaomi,0,0,16,1,1
3857,1926,2024-06-14 17:37:50,android,xiaomi,0,0,45,1,1
3858,1926,2024-05-05 17:37:50,android,xiaomi,0,0,67,1,1
3859,1927,2024-06-21 05:26:53,android,samsung,0,0,40,2,1
3860,1927,2024-08-04 05:26:53,android,huawei,0,0,78,3,1
3861,1927,2024-08-13 05:26:53,ios,huawei,0,0,70,4,1
3862,1928,2026-01-05 03:24:54,android,oppo,0,0,33,3,1
3863,1928,2026-01-13 03:24:54,android,xiaomi,0,0,21,5,1
3864,1928,2026-02-28 03:24:54,android,huawei,0,0,79,1,1
3865,1929,2024-03-25 06:32:31,android,vivo,0,0,18,2,1
3866,1929,2024-03-31 06:32:31,android,apple,0,1,39,1,1
3867,1930,2025-01-23 21:10:44,android,huawei,0,0,8,3,1
3868,1931,2025-10-10 00:56:30,android,xiaomi,0,0,65,2,0
3869,1931,2025-10-05 00:56:30,ios,vivo,0,0,55,2,1
3870,1932,2026-02-05 20:09:38,android,huawei,0,0,32,1,1
3871,1933,2024-07-30 02:25:36,android,vivo,0,0,32,3,0
3872,1934,2024-07-06 09:52:00,android,oppo,0,0,41,1,1
3873,1934,2024-04-26 09:52:00,ios,xiaomi,0,0,7,1,1
3874,1935,2024-11-30 23:53:50,android,oppo,0,0,31,2,1
3875,1935,2024-10-31 23:53:50,ios,oppo,0,0,17,1,1
3876,1936,2025-05-29 17:22:40,ios,xiaomi,0,0,11,2,1
3877,1936,2025-03-28 17:22:40,ios,xiaomi,0,0,44,1,1
3878,1937,2026-03-12 15:49:45,android,vivo,0,0,16,3,1
3879,1937,2025-12-12 15:49:45,android,oppo,0,0,52,2,1
3880,1937,2026-01-01 15:49:45,android,apple,0,0,7,3,1
3881,1938,2024-05-23 15:12:22,android,xiaomi,0,0,23,1,1
3882,1938,2024-08-25 15:12:22,android,oppo,0,0,30,1,0
3883,1938,2024-08-27 15:12:22,android,xiaomi,0,0,2,2,1
3884,1939,2024-07-20 00:12:07,android,vivo,0,0,46,1,1
3885,1940,2024-07-11 19:47:39,android,apple,0,0,52,1,1
3886,1941,2025-10-26 06:04:35,android,apple,1,0,48,4,1
3887,1942,2024-03-03 22:33:22,android,huawei,0,0,29,2,1
3888,1942,2024-04-29 22:33:22,android,xiaomi,0,0,44,1,0
3889,1942,2024-03-26 22:33:22,ios,huawei,0,0,64,1,1
3890,1943,2025-01-10 11:56:21,android,other,1,0,53,5,1
3891,1944,2024-06-17 20:03:43,android,apple,0,0,72,1,1
3892,1944,2024-03-28 20:03:43,android,other,0,0,14,1,0
3893,1944,2024-05-24 20:03:43,android,vivo,0,0,58,4,1
3894,1945,2024-07-22 15:55:02,android,vivo,0,0,59,2,1
3895,1945,2024-05-30 15:55:02,android,oppo,0,0,19,1,0
3896,1945,2024-05-01 15:55:02,android,xiaomi,0,0,34,1,1
3897,1946,2025-12-28 07:11:02,android,huawei,0,0,40,1,1
3898,1946,2026-02-04 07:11:02,ios,huawei,0,0,38,1,1
3899,1946,2025-11-09 07:11:02,android,apple,0,0,31,2,1
3900,1947,2024-03-20 05:06:38,android,other,0,0,50,4,1
3901,1947,2024-01-30 05:06:38,ios,apple,0,0,25,1,1
3902,1947,2024-01-19 05:06:38,android,oppo,0,0,9,2,1
3903,1948,2024-12-06 17:15:28,android,other,0,0,68,1,1
3904,1948,2024-08-21 17:15:28,android,huawei,0,0,17,1,1
3905,1948,2024-10-04 17:15:28,android,vivo,0,0,30,1,1
3906,1949,2025-12-19 06:14:12,ios,samsung,0,0,38,1,1
3907,1950,2025-06-12 22:25:25,ios,vivo,0,0,38,1,1
3908,1950,2025-06-01 22:25:25,android,xiaomi,0,0,69,1,0
3909,1951,2024-03-31 09:09:04,android,vivo,0,0,35,1,1
3910,1951,2024-04-14 09:09:04,android,xiaomi,0,0,27,1,1
3911,1952,2025-01-12 11:02:51,android,xiaomi,0,0,37,1,1
3912,1952,2025-01-09 11:02:51,android,apple,0,0,33,2,1
3913,1953,2026-03-19 18:58:24,android,other,0,0,30,2,1
3914,1954,2024-11-09 07:54:20,android,xiaomi,0,0,72,2,1
3915,1954,2025-01-31 07:54:20,android,xiaomi,0,0,28,1,1
3916,1954,2024-11-16 07:54:20,android,xiaomi,0,0,16,2,1
3917,1955,2025-01-21 21:37:13,ios,vivo,0,0,62,1,1
3918,1955,2025-02-21 21:37:13,android,oppo,0,0,53,1,1
3919,1956,2025-05-11 06:38:39,android,vivo,0,0,45,1,0
3920,1957,2025-05-17 03:02:01,android,vivo,0,0,7,5,1
3921,1958,2024-09-02 16:25:34,android,other,0,0,25,2,1
3922,1959,2025-12-15 23:16:19,android,xiaomi,0,0,40,1,1
3923,1959,2025-10-21 23:16:19,android,vivo,0,0,65,2,1
3924,1960,2026-02-17 16:20:25,ios,xiaomi,0,0,39,2,1
3925,1961,2024-07-29 01:32:11,ios,xiaomi,0,0,34,4,1
3926,1962,2025-10-19 08:45:13,android,huawei,0,0,46,1,0
3927,1962,2025-12-05 08:45:13,android,other,0,0,40,2,0
3928,1963,2025-10-11 08:15:22,ios,vivo,0,0,44,2,1
3929,1964,2025-10-02 09:05:18,ios,samsung,0,0,51,1,1
3930,1964,2025-07-03 09:05:18,android,apple,0,0,20,3,1
3931,1965,2024-11-26 17:45:32,android,vivo,0,0,52,3,1
3932,1965,2024-12-21 17:45:32,android,huawei,0,1,28,2,1
3933,1966,2025-03-10 04:39:46,android,apple,0,0,56,2,1
3934,1967,2025-11-28 14:59:00,android,oppo,0,0,47,1,0
3935,1967,2025-10-10 14:59:00,android,other,0,0,48,1,1
3936,1968,2024-06-06 14:24:25,android,xiaomi,0,0,48,2,1
3937,1968,2024-05-16 14:24:25,android,samsung,0,0,63,1,1
3938,1969,2025-10-21 23:36:46,android,apple,1,0,35,3,1
3939,1969,2025-10-14 23:36:46,android,xiaomi,0,0,28,2,1
3940,1969,2025-09-28 23:36:46,android,huawei,0,0,34,1,0
3941,1970,2025-08-17 18:20:26,android,oppo,0,0,29,2,1
3942,1970,2025-06-09 18:20:26,android,huawei,0,0,7,2,1
3943,1971,2024-09-17 05:06:05,android,apple,0,0,0,2,1
3944,1972,2025-04-24 04:19:33,android,apple,0,0,40,1,1
3945,1972,2025-05-30 04:19:33,android,xiaomi,0,0,48,2,0
3946,1972,2025-05-26 04:19:33,android,apple,0,0,34,1,1
3947,1973,2024-03-12 13:52:09,android,vivo,0,0,57,1,1
3948,1974,2026-02-24 05:12:05,android,other,0,0,38,2,1
3949,1975,2024-11-21 22:54:44,android,oppo,0,0,62,1,1
3950,1975,2024-08-30 22:54:44,android,other,0,0,45,1,1
3951,1975,2024-12-13 22:54:44,android,oppo,0,0,9,5,1
3952,1976,2024-04-30 16:21:47,android,apple,0,0,54,1,1
3953,1976,2024-02-16 16:21:47,android,vivo,0,0,17,2,1
3954,1976,2024-05-20 16:21:47,ios,samsung,0,0,28,2,1
3955,1977,2025-10-24 22:53:13,android,vivo,0,0,31,1,1
3956,1978,2025-05-05 00:25:14,ios,xiaomi,0,0,72,1,1
3957,1978,2025-04-20 00:25:14,ios,other,0,0,33,1,1
3958,1978,2025-06-10 00:25:14,android,samsung,0,0,50,1,0
3959,1979,2025-05-18 13:51:25,android,apple,0,0,28,3,1
3960,1979,2025-05-09 13:51:25,android,other,0,0,39,2,1
3961,1980,2024-04-27 11:46:30,android,samsung,0,0,29,2,0
3962,1980,2024-04-13 11:46:30,android,vivo,0,0,14,1,0
3963,1981,2025-07-30 02:41:31,ios,other,0,0,22,3,1
3964,1981,2025-09-02 02:41:31,android,vivo,0,0,73,3,1
3965,1981,2025-06-27 02:41:31,android,apple,0,0,25,1,1
3966,1982,2025-07-03 05:48:05,android,other,0,0,25,2,1
3967,1982,2025-07-09 05:48:05,android,other,0,1,57,1,0
3968,1983,2025-10-19 08:29:30,android,vivo,0,0,18,1,1
3969,1983,2025-08-25 08:29:30,android,huawei,0,0,20,4,1
3970,1983,2025-08-21 08:29:30,ios,oppo,0,0,52,2,1
3971,1984,2025-11-22 22:49:20,android,xiaomi,0,0,28,1,1
3972,1985,2024-09-16 17:26:41,android,xiaomi,0,0,50,1,1
3973,1985,2024-08-25 17:26:41,ios,vivo,0,0,49,1,1
3974,1986,2024-07-24 18:24:28,android,apple,0,0,92,4,0
3975,1986,2024-07-08 18:24:28,android,oppo,0,0,45,3,1
3976,1986,2024-06-11 18:24:28,android,xiaomi,0,0,80,1,0
3977,1987,2025-12-16 08:41:01,android,xiaomi,0,0,48,3,0
3978,1988,2025-04-12 15:35:16,android,samsung,0,0,60,3,1
3979,1988,2025-01-23 15:35:16,ios,other,0,0,78,1,1
3980,1988,2025-04-04 15:35:16,android,vivo,0,0,16,1,1
3981,1989,2024-11-18 17:34:40,ios,other,0,0,93,1,1
3982,1989,2024-12-04 17:34:40,android,oppo,0,0,74,3,0
3983,1990,2024-08-27 15:46:26,android,xiaomi,0,0,58,1,1
3984,1991,2025-06-09 11:31:08,ios,vivo,0,0,37,2,1
3985,1991,2025-06-23 11:31:08,android,samsung,0,0,15,1,0
3986,1992,2025-07-21 09:21:14,android,oppo,0,0,11,4,1
3987,1992,2025-10-17 09:21:14,android,oppo,0,1,49,3,1
3988,1992,2025-08-05 09:21:14,android,xiaomi,0,0,9,1,1
3989,1993,2024-02-22 16:26:58,android,xiaomi,0,0,15,1,1
3990,1993,2024-02-12 16:26:58,android,samsung,0,0,13,2,1
3991,1993,2024-03-25 16:26:58,ios,oppo,0,0,7,1,1
3992,1994,2025-05-15 10:13:05,ios,apple,0,0,27,2,1
3993,1995,2026-03-25 03:48:57,ios,huawei,0,0,40,1,1
3994,1995,2026-02-06 03:48:57,android,xiaomi,0,1,22,1,1
3995,1996,2024-09-15 20:48:51,android,xiaomi,0,0,38,3,1
3996,1996,2024-10-31 20:48:51,ios,oppo,1,0,53,1,1
3997,1996,2024-10-05 20:48:51,android,oppo,0,0,44,1,1
3998,1997,2024-08-15 01:18:16,android,vivo,0,0,76,2,1
3999,1998,2025-10-08 00:50:48,android,apple,1,0,30,2,1
4000,1998,2025-11-24 00:50:48,android,other,0,0,34,4,1
4001,1999,2024-04-30 07:20:44,android,apple,0,1,35,3,1
4002,1999,2024-02-15 07:20:44,android,xiaomi,0,0,33,1,1
4003,2000,2025-01-11 04:34:14,android,apple,0,0,13,2,1
4004,2000,2024-11-06 04:34:14,android,huawei,0,0,38,3,0
4005,2001,2025-03-08 12:45:03,ios,apple,0,0,35,4,1
4006,2002,2025-08-03 10:50:46,android,samsung,0,0,78,3,1
4007,2002,2025-09-05 10:50:46,android,xiaomi,0,0,40,4,1
4008,2002,2025-08-04 10:50:46,android,other,0,0,52,1,1
4009,2003,2024-07-02 04:36:23,ios,xiaomi,0,0,9,3,1
4010,2003,2024-07-17 04:36:23,android,xiaomi,0,0,58,1,1
4011,2004,2025-01-26 20:42:40,android,huawei,0,0,65,3,1
4012,2004,2025-02-18 20:42:40,android,other,0,0,8,1,1
4013,2005,2024-06-09 04:45:50,android,xiaomi,0,0,74,1,1
4014,2005,2024-05-29 04:45:50,android,huawei,0,0,66,1,1
4015,2005,2024-05-25 04:45:50,android,oppo,0,1,65,1,0
4016,2006,2025-09-14 23:22:21,ios,other,0,0,40,1,1
4017,2007,2025-05-08 13:35:41,android,xiaomi,0,0,76,4,1
4018,2007,2025-07-09 13:35:41,android,oppo,0,0,47,1,1
4019,2007,2025-06-18 13:35:41,android,xiaomi,0,0,14,2,1
4020,2008,2025-02-23 14:51:05,android,oppo,0,0,24,2,1
4021,2008,2025-01-27 14:51:05,android,other,0,0,46,1,1
4022,2008,2025-02-21 14:51:05,android,xiaomi,0,0,71,3,1
4023,2009,2025-01-24 20:05:16,android,huawei,1,0,31,3,1
4024,2010,2024-05-16 19:36:50,android,vivo,0,0,45,3,1
4025,2011,2025-12-21 22:51:17,android,vivo,0,0,0,2,0
4026,2011,2025-11-26 22:51:17,ios,vivo,0,0,81,3,1
4027,2012,2025-05-21 19:01:41,android,oppo,0,0,66,1,1
4028,2012,2025-07-17 19:01:41,android,samsung,0,0,86,2,0
4029,2012,2025-05-31 19:01:41,android,huawei,0,0,23,1,1
4030,2013,2024-10-20 23:37:18,ios,xiaomi,0,0,60,1,1
4031,2013,2024-10-13 23:37:18,ios,apple,0,0,9,3,1
4032,2013,2024-11-23 23:37:18,android,xiaomi,0,0,43,1,1
4033,2014,2024-11-11 04:10:37,android,vivo,0,0,18,3,1
4034,2015,2025-07-16 02:40:33,ios,huawei,0,0,42,3,1
4035,2015,2025-07-14 02:40:33,android,xiaomi,0,0,47,1,1
4036,2016,2025-08-28 06:46:25,android,oppo,0,0,11,2,1
4037,2016,2025-06-11 06:46:25,ios,xiaomi,0,0,33,1,1
4038,2017,2025-02-08 14:27:43,android,oppo,0,0,54,1,1
4039,2017,2025-02-22 14:27:43,ios,xiaomi,0,0,33,1,1
4040,2017,2025-02-18 14:27:43,ios,xiaomi,0,0,64,3,0
4041,2018,2024-09-21 02:48:54,ios,vivo,0,0,42,1,1
4042,2018,2024-09-24 02:48:54,android,vivo,0,0,39,2,1
4043,2019,2025-06-04 18:20:48,android,oppo,0,0,33,1,1
4044,2019,2025-07-09 18:20:48,android,apple,0,0,41,3,1
4045,2020,2025-05-27 12:14:25,android,oppo,0,0,1,1,1
4046,2020,2025-06-21 12:14:25,ios,vivo,0,0,6,1,1
4047,2021,2025-03-15 18:39:45,ios,xiaomi,0,0,21,3,1
4048,2022,2024-03-04 04:22:10,android,xiaomi,0,0,53,2,1
4049,2022,2024-02-20 04:22:10,android,vivo,0,0,18,1,1
4050,2023,2024-12-18 03:10:30,ios,xiaomi,0,0,66,3,1
4051,2024,2025-06-12 03:51:48,android,samsung,0,0,49,2,1
4052,2024,2025-05-01 03:51:48,android,samsung,0,0,79,2,1
4053,2025,2026-02-03 13:04:13,android,apple,0,0,22,2,1
4054,2025,2026-01-13 13:04:13,ios,oppo,0,0,30,5,1
4055,2026,2025-02-02 15:51:56,android,huawei,0,0,14,2,1
4056,2026,2025-03-20 15:51:56,ios,xiaomi,0,0,54,1,1
4057,2026,2025-01-29 15:51:56,android,vivo,0,0,52,1,1
4058,2027,2024-12-10 04:20:34,android,vivo,0,0,32,4,1
4059,2027,2024-12-14 04:20:34,android,oppo,0,0,38,1,1
4060,2027,2024-11-29 04:20:34,android,other,0,0,0,2,1
4061,2028,2025-02-13 17:29:39,android,oppo,0,0,50,2,0
4062,2029,2024-05-25 09:09:57,android,xiaomi,0,0,21,2,1
4063,2029,2024-07-26 09:09:57,android,samsung,0,0,59,2,1
4064,2030,2024-04-23 04:59:01,android,other,0,0,51,3,1
4065,2030,2024-06-03 04:59:01,android,xiaomi,0,0,15,3,1
4066,2030,2024-03-18 04:59:01,android,huawei,0,0,19,2,1
4067,2031,2025-06-12 00:12:28,ios,apple,0,0,11,1,1
4068,2032,2026-01-25 21:56:07,android,apple,0,0,36,1,1
4069,2033,2025-12-10 14:03:08,android,other,0,0,0,2,1
4070,2033,2025-11-11 14:03:08,android,apple,0,0,27,1,1
4071,2033,2025-12-18 14:03:08,android,xiaomi,0,0,56,1,1
4072,2034,2025-03-18 01:45:19,ios,huawei,0,0,0,1,1
4073,2034,2025-06-14 01:45:19,android,xiaomi,0,0,88,2,1
4074,2034,2025-05-11 01:45:19,ios,apple,0,0,20,1,1
4075,2035,2024-03-26 09:14:43,ios,xiaomi,0,0,62,1,1
4076,2035,2024-03-30 09:14:43,android,oppo,0,0,23,1,1
4077,2035,2024-04-01 09:14:43,android,other,0,0,41,1,0
4078,2036,2026-01-23 05:15:10,android,xiaomi,0,0,40,1,1
4079,2036,2026-04-11 05:15:10,android,oppo,0,0,30,3,1
4080,2036,2026-02-17 05:15:10,android,other,0,0,31,1,1
4081,2037,2025-02-24 05:33:52,android,apple,0,1,4,2,1
4082,2038,2024-08-07 10:54:00,android,xiaomi,0,0,33,2,1
4083,2038,2024-11-01 10:54:00,android,vivo,0,0,61,1,1
4084,2038,2024-10-11 10:54:00,android,xiaomi,0,0,21,4,1
4085,2039,2025-10-19 12:23:03,android,vivo,0,0,67,3,1
4086,2039,2025-12-27 12:23:03,android,xiaomi,0,0,9,4,1
4087,2039,2025-11-18 12:23:03,android,huawei,0,0,44,2,1
4088,2040,2025-08-27 20:58:36,android,apple,0,0,80,1,1
4089,2041,2025-07-12 05:19:05,android,vivo,0,0,10,1,1
4090,2041,2025-08-29 05:19:05,android,vivo,0,0,77,1,1
4091,2042,2024-11-01 18:14:04,ios,samsung,0,0,25,1,1
4092,2042,2024-09-07 18:14:04,android,apple,0,0,91,1,1
4093,2042,2024-09-03 18:14:04,android,oppo,0,0,37,1,1
4094,2043,2025-12-21 00:28:16,android,vivo,0,1,34,2,1
4095,2044,2024-12-02 14:14:24,android,other,0,0,32,1,1
4096,2044,2025-02-28 14:14:24,android,apple,0,0,40,2,1
4097,2044,2025-02-16 14:14:24,android,other,0,0,33,1,1
4098,2045,2025-03-13 22:22:11,android,apple,0,0,26,1,1
4099,2046,2025-08-22 04:46:29,ios,oppo,1,0,39,2,1
4100,2046,2025-08-22 04:46:29,android,xiaomi,0,0,47,3,1
4101,2046,2025-09-24 04:46:29,android,oppo,0,0,66,4,1
4102,2047,2025-04-18 19:07:29,android,other,1,0,69,5,1
4103,2048,2024-06-23 18:28:07,android,samsung,0,0,80,2,1
4104,2049,2024-11-19 19:27:16,android,apple,0,0,47,1,1
4105,2049,2024-08-07 19:27:16,android,huawei,0,0,35,1,1
4106,2050,2024-12-30 15:58:18,android,xiaomi,0,0,58,2,1
4107,2050,2024-09-13 15:58:18,android,samsung,0,0,16,1,1
4108,2050,2024-11-25 15:58:18,android,samsung,0,0,42,1,1
4109,2051,2026-01-07 16:49:25,ios,oppo,0,0,39,1,1
4110,2052,2025-08-25 14:08:39,android,other,0,0,38,2,1
4111,2052,2025-07-15 14:08:39,android,samsung,0,0,31,1,1
4112,2053,2024-11-06 10:11:51,android,vivo,0,0,65,1,1
4113,2053,2024-12-02 10:11:51,android,samsung,0,0,20,1,1
4114,2054,2025-09-18 08:20:11,android,xiaomi,0,0,65,1,1
4115,2054,2025-09-14 08:20:11,android,xiaomi,0,0,48,2,1
4116,2054,2025-10-09 08:20:11,ios,samsung,0,0,41,3,1
4117,2055,2025-07-13 02:42:27,android,vivo,0,0,22,3,1
4118,2055,2025-06-29 02:42:27,android,xiaomi,0,0,19,1,1
4119,2056,2024-11-30 18:45:45,android,huawei,0,1,27,2,1
4120,2056,2024-11-15 18:45:45,android,vivo,0,1,73,1,1
4121,2057,2024-12-24 07:00:58,android,oppo,0,0,38,1,1
4122,2058,2026-02-02 20:01:30,android,oppo,0,0,16,2,1
4123,2059,2025-02-08 03:04:03,ios,oppo,0,0,49,1,1
4124,2060,2024-06-07 03:30:50,android,huawei,0,0,32,1,0
4125,2060,2024-06-20 03:30:50,android,samsung,0,0,64,2,1
4126,2060,2024-04-29 03:30:50,android,xiaomi,0,0,52,2,1
4127,2061,2025-07-19 10:35:24,ios,xiaomi,0,0,35,1,1
4128,2061,2025-09-17 10:35:24,android,vivo,0,0,85,3,1
4129,2062,2025-04-08 09:13:56,ios,oppo,0,0,67,1,1
4130,2063,2025-04-07 12:31:34,android,xiaomi,0,0,62,2,1
4131,2064,2025-06-29 07:49:33,android,oppo,0,0,29,1,0
4132,2064,2025-08-07 07:49:33,android,oppo,0,0,29,1,1
4133,2064,2025-07-12 07:49:33,android,huawei,0,0,57,2,1
4134,2065,2025-12-25 04:09:08,android,other,0,0,40,2,1
4135,2065,2025-12-08 04:09:08,ios,apple,0,0,44,2,0
4136,2066,2024-10-04 05:14:29,android,apple,0,0,17,1,1
4137,2067,2024-11-24 02:09:11,android,oppo,0,1,57,2,1
4138,2068,2024-06-15 07:57:17,android,xiaomi,1,0,84,4,1
4139,2068,2024-08-25 07:57:17,android,xiaomi,0,0,0,1,1
4140,2068,2024-06-01 07:57:17,android,samsung,0,0,34,2,1
4141,2069,2025-05-19 08:41:52,android,oppo,0,0,17,1,1
4142,2070,2024-12-25 23:32:47,android,xiaomi,0,0,47,2,1
4143,2070,2024-11-26 23:32:47,android,xiaomi,0,0,15,1,1
4144,2071,2024-10-18 22:11:23,android,vivo,0,0,80,3,1
4145,2071,2024-12-11 22:11:23,android,xiaomi,0,0,39,1,1
4146,2071,2024-09-03 22:11:23,android,xiaomi,0,1,28,1,1
4147,2072,2025-07-03 11:05:16,android,huawei,0,0,51,1,1
4148,2073,2025-01-24 22:54:17,ios,samsung,0,0,63,3,1
4149,2074,2025-01-28 23:43:31,ios,vivo,0,0,10,2,1
4150,2074,2025-03-09 23:43:31,android,apple,0,0,55,1,1
4151,2074,2025-02-10 23:43:31,android,apple,0,0,61,1,1
4152,2075,2024-11-25 05:40:40,android,xiaomi,0,0,20,1,0
4153,2075,2024-11-15 05:40:40,android,xiaomi,0,0,85,1,1
4154,2075,2024-11-16 05:40:40,android,apple,0,0,28,3,0
4155,2076,2024-07-02 17:35:24,android,oppo,0,0,30,1,1
4156,2077,2024-04-25 20:08:20,android,huawei,0,0,57,1,1
4157,2077,2024-05-31 20:08:20,ios,xiaomi,0,0,44,2,1
4158,2078,2025-12-13 21:08:09,ios,xiaomi,0,0,28,3,1
4159,2079,2024-03-18 22:59:55,android,xiaomi,0,0,68,1,1
4160,2079,2024-06-24 22:59:55,ios,apple,0,0,61,1,0
4161,2079,2024-05-19 22:59:55,ios,xiaomi,0,0,12,1,1
4162,2080,2024-08-17 03:52:39,android,samsung,0,0,82,1,0
4163,2080,2024-11-05 03:52:39,ios,xiaomi,0,0,2,1,1
4164,2080,2024-10-19 03:52:39,android,apple,0,0,27,1,1
4165,2081,2025-06-12 06:25:24,android,huawei,0,0,26,2,1
4166,2081,2025-05-15 06:25:24,ios,xiaomi,0,0,0,1,1
4167,2081,2025-06-04 06:25:24,android,samsung,0,0,26,5,1
4168,2082,2024-06-03 20:17:14,ios,xiaomi,0,0,25,3,1
4169,2083,2025-08-01 12:40:14,ios,other,0,0,22,2,0
4170,2083,2025-06-14 12:40:14,android,vivo,0,0,33,2,1
4171,2083,2025-06-07 12:40:14,android,oppo,0,0,57,1,1
4172,2084,2025-08-23 03:18:59,android,other,0,0,34,1,1
4173,2085,2025-06-07 22:10:41,android,vivo,0,0,16,2,1
4174,2086,2024-08-24 16:10:20,android,oppo,0,0,38,1,1
4175,2086,2024-09-21 16:10:20,android,other,0,0,0,1,1
4176,2087,2024-02-15 10:18:29,android,oppo,0,0,10,1,1
4177,2087,2024-03-12 10:18:29,android,other,0,0,51,3,1
4178,2087,2024-02-17 10:18:29,android,vivo,0,0,38,1,0
4179,2088,2025-12-28 18:24:38,android,apple,0,0,50,1,1
4180,2089,2024-09-06 09:06:02,android,apple,0,0,2,2,0
4181,2089,2024-10-23 09:06:02,android,vivo,0,0,57,1,1
4182,2090,2025-11-02 15:42:31,ios,other,0,0,59,4,0
4183,2090,2025-10-03 15:42:31,android,huawei,0,0,2,2,1
4184,2090,2025-08-14 15:42:31,android,other,0,0,14,1,1
4185,2091,2024-08-10 09:37:42,android,other,0,0,38,1,1
4186,2091,2024-06-17 09:37:42,android,apple,0,0,46,1,0
4187,2092,2024-08-05 13:25:54,android,xiaomi,0,0,56,3,1
4188,2092,2024-06-22 13:25:54,ios,oppo,0,0,31,4,1
4189,2092,2024-05-23 13:25:54,android,vivo,0,0,40,1,1
4190,2093,2025-10-06 01:12:46,android,vivo,0,0,69,1,1
4191,2093,2025-10-21 01:12:46,android,apple,0,0,35,1,1
4192,2093,2025-11-07 01:12:46,android,oppo,0,0,37,1,1
4193,2094,2025-12-28 00:06:12,ios,xiaomi,0,0,35,1,1
4194,2094,2026-01-21 00:06:12,android,oppo,0,0,59,3,0
4195,2094,2026-01-29 00:06:12,android,oppo,0,0,79,5,1
4196,2095,2025-10-16 06:14:40,ios,vivo,0,0,24,1,1
4197,2095,2025-11-09 06:14:40,android,vivo,0,0,62,1,1
4198,2096,2025-08-05 09:49:58,android,huawei,0,0,90,1,1
4199,2096,2025-10-12 09:49:58,android,xiaomi,0,0,69,2,1
4200,2096,2025-08-16 09:49:58,android,xiaomi,0,0,34,1,0
4201,2097,2024-08-22 01:50:24,ios,oppo,0,0,9,2,0
4202,2097,2024-10-08 01:50:24,android,huawei,0,1,27,3,1
4203,2097,2024-08-02 01:50:24,android,oppo,0,0,14,1,1
4204,2098,2026-02-15 15:26:53,android,apple,0,0,54,3,1
4205,2098,2025-12-11 15:26:53,android,xiaomi,0,0,42,5,1
4206,2098,2025-12-29 15:26:53,android,xiaomi,0,0,29,2,1
4207,2099,2025-08-09 12:43:02,ios,vivo,0,0,39,1,1
4208,2099,2025-08-19 12:43:02,android,oppo,0,0,22,2,1
4209,2099,2025-05-05 12:43:02,android,other,0,0,37,3,1
4210,2100,2024-06-08 16:19:17,android,huawei,0,0,42,2,1
4211,2100,2024-05-16 16:19:17,android,xiaomi,0,0,79,4,0
4212,2101,2024-06-06 10:26:10,android,apple,0,0,20,1,1
4213,2101,2024-07-19 10:26:10,android,huawei,0,0,43,1,1
4214,2101,2024-06-16 10:26:10,android,oppo,0,0,41,1,0
4215,2102,2025-11-25 22:45:15,android,oppo,0,1,32,1,1
4216,2102,2025-10-27 22:45:15,android,vivo,0,0,42,1,1
4217,2102,2025-12-09 22:45:15,android,oppo,0,0,76,2,1
4218,2103,2024-10-15 20:40:20,android,other,0,0,59,1,1
4219,2104,2025-08-17 02:26:04,android,xiaomi,0,0,24,1,1
4220,2104,2025-07-29 02:26:04,android,samsung,0,0,29,1,1
4221,2104,2025-08-19 02:26:04,android,xiaomi,0,0,36,1,1
4222,2105,2024-04-13 05:13:36,android,apple,0,0,0,3,1
4223,2105,2024-06-24 05:13:36,android,apple,0,0,59,3,1
4224,2105,2024-04-13 05:13:36,android,huawei,0,0,40,3,0
4225,2106,2024-09-02 19:02:33,android,oppo,0,0,16,1,1
4226,2106,2024-08-20 19:02:33,android,oppo,0,0,13,2,0
4227,2106,2024-08-30 19:02:33,android,huawei,0,0,41,2,1
4228,2107,2024-09-06 23:17:01,android,other,0,0,46,1,1
4229,2108,2024-10-27 04:56:45,android,xiaomi,0,0,40,3,0
4230,2108,2024-10-29 04:56:45,android,oppo,0,0,53,4,1
4231,2108,2024-09-20 04:56:45,android,apple,0,0,12,5,1
4232,2109,2025-07-26 13:23:03,ios,oppo,0,0,40,1,1
4233,2109,2025-05-24 13:23:03,android,vivo,0,0,41,2,1
4234,2109,2025-08-22 13:23:03,ios,xiaomi,0,0,33,1,1
4235,2110,2026-01-12 12:05:37,android,oppo,0,0,50,1,1
4236,2110,2025-11-24 12:05:37,android,samsung,0,0,25,1,1
4237,2110,2025-12-03 12:05:37,android,xiaomi,0,0,57,1,1
4238,2111,2025-10-27 12:55:38,ios,vivo,0,0,34,1,1
4239,2111,2025-11-25 12:55:38,android,samsung,0,0,31,5,1
4240,2112,2025-06-17 07:57:42,android,vivo,0,0,33,3,1
4241,2113,2024-07-09 20:11:33,android,other,0,0,46,1,1
4242,2113,2024-08-09 20:11:33,android,oppo,0,0,62,2,1
4243,2113,2024-08-23 20:11:33,android,xiaomi,0,0,46,1,1
4244,2114,2026-02-09 05:21:43,android,xiaomi,0,0,32,1,1
4245,2114,2026-03-08 05:21:43,android,other,0,0,0,1,1
4246,2115,2025-05-21 17:13:28,ios,huawei,0,0,26,2,1
4247,2116,2025-04-21 13:20:29,android,vivo,0,0,17,2,1
4248,2117,2025-08-15 00:22:19,android,oppo,0,0,35,2,1
4249,2117,2025-06-09 00:22:19,android,apple,0,0,0,1,1
4250,2117,2025-07-24 00:22:19,android,oppo,0,0,53,1,1
4251,2118,2025-10-30 10:33:10,android,oppo,0,0,6,4,1
4252,2118,2025-08-09 10:33:10,android,xiaomi,0,0,44,4,1
4253,2118,2025-09-10 10:33:10,android,vivo,0,0,46,4,0
4254,2119,2026-01-12 15:12:05,android,oppo,0,0,35,2,1
4255,2119,2026-03-02 15:12:05,android,apple,0,0,25,5,1
4256,2120,2025-03-30 03:17:24,android,oppo,0,0,42,4,1
4257,2120,2025-04-15 03:17:24,android,apple,0,0,55,2,0
4258,2120,2025-05-14 03:17:24,android,other,0,0,50,1,1
4259,2121,2025-04-29 08:15:34,android,huawei,0,0,39,4,0
4260,2121,2025-03-21 08:15:34,android,huawei,0,0,44,2,1
4261,2122,2025-09-18 05:38:53,ios,vivo,0,0,27,2,1
4262,2122,2025-08-08 05:38:53,android,xiaomi,0,0,14,1,1
4263,2123,2024-10-09 05:28:24,android,xiaomi,0,0,47,3,1
4264,2123,2024-08-10 05:28:24,android,samsung,0,0,26,1,1
4265,2124,2024-09-11 15:07:46,android,huawei,0,0,21,1,1
4266,2125,2025-07-04 14:22:38,ios,apple,0,0,44,1,1
4267,2126,2024-02-19 19:31:41,android,huawei,0,0,59,1,0
4268,2126,2024-03-09 19:31:41,android,huawei,0,0,31,3,1
4269,2127,2024-12-06 23:00:18,ios,vivo,0,0,49,5,1
4270,2127,2024-08-17 23:00:18,android,xiaomi,0,0,36,2,0
4271,2128,2025-08-22 03:17:10,android,oppo,0,0,23,1,1
4272,2129,2025-12-10 13:46:09,ios,apple,0,0,35,4,1
4273,2129,2025-12-30 13:46:09,ios,apple,0,0,44,3,1
4274,2130,2025-02-22 05:34:32,android,vivo,0,0,41,1,1
4275,2130,2025-02-10 05:34:32,android,huawei,0,0,38,3,1
4276,2131,2024-12-05 18:19:33,android,vivo,0,0,17,1,1
4277,2131,2024-12-17 18:19:33,android,oppo,0,0,89,1,1
4278,2132,2025-01-10 11:23:44,android,xiaomi,0,0,59,1,1
4279,2132,2025-01-10 11:23:44,android,huawei,0,0,26,2,1
4280,2132,2024-11-17 11:23:44,android,oppo,0,0,23,1,1
4281,2133,2025-08-25 08:41:37,android,oppo,0,0,63,1,1
4282,2134,2025-03-09 11:12:08,android,apple,0,0,39,2,1
4283,2134,2025-04-19 11:12:08,android,oppo,0,0,61,1,1
4284,2135,2024-02-03 22:56:50,android,oppo,1,0,53,2,1
4285,2135,2024-03-22 22:56:50,ios,other,1,0,30,2,1
4286,2136,2025-01-23 15:29:05,android,xiaomi,0,0,32,1,1
4287,2136,2025-02-24 15:29:05,android,vivo,0,1,42,4,1
4288,2136,2025-05-12 15:29:05,ios,vivo,0,0,65,1,1
4289,2137,2024-11-04 01:04:35,android,apple,0,1,60,1,1
4290,2137,2024-10-27 01:04:35,android,xiaomi,0,0,61,2,0
4291,2138,2025-08-01 14:02:45,android,xiaomi,0,0,15,2,1
4292,2138,2025-07-30 14:02:45,android,xiaomi,0,0,30,4,1
4293,2138,2025-06-08 14:02:45,android,xiaomi,0,0,19,2,1
4294,2139,2025-12-23 19:53:07,android,samsung,0,0,33,2,0
4295,2139,2025-12-16 19:53:07,android,apple,0,0,58,1,0
4296,2140,2026-03-19 14:05:51,ios,other,0,0,23,1,1
4297,2140,2026-03-21 14:05:51,ios,samsung,0,0,71,4,1
4298,2140,2026-01-22 14:05:51,ios,other,0,0,33,1,0
4299,2141,2025-04-23 11:11:05,android,huawei,0,0,53,3,1
4300,2142,2024-10-13 16:05:18,android,vivo,0,1,21,2,1
4301,2143,2025-01-04 01:52:45,ios,other,0,0,43,2,1
4302,2143,2025-01-05 01:52:45,android,other,0,0,18,1,1
4303,2144,2024-05-08 19:36:26,android,huawei,0,0,51,2,1
4304,2145,2026-02-24 05:37:29,android,xiaomi,0,0,33,4,1
4305,2146,2025-11-12 12:53:58,android,huawei,0,0,11,1,1
4306,2147,2025-10-24 09:48:22,android,xiaomi,0,0,55,1,1
4307,2148,2024-11-23 12:43:20,android,xiaomi,0,0,35,3,1
4308,2149,2024-12-02 05:13:06,ios,samsung,0,0,0,1,1
4309,2149,2024-11-10 05:13:06,android,vivo,0,0,56,2,1
4310,2149,2024-09-27 05:13:06,ios,vivo,0,0,47,3,1
4311,2150,2025-10-20 07:51:56,android,oppo,0,0,34,2,1
4312,2151,2025-04-18 12:29:16,android,other,0,0,47,3,1
4313,2151,2025-02-28 12:29:16,android,oppo,0,0,27,1,1
4314,2151,2025-02-20 12:29:16,ios,apple,0,0,46,3,1
4315,2152,2025-09-13 09:34:31,android,samsung,0,0,65,3,1
4316,2152,2025-06-07 09:34:31,android,oppo,0,0,49,1,1
4317,2153,2024-12-23 13:43:15,android,oppo,0,0,92,4,1
4318,2153,2025-03-14 13:43:15,ios,vivo,0,0,33,1,1
4319,2153,2025-01-20 13:43:15,android,xiaomi,0,0,52,1,1
4320,2154,2025-03-10 05:19:59,android,samsung,0,0,33,3,1
4321,2154,2025-01-17 05:19:59,android,other,0,0,46,2,1
4322,2154,2024-11-19 05:19:59,android,apple,0,0,63,3,1
4323,2155,2025-04-14 12:11:16,android,xiaomi,0,0,15,1,0
4324,2156,2025-11-16 11:25:43,android,xiaomi,0,0,32,3,1
4325,2157,2024-12-08 21:37:45,android,samsung,0,0,0,1,1
4326,2157,2024-12-01 21:37:45,ios,oppo,0,0,58,1,0
4327,2157,2024-09-28 21:37:45,android,samsung,0,0,71,1,1
4328,2158,2025-11-13 16:13:23,android,huawei,0,0,70,1,1
4329,2158,2025-11-20 16:13:23,android,other,0,0,14,1,0
4330,2159,2024-10-02 06:28:17,android,vivo,0,0,12,1,1
4331,2159,2024-07-18 06:28:17,android,other,0,0,23,1,1
4332,2160,2025-01-09 01:32:22,android,oppo,0,0,64,1,1
4333,2160,2024-10-20 01:32:22,android,apple,0,0,42,2,1
4334,2161,2025-12-18 06:00:37,ios,vivo,0,0,38,1,1
4335,2161,2026-01-22 06:00:37,android,vivo,0,0,35,1,1
4336,2162,2025-12-01 18:01:08,ios,xiaomi,0,0,51,1,1
4337,2163,2025-11-20 10:16:52,android,apple,0,0,59,2,1
4338,2163,2026-02-11 10:16:52,android,apple,0,0,55,1,0
4339,2163,2026-02-18 10:16:52,android,huawei,0,0,72,1,1
4340,2164,2024-09-22 17:05:30,android,xiaomi,0,0,26,1,1
4341,2165,2025-10-01 15:01:01,android,huawei,0,0,24,3,1
4342,2165,2025-10-10 15:01:01,android,xiaomi,0,0,56,2,1
4343,2165,2025-12-02 15:01:01,android,vivo,0,0,29,2,1
4344,2166,2025-11-20 08:14:55,android,xiaomi,0,0,84,3,0
4345,2167,2025-12-18 02:08:29,android,huawei,0,0,49,2,0
4346,2167,2026-02-21 02:08:29,android,vivo,0,0,55,1,1
4347,2168,2024-01-30 06:13:41,ios,xiaomi,0,0,75,3,1
4348,2168,2024-04-04 06:13:41,ios,other,0,0,38,2,1
4349,2169,2025-08-02 20:15:05,android,oppo,0,0,10,2,1
4350,2169,2025-10-06 20:15:05,android,xiaomi,0,0,34,1,1
4351,2169,2025-09-10 20:15:05,android,samsung,0,1,84,1,1
4352,2170,2026-01-23 14:59:03,android,huawei,0,1,32,1,1
4353,2170,2026-01-18 14:59:03,android,apple,0,0,36,1,1
4354,2171,2025-08-11 04:58:11,android,xiaomi,0,0,16,1,0
4355,2171,2025-09-04 04:58:11,android,apple,0,0,20,1,1
4356,2172,2024-07-26 05:12:59,android,oppo,0,0,46,1,1
4357,2173,2025-09-11 16:34:42,android,vivo,0,0,50,3,0
4358,2173,2025-09-11 16:34:42,android,oppo,0,0,46,2,1
4359,2173,2025-09-02 16:34:42,android,apple,0,0,33,2,1
4360,2174,2024-03-30 19:52:43,android,xiaomi,0,0,77,1,1
4361,2175,2025-03-16 20:14:44,android,oppo,0,0,61,3,1
4362,2175,2025-02-20 20:14:44,android,xiaomi,0,0,40,1,1
4363,2176,2025-06-14 03:30:27,android,samsung,1,0,55,1,1
4364,2177,2024-12-12 05:02:32,android,oppo,0,1,50,2,1
4365,2177,2025-01-03 05:02:32,ios,oppo,0,0,80,1,1
4366,2178,2025-07-13 21:05:01,android,xiaomi,0,0,10,5,1
4367,2179,2024-08-16 08:45:51,android,huawei,0,0,39,2,1
4368,2179,2024-07-16 08:45:51,android,xiaomi,0,0,36,1,1
4369,2179,2024-08-24 08:45:51,android,xiaomi,0,0,65,1,1
4370,2180,2025-07-03 12:59:06,android,vivo,0,0,79,1,1
4371,2180,2025-05-17 12:59:06,android,vivo,0,0,19,3,0
4372,2180,2025-04-17 12:59:06,ios,xiaomi,0,0,35,1,1
4373,2181,2025-07-29 17:13:56,android,apple,0,0,13,1,1
4374,2181,2025-07-17 17:13:56,android,vivo,0,1,49,1,1
4375,2181,2025-05-04 17:13:56,ios,vivo,0,0,48,3,1
4376,2182,2025-07-16 16:06:28,android,vivo,0,0,24,1,0
4377,2182,2025-07-10 16:06:28,android,xiaomi,0,0,44,2,1
4378,2182,2025-06-04 16:06:28,android,apple,0,0,62,4,1
4379,2183,2024-07-23 04:53:19,android,oppo,0,0,65,2,1
4380,2184,2024-11-21 22:17:14,android,samsung,0,0,37,1,1
4381,2184,2024-09-10 22:17:14,android,apple,0,1,37,1,1
4382,2184,2024-10-12 22:17:14,android,xiaomi,0,0,37,1,1
4383,2185,2024-07-19 04:48:12,android,other,0,0,76,3,1
4384,2186,2025-01-26 02:20:04,android,oppo,0,0,46,1,1
4385,2186,2025-03-06 02:20:04,android,vivo,0,0,24,3,1
4386,2187,2025-04-29 18:02:35,android,huawei,0,0,50,1,1
4387,2187,2025-06-08 18:02:35,android,oppo,0,0,59,1,1
4388,2188,2024-09-15 15:37:51,ios,oppo,0,0,43,2,0
4389,2189,2024-12-04 06:53:29,ios,apple,0,0,36,3,1
4390,2190,2024-10-02 01:55:42,android,oppo,0,0,38,3,0
4391,2191,2024-07-26 18:22:04,android,xiaomi,0,0,63,4,1
4392,2191,2024-07-10 18:22:04,android,huawei,0,0,25,3,1
4393,2192,2025-07-12 22:19:03,android,oppo,0,0,74,3,1
4394,2192,2025-07-29 22:19:03,ios,vivo,0,0,37,1,0
4395,2193,2025-12-01 17:18:05,android,oppo,0,0,76,1,1
4396,2194,2024-11-19 05:08:27,ios,xiaomi,0,0,52,3,1
4397,2194,2024-10-29 05:08:27,android,oppo,0,0,70,2,1
4398,2194,2024-08-18 05:08:27,ios,oppo,0,0,31,1,1
4399,2195,2025-09-27 05:11:05,android,xiaomi,0,0,24,1,1
4400,2196,2025-04-09 19:32:13,android,other,0,0,14,3,1
4401,2196,2025-04-26 19:32:13,android,vivo,0,0,44,4,1
4402,2196,2025-04-19 19:32:13,android,oppo,0,0,59,5,1
4403,2197,2024-04-25 10:05:44,android,huawei,0,0,41,2,1
4404,2197,2024-05-05 10:05:44,android,samsung,0,0,22,1,0
4405,2197,2024-08-05 10:05:44,ios,xiaomi,0,0,17,2,1
4406,2198,2024-12-08 04:18:12,ios,oppo,0,0,47,2,1
4407,2198,2024-12-11 04:18:12,android,apple,0,0,46,2,0
4408,2198,2024-09-25 04:18:12,android,xiaomi,0,0,68,2,1
4409,2199,2024-03-25 11:31:23,ios,apple,0,0,16,5,1
4410,2200,2024-03-18 14:15:00,android,apple,0,0,42,2,1
4411,2200,2024-04-03 14:15:00,android,samsung,0,0,30,1,1
4412,2201,2024-08-25 08:59:49,ios,huawei,0,0,40,2,1
4413,2201,2024-10-12 08:59:49,android,apple,0,0,25,1,1
4414,2201,2024-11-03 08:59:49,android,xiaomi,1,0,65,3,1
4415,2202,2024-11-19 18:10:54,android,xiaomi,0,0,32,1,1
4416,2202,2024-12-01 18:10:54,android,other,0,0,33,1,1
4417,2202,2024-12-01 18:10:54,android,huawei,0,0,34,1,1
4418,2203,2025-11-02 04:23:23,android,apple,0,0,75,1,1
4419,2203,2025-08-10 04:23:23,android,huawei,0,0,44,1,1
4420,2204,2024-07-22 00:58:42,android,apple,0,0,73,1,1
4421,2204,2024-05-07 00:58:42,android,other,1,0,32,1,1
4422,2204,2024-05-29 00:58:42,android,xiaomi,0,0,59,1,1
4423,2205,2025-10-08 14:19:34,android,vivo,0,0,37,1,1
4424,2205,2025-11-26 14:19:34,ios,xiaomi,0,0,54,1,1
4425,2206,2024-07-03 04:50:19,ios,vivo,0,0,54,1,1
4426,2206,2024-09-04 04:50:19,android,xiaomi,0,0,42,1,1
4427,2206,2024-08-13 04:50:19,android,xiaomi,0,0,53,3,1
4428,2207,2024-07-12 23:31:31,android,oppo,0,0,49,3,1
4429,2207,2024-04-24 23:31:31,android,huawei,0,0,23,3,1
4430,2207,2024-05-13 23:31:31,ios,oppo,0,0,15,2,1
4431,2208,2025-09-10 22:07:13,android,vivo,0,1,26,1,1
4432,2209,2025-10-16 06:21:53,ios,samsung,0,0,37,1,1
4433,2209,2025-10-14 06:21:53,android,other,0,1,57,3,1
4434,2209,2025-10-29 06:21:53,android,huawei,0,0,27,2,1
4435,2210,2025-05-12 14:03:44,ios,xiaomi,0,0,76,2,1
4436,2211,2024-06-16 11:08:13,ios,apple,0,0,21,2,1
4437,2212,2024-05-23 04:50:23,ios,huawei,0,0,33,1,1
4438,2212,2024-05-10 04:50:23,android,huawei,0,0,12,1,1
4439,2213,2024-10-31 17:53:47,ios,oppo,0,0,42,4,1
4440,2213,2024-11-23 17:53:47,android,apple,0,0,28,2,1
4441,2214,2025-02-21 22:30:50,android,vivo,0,0,73,1,1
4442,2214,2025-02-06 22:30:50,android,apple,0,0,66,4,1
4443,2215,2026-03-01 23:38:19,android,other,0,0,29,1,0
4444,2215,2026-03-22 23:38:19,android,apple,0,0,38,3,1
4445,2216,2024-09-30 03:02:33,android,samsung,0,0,33,2,1
4446,2216,2024-08-02 03:02:33,android,oppo,0,0,16,1,1
4447,2217,2024-06-24 14:11:28,android,other,0,0,15,4,1
4448,2217,2024-07-30 14:11:28,android,oppo,0,0,55,1,1
4449,2217,2024-08-10 14:11:28,android,other,0,0,39,1,1
4450,2218,2026-01-25 12:11:25,android,xiaomi,0,0,32,2,1
4451,2218,2025-11-29 12:11:25,android,xiaomi,1,0,32,2,0
4452,2218,2025-12-12 12:11:25,android,apple,0,0,81,1,1
4453,2219,2024-06-03 09:26:31,android,oppo,0,0,30,1,1
4454,2219,2024-07-17 09:26:31,android,vivo,0,0,5,2,1
4455,2219,2024-06-01 09:26:31,ios,samsung,0,0,58,3,1
4456,2220,2024-05-08 06:34:20,android,apple,0,0,8,2,1
4457,2220,2024-02-22 06:34:20,android,vivo,0,0,26,1,1
4458,2221,2025-02-03 15:27:42,android,other,0,0,27,1,1
4459,2221,2025-02-02 15:27:42,android,apple,0,0,48,1,1
4460,2221,2024-11-23 15:27:42,android,other,0,0,26,1,1
4461,2222,2025-01-30 18:57:07,android,huawei,0,0,0,3,1
4462,2222,2024-12-29 18:57:07,ios,xiaomi,0,0,37,2,1
4463,2223,2025-05-18 08:35:33,android,huawei,0,0,70,2,1
4464,2223,2025-05-14 08:35:33,android,other,0,0,41,1,1
4465,2223,2025-04-07 08:35:33,android,oppo,0,0,31,1,1
4466,2224,2025-12-10 17:54:45,android,xiaomi,0,0,30,1,1
4467,2225,2026-01-20 00:25:18,android,oppo,0,0,32,3,1
4468,2225,2025-12-21 00:25:18,android,apple,0,0,49,2,1
4469,2225,2025-11-22 00:25:18,android,xiaomi,0,0,53,3,1
4470,2226,2024-08-11 10:28:25,android,oppo,0,0,39,2,1
4471,2226,2024-10-31 10:28:25,ios,vivo,0,0,46,1,1
4472,2227,2026-01-03 23:59:11,android,xiaomi,0,0,58,2,1
4473,2228,2025-06-01 20:13:21,ios,oppo,0,0,5,3,1
4474,2228,2025-06-24 20:13:21,android,huawei,0,1,64,1,1
4475,2229,2024-05-21 20:06:14,android,other,0,0,9,1,1
4476,2229,2024-04-06 20:06:14,android,xiaomi,0,0,63,3,1
4477,2229,2024-03-27 20:06:14,android,xiaomi,0,0,17,1,1
4478,2230,2026-03-04 01:34:56,android,xiaomi,0,1,0,1,1
4479,2231,2024-04-25 17:42:59,android,apple,0,0,77,1,1
4480,2231,2024-05-12 17:42:59,ios,apple,0,0,17,4,1
4481,2232,2025-04-29 16:11:44,android,other,0,0,38,3,1
4482,2233,2025-11-13 05:43:45,android,oppo,0,0,24,3,1
4483,2233,2025-10-19 05:43:45,android,oppo,0,0,36,2,1
4484,2233,2025-10-01 05:43:45,android,huawei,0,0,48,2,0
4485,2234,2024-10-17 02:09:24,android,samsung,0,0,0,5,1
4486,2234,2024-10-18 02:09:24,android,oppo,0,0,27,2,1
4487,2235,2024-07-14 13:28:31,android,oppo,0,0,18,1,1
4488,2236,2025-03-16 14:37:23,android,xiaomi,0,0,55,1,1
4489,2236,2025-04-02 14:37:23,android,xiaomi,0,0,33,2,1
4490,2236,2025-03-07 14:37:23,android,xiaomi,0,0,57,1,1
4491,2237,2025-11-23 22:33:19,android,oppo,0,0,59,4,1
4492,2238,2024-08-17 05:31:49,android,oppo,0,0,42,1,1
4493,2239,2025-06-25 07:42:03,android,huawei,0,0,18,3,1
4494,2240,2025-01-12 09:24:19,android,huawei,0,0,26,1,1
4495,2241,2024-04-06 15:31:15,android,vivo,0,0,25,1,1
4496,2242,2025-06-05 22:33:42,android,apple,0,0,37,1,1
4497,2243,2025-11-09 17:54:47,android,vivo,0,0,36,1,1
4498,2243,2025-12-04 17:54:47,android,xiaomi,0,1,47,3,1
4499,2243,2025-11-23 17:54:47,android,other,0,0,31,1,1
4500,2244,2025-02-16 05:06:29,ios,xiaomi,0,0,55,1,1
4501,2245,2024-05-07 17:45:49,android,xiaomi,0,0,2,4,1
4502,2245,2024-08-22 17:45:49,android,vivo,0,0,16,1,1
4503,2245,2024-05-07 17:45:49,android,oppo,0,0,28,1,1
4504,2246,2024-05-19 16:18:49,android,other,0,0,24,2,1
4505,2246,2024-05-14 16:18:49,ios,other,0,0,25,3,1
4506,2246,2024-06-25 16:18:49,android,huawei,0,0,35,1,1
4507,2247,2024-12-28 03:38:21,ios,apple,0,0,46,1,1
4508,2247,2025-01-25 03:38:21,android,huawei,0,0,24,2,1
4509,2247,2024-11-04 03:38:21,android,oppo,0,0,51,2,1
4510,2248,2025-01-04 16:27:25,android,xiaomi,0,0,26,1,1
4511,2249,2025-04-17 02:16:47,ios,xiaomi,0,0,31,1,1
4512,2249,2025-02-28 02:16:47,ios,apple,0,0,40,2,1
4513,2250,2024-07-16 20:51:07,android,samsung,0,0,41,3,1
4514,2250,2024-06-27 20:51:07,android,other,0,1,44,2,1
4515,2251,2025-04-13 13:25:22,android,oppo,0,1,35,1,1
4516,2251,2025-01-30 13:25:22,android,huawei,0,0,18,2,1
4517,2252,2024-11-12 09:47:04,android,xiaomi,0,0,9,1,1
4518,2252,2024-10-05 09:47:04,android,apple,1,0,62,3,1
4519,2252,2024-11-03 09:47:04,android,apple,0,0,27,3,1
4520,2253,2025-05-22 21:34:27,android,vivo,0,0,36,1,0
4521,2253,2025-07-22 21:34:27,android,huawei,0,0,63,1,1
4522,2253,2025-07-14 21:34:27,ios,other,0,0,18,1,1
4523,2254,2025-10-26 10:13:34,ios,apple,0,0,40,3,1
4524,2254,2025-11-08 10:13:34,android,xiaomi,0,0,66,1,1
4525,2255,2025-05-16 11:04:17,android,xiaomi,0,0,23,1,0
4526,2256,2024-01-11 21:51:12,android,xiaomi,0,0,24,2,1
4527,2256,2024-04-09 21:51:12,android,xiaomi,0,1,37,2,1
4528,2257,2026-04-14 04:34:33,android,apple,0,0,66,2,1
4529,2257,2026-03-18 04:34:33,android,oppo,1,0,33,1,1
4530,2257,2026-02-12 04:34:33,android,oppo,0,0,70,1,1
4531,2258,2024-02-14 08:24:30,android,vivo,0,0,63,1,0
4532,2258,2024-04-10 08:24:30,android,other,0,0,38,1,1
4533,2258,2024-02-25 08:24:30,android,huawei,0,0,30,1,1
4534,2259,2026-03-12 13:52:18,android,xiaomi,0,0,46,1,1
4535,2259,2026-04-06 13:52:18,android,xiaomi,0,0,73,2,1
4536,2260,2024-03-20 04:41:18,android,xiaomi,0,0,47,3,1
4537,2260,2024-04-19 04:41:18,android,huawei,0,0,14,5,1
4538,2261,2025-03-10 00:22:07,android,vivo,0,0,67,4,1
4539,2261,2025-03-25 00:22:07,android,xiaomi,0,0,9,1,1
4540,2261,2025-04-23 00:22:07,android,other,0,0,82,1,1
4541,2262,2024-05-21 08:36:36,android,huawei,0,0,43,1,1
4542,2263,2024-04-23 11:53:16,android,xiaomi,0,0,38,1,1
4543,2264,2025-06-28 21:05:44,android,xiaomi,0,1,23,1,1
4544,2265,2025-08-14 07:48:52,ios,xiaomi,0,0,7,1,1
4545,2265,2025-06-30 07:48:52,ios,oppo,0,0,23,2,0
4546,2266,2024-06-14 07:30:23,android,oppo,0,0,36,1,1
4547,2266,2024-04-07 07:30:23,ios,xiaomi,0,0,36,1,1
4548,2266,2024-05-17 07:30:23,android,apple,0,0,47,1,1
4549,2267,2026-03-12 23:09:16,android,huawei,0,0,44,2,1
4550,2268,2024-10-29 22:29:04,android,vivo,0,0,63,3,1
4551,2268,2024-08-30 22:29:04,android,other,0,0,57,1,1
4552,2268,2024-10-06 22:29:04,android,huawei,0,0,63,5,1
4553,2269,2024-10-29 09:04:41,android,xiaomi,0,0,27,2,1
4554,2269,2024-10-19 09:04:41,android,xiaomi,0,0,62,2,1
4555,2270,2024-08-30 19:02:33,ios,apple,0,0,42,4,1
4556,2271,2025-01-14 16:22:46,android,vivo,0,0,37,1,1
4557,2271,2025-02-24 16:22:46,android,apple,0,0,27,3,1
4558,2271,2024-12-20 16:22:46,android,other,0,1,29,1,1
4559,2272,2024-06-04 19:39:17,ios,other,0,0,57,2,1
4560,2272,2024-06-18 19:39:17,android,oppo,0,0,77,1,1
4561,2273,2024-12-17 02:05:30,android,xiaomi,0,0,1,1,1
4562,2273,2025-02-14 02:05:30,android,oppo,0,1,8,2,1
4563,2274,2024-08-04 06:52:23,android,vivo,0,0,52,3,1
4564,2275,2024-03-03 12:51:48,android,other,0,0,44,3,1
4565,2275,2024-03-24 12:51:48,android,apple,0,0,33,3,1
4566,2276,2024-10-23 04:16:05,android,other,0,0,45,1,1
4567,2277,2025-06-02 18:04:22,android,vivo,0,0,30,1,1
4568,2277,2025-07-18 18:04:22,android,huawei,0,0,34,1,1
4569,2278,2025-08-03 01:20:03,android,vivo,0,0,39,1,0
4570,2278,2025-08-03 01:20:03,android,huawei,0,0,22,3,1
4571,2278,2025-10-03 01:20:03,android,other,0,0,40,1,1
4572,2279,2024-11-19 22:28:35,android,xiaomi,0,0,45,1,1
4573,2279,2024-11-10 22:28:35,ios,samsung,0,0,47,1,1
4574,2279,2024-12-06 22:28:35,ios,samsung,0,0,73,1,1
4575,2280,2024-09-16 08:02:03,android,other,0,0,28,1,1
4576,2280,2024-11-03 08:02:03,ios,vivo,0,0,46,1,1
4577,2281,2025-09-25 20:22:01,android,huawei,0,0,27,4,1
4578,2282,2025-05-18 06:25:10,android,xiaomi,0,0,58,2,1
4579,2283,2025-10-04 10:44:37,android,xiaomi,0,0,24,5,1
4580,2284,2025-11-16 10:53:49,android,huawei,0,0,42,2,1
4581,2284,2025-10-19 10:53:49,android,xiaomi,0,0,16,3,1
4582,2285,2025-08-22 11:57:48,ios,huawei,0,0,35,1,1
4583,2285,2025-12-03 11:57:48,ios,huawei,0,0,62,1,1
4584,2285,2025-11-03 11:57:48,android,huawei,0,0,22,3,1
4585,2286,2026-01-17 15:13:42,android,xiaomi,0,0,50,2,1
4586,2286,2025-12-12 15:13:42,android,oppo,0,0,52,1,1
4587,2286,2026-01-14 15:13:42,android,huawei,0,0,33,3,1
4588,2287,2024-11-17 03:59:17,android,other,0,0,39,2,1
4589,2288,2024-12-14 02:39:01,android,xiaomi,0,0,55,1,1
4590,2288,2024-12-02 02:39:01,ios,oppo,0,0,46,1,1
4591,2288,2024-10-14 02:39:01,android,apple,0,0,50,1,1
4592,2289,2024-09-06 17:28:49,android,huawei,0,1,34,1,1
4593,2289,2024-10-08 17:28:49,ios,xiaomi,0,0,66,1,1
4594,2290,2024-09-03 17:06:00,ios,oppo,0,0,39,1,1
4595,2290,2024-08-02 17:06:00,android,huawei,0,0,61,3,1
4596,2291,2025-08-30 15:20:24,ios,xiaomi,0,0,51,1,1
4597,2292,2025-08-23 13:11:09,android,other,0,0,31,2,1
4598,2292,2025-06-09 13:11:09,android,huawei,0,0,28,3,1
4599,2292,2025-08-31 13:11:09,android,oppo,0,0,56,1,1
4600,2293,2025-08-08 00:20:34,android,samsung,0,0,36,1,1
4601,2293,2025-09-06 00:20:34,ios,xiaomi,0,0,51,3,1
4602,2294,2024-04-30 04:41:19,android,xiaomi,0,0,38,1,1
4603,2294,2024-05-26 04:41:19,android,apple,0,0,67,1,1
4604,2294,2024-05-01 04:41:19,android,apple,0,0,0,1,1
4605,2295,2025-01-03 14:49:49,android,samsung,0,0,0,2,1
4606,2296,2024-07-04 00:43:16,ios,xiaomi,0,0,69,1,1
4607,2296,2024-08-22 00:43:16,android,vivo,0,0,36,2,0
4608,2296,2024-06-06 00:43:16,android,vivo,0,0,52,3,1
4609,2297,2025-10-27 21:54:12,android,apple,0,1,0,1,1
4610,2297,2025-10-28 21:54:12,android,other,0,1,53,1,1
4611,2298,2024-07-30 05:02:41,android,samsung,0,0,15,3,1
4612,2298,2024-07-31 05:02:41,android,other,0,0,8,1,1
4613,2299,2024-05-31 01:16:49,ios,apple,0,0,57,1,1
4614,2299,2024-04-12 01:16:49,android,vivo,0,0,38,1,0
4615,2300,2025-02-25 00:01:15,android,huawei,0,0,41,1,1
4616,2300,2025-02-17 00:01:15,android,apple,0,0,53,2,1
4617,2301,2025-11-18 17:17:06,android,xiaomi,0,0,60,3,0
4618,2302,2026-02-17 11:36:31,android,xiaomi,0,0,64,2,1
4619,2302,2025-12-28 11:36:31,android,samsung,0,0,58,1,1
4620,2302,2025-11-28 11:36:31,ios,xiaomi,0,0,51,3,1
4621,2303,2024-03-09 03:35:18,android,huawei,0,0,39,2,1
4622,2304,2024-10-13 21:39:14,android,apple,0,0,31,2,1
4623,2304,2024-09-18 21:39:14,ios,samsung,0,0,31,1,1
4624,2305,2024-04-17 01:46:01,android,xiaomi,0,0,31,2,0
4625,2305,2024-04-28 01:46:01,ios,huawei,0,0,41,2,1
4626,2306,2024-08-15 17:48:29,android,apple,0,0,53,2,1
4627,2306,2024-09-27 17:48:29,android,apple,0,0,44,3,1
4628,2307,2025-01-18 16:52:37,ios,huawei,0,0,34,1,1
4629,2308,2024-09-09 19:37:04,android,oppo,0,0,54,1,1
4630,2308,2024-09-23 19:37:04,android,vivo,0,1,48,4,0
4631,2308,2024-10-05 19:37:04,android,apple,0,0,16,2,1
4632,2309,2024-03-27 06:55:25,android,other,0,0,32,1,0
4633,2309,2024-06-03 06:55:25,android,huawei,0,0,37,2,1
4634,2310,2025-02-10 07:43:19,android,vivo,0,0,24,1,1
4635,2310,2025-04-07 07:43:19,android,other,0,0,10,1,1
4636,2310,2025-01-20 07:43:19,ios,oppo,0,0,86,4,0
4637,2311,2024-05-24 13:10:49,android,apple,0,0,35,4,1
4638,2311,2024-03-26 13:10:49,android,samsung,0,0,73,1,1
4639,2312,2024-08-24 11:42:51,ios,xiaomi,0,0,22,2,0
4640,2312,2024-06-29 11:42:51,ios,xiaomi,0,0,26,1,0
4641,2313,2024-02-19 09:05:18,android,xiaomi,0,0,39,1,1
4642,2313,2024-02-23 09:05:18,android,oppo,0,0,68,1,1
4643,2314,2024-03-03 09:06:54,ios,apple,0,0,36,1,1
4644,2314,2024-03-17 09:06:54,android,oppo,0,0,34,3,1
4645,2315,2025-01-29 12:16:04,android,vivo,0,0,27,2,1
4646,2316,2025-12-10 00:30:06,android,samsung,0,1,56,1,1
4647,2316,2025-11-09 00:30:06,ios,huawei,0,0,79,1,1
4648,2316,2025-09-21 00:30:06,android,vivo,0,0,37,1,1
4649,2317,2025-07-15 11:24:37,android,oppo,0,0,46,5,1
4650,2317,2025-07-25 11:24:37,android,vivo,0,0,48,2,0
4651,2317,2025-08-03 11:24:37,android,huawei,0,0,44,1,1
4652,2318,2024-06-21 03:30:46,ios,oppo,0,0,18,2,1
4653,2318,2024-06-09 03:30:46,android,vivo,0,0,21,2,1
4654,2319,2024-03-03 10:22:04,ios,oppo,0,0,55,3,1
4655,2319,2024-02-03 10:22:04,android,huawei,0,0,59,1,0
4656,2320,2024-11-20 19:17:20,ios,oppo,0,0,67,2,1
4657,2320,2024-12-19 19:17:20,android,oppo,0,0,50,1,1
4658,2321,2025-07-07 03:33:11,android,samsung,0,0,16,3,1
4659,2322,2025-10-16 02:45:14,android,vivo,0,1,56,1,1
4660,2323,2025-10-06 21:11:26,android,other,0,0,51,3,0
4661,2323,2025-12-08 21:11:26,android,vivo,0,0,36,4,1
4662,2324,2024-11-11 19:25:37,android,apple,0,0,7,3,1
4663,2325,2024-05-15 15:22:29,android,vivo,0,0,33,1,1
4664,2326,2024-04-06 05:36:58,android,oppo,0,0,24,1,1
4665,2327,2024-08-04 05:03:09,android,xiaomi,0,0,54,1,1
4666,2328,2024-05-29 13:37:58,android,xiaomi,0,1,0,2,1
4667,2328,2024-02-24 13:37:58,android,apple,0,0,45,2,1
4668,2329,2025-12-22 09:13:59,android,xiaomi,0,1,42,1,1
4669,2330,2024-07-22 22:36:02,android,xiaomi,0,0,9,2,1
4670,2330,2024-09-11 22:36:02,android,xiaomi,0,0,40,2,1
4671,2330,2024-07-19 22:36:02,android,huawei,0,0,67,4,0
4672,2331,2025-11-12 21:08:35,android,other,0,0,57,1,1
4673,2331,2025-11-06 21:08:35,android,xiaomi,0,0,34,1,1
4674,2331,2025-09-27 21:08:35,android,xiaomi,0,0,54,2,1
4675,2332,2025-03-30 19:20:41,ios,apple,0,0,39,3,1
4676,2333,2025-04-18 10:15:35,android,huawei,0,0,91,1,1
4677,2334,2025-01-22 23:58:42,android,vivo,0,0,17,2,1
4678,2335,2025-09-08 00:22:54,android,other,0,1,30,3,1
4679,2336,2024-05-09 17:13:40,android,huawei,0,0,38,3,1
4680,2336,2024-03-23 17:13:40,android,oppo,0,0,35,2,1
4681,2337,2024-04-24 17:05:11,android,oppo,0,0,64,3,0
4682,2338,2025-02-03 01:45:25,android,xiaomi,0,0,55,1,1
4683,2339,2024-12-04 23:18:58,android,samsung,0,0,31,1,1
4684,2339,2024-11-27 23:18:58,android,vivo,0,0,49,3,1
4685,2340,2025-04-01 06:51:25,android,vivo,0,0,50,2,1
4686,2340,2025-02-17 06:51:25,android,xiaomi,0,0,63,1,1
4687,2340,2025-04-12 06:51:25,android,oppo,0,0,32,3,1
4688,2341,2025-09-30 14:12:47,android,vivo,0,1,25,1,1
4689,2341,2025-09-15 14:12:47,ios,other,0,0,74,1,1
4690,2342,2025-03-07 21:47:28,android,xiaomi,0,0,100,2,1
4691,2343,2024-08-10 22:33:29,android,vivo,0,0,55,4,0
4692,2343,2024-09-26 22:33:29,android,vivo,0,0,29,1,1
4693,2343,2024-09-19 22:33:29,android,samsung,1,0,51,1,0
4694,2344,2024-12-13 22:08:51,android,oppo,0,0,46,1,1
4695,2344,2024-09-30 22:08:51,android,oppo,0,0,27,3,1
4696,2344,2024-12-13 22:08:51,android,apple,0,0,21,1,1
4697,2345,2025-08-10 04:48:09,android,samsung,0,0,19,1,0
4698,2345,2025-08-10 04:48:09,android,vivo,0,0,26,1,0
4699,2345,2025-07-29 04:48:09,android,other,0,0,35,1,1
4700,2346,2024-07-16 01:42:53,android,apple,0,0,5,2,0
4701,2346,2024-08-09 01:42:53,ios,apple,0,0,51,2,1
4702,2347,2025-01-15 01:12:32,ios,vivo,0,0,45,3,1
4703,2348,2025-02-22 07:37:34,android,huawei,0,0,39,3,0
4704,2348,2025-04-26 07:37:34,android,vivo,0,0,43,1,1
4705,2348,2025-02-07 07:37:34,android,vivo,0,0,47,2,1
4706,2349,2025-09-19 16:39:36,ios,apple,0,0,50,3,1
4707,2349,2025-09-27 16:39:36,android,other,0,0,58,5,0
4708,2349,2025-07-08 16:39:36,android,oppo,0,0,65,4,1
4709,2350,2025-08-15 11:29:23,ios,other,0,0,36,5,1
4710,2350,2025-06-06 11:29:23,android,oppo,0,0,23,2,1
4711,2351,2024-12-30 05:11:14,ios,other,0,0,68,1,1
4712,2351,2024-12-06 05:11:14,android,huawei,0,0,32,3,1
4713,2351,2024-12-03 05:11:14,android,xiaomi,0,0,55,1,0
4714,2352,2024-10-03 16:33:44,android,samsung,0,0,28,3,1
4715,2352,2024-10-02 16:33:44,android,xiaomi,0,0,61,1,1
4716,2352,2024-11-14 16:33:44,android,huawei,0,0,36,1,1
4717,2353,2024-11-10 13:41:02,android,apple,0,1,46,2,1
4718,2354,2024-10-23 11:03:37,android,xiaomi,0,0,40,1,1
4719,2354,2024-12-24 11:03:37,android,other,0,0,5,1,1
4720,2355,2024-09-07 00:11:42,android,oppo,0,0,24,1,1
4721,2355,2024-07-29 00:11:42,android,other,0,0,24,2,1
4722,2355,2024-09-12 00:11:42,android,xiaomi,0,0,40,1,1
4723,2356,2025-03-26 13:08:15,ios,vivo,0,0,6,1,0
4724,2356,2025-05-04 13:08:15,ios,vivo,0,0,26,3,0
4725,2356,2025-07-02 13:08:15,android,apple,0,1,54,1,1
4726,2357,2024-08-02 02:48:21,ios,oppo,0,0,73,4,0
4727,2358,2025-06-05 12:49:23,ios,oppo,0,0,42,1,1
4728,2359,2025-07-30 14:07:08,android,vivo,0,0,29,1,1
4729,2360,2025-11-27 03:24:37,android,xiaomi,0,0,18,1,1
4730,2360,2026-01-23 03:24:37,android,huawei,0,0,15,1,1
4731,2361,2024-06-15 19:18:33,android,oppo,0,0,56,5,1
4732,2362,2025-08-18 14:29:32,android,oppo,0,0,39,1,1
4733,2363,2024-05-08 18:24:38,android,apple,0,1,20,2,1
4734,2363,2024-03-31 18:24:38,android,huawei,0,0,40,2,1
4735,2364,2024-12-15 04:34:38,android,oppo,0,0,45,2,1
4736,2364,2024-12-07 04:34:38,android,xiaomi,0,0,38,1,1
4737,2364,2024-11-29 04:34:38,android,xiaomi,0,0,20,1,1
4738,2365,2024-06-18 16:37:28,android,apple,0,0,10,2,1
4739,2365,2024-07-25 16:37:28,android,xiaomi,0,1,60,2,1
4740,2366,2024-05-31 11:13:08,android,xiaomi,0,0,54,2,1
4741,2366,2024-07-01 11:13:08,ios,huawei,0,0,41,2,1
4742,2367,2024-06-12 00:04:15,ios,vivo,0,0,37,1,1
4743,2367,2024-08-26 00:04:15,ios,oppo,0,0,0,2,1
4744,2367,2024-05-29 00:04:15,android,xiaomi,0,0,39,3,1
4745,2368,2024-03-07 01:47:49,android,oppo,0,0,42,1,0
4746,2368,2024-05-04 01:47:49,android,vivo,0,0,29,3,0
4747,2369,2025-11-13 20:50:43,android,vivo,0,0,31,1,1
4748,2370,2024-05-25 14:58:17,android,huawei,1,1,30,1,1
4749,2371,2024-12-22 21:50:09,android,other,0,0,53,1,1
4750,2372,2025-07-24 09:19:44,android,other,0,0,28,1,1
4751,2373,2026-03-30 23:36:20,android,oppo,0,0,29,3,1
4752,2373,2026-03-25 23:36:20,android,huawei,0,0,26,1,1
4753,2373,2026-03-31 23:36:20,android,vivo,0,0,53,2,1
4754,2374,2025-10-29 04:55:10,android,oppo,1,0,53,4,1
4755,2374,2025-12-11 04:55:10,android,oppo,0,0,58,1,1
4756,2374,2025-09-13 04:55:10,android,vivo,0,1,45,1,1
4757,2375,2024-04-14 03:56:28,android,other,0,0,69,2,1
4758,2375,2024-07-23 03:56:28,android,other,0,0,58,5,1
4759,2376,2026-01-17 01:10:56,android,vivo,0,0,4,1,1
4760,2376,2026-02-19 01:10:56,android,apple,0,0,34,3,1
4761,2377,2025-07-18 02:01:03,android,oppo,0,0,39,1,1
4762,2378,2024-08-17 02:02:04,android,huawei,0,0,20,3,1
4763,2378,2024-07-30 02:02:04,ios,vivo,0,0,38,1,1
4764,2379,2024-12-14 13:44:27,android,xiaomi,0,0,71,4,1
4765,2380,2026-02-16 01:17:46,android,apple,0,0,49,1,1
4766,2380,2025-12-30 01:17:46,android,other,0,0,72,2,1
4767,2380,2025-11-26 01:17:46,android,apple,0,0,40,1,1
4768,2381,2024-11-02 19:55:35,ios,vivo,0,0,44,1,1
4769,2381,2025-01-09 19:55:35,android,apple,0,0,33,4,1
4770,2382,2024-06-24 01:20:02,ios,xiaomi,0,0,24,2,1
4771,2383,2025-12-08 19:28:30,ios,samsung,0,0,27,3,1
4772,2384,2025-12-11 16:08:01,android,apple,0,0,36,3,1
4773,2384,2025-11-27 16:08:01,android,other,0,0,7,1,1
4774,2385,2026-01-07 04:26:08,android,samsung,0,0,77,5,1
4775,2385,2026-02-23 04:26:08,android,vivo,0,0,24,1,0
4776,2386,2026-01-29 16:02:31,ios,xiaomi,0,0,36,3,1
4777,2387,2025-09-27 04:29:20,android,samsung,0,0,48,1,1
4778,2387,2025-11-13 04:29:20,android,xiaomi,0,0,22,1,1
4779,2388,2024-12-30 18:39:19,android,oppo,0,1,41,2,1
4780,2388,2024-11-30 18:39:19,android,apple,0,0,2,2,1
4781,2388,2024-11-19 18:39:19,android,samsung,0,0,51,4,1
4782,2389,2024-07-20 09:06:28,android,huawei,0,1,16,1,1
4783,2389,2024-05-12 09:06:28,android,apple,0,0,36,2,1
4784,2390,2025-06-25 12:35:00,android,samsung,0,0,43,1,1
4785,2390,2025-05-22 12:35:00,android,xiaomi,0,0,67,3,1
4786,2391,2024-08-03 04:22:46,android,huawei,0,0,20,3,1
4787,2391,2024-08-28 04:22:46,android,xiaomi,0,0,65,1,1
4788,2392,2024-12-26 09:41:01,ios,oppo,0,0,22,1,1
4789,2392,2024-12-27 09:41:01,android,xiaomi,0,0,49,1,1
4790,2392,2025-02-11 09:41:01,android,vivo,0,0,16,2,1
4791,2393,2025-07-02 22:24:51,android,other,0,0,51,1,1
4792,2393,2025-07-01 22:24:51,android,xiaomi,0,0,17,2,1
4793,2394,2026-03-13 00:04:46,android,xiaomi,0,1,16,3,1
4794,2394,2025-12-25 00:04:46,android,xiaomi,0,0,23,5,1
4795,2394,2026-03-13 00:04:46,android,oppo,0,0,10,2,1
4796,2395,2024-10-15 00:44:39,android,huawei,0,0,45,2,0
4797,2395,2024-10-06 00:44:39,android,huawei,0,0,75,2,1
4798,2395,2024-08-28 00:44:39,android,samsung,0,0,33,4,1
4799,2396,2024-09-10 21:31:52,ios,vivo,0,0,57,1,1
4800,2397,2025-08-10 08:23:03,android,oppo,0,0,28,1,1
4801,2397,2025-08-20 08:23:03,android,xiaomi,0,0,72,3,1
4802,2397,2025-09-09 08:23:03,android,huawei,0,0,26,3,1
4803,2398,2024-03-26 17:10:40,android,huawei,0,0,13,4,1
4804,2399,2025-03-31 11:41:23,android,huawei,0,0,29,3,1
4805,2400,2025-09-08 12:27:01,android,oppo,0,0,47,1,1
4806,2401,2025-05-19 03:55:17,android,oppo,0,0,44,5,1
4807,2401,2025-03-21 03:55:17,android,huawei,0,0,65,2,1
4808,2401,2025-02-08 03:55:17,ios,vivo,0,0,42,3,1
4809,2402,2024-12-04 06:53:29,android,apple,0,0,59,3,1
4810,2402,2024-12-01 06:53:29,android,xiaomi,0,0,30,1,1
4811,2403,2025-09-29 20:08:31,android,xiaomi,0,0,82,1,1
4812,2403,2025-09-06 20:08:31,ios,apple,0,0,39,5,1
4813,2404,2024-11-06 20:31:31,android,oppo,0,0,50,1,1
4814,2405,2025-09-12 16:32:02,android,vivo,0,0,39,1,1
4815,2405,2025-07-10 16:32:02,ios,huawei,0,0,74,1,0
4816,2406,2024-12-17 19:45:45,ios,oppo,0,0,73,4,1
4817,2406,2024-12-15 19:45:45,android,apple,0,0,66,2,1
4818,2407,2024-01-23 09:38:32,android,huawei,0,0,44,1,1
4819,2407,2024-05-04 09:38:32,android,xiaomi,0,0,41,4,1
4820,2408,2025-02-15 06:39:01,ios,oppo,0,0,31,1,1
4821,2408,2025-03-17 06:39:01,android,vivo,0,0,31,4,1
4822,2409,2024-03-15 02:31:26,android,vivo,0,0,45,1,1
4823,2409,2024-04-30 02:31:26,android,other,0,0,0,1,1
4824,2409,2024-05-14 02:31:26,android,apple,0,0,27,1,0
4825,2410,2025-12-03 14:23:25,android,oppo,0,0,16,5,1
4826,2410,2025-12-24 14:23:25,android,xiaomi,0,0,27,1,1
4827,2411,2025-04-20 03:18:14,android,xiaomi,0,0,41,1,1
4828,2412,2024-12-26 14:00:19,android,oppo,0,0,63,1,1
4829,2412,2024-11-17 14:00:19,android,huawei,0,0,60,3,1
4830,2413,2025-03-23 22:05:06,android,xiaomi,0,0,19,1,0
4831,2414,2025-04-21 00:01:49,android,apple,0,0,12,3,1
4832,2414,2025-07-10 00:01:49,android,vivo,0,0,34,1,1
4833,2414,2025-04-20 00:01:49,android,vivo,0,0,42,1,1
4834,2415,2024-07-17 22:26:06,ios,xiaomi,0,0,31,3,0
4835,2416,2024-08-04 12:39:37,ios,oppo,0,0,59,2,1
4836,2416,2024-08-17 12:39:37,android,xiaomi,0,0,97,1,1
4837,2416,2024-10-28 12:39:37,android,xiaomi,0,0,32,2,1
4838,2417,2025-01-25 14:51:16,android,samsung,0,1,4,2,1
4839,2418,2024-07-07 18:11:04,android,xiaomi,0,0,35,4,1
4840,2418,2024-08-19 18:11:04,android,xiaomi,0,0,74,2,1
4841,2419,2025-07-09 06:35:19,android,vivo,0,0,65,1,1
4842,2419,2025-07-10 06:35:19,ios,xiaomi,0,0,23,1,1
4843,2420,2024-05-08 18:50:46,ios,xiaomi,0,0,68,2,1
4844,2420,2024-06-07 18:50:46,android,apple,0,0,9,1,1
4845,2420,2024-03-28 18:50:46,android,apple,0,0,59,2,1
4846,2421,2025-11-21 10:13:59,android,apple,0,0,40,4,1
4847,2422,2024-11-26 10:12:07,android,oppo,0,0,47,1,1
4848,2422,2024-11-23 10:12:07,ios,vivo,0,0,32,1,1
4849,2422,2024-11-13 10:12:07,android,huawei,0,0,24,3,1
4850,2423,2025-05-18 16:37:41,android,xiaomi,0,0,54,1,1
4851,2423,2025-04-05 16:37:41,android,other,0,0,40,1,1
4852,2424,2024-05-13 03:52:44,android,huawei,0,0,74,2,1
4853,2425,2024-11-02 07:40:23,android,huawei,0,0,72,2,1
4854,2425,2025-01-18 07:40:23,ios,xiaomi,0,0,37,2,1
4855,2425,2025-01-15 07:40:23,android,xiaomi,0,0,44,4,1
4856,2426,2025-08-31 20:32:21,android,apple,0,0,10,2,1
4857,2426,2025-09-02 20:32:21,android,xiaomi,0,0,13,2,0
4858,2427,2024-11-03 14:36:26,android,oppo,0,0,7,1,1
4859,2427,2024-11-01 14:36:26,android,xiaomi,0,0,35,3,1
4860,2428,2024-07-23 13:28:23,ios,apple,0,0,72,1,1
4861,2428,2024-03-29 13:28:23,ios,other,0,0,27,1,1
4862,2429,2025-04-24 00:00:41,android,oppo,0,0,0,2,1
4863,2429,2025-04-20 00:00:41,android,xiaomi,0,0,70,2,1
4864,2430,2024-07-14 14:50:29,android,xiaomi,0,0,11,5,1
4865,2430,2024-05-19 14:50:29,android,huawei,0,0,47,1,1
4866,2430,2024-06-05 14:50:29,ios,apple,1,0,34,1,1
4867,2431,2024-11-17 18:24:47,android,huawei,0,0,41,3,1
4868,2431,2024-12-03 18:24:47,android,oppo,0,0,40,2,1
4869,2431,2024-09-18 18:24:47,android,oppo,0,0,77,2,1
4870,2432,2024-12-03 20:04:25,android,oppo,1,0,40,3,1
4871,2432,2024-12-30 20:04:25,ios,oppo,0,0,45,1,1
4872,2432,2025-02-06 20:04:25,android,xiaomi,0,1,59,3,0
4873,2433,2025-05-28 18:56:48,android,huawei,0,0,64,4,1
4874,2433,2025-05-01 18:56:48,android,samsung,0,0,29,1,1
4875,2434,2025-06-04 17:52:42,ios,vivo,0,0,36,2,0
4876,2434,2025-06-18 17:52:42,ios,xiaomi,1,0,30,1,1
4877,2435,2025-08-23 22:56:59,android,xiaomi,0,0,37,1,1
4878,2435,2025-06-17 22:56:59,android,oppo,0,0,46,2,1
4879,2435,2025-05-21 22:56:59,ios,xiaomi,0,0,38,4,1
4880,2436,2025-11-26 07:54:33,android,oppo,0,0,34,2,1
4881,2436,2025-11-27 07:54:33,android,vivo,0,0,41,1,1
4882,2437,2024-03-07 05:42:27,android,oppo,0,0,45,3,1
4883,2438,2024-10-21 11:54:41,ios,huawei,0,0,64,3,1
4884,2438,2024-10-28 11:54:41,ios,samsung,0,0,42,1,0
4885,2438,2024-12-09 11:54:41,android,vivo,0,0,24,3,1
4886,2439,2024-01-21 18:42:07,android,xiaomi,0,0,42,2,1
4887,2439,2024-04-21 18:42:07,android,huawei,0,0,67,4,1
4888,2440,2024-02-24 21:26:08,android,other,0,0,47,1,1
4889,2440,2024-03-07 21:26:08,android,oppo,0,0,65,1,1
4890,2441,2024-09-21 23:05:43,ios,huawei,0,0,11,1,1
4891,2442,2025-04-10 15:28:08,android,xiaomi,0,0,31,2,1
4892,2442,2025-03-22 15:28:08,android,xiaomi,0,0,77,3,1
4893,2443,2026-01-25 23:50:29,android,apple,0,0,35,3,1
4894,2443,2025-10-31 23:50:29,android,samsung,0,0,16,1,1
4895,2443,2026-01-25 23:50:29,android,oppo,0,1,43,3,1
4896,2444,2025-08-24 16:26:34,android,vivo,0,0,33,2,1
4897,2444,2025-07-24 16:26:34,android,other,0,0,25,1,1
4898,2445,2025-06-10 19:00:51,ios,vivo,0,0,43,2,1
4899,2446,2025-10-06 01:25:48,android,xiaomi,0,0,51,2,1
4900,2446,2025-09-13 01:25:48,ios,huawei,0,0,52,1,1
4901,2446,2025-07-20 01:25:48,android,oppo,0,0,47,1,1
4902,2447,2024-06-10 12:44:43,android,oppo,0,0,43,2,1
4903,2447,2024-05-07 12:44:43,android,xiaomi,0,0,39,1,1
4904,2448,2025-11-22 01:54:48,android,xiaomi,0,0,51,3,0
4905,2448,2025-09-27 01:54:48,android,other,0,0,42,1,1
4906,2449,2025-12-29 21:25:28,ios,xiaomi,0,0,48,1,1
4907,2450,2024-03-10 09:21:13,android,vivo,0,0,30,1,1
4908,2451,2025-03-13 01:37:41,ios,oppo,0,0,72,1,1
4909,2452,2025-12-10 22:15:09,ios,other,0,0,53,4,1
4910,2453,2025-01-02 13:07:39,android,samsung,0,0,0,2,1
4911,2453,2024-12-05 13:07:39,android,vivo,0,0,16,1,1
4912,2454,2025-10-19 13:04:50,android,vivo,0,0,48,2,1
4913,2454,2025-10-22 13:04:50,android,oppo,0,0,74,2,1
4914,2455,2025-11-21 22:41:41,android,xiaomi,0,0,17,1,1
4915,2456,2025-02-26 12:07:10,ios,huawei,0,0,61,4,1
4916,2456,2025-03-27 12:07:10,android,apple,0,0,45,1,1
4917,2457,2024-04-05 10:12:24,android,xiaomi,0,0,54,1,0
4918,2457,2024-03-12 10:12:24,android,other,0,0,75,1,1
4919,2458,2024-10-28 05:43:21,android,vivo,0,0,40,1,1
4920,2458,2024-10-03 05:43:21,android,apple,0,0,44,1,1
4921,2459,2024-08-03 01:55:24,android,other,0,0,53,1,1
4922,2460,2025-01-17 02:29:45,android,vivo,0,0,72,1,1
4923,2460,2024-12-13 02:29:45,android,huawei,0,0,40,3,1
4924,2461,2025-04-16 14:42:49,android,vivo,0,0,55,3,1
4925,2462,2024-12-12 15:30:00,android,xiaomi,0,0,92,3,0
4926,2462,2025-02-23 15:30:00,android,samsung,0,0,29,3,1
4927,2462,2024-12-15 15:30:00,ios,xiaomi,0,0,0,1,1
4928,2463,2024-07-25 16:55:25,android,vivo,0,0,24,2,1
4929,2463,2024-06-16 16:55:25,android,huawei,0,0,45,3,1
4930,2464,2024-08-17 20:24:37,android,xiaomi,0,0,0,2,1
4931,2464,2024-08-08 20:24:37,android,other,0,0,17,3,1
4932,2464,2024-09-12 20:24:37,ios,samsung,0,0,37,2,1
4933,2465,2025-05-13 01:18:47,android,samsung,0,0,55,1,1
4934,2465,2025-05-26 01:18:47,android,apple,0,0,15,1,1
4935,2465,2025-07-25 01:18:47,ios,other,0,0,50,3,1
4936,2466,2024-03-19 16:44:36,android,vivo,0,0,38,1,1
4937,2466,2024-01-31 16:44:36,android,vivo,0,0,14,5,1
4938,2467,2024-07-16 06:53:48,android,apple,0,0,42,1,0
4939,2467,2024-09-17 06:53:48,android,oppo,0,0,31,2,0
4940,2468,2025-11-21 09:49:20,android,xiaomi,0,0,31,1,1
4941,2468,2025-10-22 09:49:20,android,apple,0,0,1,1,0
4942,2468,2025-12-08 09:49:20,android,vivo,0,0,51,2,1
4943,2469,2024-04-12 09:13:48,android,oppo,0,0,51,1,1
4944,2469,2024-04-22 09:13:48,android,apple,0,0,27,2,1
4945,2470,2025-02-17 18:20:54,android,apple,0,0,35,1,1
4946,2470,2024-12-01 18:20:54,android,xiaomi,0,0,51,2,0
4947,2471,2024-09-07 02:22:47,android,huawei,0,0,62,4,1
4948,2471,2024-07-21 02:22:47,android,samsung,0,0,28,2,1
4949,2472,2024-06-07 09:28:56,ios,oppo,0,0,58,1,1
4950,2472,2024-06-03 09:28:56,android,huawei,0,0,33,1,1
4951,2473,2024-12-11 14:18:01,android,xiaomi,0,0,49,2,1
4952,2474,2025-02-01 15:39:54,ios,xiaomi,0,0,26,3,1
4953,2475,2024-05-02 13:56:34,android,xiaomi,0,0,23,2,1
4954,2475,2024-05-12 13:56:34,android,vivo,0,0,46,2,1
4955,2475,2024-08-15 13:56:34,ios,oppo,0,0,32,1,1
4956,2476,2024-04-02 18:57:05,android,huawei,0,0,64,1,0
4957,2476,2024-06-05 18:57:05,android,xiaomi,0,0,55,3,1
4958,2477,2024-04-24 07:48:15,android,huawei,0,0,22,1,1
4959,2477,2024-05-27 07:48:15,android,oppo,0,0,88,1,1
4960,2477,2024-06-01 07:48:15,ios,huawei,0,0,41,3,0
4961,2478,2025-07-19 15:03:20,android,oppo,0,0,53,2,0
4962,2478,2025-07-28 15:03:20,ios,xiaomi,0,0,20,3,1
4963,2479,2025-10-26 00:08:19,android,other,0,0,38,2,1
4964,2480,2024-07-22 14:42:02,android,huawei,0,0,30,1,1
4965,2480,2024-05-31 14:42:02,android,oppo,0,0,5,1,1
4966,2481,2024-10-26 21:21:32,android,apple,0,0,34,1,1
4967,2482,2024-09-04 23:38:52,android,xiaomi,0,1,17,1,1
4968,2482,2024-09-26 23:38:52,android,xiaomi,0,0,1,1,1
4969,2482,2024-11-25 23:38:52,android,other,0,0,36,1,1
4970,2483,2024-12-10 08:29:31,android,xiaomi,0,0,46,1,1
4971,2483,2024-10-09 08:29:31,android,apple,0,0,33,2,1
4972,2484,2024-09-28 08:08:39,android,vivo,0,0,27,4,1
4973,2485,2024-02-08 08:20:15,ios,huawei,0,0,51,1,1
4974,2485,2024-05-28 08:20:15,android,oppo,0,0,25,5,1
4975,2486,2025-02-01 08:43:41,android,apple,0,0,37,2,1
4976,2487,2024-11-07 21:06:56,ios,apple,0,0,47,3,1
4977,2487,2024-09-24 21:06:56,ios,apple,0,0,23,2,0
4978,2488,2024-12-03 20:21:23,ios,vivo,0,0,31,2,1
4979,2488,2024-12-12 20:21:23,android,xiaomi,0,0,42,1,1
4980,2488,2024-10-26 20:21:23,android,samsung,0,0,49,2,1
4981,2489,2024-07-09 07:25:18,android,oppo,0,0,34,1,1
4982,2489,2024-07-11 07:25:18,android,xiaomi,0,0,33,3,1
4983,2490,2025-11-04 10:01:43,android,oppo,0,0,93,3,1
4984,2490,2025-11-05 10:01:43,android,xiaomi,0,0,67,4,0
4985,2491,2025-05-30 15:41:54,android,xiaomi,0,0,17,2,1
4986,2491,2025-07-04 15:41:54,android,apple,0,0,12,5,1
4987,2492,2024-10-31 15:28:50,ios,vivo,0,0,35,1,1
4988,2493,2024-08-25 22:26:16,android,oppo,0,0,69,2,1
4989,2494,2025-08-28 19:41:07,ios,apple,1,0,60,3,1
4990,2494,2025-08-26 19:41:07,android,vivo,0,0,24,1,1
4991,2495,2026-01-10 12:09:45,android,apple,0,0,0,2,1
4992,2495,2025-11-08 12:09:45,ios,xiaomi,0,0,36,1,0
4993,2496,2024-03-17 14:13:31,android,samsung,1,0,14,1,1
4994,2497,2025-12-15 15:45:33,android,apple,0,0,29,1,1
4995,2498,2025-08-06 13:50:24,android,xiaomi,0,0,26,1,1
4996,2498,2025-07-19 13:50:24,android,xiaomi,0,0,49,2,0
4997,2498,2025-09-11 13:50:24,android,xiaomi,0,0,26,3,1
4998,2499,2024-03-28 21:02:24,android,apple,0,0,83,3,1
4999,2499,2024-04-07 21:02:24,android,xiaomi,0,0,35,2,1
5000,2500,2025-07-01 19:18:22,android,xiaomi,0,0,68,1,1
5001,2501,2024-05-05 09:41:59,android,huawei,0,0,44,1,1
5002,2501,2024-04-28 09:41:59,android,vivo,0,0,76,4,0
5003,2501,2024-07-04 09:41:59,android,huawei,0,0,2,3,1
5004,2502,2024-03-20 03:05:56,android,samsung,0,1,63,3,1
5005,2502,2024-03-14 03:05:56,android,xiaomi,0,0,28,3,1
5006,2502,2024-02-04 03:05:56,android,xiaomi,0,0,65,1,1
5007,2503,2024-04-12 04:31:09,android,xiaomi,0,0,10,2,1
5008,2503,2024-03-29 04:31:09,android,xiaomi,0,0,39,1,1
5009,2503,2024-05-10 04:31:09,android,xiaomi,0,0,30,2,1
5010,2504,2025-03-21 16:15:27,ios,vivo,0,0,46,3,1
5011,2505,2025-04-20 06:51:12,ios,vivo,0,0,52,2,1
5012,2505,2025-04-22 06:51:12,android,other,0,0,59,1,1
5013,2505,2025-03-31 06:51:12,ios,vivo,0,0,51,2,1
5014,2506,2024-11-02 08:19:54,android,vivo,0,0,0,1,1
5015,2506,2025-01-19 08:19:54,android,xiaomi,0,0,29,1,1
5016,2507,2024-05-05 00:53:46,android,other,0,0,10,1,1
5017,2508,2024-07-01 09:25:54,android,oppo,0,0,20,1,1
5018,2508,2024-05-23 09:25:54,android,samsung,0,0,0,1,1
5019,2509,2025-11-23 05:44:17,ios,vivo,0,0,31,2,1
5020,2509,2025-12-29 05:44:17,ios,xiaomi,0,0,52,4,1
5021,2509,2025-11-29 05:44:17,android,xiaomi,0,0,47,1,1
5022,2510,2026-01-19 17:10:08,ios,xiaomi,0,0,61,2,1
5023,2511,2025-07-30 14:50:12,android,other,0,0,57,1,0
5024,2512,2024-04-14 11:48:39,android,xiaomi,0,0,20,2,0
5025,2513,2025-09-11 11:03:04,android,vivo,1,1,21,1,1
5026,2513,2025-11-07 11:03:04,android,oppo,0,0,39,1,1
5027,2513,2025-11-02 11:03:04,ios,huawei,0,0,19,4,1
5028,2514,2025-07-27 03:38:41,android,huawei,0,0,39,1,1
5029,2515,2025-04-24 00:34:49,ios,xiaomi,0,0,52,2,0
5030,2515,2025-02-14 00:34:49,ios,xiaomi,0,0,40,1,1
5031,2516,2024-04-24 13:32:21,android,xiaomi,0,0,14,3,0
5032,2517,2026-01-27 13:47:05,android,vivo,0,0,40,1,1
5033,2517,2025-12-29 13:47:05,android,xiaomi,0,0,62,3,1
5034,2517,2026-04-08 13:47:05,ios,huawei,0,0,72,1,1
5035,2518,2025-01-03 02:27:53,android,xiaomi,0,0,21,1,1
5036,2518,2024-11-29 02:27:53,android,oppo,0,0,52,1,1
5037,2518,2024-12-25 02:27:53,android,other,0,0,42,1,1
5038,2519,2024-04-15 05:56:52,android,vivo,0,0,10,1,0
5039,2519,2024-04-19 05:56:52,android,samsung,0,1,39,1,1
5040,2520,2024-06-10 06:38:53,android,oppo,0,0,52,1,1
5041,2520,2024-07-25 06:38:53,android,xiaomi,0,0,31,1,1
5042,2520,2024-06-10 06:38:53,ios,vivo,0,0,50,4,1
5043,2521,2024-11-22 22:09:43,ios,vivo,0,0,28,1,1
5044,2522,2024-02-25 11:57:56,android,vivo,0,0,33,1,1
5045,2522,2024-03-08 11:57:56,ios,vivo,0,0,25,1,1
5046,2523,2024-12-06 11:22:13,android,huawei,0,0,28,3,1
5047,2523,2024-09-01 11:22:13,android,apple,0,0,11,1,1
5048,2523,2024-11-23 11:22:13,android,huawei,0,0,39,1,1
5049,2524,2025-03-10 22:25:54,android,oppo,0,0,28,3,1
5050,2524,2025-01-15 22:25:54,android,oppo,0,0,49,3,1
5051,2525,2026-02-18 12:16:08,android,oppo,0,0,52,4,1
5052,2526,2024-06-15 01:17:24,android,other,0,0,64,1,1
5053,2526,2024-04-22 01:17:24,android,samsung,0,0,67,1,0
5054,2527,2025-03-17 02:36:14,android,apple,0,0,32,3,1
5055,2527,2025-05-12 02:36:14,ios,oppo,0,0,30,1,1
5056,2527,2025-06-16 02:36:14,android,vivo,0,0,43,1,1
5057,2528,2026-01-26 12:08:06,ios,other,0,0,69,1,1
5058,2529,2025-10-30 12:27:56,android,xiaomi,0,0,47,1,1
5059,2529,2025-09-13 12:27:56,android,other,0,0,60,1,1
5060,2529,2025-10-14 12:27:56,android,vivo,0,0,61,1,1
5061,2530,2026-01-23 04:58:30,android,huawei,1,0,30,3,1
5062,2530,2025-11-11 04:58:30,android,vivo,0,0,49,2,0
5063,2531,2024-06-18 08:22:39,android,other,0,0,58,2,1
5064,2532,2025-08-20 23:31:56,android,vivo,0,0,36,3,1
5065,2532,2025-08-03 23:31:56,android,samsung,0,0,0,2,1
5066,2532,2025-09-25 23:31:56,android,other,0,0,36,1,1
5067,2533,2025-12-30 09:40:12,android,xiaomi,0,0,50,2,1
5068,2533,2026-03-08 09:40:12,ios,other,0,0,48,2,1
5069,2534,2024-10-27 00:05:35,ios,huawei,0,0,51,2,0
5070,2535,2025-02-03 00:09:53,android,vivo,0,0,11,3,1
5071,2536,2025-05-05 12:20:25,ios,other,0,0,50,1,1
5072,2537,2024-12-30 09:08:05,android,xiaomi,0,0,41,1,1
5073,2537,2025-03-12 09:08:05,android,samsung,0,0,30,2,1
5074,2538,2024-09-23 12:58:38,android,huawei,0,0,26,1,1
5075,2539,2026-01-13 17:54:01,android,xiaomi,0,0,41,2,1
5076,2540,2025-11-27 05:49:23,ios,oppo,0,0,25,3,1
5077,2540,2025-11-28 05:49:23,android,huawei,0,0,47,2,1
5078,2541,2024-11-20 22:25:51,android,vivo,0,0,45,3,1
5079,2541,2024-10-06 22:25:51,android,xiaomi,0,0,75,1,1
5080,2541,2025-01-21 22:25:51,android,vivo,0,0,63,4,1
5081,2542,2025-11-26 20:43:00,android,apple,0,0,77,2,1
5082,2542,2025-10-12 20:43:00,android,xiaomi,0,0,25,1,1
5083,2542,2025-11-19 20:43:00,android,apple,0,0,40,2,1
5084,2543,2025-01-29 04:38:18,android,apple,0,0,48,1,1
5085,2544,2025-07-30 05:04:54,android,oppo,0,0,55,1,1
5086,2544,2025-07-28 05:04:54,android,oppo,0,0,34,3,1
5087,2545,2025-06-02 20:52:02,android,samsung,0,0,17,2,1
5088,2546,2024-12-27 05:22:21,android,oppo,0,0,34,1,1
5089,2546,2025-03-09 05:22:21,android,other,0,0,34,1,1
5090,2547,2024-05-23 11:28:54,android,oppo,0,0,63,1,1
5091,2547,2024-04-08 11:28:54,ios,huawei,0,0,27,1,1
5092,2547,2024-07-15 11:28:54,ios,huawei,0,0,0,1,1
5093,2548,2025-05-08 20:25:54,android,huawei,0,0,27,1,1
5094,2548,2025-05-03 20:25:54,ios,huawei,0,0,73,2,1
5095,2549,2024-10-18 09:25:12,android,samsung,0,0,22,2,1
5096,2549,2024-11-11 09:25:12,android,oppo,0,0,34,1,1
5097,2550,2024-06-01 07:21:48,android,oppo,0,0,43,1,1
5098,2550,2024-09-22 07:21:48,android,huawei,0,1,47,1,0
5099,2550,2024-08-11 07:21:48,android,oppo,0,0,15,2,1
5100,2551,2024-08-13 01:00:35,android,oppo,0,1,43,1,1
5101,2552,2026-02-18 18:29:44,android,xiaomi,0,0,29,1,1
5102,2552,2025-12-09 18:29:44,android,apple,0,0,24,1,1
5103,2553,2024-06-08 09:31:35,ios,vivo,0,0,61,1,1
5104,2553,2024-04-06 09:31:35,android,samsung,0,0,23,1,1
5105,2553,2024-05-26 09:31:35,android,vivo,0,0,53,1,1
5106,2554,2025-09-15 22:10:21,android,vivo,0,0,44,1,1
5107,2555,2025-10-12 06:51:12,ios,apple,0,0,25,1,0
5108,2555,2025-09-23 06:51:12,ios,xiaomi,0,0,26,1,0
5109,2555,2025-12-29 06:51:12,android,huawei,0,0,66,2,1
5110,2556,2024-02-08 16:02:49,ios,huawei,0,0,20,1,1
5111,2557,2025-05-18 05:04:55,ios,huawei,0,0,50,1,1
5112,2557,2025-05-20 05:04:55,android,oppo,0,0,14,1,1
5113,2557,2025-03-29 05:04:55,android,vivo,0,0,3,4,1
5114,2558,2025-05-07 12:07:54,android,oppo,0,0,53,3,1
5115,2559,2024-12-05 19:56:50,android,vivo,0,1,44,2,1
5116,2559,2024-11-03 19:56:50,android,apple,0,0,13,1,1
5117,2559,2024-11-03 19:56:50,android,vivo,0,0,30,5,1
5118,2560,2025-06-30 16:50:03,android,xiaomi,0,0,44,1,1
5119,2560,2025-05-14 16:50:03,android,oppo,0,1,36,1,1
5120,2560,2025-07-08 16:50:03,android,xiaomi,0,0,37,1,1
5121,2561,2025-01-16 07:53:14,android,vivo,0,0,34,1,1
5122,2562,2024-12-15 23:23:48,android,huawei,0,0,55,4,1
5123,2562,2024-11-10 23:23:48,ios,xiaomi,0,0,17,4,1
5124,2563,2025-02-18 00:12:46,android,vivo,0,0,44,3,1
5125,2563,2025-01-20 00:12:46,android,oppo,0,0,44,1,1
5126,2563,2024-11-22 00:12:46,android,vivo,0,0,25,4,1
5127,2564,2025-10-04 11:48:51,android,xiaomi,0,0,61,2,1
5128,2565,2025-06-04 04:46:25,android,vivo,0,0,41,2,1
5129,2566,2024-12-28 16:54:11,ios,oppo,0,0,32,1,1
5130,2566,2024-12-02 16:54:11,android,apple,0,0,22,2,1
5131,2566,2025-01-03 16:54:11,android,vivo,0,0,29,1,1
5132,2567,2025-11-30 12:59:59,android,oppo,0,0,67,2,1
5133,2568,2025-11-06 12:04:17,ios,xiaomi,0,0,79,3,1
5134,2568,2025-08-01 12:04:17,android,apple,0,0,27,1,1
5135,2568,2025-10-24 12:04:17,android,xiaomi,0,0,22,1,1
5136,2569,2026-02-28 22:17:56,android,vivo,0,0,48,2,1
5137,2569,2025-12-13 22:17:56,android,vivo,0,0,25,1,1
5138,2569,2025-12-26 22:17:56,android,huawei,0,0,8,4,1
5139,2570,2025-09-30 06:22:32,android,xiaomi,0,0,54,3,1
5140,2571,2024-12-02 18:56:22,ios,xiaomi,0,0,39,3,1
5141,2572,2025-09-22 05:56:19,android,vivo,0,0,37,1,1
5142,2573,2024-09-22 08:40:41,android,oppo,0,1,31,1,1
5143,2573,2024-11-26 08:40:41,android,samsung,0,0,27,1,1
5144,2574,2024-07-28 18:40:19,android,vivo,0,0,44,1,1
5145,2574,2024-09-06 18:40:19,android,oppo,0,0,28,2,1
5146,2574,2024-08-02 18:40:19,android,other,0,0,60,5,1
5147,2575,2024-12-25 06:20:04,android,samsung,0,0,40,1,1
5148,2575,2025-01-11 06:20:04,android,other,0,0,66,1,1
5149,2575,2025-01-08 06:20:04,android,other,0,0,42,1,1
5150,2576,2026-03-20 14:12:08,android,apple,0,0,50,1,1
5151,2577,2025-06-05 14:12:27,android,xiaomi,0,0,70,3,1
5152,2577,2025-02-21 14:12:27,android,other,0,0,21,2,1
5153,2578,2024-11-30 02:18:08,android,oppo,0,0,24,3,1
5154,2579,2025-03-07 03:02:59,android,apple,0,0,19,3,1
5155,2579,2025-03-10 03:02:59,android,xiaomi,0,0,30,2,1
5156,2580,2024-10-23 14:06:32,android,apple,0,0,55,1,1
5157,2580,2024-08-15 14:06:32,android,apple,0,0,64,1,0
5158,2581,2025-06-03 21:21:35,android,vivo,0,0,54,1,1
5159,2581,2025-07-06 21:21:35,ios,samsung,0,0,8,3,1
5160,2582,2024-10-13 19:26:29,android,other,0,0,3,1,1
5161,2582,2024-10-22 19:26:29,android,oppo,0,0,56,2,1
5162,2582,2024-12-19 19:26:29,ios,huawei,0,0,39,2,1
5163,2583,2025-02-09 17:04:15,android,xiaomi,0,0,29,1,1
5164,2584,2024-11-24 23:12:51,android,xiaomi,0,0,26,1,1
5165,2584,2024-09-24 23:12:51,android,huawei,0,0,24,1,1
5166,2585,2024-09-03 02:56:10,android,samsung,0,0,42,1,1
5167,2586,2026-02-11 06:31:47,android,xiaomi,0,0,27,2,1
5168,2586,2026-01-01 06:31:47,android,xiaomi,0,0,24,1,1
5169,2587,2024-12-07 09:12:13,android,other,0,0,25,2,1
5170,2587,2024-09-02 09:12:13,android,xiaomi,0,0,9,1,1
5171,2587,2024-09-18 09:12:13,android,other,0,0,28,1,1
5172,2588,2024-03-17 11:31:00,android,huawei,0,0,45,2,1
5173,2588,2024-05-18 11:31:00,android,oppo,0,0,54,2,1
5174,2588,2024-06-05 11:31:00,android,xiaomi,0,0,0,2,1
5175,2589,2025-01-21 08:56:44,android,xiaomi,0,0,50,1,1
5176,2589,2024-11-21 08:56:44,android,xiaomi,0,0,29,1,1
5177,2589,2024-12-27 08:56:44,android,other,0,0,41,3,1
5178,2590,2025-02-18 11:09:46,android,oppo,0,0,12,1,1
5179,2590,2025-04-21 11:09:46,android,oppo,0,0,29,3,1
5180,2590,2025-04-04 11:09:46,android,apple,0,0,20,1,1
5181,2591,2024-06-03 02:05:19,ios,huawei,0,0,27,3,1
5182,2591,2024-04-14 02:05:19,android,huawei,0,0,26,1,1
5183,2592,2024-11-10 03:35:27,android,huawei,0,0,63,1,1
5184,2593,2024-05-25 05:25:02,android,huawei,0,1,31,1,0
5185,2593,2024-07-30 05:25:02,android,xiaomi,0,0,66,4,1
5186,2594,2025-01-02 11:21:28,android,oppo,0,0,40,1,1
5187,2595,2025-06-10 20:57:13,ios,vivo,0,0,42,4,1
5188,2596,2026-02-16 23:46:25,android,other,0,0,51,1,1
5189,2596,2026-03-04 23:46:25,android,huawei,0,0,44,2,1
5190,2597,2024-10-16 00:58:27,android,xiaomi,0,0,41,1,1
5191,2597,2024-12-23 00:58:27,android,huawei,0,1,61,3,0
5192,2597,2025-01-26 00:58:27,android,xiaomi,0,0,28,1,0
5193,2598,2025-12-01 04:17:27,android,apple,0,0,16,4,1
5194,2599,2024-06-07 14:43:22,android,xiaomi,0,0,64,1,0
5195,2600,2025-10-16 18:18:28,android,xiaomi,1,0,22,1,1
5196,2600,2025-11-06 18:18:28,android,oppo,0,0,3,1,1
5197,2600,2025-08-29 18:18:28,android,huawei,0,0,32,1,1
5198,2601,2025-04-27 18:01:14,android,samsung,0,0,31,2,1
5199,2602,2025-08-30 11:11:46,android,xiaomi,0,0,13,2,1
5200,2603,2025-08-31 13:03:10,android,oppo,0,1,28,2,1
5201,2604,2025-04-24 16:12:50,android,xiaomi,0,0,49,1,1
5202,2604,2025-05-12 16:12:50,android,xiaomi,0,0,48,5,1
5203,2604,2025-01-27 16:12:50,android,xiaomi,0,0,36,1,1
5204,2605,2024-07-12 22:02:23,android,xiaomi,0,0,78,4,1
5205,2605,2024-09-23 22:02:23,android,other,0,0,27,2,1
5206,2606,2025-03-13 02:44:47,android,oppo,0,1,39,1,1
5207,2607,2025-10-11 13:21:31,android,xiaomi,1,0,63,2,1
5208,2607,2025-08-26 13:21:31,android,xiaomi,1,0,46,2,0
5209,2607,2025-12-03 13:21:31,android,samsung,0,0,5,1,1
5210,2608,2026-03-11 13:56:47,android,xiaomi,0,0,81,2,1
5211,2608,2026-02-01 13:56:47,android,huawei,0,0,0,1,1
5212,2609,2026-02-21 01:53:06,android,oppo,0,0,36,1,0
5213,2609,2025-11-10 01:53:06,android,apple,0,0,32,2,1
5214,2609,2026-01-02 01:53:06,ios,huawei,0,0,37,4,1
5215,2610,2024-07-08 11:18:10,android,xiaomi,0,0,75,1,1
5216,2611,2025-05-08 02:21:07,android,apple,0,0,0,1,0
5217,2611,2025-05-01 02:21:07,ios,samsung,0,0,40,2,1
5218,2611,2025-05-04 02:21:07,ios,oppo,0,0,54,2,1
5219,2612,2024-04-10 08:30:14,android,oppo,0,0,34,1,1
5220,2613,2025-07-06 07:57:46,android,oppo,0,0,47,2,1
5221,2613,2025-07-12 07:57:46,android,vivo,0,0,41,2,1
5222,2614,2026-03-01 09:43:19,ios,other,0,0,34,2,1
5223,2614,2026-02-05 09:43:19,android,huawei,0,1,32,1,1
5224,2615,2024-03-28 09:07:52,android,oppo,0,0,13,1,1
5225,2615,2024-04-19 09:07:52,android,apple,0,0,43,1,1
5226,2616,2025-06-25 07:09:09,android,samsung,0,0,23,1,1
5227,2616,2025-05-13 07:09:09,ios,apple,0,0,19,2,1
5228,2617,2026-03-05 05:30:30,android,huawei,0,0,18,3,1
5229,2617,2026-02-12 05:30:30,android,samsung,0,0,96,2,1
5230,2617,2025-12-11 05:30:30,android,oppo,0,0,16,2,1
5231,2618,2025-11-01 10:40:15,android,apple,0,0,9,1,1
5232,2618,2025-10-13 10:40:15,android,xiaomi,0,0,31,1,1
5233,2618,2025-09-06 10:40:15,android,vivo,0,0,23,1,1
5234,2619,2024-12-03 12:19:57,android,vivo,0,0,33,1,1
5235,2619,2024-11-19 12:19:57,ios,oppo,0,0,21,1,1
5236,2620,2024-06-25 20:42:42,ios,xiaomi,0,0,42,2,1
5237,2620,2024-03-08 20:42:42,android,huawei,0,0,61,2,1
5238,2621,2025-11-17 10:44:06,android,vivo,0,0,31,1,1
5239,2621,2026-02-19 10:44:06,android,apple,0,0,51,2,1
5240,2622,2025-11-13 13:34:15,android,huawei,0,0,15,3,0
5241,2622,2025-11-27 13:34:15,android,huawei,0,0,31,1,1
5242,2623,2025-02-20 15:41:10,android,xiaomi,0,0,74,1,1
5243,2623,2025-06-11 15:41:10,android,huawei,0,0,51,1,1
5244,2624,2025-12-09 14:14:07,android,other,0,0,13,3,1
5245,2624,2026-01-18 14:14:07,android,samsung,0,0,34,1,1
5246,2624,2025-12-22 14:14:07,android,huawei,0,0,44,1,1
5247,2625,2024-02-17 08:55:16,android,samsung,0,0,36,3,1
5248,2625,2024-02-28 08:55:16,android,huawei,0,1,22,3,1
5249,2625,2024-03-05 08:55:16,android,huawei,0,0,24,1,1
5250,2626,2025-07-07 03:01:05,ios,vivo,0,0,56,1,1
5251,2627,2024-05-08 03:15:20,android,other,0,0,10,2,1
5252,2628,2026-01-29 01:21:49,android,apple,0,0,15,2,1
5253,2628,2025-12-18 01:21:49,android,huawei,0,0,51,3,1
5254,2628,2026-02-09 01:21:49,android,vivo,0,0,18,1,1
5255,2629,2025-07-30 16:56:14,android,other,0,0,48,1,1
5256,2629,2025-05-17 16:56:14,android,xiaomi,0,0,50,1,1
5257,2630,2026-01-19 19:16:13,android,xiaomi,0,0,48,1,1
5258,2630,2025-11-01 19:16:13,ios,vivo,0,0,61,2,1
5259,2631,2025-03-12 17:56:36,android,apple,0,0,68,1,1
5260,2631,2025-03-25 17:56:36,android,apple,0,0,60,2,1
5261,2631,2025-02-21 17:56:36,android,vivo,0,0,19,1,1
5262,2632,2024-04-11 08:50:53,android,vivo,0,0,39,1,1
5263,2633,2024-08-31 23:14:48,android,vivo,0,0,40,1,1
5264,2634,2025-09-05 17:25:06,android,xiaomi,0,0,13,2,1
5265,2634,2025-06-18 17:25:06,ios,huawei,0,0,64,3,1
5266,2635,2024-05-09 06:05:10,android,huawei,0,0,49,4,1
5267,2635,2024-06-20 06:05:10,android,xiaomi,0,0,5,1,0
5268,2635,2024-04-30 06:05:10,android,xiaomi,0,0,43,4,1
5269,2636,2025-11-12 01:35:10,ios,oppo,0,0,61,2,1
5270,2636,2025-10-05 01:35:10,android,huawei,0,0,20,1,1
5271,2636,2025-10-07 01:35:10,android,other,0,0,0,1,1
5272,2637,2024-08-01 19:45:00,android,oppo,0,0,75,2,1
5273,2637,2024-08-04 19:45:00,ios,vivo,0,0,64,2,1
5274,2637,2024-09-15 19:45:00,android,samsung,0,0,52,1,1
5275,2638,2025-01-24 09:14:03,android,vivo,0,0,41,5,1
5276,2638,2025-01-08 09:14:03,android,apple,0,0,41,1,1
5277,2639,2024-07-25 05:58:46,android,vivo,0,0,48,1,1
5278,2640,2025-03-01 00:04:13,android,vivo,0,0,43,1,1
5279,2640,2024-12-05 00:04:13,android,huawei,0,0,14,1,1
5280,2641,2024-12-22 02:05:24,ios,other,0,0,17,1,1
5281,2642,2024-04-03 23:53:19,android,xiaomi,0,0,27,3,1
5282,2642,2023-12-27 23:53:19,android,apple,0,0,65,1,1
5283,2643,2025-05-22 12:03:26,android,xiaomi,0,0,31,4,1
5284,2644,2025-07-27 06:06:10,android,apple,0,0,12,5,1
5285,2644,2025-07-29 06:06:10,android,oppo,0,1,67,1,0
5286,2645,2026-02-03 11:33:23,android,oppo,0,0,48,5,1
5287,2645,2025-12-06 11:33:23,ios,xiaomi,0,0,23,3,1
5288,2645,2026-02-01 11:33:23,android,apple,0,0,42,2,1
5289,2646,2024-11-07 10:08:43,android,huawei,0,0,14,1,1
5290,2647,2025-11-29 19:52:13,ios,samsung,0,0,52,1,1
5291,2647,2025-10-07 19:52:13,ios,other,0,0,44,2,1
5292,2647,2025-12-26 19:52:13,ios,oppo,0,0,46,1,1
5293,2648,2025-11-26 11:56:19,android,xiaomi,0,1,18,3,1
5294,2649,2026-03-08 12:27:56,android,xiaomi,0,0,30,4,0
5295,2650,2024-11-30 08:01:17,android,vivo,0,0,52,1,1
5296,2651,2025-11-26 03:37:08,android,vivo,0,0,55,2,1
5297,2651,2025-10-08 03:37:08,ios,oppo,0,0,28,1,1
5298,2651,2025-12-10 03:37:08,android,other,0,1,31,1,0
5299,2652,2025-02-14 12:09:53,android,vivo,0,0,27,1,1
5300,2652,2025-05-16 12:09:53,android,huawei,0,0,0,1,1
5301,2652,2025-02-11 12:09:53,ios,vivo,0,0,16,1,1
5302,2653,2024-04-02 12:54:09,android,oppo,0,0,30,1,1
5303,2654,2024-09-08 08:23:17,android,xiaomi,0,0,34,1,1
5304,2655,2025-06-09 14:20:25,android,apple,0,0,11,2,1
5305,2655,2025-07-19 14:20:25,android,apple,0,0,52,1,1
5306,2655,2025-07-03 14:20:25,android,huawei,0,0,26,4,0
5307,2656,2024-05-01 05:30:26,android,oppo,0,1,29,3,1
5308,2656,2024-06-15 05:30:26,android,apple,0,0,57,1,1
5309,2657,2024-12-24 08:30:13,android,apple,0,0,46,3,0
5310,2658,2025-09-06 16:23:11,android,oppo,0,0,48,3,1
5311,2659,2024-05-30 07:47:12,android,xiaomi,0,1,31,2,1
5312,2659,2024-08-02 07:47:12,android,other,0,0,20,1,1
5313,2660,2025-01-06 12:15:54,android,oppo,0,0,29,4,1
5314,2661,2024-07-01 20:19:25,android,samsung,0,0,61,2,0
5315,2661,2024-08-22 20:19:25,ios,oppo,0,0,48,1,1
5316,2662,2025-03-21 15:16:06,android,vivo,0,0,51,1,1
5317,2662,2025-03-11 15:16:06,android,samsung,0,0,51,1,1
5318,2663,2024-10-02 17:15:53,ios,xiaomi,0,0,28,1,1
5319,2663,2024-10-13 17:15:53,android,huawei,0,0,65,1,1
5320,2664,2026-02-04 18:05:15,android,other,0,0,57,2,1
5321,2664,2026-01-04 18:05:15,ios,other,0,0,39,1,1
5322,2665,2024-04-11 23:48:15,android,xiaomi,0,0,57,1,1
5323,2666,2026-01-20 09:55:12,ios,other,0,0,28,3,1
5324,2666,2026-01-16 09:55:12,android,apple,0,0,59,1,1
5325,2667,2025-09-01 01:38:56,android,samsung,0,0,64,3,1
5326,2668,2025-09-21 14:50:59,android,oppo,0,0,47,1,1
5327,2668,2025-10-23 14:50:59,ios,samsung,0,0,94,1,1
5328,2668,2025-11-06 14:50:59,android,oppo,0,0,22,1,0
5329,2669,2025-11-01 14:26:21,android,huawei,1,0,42,3,1
5330,2669,2025-11-06 14:26:21,ios,xiaomi,0,0,0,3,0
5331,2670,2024-07-10 22:54:53,android,vivo,0,0,61,1,1
5332,2670,2024-08-04 22:54:53,android,samsung,0,0,45,1,1
5333,2671,2025-11-09 16:43:38,android,vivo,0,0,57,1,1
5334,2671,2026-02-24 16:43:38,android,apple,0,0,52,2,1
5335,2672,2025-03-03 19:39:27,android,vivo,0,0,47,3,1
5336,2673,2026-02-13 08:59:45,android,vivo,0,0,5,1,1
5337,2673,2025-11-30 08:59:45,android,other,0,0,14,4,1
5338,2673,2026-02-21 08:59:45,android,other,0,0,34,1,1
5339,2674,2025-10-20 01:08:34,android,other,0,0,34,2,1
5340,2675,2025-05-21 02:46:07,android,samsung,0,1,25,1,1
5341,2675,2025-06-10 02:46:07,android,xiaomi,0,0,48,1,1
5342,2676,2024-12-06 08:36:29,android,huawei,0,1,58,3,1
5343,2677,2024-06-07 14:52:15,android,vivo,0,0,32,1,1
5344,2677,2024-07-04 14:52:15,android,samsung,0,0,52,4,1
5345,2678,2024-05-22 19:22:48,android,xiaomi,0,0,27,1,1
5346,2678,2024-04-27 19:22:48,android,other,0,0,49,2,1
5347,2679,2024-12-09 11:42:44,android,other,0,0,16,2,1
5348,2679,2024-10-23 11:42:44,android,vivo,0,0,23,2,1
5349,2680,2025-10-23 00:04:12,android,xiaomi,0,0,33,1,1
5350,2681,2025-01-15 21:37:24,android,other,0,0,40,1,0
5351,2682,2025-03-22 16:29:50,ios,xiaomi,0,0,5,2,1
5352,2682,2025-02-23 16:29:50,android,vivo,0,0,39,3,1
5353,2683,2024-07-16 10:49:45,android,apple,0,0,28,1,1
5354,2684,2025-02-28 00:09:35,ios,samsung,0,0,40,4,1
5355,2685,2025-04-13 19:04:48,ios,oppo,0,0,41,1,1
5356,2685,2025-06-02 19:04:48,android,xiaomi,0,0,35,1,1
5357,2685,2025-04-17 19:04:48,android,xiaomi,0,0,33,1,1
5358,2686,2026-03-28 23:10:05,android,xiaomi,0,0,51,2,1
5359,2686,2026-01-10 23:10:05,android,oppo,0,0,41,2,1
5360,2687,2025-09-08 11:23:04,android,xiaomi,0,0,57,3,1
5361,2688,2025-04-14 06:20:39,android,apple,0,0,48,1,1
5362,2688,2025-04-11 06:20:39,ios,huawei,0,0,64,1,0
5363,2689,2025-10-21 08:32:43,android,oppo,0,0,35,1,1
5364,2690,2024-11-12 05:38:19,android,xiaomi,0,0,44,1,1
5365,2690,2025-01-17 05:38:19,android,oppo,0,0,37,1,1
5366,2690,2024-12-03 05:38:19,ios,oppo,0,0,47,1,0
5367,2691,2025-12-15 12:18:18,android,oppo,0,0,83,3,1
5368,2691,2025-12-11 12:18:18,android,xiaomi,0,0,32,3,1
5369,2692,2024-10-28 02:07:34,ios,other,0,0,36,2,1
5370,2692,2024-10-24 02:07:34,android,other,0,0,68,1,1
5371,2692,2025-01-16 02:07:34,ios,apple,0,0,37,2,1
5372,2693,2024-06-09 06:41:29,android,apple,0,0,52,2,1
5373,2693,2024-06-26 06:41:29,android,samsung,0,0,0,2,1
5374,2694,2024-11-23 20:41:24,android,xiaomi,0,0,18,1,1
5375,2694,2024-11-18 20:41:24,android,oppo,0,1,37,3,1
5376,2694,2024-12-14 20:41:24,android,huawei,0,0,2,3,1
5377,2695,2024-03-27 23:59:12,android,vivo,0,0,34,2,1
5378,2695,2024-07-09 23:59:12,android,apple,1,0,54,1,1
5379,2695,2024-07-08 23:59:12,android,huawei,0,0,25,1,1
5380,2696,2024-07-13 10:21:06,android,vivo,0,0,13,1,1
5381,2696,2024-05-28 10:21:06,ios,huawei,0,0,53,2,0
5382,2697,2026-01-08 06:46:28,ios,apple,0,0,0,1,1
5383,2697,2025-12-05 06:46:28,android,oppo,0,0,27,2,1
5384,2698,2025-09-22 04:01:47,android,huawei,0,0,23,1,1
5385,2698,2025-08-10 04:01:47,android,samsung,0,0,40,1,1
5386,2698,2025-08-31 04:01:47,android,xiaomi,0,0,57,2,1
5387,2699,2024-06-26 11:37:47,android,apple,0,1,43,3,1
5388,2699,2024-09-06 11:37:47,ios,xiaomi,0,0,37,1,1
5389,2700,2025-09-03 12:47:57,android,apple,0,0,34,2,1
5390,2701,2024-04-17 07:09:57,ios,other,0,0,49,1,1
5391,2702,2024-07-30 14:38:16,android,vivo,0,0,53,1,1
5392,2702,2024-10-28 14:38:16,android,vivo,0,0,35,1,1
5393,2703,2025-08-20 10:54:12,android,other,0,0,42,2,1
5394,2704,2024-10-11 18:31:00,android,oppo,0,0,40,2,1
5395,2704,2024-09-11 18:31:00,android,oppo,0,0,47,3,1
5396,2704,2024-09-24 18:31:00,android,oppo,0,0,0,1,1
5397,2705,2025-07-19 06:25:22,android,oppo,0,0,36,4,1
5398,2705,2025-07-15 06:25:22,android,apple,0,0,80,1,1
5399,2706,2025-11-06 06:20:10,ios,oppo,0,0,6,1,1
5400,2706,2025-11-16 06:20:10,ios,other,0,0,39,1,1
5401,2707,2024-04-21 05:24:02,android,xiaomi,0,0,45,2,0
5402,2708,2024-03-08 11:57:38,ios,huawei,0,0,57,1,1
5403,2709,2025-11-14 04:50:07,android,apple,0,0,10,4,1
5404,2710,2025-03-06 22:24:51,android,oppo,0,0,78,1,1
5405,2710,2025-04-10 22:24:51,ios,xiaomi,0,0,42,2,1
5406,2711,2025-02-03 17:25:50,ios,xiaomi,0,0,24,2,1
5407,2711,2025-04-04 17:25:50,android,vivo,0,0,55,1,0
5408,2711,2025-03-29 17:25:50,android,vivo,0,0,39,2,1
5409,2712,2025-02-08 11:35:54,android,oppo,0,0,55,1,1
5410,2712,2024-12-11 11:35:54,android,vivo,0,0,40,1,1
5411,2712,2025-03-24 11:35:54,android,xiaomi,0,0,31,3,1
5412,2713,2024-12-15 12:53:36,android,oppo,0,0,32,1,1
5413,2713,2025-02-13 12:53:36,android,huawei,0,0,50,1,1
5414,2713,2024-12-26 12:53:36,android,xiaomi,0,0,45,5,0
5415,2714,2025-08-29 19:01:15,android,xiaomi,0,0,60,1,1
5416,2714,2025-09-06 19:01:15,ios,huawei,0,0,80,2,1
5417,2715,2025-03-14 05:08:29,android,huawei,0,0,37,2,1
5418,2715,2025-04-18 05:08:29,android,xiaomi,0,0,28,1,1
5419,2715,2025-06-09 05:08:29,android,oppo,0,0,23,1,1
5420,2716,2024-07-16 06:37:21,android,vivo,0,0,35,1,1
5421,2717,2025-07-03 10:42:31,ios,oppo,0,0,39,1,1
5422,2717,2025-07-19 10:42:31,ios,oppo,0,0,49,2,1
5423,2717,2025-05-15 10:42:31,android,xiaomi,0,0,41,1,1
5424,2718,2025-05-04 21:09:16,android,apple,0,0,27,1,1
5425,2719,2024-04-26 22:17:18,android,huawei,0,0,38,2,1
5426,2719,2024-06-03 22:17:18,android,huawei,0,0,37,1,1
5427,2719,2024-06-13 22:17:18,android,huawei,0,0,39,3,1
5428,2720,2024-10-23 00:22:47,android,vivo,0,0,0,1,1
5429,2721,2025-11-15 01:41:30,android,vivo,0,1,33,5,1
5430,2721,2025-10-10 01:41:30,android,apple,0,0,57,1,1
5431,2721,2025-10-25 01:41:30,android,vivo,0,0,55,1,1
5432,2722,2025-07-08 15:52:58,android,xiaomi,0,1,59,1,1
5433,2722,2025-07-12 15:52:58,android,other,1,0,50,4,1
5434,2722,2025-06-12 15:52:58,ios,huawei,0,0,0,1,1
5435,2723,2024-07-13 13:11:57,android,oppo,0,0,36,1,1
5436,2723,2024-05-23 13:11:57,android,xiaomi,0,0,25,1,1
5437,2724,2024-01-28 06:27:52,android,vivo,0,0,11,1,1
5438,2724,2024-04-05 06:27:52,android,vivo,0,0,15,1,1
5439,2725,2025-06-06 06:49:07,android,samsung,0,0,73,1,1
5440,2726,2025-01-18 01:27:37,android,apple,0,0,35,2,1
5441,2727,2026-01-12 13:37:20,android,apple,0,0,72,1,1
5442,2728,2025-03-11 05:50:08,android,oppo,0,0,72,2,1
5443,2728,2025-02-02 05:50:08,android,vivo,0,0,65,2,0
5444,2728,2025-04-12 05:50:08,ios,huawei,0,0,31,2,0
5445,2729,2026-01-24 23:40:57,android,apple,0,0,27,2,1
5446,2730,2024-09-16 10:59:54,android,samsung,0,0,35,1,1
5447,2730,2024-08-23 10:59:54,android,oppo,0,0,30,2,1
5448,2731,2024-11-20 13:21:15,android,apple,0,0,59,1,1
5449,2731,2025-02-26 13:21:15,android,apple,0,0,75,3,1
5450,2731,2024-12-29 13:21:15,android,oppo,0,1,50,2,1
5451,2732,2024-05-12 22:12:23,android,vivo,0,0,58,2,1
5452,2732,2024-06-09 22:12:23,android,xiaomi,0,0,47,4,1
5453,2732,2024-06-04 22:12:23,android,xiaomi,0,0,0,3,1
5454,2733,2025-03-13 04:29:40,android,xiaomi,0,0,31,5,1
5455,2734,2024-08-22 14:04:11,ios,xiaomi,0,0,16,2,1
5456,2734,2024-08-18 14:04:11,ios,other,0,0,20,2,0
5457,2734,2024-08-18 14:04:11,android,vivo,0,1,49,1,1
5458,2735,2024-12-18 08:26:56,android,other,0,0,36,3,1
5459,2736,2024-11-16 05:21:06,android,samsung,0,0,13,3,1
5460,2736,2024-11-12 05:21:06,android,oppo,0,0,76,2,0
5461,2736,2024-12-23 05:21:06,android,oppo,0,0,29,2,1
5462,2737,2024-08-04 13:59:04,android,oppo,0,0,58,1,1
5463,2738,2024-06-01 16:06:49,android,samsung,0,0,44,3,1
5464,2738,2024-06-17 16:06:49,android,vivo,0,0,64,1,1
5465,2738,2024-04-18 16:06:49,ios,huawei,0,0,54,1,1
5466,2739,2025-02-06 19:09:01,android,huawei,0,0,40,1,1
5467,2740,2025-11-29 13:02:34,android,huawei,0,0,22,4,1
5468,2740,2026-03-12 13:02:34,ios,apple,0,0,12,1,1
5469,2740,2025-12-25 13:02:34,android,oppo,0,0,5,1,1
5470,2741,2024-07-15 02:04:09,android,samsung,0,0,61,2,1
5471,2741,2024-09-06 02:04:09,android,oppo,0,1,34,1,1
5472,2741,2024-08-19 02:04:09,android,apple,0,0,18,1,1
5473,2742,2024-11-29 15:29:45,ios,apple,0,0,40,4,1
5474,2743,2024-06-27 23:06:30,android,apple,0,0,26,1,1
5475,2743,2024-09-16 23:06:30,android,vivo,0,0,39,4,0
5476,2743,2024-07-06 23:06:30,android,xiaomi,0,0,27,1,1
5477,2744,2025-10-05 13:08:50,android,xiaomi,0,0,3,2,1
5478,2744,2025-11-24 13:08:50,android,apple,0,0,34,3,1
5479,2745,2024-12-07 21:05:30,android,oppo,0,1,66,2,1
5480,2745,2024-11-02 21:05:30,android,huawei,0,0,18,1,1
5481,2745,2024-11-06 21:05:30,android,xiaomi,0,0,56,3,0
5482,2746,2026-01-14 07:47:16,android,apple,0,0,84,1,1
5483,2746,2026-01-25 07:47:16,android,other,0,0,31,1,1
5484,2746,2025-12-17 07:47:16,android,oppo,0,0,50,4,1
5485,2747,2024-09-20 23:20:04,android,xiaomi,0,0,42,1,1
5486,2747,2024-09-26 23:20:04,android,samsung,0,0,29,1,1
5487,2747,2024-08-21 23:20:04,ios,xiaomi,0,0,69,1,1
5488,2748,2024-02-22 22:28:55,ios,other,0,0,24,2,1
5489,2748,2024-03-20 22:28:55,android,other,0,0,32,1,1
5490,2749,2025-06-17 05:45:13,android,vivo,0,0,9,2,1
5491,2749,2025-05-11 05:45:13,android,apple,0,0,3,1,1
5492,2749,2025-04-14 05:45:13,ios,huawei,0,0,25,4,1
5493,2750,2025-06-06 17:14:56,ios,vivo,1,0,39,3,1
5494,2750,2025-07-21 17:14:56,android,apple,0,0,55,1,1
5495,2751,2026-01-01 05:47:15,android,xiaomi,0,0,27,3,1
5496,2752,2025-11-17 03:05:13,ios,xiaomi,0,0,31,1,1
5497,2752,2026-01-15 03:05:13,android,samsung,0,0,27,1,1
5498,2752,2025-12-18 03:05:13,ios,xiaomi,0,0,43,1,1
5499,2753,2025-11-17 10:39:26,android,xiaomi,0,0,55,3,1
5500,2754,2025-04-10 23:47:14,ios,apple,0,0,74,2,1
5501,2754,2025-03-30 23:47:14,android,oppo,0,0,56,1,1
5502,2755,2024-10-25 15:57:23,android,vivo,0,0,33,2,1
5503,2755,2024-11-01 15:57:23,ios,other,0,0,55,1,1
5504,2756,2024-11-30 04:32:15,ios,vivo,0,0,48,1,1
5505,2756,2025-02-01 04:32:15,ios,apple,0,0,19,2,1
5506,2757,2024-05-27 15:12:34,android,xiaomi,0,0,50,3,1
5507,2757,2024-07-01 15:12:34,ios,xiaomi,0,0,70,3,1
5508,2757,2024-06-26 15:12:34,android,oppo,0,0,51,1,1
5509,2758,2024-12-15 16:27:28,android,oppo,0,1,10,1,1
5510,2759,2024-12-22 00:57:49,android,oppo,0,0,43,1,1
5511,2759,2024-11-25 00:57:49,android,huawei,0,0,0,1,1
5512,2759,2024-11-29 00:57:49,android,xiaomi,1,0,30,1,1
5513,2760,2024-02-16 04:56:54,android,apple,0,0,38,1,1
5514,2760,2024-05-09 04:56:54,ios,xiaomi,0,0,0,2,1
5515,2760,2024-04-11 04:56:54,android,other,0,0,14,3,1
5516,2761,2024-05-21 06:16:30,android,apple,0,1,12,1,0
5517,2761,2024-08-23 06:16:30,android,apple,0,0,25,1,1
5518,2761,2024-05-31 06:16:30,android,xiaomi,0,0,46,3,1
5519,2762,2025-01-19 06:12:18,android,vivo,0,0,40,1,1
5520,2762,2025-01-17 06:12:18,android,apple,0,0,58,3,1
5521,2762,2025-02-16 06:12:18,android,vivo,0,0,16,3,0
5522,2763,2024-10-30 14:53:21,ios,other,0,0,63,1,1
5523,2763,2024-11-25 14:53:21,android,xiaomi,0,0,52,1,0
5524,2763,2024-12-15 14:53:21,android,other,0,0,37,2,1
5525,2764,2026-01-27 06:52:23,android,xiaomi,0,0,72,1,1
5526,2764,2026-01-30 06:52:23,ios,xiaomi,0,0,57,3,1
5527,2764,2026-04-13 06:52:23,android,xiaomi,0,0,53,1,1
5528,2765,2025-02-16 07:48:20,android,oppo,0,0,16,1,1
5529,2765,2025-02-03 07:48:20,android,apple,0,0,0,3,1
5530,2765,2024-12-28 07:48:20,android,huawei,0,0,13,1,1
5531,2766,2026-01-12 20:33:21,android,other,0,0,49,2,1
5532,2766,2026-03-12 20:33:21,android,other,0,0,39,2,1
5533,2766,2025-12-30 20:33:21,android,oppo,0,0,78,1,1
5534,2767,2025-07-05 07:39:35,android,xiaomi,0,0,51,1,0
5535,2767,2025-07-21 07:39:35,ios,vivo,0,0,40,2,1
5536,2767,2025-05-24 07:39:35,android,xiaomi,0,0,70,2,1
5537,2768,2024-03-06 11:47:40,android,apple,0,0,62,1,1
5538,2769,2024-08-25 12:21:32,android,oppo,0,0,18,1,1
5539,2770,2025-09-14 05:33:48,android,other,0,0,24,2,1
5540,2770,2025-09-03 05:33:48,ios,xiaomi,0,0,41,1,1
5541,2771,2025-02-19 22:27:33,android,other,0,0,41,1,1
5542,2771,2025-02-18 22:27:33,android,vivo,0,0,32,2,0
5543,2772,2024-11-01 06:55:13,android,vivo,0,0,19,3,1
5544,2773,2025-04-19 02:55:23,android,other,0,0,55,1,1
5545,2774,2025-12-05 04:22:11,android,other,0,0,41,3,1
5546,2775,2024-10-21 18:09:54,android,samsung,0,1,87,3,1
5547,2775,2024-12-31 18:09:54,android,other,0,0,61,1,1
5548,2776,2024-04-13 22:24:37,ios,huawei,0,0,46,1,0
5549,2776,2024-03-09 22:24:37,android,xiaomi,0,0,5,5,1
5550,2776,2024-02-08 22:24:37,android,apple,0,0,3,1,1
5551,2777,2024-11-04 00:00:20,android,vivo,0,0,70,3,1
5552,2777,2024-10-07 00:00:20,android,oppo,0,0,42,1,1
5553,2777,2024-08-31 00:00:20,android,oppo,0,0,31,2,1
5554,2778,2026-01-30 04:30:51,android,vivo,0,0,58,3,1
5555,2779,2025-10-02 02:20:22,android,xiaomi,0,0,45,1,1
5556,2779,2025-08-17 02:20:22,android,other,0,0,29,4,1
5557,2780,2025-09-13 08:34:30,android,vivo,0,0,28,2,1
5558,2780,2025-11-24 08:34:30,android,xiaomi,0,0,39,1,1
5559,2781,2026-01-14 11:20:55,android,huawei,1,0,89,3,1
5560,2781,2026-01-05 11:20:55,android,oppo,0,0,28,1,1
5561,2781,2025-12-03 11:20:55,android,apple,0,0,60,1,1
5562,2782,2024-07-09 18:40:36,android,huawei,0,0,30,1,1
5563,2782,2024-04-08 18:40:36,android,vivo,0,0,0,1,1
5564,2782,2024-03-29 18:40:36,android,xiaomi,0,0,91,5,1
5565,2783,2024-07-24 08:25:30,ios,vivo,0,0,63,1,1
5566,2784,2024-03-16 16:07:20,android,huawei,0,0,28,2,1
5567,2784,2024-03-01 16:07:20,android,apple,0,0,17,1,1
5568,2784,2024-04-28 16:07:20,ios,xiaomi,0,0,47,1,1
5569,2785,2024-04-13 10:58:06,android,huawei,0,0,28,1,1
5570,2785,2024-02-04 10:58:06,android,vivo,0,1,36,1,1
5571,2786,2025-10-14 08:04:41,android,oppo,0,0,57,1,1
5572,2787,2026-01-17 23:18:50,android,huawei,0,0,40,2,1
5573,2787,2026-01-22 23:18:50,android,xiaomi,0,0,14,1,1
5574,2788,2024-04-16 16:52:27,android,samsung,0,0,44,3,1
5575,2789,2025-07-31 04:24:03,ios,oppo,1,0,54,1,1
5576,2790,2025-02-07 11:24:56,android,oppo,0,0,57,2,1
5577,2790,2025-02-11 11:24:56,ios,other,0,0,31,2,1
5578,2791,2024-03-01 12:49:52,android,xiaomi,0,0,26,1,1
5579,2791,2024-04-26 12:49:52,android,xiaomi,0,0,45,1,1
5580,2791,2024-03-08 12:49:52,ios,apple,0,0,37,1,1
5581,2792,2026-01-03 11:50:59,android,huawei,0,0,26,1,1
5582,2792,2025-12-15 11:50:59,android,apple,0,0,36,1,1
5583,2793,2026-01-09 00:06:04,android,other,0,1,68,2,1
5584,2793,2025-12-09 00:06:04,android,xiaomi,0,0,5,1,1
5585,2793,2025-11-19 00:06:04,android,oppo,0,0,55,1,1
5586,2794,2025-04-23 05:41:27,android,xiaomi,0,0,23,3,1
5587,2794,2025-05-26 05:41:27,android,apple,0,0,53,1,1
5588,2794,2025-05-12 05:41:27,android,xiaomi,0,1,21,1,1
5589,2795,2025-09-18 18:12:20,android,vivo,0,0,0,1,1
5590,2795,2025-08-16 18:12:20,android,xiaomi,0,0,29,3,1
5591,2796,2024-11-07 23:31:38,android,xiaomi,0,0,42,3,1
5592,2796,2025-01-29 23:31:38,android,samsung,0,0,63,4,1
5593,2797,2025-09-07 18:32:21,android,oppo,0,0,47,1,1
5594,2798,2025-01-02 20:40:52,android,apple,0,0,43,2,1
5595,2799,2026-01-01 02:21:23,ios,huawei,0,0,6,1,1
5596,2799,2026-01-01 02:21:23,android,vivo,0,0,26,1,1
5597,2799,2026-03-06 02:21:23,android,huawei,0,0,31,3,1
5598,2800,2024-03-15 01:48:46,android,huawei,0,0,29,3,0
5599,2800,2024-06-06 01:48:46,android,vivo,0,0,37,2,1
5600,2800,2024-03-24 01:48:46,android,huawei,0,0,0,2,1
5601,2801,2024-07-15 16:03:35,ios,xiaomi,0,0,0,2,1
5602,2802,2025-12-18 04:32:26,android,vivo,0,0,50,3,1
5603,2802,2026-02-27 04:32:26,ios,xiaomi,0,0,62,1,1
5604,2803,2024-10-03 19:27:18,android,oppo,0,0,46,2,1
5605,2803,2024-09-16 19:27:18,android,huawei,0,0,0,3,0
5606,2803,2024-09-10 19:27:18,android,xiaomi,0,0,66,1,1
5607,2804,2024-11-06 18:39:40,android,oppo,0,0,30,1,1
5608,2804,2024-11-14 18:39:40,android,samsung,0,0,72,2,1
5609,2804,2024-10-13 18:39:40,android,apple,0,0,34,2,1
5610,2805,2025-10-29 15:08:52,ios,xiaomi,0,0,31,1,1
5611,2805,2025-08-23 15:08:52,android,huawei,0,0,33,2,0
5612,2806,2024-08-29 05:38:54,android,apple,0,0,71,3,1
5613,2807,2025-01-06 21:11:40,android,huawei,0,0,59,2,1
5614,2807,2025-01-06 21:11:40,android,huawei,0,0,60,2,1
5615,2808,2024-11-08 19:32:55,ios,samsung,0,0,25,2,1
5616,2808,2024-07-26 19:32:55,android,apple,0,0,59,1,1
5617,2809,2024-06-13 11:50:28,android,vivo,0,0,32,2,1
5618,2810,2026-02-06 23:49:06,android,oppo,0,0,21,3,1
5619,2810,2026-01-26 23:49:06,android,other,0,0,86,1,0
5620,2811,2024-07-08 22:11:49,android,apple,0,0,37,2,0
5621,2811,2024-09-03 22:11:49,android,xiaomi,0,0,39,2,1
5622,2812,2024-03-07 19:53:29,android,xiaomi,0,0,38,1,1
5623,2812,2024-06-24 19:53:29,ios,xiaomi,0,0,34,1,0
5624,2813,2025-08-02 23:23:18,android,apple,0,0,20,4,1
5625,2814,2025-12-27 03:08:57,android,huawei,0,0,42,1,1
5626,2814,2026-01-05 03:08:57,android,xiaomi,0,0,73,4,1
5627,2815,2024-05-22 01:43:34,android,vivo,0,0,36,1,1
5628,2815,2024-07-09 01:43:34,android,huawei,0,0,29,1,1
5629,2815,2024-07-11 01:43:34,ios,other,0,0,22,1,1
5630,2816,2025-07-21 17:25:30,android,xiaomi,0,0,41,2,1
5631,2816,2025-09-08 17:25:30,android,oppo,0,0,31,3,1
5632,2817,2025-03-17 18:39:24,ios,other,0,0,56,1,0
5633,2818,2025-09-06 21:56:09,android,apple,0,0,15,2,1
5634,2818,2025-10-21 21:56:09,android,xiaomi,0,0,39,2,1
5635,2818,2025-10-30 21:56:09,android,oppo,0,0,30,1,1
5636,2819,2024-05-21 16:14:38,android,oppo,0,0,51,1,1
5637,2820,2026-01-29 09:43:29,android,other,0,0,34,3,1
5638,2821,2025-03-21 22:49:10,android,huawei,0,1,49,2,1
5639,2821,2025-04-13 22:49:10,android,oppo,0,0,17,2,1
5640,2821,2025-04-02 22:49:10,android,oppo,0,0,48,1,1
5641,2822,2025-11-16 18:32:58,android,vivo,0,0,31,4,1
5642,2823,2024-11-26 05:34:39,ios,xiaomi,0,0,59,1,1
5643,2824,2025-12-08 16:03:31,android,oppo,0,0,38,2,0
5644,2825,2025-06-18 05:52:32,android,apple,0,0,56,2,1
5645,2825,2025-05-15 05:52:32,android,apple,0,0,21,2,1
5646,2825,2025-05-05 05:52:32,android,other,0,0,41,2,1
5647,2826,2024-06-13 15:54:20,android,huawei,0,0,53,1,0
5648,2827,2025-11-01 17:14:04,android,xiaomi,0,0,73,1,1
5649,2827,2026-01-14 17:14:04,android,xiaomi,0,0,31,2,1
5650,2828,2025-09-22 22:12:56,ios,oppo,0,0,25,1,1
5651,2828,2025-07-31 22:12:56,ios,oppo,0,0,69,3,1
5652,2829,2024-09-18 03:31:38,android,other,0,0,66,1,1
5653,2830,2025-03-04 08:14:17,android,other,0,0,42,3,1
5654,2831,2024-10-07 06:48:53,android,oppo,0,0,31,1,1
5655,2832,2025-02-27 18:02:34,android,apple,0,0,29,1,1
5656,2833,2026-03-18 17:21:25,android,huawei,0,0,72,1,1
5657,2833,2026-02-08 17:21:25,ios,xiaomi,0,0,25,3,1
5658,2833,2026-03-19 17:21:25,android,xiaomi,0,0,45,1,0
5659,2834,2025-11-01 05:06:21,android,xiaomi,0,0,27,1,1
5660,2834,2025-11-23 05:06:21,android,vivo,0,0,64,2,1
5661,2834,2025-12-12 05:06:21,ios,samsung,0,0,29,1,1
5662,2835,2024-06-06 08:15:44,ios,xiaomi,0,0,44,3,1
5663,2835,2024-06-14 08:15:44,android,xiaomi,0,0,77,2,1
5664,2836,2026-02-21 10:00:10,ios,xiaomi,0,0,21,1,1
5665,2836,2026-02-12 10:00:10,android,oppo,0,0,44,2,1
5666,2837,2024-11-30 16:48:12,android,huawei,0,0,44,4,1
5667,2837,2024-12-13 16:48:12,android,apple,0,0,54,4,1
5668,2837,2024-11-19 16:48:12,android,oppo,0,0,39,3,1
5669,2838,2025-08-01 12:46:02,android,xiaomi,0,0,62,2,1
5670,2838,2025-08-24 12:46:02,ios,xiaomi,0,0,59,2,0
5671,2838,2025-07-18 12:46:02,ios,apple,0,0,40,3,1
5672,2839,2025-10-23 21:11:19,android,vivo,1,0,47,1,0
5673,2839,2025-09-22 21:11:19,ios,oppo,0,0,61,1,1
5674,2840,2025-01-12 13:04:50,android,oppo,0,0,56,4,1
5675,2840,2024-12-20 13:04:50,android,xiaomi,0,0,61,2,1
5676,2840,2025-02-14 13:04:50,android,other,0,1,50,1,1
5677,2841,2024-12-07 08:38:04,android,vivo,0,0,16,2,1
5678,2842,2024-12-29 04:11:44,android,other,0,0,35,1,1
5679,2843,2025-10-01 15:51:48,android,huawei,0,0,27,1,0
5680,2843,2025-10-12 15:51:48,android,xiaomi,0,0,22,1,1
5681,2843,2025-11-12 15:51:48,android,apple,0,0,58,5,1
5682,2844,2024-11-12 00:42:08,android,apple,0,0,35,2,1
5683,2844,2024-10-01 00:42:08,android,other,0,0,26,4,1
5684,2845,2024-09-17 08:15:15,android,xiaomi,0,0,22,4,1
5685,2845,2024-09-30 08:15:15,android,oppo,0,0,26,2,0
5686,2845,2024-10-22 08:15:15,android,vivo,0,0,4,1,1
5687,2846,2024-11-25 23:12:53,ios,vivo,0,0,34,1,1
5688,2846,2024-12-03 23:12:53,android,xiaomi,0,0,48,1,1
5689,2847,2024-05-18 06:20:45,ios,xiaomi,0,0,32,1,1
5690,2848,2025-01-30 19:11:59,ios,oppo,0,0,51,2,0
5691,2849,2024-04-26 06:39:15,android,vivo,1,0,66,1,1
5692,2849,2024-06-14 06:39:15,ios,vivo,0,0,48,1,1
5693,2850,2024-04-01 12:28:36,android,huawei,0,0,53,2,1
5694,2851,2025-08-14 09:51:21,android,other,0,0,44,4,1
5695,2851,2025-09-28 09:51:21,android,other,0,0,79,1,1
5696,2851,2025-07-13 09:51:21,android,apple,0,0,67,1,1
5697,2852,2024-04-27 12:40:48,android,oppo,0,0,48,2,0
5698,2853,2025-03-27 18:57:14,android,xiaomi,0,0,29,3,1
5699,2853,2025-06-05 18:57:14,ios,huawei,0,0,83,1,1
5700,2853,2025-03-02 18:57:14,android,oppo,0,0,42,2,1
5701,2854,2025-10-21 07:19:10,android,oppo,0,0,15,2,1
5702,2855,2025-08-08 20:55:00,android,vivo,0,0,39,1,1
5703,2855,2025-07-09 20:55:00,android,xiaomi,0,0,14,3,1
5704,2855,2025-07-25 20:55:00,android,apple,0,0,32,4,0
5705,2856,2024-12-10 15:11:49,android,vivo,0,0,33,2,1
5706,2857,2024-08-14 08:26:03,android,other,0,0,37,1,1
5707,2857,2024-08-12 08:26:03,ios,huawei,0,0,54,1,1
5708,2858,2025-11-10 09:35:32,ios,other,0,0,25,2,1
5709,2859,2025-10-08 16:01:07,android,oppo,0,0,20,1,1
5710,2859,2025-09-10 16:01:07,android,other,0,0,46,2,1
5711,2859,2025-12-04 16:01:07,ios,huawei,0,0,11,1,1
5712,2860,2025-04-20 22:06:43,android,vivo,0,0,37,1,1
5713,2860,2025-06-23 22:06:43,android,other,0,0,17,3,1
5714,2861,2024-05-03 08:03:46,android,xiaomi,0,0,67,4,1
5715,2861,2024-05-09 08:03:46,android,xiaomi,0,0,36,1,1
5716,2862,2024-04-17 16:16:59,android,xiaomi,0,1,29,4,1
5717,2863,2024-10-23 02:39:18,android,xiaomi,0,0,36,3,1
5718,2864,2024-05-26 23:48:32,ios,samsung,0,0,32,1,1
5719,2864,2024-04-24 23:48:32,android,other,0,0,64,1,1
5720,2864,2024-08-01 23:48:32,android,other,0,0,86,1,1
5721,2865,2025-11-26 01:27:11,android,apple,0,1,26,4,1
5722,2866,2024-07-24 05:57:45,android,vivo,0,0,16,5,1
5723,2867,2024-09-20 08:02:36,android,huawei,0,0,71,1,1
5724,2867,2024-08-03 08:02:36,android,xiaomi,0,0,0,3,1
5725,2868,2025-12-05 06:53:42,android,oppo,0,0,48,1,1
5726,2868,2026-02-19 06:53:42,android,vivo,0,0,30,3,1
5727,2869,2025-10-14 07:54:52,android,vivo,0,0,14,1,1
5728,2870,2024-08-28 15:41:52,android,xiaomi,0,0,34,4,1
5729,2870,2024-09-09 15:41:52,android,huawei,0,0,36,3,1
5730,2870,2024-07-15 15:41:52,android,oppo,0,0,39,4,1
5731,2871,2025-01-19 23:40:30,android,xiaomi,0,0,36,3,1
5732,2872,2025-01-08 12:02:22,ios,oppo,0,0,34,2,1
5733,2872,2025-05-02 12:02:22,ios,xiaomi,0,0,66,1,1
5734,2873,2025-05-13 22:00:56,android,other,0,0,51,1,1
5735,2873,2025-05-04 22:00:56,android,samsung,0,0,36,3,1
5736,2873,2025-08-06 22:00:56,android,xiaomi,0,0,48,3,1
5737,2874,2025-12-13 09:49:11,android,apple,0,0,70,4,1
5738,2875,2025-10-02 22:07:26,android,oppo,0,0,31,3,1
5739,2875,2025-09-27 22:07:26,android,xiaomi,0,0,74,1,1
5740,2875,2025-12-22 22:07:26,android,vivo,0,0,53,2,1
5741,2876,2026-03-14 08:24:59,android,apple,0,0,75,1,1
5742,2877,2024-03-25 16:06:25,android,xiaomi,0,0,36,1,1
5743,2878,2024-07-22 13:02:05,ios,xiaomi,0,0,39,1,0
5744,2879,2025-05-27 23:46:53,android,oppo,0,0,7,1,1
5745,2880,2024-01-30 20:32:28,android,vivo,0,0,37,1,0
5746,2881,2024-12-06 09:34:59,ios,apple,0,0,4,2,1
5747,2881,2024-12-29 09:34:59,ios,samsung,0,0,29,5,1
5748,2881,2024-09-28 09:34:59,android,vivo,0,0,88,1,1
5749,2882,2024-06-27 03:06:14,android,xiaomi,0,0,2,2,0
5750,2882,2024-07-22 03:06:14,android,xiaomi,0,0,28,1,1
5751,2883,2026-02-19 00:45:25,android,oppo,0,0,12,2,1
5752,2883,2025-12-31 00:45:25,ios,xiaomi,0,0,60,1,1
5753,2883,2025-11-26 00:45:25,android,oppo,0,0,44,4,1
5754,2884,2024-05-26 05:30:53,ios,oppo,0,0,43,4,1
5755,2884,2024-03-03 05:30:53,android,apple,0,0,57,1,1
5756,2885,2024-07-01 08:02:36,ios,apple,0,0,0,3,1
5757,2885,2024-05-04 08:02:36,android,xiaomi,0,0,46,4,0
5758,2885,2024-06-22 08:02:36,ios,apple,0,0,74,1,1
5759,2886,2024-06-20 10:34:36,android,samsung,0,0,61,2,1
5760,2886,2024-09-05 10:34:36,android,vivo,0,0,28,3,1
5761,2887,2024-06-13 11:22:03,android,samsung,0,0,17,3,1
5762,2888,2025-03-04 01:20:29,ios,xiaomi,0,0,39,4,1
5763,2888,2025-03-11 01:20:29,android,vivo,0,0,70,5,1
5764,2888,2025-05-25 01:20:29,android,xiaomi,0,0,46,3,1
5765,2889,2025-01-09 23:22:10,android,oppo,0,0,57,4,1
5766,2889,2024-09-15 23:22:10,android,oppo,0,1,58,2,1
5767,2889,2024-12-14 23:22:10,android,vivo,0,0,43,1,1
5768,2890,2025-10-28 02:06:10,android,xiaomi,0,0,33,1,1
5769,2890,2025-11-01 02:06:10,android,huawei,0,0,35,3,1
5770,2890,2025-11-10 02:06:10,android,xiaomi,0,0,1,3,1
5771,2891,2024-08-29 09:31:56,android,xiaomi,0,0,58,2,1
5772,2891,2024-09-10 09:31:56,android,apple,0,1,47,1,1
5773,2891,2024-07-22 09:31:56,android,oppo,0,0,31,2,1
5774,2892,2025-02-09 04:04:29,android,huawei,0,0,48,4,1
5775,2893,2025-08-10 20:46:16,android,huawei,0,0,51,2,1
5776,2893,2025-07-24 20:46:16,android,xiaomi,0,0,15,2,0
5777,2894,2025-05-23 23:20:13,ios,huawei,0,0,34,1,1
5778,2894,2025-05-11 23:20:13,android,apple,0,0,44,1,1
5779,2894,2025-04-09 23:20:13,ios,samsung,0,0,27,2,1
5780,2895,2025-11-20 08:37:35,android,huawei,0,0,61,5,1
5781,2895,2025-09-27 08:37:35,android,xiaomi,0,0,11,2,1
5782,2895,2025-08-14 08:37:35,android,oppo,0,0,44,1,0
5783,2896,2024-05-20 08:42:51,android,vivo,0,0,1,4,1
5784,2897,2025-03-18 10:37:53,android,xiaomi,0,0,85,5,1
5785,2897,2025-03-18 10:37:53,ios,oppo,0,0,50,2,0
5786,2897,2025-01-07 10:37:53,android,vivo,0,0,67,1,1
5787,2898,2025-08-21 10:13:30,android,oppo,0,0,55,2,1
5788,2898,2025-09-02 10:13:30,android,huawei,1,0,45,1,0
5789,2898,2025-11-21 10:13:30,android,vivo,0,0,39,2,1
5790,2899,2025-10-19 00:02:44,android,huawei,0,1,52,2,1
5791,2899,2025-12-31 00:02:44,android,samsung,0,0,33,2,1
5792,2900,2025-07-09 23:39:42,android,apple,0,0,66,1,1
5793,2900,2025-03-22 23:39:42,ios,xiaomi,0,0,20,2,0
5794,2900,2025-04-11 23:39:42,android,xiaomi,0,0,42,1,1
5795,2901,2025-07-20 21:08:09,android,samsung,0,0,26,3,1
5796,2902,2025-10-18 19:40:38,android,apple,0,0,39,2,1
5797,2902,2025-10-25 19:40:38,android,other,0,0,32,1,1
5798,2903,2025-05-20 03:44:42,android,vivo,0,0,30,3,1
5799,2904,2025-11-15 15:43:52,android,oppo,0,1,40,1,1
5800,2904,2025-12-31 15:43:52,android,huawei,0,0,11,1,1
5801,2905,2024-05-17 03:26:35,android,samsung,0,0,52,1,1
5802,2906,2024-12-23 23:13:17,ios,apple,0,0,44,3,1
5803,2906,2024-10-01 23:13:17,ios,xiaomi,0,0,80,2,1
5804,2907,2024-03-19 21:25:49,android,oppo,0,0,42,2,1
5805,2907,2024-06-03 21:25:49,android,vivo,0,0,64,3,1
5806,2908,2024-02-28 02:56:42,android,xiaomi,0,0,42,1,1
5807,2909,2025-03-20 12:24:33,ios,vivo,0,0,18,1,1
5808,2909,2025-01-29 12:24:33,android,vivo,0,0,45,1,1
5809,2910,2024-08-12 22:16:31,android,vivo,0,0,52,2,1
5810,2910,2024-07-17 22:16:31,android,oppo,0,0,81,3,1
5811,2911,2024-12-10 05:23:40,android,huawei,0,0,25,1,1
5812,2911,2025-01-25 05:23:40,android,samsung,0,0,28,1,1
5813,2911,2024-11-24 05:23:40,android,xiaomi,0,0,46,1,1
5814,2912,2024-11-18 14:59:03,ios,other,0,0,0,1,1
5815,2912,2025-01-11 14:59:03,android,huawei,0,0,35,1,1
5816,2912,2024-11-08 14:59:03,android,xiaomi,0,0,58,3,1
5817,2913,2025-05-14 06:34:50,android,vivo,0,0,37,1,1
5818,2914,2026-03-12 08:33:09,android,xiaomi,0,0,0,2,1
5819,2914,2025-11-24 08:33:09,android,other,0,0,40,1,1
5820,2915,2025-11-17 01:16:25,ios,other,0,0,41,1,1
5821,2915,2025-10-05 01:16:25,android,oppo,0,0,57,1,1
5822,2915,2025-12-24 01:16:25,ios,other,0,0,80,1,0
5823,2916,2024-11-06 03:59:17,android,oppo,0,0,33,1,1
5824,2917,2024-09-01 16:14:47,android,xiaomi,0,0,13,1,1
5825,2917,2024-10-25 16:14:47,android,xiaomi,0,0,11,4,1
5826,2917,2024-09-18 16:14:47,android,apple,0,0,73,3,1
5827,2918,2025-08-17 15:56:48,android,huawei,0,0,28,1,1
5828,2918,2025-10-20 15:56:48,android,samsung,0,0,23,2,1
5829,2919,2024-05-18 06:23:16,android,xiaomi,0,0,13,1,1
5830,2920,2025-03-19 13:09:05,android,apple,0,0,39,4,1
5831,2920,2025-01-21 13:09:05,ios,huawei,0,0,57,1,1
5832,2921,2025-02-14 19:14:52,ios,samsung,0,0,36,1,1
5833,2922,2024-08-15 10:48:34,android,vivo,0,0,51,2,1
5834,2922,2024-05-19 10:48:34,android,samsung,0,1,22,1,1
5835,2923,2025-04-12 00:10:59,android,huawei,0,0,58,4,1
5836,2924,2024-09-15 03:15:42,android,oppo,0,0,0,1,1
5837,2925,2024-05-30 11:41:23,android,oppo,0,0,48,2,1
5838,2925,2024-07-03 11:41:23,android,other,0,0,48,2,1
5839,2925,2024-09-02 11:41:23,android,other,0,0,23,1,1
5840,2926,2025-06-12 19:55:18,android,vivo,0,0,39,4,1
5841,2926,2025-06-06 19:55:18,android,other,0,0,0,1,1
5842,2926,2025-04-23 19:55:18,android,samsung,0,0,43,3,1
5843,2927,2024-07-26 03:57:05,android,xiaomi,0,0,70,2,1
5844,2928,2025-07-19 04:23:29,android,samsung,0,0,63,1,1
5845,2929,2024-05-10 07:53:07,ios,apple,0,0,45,2,1
5846,2929,2024-04-22 07:53:07,ios,xiaomi,0,0,66,3,1
5847,2929,2024-04-26 07:53:07,android,oppo,0,0,52,1,1
5848,2930,2024-12-04 08:59:26,android,samsung,0,0,25,1,1
5849,2930,2025-02-20 08:59:26,android,samsung,0,0,0,4,1
5850,2931,2025-08-18 20:02:11,android,xiaomi,1,0,18,2,1
5851,2931,2025-09-09 20:02:11,android,samsung,0,0,30,3,1
5852,2931,2025-08-20 20:02:11,android,other,0,0,2,1,1
5853,2932,2024-06-29 21:52:15,android,other,0,1,12,1,1
5854,2932,2024-09-17 21:52:15,android,vivo,0,0,32,2,1
5855,2933,2025-07-14 08:50:23,android,vivo,0,0,46,3,1
5856,2933,2025-08-26 08:50:23,android,xiaomi,0,0,52,2,1
5857,2933,2025-09-18 08:50:23,ios,huawei,0,0,45,1,0
5858,2934,2025-08-26 23:48:24,android,samsung,0,0,40,1,1
5859,2934,2025-07-28 23:48:24,android,apple,0,1,25,2,1
5860,2934,2025-06-28 23:48:24,ios,other,0,0,66,1,1
5861,2935,2025-11-18 22:33:07,ios,xiaomi,0,0,49,1,0
5862,2935,2026-01-28 22:33:07,android,vivo,0,0,1,1,1
5863,2935,2025-11-12 22:33:07,android,huawei,0,1,0,1,0
5864,2936,2024-04-28 06:39:20,android,samsung,0,0,63,2,0
5865,2936,2024-08-03 06:39:20,android,xiaomi,0,0,42,3,1
5866,2936,2024-07-22 06:39:20,ios,xiaomi,0,0,21,1,1
5867,2937,2025-08-30 00:50:24,android,samsung,0,0,36,4,0
5868,2938,2026-01-01 18:27:10,android,vivo,0,0,25,1,0
5869,2938,2026-02-23 18:27:10,android,oppo,0,0,44,3,1
5870,2938,2026-01-09 18:27:10,android,oppo,0,0,30,1,1
5871,2939,2025-10-06 00:05:15,ios,xiaomi,0,0,53,1,1
5872,2939,2025-08-30 00:05:15,ios,oppo,0,0,30,1,1
5873,2939,2025-07-26 00:05:15,android,apple,0,1,38,1,1
5874,2940,2024-09-02 04:04:14,android,apple,0,0,43,2,1
5875,2940,2024-07-05 04:04:14,ios,oppo,0,0,50,2,1
5876,2940,2024-06-23 04:04:14,android,huawei,0,0,73,3,1
5877,2941,2025-12-11 04:15:55,android,oppo,0,0,6,1,1
5878,2941,2025-11-23 04:15:55,android,samsung,0,0,55,3,1
5879,2942,2024-06-18 08:06:45,android,xiaomi,0,0,64,3,1
5880,2943,2025-05-15 20:33:06,ios,oppo,0,0,60,1,1
5881,2943,2025-03-24 20:33:06,android,oppo,0,0,53,1,1
5882,2944,2025-02-12 06:47:15,ios,xiaomi,0,0,54,1,1
5883,2944,2025-02-05 06:47:15,android,xiaomi,0,0,18,1,1
5884,2944,2025-01-28 06:47:15,android,oppo,0,0,2,1,1
5885,2945,2025-03-28 16:30:42,android,oppo,0,0,59,2,1
5886,2945,2025-02-16 16:30:42,android,xiaomi,0,0,53,1,1
5887,2945,2025-04-25 16:30:42,android,other,0,0,52,1,1
5888,2946,2025-03-22 06:30:32,android,other,0,0,83,1,1
5889,2946,2025-02-12 06:30:32,android,samsung,0,1,45,2,1
5890,2946,2025-04-21 06:30:32,android,xiaomi,0,0,37,4,1
5891,2947,2024-04-15 23:28:18,ios,vivo,0,0,59,3,1
5892,2947,2024-01-17 23:28:18,android,xiaomi,0,0,41,1,1
5893,2947,2024-02-20 23:28:18,android,xiaomi,0,0,13,3,1
5894,2948,2025-02-09 23:32:23,ios,xiaomi,0,0,56,3,1
5895,2948,2025-02-02 23:32:23,ios,samsung,0,0,43,3,1
5896,2948,2025-03-05 23:32:23,android,other,0,0,42,2,1
5897,2949,2025-12-29 19:45:42,android,oppo,0,0,62,1,0
5898,2950,2024-12-25 18:24:51,ios,apple,0,0,46,1,1
5899,2950,2025-02-25 18:24:51,android,xiaomi,0,0,39,1,1
5900,2950,2024-12-20 18:24:51,android,huawei,0,0,31,4,0
5901,2951,2024-08-28 03:30:59,android,xiaomi,0,0,17,4,1
5902,2951,2024-08-13 03:30:59,android,oppo,0,0,32,4,1
5903,2951,2024-07-23 03:30:59,android,samsung,0,0,31,2,1
5904,2952,2026-02-25 05:09:24,android,huawei,0,0,31,1,1
5905,2953,2024-06-17 06:20:50,android,oppo,0,1,56,1,1
5906,2954,2025-02-13 23:38:10,android,xiaomi,0,0,68,2,1
5907,2955,2025-02-04 04:42:49,ios,oppo,0,0,41,1,1
5908,2955,2025-03-17 04:42:49,android,huawei,0,0,57,1,1
5909,2956,2025-02-23 21:37:26,android,huawei,0,0,47,1,1
5910,2956,2025-02-10 21:37:26,android,xiaomi,0,1,46,2,1
5911,2956,2025-01-01 21:37:26,android,other,0,0,29,1,0
5912,2957,2025-12-13 20:38:20,android,oppo,0,0,21,2,1
5913,2957,2025-11-25 20:38:20,android,apple,0,0,20,1,1
5914,2957,2025-12-18 20:38:20,android,huawei,0,0,9,1,1
5915,2958,2024-12-23 21:20:29,android,samsung,0,0,32,1,1
5916,2959,2026-01-19 12:14:41,android,xiaomi,0,0,30,3,1
5917,2959,2026-02-26 12:14:41,android,xiaomi,0,0,20,1,1
5918,2959,2026-02-04 12:14:41,ios,oppo,0,0,70,3,1
5919,2960,2024-03-20 18:47:13,android,other,0,0,38,1,1
5920,2961,2025-09-10 18:33:49,android,samsung,0,0,34,3,1
5921,2961,2025-09-24 18:33:49,ios,huawei,0,0,18,1,1
5922,2962,2025-05-10 20:36:00,android,oppo,0,0,55,1,1
5923,2962,2025-04-27 20:36:00,android,xiaomi,0,0,54,3,1
5924,2962,2025-05-27 20:36:00,android,samsung,0,0,0,3,1
5925,2963,2024-09-19 14:21:51,android,apple,0,0,36,1,1
5926,2963,2024-08-27 14:21:51,android,samsung,0,0,43,2,1
5927,2964,2024-07-24 09:59:43,android,oppo,0,0,40,1,1
5928,2964,2024-09-21 09:59:43,android,apple,0,0,42,4,1
5929,2964,2024-09-14 09:59:43,ios,other,0,0,44,1,0
5930,2965,2025-09-16 08:47:54,android,huawei,0,0,60,4,1
5931,2965,2025-07-05 08:47:54,ios,xiaomi,0,0,66,3,1
5932,2966,2025-05-06 10:54:33,android,oppo,1,0,41,2,1
5933,2966,2025-07-17 10:54:33,android,vivo,0,0,34,3,1
5934,2967,2025-03-27 03:41:50,ios,other,0,0,19,2,1
5935,2967,2025-05-12 03:41:50,ios,xiaomi,0,0,75,2,1
5936,2967,2025-05-16 03:41:50,android,apple,0,0,57,2,1
5937,2968,2024-05-21 02:36:08,android,vivo,0,0,51,1,1
5938,2969,2025-06-15 10:54:39,android,xiaomi,0,0,27,2,1
5939,2969,2025-05-28 10:54:39,android,vivo,0,0,72,2,1
5940,2969,2025-03-09 10:54:39,android,oppo,0,0,78,2,1
5941,2970,2026-02-19 09:54:07,android,vivo,0,0,38,3,1
5942,2970,2026-01-29 09:54:07,android,oppo,0,0,28,1,1
5943,2971,2024-01-07 15:30:07,ios,oppo,0,0,15,1,1
5944,2971,2024-01-05 15:30:07,ios,huawei,0,0,15,3,1
5945,2971,2024-02-20 15:30:07,android,other,0,0,21,1,1
5946,2972,2025-01-26 08:58:08,android,vivo,0,0,61,3,1
5947,2973,2025-04-16 21:29:43,android,vivo,0,0,28,1,1
5948,2973,2025-03-06 21:29:43,android,xiaomi,0,0,50,1,1
5949,2973,2025-01-16 21:29:43,android,oppo,0,0,81,5,1
5950,2974,2025-10-22 15:09:14,android,xiaomi,0,0,44,1,1
5951,2975,2024-08-17 11:27:37,android,other,0,0,74,1,1
5952,2975,2024-08-02 11:27:37,android,oppo,0,0,21,4,1
5953,2976,2024-12-11 03:49:54,android,oppo,0,0,64,1,1
5954,2977,2025-06-23 13:12:13,android,oppo,0,0,53,2,1
5955,2977,2025-09-24 13:12:13,android,oppo,0,0,31,4,1
5956,2977,2025-08-01 13:12:13,android,samsung,0,0,79,1,1
5957,2978,2024-03-12 00:59:45,ios,oppo,0,0,17,1,1
5958,2978,2024-05-12 00:59:45,android,samsung,0,0,27,3,1
5959,2978,2024-04-16 00:59:45,android,oppo,0,0,59,2,1
5960,2979,2025-08-25 19:05:04,ios,samsung,0,0,17,1,1
5961,2979,2025-09-10 19:05:04,android,oppo,0,0,33,1,1
5962,2979,2025-10-01 19:05:04,android,vivo,0,0,10,3,1
5963,2980,2025-10-19 05:10:52,ios,xiaomi,0,0,14,1,1
5964,2980,2025-10-23 05:10:52,android,oppo,0,0,52,2,1
5965,2981,2025-08-06 08:12:55,android,other,0,0,11,3,1
5966,2982,2025-04-29 04:10:44,android,vivo,0,0,70,1,1
5967,2983,2025-07-25 18:08:42,ios,huawei,0,0,7,5,1
5968,2984,2025-10-28 16:23:00,android,samsung,0,0,56,2,1
5969,2984,2025-11-11 16:23:00,android,xiaomi,0,0,37,1,1
5970,2985,2025-11-18 11:28:49,android,xiaomi,0,0,39,1,1
5971,2985,2025-12-19 11:28:49,android,apple,0,0,26,3,1
5972,2986,2024-11-07 13:32:09,android,xiaomi,0,0,20,2,1
5973,2987,2024-12-09 22:06:23,android,oppo,0,0,21,4,1
5974,2987,2024-11-26 22:06:23,android,oppo,0,0,26,1,0
5975,2987,2025-02-27 22:06:23,android,oppo,0,0,36,2,1
5976,2988,2025-04-08 16:39:06,android,vivo,0,0,48,1,1
5977,2988,2025-07-03 16:39:06,ios,oppo,0,0,29,1,1
5978,2988,2025-06-13 16:39:06,ios,vivo,1,0,41,1,1
5979,2989,2024-07-29 22:55:28,ios,huawei,0,0,25,2,1
5980,2989,2024-08-13 22:55:28,ios,xiaomi,1,0,71,1,1
5981,2990,2025-09-10 01:07:55,android,xiaomi,0,1,39,2,1
5982,2991,2025-07-27 11:23:37,android,samsung,0,0,32,3,1
5983,2991,2025-09-20 11:23:37,android,other,0,0,28,1,1
5984,2992,2025-07-19 16:15:59,android,apple,0,0,0,1,1
5985,2993,2024-08-11 04:55:57,android,xiaomi,0,0,18,1,1
5986,2994,2024-12-22 19:14:31,android,apple,0,0,46,1,1
5987,2994,2024-10-06 19:14:31,android,other,0,0,19,1,1
5988,2995,2024-12-18 12:45:16,android,other,1,0,16,1,0
5989,2996,2025-08-11 15:31:06,android,apple,0,0,73,2,1
5990,2997,2025-09-05 23:10:14,android,oppo,0,0,44,1,1
5991,2997,2025-10-05 23:10:14,android,samsung,0,0,37,4,1
5992,2997,2025-08-03 23:10:14,android,huawei,0,1,55,1,0
5993,2998,2025-05-21 10:53:07,android,apple,0,1,72,1,1
5994,2999,2026-02-04 20:25:20,android,other,0,0,45,3,1
5995,2999,2026-02-14 20:25:20,ios,xiaomi,0,0,31,1,1
5996,2999,2025-12-05 20:25:20,android,xiaomi,0,0,69,1,0
5997,3000,2026-01-16 05:29:00,ios,apple,0,0,52,1,0
5998,3000,2026-02-11 05:29:00,android,vivo,0,0,35,1,1
5999,3000,2025-12-28 05:29:00,ios,vivo,0,0,51,1,1
6000,3001,2025-06-26 13:56:52,android,other,0,0,59,1,1
6001,3001,2025-08-31 13:56:52,android,apple,1,0,54,5,1
6002,3002,2024-10-08 18:23:01,android,huawei,0,0,55,1,0
6003,3002,2024-12-27 18:23:01,ios,vivo,0,0,49,3,1
6004,3002,2024-11-04 18:23:01,android,oppo,0,0,39,1,1
6005,3003,2025-04-09 07:41:13,ios,apple,0,0,47,1,1
6006,3003,2025-05-01 07:41:13,android,xiaomi,0,0,45,2,0
6007,3004,2024-11-25 07:25:57,android,huawei,0,0,49,1,1
6008,3004,2025-02-13 07:25:57,android,vivo,0,0,23,2,0
6009,3004,2025-02-04 07:25:57,android,xiaomi,0,0,39,5,1
6010,3005,2025-04-09 05:46:25,android,oppo,0,0,60,2,1
6011,3005,2025-05-28 05:46:25,ios,xiaomi,0,0,53,3,0
6012,3005,2025-07-17 05:46:25,ios,oppo,0,0,26,3,1
6013,3006,2025-10-27 20:23:39,android,xiaomi,0,1,48,3,1
6014,3006,2025-10-09 20:23:39,android,other,0,0,26,1,1
6015,3006,2025-10-14 20:23:39,android,oppo,0,0,60,1,1
6016,3007,2024-10-01 14:42:15,ios,oppo,0,0,17,1,0
6017,3007,2024-12-30 14:42:15,android,samsung,0,0,49,1,1
6018,3008,2025-01-02 04:57:20,android,xiaomi,0,0,43,2,1
6019,3009,2024-05-03 07:33:05,android,samsung,0,0,25,1,1
6020,3010,2025-09-08 16:45:38,ios,huawei,0,0,29,1,1
6021,3010,2025-09-16 16:45:38,android,samsung,0,0,61,2,1
6022,3010,2025-07-30 16:45:38,android,oppo,0,0,19,2,1
6023,3011,2025-01-04 14:13:21,android,xiaomi,0,0,37,2,1
6024,3011,2024-12-22 14:13:21,android,other,0,0,51,2,1
6025,3011,2024-12-24 14:13:21,android,huawei,0,0,78,1,1
6026,3012,2025-03-17 14:06:35,android,huawei,0,0,25,1,1
6027,3012,2025-01-27 14:06:35,android,apple,0,0,47,2,1
6028,3012,2025-02-21 14:06:35,android,huawei,0,0,32,1,1
6029,3013,2025-04-20 16:11:12,ios,xiaomi,0,0,60,2,1
6030,3013,2025-01-23 16:11:12,android,oppo,0,0,16,2,1
6031,3014,2024-09-22 07:28:29,ios,oppo,0,0,13,4,0
6032,3014,2024-08-08 07:28:29,ios,apple,0,0,66,2,1
6033,3015,2025-06-05 12:23:25,android,vivo,0,0,41,1,1
6034,3015,2025-03-27 12:23:25,android,vivo,0,0,49,1,1
6035,3016,2025-08-29 23:58:16,android,apple,0,0,31,1,1
6036,3016,2025-07-11 23:58:16,android,other,0,0,73,1,1
6037,3016,2025-08-09 23:58:16,android,oppo,0,0,25,1,1
6038,3017,2024-11-20 06:19:36,android,huawei,0,0,13,2,0
6039,3018,2024-07-05 17:50:18,android,samsung,0,1,29,1,1
6040,3018,2024-06-07 17:50:18,android,xiaomi,0,0,48,1,1
6041,3019,2025-01-09 09:22:13,android,oppo,0,0,58,2,1
6042,3019,2024-12-14 09:22:13,android,huawei,0,0,68,4,1
6043,3020,2024-06-10 23:11:08,android,xiaomi,0,0,61,1,1
6044,3020,2024-08-06 23:11:08,android,oppo,0,0,49,2,1
6045,3020,2024-06-09 23:11:08,android,oppo,0,0,55,1,1
6046,3021,2024-10-16 23:24:54,android,xiaomi,0,1,21,1,1
6047,3022,2025-05-12 13:58:25,android,xiaomi,0,0,41,4,1
6048,3022,2025-04-14 13:58:25,android,other,1,0,0,2,1
6049,3022,2025-07-17 13:58:25,android,other,0,1,33,1,1
6050,3023,2024-04-29 18:40:24,android,huawei,0,0,35,2,1
6051,3023,2024-05-08 18:40:24,android,xiaomi,0,0,35,3,1
6052,3024,2025-07-28 12:10:00,ios,apple,0,0,29,1,1
6053,3024,2025-07-12 12:10:00,android,xiaomi,0,0,10,1,1
6054,3024,2025-09-14 12:10:00,android,huawei,0,0,30,1,1
6055,3025,2024-09-11 23:13:50,android,samsung,0,0,46,1,1
6056,3025,2024-06-19 23:13:50,android,other,0,0,44,1,1
6057,3026,2025-12-28 02:55:54,android,huawei,0,0,69,3,1
6058,3026,2025-11-21 02:55:54,ios,other,0,0,35,1,1
6059,3026,2025-10-17 02:55:54,android,oppo,0,0,21,4,1
6060,3027,2025-08-18 16:24:52,android,apple,0,1,64,2,1
6061,3028,2024-08-21 23:42:55,ios,other,0,0,29,4,1
6062,3028,2024-08-14 23:42:55,android,vivo,0,0,63,1,1
6063,3028,2024-09-17 23:42:55,android,vivo,0,0,46,4,0
6064,3029,2025-02-09 03:44:57,android,huawei,1,0,17,1,1
6065,3030,2024-05-19 19:53:20,android,xiaomi,0,0,44,2,1
6066,3030,2024-04-14 19:53:20,android,oppo,0,0,69,2,1
6067,3031,2024-05-29 19:25:57,android,oppo,0,0,59,1,1
6068,3031,2024-03-25 19:25:57,android,vivo,0,0,20,1,1
6069,3031,2024-05-04 19:25:57,android,apple,0,0,58,1,1
6070,3032,2025-11-20 21:56:14,ios,huawei,0,0,32,1,1
6071,3032,2026-01-19 21:56:14,ios,samsung,0,0,10,2,1
6072,3033,2025-08-26 18:35:48,android,oppo,0,0,27,1,1
6073,3033,2025-11-02 18:35:48,android,other,0,1,14,3,1
6074,3033,2025-11-03 18:35:48,android,vivo,0,1,93,3,1
6075,3034,2024-04-27 17:29:32,android,apple,0,0,40,4,1
6076,3034,2024-04-22 17:29:32,android,huawei,0,0,28,2,0
6077,3034,2024-07-02 17:29:32,android,samsung,0,0,51,2,1
6078,3035,2024-09-20 08:42:57,android,oppo,0,0,15,1,1
6079,3035,2024-09-20 08:42:57,ios,huawei,0,0,48,3,1
6080,3035,2024-10-06 08:42:57,android,apple,0,0,23,3,1
6081,3036,2024-07-08 07:07:31,android,apple,0,0,20,2,1
6082,3036,2024-06-27 07:07:31,android,xiaomi,0,0,32,1,0
6083,3037,2024-12-23 11:13:25,android,oppo,0,0,60,1,1
6084,3037,2024-12-26 11:13:25,android,vivo,0,0,45,3,1
6085,3037,2024-10-11 11:13:25,android,oppo,0,0,8,1,1
6086,3038,2024-09-09 16:05:31,android,apple,0,1,48,3,1
6087,3039,2024-11-18 11:39:30,android,xiaomi,0,0,43,1,0
6088,3040,2025-03-03 10:56:11,android,xiaomi,0,0,32,2,1
6089,3040,2025-02-08 10:56:11,android,xiaomi,0,0,11,2,1
6090,3041,2024-06-29 00:13:07,android,oppo,0,1,33,2,1
6091,3041,2024-08-08 00:13:07,android,vivo,0,0,46,3,1
6092,3042,2026-01-15 11:06:14,ios,oppo,0,0,69,1,1
6093,3042,2025-11-17 11:06:14,android,huawei,0,0,38,1,1
6094,3043,2025-06-28 04:27:13,android,vivo,0,0,61,1,1
6095,3043,2025-06-14 04:27:13,android,apple,0,0,17,4,1
6096,3044,2025-09-04 04:45:58,android,xiaomi,0,0,69,4,1
6097,3044,2025-08-15 04:45:58,android,huawei,0,0,34,1,1
6098,3045,2024-05-18 17:14:28,android,samsung,0,0,47,2,1
6099,3045,2024-06-30 17:14:28,android,huawei,0,0,32,1,1
6100,3045,2024-06-30 17:14:28,android,xiaomi,0,0,65,3,1
6101,3046,2025-08-08 22:55:13,android,samsung,0,0,43,1,1
6102,3046,2025-08-17 22:55:13,android,vivo,0,0,15,2,1
6103,3046,2025-07-03 22:55:13,android,vivo,0,0,42,2,1
6104,3047,2025-10-31 11:00:39,android,apple,0,0,34,2,1
6105,3047,2025-09-12 11:00:39,ios,oppo,0,0,57,3,1
6106,3048,2024-08-08 21:09:48,android,vivo,0,0,34,1,1
6107,3048,2024-06-22 21:09:48,android,samsung,0,1,38,2,1
6108,3048,2024-05-23 21:09:48,ios,oppo,0,0,45,3,1
6109,3049,2025-07-24 10:23:29,android,apple,0,0,47,2,1
6110,3050,2024-09-19 02:35:58,android,vivo,0,0,50,1,1
6111,3051,2025-10-03 22:23:19,ios,xiaomi,0,0,41,2,1
6112,3051,2025-10-06 22:23:19,android,vivo,0,0,53,2,1
6113,3051,2025-09-25 22:23:19,ios,vivo,0,0,47,1,1
6114,3052,2025-02-03 05:39:15,android,xiaomi,0,0,43,5,1
6115,3052,2025-02-25 05:39:15,ios,huawei,0,0,31,1,1
6116,3052,2025-02-06 05:39:15,android,xiaomi,0,0,46,2,1
6117,3053,2025-08-18 14:41:47,android,samsung,1,0,68,4,1
6118,3053,2025-08-26 14:41:47,android,apple,0,0,32,1,1
6119,3054,2024-06-25 14:54:09,android,oppo,0,0,20,2,1
6120,3055,2024-12-07 00:40:57,android,samsung,0,0,78,1,1
6121,3056,2024-10-02 14:29:18,ios,oppo,0,0,33,2,1
6122,3056,2024-09-10 14:29:18,ios,xiaomi,0,0,20,1,1
6123,3057,2024-08-28 07:20:25,android,apple,0,0,46,2,1
6124,3058,2024-08-07 01:59:51,android,xiaomi,0,0,28,1,1
6125,3058,2024-11-13 01:59:51,android,xiaomi,0,0,58,1,1
6126,3058,2024-10-01 01:59:51,android,other,0,0,43,1,0
6127,3059,2024-10-11 04:14:20,ios,vivo,0,0,77,1,0
6128,3060,2024-04-21 21:52:44,android,huawei,0,0,70,1,1
6129,3060,2024-05-08 21:52:44,android,xiaomi,0,0,50,3,1
6130,3060,2024-07-14 21:52:44,android,huawei,0,0,39,1,1
6131,3061,2025-07-16 04:05:13,android,xiaomi,0,0,51,1,1
6132,3061,2025-08-31 04:05:13,ios,oppo,0,0,43,2,1
6133,3062,2025-02-17 16:11:57,android,xiaomi,0,1,39,1,1
6134,3063,2025-11-08 08:48:13,android,vivo,0,0,46,2,1
6135,3064,2025-07-10 16:05:38,android,samsung,0,0,35,2,0
6136,3064,2025-06-06 16:05:38,ios,vivo,0,0,38,1,1
6137,3064,2025-08-17 16:05:38,android,other,0,0,41,2,1
6138,3065,2024-04-25 19:14:31,android,vivo,0,1,76,1,1
6139,3065,2024-07-19 19:14:31,android,huawei,0,0,4,1,1
6140,3066,2024-04-03 01:12:07,ios,huawei,1,0,42,1,1
6141,3066,2024-04-12 01:12:07,ios,other,0,0,32,2,1
6142,3066,2024-06-10 01:12:07,android,vivo,0,0,31,2,0
6143,3067,2024-12-09 15:36:24,android,other,0,0,31,1,1
6144,3068,2025-03-30 05:16:36,android,oppo,0,0,1,1,1
6145,3069,2024-07-16 09:10:33,android,other,0,0,28,1,1
6146,3070,2025-09-27 00:20:24,ios,xiaomi,1,0,33,1,1
6147,3070,2025-10-13 00:20:24,ios,samsung,0,0,66,1,1
6148,3071,2025-03-02 13:19:31,android,other,0,0,55,2,1
6149,3071,2025-05-03 13:19:31,android,huawei,0,0,35,1,1
6150,3072,2025-10-03 00:47:13,ios,apple,0,0,38,1,1
6151,3072,2025-07-04 00:47:13,android,xiaomi,0,0,35,1,1
6152,3072,2025-07-07 00:47:13,android,other,0,0,50,3,1
6153,3073,2024-06-24 13:51:49,android,huawei,0,0,63,3,1
6154,3073,2024-03-20 13:51:49,android,apple,0,0,35,1,0
6155,3073,2024-04-03 13:51:49,android,xiaomi,0,0,48,1,1
6156,3074,2025-11-17 00:04:50,android,xiaomi,0,0,37,2,1
6157,3075,2024-07-25 10:42:15,android,oppo,0,0,52,3,1
6158,3075,2024-07-15 10:42:15,ios,apple,0,0,21,1,0
6159,3076,2024-11-22 05:10:33,ios,samsung,0,0,45,2,1
6160,3076,2025-01-28 05:10:33,android,vivo,0,0,67,3,1
6161,3077,2024-12-30 17:47:21,android,vivo,0,0,48,3,1
6162,3078,2025-11-02 00:09:36,ios,samsung,0,0,24,1,0
6163,3078,2025-09-26 00:09:36,android,xiaomi,0,0,86,1,1
6164,3079,2024-10-09 02:21:15,android,apple,0,0,71,1,1
6165,3079,2024-09-08 02:21:15,android,oppo,0,0,24,1,1
6166,3079,2024-08-25 02:21:15,ios,xiaomi,0,0,77,1,1
6167,3080,2024-08-08 17:59:37,android,samsung,0,0,60,2,1
6168,3080,2024-09-24 17:59:37,ios,oppo,0,0,47,1,1
6169,3081,2024-11-20 22:17:05,android,huawei,0,0,68,1,1
6170,3082,2024-12-23 09:24:03,android,oppo,0,0,50,3,1
6171,3082,2024-10-25 09:24:03,android,oppo,0,0,40,2,1
6172,3083,2024-06-14 15:07:52,android,xiaomi,0,0,17,1,0
6173,3084,2024-07-12 17:44:58,android,huawei,0,0,3,3,1
6174,3085,2024-08-13 21:03:05,android,xiaomi,1,0,62,4,1
6175,3086,2025-01-10 06:19:44,android,xiaomi,0,0,39,3,1
6176,3086,2025-02-16 06:19:44,android,samsung,0,0,62,1,0
6177,3087,2024-11-16 15:35:31,android,xiaomi,0,0,50,1,1
6178,3087,2024-12-09 15:35:31,android,oppo,0,0,17,1,1
6179,3087,2024-09-22 15:35:31,ios,samsung,0,0,4,1,1
6180,3088,2024-11-11 04:53:29,android,oppo,0,0,39,1,1
6181,3088,2024-11-28 04:53:29,android,xiaomi,0,0,58,2,1
6182,3088,2024-11-11 04:53:29,android,oppo,0,0,58,1,1
6183,3089,2025-09-26 21:51:40,android,xiaomi,0,0,54,2,1
6184,3090,2024-07-31 21:02:35,android,oppo,0,0,47,1,1
6185,3090,2024-08-25 21:02:35,android,huawei,0,1,36,1,1
6186,3091,2025-12-09 05:18:48,android,oppo,0,0,43,2,1
6187,3091,2025-11-08 05:18:48,ios,xiaomi,0,0,75,1,0
6188,3091,2025-12-24 05:18:48,android,vivo,0,0,40,1,0
6189,3092,2025-10-04 19:11:52,android,huawei,0,0,29,2,1
6190,3092,2025-08-21 19:11:52,android,xiaomi,0,0,47,3,1
6191,3093,2024-08-14 12:31:15,ios,samsung,0,0,21,3,1
6192,3094,2024-10-06 02:35:43,android,vivo,0,0,34,3,1
6193,3094,2024-11-13 02:35:43,ios,apple,0,0,74,3,1
6194,3094,2024-11-21 02:35:43,ios,vivo,0,0,18,3,1
6195,3095,2024-07-01 23:49:08,ios,huawei,0,0,26,4,1
6196,3096,2024-10-04 03:31:54,android,vivo,0,0,36,3,1
6197,3097,2025-01-03 19:29:50,android,vivo,0,0,31,1,1
6198,3098,2024-06-01 13:11:54,android,samsung,0,0,51,3,1
6199,3099,2024-02-17 12:53:15,android,huawei,0,0,60,4,1
6200,3099,2024-04-14 12:53:15,ios,samsung,0,0,75,1,1
6201,3099,2024-04-24 12:53:15,android,apple,0,0,64,1,1
6202,3100,2024-12-05 08:09:22,android,vivo,0,0,26,1,1
6203,3100,2024-12-13 08:09:22,android,huawei,0,0,45,1,1
6204,3101,2025-07-14 17:21:49,android,vivo,0,0,34,1,1
6205,3101,2025-08-26 17:21:49,android,samsung,0,0,44,1,1
6206,3101,2025-06-08 17:21:49,android,vivo,0,0,50,1,1
6207,3102,2024-10-04 03:56:25,android,apple,0,0,32,2,0
6208,3103,2025-11-23 03:12:27,android,huawei,0,0,36,4,1
6209,3104,2024-11-27 13:39:36,android,oppo,0,0,30,1,0
6210,3105,2025-12-08 13:57:55,android,other,0,0,27,1,1
6211,3106,2024-09-16 06:40:19,android,xiaomi,0,0,35,4,1
6212,3106,2024-09-21 06:40:19,android,xiaomi,0,0,81,1,1
6213,3106,2024-10-05 06:40:19,android,vivo,0,0,57,4,1
6214,3107,2025-02-06 17:07:30,android,vivo,0,0,56,1,1
6215,3108,2025-09-28 02:29:03,android,other,0,0,30,1,1
6216,3108,2025-09-28 02:29:03,ios,oppo,0,0,70,1,1
6217,3108,2025-07-05 02:29:03,android,samsung,0,0,58,3,1
6218,3109,2024-03-17 02:22:00,ios,oppo,0,0,21,1,1
6219,3109,2024-05-01 02:22:00,android,oppo,0,0,85,1,0
6220,3109,2024-02-22 02:22:00,android,xiaomi,0,0,0,3,1
6221,3110,2026-02-28 21:39:31,android,vivo,0,0,52,1,0
6222,3111,2024-11-11 10:04:55,android,other,0,0,74,2,1
6223,3112,2025-03-05 11:45:57,android,apple,1,0,29,1,1
6224,3112,2025-01-01 11:45:57,android,xiaomi,0,0,0,2,1
6225,3113,2025-06-17 18:15:08,ios,xiaomi,0,0,61,2,0
6226,3113,2025-06-14 18:15:08,android,huawei,0,0,17,1,0
6227,3114,2025-05-12 09:19:56,android,huawei,0,0,23,1,1
6228,3114,2025-07-04 09:19:56,ios,vivo,0,0,63,3,1
6229,3114,2025-06-10 09:19:56,android,other,0,0,33,2,1
6230,3115,2024-02-19 06:40:20,android,other,0,0,39,3,1
6231,3115,2024-04-27 06:40:20,android,apple,0,0,33,1,1
6232,3116,2026-01-04 00:51:29,android,xiaomi,0,1,66,3,1
6233,3116,2025-11-21 00:51:29,android,apple,0,0,55,2,1
6234,3116,2025-10-08 00:51:29,ios,samsung,0,0,60,2,1
6235,3117,2025-04-02 05:33:02,android,oppo,0,0,63,1,1
6236,3117,2025-07-09 05:33:02,ios,xiaomi,0,0,0,1,1
6237,3117,2025-06-26 05:33:02,android,huawei,0,0,80,2,0
6238,3118,2026-03-19 03:29:42,android,vivo,0,0,14,2,1
6239,3119,2025-01-30 04:54:14,android,apple,0,0,9,1,1
6240,3119,2024-12-20 04:54:14,android,oppo,0,1,29,4,1
6241,3120,2025-04-02 20:48:31,android,vivo,0,0,39,1,1
6242,3120,2025-05-03 20:48:31,android,other,0,0,25,2,1
6243,3120,2025-03-29 20:48:31,android,samsung,0,0,48,1,1
6244,3121,2024-11-27 23:25:12,android,vivo,0,0,39,2,1
6245,3121,2025-01-27 23:25:12,ios,vivo,0,0,37,3,1
6246,3121,2024-11-09 23:25:12,android,xiaomi,0,0,49,1,1
6247,3122,2025-10-17 12:56:10,android,oppo,0,0,38,1,1
6248,3122,2025-11-03 12:56:10,android,apple,0,0,41,1,1
6249,3122,2025-10-10 12:56:10,android,vivo,0,0,53,1,1
6250,3123,2025-11-27 15:25:37,android,oppo,0,0,52,2,1
6251,3124,2025-11-22 06:48:59,android,xiaomi,0,0,25,1,1
6252,3125,2025-04-02 02:59:56,android,vivo,0,0,55,4,1
6253,3125,2025-02-17 02:59:56,android,samsung,0,0,66,3,0
6254,3126,2025-11-13 18:13:48,android,apple,0,0,14,2,1
6255,3127,2024-09-28 22:05:08,ios,huawei,0,0,23,1,1
6256,3127,2024-11-06 22:05:08,android,huawei,0,0,36,1,1
6257,3127,2024-11-06 22:05:08,ios,xiaomi,0,0,24,1,1
6258,3128,2024-12-18 11:31:04,android,samsung,0,0,69,1,1
6259,3128,2025-02-09 11:31:04,ios,other,0,0,42,2,1
6260,3128,2024-12-12 11:31:04,android,oppo,0,0,34,1,1
6261,3129,2025-08-07 23:01:06,android,huawei,0,0,38,2,0
6262,3129,2025-10-14 23:01:06,android,vivo,0,0,60,1,1
6263,3130,2024-03-12 05:49:05,ios,xiaomi,0,0,40,1,1
6264,3131,2025-06-26 15:47:09,ios,xiaomi,0,0,46,1,1
6265,3131,2025-06-25 15:47:09,android,huawei,0,0,46,1,1
6266,3132,2024-02-03 12:54:47,android,oppo,0,0,14,1,0
6267,3133,2025-05-19 21:00:07,android,vivo,0,0,40,2,1
6268,3133,2025-03-27 21:00:07,ios,huawei,0,0,45,1,1
6269,3134,2025-01-03 08:33:18,android,oppo,0,0,5,3,1
6270,3134,2025-03-18 08:33:18,android,oppo,0,0,45,3,1
6271,3134,2025-03-05 08:33:18,android,huawei,0,0,31,1,1
6272,3135,2024-12-23 03:15:11,android,vivo,0,0,73,2,1
6273,3135,2025-01-07 03:15:11,android,samsung,0,0,51,1,1
6274,3135,2025-03-09 03:15:11,android,oppo,0,0,38,2,1
6275,3136,2025-04-10 20:23:26,android,vivo,0,0,6,2,1
6276,3136,2025-01-29 20:23:26,android,samsung,0,0,43,1,1
6277,3136,2025-04-07 20:23:26,android,huawei,0,0,46,3,1
6278,3137,2024-12-31 02:40:30,android,huawei,0,0,51,1,1
6279,3138,2024-12-01 08:59:20,android,vivo,0,0,45,3,1
6280,3138,2025-01-28 08:59:20,android,vivo,1,0,9,2,1
6281,3139,2024-12-22 11:43:36,android,xiaomi,0,0,7,3,1
6282,3139,2025-01-20 11:43:36,android,huawei,0,0,19,2,1
6283,3140,2025-05-13 18:17:31,android,vivo,0,0,85,1,1
6284,3140,2025-02-25 18:17:31,android,oppo,0,0,44,3,1
6285,3141,2025-07-04 07:55:15,android,vivo,0,0,40,2,1
6286,3141,2025-10-26 07:55:15,ios,oppo,0,0,25,4,1
6287,3142,2025-04-25 01:53:26,android,vivo,0,0,49,1,1
6288,3142,2025-02-07 01:53:26,android,vivo,0,0,29,1,1
6289,3143,2025-06-07 00:59:57,android,samsung,0,0,32,2,1
6290,3143,2025-05-03 00:59:57,android,huawei,0,0,34,2,1
6291,3144,2025-11-16 17:27:37,android,huawei,0,0,38,2,1
6292,3144,2025-09-16 17:27:37,android,other,0,1,48,3,1
6293,3144,2025-09-09 17:27:37,ios,apple,0,0,36,4,0
6294,3145,2026-01-16 08:15:17,ios,apple,0,0,18,1,1
6295,3145,2025-12-15 08:15:17,ios,xiaomi,0,0,44,3,1
6296,3146,2024-04-13 07:40:20,android,samsung,0,0,58,1,1
6297,3146,2024-05-17 07:40:20,ios,oppo,0,0,15,2,1
6298,3146,2024-05-27 07:40:20,android,samsung,0,0,24,2,1
6299,3147,2025-06-18 10:27:40,android,huawei,1,0,44,3,1
6300,3147,2025-07-14 10:27:40,android,xiaomi,0,0,27,2,0
6301,3147,2025-08-27 10:27:40,android,oppo,0,0,37,1,1
6302,3148,2024-07-07 09:06:45,android,vivo,0,0,86,1,1
6303,3148,2024-08-22 09:06:45,android,vivo,0,0,23,1,1
6304,3148,2024-08-08 09:06:45,android,huawei,0,0,38,1,1
6305,3149,2024-06-11 15:36:09,android,xiaomi,0,0,90,3,1
6306,3149,2024-07-26 15:36:09,android,other,0,0,21,1,1
6307,3150,2025-08-24 21:26:50,android,other,0,0,34,2,1
6308,3150,2025-10-02 21:26:50,android,vivo,0,0,11,5,1
6309,3151,2024-04-27 03:28:14,android,xiaomi,0,0,47,5,1
6310,3151,2024-03-20 03:28:14,android,oppo,0,0,34,1,1
6311,3152,2025-11-14 22:06:06,android,oppo,0,0,21,1,1
6312,3152,2025-11-08 22:06:06,ios,vivo,0,0,18,1,0
6313,3152,2025-12-09 22:06:06,ios,xiaomi,0,0,35,3,1
6314,3153,2025-10-18 11:57:06,android,xiaomi,0,0,63,1,1
6315,3153,2025-10-15 11:57:06,android,oppo,0,0,0,1,1
6316,3153,2025-08-23 11:57:06,android,oppo,1,0,44,1,1
6317,3154,2026-03-14 05:19:12,android,apple,0,0,44,2,1
6318,3154,2026-02-06 05:19:12,ios,huawei,0,0,47,2,1
6319,3154,2026-01-14 05:19:12,android,oppo,0,0,62,2,1
6320,3155,2025-08-01 14:21:35,android,apple,0,0,55,3,1
6321,3155,2025-05-08 14:21:35,android,vivo,0,0,30,1,0
6322,3155,2025-05-07 14:21:35,android,apple,0,0,56,2,1
6323,3156,2026-01-09 05:25:06,ios,oppo,0,0,46,2,1
6324,3156,2025-10-06 05:25:06,android,oppo,0,0,55,1,1
6325,3157,2024-05-29 12:43:46,android,samsung,0,0,84,1,1
6326,3158,2026-01-02 15:01:50,android,samsung,0,0,6,1,1
6327,3158,2025-10-07 15:01:50,android,vivo,1,0,33,2,1
6328,3159,2024-07-23 00:54:36,android,huawei,0,0,29,1,1
6329,3159,2024-07-11 00:54:36,ios,xiaomi,0,0,54,1,1
6330,3159,2024-06-24 00:54:36,ios,xiaomi,0,0,54,1,0
6331,3160,2024-10-31 11:22:33,android,oppo,0,0,31,3,1
6332,3160,2024-12-06 11:22:33,android,huawei,0,0,30,1,1
6333,3161,2024-04-22 13:56:46,android,xiaomi,0,0,51,4,0
6334,3161,2024-05-06 13:56:46,android,samsung,0,0,13,1,1
6335,3162,2024-12-23 05:06:42,android,xiaomi,0,1,57,1,1
6336,3162,2024-11-30 05:06:42,android,xiaomi,0,0,48,1,1
6337,3163,2025-09-25 18:27:33,android,xiaomi,1,0,23,4,1
6338,3163,2025-09-06 18:27:33,android,xiaomi,0,0,38,1,1
6339,3164,2024-10-06 16:51:03,android,oppo,0,0,42,2,1
6340,3165,2025-10-02 04:51:43,android,xiaomi,0,0,64,1,1
6341,3166,2025-05-09 14:21:55,android,xiaomi,0,0,2,1,1
6342,3167,2025-07-16 02:47:06,ios,apple,0,0,13,1,1
6343,3168,2025-12-09 07:52:11,android,xiaomi,0,1,64,1,1
6344,3169,2024-12-31 05:56:16,android,apple,0,0,26,2,1
6345,3169,2024-11-25 05:56:16,android,other,0,0,56,4,1
6346,3169,2025-01-18 05:56:16,android,oppo,0,1,89,3,1
6347,3170,2024-12-01 14:06:29,android,samsung,0,0,42,4,1
6348,3171,2025-12-30 00:35:41,android,vivo,0,0,29,3,1
6349,3172,2025-05-03 14:40:16,android,vivo,0,0,46,1,1
6350,3172,2025-05-29 14:40:16,android,huawei,1,0,60,5,1
6351,3173,2025-03-30 15:51:45,android,vivo,0,0,40,1,1
6352,3173,2025-06-22 15:51:45,android,other,0,0,17,1,1
6353,3173,2025-03-22 15:51:45,ios,vivo,0,0,32,2,1
6354,3174,2024-10-13 07:10:10,android,xiaomi,0,0,32,1,1
6355,3174,2024-10-03 07:10:10,android,oppo,0,0,41,3,0
6356,3174,2024-08-29 07:10:10,android,xiaomi,0,0,30,1,1
6357,3175,2024-08-14 06:27:11,android,oppo,0,0,68,4,1
6358,3176,2024-04-27 22:53:43,android,apple,0,0,6,4,1
6359,3176,2024-06-17 22:53:43,android,other,0,0,75,1,1
6360,3177,2024-06-04 04:45:14,android,vivo,0,0,35,1,1
6361,3177,2024-08-09 04:45:14,android,xiaomi,0,0,46,3,1
6362,3178,2024-08-28 11:39:01,android,xiaomi,0,0,47,1,1
6363,3178,2024-07-15 11:39:01,android,other,1,0,23,1,1
6364,3178,2024-07-26 11:39:01,android,other,0,0,41,1,0
6365,3179,2025-09-20 02:32:36,android,samsung,0,0,64,3,1
6366,3180,2024-03-22 07:12:08,android,samsung,0,0,50,1,1
6367,3180,2024-03-02 07:12:08,android,huawei,0,0,14,2,1
6368,3181,2025-05-05 10:48:57,android,vivo,0,0,0,1,1
6369,3181,2025-05-29 10:48:57,android,oppo,0,0,38,2,1
6370,3181,2025-07-07 10:48:57,android,oppo,0,0,54,2,1
6371,3182,2026-02-22 23:37:21,android,samsung,0,1,33,1,1
6372,3182,2025-11-21 23:37:21,android,huawei,0,0,52,3,1
6373,3182,2026-01-05 23:37:21,ios,apple,0,0,49,1,1
6374,3183,2025-07-26 20:28:54,android,xiaomi,0,0,63,1,1
6375,3184,2024-12-23 02:27:02,android,huawei,0,0,59,2,1
6376,3184,2024-11-24 02:27:02,android,other,0,0,55,2,1
6377,3184,2025-01-22 02:27:02,ios,apple,0,0,21,2,0
6378,3185,2024-05-20 08:43:58,android,xiaomi,0,0,58,1,1
6379,3185,2024-05-25 08:43:58,android,vivo,0,0,24,4,1
6380,3185,2024-05-31 08:43:58,android,xiaomi,0,1,56,1,0
6381,3186,2025-09-01 21:47:52,android,vivo,0,0,47,1,1
6382,3186,2025-10-21 21:47:52,android,oppo,0,0,2,1,1
6383,3186,2025-11-21 21:47:52,android,xiaomi,0,0,0,3,1
6384,3187,2024-03-12 07:09:58,ios,apple,0,0,37,4,1
6385,3187,2024-01-01 07:09:58,ios,xiaomi,0,0,0,2,1
6386,3188,2025-07-27 08:53:32,android,xiaomi,0,1,15,2,1
6387,3188,2025-06-04 08:53:32,android,huawei,0,0,33,1,1
6388,3188,2025-07-05 08:53:32,ios,samsung,0,0,29,3,1
6389,3189,2025-06-02 19:01:39,ios,huawei,0,0,27,1,1
6390,3189,2025-06-11 19:01:39,android,apple,0,0,49,2,1
6391,3190,2024-06-20 02:27:31,android,huawei,0,0,40,4,1
6392,3191,2025-07-06 02:31:42,android,samsung,0,0,36,4,1
6393,3191,2025-08-15 02:31:42,ios,xiaomi,0,0,51,2,1
6394,3192,2024-07-01 02:05:54,android,oppo,0,0,34,1,1
6395,3192,2024-07-22 02:05:54,ios,xiaomi,0,0,11,1,1
6396,3193,2024-07-17 17:21:08,android,huawei,0,0,60,2,1
6397,3193,2024-07-02 17:21:08,android,vivo,0,0,46,3,1
6398,3193,2024-08-21 17:21:08,android,apple,0,0,33,1,1
6399,3194,2025-09-09 18:01:59,ios,oppo,0,0,61,2,1
6400,3194,2025-09-28 18:01:59,android,other,0,0,40,1,1
6401,3194,2025-11-09 18:01:59,android,oppo,0,0,70,1,1
6402,3195,2025-12-18 18:20:26,ios,samsung,0,0,37,2,1
6403,3196,2024-09-12 05:44:56,android,other,0,0,46,3,0
6404,3197,2026-01-31 13:50:40,android,vivo,0,0,57,1,1
6405,3198,2025-10-26 16:45:23,android,apple,0,0,35,2,1
6406,3199,2025-08-02 16:01:19,android,oppo,0,0,9,1,1
6407,3200,2024-07-07 05:46:14,android,vivo,0,0,74,1,1
6408,3200,2024-04-07 05:46:14,android,huawei,0,0,24,1,1
6409,3201,2024-10-26 13:50:02,android,oppo,0,0,51,3,1
6410,3201,2024-10-14 13:50:02,ios,vivo,0,0,45,1,0
6411,3201,2024-11-19 13:50:02,android,huawei,0,0,50,1,1
6412,3202,2025-08-07 17:27:17,android,vivo,0,0,21,1,1
6413,3202,2025-07-01 17:27:17,ios,oppo,0,0,43,1,1
6414,3203,2025-12-23 10:19:33,android,samsung,0,0,68,2,1
6415,3203,2026-01-07 10:19:33,android,xiaomi,0,0,52,1,1
6416,3204,2025-08-22 13:34:56,android,other,0,0,33,3,1
6417,3204,2025-10-04 13:34:56,android,oppo,0,0,45,2,1
6418,3204,2025-08-22 13:34:56,android,xiaomi,0,0,22,1,1
6419,3205,2025-02-19 19:06:36,ios,apple,0,0,50,1,1
6420,3205,2024-12-16 19:06:36,android,other,0,0,32,2,1
6421,3205,2025-02-04 19:06:36,android,vivo,0,0,32,1,1
6422,3206,2024-08-06 17:41:30,android,samsung,0,0,58,2,1
6423,3206,2024-08-10 17:41:30,android,apple,0,0,24,1,1
6424,3206,2024-09-10 17:41:30,android,xiaomi,0,0,27,4,1
6425,3207,2026-01-02 01:06:02,android,samsung,0,0,43,1,1
6426,3207,2025-12-26 01:06:02,ios,vivo,0,0,25,1,1
6427,3207,2026-02-12 01:06:02,ios,huawei,0,0,0,2,1
6428,3208,2024-08-26 15:09:10,android,huawei,0,0,27,2,1
6429,3209,2024-11-20 19:40:42,android,other,0,0,69,2,1
6430,3209,2024-12-23 19:40:42,android,samsung,0,0,59,2,1
6431,3209,2024-10-05 19:40:42,android,other,0,0,10,5,1
6432,3210,2025-12-03 02:22:15,ios,samsung,0,0,73,3,1
6433,3210,2026-02-18 02:22:15,android,xiaomi,0,0,44,3,1
6434,3211,2025-04-17 00:22:05,android,huawei,0,0,48,2,1
6435,3211,2025-04-17 00:22:05,android,apple,0,0,66,1,1
6436,3212,2024-08-03 03:45:00,android,xiaomi,0,0,28,2,0
6437,3212,2024-10-26 03:45:00,android,samsung,0,0,36,2,1
6438,3212,2024-09-17 03:45:00,android,other,0,0,66,4,1
6439,3213,2024-04-23 21:39:11,android,vivo,1,0,31,4,1
6440,3214,2024-11-03 20:50:51,android,apple,1,0,21,1,1
6441,3214,2025-01-10 20:50:51,android,vivo,0,0,60,2,1
6442,3214,2024-12-17 20:50:51,android,oppo,0,0,28,1,0
6443,3215,2026-01-01 18:44:46,android,oppo,0,0,75,1,1
6444,3215,2026-03-05 18:44:46,android,huawei,0,0,58,1,1
6445,3215,2026-03-11 18:44:46,android,xiaomi,0,0,0,1,1
6446,3216,2024-12-30 17:40:23,ios,samsung,0,0,42,5,1
6447,3216,2025-01-10 17:40:23,android,oppo,0,0,41,1,1
6448,3217,2025-08-12 15:45:04,android,huawei,0,0,55,2,1
6449,3217,2025-07-12 15:45:04,android,other,1,1,27,4,1
6450,3218,2024-09-29 17:10:07,android,other,0,0,43,1,1
6451,3219,2025-08-27 04:44:17,android,oppo,0,0,61,4,1
6452,3219,2025-07-30 04:44:17,android,oppo,0,0,36,4,1
6453,3219,2025-10-02 04:44:17,ios,xiaomi,0,0,32,1,1
6454,3220,2025-10-09 07:51:35,android,xiaomi,0,0,37,1,1
6455,3220,2025-07-23 07:51:35,android,vivo,0,0,34,3,0
6456,3220,2025-09-08 07:51:35,android,oppo,0,0,100,1,1
6457,3221,2025-05-26 01:25:51,android,vivo,0,0,44,3,1
6458,3221,2025-05-04 01:25:51,ios,apple,0,0,35,2,1
6459,3222,2025-10-25 10:48:01,android,huawei,0,0,53,3,1
6460,3222,2025-07-26 10:48:01,android,apple,0,0,40,2,1
6461,3223,2025-05-29 12:58:16,android,xiaomi,0,0,58,2,1
6462,3223,2025-04-27 12:58:16,android,samsung,0,0,55,2,1
6463,3224,2025-01-13 04:07:53,android,oppo,0,0,97,3,0
6464,3225,2025-07-12 15:39:26,ios,huawei,0,0,15,1,1
6465,3226,2025-11-09 15:24:13,android,other,0,0,30,1,1
6466,3227,2025-11-22 23:23:10,android,vivo,0,0,26,2,1
6467,3228,2024-08-26 13:04:22,ios,huawei,0,0,44,1,1
6468,3228,2024-09-17 13:04:22,android,xiaomi,0,0,80,3,1
6469,3228,2024-08-14 13:04:22,ios,other,0,0,30,1,1
6470,3229,2025-05-05 21:54:08,android,apple,0,0,37,1,1
6471,3229,2025-06-29 21:54:08,android,vivo,0,0,71,1,1
6472,3230,2024-01-27 03:26:13,android,xiaomi,0,0,34,4,1
6473,3230,2024-04-20 03:26:13,android,oppo,0,1,51,1,1
6474,3231,2025-03-31 13:25:43,ios,samsung,0,0,28,3,1
6475,3232,2025-03-25 22:51:07,android,xiaomi,0,0,59,2,1
6476,3233,2024-12-09 08:26:25,android,xiaomi,0,0,28,1,1
6477,3233,2024-11-10 08:26:25,android,huawei,0,0,36,1,1
6478,3233,2024-12-16 08:26:25,android,apple,0,0,51,2,1
6479,3234,2026-02-26 16:14:33,android,apple,0,0,39,2,1
6480,3234,2026-03-10 16:14:33,android,xiaomi,0,0,40,1,1
6481,3235,2025-12-21 13:28:31,android,other,0,0,28,1,1
6482,3236,2024-01-26 05:02:53,android,other,0,0,42,2,0
6483,3236,2024-03-02 05:02:53,android,apple,0,0,48,1,1
6484,3236,2024-03-27 05:02:53,android,vivo,0,0,57,2,1
6485,3237,2024-07-14 10:48:01,ios,xiaomi,0,0,36,1,1
6486,3237,2024-07-14 10:48:01,android,other,0,0,15,1,1
6487,3238,2024-09-07 20:07:34,ios,xiaomi,0,0,23,1,1
6488,3238,2024-06-15 20:07:34,ios,huawei,0,0,46,1,1
6489,3239,2025-10-28 05:13:53,ios,apple,0,0,36,1,1
6490,3239,2025-11-16 05:13:53,android,xiaomi,0,0,42,1,1
6491,3240,2025-03-04 19:23:04,android,xiaomi,0,0,34,1,1
6492,3240,2025-03-11 19:23:04,android,oppo,0,0,36,5,1
6493,3241,2025-09-15 01:53:05,android,xiaomi,0,0,79,1,1
6494,3241,2025-07-25 01:53:05,android,xiaomi,0,0,55,3,1
6495,3241,2025-07-15 01:53:05,ios,huawei,1,0,28,3,1
6496,3242,2025-08-23 06:09:42,android,huawei,0,0,49,1,0
6497,3243,2025-07-10 08:41:56,android,apple,0,0,18,1,1
6498,3243,2025-10-04 08:41:56,android,xiaomi,1,0,27,1,1
6499,3244,2024-05-11 00:00:57,ios,xiaomi,0,0,40,4,1
6500,3245,2024-07-21 10:40:03,android,xiaomi,0,0,24,1,1
6501,3246,2024-10-10 12:30:40,android,samsung,0,0,19,2,1
6502,3246,2024-10-23 12:30:40,android,xiaomi,0,0,55,2,1
6503,3246,2025-01-17 12:30:40,android,other,0,0,64,1,1
6504,3247,2024-09-17 00:23:07,ios,apple,0,0,28,2,1
6505,3248,2025-10-04 08:46:04,android,xiaomi,0,0,56,1,1
6506,3249,2024-07-20 01:14:49,android,xiaomi,0,0,23,1,1
6507,3249,2024-08-13 01:14:49,android,samsung,0,0,39,1,1
6508,3250,2024-12-05 05:26:13,android,vivo,0,0,40,1,1
6509,3251,2024-07-10 16:47:03,android,oppo,0,0,50,2,1
6510,3251,2024-07-04 16:47:03,android,other,0,0,44,1,1
6511,3252,2024-07-04 20:24:50,android,apple,0,0,46,2,1
6512,3253,2024-07-29 03:31:24,android,huawei,0,0,19,3,1
6513,3254,2024-08-02 17:05:12,android,oppo,0,1,21,5,1
6514,3255,2025-02-19 23:49:08,android,other,0,0,41,3,1
6515,3255,2025-02-15 23:49:08,android,apple,0,0,64,2,1
6516,3255,2025-02-20 23:49:08,android,huawei,0,0,44,2,1
6517,3256,2024-10-24 08:03:17,ios,huawei,0,0,63,1,1
6518,3256,2025-01-20 08:03:17,android,other,0,0,24,1,1
6519,3257,2025-02-24 18:14:55,android,vivo,0,0,55,1,0
6520,3258,2025-03-02 23:23:13,android,other,0,0,58,1,1
6521,3258,2025-01-24 23:23:13,android,samsung,0,0,4,2,1
6522,3258,2025-02-25 23:23:13,android,oppo,0,0,44,1,1
6523,3259,2025-08-07 23:22:15,android,xiaomi,0,0,37,4,1
6524,3259,2025-06-28 23:22:15,ios,oppo,0,0,44,2,1
6525,3259,2025-10-07 23:22:15,android,samsung,0,0,42,2,0
6526,3260,2025-11-25 02:59:18,android,oppo,0,0,0,3,1
6527,3261,2025-01-22 07:09:04,ios,xiaomi,0,0,48,2,1
6528,3262,2025-04-20 20:15:44,android,samsung,0,0,35,1,1
6529,3263,2025-07-11 03:32:41,android,xiaomi,0,0,14,1,1
6530,3264,2025-05-18 23:50:32,android,vivo,0,0,37,1,1
6531,3264,2025-06-23 23:50:32,android,oppo,0,0,69,3,1
6532,3265,2024-05-14 00:17:03,android,xiaomi,0,1,10,4,1
6533,3265,2024-07-19 00:17:03,android,other,0,0,55,3,1
6534,3265,2024-04-28 00:17:03,android,oppo,0,0,81,3,1
6535,3266,2026-03-10 13:56:06,android,xiaomi,0,0,26,1,1
6536,3266,2026-02-07 13:56:06,android,xiaomi,0,0,58,1,1
6537,3266,2026-01-02 13:56:06,android,oppo,0,0,44,5,1
6538,3267,2024-07-24 07:29:07,android,oppo,0,0,35,3,1
6539,3267,2024-06-08 07:29:07,android,xiaomi,0,0,56,1,1
6540,3267,2024-07-25 07:29:07,ios,xiaomi,0,0,25,1,1
6541,3268,2024-12-13 15:29:49,ios,xiaomi,0,0,36,3,1
6542,3268,2024-12-29 15:29:49,ios,huawei,0,0,5,2,1
6543,3268,2024-11-12 15:29:49,android,huawei,0,0,63,2,1
6544,3269,2025-06-18 09:35:42,ios,xiaomi,0,0,44,2,1
6545,3270,2025-01-17 10:46:08,ios,huawei,0,0,59,2,1
6546,3270,2024-12-19 10:46:08,android,vivo,0,0,33,1,1
6547,3270,2024-11-23 10:46:08,android,other,0,0,33,1,1
6548,3271,2024-07-09 11:39:28,android,xiaomi,0,0,0,1,1
6549,3271,2024-09-06 11:39:28,android,oppo,0,0,23,1,0
6550,3272,2026-02-21 01:02:19,android,oppo,0,0,7,5,1
6551,3273,2024-03-13 05:12:06,android,huawei,0,1,85,1,1
6552,3273,2024-05-17 05:12:06,android,xiaomi,0,0,4,1,1
6553,3273,2024-05-07 05:12:06,android,apple,0,0,38,1,1
6554,3274,2024-09-03 11:44:25,android,oppo,0,0,72,1,1
6555,3274,2024-09-03 11:44:25,android,samsung,0,0,36,1,1
6556,3274,2024-08-04 11:44:25,android,apple,0,0,15,3,1
6557,3275,2026-02-16 21:18:50,android,xiaomi,0,0,58,1,1
6558,3275,2026-01-27 21:18:50,android,oppo,0,0,0,2,1
6559,3275,2026-02-18 21:18:50,android,xiaomi,0,0,75,1,1
6560,3276,2025-06-26 18:21:47,ios,vivo,0,0,40,3,1
6561,3276,2025-08-31 18:21:47,android,apple,0,0,57,1,1
6562,3277,2024-05-02 11:49:34,android,apple,0,0,24,1,1
6563,3277,2024-04-29 11:49:34,android,huawei,0,1,37,2,1
6564,3277,2024-05-21 11:49:34,ios,huawei,0,0,52,1,1
6565,3278,2025-08-14 20:07:16,android,oppo,0,0,55,1,1
6566,3279,2025-12-24 17:48:53,android,oppo,0,1,5,1,1
6567,3279,2026-02-12 17:48:53,android,vivo,0,0,43,1,0
6568,3280,2024-05-21 09:14:44,android,vivo,0,0,55,4,1
6569,3280,2024-06-15 09:14:44,android,xiaomi,0,0,45,4,1
6570,3280,2024-06-08 09:14:44,android,oppo,0,1,36,1,1
6571,3281,2024-12-28 06:11:23,android,vivo,0,0,36,1,1
6572,3281,2024-11-27 06:11:23,ios,oppo,0,0,39,2,1
6573,3281,2024-11-24 06:11:23,ios,other,0,0,52,1,1
6574,3282,2024-12-10 19:24:51,android,huawei,1,0,32,2,1
6575,3282,2025-01-01 19:24:51,android,oppo,0,0,11,2,1
6576,3282,2025-01-26 19:24:51,android,oppo,0,0,5,5,1
6577,3283,2024-07-09 15:20:31,android,huawei,0,0,45,1,1
6578,3284,2024-07-27 09:51:16,android,vivo,0,0,48,1,1
6579,3284,2024-07-06 09:51:16,android,vivo,0,0,56,5,1
6580,3285,2024-08-18 20:10:44,ios,vivo,0,0,5,1,1
6581,3286,2024-08-12 07:46:29,android,vivo,0,0,30,5,1
6582,3287,2024-12-17 13:49:31,android,other,0,0,28,2,1
6583,3287,2024-11-19 13:49:31,android,vivo,0,0,24,1,1
6584,3288,2025-02-09 14:16:06,android,samsung,0,0,58,3,1
6585,3289,2024-07-30 17:29:30,android,samsung,0,0,57,5,1
6586,3290,2024-08-17 06:48:30,android,vivo,0,0,16,1,1
6587,3290,2024-07-27 06:48:30,android,apple,0,0,63,3,1
6588,3291,2024-09-05 07:59:18,android,apple,0,0,34,1,1
6589,3292,2025-08-24 02:58:44,android,oppo,0,0,56,4,1
6590,3293,2024-09-15 13:55:57,ios,xiaomi,0,0,69,1,1
6591,3293,2024-05-28 13:55:57,android,huawei,0,0,8,1,1
6592,3294,2025-11-24 13:14:15,android,oppo,0,0,69,1,1
6593,3295,2025-03-11 08:44:54,android,samsung,0,0,46,1,0
6594,3295,2025-03-06 08:44:54,android,xiaomi,0,0,61,2,1
6595,3295,2025-04-12 08:44:54,android,oppo,0,0,5,2,1
6596,3296,2025-11-06 23:39:54,ios,oppo,0,0,46,1,1
6597,3296,2025-10-22 23:39:54,android,vivo,0,0,33,3,1
6598,3296,2025-11-26 23:39:54,android,vivo,0,0,47,2,1
6599,3297,2025-06-20 13:37:49,ios,xiaomi,0,0,4,1,1
6600,3297,2025-06-29 13:37:49,ios,vivo,0,0,26,1,1
6601,3297,2025-07-03 13:37:49,ios,other,0,0,60,1,1
6602,3298,2024-09-16 04:51:39,android,oppo,0,0,29,4,1
6603,3299,2025-06-20 23:51:56,android,vivo,0,0,16,1,1
6604,3299,2025-03-09 23:51:56,android,xiaomi,0,0,13,2,1
6605,3299,2025-05-03 23:51:56,android,huawei,0,1,22,1,1
6606,3300,2024-07-15 02:50:04,ios,oppo,0,0,26,2,1
6607,3301,2024-05-26 13:10:48,android,oppo,0,0,21,2,1
6608,3301,2024-06-07 13:10:48,android,oppo,0,0,0,1,1
6609,3302,2024-06-30 22:50:26,ios,other,0,0,17,1,1
6610,3303,2024-08-19 05:13:17,android,xiaomi,0,0,54,3,1
6611,3303,2024-08-31 05:13:17,ios,samsung,0,0,31,3,1
6612,3303,2024-10-10 05:13:17,ios,xiaomi,0,0,65,2,0
6613,3304,2024-06-02 13:52:02,android,xiaomi,0,0,58,3,1
6614,3305,2024-02-15 05:38:09,android,apple,0,0,20,4,1
6615,3306,2026-01-23 23:20:50,android,apple,0,0,48,3,0
6616,3307,2025-03-25 19:09:16,android,xiaomi,0,0,31,3,1
6617,3307,2025-02-01 19:09:16,android,vivo,0,0,47,1,1
6618,3308,2024-11-14 11:52:38,android,apple,0,0,21,1,1
6619,3308,2025-02-05 11:52:38,android,vivo,0,0,47,4,0
6620,3308,2025-02-07 11:52:38,android,xiaomi,0,0,47,4,1
6621,3309,2026-02-04 20:45:52,android,vivo,0,0,12,1,1
6622,3310,2024-06-17 00:33:34,android,other,0,0,53,2,0
6623,3310,2024-09-10 00:33:34,android,huawei,0,0,56,3,1
6624,3310,2024-06-25 00:33:34,ios,other,0,0,35,3,1
6625,3311,2024-11-01 02:17:37,android,xiaomi,0,0,32,2,1
6626,3311,2024-10-25 02:17:37,android,xiaomi,0,0,56,2,1
6627,3312,2025-09-08 01:40:36,android,oppo,1,1,0,2,1
6628,3313,2025-05-22 09:11:59,ios,xiaomi,0,0,50,1,1
6629,3313,2025-07-23 09:11:59,ios,oppo,0,0,39,2,1
6630,3313,2025-05-20 09:11:59,android,oppo,0,0,22,3,1
6631,3314,2024-11-13 09:54:06,android,xiaomi,0,0,17,1,1
6632,3314,2025-02-02 09:54:06,android,huawei,0,0,75,1,1
6633,3315,2024-08-12 18:06:09,android,xiaomi,0,0,41,1,1
6634,3315,2024-07-21 18:06:09,android,xiaomi,0,0,38,1,1
6635,3315,2024-07-04 18:06:09,ios,apple,0,0,38,5,1
6636,3316,2024-04-15 15:14:47,ios,oppo,0,0,37,3,1
6637,3317,2024-06-07 02:07:13,android,vivo,0,0,39,1,1
6638,3317,2024-06-01 02:07:13,ios,apple,0,0,37,3,1
6639,3318,2024-05-14 05:12:58,android,oppo,0,0,48,1,0
6640,3319,2025-09-05 05:34:20,android,apple,0,0,54,1,1
6641,3319,2025-11-07 05:34:20,android,xiaomi,0,0,53,2,1
6642,3320,2025-05-18 15:39:57,android,xiaomi,0,0,62,1,1
6643,3320,2025-05-29 15:39:57,android,other,0,0,44,2,1
6644,3320,2025-05-26 15:39:57,android,samsung,0,1,13,3,1
6645,3321,2024-12-04 10:21:28,android,xiaomi,0,0,52,2,1
6646,3321,2025-01-01 10:21:28,android,samsung,0,0,25,1,0
6647,3321,2025-01-26 10:21:28,android,oppo,0,0,7,1,1
6648,3322,2025-10-03 12:30:01,ios,samsung,0,0,49,1,1
6649,3322,2025-09-20 12:30:01,android,oppo,0,0,14,5,1
6650,3322,2025-07-20 12:30:01,android,huawei,0,0,25,3,1
6651,3323,2024-05-12 08:53:10,android,apple,0,1,51,1,1
6652,3324,2024-07-18 23:34:13,android,xiaomi,0,0,54,2,1
6653,3325,2024-11-08 16:37:01,ios,vivo,0,0,59,2,1
6654,3325,2024-12-07 16:37:01,android,xiaomi,0,0,0,3,1
6655,3325,2024-10-11 16:37:01,android,vivo,0,0,15,2,1
6656,3326,2025-12-29 16:46:14,android,apple,0,0,68,1,1
6657,3326,2025-12-15 16:46:14,android,xiaomi,0,0,22,4,1
6658,3326,2026-01-04 16:46:14,android,huawei,0,0,41,1,1
6659,3327,2025-05-22 09:20:53,android,oppo,0,0,0,4,0
6660,3328,2025-12-23 05:28:10,ios,oppo,0,0,29,1,1
6661,3328,2025-09-23 05:28:10,ios,other,0,0,20,1,1
6662,3329,2024-08-20 03:47:47,android,vivo,0,0,68,1,1
6663,3330,2025-10-25 07:37:50,android,vivo,0,1,66,2,1
6664,3330,2025-10-01 07:37:50,ios,vivo,0,0,47,2,1
6665,3330,2025-12-28 07:37:50,android,apple,0,0,76,2,1
6666,3331,2024-03-25 21:50:43,ios,apple,0,0,75,2,1
6667,3332,2024-07-03 04:37:23,android,vivo,0,0,43,1,1
6668,3332,2024-06-22 04:37:23,ios,apple,0,0,55,2,1
6669,3333,2025-02-21 19:24:18,android,xiaomi,0,0,84,2,1
6670,3333,2025-04-26 19:24:18,android,xiaomi,0,0,43,1,1
6671,3334,2024-02-12 21:23:25,ios,apple,0,0,7,2,0
6672,3334,2024-03-28 21:23:25,ios,other,0,0,31,3,1
6673,3335,2026-01-02 12:44:58,ios,huawei,0,0,1,1,1
6674,3335,2025-12-05 12:44:58,android,huawei,0,0,37,1,1
6675,3335,2025-10-24 12:44:58,android,oppo,0,0,17,2,1
6676,3336,2025-12-13 05:15:37,android,samsung,0,0,76,1,0
6677,3336,2025-12-09 05:15:37,ios,apple,0,0,2,2,1
6678,3336,2025-09-29 05:15:37,android,other,0,0,87,2,1
6679,3337,2025-05-19 06:29:48,android,vivo,0,0,0,3,1
6680,3337,2025-03-03 06:29:48,android,huawei,0,0,46,1,1
6681,3337,2025-04-08 06:29:48,android,vivo,0,0,5,1,1
6682,3338,2024-11-24 05:37:12,android,vivo,0,0,55,1,0
6683,3338,2024-11-04 05:37:12,android,other,0,0,24,2,1
6684,3338,2024-08-20 05:37:12,android,xiaomi,0,0,19,1,1
6685,3339,2024-06-30 05:50:52,android,xiaomi,0,0,27,2,1
6686,3339,2024-06-05 05:50:52,android,huawei,0,0,61,1,1
6687,3340,2025-06-10 19:24:53,android,vivo,0,0,46,2,1
6688,3340,2025-04-21 19:24:53,android,xiaomi,0,0,23,2,1
6689,3340,2025-05-03 19:24:53,ios,xiaomi,0,0,47,2,1
6690,3341,2025-03-13 12:00:15,android,vivo,0,0,40,1,1
6691,3341,2025-01-29 12:00:15,android,vivo,0,0,44,1,1
6692,3342,2025-07-08 18:37:11,android,apple,0,1,18,1,1
6693,3342,2025-08-05 18:37:11,ios,huawei,0,0,43,4,1
6694,3343,2025-06-12 20:24:37,android,oppo,1,0,15,1,1
6695,3343,2025-03-20 20:24:37,android,xiaomi,1,0,21,1,1
6696,3343,2025-05-24 20:24:37,android,vivo,0,0,31,2,1
6697,3344,2024-06-17 15:41:52,ios,samsung,0,0,31,3,1
6698,3344,2024-07-16 15:41:52,android,other,1,0,51,4,1
6699,3344,2024-06-11 15:41:52,ios,other,0,0,61,1,1
6700,3345,2024-06-08 21:19:09,android,apple,0,0,57,1,1
6701,3345,2024-03-23 21:19:09,android,xiaomi,0,0,62,1,1
6702,3346,2025-11-01 00:17:16,android,huawei,0,0,31,1,1
6703,3346,2025-08-12 00:17:16,android,huawei,0,0,11,1,1
6704,3346,2025-10-10 00:17:16,android,oppo,0,1,28,4,1
6705,3347,2024-04-23 02:05:57,android,huawei,0,0,19,1,1
6706,3347,2024-06-13 02:05:57,android,oppo,0,0,70,1,1
6707,3348,2025-12-08 02:43:14,android,oppo,0,0,28,3,1
6708,3348,2025-12-22 02:43:14,android,other,0,0,72,1,1
6709,3349,2024-04-26 08:11:52,android,xiaomi,0,0,50,2,1
6710,3349,2024-03-25 08:11:52,android,vivo,0,0,33,2,1
6711,3350,2025-09-19 17:07:45,android,vivo,0,1,14,2,1
6712,3350,2025-08-14 17:07:45,android,huawei,0,0,65,1,1
6713,3351,2025-12-25 22:02:47,android,other,0,0,40,4,1
6714,3351,2025-12-19 22:02:47,android,oppo,0,0,59,1,1
6715,3351,2026-03-19 22:02:47,android,xiaomi,0,0,72,2,1
6716,3352,2025-02-11 02:13:21,android,apple,0,0,52,3,1
6717,3352,2024-12-19 02:13:21,android,apple,0,0,71,2,1
6718,3352,2025-01-30 02:13:21,android,huawei,0,0,45,5,1
6719,3353,2024-03-29 09:37:56,android,xiaomi,0,0,26,1,1
6720,3353,2024-05-30 09:37:56,android,xiaomi,0,0,48,1,1
6721,3353,2024-02-25 09:37:56,android,oppo,0,0,31,1,1
6722,3354,2026-01-16 23:24:03,android,samsung,0,0,44,5,1
6723,3354,2025-10-10 23:24:03,android,apple,0,0,42,1,1
6724,3355,2024-07-31 17:37:03,ios,apple,0,0,36,1,0
6725,3356,2025-02-03 01:03:27,android,xiaomi,0,0,31,1,1
6726,3356,2025-04-22 01:03:27,ios,xiaomi,1,0,45,1,0
6727,3357,2026-01-23 17:04:08,android,xiaomi,0,0,29,2,1
6728,3358,2025-09-22 16:23:11,android,huawei,0,0,47,1,1
6729,3359,2024-01-28 19:28:02,android,xiaomi,0,0,66,1,1
6730,3359,2024-01-26 19:28:02,ios,xiaomi,0,0,47,2,1
6731,3360,2025-11-23 23:15:50,android,samsung,0,0,26,1,1
6732,3361,2024-06-08 16:57:27,android,apple,0,0,53,4,1
6733,3362,2025-07-07 00:39:43,ios,apple,0,0,33,4,1
6734,3363,2025-06-06 07:08:13,ios,other,0,0,30,1,1
6735,3364,2024-09-04 03:13:02,android,xiaomi,0,0,41,1,1
6736,3365,2024-12-09 05:38:10,android,xiaomi,0,0,21,1,0
6737,3365,2025-02-07 05:38:10,android,oppo,0,0,71,1,1
6738,3366,2024-04-11 00:37:30,android,oppo,0,0,57,4,1
6739,3366,2024-05-04 00:37:30,android,apple,0,1,13,1,0
6740,3366,2024-06-30 00:37:30,android,vivo,0,0,23,2,1
6741,3367,2026-03-03 08:27:32,android,vivo,0,0,29,4,1
6742,3367,2026-01-05 08:27:32,android,oppo,0,0,28,1,1
6743,3367,2025-12-24 08:27:32,android,oppo,0,0,27,1,1
6744,3368,2024-08-25 23:41:27,android,other,0,0,46,1,1
6745,3368,2024-09-22 23:41:27,android,oppo,0,0,22,3,1
6746,3369,2024-10-29 08:02:39,android,samsung,0,0,30,1,1
6747,3369,2024-08-15 08:02:39,android,oppo,0,0,80,1,1
6748,3369,2024-09-27 08:02:39,android,xiaomi,0,0,22,1,1
6749,3370,2025-01-04 02:22:08,android,oppo,0,0,33,1,1
6750,3371,2025-07-08 20:06:19,android,xiaomi,0,0,21,1,0
6751,3372,2025-04-22 20:27:06,ios,huawei,0,0,59,4,1
6752,3373,2025-01-15 18:02:16,android,apple,1,0,27,2,1
6753,3373,2025-03-09 18:02:16,android,huawei,0,0,31,3,1
6754,3374,2025-04-19 07:55:44,android,oppo,0,0,8,1,1
6755,3375,2025-11-19 02:50:32,android,apple,0,1,48,2,1
6756,3376,2024-10-09 10:11:03,android,oppo,0,0,35,1,1
6757,3376,2024-12-02 10:11:03,android,xiaomi,0,0,33,3,1
6758,3377,2025-11-27 10:55:30,android,apple,0,1,43,1,1
6759,3377,2025-09-27 10:55:30,android,samsung,0,0,54,1,0
6760,3378,2025-08-19 10:20:13,android,apple,0,0,31,2,1
6761,3378,2025-08-14 10:20:13,android,oppo,0,0,65,1,0
6762,3379,2026-03-12 12:49:54,android,huawei,0,0,51,3,1
6763,3379,2026-03-22 12:49:54,android,apple,0,0,80,2,1
6764,3380,2025-11-11 14:27:13,ios,huawei,0,0,50,4,1
6765,3380,2025-12-24 14:27:13,android,oppo,0,0,50,2,1
6766,3380,2025-10-25 14:27:13,android,oppo,0,0,50,2,1
6767,3381,2025-10-23 16:06:56,android,xiaomi,0,0,41,1,1
6768,3382,2024-08-26 02:37:22,android,other,0,0,35,1,1
6769,3382,2024-10-08 02:37:22,android,vivo,0,0,74,2,1
6770,3383,2025-09-29 05:41:30,android,oppo,0,0,63,1,1
6771,3383,2025-10-10 05:41:30,android,other,0,0,38,1,1
6772,3383,2025-09-01 05:41:30,android,xiaomi,0,0,22,4,1
6773,3384,2025-08-28 15:53:12,android,apple,0,0,6,1,1
6774,3384,2025-09-16 15:53:12,android,oppo,0,0,24,1,0
6775,3384,2025-08-29 15:53:12,android,samsung,0,0,50,2,1
6776,3385,2024-09-23 08:03:58,android,other,0,0,42,1,1
6777,3386,2025-08-19 22:04:00,android,vivo,0,0,38,2,0
6778,3386,2025-07-20 22:04:00,android,xiaomi,0,0,49,1,1
6779,3387,2024-10-05 16:01:22,android,samsung,0,0,36,5,1
6780,3387,2024-08-26 16:01:22,android,apple,0,0,46,1,1
6781,3387,2024-10-22 16:01:22,android,huawei,0,0,67,4,1
6782,3388,2025-04-26 20:32:43,android,other,0,0,25,2,1
6783,3388,2025-04-27 20:32:43,android,xiaomi,0,0,14,3,1
6784,3388,2025-02-01 20:32:43,android,vivo,0,0,62,1,1
6785,3389,2025-10-07 15:03:17,ios,vivo,0,0,76,1,1
6786,3389,2025-11-22 15:03:17,android,huawei,0,0,61,1,1
6787,3389,2025-10-25 15:03:17,ios,vivo,0,0,76,1,1
6788,3390,2024-06-11 15:02:58,android,xiaomi,0,0,22,2,1
6789,3390,2024-06-15 15:02:58,android,xiaomi,0,0,22,1,1
6790,3390,2024-05-21 15:02:58,ios,xiaomi,0,0,8,1,1
6791,3391,2024-09-30 23:24:48,android,xiaomi,0,0,25,2,1
6792,3392,2025-08-14 12:28:09,android,huawei,0,0,52,1,1
6793,3392,2025-10-29 12:28:09,ios,huawei,0,0,59,2,1
6794,3392,2025-11-14 12:28:09,android,apple,0,0,67,1,1
6795,3393,2025-03-01 06:25:44,android,xiaomi,0,0,35,2,1
6796,3393,2025-01-11 06:25:44,android,xiaomi,0,0,17,1,1
6797,3393,2025-01-20 06:25:44,android,apple,0,0,69,1,0
6798,3394,2025-12-25 06:10:21,android,xiaomi,0,0,31,1,1
6799,3394,2025-12-25 06:10:21,android,vivo,0,0,31,1,1
6800,3395,2023-12-30 19:28:01,android,xiaomi,0,0,1,1,1
6801,3396,2025-09-21 22:34:21,android,xiaomi,0,0,14,2,1
6802,3396,2025-07-29 22:34:21,ios,apple,0,0,80,1,1
6803,3396,2025-07-31 22:34:21,ios,oppo,0,0,16,3,1
6804,3397,2025-11-28 08:45:12,android,xiaomi,0,0,66,1,1
6805,3397,2025-08-31 08:45:12,ios,vivo,0,0,23,1,0
6806,3397,2025-10-29 08:45:12,ios,apple,0,0,18,1,1
6807,3398,2026-01-23 00:54:25,android,xiaomi,0,0,33,3,1
6808,3398,2026-01-08 00:54:25,android,huawei,0,0,40,2,1
6809,3398,2025-12-08 00:54:25,android,apple,0,0,54,1,1
6810,3399,2024-05-09 10:20:07,android,xiaomi,0,0,48,2,1
6811,3400,2026-03-14 10:55:33,android,apple,0,0,37,5,1
6812,3400,2026-03-30 10:55:33,android,oppo,0,0,54,2,1
6813,3400,2026-01-18 10:55:33,android,xiaomi,0,0,33,1,1
6814,3401,2024-12-13 08:42:47,android,oppo,0,0,24,2,1
6815,3402,2024-11-03 23:55:40,android,apple,0,0,50,1,1
6816,3402,2024-09-15 23:55:40,android,xiaomi,0,0,7,1,1
6817,3403,2024-12-11 13:06:01,android,samsung,0,0,26,2,1
6818,3403,2024-09-11 13:06:01,android,xiaomi,0,0,62,1,0
6819,3403,2024-11-24 13:06:01,android,samsung,0,0,42,4,1
6820,3404,2025-05-25 21:40:35,android,apple,0,0,26,1,1
6821,3405,2025-05-10 06:49:17,android,vivo,0,0,24,2,1
6822,3405,2025-05-08 06:49:17,android,oppo,0,0,0,2,0
6823,3405,2025-06-23 06:49:17,android,xiaomi,0,0,35,1,1
6824,3406,2024-12-08 23:18:05,ios,vivo,0,0,24,2,1
6825,3406,2025-03-27 23:18:05,android,vivo,0,0,51,3,1
6826,3407,2024-02-22 20:33:17,android,vivo,0,0,95,1,1
6827,3408,2026-01-19 05:44:08,android,vivo,1,0,70,2,1
6828,3408,2026-03-11 05:44:08,android,samsung,0,0,13,1,1
6829,3408,2026-02-05 05:44:08,android,xiaomi,0,0,69,3,0
6830,3409,2024-08-21 03:14:14,android,oppo,0,0,11,5,1
6831,3410,2024-06-06 11:30:47,android,xiaomi,0,1,42,1,1
6832,3410,2024-04-09 11:30:47,android,xiaomi,0,0,53,4,1
6833,3410,2024-03-20 11:30:47,android,xiaomi,0,1,12,3,1
6834,3411,2025-06-17 02:08:32,android,oppo,0,0,62,1,1
6835,3411,2025-04-29 02:08:32,ios,oppo,0,0,56,1,1
6836,3411,2025-04-12 02:08:32,ios,vivo,0,0,20,1,1
6837,3412,2025-02-11 00:48:30,android,oppo,0,0,16,1,1
6838,3412,2025-02-14 00:48:30,ios,huawei,0,0,20,1,1
6839,3412,2024-11-14 00:48:30,android,samsung,0,0,50,2,1
6840,3413,2025-06-04 08:44:15,android,xiaomi,0,0,51,2,1
6841,3414,2025-09-24 03:26:38,ios,other,0,0,28,1,0
6842,3414,2026-01-08 03:26:38,android,vivo,0,0,28,2,1
6843,3415,2024-03-10 01:07:38,android,other,0,0,52,2,1
6844,3415,2024-06-26 01:07:38,ios,huawei,0,0,28,1,1
6845,3415,2024-04-08 01:07:38,android,vivo,0,0,53,2,1
6846,3416,2024-08-09 08:34:44,android,oppo,0,0,35,3,0
6847,3416,2024-11-06 08:34:44,android,apple,0,0,46,5,1
6848,3416,2024-07-30 08:34:44,android,oppo,0,0,54,3,1
6849,3417,2025-03-11 02:19:58,android,huawei,1,0,36,1,1
6850,3418,2025-08-04 02:07:50,android,xiaomi,0,0,15,2,1
6851,3418,2025-11-13 02:07:50,android,samsung,0,0,49,1,1
6852,3419,2025-04-18 11:15:55,android,oppo,0,0,26,1,1
6853,3419,2025-06-18 11:15:55,android,huawei,0,1,30,1,0
6854,3420,2025-01-22 10:21:39,android,apple,0,0,47,1,1
6855,3420,2024-10-08 10:21:39,android,apple,0,0,22,2,1
6856,3420,2025-01-06 10:21:39,ios,vivo,0,0,0,5,1
6857,3421,2025-03-27 08:16:24,android,apple,0,0,39,2,1
6858,3421,2025-04-25 08:16:24,android,huawei,0,0,68,1,1
6859,3421,2025-03-25 08:16:24,android,vivo,0,0,28,1,1
6860,3422,2026-02-10 09:13:26,android,apple,0,0,25,2,0
6861,3422,2026-01-03 09:13:26,android,oppo,0,0,13,2,1
6862,3423,2024-12-17 10:32:19,android,xiaomi,0,0,42,2,1
6863,3423,2025-03-07 10:32:19,android,xiaomi,0,1,27,1,1
6864,3423,2024-12-17 10:32:19,android,samsung,0,0,55,1,1
6865,3424,2025-11-09 23:26:33,android,oppo,0,0,8,1,1
6866,3425,2025-09-02 08:49:59,android,apple,0,0,36,4,1
6867,3425,2025-08-19 08:49:59,android,xiaomi,0,0,92,3,1
6868,3425,2025-07-23 08:49:59,android,xiaomi,0,0,25,1,0
6869,3426,2024-08-01 23:07:57,android,samsung,0,0,47,1,1
6870,3426,2024-09-12 23:07:57,android,huawei,0,0,41,1,0
6871,3427,2024-08-12 03:17:39,android,oppo,0,0,81,1,1
6872,3428,2025-08-18 05:47:00,android,xiaomi,0,0,85,2,1
6873,3429,2024-07-27 11:02:40,android,xiaomi,0,0,59,1,1
6874,3429,2024-07-25 11:02:40,android,xiaomi,0,0,45,3,1
6875,3429,2024-09-06 11:02:40,android,samsung,0,0,47,1,0
6876,3430,2024-11-04 21:43:35,android,oppo,0,0,33,1,1
6877,3430,2024-10-31 21:43:35,ios,apple,0,0,9,3,1
6878,3431,2024-09-27 20:09:11,ios,apple,0,0,41,4,1
6879,3431,2024-09-20 20:09:11,ios,huawei,0,0,62,4,1
6880,3431,2024-09-17 20:09:11,ios,oppo,0,0,50,4,1
6881,3432,2025-04-19 15:28:37,android,xiaomi,0,0,34,3,1
6882,3432,2025-03-19 15:28:37,android,oppo,0,0,28,1,1
6883,3432,2025-04-26 15:28:37,android,huawei,0,0,15,1,1
6884,3433,2024-09-11 17:19:43,ios,vivo,0,0,18,1,1
6885,3433,2024-11-07 17:19:43,android,oppo,0,0,58,1,1
6886,3434,2025-08-08 16:34:59,android,other,0,0,4,2,0
6887,3435,2025-12-24 10:28:14,android,samsung,0,0,56,2,1
6888,3435,2025-12-06 10:28:14,android,oppo,0,0,50,3,0
6889,3435,2025-11-13 10:28:14,ios,vivo,0,0,71,2,0
6890,3436,2025-10-05 14:30:41,android,other,0,0,52,4,1
6891,3436,2025-08-30 14:30:41,android,other,0,0,24,1,1
6892,3436,2025-09-25 14:30:41,android,samsung,0,0,61,3,1
6893,3437,2026-02-15 00:09:08,android,vivo,0,0,20,2,1
6894,3438,2024-02-26 20:22:43,ios,vivo,0,0,51,1,1
6895,3439,2025-03-05 11:34:35,android,xiaomi,1,0,15,1,1
6896,3439,2025-03-03 11:34:35,android,huawei,0,0,63,3,1
6897,3440,2024-06-04 17:09:58,android,vivo,0,0,86,4,1
6898,3441,2026-02-12 01:03:19,android,apple,0,1,43,1,1
6899,3441,2026-02-12 01:03:19,android,xiaomi,0,0,52,1,1
6900,3441,2026-01-09 01:03:19,android,xiaomi,0,0,58,1,1
6901,3442,2025-09-09 16:48:00,android,samsung,0,0,15,1,1
6902,3443,2024-09-18 18:16:20,android,huawei,0,0,20,2,1
6903,3443,2024-10-28 18:16:20,ios,samsung,0,0,22,3,1
6904,3444,2025-05-29 08:55:37,android,other,0,0,31,2,1
6905,3445,2025-06-25 23:10:18,android,oppo,0,0,77,1,1
6906,3445,2025-04-08 23:10:18,android,huawei,0,0,32,1,0
6907,3445,2025-04-18 23:10:18,ios,oppo,0,0,50,1,1
6908,3446,2025-01-27 19:00:03,android,oppo,0,0,23,2,1
6909,3446,2025-03-02 19:00:03,ios,other,0,0,47,3,0
6910,3446,2025-04-01 19:00:03,android,oppo,0,0,93,1,1
6911,3447,2025-01-28 06:39:02,android,apple,0,0,8,2,1
6912,3447,2025-03-28 06:39:02,android,apple,0,0,39,3,1
6913,3447,2024-12-30 06:39:02,android,huawei,0,0,37,3,1
6914,3448,2024-03-24 07:16:42,android,oppo,0,0,33,1,1
6915,3448,2024-04-30 07:16:42,ios,vivo,0,0,74,1,1
6916,3448,2024-05-13 07:16:42,ios,xiaomi,0,0,36,3,1
6917,3449,2024-11-20 07:07:53,android,vivo,0,0,53,1,1
6918,3450,2024-10-26 05:47:36,android,oppo,0,0,4,1,1
6919,3450,2024-09-13 05:47:36,android,oppo,0,0,57,1,1
6920,3451,2025-10-26 07:44:46,android,xiaomi,0,0,22,1,1
6921,3451,2025-09-18 07:44:46,ios,vivo,0,0,9,5,1
6922,3452,2025-12-24 12:33:21,android,xiaomi,0,0,77,1,1
6923,3452,2025-11-16 12:33:21,android,xiaomi,0,0,39,1,1
6924,3452,2025-09-27 12:33:21,android,vivo,0,0,10,2,1
6925,3453,2025-07-19 19:17:13,ios,samsung,0,0,55,2,1
6926,3453,2025-09-21 19:17:13,android,oppo,0,0,44,1,1
6927,3453,2025-10-12 19:17:13,android,vivo,0,0,27,2,1
6928,3454,2024-01-28 13:14:33,android,apple,0,0,38,1,1
6929,3454,2024-02-01 13:14:33,ios,oppo,0,0,33,1,1
6930,3455,2025-12-23 02:17:49,ios,samsung,0,0,12,2,1
6931,3455,2025-09-16 02:17:49,android,apple,0,0,28,3,1
6932,3456,2025-01-31 09:33:46,ios,vivo,0,0,63,2,1
6933,3456,2024-12-03 09:33:46,android,oppo,0,0,39,2,1
6934,3456,2025-01-29 09:33:46,android,huawei,0,0,79,2,0
6935,3457,2025-01-24 22:46:57,android,oppo,0,0,32,1,1
6936,3457,2024-11-08 22:46:57,ios,huawei,0,0,34,3,1
6937,3457,2025-02-09 22:46:57,android,xiaomi,0,0,18,1,1
6938,3458,2026-01-03 22:59:52,android,xiaomi,0,0,30,1,1
6939,3458,2026-03-10 22:59:52,android,samsung,0,0,51,3,1
6940,3459,2025-10-21 03:01:07,ios,oppo,0,0,49,2,1
6941,3460,2024-05-02 03:25:49,android,xiaomi,0,0,42,2,1
6942,3461,2024-09-30 16:16:17,android,huawei,0,0,75,1,1
6943,3462,2025-09-22 06:50:41,android,vivo,0,0,38,3,1
6944,3462,2025-10-08 06:50:41,ios,xiaomi,0,0,17,1,1
6945,3462,2025-09-08 06:50:41,android,oppo,0,0,59,3,0
6946,3463,2025-01-22 08:36:03,android,xiaomi,0,0,38,1,1
6947,3463,2025-05-04 08:36:03,ios,huawei,0,0,52,1,1
6948,3464,2024-07-03 01:22:22,android,oppo,0,0,64,1,1
6949,3464,2024-07-04 01:22:22,android,xiaomi,0,0,20,3,1
6950,3465,2025-01-10 02:05:06,android,samsung,0,0,30,2,1
6951,3466,2025-10-30 14:59:12,ios,other,0,0,73,1,1
6952,3466,2025-12-28 14:59:12,android,xiaomi,0,0,51,2,1
6953,3466,2025-10-26 14:59:12,ios,huawei,0,0,18,1,1
6954,3467,2024-07-05 00:01:43,android,xiaomi,0,1,39,1,1
6955,3468,2025-07-04 15:06:39,android,vivo,0,0,23,1,1
6956,3468,2025-06-29 15:06:39,ios,apple,0,0,48,2,1
6957,3468,2025-06-22 15:06:39,android,samsung,0,0,57,1,0
6958,3469,2025-06-25 09:00:41,android,oppo,0,0,89,1,1
6959,3469,2025-07-24 09:00:41,android,other,0,0,57,1,1
6960,3469,2025-07-15 09:00:41,android,huawei,0,0,41,3,1
6961,3470,2025-12-31 13:33:16,android,xiaomi,0,0,60,1,0
6962,3470,2025-10-07 13:33:16,android,xiaomi,0,0,38,2,1
6963,3471,2024-10-07 11:56:08,ios,oppo,0,0,22,4,1
6964,3471,2024-08-15 11:56:08,android,xiaomi,0,0,50,2,0
6965,3472,2024-07-03 15:00:08,android,huawei,0,0,16,5,1
6966,3472,2024-07-02 15:00:08,android,xiaomi,0,0,11,1,1
6967,3472,2024-07-11 15:00:08,android,samsung,1,0,25,3,1
6968,3473,2025-04-20 18:54:34,ios,samsung,0,0,0,1,1
6969,3474,2025-02-12 20:14:56,android,huawei,0,0,57,3,1
6970,3475,2024-11-12 23:03:06,android,xiaomi,1,0,69,3,1
6971,3476,2025-09-13 20:48:33,android,samsung,0,0,35,2,1
6972,3476,2025-07-31 20:48:33,ios,vivo,0,0,71,2,1
6973,3477,2025-10-21 07:19:53,ios,oppo,0,0,12,1,1
6974,3477,2025-11-20 07:19:53,android,vivo,0,0,7,1,1
6975,3478,2024-07-11 08:39:34,android,vivo,0,1,44,2,1
6976,3478,2024-08-16 08:39:34,android,oppo,0,0,58,3,1
6977,3478,2024-09-10 08:39:34,android,xiaomi,0,0,20,1,1
6978,3479,2025-09-04 17:40:42,ios,huawei,0,0,51,1,1
6979,3479,2025-11-07 17:40:42,android,oppo,0,0,76,1,1
6980,3480,2024-08-03 10:40:30,ios,vivo,0,0,50,1,1
6981,3480,2024-08-23 10:40:30,android,oppo,0,0,0,2,1
6982,3480,2024-07-09 10:40:30,android,samsung,0,0,53,1,1
6983,3481,2025-01-15 13:44:38,android,xiaomi,1,0,62,3,1
6984,3481,2024-11-11 13:44:38,android,xiaomi,0,0,21,1,1
6985,3482,2024-04-02 20:13:51,android,xiaomi,0,0,62,2,1
6986,3482,2024-04-05 20:13:51,android,huawei,0,0,42,1,1
6987,3483,2024-10-30 11:42:10,ios,huawei,0,0,83,1,0
6988,3483,2024-12-24 11:42:10,ios,other,0,0,22,5,1
6989,3484,2025-12-26 17:11:16,android,huawei,0,0,81,1,1
6990,3485,2025-03-09 01:41:36,android,oppo,0,0,75,3,1
6991,3485,2025-03-01 01:41:36,android,oppo,0,0,15,3,1
6992,3485,2025-01-12 01:41:36,ios,xiaomi,0,0,27,1,0
6993,3486,2025-07-19 07:29:44,android,samsung,0,0,0,1,0
6994,3487,2024-04-20 18:52:36,android,xiaomi,0,0,47,1,1
6995,3488,2025-05-10 23:01:02,android,apple,0,0,35,1,1
6996,3488,2025-04-10 23:01:02,android,other,0,0,22,2,1
6997,3489,2025-01-02 05:59:52,ios,xiaomi,0,0,35,4,0
6998,3489,2024-10-31 05:59:52,android,oppo,0,0,53,1,1
6999,3489,2024-12-08 05:59:52,android,oppo,0,0,48,2,1
7000,3490,2025-08-03 02:47:15,android,huawei,0,0,44,1,1
7001,3490,2025-08-04 02:47:15,android,apple,0,0,11,2,1
7002,3491,2026-02-13 10:53:45,ios,xiaomi,0,0,52,1,0
7003,3491,2025-12-19 10:53:45,ios,xiaomi,0,0,47,1,1
7004,3491,2026-02-13 10:53:45,android,vivo,0,0,26,1,1
7005,3492,2025-02-16 01:51:29,ios,samsung,0,0,43,3,0
7006,3492,2025-01-17 01:51:29,android,vivo,0,0,26,3,1
7007,3493,2024-06-08 01:32:29,android,other,0,0,40,1,1
7008,3494,2024-12-09 13:51:52,android,xiaomi,0,0,3,1,1
7009,3494,2025-01-30 13:51:52,android,samsung,0,0,82,1,1
7010,3495,2024-04-01 20:51:58,android,apple,0,1,41,1,1
7011,3496,2024-12-18 03:48:17,ios,apple,0,0,37,1,1
7012,3496,2025-01-30 03:48:17,android,xiaomi,0,0,26,2,1
7013,3497,2024-02-28 15:17:44,ios,xiaomi,0,0,68,1,1
7014,3497,2024-05-17 15:17:44,android,samsung,0,0,63,5,1
7015,3498,2025-06-24 12:29:41,android,oppo,0,0,62,3,1
7016,3499,2024-09-24 15:05:39,android,apple,0,0,69,3,1
7017,3500,2024-09-13 02:53:33,android,oppo,0,0,56,1,0
7018,3501,2024-02-18 15:09:29,android,huawei,0,0,57,2,1
7019,3502,2025-12-05 06:47:18,android,huawei,0,0,32,1,1
7020,3502,2025-10-13 06:47:18,android,xiaomi,0,0,35,2,1
7021,3502,2025-10-24 06:47:18,android,oppo,0,1,48,1,1
7022,3503,2025-09-11 03:40:15,android,vivo,0,0,42,3,1
7023,3504,2025-08-13 13:54:05,android,oppo,0,0,44,4,1
7024,3504,2025-09-27 13:54:05,android,vivo,0,0,40,3,1
7025,3504,2025-11-25 13:54:05,android,xiaomi,0,0,51,1,1
7026,3505,2024-04-01 10:33:25,android,oppo,0,0,82,1,1
7027,3506,2024-10-12 04:21:16,android,other,0,0,44,3,1
7028,3506,2024-12-18 04:21:16,android,samsung,0,0,62,1,1
7029,3507,2026-02-02 02:02:35,ios,oppo,0,0,33,1,1
7030,3508,2025-06-09 09:14:05,android,xiaomi,0,0,34,3,1
7031,3508,2025-05-15 09:14:05,android,apple,0,0,24,1,0
7032,3509,2024-06-16 19:14:29,ios,huawei,0,0,16,1,1
7033,3509,2024-04-21 19:14:29,android,vivo,0,0,48,1,1
7034,3509,2024-07-13 19:14:29,android,other,0,0,34,1,1
7035,3510,2024-05-07 22:47:53,android,samsung,0,0,7,1,1
7036,3511,2024-07-31 01:42:51,ios,huawei,0,0,43,3,1
7037,3512,2025-12-29 19:30:22,android,xiaomi,0,0,52,2,1
7038,3513,2024-05-25 19:35:56,android,vivo,0,0,40,2,1
7039,3513,2024-07-08 19:35:56,android,apple,0,0,40,1,0
7040,3513,2024-04-27 19:35:56,ios,xiaomi,0,0,28,1,1
7041,3514,2025-10-23 02:40:47,ios,samsung,0,0,45,1,1
7042,3514,2025-11-05 02:40:47,android,vivo,0,0,48,1,1
7043,3514,2026-01-18 02:40:47,android,oppo,0,0,40,2,0
7044,3515,2025-08-17 22:47:42,android,vivo,0,0,54,4,1
7045,3516,2025-12-08 23:38:39,android,huawei,0,0,21,1,1
7046,3517,2025-12-09 23:44:39,ios,oppo,0,0,21,1,1
7047,3517,2025-12-10 23:44:39,ios,vivo,0,0,50,1,1
7048,3517,2025-11-20 23:44:39,ios,samsung,0,0,56,2,1
7049,3518,2024-10-27 11:29:47,android,samsung,0,0,46,1,1
7050,3519,2025-09-12 08:43:41,ios,oppo,0,0,61,4,1
7051,3519,2025-11-30 08:43:41,android,xiaomi,0,0,56,1,1
7052,3519,2025-09-02 08:43:41,ios,huawei,0,0,56,1,1
7053,3520,2024-08-15 11:14:24,ios,xiaomi,0,0,9,4,1
7054,3520,2024-06-01 11:14:24,android,xiaomi,0,0,50,3,1
7055,3521,2024-09-27 09:46:51,ios,vivo,0,0,14,3,1
7056,3521,2024-08-10 09:46:51,android,other,0,0,50,2,0
7057,3521,2024-10-23 09:46:51,android,xiaomi,0,0,40,4,1
7058,3522,2024-07-22 14:14:53,android,huawei,1,0,29,1,1
7059,3522,2024-06-02 14:14:53,android,vivo,0,0,39,1,1
7060,3522,2024-08-04 14:14:53,android,vivo,1,0,14,1,0
7061,3523,2024-07-10 05:06:42,ios,xiaomi,0,0,28,3,0
7062,3523,2024-07-19 05:06:42,android,apple,0,0,32,2,1
7063,3523,2024-05-11 05:06:42,android,vivo,0,0,35,3,1
7064,3524,2024-03-27 16:49:27,ios,huawei,0,0,7,1,1
7065,3524,2024-05-12 16:49:27,android,other,0,0,43,2,1
7066,3525,2024-08-18 19:14:04,android,vivo,0,0,19,4,1
7067,3526,2024-03-21 16:20:17,ios,samsung,0,0,33,2,1
7068,3526,2024-04-26 16:20:17,android,huawei,0,0,47,2,1
7069,3527,2024-10-29 17:02:48,ios,oppo,0,0,56,1,1
7070,3527,2024-12-26 17:02:48,android,xiaomi,0,0,57,2,1
7071,3528,2024-04-04 01:15:19,android,xiaomi,0,0,0,2,1
7072,3528,2024-04-23 01:15:19,ios,oppo,0,0,60,3,1
7073,3528,2024-04-16 01:15:19,ios,xiaomi,0,0,43,1,1
7074,3529,2024-03-06 17:34:05,ios,apple,0,0,1,1,1
7075,3529,2024-03-21 17:34:05,android,oppo,0,0,20,2,1
7076,3529,2024-05-17 17:34:05,android,vivo,0,0,30,1,0
7077,3530,2026-02-05 13:42:00,android,samsung,0,0,9,1,1
7078,3530,2026-01-14 13:42:00,android,oppo,0,0,36,1,1
7079,3530,2026-03-28 13:42:00,android,huawei,0,0,22,1,1
7080,3531,2024-03-20 00:24:16,android,huawei,0,0,11,1,1
7081,3531,2024-03-27 00:24:16,android,oppo,0,0,19,1,1
7082,3532,2024-03-26 01:29:26,android,xiaomi,0,0,27,1,1
7083,3532,2024-06-05 01:29:26,ios,xiaomi,0,0,51,1,1
7084,3533,2024-03-09 23:27:31,android,other,0,0,54,2,1
7085,3533,2024-03-25 23:27:31,ios,vivo,0,0,43,4,1
7086,3533,2024-01-29 23:27:31,ios,oppo,0,0,17,2,0
7087,3534,2024-07-21 18:08:14,android,other,0,0,31,1,0
7088,3535,2025-04-26 09:08:36,android,xiaomi,0,0,17,1,1
7089,3535,2025-03-27 09:08:36,android,other,0,0,58,2,1
7090,3535,2025-04-10 09:08:36,android,apple,0,0,24,1,1
7091,3536,2025-09-22 21:30:01,ios,apple,0,0,66,4,1
7092,3536,2025-09-16 21:30:01,android,apple,0,0,15,3,1
7093,3537,2025-07-20 11:19:03,android,vivo,0,0,75,1,1
7094,3537,2025-06-13 11:19:03,android,xiaomi,0,0,20,1,0
7095,3538,2025-05-02 13:48:30,android,xiaomi,0,0,39,1,1
7096,3538,2025-06-03 13:48:30,android,oppo,0,0,29,3,1
7097,3538,2025-03-22 13:48:30,ios,other,0,0,44,3,0
7098,3539,2024-04-29 01:37:51,android,oppo,0,0,7,2,1
7099,3540,2025-08-25 07:47:21,android,other,0,0,100,2,1
7100,3540,2025-09-08 07:47:21,android,xiaomi,0,0,31,1,1
7101,3540,2025-09-01 07:47:21,android,vivo,0,0,38,1,1
7102,3541,2024-05-17 04:38:37,android,other,0,0,50,1,0
7103,3541,2024-03-11 04:38:37,ios,huawei,0,0,31,2,1
7104,3542,2025-06-02 13:34:42,android,vivo,0,0,25,1,1
7105,3542,2025-05-09 13:34:42,android,samsung,0,0,60,4,1
7106,3542,2025-05-18 13:34:42,android,vivo,0,0,31,3,1
7107,3543,2025-01-12 19:29:40,android,vivo,0,0,13,1,1
7108,3543,2024-11-08 19:29:40,android,other,0,0,55,1,1
7109,3544,2025-10-11 23:42:26,android,apple,0,0,25,3,1
7110,3544,2026-01-06 23:42:26,android,oppo,0,0,48,3,1
7111,3545,2024-11-12 11:58:46,android,oppo,0,0,38,2,1
7112,3546,2025-05-03 01:57:03,ios,other,0,0,49,1,1
7113,3547,2025-02-13 04:42:45,ios,vivo,0,0,85,2,1
7114,3547,2025-01-11 04:42:45,ios,huawei,0,0,41,1,0
7115,3547,2025-02-04 04:42:45,android,samsung,0,0,42,1,1
7116,3548,2025-03-29 03:37:53,android,vivo,0,0,57,1,1
7117,3548,2025-01-10 03:37:53,android,huawei,1,0,41,1,1
7118,3549,2025-12-20 07:44:23,android,xiaomi,0,0,35,1,1
7119,3549,2026-02-10 07:44:23,android,huawei,0,0,34,1,1
7120,3550,2025-09-15 07:22:28,android,apple,0,0,36,1,1
7121,3550,2025-07-08 07:22:28,ios,vivo,0,0,24,1,0
7122,3550,2025-05-30 07:22:28,android,other,1,0,12,1,1
7123,3551,2024-11-23 15:01:14,android,apple,0,0,43,1,1
7124,3551,2025-02-02 15:01:14,android,oppo,0,0,11,5,1
7125,3552,2024-12-18 14:19:15,ios,xiaomi,0,0,29,4,1
7126,3553,2025-07-28 08:05:26,android,vivo,0,0,70,3,1
7127,3553,2025-05-27 08:05:26,android,other,0,0,28,2,1
7128,3553,2025-06-29 08:05:26,android,apple,0,0,37,1,1
7129,3554,2024-10-12 15:02:17,android,xiaomi,0,0,54,1,1
7130,3554,2024-09-12 15:02:17,android,samsung,0,0,23,2,1
7131,3555,2024-05-08 12:52:11,ios,oppo,0,0,67,3,1
7132,3555,2024-06-29 12:52:11,ios,oppo,1,0,77,2,0
7133,3556,2025-01-19 09:16:15,android,xiaomi,0,0,67,3,1
7134,3556,2024-12-31 09:16:15,android,oppo,0,0,91,1,1
7135,3557,2024-04-02 19:18:12,android,xiaomi,0,0,65,2,1
7136,3557,2024-05-07 19:18:12,ios,apple,0,0,0,3,1
7137,3557,2024-04-12 19:18:12,android,samsung,0,1,28,2,1
7138,3558,2024-08-06 21:23:28,ios,xiaomi,0,0,24,1,1
7139,3558,2024-07-05 21:23:28,android,oppo,0,0,20,1,1
7140,3559,2024-12-28 02:48:40,ios,xiaomi,0,0,10,1,1
7141,3560,2025-10-13 11:56:12,android,huawei,0,0,16,1,1
7142,3560,2025-11-04 11:56:12,android,other,0,0,36,1,1
7143,3561,2025-08-06 10:26:05,ios,xiaomi,0,0,50,1,1
7144,3561,2025-08-18 10:26:05,ios,other,0,0,54,1,1
7145,3561,2025-09-06 10:26:05,ios,huawei,0,0,19,2,1
7146,3562,2024-08-31 07:31:48,android,xiaomi,0,0,52,2,1
7147,3562,2024-09-18 07:31:48,android,xiaomi,0,0,34,1,1
7148,3563,2025-01-21 00:10:36,android,huawei,0,0,45,2,1
7149,3563,2025-02-23 00:10:36,android,samsung,0,0,48,1,1
7150,3564,2024-06-25 01:52:21,android,other,0,0,42,3,1
7151,3564,2024-06-07 01:52:21,android,vivo,1,0,69,3,1
7152,3564,2024-07-15 01:52:21,android,xiaomi,0,0,45,3,1
7153,3565,2025-08-11 07:52:39,ios,apple,0,0,33,1,1
7154,3565,2025-10-05 07:52:39,android,apple,0,0,7,1,1
7155,3566,2024-10-16 20:05:28,android,huawei,0,0,35,1,1
7156,3567,2025-09-28 15:42:05,android,oppo,0,0,60,1,1
7157,3567,2025-08-15 15:42:05,android,huawei,0,0,27,1,1
7158,3568,2025-10-11 17:04:08,android,oppo,1,0,14,2,1
7159,3568,2025-10-14 17:04:08,android,oppo,0,0,51,1,1
7160,3568,2025-11-18 17:04:08,android,xiaomi,0,0,77,1,0
7161,3569,2025-06-17 00:46:16,android,xiaomi,0,0,41,1,1
7162,3569,2025-06-21 00:46:16,android,vivo,0,0,26,1,1
7163,3569,2025-05-14 00:46:16,android,other,0,0,7,1,1
7164,3570,2024-09-13 01:07:36,android,vivo,0,0,41,1,1
7165,3571,2026-02-19 14:58:05,android,oppo,0,0,8,2,1
7166,3571,2026-01-01 14:58:05,android,oppo,0,0,85,1,1
7167,3571,2025-11-26 14:58:05,android,oppo,0,0,26,1,1
7168,3572,2025-06-06 19:35:37,android,xiaomi,0,0,25,1,1
7169,3573,2025-07-04 11:06:30,android,xiaomi,0,0,58,1,1
7170,3574,2025-11-28 04:17:48,android,xiaomi,0,0,77,4,0
7171,3575,2026-01-07 11:20:25,android,xiaomi,0,0,40,2,1
7172,3575,2025-11-29 11:20:25,android,huawei,0,0,40,1,1
7173,3575,2025-11-20 11:20:25,android,xiaomi,0,1,30,1,1
7174,3576,2024-06-13 18:05:11,ios,vivo,0,0,71,3,1
7175,3577,2025-11-02 12:42:44,android,apple,0,0,40,2,1
7176,3577,2025-10-14 12:42:44,android,vivo,0,0,22,1,1
7177,3578,2025-08-05 11:13:39,android,samsung,0,0,24,1,1
7178,3578,2025-08-26 11:13:39,android,huawei,0,0,57,1,1
7179,3579,2024-07-18 18:15:51,android,apple,0,0,19,2,1
7180,3579,2024-06-28 18:15:51,ios,xiaomi,0,0,42,2,1
7181,3580,2024-09-23 14:17:56,ios,oppo,0,0,32,1,0
7182,3580,2024-10-31 14:17:56,android,xiaomi,0,0,49,2,1
7183,3581,2025-07-20 10:41:38,ios,vivo,0,0,32,3,1
7184,3582,2024-09-05 03:13:25,android,xiaomi,0,0,53,3,1
7185,3583,2024-11-18 06:18:36,android,apple,0,0,24,1,1
7186,3583,2025-02-24 06:18:36,android,oppo,0,0,61,4,1
7187,3584,2025-05-21 21:33:12,android,huawei,0,0,33,2,1
7188,3584,2025-08-02 21:33:12,android,oppo,0,0,43,2,1
7189,3584,2025-07-15 21:33:12,ios,other,0,0,54,5,1
7190,3585,2025-07-26 20:34:37,android,huawei,0,0,57,2,1
7191,3585,2025-04-13 20:34:37,ios,xiaomi,0,0,57,3,1
7192,3585,2025-06-04 20:34:37,ios,samsung,0,0,11,1,1
7193,3586,2026-01-06 03:38:12,ios,vivo,0,0,25,1,1
7194,3586,2026-02-10 03:38:12,ios,vivo,0,0,19,1,1
7195,3586,2026-01-13 03:38:12,android,oppo,0,0,20,1,0
7196,3587,2024-03-15 10:07:39,android,oppo,0,1,37,1,1
7197,3588,2024-09-02 08:44:11,android,vivo,0,0,29,4,1
7198,3588,2024-08-02 08:44:11,ios,vivo,0,0,26,1,1
7199,3588,2024-11-22 08:44:11,ios,samsung,0,0,42,1,1
7200,3589,2026-02-20 23:05:08,android,vivo,0,0,70,1,1
7201,3589,2026-01-20 23:05:08,android,huawei,0,0,43,2,0
7202,3590,2025-03-19 05:58:05,android,other,0,0,39,5,1
7203,3590,2025-06-08 05:58:05,ios,vivo,0,0,33,1,1
7204,3590,2025-05-17 05:58:05,android,samsung,0,0,43,1,1
7205,3591,2024-09-16 13:20:47,android,vivo,0,0,49,3,1
7206,3592,2024-10-23 13:53:37,ios,huawei,0,0,44,1,1
7207,3592,2024-08-02 13:53:37,android,apple,0,0,79,2,0
7208,3593,2024-10-21 15:00:14,ios,oppo,0,0,1,1,1
7209,3594,2025-03-14 15:05:00,ios,xiaomi,0,0,29,1,1
7210,3594,2025-04-24 15:05:00,android,huawei,0,0,47,1,1
7211,3595,2024-08-05 17:10:48,android,other,0,0,23,5,1
7212,3595,2024-10-10 17:10:48,android,samsung,0,0,35,4,1
7213,3595,2024-08-20 17:10:48,android,xiaomi,0,0,87,3,0
7214,3596,2025-04-21 23:01:21,android,xiaomi,0,0,48,2,1
7215,3596,2025-03-22 23:01:21,ios,oppo,0,0,60,2,1
7216,3596,2025-05-15 23:01:21,android,oppo,0,0,46,1,1
7217,3597,2024-12-06 01:05:03,android,apple,0,0,46,3,1
7218,3598,2025-06-02 13:04:33,android,xiaomi,0,0,24,3,1
7219,3598,2025-06-02 13:04:33,android,apple,0,0,49,3,1
7220,3599,2024-06-07 05:43:21,ios,apple,0,0,21,3,1
7221,3600,2025-04-04 04:31:56,android,samsung,0,0,28,2,1
7222,3600,2025-04-04 04:31:56,ios,xiaomi,0,0,15,1,1
7223,3601,2026-01-04 01:28:24,ios,xiaomi,0,0,13,4,1
7224,3601,2026-01-16 01:28:24,android,other,0,0,35,1,1
7225,3601,2026-02-09 01:28:24,android,oppo,0,0,14,1,0
7226,3602,2024-07-15 14:35:52,android,apple,0,0,26,1,1
7227,3602,2024-06-17 14:35:52,android,huawei,0,0,50,2,1
7228,3603,2024-09-07 00:48:19,android,oppo,0,0,22,2,1
7229,3603,2024-11-10 00:48:19,android,oppo,0,0,50,2,1
7230,3604,2025-06-02 06:49:44,android,huawei,0,0,42,3,1
7231,3605,2025-05-21 16:55:33,ios,vivo,0,0,38,1,1
7232,3605,2025-03-28 16:55:33,android,apple,0,0,43,3,1
7233,3605,2025-05-08 16:55:33,android,oppo,0,0,38,2,1
7234,3606,2025-07-31 13:37:34,android,xiaomi,0,0,26,3,1
7235,3606,2025-07-06 13:37:34,android,other,0,0,50,1,0
7236,3606,2025-08-21 13:37:34,ios,xiaomi,0,0,51,3,1
7237,3607,2025-03-13 11:34:15,android,huawei,0,0,52,3,1
7238,3607,2025-04-12 11:34:15,ios,oppo,0,0,46,2,1
7239,3607,2025-04-02 11:34:15,android,oppo,0,0,40,1,1
7240,3608,2025-08-26 06:56:38,ios,xiaomi,0,0,0,1,1
7241,3609,2025-06-29 20:28:00,android,huawei,0,0,24,2,1
7242,3610,2024-03-16 01:42:57,android,huawei,0,0,33,1,1
7243,3611,2025-06-28 10:29:13,ios,xiaomi,0,0,25,3,0
7244,3612,2024-11-24 04:36:59,android,huawei,0,0,37,2,1
7245,3612,2025-02-01 04:36:59,android,apple,0,1,44,1,1
7246,3612,2024-12-03 04:36:59,ios,apple,0,0,63,2,1
7247,3613,2024-03-14 13:25:04,android,samsung,0,0,17,1,1
7248,3613,2024-01-30 13:25:04,android,huawei,0,0,23,2,1
7249,3614,2024-12-01 14:17:43,ios,vivo,0,0,61,1,1
7250,3614,2024-12-09 14:17:43,ios,xiaomi,0,0,37,1,1
7251,3614,2024-12-31 14:17:43,android,huawei,0,0,1,1,1
7252,3615,2024-12-16 16:20:53,ios,oppo,0,0,39,1,0
7253,3615,2024-12-03 16:20:53,android,xiaomi,0,0,46,1,1
7254,3616,2024-03-02 07:11:06,android,samsung,0,0,40,1,1
7255,3616,2024-03-14 07:11:06,android,oppo,0,0,30,1,1
7256,3616,2024-05-13 07:11:06,android,apple,0,0,59,1,1
7257,3617,2026-02-04 03:28:00,android,other,0,0,29,3,1
7258,3618,2024-06-22 07:53:09,android,other,0,0,47,4,1
7259,3618,2024-09-26 07:53:09,android,apple,0,0,34,1,1
7260,3618,2024-07-03 07:53:09,android,oppo,0,0,56,1,1
7261,3619,2024-09-28 09:07:29,android,huawei,0,0,34,2,1
7262,3620,2024-12-08 21:39:55,ios,xiaomi,0,0,39,2,1
7263,3620,2024-11-26 21:39:55,android,other,0,0,63,1,1
7264,3621,2025-11-29 17:30:25,android,huawei,0,0,53,1,1
7265,3621,2025-11-27 17:30:25,android,huawei,0,0,42,2,1
7266,3622,2025-08-10 07:43:06,ios,oppo,0,0,35,1,1
7267,3622,2025-07-06 07:43:06,android,huawei,0,1,41,1,1
7268,3623,2025-10-07 19:16:22,ios,xiaomi,0,0,36,1,0
7269,3624,2024-07-25 01:19:39,android,huawei,0,0,54,3,1
7270,3625,2025-11-13 04:00:51,android,oppo,0,0,44,4,1
7271,3626,2025-12-14 17:13:06,android,xiaomi,0,0,82,1,1
7272,3627,2025-03-13 14:48:37,android,vivo,0,0,52,2,1
7273,3627,2025-01-17 14:48:37,android,vivo,0,0,31,3,1
7274,3627,2024-12-28 14:48:37,android,oppo,0,0,49,3,1
7275,3628,2025-05-14 10:23:09,android,xiaomi,0,0,33,1,1
7276,3628,2025-04-01 10:23:09,android,oppo,0,0,57,4,1
7277,3628,2025-02-13 10:23:09,android,other,0,0,30,2,1
7278,3629,2024-02-17 02:41:35,android,xiaomi,0,0,62,2,1
7279,3629,2024-04-26 02:41:35,android,vivo,0,0,31,1,1
7280,3630,2025-08-29 02:35:16,android,oppo,0,0,16,1,1
7281,3630,2025-10-01 02:35:16,android,xiaomi,0,0,61,2,1
7282,3630,2025-08-13 02:35:16,android,other,0,0,32,1,1
7283,3631,2026-02-27 11:21:48,android,oppo,0,0,37,1,1
7284,3631,2026-03-17 11:21:48,android,xiaomi,0,0,60,2,1
7285,3631,2025-11-24 11:21:48,android,oppo,0,0,34,3,1
7286,3632,2025-01-15 23:10:50,android,vivo,0,0,22,1,1
7287,3633,2025-04-13 13:35:03,android,huawei,0,0,69,2,1
7288,3634,2025-03-27 09:52:58,android,huawei,0,0,69,1,1
7289,3634,2025-04-07 09:52:58,android,vivo,0,1,5,1,1
7290,3635,2024-03-11 07:56:15,android,apple,0,0,14,1,1
7291,3636,2025-03-20 09:29:01,ios,oppo,0,0,22,1,1
7292,3636,2025-05-24 09:29:01,android,other,0,0,50,2,1
7293,3636,2025-06-30 09:29:01,android,vivo,0,0,45,5,0
7294,3637,2025-09-22 15:43:42,ios,xiaomi,0,0,55,2,1
7295,3637,2025-07-03 15:43:42,android,oppo,0,0,26,3,1
7296,3637,2025-06-05 15:43:42,ios,samsung,0,0,42,3,1
7297,3638,2025-12-03 10:02:42,android,huawei,0,0,23,3,1
7298,3638,2025-11-20 10:02:42,android,oppo,0,0,0,1,1
7299,3639,2025-12-27 17:50:58,android,xiaomi,0,0,57,2,1
7300,3639,2026-02-28 17:50:58,android,samsung,0,0,72,1,1
7301,3640,2025-03-01 00:33:23,android,apple,0,1,56,3,1
7302,3641,2026-03-06 01:23:38,ios,xiaomi,0,0,59,1,1
7303,3642,2025-03-03 22:04:48,android,huawei,0,0,64,2,1
7304,3643,2025-06-10 16:36:56,android,oppo,0,0,36,4,1
7305,3644,2025-07-01 10:59:12,android,huawei,0,1,29,2,1
7306,3644,2025-05-24 10:59:12,android,apple,0,0,55,2,0
7307,3645,2026-04-14 00:54:34,android,huawei,0,0,33,1,1
7308,3645,2025-12-27 00:54:34,android,apple,0,0,46,1,1
7309,3646,2025-09-06 09:15:54,ios,xiaomi,0,0,34,2,1
7310,3646,2025-07-27 09:15:54,android,xiaomi,0,0,25,3,0
7311,3647,2024-07-05 14:28:55,android,xiaomi,0,0,28,1,1
7312,3647,2024-03-27 14:28:55,ios,oppo,0,0,33,1,1
7313,3647,2024-07-13 14:28:55,android,other,0,0,65,1,1
7314,3648,2024-03-05 10:49:04,ios,apple,0,0,11,3,1
7315,3648,2024-04-24 10:49:04,ios,xiaomi,0,0,39,1,1
7316,3648,2024-06-07 10:49:04,android,samsung,0,0,40,1,0
7317,3649,2025-02-06 05:06:39,android,oppo,0,1,35,1,1
7318,3649,2025-01-02 05:06:39,android,xiaomi,0,0,13,1,1
7319,3650,2025-01-11 10:50:38,ios,oppo,0,0,56,1,1
7320,3650,2025-04-15 10:50:38,android,xiaomi,0,0,32,3,1
7321,3651,2025-07-29 02:17:05,ios,xiaomi,0,0,22,1,1
7322,3651,2025-05-22 02:17:05,android,apple,0,0,10,1,1
7323,3652,2025-01-16 13:29:04,android,huawei,0,0,0,4,1
7324,3652,2025-04-05 13:29:04,android,vivo,0,0,27,2,1
7325,3653,2025-03-10 16:30:24,android,xiaomi,0,0,22,3,1
7326,3653,2025-01-29 16:30:24,ios,oppo,0,0,39,2,1
7327,3653,2025-03-28 16:30:24,android,huawei,0,0,46,2,1
7328,3654,2025-12-03 19:55:15,android,oppo,0,1,26,1,0
7329,3655,2024-09-29 11:04:28,android,xiaomi,0,0,44,1,1
7330,3655,2024-11-16 11:04:28,android,huawei,0,0,16,1,1
7331,3655,2024-10-27 11:04:28,android,other,0,0,5,3,0
7332,3656,2025-03-20 06:14:07,android,oppo,0,0,49,3,0
7333,3657,2025-02-09 21:23:21,android,vivo,0,0,94,3,1
7334,3657,2025-04-12 21:23:21,ios,samsung,0,0,46,1,1
7335,3658,2025-02-14 20:58:32,android,oppo,0,0,57,1,1
7336,3659,2025-12-24 17:28:00,android,oppo,0,0,35,1,1
7337,3660,2026-02-18 09:44:37,android,xiaomi,0,0,35,1,1
7338,3660,2025-12-21 09:44:37,android,samsung,1,0,37,1,1
7339,3661,2025-04-07 13:52:47,android,samsung,0,0,41,3,1
7340,3661,2025-03-24 13:52:47,android,apple,0,0,50,2,1
7341,3661,2025-04-01 13:52:47,android,xiaomi,0,0,39,1,1
7342,3662,2025-02-15 22:05:58,android,huawei,0,0,62,2,0
7343,3662,2025-01-15 22:05:58,android,other,0,0,0,4,1
7344,3663,2025-05-16 22:44:05,ios,other,0,0,40,2,1
7345,3663,2025-03-17 22:44:05,android,vivo,0,0,40,1,1
7346,3663,2025-03-30 22:44:05,android,xiaomi,0,0,12,1,1
7347,3664,2024-07-14 01:05:42,android,xiaomi,0,0,62,3,0
7348,3665,2025-02-15 23:11:10,android,oppo,0,0,70,3,1
7349,3666,2024-06-03 08:22:13,ios,apple,0,0,45,4,0
7350,3666,2024-09-04 08:22:13,android,vivo,0,0,62,2,1
7351,3666,2024-09-13 08:22:13,android,huawei,0,0,40,2,0
7352,3667,2024-07-28 03:45:36,android,vivo,0,0,67,1,1
7353,3667,2024-05-07 03:45:36,android,apple,0,0,6,1,1
7354,3668,2024-06-07 11:41:08,android,oppo,0,0,33,3,1
7355,3668,2024-06-20 11:41:08,android,apple,1,0,30,1,1
7356,3669,2025-03-16 13:25:18,ios,vivo,0,0,50,1,1
7357,3669,2025-04-27 13:25:18,android,xiaomi,0,0,28,1,1
7358,3670,2024-02-11 09:57:13,ios,huawei,0,0,62,2,1
7359,3670,2024-04-21 09:57:13,android,other,0,0,29,4,1
7360,3670,2023-12-27 09:57:13,android,xiaomi,0,0,40,1,1
7361,3671,2025-05-04 16:56:48,android,oppo,0,0,0,1,1
7362,3671,2025-04-21 16:56:48,android,oppo,0,0,34,4,1
7363,3671,2025-06-27 16:56:48,android,huawei,1,0,28,1,1
7364,3672,2024-12-18 07:41:16,android,oppo,0,0,61,1,1
7365,3672,2025-02-11 07:41:16,ios,vivo,0,0,0,2,0
7366,3672,2025-01-15 07:41:16,android,apple,0,0,47,1,1
7367,3673,2024-10-06 12:46:37,android,xiaomi,0,0,45,4,1
7368,3673,2025-01-12 12:46:37,android,apple,0,0,4,5,1
7369,3674,2025-10-26 13:07:48,ios,oppo,0,0,52,1,1
7370,3675,2025-05-18 06:53:47,android,other,0,0,38,1,1
7371,3675,2025-04-12 06:53:47,android,samsung,0,0,54,4,1
7372,3676,2025-07-15 10:19:55,android,vivo,0,0,0,4,1
7373,3677,2025-07-23 21:59:29,ios,apple,0,0,47,3,1
7374,3677,2025-08-31 21:59:29,android,xiaomi,0,1,64,1,1
7375,3678,2024-02-26 11:15:07,android,vivo,0,0,86,2,1
7376,3679,2024-08-10 07:25:31,android,apple,0,0,61,1,1
7377,3679,2024-08-02 07:25:31,android,xiaomi,0,0,57,1,1
7378,3679,2024-06-05 07:25:31,android,apple,0,0,44,3,1
7379,3680,2025-05-30 02:06:01,android,huawei,0,0,28,1,1
7380,3680,2025-04-05 02:06:01,android,oppo,0,0,48,1,1
7381,3680,2025-05-25 02:06:01,android,xiaomi,0,0,58,2,1
7382,3681,2026-02-06 03:34:01,android,apple,0,0,36,1,1
7383,3682,2024-08-07 15:02:25,android,other,0,0,50,1,1
7384,3682,2024-04-18 15:02:25,android,samsung,0,0,26,3,1
7385,3683,2024-06-22 01:22:41,android,huawei,0,0,1,1,1
7386,3683,2024-07-01 01:22:41,android,other,0,0,11,2,1
7387,3683,2024-03-22 01:22:41,android,xiaomi,0,0,20,3,1
7388,3684,2026-02-22 23:39:23,android,vivo,0,0,10,3,1
7389,3685,2026-03-03 18:22:13,android,apple,0,0,38,4,0
7390,3685,2025-12-04 18:22:13,ios,other,0,0,12,1,0
7391,3685,2026-02-02 18:22:13,android,samsung,0,0,31,2,0
7392,3686,2024-07-15 04:14:05,android,oppo,0,0,40,1,1
7393,3687,2025-01-28 05:55:19,android,apple,0,0,61,1,0
7394,3687,2025-01-13 05:55:19,android,huawei,0,0,28,1,1
7395,3688,2025-06-26 10:43:08,android,huawei,0,0,43,2,1
7396,3689,2024-06-14 12:23:32,android,samsung,0,1,35,1,1
7397,3690,2024-09-23 03:41:45,android,other,0,0,51,1,1
7398,3690,2024-11-03 03:41:45,android,xiaomi,1,0,37,1,1
7399,3691,2024-12-15 13:27:28,android,oppo,0,0,43,2,1
7400,3691,2025-01-07 13:27:28,android,xiaomi,0,0,37,3,1
7401,3691,2024-12-28 13:27:28,android,xiaomi,0,0,23,2,1
7402,3692,2025-06-14 08:09:15,android,huawei,0,0,60,2,1
7403,3692,2025-06-30 08:09:15,ios,xiaomi,0,0,54,2,1
7404,3692,2025-06-27 08:09:15,ios,apple,0,0,83,1,1
7405,3693,2024-10-18 21:17:11,ios,xiaomi,0,0,47,2,1
7406,3693,2024-08-21 21:17:11,android,samsung,0,0,56,1,1
7407,3694,2025-01-06 22:46:14,android,apple,0,0,49,1,1
7408,3694,2025-01-10 22:46:14,android,xiaomi,0,0,58,2,1
7409,3695,2024-10-28 09:29:45,ios,vivo,0,0,36,2,1
7410,3695,2024-11-11 09:29:45,ios,vivo,0,0,4,2,1
7411,3696,2025-10-23 12:56:46,android,vivo,0,0,42,2,1
7412,3697,2024-07-17 17:10:18,android,samsung,0,0,2,3,1
7413,3698,2024-08-19 09:29:53,android,samsung,0,0,72,1,1
7414,3698,2024-07-12 09:29:53,android,oppo,0,0,54,2,1
7415,3698,2024-06-13 09:29:53,android,apple,0,0,15,2,1
7416,3699,2024-08-10 11:49:01,android,apple,0,0,63,2,1
7417,3699,2024-10-11 11:49:01,android,vivo,0,0,40,1,1
7418,3700,2025-12-03 05:28:23,android,apple,0,0,46,1,1
7419,3700,2025-11-18 05:28:23,android,oppo,0,0,62,2,1
7420,3700,2025-11-19 05:28:23,android,huawei,0,1,40,1,0
7421,3701,2026-01-02 11:13:29,android,huawei,0,0,41,2,1
7422,3701,2026-01-18 11:13:29,android,huawei,0,0,43,1,0
7423,3702,2025-03-22 03:40:22,android,samsung,0,0,36,1,1
7424,3702,2025-01-12 03:40:22,android,apple,0,0,42,1,1
7425,3703,2024-07-25 04:08:01,android,huawei,0,0,35,1,1
7426,3704,2025-08-19 22:45:07,android,huawei,0,0,56,4,1
7427,3704,2025-07-15 22:45:07,android,vivo,0,0,14,1,1
7428,3704,2025-08-12 22:45:07,android,xiaomi,0,0,34,1,1
7429,3705,2025-01-09 05:25:45,android,vivo,0,0,18,1,1
7430,3705,2025-02-08 05:25:45,android,huawei,0,0,20,3,1
7431,3706,2025-10-09 07:16:22,android,xiaomi,0,0,49,1,0
7432,3706,2025-10-26 07:16:22,ios,apple,0,0,41,2,1
7433,3706,2025-11-23 07:16:22,ios,apple,0,0,30,1,1
7434,3707,2024-12-05 19:06:14,android,xiaomi,0,0,44,1,1
7435,3708,2026-01-20 03:28:38,ios,vivo,0,0,33,3,1
7436,3708,2026-03-08 03:28:38,android,samsung,0,0,67,2,1
7437,3709,2025-08-28 02:41:56,android,vivo,0,0,54,1,1
7438,3710,2024-06-16 11:31:41,android,xiaomi,0,0,48,1,1
7439,3711,2025-08-12 15:33:43,android,oppo,0,0,28,2,1
7440,3711,2025-06-07 15:33:43,android,vivo,0,0,64,2,1
7441,3711,2025-09-16 15:33:43,ios,xiaomi,0,0,76,2,1
7442,3712,2024-07-24 10:21:18,android,other,0,0,25,3,0
7443,3712,2024-09-21 10:21:18,android,vivo,0,0,53,2,1
7444,3713,2024-12-18 08:21:20,ios,other,0,0,27,3,1
7445,3714,2024-07-05 19:35:15,android,huawei,0,0,53,1,1
7446,3715,2025-05-05 00:29:18,android,xiaomi,0,0,58,2,1
7447,3715,2025-08-14 00:29:18,ios,vivo,0,0,61,1,1
7448,3716,2024-08-17 21:30:20,ios,xiaomi,0,0,58,1,1
7449,3717,2025-06-29 07:45:39,android,samsung,0,0,68,3,1
7450,3717,2025-05-19 07:45:39,android,xiaomi,0,0,41,1,1
7451,3717,2025-04-26 07:45:39,android,xiaomi,0,0,58,3,1
7452,3718,2025-03-10 04:25:54,android,vivo,0,0,36,5,1
7453,3718,2025-03-20 04:25:54,android,oppo,0,1,5,1,1
7454,3718,2025-04-22 04:25:54,ios,huawei,0,0,11,1,1
7455,3719,2025-07-17 01:59:51,ios,oppo,0,0,21,1,1
7456,3719,2025-08-04 01:59:51,android,xiaomi,0,0,38,2,1
7457,3719,2025-07-11 01:59:51,ios,huawei,0,0,12,2,1
7458,3720,2026-02-23 06:30:52,android,vivo,0,0,25,1,1
7459,3720,2026-03-17 06:30:52,android,huawei,0,0,62,3,1
7460,3720,2026-02-23 06:30:52,ios,apple,0,0,18,2,1
7461,3721,2024-01-26 10:31:54,android,huawei,0,0,63,2,1
7462,3722,2026-02-14 21:40:19,android,xiaomi,0,0,10,5,0
7463,3722,2026-01-23 21:40:19,android,xiaomi,0,0,22,1,1
7464,3723,2024-06-01 19:52:22,android,samsung,0,0,12,4,1
7465,3723,2024-04-13 19:52:22,android,xiaomi,0,0,52,1,1
7466,3723,2024-05-31 19:52:22,android,samsung,0,0,29,4,1
7467,3724,2025-05-01 13:04:01,android,apple,0,0,71,1,1
7468,3724,2025-04-21 13:04:01,android,xiaomi,0,0,46,1,1
7469,3724,2025-03-25 13:04:01,android,other,0,0,23,4,1
7470,3725,2024-12-04 20:23:21,android,vivo,0,0,43,2,1
7471,3725,2024-11-16 20:23:21,android,xiaomi,0,0,53,1,1
7472,3726,2025-05-18 11:45:24,android,samsung,0,0,39,2,1
7473,3726,2025-07-28 11:45:24,ios,vivo,0,0,28,1,1
7474,3726,2025-07-04 11:45:24,android,huawei,0,0,21,1,1
7475,3727,2025-07-21 20:49:34,android,oppo,0,0,32,2,1
7476,3728,2026-01-05 18:41:02,android,xiaomi,0,0,52,1,1
7477,3728,2025-10-28 18:41:02,android,other,0,0,63,4,1
7478,3728,2025-11-13 18:41:02,android,xiaomi,0,0,32,1,1
7479,3729,2024-11-17 10:40:57,android,other,0,0,65,1,1
7480,3730,2025-11-08 00:59:39,android,xiaomi,0,0,50,4,1
7481,3730,2026-01-26 00:59:39,android,oppo,0,0,77,2,1
7482,3730,2025-11-13 00:59:39,android,samsung,0,0,31,2,1
7483,3731,2024-11-19 09:03:59,android,apple,0,0,36,2,1
7484,3731,2024-12-04 09:03:59,android,huawei,0,0,10,1,1
7485,3731,2024-11-04 09:03:59,android,vivo,0,0,1,4,1
7486,3732,2024-09-07 19:38:17,android,oppo,0,0,23,4,1
7487,3732,2024-08-11 19:38:17,android,other,0,0,15,3,1
7488,3732,2024-06-17 19:38:17,android,xiaomi,0,0,54,2,1
7489,3733,2025-01-22 18:23:39,android,xiaomi,0,0,77,1,1
7490,3734,2025-04-07 20:03:03,android,apple,0,0,4,3,1
7491,3735,2025-07-16 18:09:35,ios,apple,0,0,55,2,1
7492,3735,2025-08-19 18:09:35,android,samsung,0,0,32,2,1
7493,3736,2025-11-09 23:18:18,android,huawei,0,0,55,3,1
7494,3736,2025-09-14 23:18:18,android,oppo,0,0,51,2,1
7495,3736,2025-08-26 23:18:18,android,huawei,0,0,17,1,1
7496,3737,2024-09-08 03:29:48,android,vivo,0,0,72,2,1
7497,3737,2024-07-19 03:29:48,android,apple,0,0,26,2,1
7498,3738,2024-11-15 08:06:01,android,vivo,0,0,44,2,1
7499,3738,2024-10-03 08:06:01,android,other,0,0,27,1,1
7500,3738,2024-08-20 08:06:01,android,vivo,0,0,78,2,1
7501,3739,2025-11-25 05:39:37,android,samsung,0,0,36,3,1
7502,3739,2026-02-24 05:39:37,android,vivo,0,0,25,2,1
7503,3739,2026-01-02 05:39:37,android,apple,0,0,41,2,1
7504,3740,2025-01-06 01:27:15,android,oppo,0,0,32,1,0
7505,3741,2024-09-07 08:19:17,android,vivo,0,0,44,1,1
7506,3742,2026-03-03 12:04:54,ios,xiaomi,1,0,83,2,1
7507,3742,2025-12-12 12:04:54,ios,vivo,0,0,55,1,1
7508,3743,2025-02-24 17:58:40,ios,samsung,0,0,51,3,1
7509,3743,2025-03-04 17:58:40,ios,other,0,0,19,2,1
7510,3743,2024-11-25 17:58:40,android,oppo,0,0,59,2,1
7511,3744,2026-02-11 02:01:05,ios,oppo,0,0,25,1,1
7512,3745,2026-01-05 02:24:51,android,oppo,0,0,63,3,1
7513,3745,2025-11-15 02:24:51,ios,huawei,0,0,38,3,1
7514,3745,2025-12-11 02:24:51,ios,vivo,0,0,14,3,1
7515,3746,2025-11-03 10:59:28,android,oppo,0,0,2,5,1
7516,3746,2025-10-23 10:59:28,android,xiaomi,0,0,29,3,1
7517,3747,2025-04-29 17:48:39,ios,vivo,0,0,12,5,1
7518,3747,2025-06-07 17:48:39,android,xiaomi,0,0,10,1,1
7519,3747,2025-04-28 17:48:39,android,vivo,0,0,33,2,1
7520,3748,2025-09-08 20:48:53,android,apple,0,0,63,2,1
7521,3748,2025-11-02 20:48:53,android,xiaomi,0,0,28,2,1
7522,3749,2025-11-28 04:55:44,ios,oppo,0,0,59,4,1
7523,3749,2026-01-06 04:55:44,android,samsung,0,0,48,1,1
7524,3749,2026-03-15 04:55:44,android,other,1,0,41,2,1
7525,3750,2024-10-07 11:09:58,android,xiaomi,0,0,21,2,1
7526,3751,2024-01-20 13:20:47,android,oppo,0,0,33,1,1
7527,3751,2024-01-29 13:20:47,android,other,0,0,34,2,1
7528,3751,2024-05-11 13:20:47,ios,xiaomi,0,0,40,3,1
7529,3752,2024-09-14 05:17:35,android,huawei,0,0,34,1,0
7530,3752,2024-12-08 05:17:35,android,other,0,0,13,1,1
7531,3753,2025-07-26 22:27:36,android,xiaomi,0,0,14,2,1
7532,3754,2025-03-16 12:23:43,android,vivo,0,0,53,1,1
7533,3754,2025-04-03 12:23:43,android,oppo,0,0,52,1,1
7534,3755,2024-03-25 19:50:35,android,oppo,0,0,17,1,1
7535,3756,2025-03-10 08:49:10,android,apple,1,0,32,3,1
7536,3757,2024-07-01 07:27:47,ios,vivo,0,0,31,1,1
7537,3757,2024-06-05 07:27:47,android,oppo,0,0,24,2,1
7538,3758,2025-02-15 00:24:33,ios,huawei,0,0,45,2,1
7539,3758,2025-02-07 00:24:33,android,vivo,0,0,29,1,1
7540,3758,2025-01-06 00:24:33,android,xiaomi,0,0,39,1,1
7541,3759,2025-02-28 06:16:19,android,vivo,0,0,57,2,1
7542,3759,2025-03-07 06:16:19,android,other,0,0,10,1,1
7543,3759,2025-03-21 06:16:19,android,apple,0,0,50,5,1
7544,3760,2025-07-07 18:27:47,android,huawei,0,1,30,1,1
7545,3760,2025-05-01 18:27:47,android,samsung,0,0,62,2,1
7546,3760,2025-07-04 18:27:47,android,samsung,0,1,45,1,1
7547,3761,2024-10-29 03:57:37,android,other,0,0,26,2,1
7548,3761,2024-12-08 03:57:37,android,oppo,0,0,53,1,0
7549,3762,2024-11-18 01:49:09,android,xiaomi,0,0,26,3,0
7550,3763,2025-07-19 08:36:13,android,huawei,0,0,71,2,1
7551,3763,2025-05-22 08:36:13,android,oppo,0,0,21,1,1
7552,3764,2025-10-10 21:31:52,android,oppo,0,0,38,2,1
7553,3764,2025-09-28 21:31:52,android,vivo,0,0,39,2,0
7554,3765,2025-11-18 15:37:05,ios,vivo,0,0,27,1,1
7555,3765,2025-11-25 15:37:05,android,huawei,0,0,9,5,0
7556,3765,2025-10-30 15:37:05,android,xiaomi,0,0,68,1,1
7557,3766,2024-09-09 11:47:40,android,oppo,0,0,34,3,1
7558,3767,2025-01-10 13:48:58,android,vivo,0,0,35,1,1
7559,3767,2025-02-10 13:48:58,android,other,0,0,81,3,1
7560,3767,2024-11-24 13:48:58,android,samsung,0,0,61,3,1
7561,3768,2024-12-17 09:27:39,ios,xiaomi,0,0,43,3,1
7562,3769,2025-02-13 02:34:09,android,huawei,0,0,19,4,1
7563,3769,2025-02-02 02:34:09,android,huawei,0,0,36,2,1
7564,3769,2025-02-09 02:34:09,ios,oppo,0,0,53,1,1
7565,3770,2024-07-13 20:59:55,android,vivo,0,0,19,1,1
7566,3770,2024-05-05 20:59:55,android,oppo,0,0,6,2,0
7567,3771,2024-12-21 23:12:05,android,huawei,0,0,48,3,1
7568,3771,2024-11-07 23:12:05,android,other,0,0,67,1,1
7569,3771,2024-12-09 23:12:05,android,huawei,0,0,47,1,1
7570,3772,2024-06-16 18:14:16,android,huawei,0,0,42,4,1
7571,3773,2025-04-19 15:46:23,android,vivo,0,0,19,2,1
7572,3773,2025-05-01 15:46:23,android,vivo,0,0,57,1,1
7573,3774,2025-12-19 21:07:32,ios,oppo,0,0,69,1,1
7574,3774,2025-10-16 21:07:32,android,huawei,0,0,12,1,1
7575,3775,2026-02-13 08:07:47,android,oppo,0,0,35,1,1
7576,3776,2024-11-16 18:51:59,ios,huawei,0,0,40,2,1
7577,3777,2024-05-19 02:54:03,android,vivo,0,0,38,1,1
7578,3777,2024-05-01 02:54:03,android,oppo,0,0,35,1,1
7579,3777,2024-05-06 02:54:03,android,vivo,0,0,56,1,1
7580,3778,2024-08-30 08:14:37,android,vivo,0,0,47,2,1
7581,3778,2024-07-27 08:14:37,android,xiaomi,0,1,45,1,1
7582,3778,2024-08-29 08:14:37,android,xiaomi,0,0,48,1,1
7583,3779,2024-03-09 12:25:32,android,huawei,0,0,62,5,1
7584,3779,2024-03-30 12:25:32,android,xiaomi,0,0,39,2,1
7585,3779,2024-06-05 12:25:32,android,xiaomi,0,0,50,1,1
7586,3780,2025-09-30 07:39:21,ios,xiaomi,0,0,45,1,1
7587,3781,2026-03-30 19:28:01,android,other,0,0,43,1,1
7588,3782,2025-04-23 09:44:57,ios,oppo,0,0,50,3,1
7589,3782,2025-04-29 09:44:57,android,samsung,0,0,28,3,1
7590,3782,2025-02-21 09:44:57,android,other,0,0,42,2,1
7591,3783,2024-08-08 02:22:54,android,apple,0,0,57,1,1
7592,3783,2024-07-15 02:22:54,android,vivo,0,0,66,3,1
7593,3783,2024-08-11 02:22:54,android,vivo,0,0,34,2,0
7594,3784,2024-01-21 10:39:11,android,apple,0,0,69,2,1
7595,3784,2024-04-03 10:39:11,android,xiaomi,0,0,59,2,1
7596,3785,2025-12-07 13:07:02,android,huawei,0,0,44,1,1
7597,3785,2026-01-25 13:07:02,android,oppo,0,0,49,1,1
7598,3786,2024-09-10 22:39:09,android,vivo,0,0,26,1,1
7599,3787,2024-03-19 18:25:45,ios,apple,0,0,31,1,1
7600,3787,2024-06-15 18:25:45,android,oppo,0,0,73,5,1
7601,3788,2024-08-07 08:03:55,android,xiaomi,0,0,60,4,1
7602,3789,2025-07-14 18:53:33,android,oppo,0,0,45,1,1
7603,3790,2025-11-24 00:02:37,android,other,0,0,21,2,1
7604,3790,2025-11-14 00:02:37,android,xiaomi,0,0,53,2,1
7605,3791,2024-08-23 18:32:37,ios,apple,0,0,15,2,1
7606,3791,2024-10-13 18:32:37,android,oppo,0,0,50,1,1
7607,3791,2024-10-21 18:32:37,android,vivo,0,0,2,1,1
7608,3792,2025-06-19 16:27:43,android,samsung,0,0,46,4,1
7609,3792,2025-07-01 16:27:43,android,samsung,0,0,21,4,0
7610,3792,2025-05-23 16:27:43,android,oppo,0,0,62,1,1
7611,3793,2024-02-19 09:52:03,android,samsung,0,0,49,1,1
7612,3793,2024-03-23 09:52:03,android,xiaomi,0,0,46,2,1
7613,3794,2024-01-13 09:00:16,android,xiaomi,0,0,68,1,1
7614,3794,2024-03-27 09:00:16,android,apple,0,0,77,1,1
7615,3795,2024-05-12 02:27:39,ios,samsung,0,0,51,2,1
7616,3795,2024-04-12 02:27:39,ios,other,0,0,0,4,1
7617,3796,2026-01-19 21:12:36,android,huawei,0,0,45,4,1
7618,3796,2026-01-06 21:12:36,android,oppo,0,0,47,1,1
7619,3797,2025-03-06 15:51:44,android,samsung,0,0,55,1,1
7620,3797,2025-04-16 15:51:44,android,huawei,0,0,44,3,1
7621,3797,2025-05-25 15:51:44,android,oppo,0,0,51,1,1
7622,3798,2025-08-30 18:34:27,android,oppo,0,0,42,1,0
7623,3798,2025-09-22 18:34:27,android,xiaomi,0,0,31,1,1
7624,3798,2025-08-09 18:34:27,android,xiaomi,0,0,47,1,1
7625,3799,2024-04-21 20:35:41,android,vivo,0,0,42,1,1
7626,3799,2024-03-15 20:35:41,android,xiaomi,0,0,41,2,1
7627,3800,2024-01-24 05:31:36,android,huawei,0,0,38,1,1
7628,3801,2025-10-22 14:50:16,android,vivo,0,0,8,2,1
7629,3801,2025-09-03 14:50:16,android,apple,0,0,35,2,1
7630,3801,2025-10-23 14:50:16,android,samsung,0,0,38,1,0
7631,3802,2024-06-15 21:44:24,android,huawei,1,0,24,2,1
7632,3802,2024-04-30 21:44:24,android,other,0,0,32,1,1
7633,3802,2024-07-01 21:44:24,ios,oppo,0,0,24,1,1
7634,3803,2024-07-25 10:33:27,android,xiaomi,0,1,27,1,1
7635,3803,2024-05-19 10:33:27,android,huawei,0,0,58,1,1
7636,3804,2025-04-27 19:55:03,android,samsung,0,1,49,2,1
7637,3805,2025-05-06 19:02:31,ios,vivo,0,0,32,2,1
7638,3805,2025-07-03 19:02:31,android,xiaomi,0,0,67,1,1
7639,3806,2024-07-02 02:03:59,android,xiaomi,0,0,55,1,1
7640,3806,2024-07-23 02:03:59,android,xiaomi,0,0,36,1,1
7641,3806,2024-08-25 02:03:59,android,huawei,0,0,47,2,1
7642,3807,2025-01-07 14:56:03,ios,oppo,0,0,82,2,1
7643,3808,2025-08-08 15:44:43,android,oppo,0,0,31,1,1
7644,3808,2025-07-12 15:44:43,android,xiaomi,0,0,39,1,1
7645,3808,2025-06-25 15:44:43,android,apple,0,0,47,2,1
7646,3809,2024-11-30 06:45:31,android,xiaomi,0,1,21,1,1
7647,3810,2024-10-08 08:05:08,ios,other,0,0,18,5,1
7648,3811,2024-03-01 09:53:09,ios,apple,0,0,41,4,1
7649,3812,2025-01-20 20:51:16,android,xiaomi,0,0,21,2,1
7650,3813,2025-09-13 00:13:09,android,huawei,0,0,32,2,1
7651,3814,2025-03-26 12:48:47,ios,xiaomi,0,0,30,3,1
7652,3814,2025-07-03 12:48:47,android,huawei,0,0,27,2,1
7653,3814,2025-06-25 12:48:47,android,apple,0,0,33,1,0
7654,3815,2025-10-09 22:16:46,android,huawei,0,0,35,1,1
7655,3815,2025-12-02 22:16:46,android,xiaomi,0,0,40,1,1
7656,3816,2024-04-20 02:31:21,ios,oppo,0,0,26,2,1
7657,3816,2024-07-17 02:31:21,android,samsung,1,0,22,2,1
7658,3817,2024-01-09 01:00:43,android,other,0,0,24,4,1
7659,3818,2025-02-12 03:44:41,android,xiaomi,0,0,12,1,1
7660,3818,2025-02-22 03:44:41,ios,xiaomi,0,0,57,2,1
7661,3819,2024-06-30 09:08:42,android,xiaomi,0,0,83,1,0
7662,3819,2024-06-20 09:08:42,ios,vivo,0,0,44,1,1
7663,3820,2025-05-31 14:43:41,android,vivo,0,0,36,1,1
7664,3820,2025-03-28 14:43:41,android,other,0,0,55,1,1
7665,3821,2026-01-18 20:24:04,ios,vivo,0,0,2,2,1
7666,3821,2025-11-28 20:24:04,android,xiaomi,0,0,69,1,1
7667,3822,2024-11-08 02:38:35,android,oppo,0,0,38,2,1
7668,3823,2025-05-11 03:07:41,android,oppo,0,0,25,1,1
7669,3823,2025-02-03 03:07:41,android,vivo,0,0,1,5,1
7670,3824,2025-05-08 15:18:32,android,xiaomi,0,0,53,1,1
7671,3824,2025-07-25 15:18:32,android,vivo,0,0,54,3,1
7672,3824,2025-07-22 15:18:32,android,huawei,0,0,35,1,1
7673,3825,2024-06-16 12:41:36,android,other,0,0,2,1,1
7674,3826,2025-11-16 02:00:51,android,xiaomi,0,0,41,1,1
7675,3827,2024-07-28 00:53:19,ios,huawei,0,0,15,1,1
7676,3827,2024-05-28 00:53:19,ios,huawei,0,0,60,2,1
7677,3827,2024-08-10 00:53:19,android,oppo,0,0,32,2,0
7678,3828,2025-09-24 00:57:53,android,xiaomi,0,0,35,3,1
7679,3828,2025-08-27 00:57:53,ios,huawei,0,0,20,1,1
7680,3829,2025-05-20 18:57:32,android,xiaomi,0,0,8,2,1
7681,3830,2024-06-01 21:42:27,ios,huawei,0,0,34,2,1
7682,3830,2024-04-13 21:42:27,android,apple,0,0,33,1,1
7683,3831,2025-07-16 02:47:26,android,xiaomi,0,0,37,2,1
7684,3831,2025-07-27 02:47:26,android,oppo,0,0,38,3,1
7685,3831,2025-07-05 02:47:26,android,apple,0,0,36,4,1
7686,3832,2024-07-03 10:13:38,android,xiaomi,0,0,43,2,1
7687,3833,2025-06-10 13:57:27,android,other,0,0,55,2,1
7688,3833,2025-03-19 13:57:27,android,vivo,0,0,21,1,1
7689,3834,2026-03-04 13:37:25,android,oppo,0,0,57,2,1
7690,3834,2026-02-02 13:37:25,android,other,0,0,18,1,1
7691,3834,2026-02-01 13:37:25,ios,samsung,1,0,49,1,1
7692,3835,2026-01-16 19:09:34,android,huawei,0,0,51,2,1
7693,3836,2025-10-23 00:05:59,ios,huawei,0,0,59,3,1
7694,3836,2025-10-03 00:05:59,android,oppo,0,0,66,4,0
7695,3837,2025-02-28 15:59:39,android,xiaomi,0,0,26,3,1
7696,3838,2025-03-13 11:06:01,android,huawei,0,0,63,1,1
7697,3838,2025-02-25 11:06:01,android,oppo,0,0,3,1,1
7698,3839,2024-10-06 04:45:50,android,apple,0,0,45,1,1
7699,3840,2025-12-27 07:11:23,android,samsung,0,1,13,1,1
7700,3840,2026-02-10 07:11:23,android,xiaomi,0,0,39,1,1
7701,3840,2025-11-25 07:11:23,android,other,0,0,59,1,1
7702,3841,2025-01-14 09:07:14,android,apple,0,0,67,2,1
7703,3842,2025-07-14 06:53:24,android,vivo,1,0,71,3,1
7704,3842,2025-08-04 06:53:24,android,xiaomi,0,0,44,1,1
7705,3843,2024-10-30 13:21:12,android,oppo,0,0,23,1,1
7706,3843,2024-10-03 13:21:12,ios,apple,0,0,73,4,1
7707,3844,2025-06-26 12:13:51,android,oppo,0,0,37,2,0
7708,3844,2025-09-22 12:13:51,ios,xiaomi,0,0,6,1,1
7709,3844,2025-08-13 12:13:51,android,vivo,0,0,22,1,1
7710,3845,2024-06-30 19:45:59,android,oppo,0,0,49,1,1
7711,3846,2025-09-24 16:05:53,android,oppo,0,0,52,1,1
7712,3846,2025-08-17 16:05:53,android,oppo,0,0,26,2,1
7713,3846,2025-06-15 16:05:53,android,vivo,0,0,46,2,1
7714,3847,2024-03-03 13:16:34,android,apple,0,0,0,1,1
7715,3848,2024-05-09 12:25:34,android,oppo,0,0,28,2,1
7716,3848,2024-04-26 12:25:34,android,vivo,0,0,5,2,1
7717,3848,2024-04-04 12:25:34,android,other,0,0,50,1,1
7718,3849,2024-12-16 02:45:46,ios,vivo,0,0,38,1,0
7719,3850,2025-03-26 21:15:55,ios,oppo,0,0,30,1,1
7720,3851,2025-07-19 07:53:30,android,huawei,0,1,40,1,1
7721,3851,2025-09-10 07:53:30,android,huawei,0,0,50,2,0
7722,3852,2024-10-29 02:35:46,android,xiaomi,0,0,3,2,1
7723,3853,2024-01-07 11:01:49,android,apple,0,0,0,1,0
7724,3853,2024-04-01 11:01:49,android,xiaomi,0,0,56,1,1
7725,3854,2024-11-03 12:53:53,ios,oppo,0,0,56,1,1
7726,3854,2024-12-09 12:53:53,android,oppo,0,0,0,1,0
7727,3855,2025-01-17 14:24:27,android,oppo,0,0,32,2,1
7728,3855,2024-11-08 14:24:27,android,huawei,0,0,86,2,1
7729,3856,2025-04-03 21:58:23,android,other,0,0,53,3,1
7730,3857,2025-07-29 03:02:40,android,xiaomi,0,0,53,3,1
7731,3857,2025-07-22 03:02:40,ios,huawei,0,0,56,1,1
7732,3857,2025-05-08 03:02:40,android,vivo,0,0,51,2,1
7733,3858,2024-08-10 19:03:26,android,vivo,0,1,34,1,0
7734,3859,2025-03-27 14:16:47,ios,other,0,0,0,1,1
7735,3859,2025-06-28 14:16:47,android,other,0,0,35,1,1
7736,3859,2025-06-12 14:16:47,android,xiaomi,0,0,49,2,1
7737,3860,2025-06-24 01:24:47,android,huawei,0,0,52,1,0
7738,3861,2025-08-21 22:52:50,android,vivo,0,0,53,2,1
7739,3862,2025-03-01 02:18:51,android,other,0,0,47,3,1
7740,3863,2025-10-11 16:18:19,android,vivo,0,0,25,4,1
7741,3863,2025-10-02 16:18:19,android,samsung,0,0,37,1,1
7742,3863,2025-09-28 16:18:19,android,apple,0,0,46,1,1
7743,3864,2024-06-05 18:29:52,android,oppo,0,1,46,3,1
7744,3864,2024-09-22 18:29:52,ios,samsung,0,0,53,1,1
7745,3865,2025-08-21 13:05:09,android,huawei,0,0,30,2,1
7746,3866,2024-05-06 11:11:41,android,xiaomi,0,0,55,1,1
7747,3867,2024-06-12 01:00:56,android,xiaomi,0,0,59,1,1
7748,3868,2025-11-03 05:54:28,ios,vivo,0,0,39,1,1
7749,3869,2025-02-13 18:23:35,android,samsung,0,0,27,3,1
7750,3870,2025-04-22 05:13:03,android,xiaomi,0,0,22,1,1
7751,3870,2025-04-25 05:13:03,android,vivo,0,0,45,3,1
7752,3870,2025-03-26 05:13:03,android,huawei,0,0,71,4,1
7753,3871,2025-05-06 11:40:20,android,huawei,0,0,41,1,1
7754,3871,2025-04-01 11:40:20,ios,other,0,0,42,1,1
7755,3872,2025-08-13 05:58:48,android,oppo,0,1,17,3,1
7756,3872,2025-08-08 05:58:48,android,huawei,0,0,30,1,1
7757,3872,2025-06-11 05:58:48,ios,apple,0,0,88,2,1
7758,3873,2024-10-16 06:19:01,ios,xiaomi,0,0,51,2,1
7759,3873,2024-10-01 06:19:01,ios,xiaomi,0,0,6,4,1
7760,3873,2024-08-02 06:19:01,android,xiaomi,0,0,41,1,0
7761,3874,2024-07-26 03:07:57,android,huawei,0,0,76,1,1
7762,3874,2024-05-17 03:07:57,ios,vivo,0,0,37,1,0
7763,3875,2024-05-11 01:30:28,ios,vivo,0,0,67,1,1
7764,3875,2024-03-15 01:30:28,android,apple,0,0,32,1,1
7765,3876,2025-11-03 06:44:05,android,other,0,0,49,1,1
7766,3876,2026-01-11 06:44:05,ios,huawei,0,0,20,2,1
7767,3876,2025-10-24 06:44:05,android,other,0,1,24,1,1
7768,3877,2024-06-13 05:18:08,android,xiaomi,0,0,38,2,1
7769,3877,2024-06-05 05:18:08,android,apple,0,0,39,1,1
7770,3877,2024-08-13 05:18:08,android,oppo,0,0,81,2,1
7771,3878,2025-04-04 20:58:29,ios,samsung,0,0,7,3,1
7772,3879,2024-12-28 01:44:59,android,huawei,0,0,12,2,1
7773,3879,2025-03-11 01:44:59,android,apple,0,0,53,1,1
7774,3880,2024-06-29 12:29:18,ios,xiaomi,0,0,44,1,1
7775,3880,2024-04-22 12:29:18,android,apple,0,0,58,2,1
7776,3880,2024-05-28 12:29:18,android,vivo,0,0,63,3,1
7777,3881,2024-11-08 04:03:33,ios,vivo,0,0,61,3,1
7778,3881,2024-11-11 04:03:33,ios,xiaomi,0,0,52,4,0
7779,3881,2025-01-30 04:03:33,android,samsung,0,1,17,2,0
7780,3882,2024-04-21 17:41:53,android,samsung,0,0,40,3,0
7781,3882,2024-02-24 17:41:53,ios,apple,0,0,31,1,1
7782,3883,2024-07-27 23:12:19,android,xiaomi,0,0,33,3,1
7783,3883,2024-08-26 23:12:19,android,other,0,0,35,1,0
7784,3884,2024-07-28 23:26:17,android,oppo,0,0,60,1,1
7785,3884,2024-05-08 23:26:17,android,huawei,0,0,0,1,1
7786,3885,2025-09-11 19:45:37,android,oppo,0,0,45,1,1
7787,3885,2025-10-22 19:45:37,android,oppo,0,0,89,1,1
7788,3886,2025-03-01 05:09:44,android,oppo,0,0,35,1,1
7789,3886,2025-04-13 05:09:44,android,vivo,0,0,17,1,1
7790,3887,2025-12-03 18:01:49,android,other,0,0,43,1,1
7791,3887,2025-11-06 18:01:49,android,vivo,0,0,23,1,1
7792,3888,2024-12-05 06:28:03,android,samsung,0,0,2,2,1
7793,3888,2025-02-15 06:28:03,android,apple,0,0,68,2,0
7794,3888,2025-01-28 06:28:03,android,apple,0,1,35,1,1
7795,3889,2024-07-01 23:37:21,ios,xiaomi,0,0,19,1,1
7796,3890,2025-06-17 06:25:57,android,apple,0,0,38,2,1
7797,3891,2026-01-28 14:07:02,android,samsung,0,0,28,1,1
7798,3891,2025-12-18 14:07:02,android,xiaomi,0,0,41,2,1
7799,3891,2025-11-27 14:07:02,android,samsung,0,0,50,2,1
7800,3892,2025-01-31 19:01:35,android,xiaomi,0,1,48,4,1
7801,3892,2025-04-22 19:01:35,android,vivo,0,0,51,1,1
7802,3893,2024-03-31 00:55:26,android,xiaomi,0,0,25,1,1
7803,3893,2024-02-11 00:55:26,android,xiaomi,0,0,14,4,1
7804,3894,2024-09-12 15:28:59,android,huawei,0,0,40,5,1
7805,3894,2024-10-14 15:28:59,android,vivo,0,0,0,1,1
7806,3894,2024-10-08 15:28:59,android,xiaomi,0,0,34,2,1
7807,3895,2025-12-07 05:20:33,android,other,0,1,21,2,1
7808,3895,2026-02-08 05:20:33,android,oppo,0,0,63,2,1
7809,3896,2025-03-22 09:28:37,android,vivo,0,0,52,4,1
7810,3896,2025-04-13 09:28:37,android,oppo,0,0,44,1,0
7811,3897,2025-11-22 21:47:32,android,huawei,0,0,18,1,1
7812,3897,2026-01-14 21:47:32,ios,xiaomi,0,0,18,1,1
7813,3897,2026-03-08 21:47:32,android,other,0,0,38,1,1
7814,3898,2025-03-12 18:25:34,android,vivo,0,0,19,1,1
7815,3898,2025-02-22 18:25:34,android,xiaomi,0,0,21,1,1
7816,3899,2024-04-18 19:08:55,ios,oppo,0,0,26,4,1
7817,3900,2025-12-24 07:51:47,ios,xiaomi,0,0,16,1,0
7818,3901,2025-07-08 00:05:53,android,apple,0,0,12,1,1
7819,3901,2025-08-03 00:05:53,android,huawei,0,0,28,1,1
7820,3901,2025-08-18 00:05:53,android,apple,1,0,50,5,0
7821,3902,2025-09-01 03:08:52,android,vivo,0,0,24,2,1
7822,3903,2026-02-23 05:55:53,android,huawei,0,0,22,3,0
7823,3903,2026-03-02 05:55:53,ios,vivo,0,0,32,1,1
7824,3904,2024-08-14 05:19:13,ios,samsung,0,0,48,3,1
7825,3904,2024-08-14 05:19:13,android,xiaomi,0,0,0,1,1
7826,3905,2026-02-02 07:24:24,android,xiaomi,0,0,52,4,1
7827,3905,2025-10-16 07:24:24,android,other,0,0,64,1,0
7828,3905,2025-11-01 07:24:24,android,xiaomi,0,0,30,2,1
7829,3906,2024-09-24 19:33:51,android,apple,0,0,9,1,0
7830,3906,2024-09-24 19:33:51,ios,apple,0,0,61,1,1
7831,3907,2026-01-03 14:50:31,android,apple,0,0,43,1,1
7832,3908,2024-06-22 17:52:12,android,huawei,0,0,57,1,0
7833,3909,2025-05-20 17:40:04,ios,apple,0,0,35,1,1
7834,3909,2025-02-07 17:40:04,android,huawei,0,0,46,1,0
7835,3910,2025-08-27 05:18:29,android,xiaomi,0,0,42,1,1
7836,3910,2025-08-18 05:18:29,android,vivo,0,0,23,3,1
7837,3910,2025-10-07 05:18:29,android,oppo,0,0,0,2,1
7838,3911,2024-04-30 01:17:44,ios,oppo,0,0,18,1,0
7839,3912,2024-05-02 16:40:39,android,vivo,0,0,33,2,1
7840,3912,2024-06-05 16:40:39,android,vivo,1,0,38,4,1
7841,3912,2024-04-18 16:40:39,ios,vivo,0,0,19,2,1
7842,3913,2025-11-26 08:18:24,android,oppo,1,0,50,1,1
7843,3914,2024-02-29 02:40:34,android,xiaomi,0,0,66,1,0
7844,3915,2025-06-14 02:16:15,android,huawei,0,0,69,2,1
7845,3916,2025-12-03 21:36:53,ios,xiaomi,0,0,55,1,1
7846,3917,2025-06-02 18:11:15,android,xiaomi,0,0,29,2,1
7847,3917,2025-03-19 18:11:15,android,xiaomi,0,0,38,2,1
7848,3918,2025-01-30 03:07:52,ios,xiaomi,0,0,58,2,1
7849,3918,2025-02-20 03:07:52,android,vivo,0,0,46,3,1
7850,3918,2024-12-23 03:07:52,android,xiaomi,0,1,56,2,1
7851,3919,2024-11-02 14:16:59,ios,huawei,0,0,35,3,1
7852,3920,2025-05-17 20:37:34,android,xiaomi,0,0,20,2,1
7853,3920,2025-07-30 20:37:34,android,xiaomi,0,0,30,3,1
7854,3920,2025-07-13 20:37:34,android,apple,0,0,43,2,1
7855,3921,2025-02-20 10:40:17,android,huawei,0,0,41,2,1
7856,3922,2025-04-03 06:57:28,android,oppo,0,0,58,3,1
7857,3922,2024-12-28 06:57:28,android,samsung,0,0,36,2,1
7858,3922,2025-03-26 06:57:28,android,xiaomi,0,0,43,3,1
7859,3923,2024-04-20 02:43:03,android,huawei,0,0,43,2,1
7860,3923,2024-04-27 02:43:03,android,oppo,0,0,5,3,1
7861,3923,2024-05-24 02:43:03,android,xiaomi,0,0,26,1,1
7862,3924,2025-06-28 17:55:48,android,oppo,0,0,62,4,0
7863,3924,2025-06-28 17:55:48,android,xiaomi,0,1,39,1,1
7864,3924,2025-05-22 17:55:48,ios,samsung,0,0,11,1,1
7865,3925,2025-07-16 00:46:15,android,xiaomi,0,0,40,3,1
7866,3925,2025-08-16 00:46:15,android,vivo,0,0,29,2,1
7867,3926,2025-09-04 11:08:15,android,other,0,0,21,1,1
7868,3926,2025-07-16 11:08:15,ios,vivo,0,0,31,2,1
7869,3926,2025-05-24 11:08:15,android,apple,0,0,27,1,1
7870,3927,2024-04-08 18:18:11,android,apple,0,0,26,2,1
7871,3927,2024-03-08 18:18:11,android,other,0,0,49,1,1
7872,3928,2025-08-07 02:29:07,android,oppo,0,0,17,2,1
7873,3929,2025-08-22 17:45:32,android,samsung,0,0,31,2,1
7874,3930,2024-07-09 21:25:38,android,oppo,0,0,23,3,1
7875,3931,2025-10-13 18:06:07,android,apple,0,0,47,1,1
7876,3932,2025-02-13 09:46:43,android,oppo,0,0,55,1,1
7877,3933,2025-02-25 21:39:04,android,oppo,0,0,41,1,1
7878,3933,2025-01-09 21:39:04,android,oppo,0,0,33,1,1
7879,3934,2025-06-26 14:19:46,android,oppo,0,0,53,2,1
7880,3934,2025-08-19 14:19:46,android,huawei,0,0,19,1,1
7881,3935,2025-02-21 04:13:40,ios,vivo,0,0,44,2,1
7882,3935,2025-04-04 04:13:40,android,vivo,0,0,0,2,0
7883,3936,2025-02-28 15:55:46,android,vivo,0,0,64,1,1
7884,3937,2024-08-07 21:59:38,android,xiaomi,0,0,18,2,1
7885,3938,2025-11-23 08:23:49,android,vivo,0,0,25,1,1
7886,3938,2026-01-24 08:23:49,android,apple,0,0,24,3,1
7887,3939,2026-03-04 16:54:51,android,huawei,0,0,69,2,1
7888,3940,2024-06-05 05:09:19,ios,samsung,0,0,19,1,0
7889,3941,2025-09-23 04:20:26,android,oppo,0,0,51,3,1
7890,3941,2025-09-19 04:20:26,ios,xiaomi,0,0,16,3,1
7891,3941,2025-09-09 04:20:26,android,oppo,0,0,39,4,1
7892,3942,2024-02-29 00:49:14,android,oppo,0,0,41,1,1
7893,3942,2024-01-25 00:49:14,android,apple,0,0,58,1,1
7894,3943,2024-11-26 08:40:46,ios,xiaomi,0,0,36,2,1
7895,3944,2025-12-25 02:21:33,android,samsung,0,0,20,2,1
7896,3944,2026-01-05 02:21:33,android,other,0,0,26,1,1
7897,3944,2026-01-02 02:21:33,android,samsung,0,0,32,3,1
7898,3945,2024-06-22 14:37:31,android,xiaomi,0,0,33,3,1
7899,3946,2024-11-07 05:01:21,ios,vivo,0,0,58,4,1
7900,3946,2024-11-19 05:01:21,android,vivo,0,0,26,1,1
7901,3946,2024-11-07 05:01:21,ios,xiaomi,0,0,95,1,1
7902,3947,2024-09-02 07:02:04,android,huawei,0,0,47,2,0
7903,3948,2025-08-21 14:25:02,android,oppo,0,0,54,2,1
7904,3948,2025-08-04 14:25:02,android,samsung,1,0,79,1,1
7905,3949,2024-12-26 15:55:06,ios,huawei,0,0,10,2,1
7906,3950,2025-04-06 23:25:03,android,oppo,0,0,62,5,1
7907,3951,2026-01-09 01:47:54,android,xiaomi,0,0,71,1,1
7908,3951,2025-11-16 01:47:54,android,other,0,0,48,1,1
7909,3952,2025-04-03 08:49:16,android,huawei,0,0,38,1,1
7910,3953,2025-08-22 22:14:38,android,oppo,0,0,77,1,1
7911,3954,2024-06-02 11:21:08,android,oppo,0,0,46,3,1
7912,3954,2024-05-14 11:21:08,android,xiaomi,0,0,46,3,0
7913,3955,2024-08-02 03:04:13,android,xiaomi,0,0,4,2,1
7914,3955,2024-08-27 03:04:13,android,other,0,0,27,2,1
7915,3955,2024-08-26 03:04:13,ios,oppo,0,0,49,1,1
7916,3956,2025-12-09 04:59:06,android,oppo,0,0,48,1,1
7917,3957,2025-11-10 11:30:39,android,vivo,0,0,15,1,1
7918,3958,2025-08-05 08:58:04,android,xiaomi,0,0,44,3,1
7919,3958,2025-07-08 08:58:04,ios,other,0,0,30,1,0
7920,3958,2025-05-25 08:58:04,android,xiaomi,0,0,31,1,1
7921,3959,2024-10-01 02:04:23,android,other,0,0,14,5,1
7922,3959,2024-12-31 02:04:23,android,apple,0,0,2,1,1
7923,3960,2024-05-17 20:33:07,android,vivo,0,0,46,2,0
7924,3960,2024-05-30 20:33:07,android,samsung,0,0,31,2,1
7925,3960,2024-08-11 20:33:07,android,vivo,0,0,57,1,0
7926,3961,2025-11-10 18:10:21,android,xiaomi,0,0,49,1,1
7927,3961,2025-11-22 18:10:21,ios,vivo,0,0,88,2,1
7928,3961,2025-11-16 18:10:21,android,other,0,0,68,1,1
7929,3962,2025-10-04 06:32:42,android,oppo,0,0,20,2,1
7930,3963,2024-08-12 10:34:37,android,huawei,0,1,39,1,0
7931,3963,2024-07-05 10:34:37,android,other,0,0,92,1,0
7932,3963,2024-06-23 10:34:37,android,apple,0,0,38,1,1
7933,3964,2025-06-10 13:51:09,android,oppo,0,0,26,1,1
7934,3965,2025-05-03 14:56:02,android,xiaomi,0,0,26,4,1
7935,3965,2025-03-19 14:56:02,android,vivo,0,0,42,1,1
7936,3966,2025-03-30 13:10:06,ios,vivo,0,0,52,1,1
7937,3967,2026-01-19 11:16:01,android,huawei,0,0,58,1,1
7938,3967,2026-02-20 11:16:01,android,samsung,0,0,18,2,0
7939,3967,2025-11-02 11:16:01,ios,oppo,0,0,31,1,1
7940,3968,2024-06-30 14:14:40,android,oppo,0,0,41,1,1
7941,3968,2024-07-13 14:14:40,android,samsung,0,0,66,2,1
7942,3968,2024-07-09 14:14:40,android,xiaomi,0,0,50,1,1
7943,3969,2024-10-21 06:18:10,android,huawei,0,0,54,1,1
7944,3969,2024-10-01 06:18:10,android,huawei,0,0,44,1,1
7945,3969,2024-08-08 06:18:10,android,xiaomi,0,0,49,1,1
7946,3970,2024-03-10 08:54:05,ios,huawei,0,0,40,2,1
7947,3971,2025-08-30 20:04:25,android,other,0,0,51,2,1
7948,3971,2025-08-07 20:04:25,ios,huawei,0,0,70,1,1
7949,3971,2025-05-14 20:04:25,android,oppo,0,0,20,1,1
7950,3972,2025-05-03 03:02:59,android,huawei,0,0,20,1,1
7951,3972,2025-05-05 03:02:59,android,samsung,0,0,50,2,1
7952,3972,2025-04-23 03:02:59,android,huawei,0,0,63,1,1
7953,3973,2026-03-25 17:43:01,android,samsung,0,0,13,1,1
7954,3973,2026-01-08 17:43:01,android,xiaomi,1,0,35,3,1
7955,3973,2025-12-25 17:43:01,android,oppo,0,1,59,1,1
7956,3974,2025-01-26 21:21:00,android,xiaomi,0,0,19,1,1
7957,3974,2025-03-19 21:21:00,ios,samsung,0,0,19,3,1
7958,3975,2024-08-06 22:28:55,ios,apple,0,0,29,2,1
7959,3975,2024-07-24 22:28:55,android,xiaomi,0,1,37,1,1
7960,3976,2025-02-26 03:26:43,android,xiaomi,0,0,42,1,1
7961,3976,2025-01-22 03:26:43,android,xiaomi,0,0,44,1,1
7962,3977,2024-06-23 12:48:29,ios,huawei,0,0,41,2,1
7963,3977,2024-04-22 12:48:29,android,vivo,0,0,47,2,1
7964,3977,2024-04-24 12:48:29,android,oppo,0,0,87,4,1
7965,3978,2025-08-22 18:22:42,android,apple,0,0,48,1,1
7966,3978,2025-06-14 18:22:42,ios,apple,0,0,48,1,1
7967,3978,2025-07-25 18:22:42,ios,xiaomi,0,0,44,1,1
7968,3979,2025-06-16 03:53:59,android,xiaomi,0,0,38,5,1
7969,3980,2026-01-07 02:02:18,android,apple,0,0,50,2,1
7970,3981,2024-12-13 00:10:25,android,oppo,0,0,25,4,1
7971,3981,2024-10-04 00:10:25,android,apple,0,0,49,2,1
7972,3981,2024-11-26 00:10:25,ios,samsung,0,0,61,1,1
7973,3982,2024-08-06 09:19:43,android,oppo,0,0,40,2,1
7974,3982,2024-11-18 09:19:43,ios,apple,0,0,66,1,1
7975,3982,2024-10-21 09:19:43,android,xiaomi,0,0,71,4,1
7976,3983,2024-05-15 00:12:11,ios,xiaomi,0,0,14,3,1
7977,3984,2024-11-18 01:28:32,android,other,0,0,1,1,1
7978,3985,2025-02-25 23:21:15,android,other,0,0,29,4,1
7979,3985,2025-01-01 23:21:15,ios,other,0,0,41,3,1
7980,3985,2025-03-28 23:21:15,android,apple,0,0,32,1,0
7981,3986,2025-07-11 18:32:33,android,huawei,0,0,57,1,1
7982,3986,2025-09-08 18:32:33,android,xiaomi,0,0,0,2,1
7983,3986,2025-09-28 18:32:33,android,oppo,0,0,66,1,0
7984,3987,2025-07-19 06:03:44,android,oppo,0,0,23,1,1
7985,3988,2024-05-07 09:13:31,android,oppo,0,0,32,2,1
7986,3988,2024-07-09 09:13:31,android,xiaomi,0,0,36,1,1
7987,3988,2024-05-26 09:13:31,android,apple,0,0,24,2,1
7988,3989,2024-07-29 03:20:40,android,xiaomi,0,0,41,1,1
7989,3990,2025-03-03 08:59:20,android,huawei,0,0,34,2,0
7990,3991,2024-12-12 14:01:16,android,vivo,0,0,59,1,1
7991,3991,2024-10-29 14:01:16,android,xiaomi,0,0,68,1,0
7992,3992,2024-04-03 15:34:51,ios,vivo,0,0,36,2,1
7993,3992,2024-05-08 15:34:51,android,apple,0,0,33,3,1
7994,3993,2025-11-19 08:39:12,android,vivo,0,0,25,3,1
7995,3994,2025-09-11 19:54:00,android,vivo,0,0,41,1,1
7996,3994,2025-08-12 19:54:00,android,oppo,0,0,9,2,0
7997,3995,2025-03-15 15:39:35,android,xiaomi,0,0,56,4,1
7998,3995,2025-01-16 15:39:35,android,huawei,0,0,28,2,1
7999,3995,2025-03-14 15:39:35,android,samsung,0,0,58,2,1
8000,3996,2024-11-28 18:25:25,ios,xiaomi,0,0,74,4,1
8001,3997,2025-10-02 04:39:50,android,oppo,0,0,58,3,1
8002,3997,2025-10-27 04:39:50,android,vivo,0,0,32,1,1
8003,3997,2025-12-14 04:39:50,android,vivo,0,0,41,1,0
8004,3998,2024-03-23 18:07:36,android,apple,0,1,51,2,1
8005,3998,2024-05-16 18:07:36,android,other,1,0,41,1,1
8006,3999,2025-03-04 20:44:38,android,xiaomi,0,0,45,1,1
8007,3999,2025-03-04 20:44:38,android,xiaomi,0,0,47,1,1
8008,3999,2024-12-08 20:44:38,android,samsung,0,0,25,1,1
8009,4000,2025-10-02 16:49:57,android,apple,0,0,12,1,1
8010,4001,2025-12-23 16:07:29,android,xiaomi,0,0,40,4,0
8011,4001,2025-11-23 16:07:29,android,samsung,0,0,71,1,1
8012,4001,2025-12-02 16:07:29,android,oppo,0,0,33,1,1
8013,4002,2024-09-19 12:50:10,android,other,0,0,59,1,1
8014,4002,2024-08-18 12:50:10,android,samsung,0,0,62,2,1
8015,4002,2024-08-10 12:50:10,android,huawei,0,0,46,2,1
8016,4003,2025-04-19 01:55:16,ios,oppo,0,0,50,1,0
8017,4003,2025-06-25 01:55:16,android,other,0,0,23,5,1
8018,4004,2024-09-05 11:16:55,android,vivo,0,0,15,3,1
8019,4004,2024-06-27 11:16:55,android,vivo,0,0,37,2,0
8020,4005,2024-05-16 14:32:53,android,other,0,0,55,3,1
8021,4005,2024-07-14 14:32:53,android,samsung,0,0,49,3,1
8022,4005,2024-06-16 14:32:53,ios,vivo,0,0,19,1,1
8023,4006,2024-09-18 16:57:07,ios,apple,0,0,78,1,1
8024,4006,2024-12-21 16:57:07,android,huawei,0,0,56,3,1
8025,4007,2025-11-07 02:49:44,android,huawei,0,0,34,1,1
8026,4007,2025-12-03 02:49:44,android,xiaomi,0,0,49,2,1
8027,4008,2025-09-05 07:36:45,android,samsung,0,0,57,3,1
8028,4008,2025-07-04 07:36:45,android,oppo,0,0,47,3,1
8029,4008,2025-07-21 07:36:45,ios,apple,0,0,64,1,1
8030,4009,2025-04-10 03:55:34,android,xiaomi,0,0,31,3,1
8031,4010,2024-10-31 10:58:43,android,huawei,0,0,26,2,0
8032,4010,2024-07-29 10:58:43,android,xiaomi,0,0,52,2,1
8033,4010,2024-09-02 10:58:43,ios,xiaomi,0,0,15,1,1
8034,4011,2024-06-27 09:30:52,android,xiaomi,0,0,8,1,1
8035,4011,2024-06-23 09:30:52,android,xiaomi,0,0,53,1,1
8036,4012,2024-10-31 15:48:03,android,huawei,0,1,47,2,1
8037,4013,2024-08-02 11:07:52,android,xiaomi,0,0,50,1,1
8038,4013,2024-04-13 11:07:52,android,oppo,0,0,52,2,1
8039,4013,2024-07-13 11:07:52,android,vivo,0,0,66,2,1
8040,4014,2024-06-15 13:44:30,android,apple,0,1,11,2,1
8041,4015,2025-06-05 21:35:40,android,samsung,0,0,89,4,0
8042,4015,2025-07-27 21:35:40,android,samsung,0,0,18,2,1
8043,4016,2024-04-12 20:52:43,ios,oppo,0,0,28,1,1
8044,4017,2024-03-17 13:57:58,ios,other,0,0,38,1,1
8045,4017,2024-03-07 13:57:58,ios,oppo,0,0,16,3,1
8046,4017,2024-05-18 13:57:58,android,xiaomi,0,0,59,1,1
8047,4018,2025-03-31 21:48:14,ios,apple,0,0,37,1,1
8048,4018,2025-02-18 21:48:14,android,vivo,0,0,55,1,1
8049,4018,2025-02-15 21:48:14,ios,vivo,0,0,30,1,1
8050,4019,2024-09-07 05:07:21,ios,samsung,0,0,59,2,1
8051,4019,2024-09-23 05:07:21,android,xiaomi,0,0,39,3,1
8052,4020,2024-12-16 22:47:08,android,oppo,0,0,49,1,0
8053,4020,2025-01-07 22:47:08,android,xiaomi,0,0,28,1,1
8054,4021,2024-07-18 01:04:42,android,huawei,0,0,40,1,0
8055,4021,2024-05-02 01:04:42,android,apple,0,0,8,1,0
8056,4022,2024-06-20 06:48:40,ios,oppo,0,0,41,5,0
8057,4023,2024-12-07 23:40:35,ios,huawei,0,0,17,4,1
8058,4024,2025-08-29 17:11:40,android,apple,0,0,47,3,1
8059,4024,2025-07-14 17:11:40,ios,huawei,0,0,11,1,1
8060,4025,2024-10-21 11:28:41,android,vivo,0,0,49,1,1
8061,4025,2024-12-29 11:28:41,ios,vivo,0,0,51,2,1
8062,4026,2025-05-09 10:52:03,ios,xiaomi,0,0,38,1,1
8063,4026,2025-02-10 10:52:03,android,huawei,0,0,40,1,1
8064,4027,2025-02-19 23:16:30,android,oppo,0,0,45,2,1
8065,4028,2024-10-25 06:26:04,android,other,0,0,21,1,0
8066,4028,2024-07-17 06:26:04,ios,huawei,0,0,30,1,1
8067,4029,2024-09-19 03:13:42,android,huawei,0,0,60,1,1
8068,4029,2024-10-27 03:13:42,android,xiaomi,0,0,19,2,1
8069,4029,2024-09-22 03:13:42,ios,vivo,0,0,46,3,1
8070,4030,2025-01-02 18:41:06,android,vivo,0,0,35,1,1
8071,4030,2024-10-31 18:41:06,android,oppo,0,0,40,3,1
8072,4031,2024-03-23 09:24:13,ios,apple,0,0,0,1,1
8073,4031,2024-02-28 09:24:13,ios,xiaomi,0,0,19,2,0
8074,4032,2025-06-07 08:07:16,android,other,0,0,41,3,1
8075,4033,2025-07-01 12:02:40,android,xiaomi,0,1,35,1,1
8076,4033,2025-03-21 12:02:40,android,vivo,0,1,59,1,1
8077,4034,2024-09-12 11:27:00,android,huawei,0,0,29,1,1
8078,4035,2024-12-17 19:32:21,android,xiaomi,0,0,39,1,1
8079,4035,2024-10-27 19:32:21,android,huawei,0,0,22,1,1
8080,4035,2024-09-22 19:32:21,ios,oppo,0,0,28,5,1
8081,4036,2024-11-25 22:50:19,android,huawei,0,0,15,1,0
8082,4036,2024-12-13 22:50:19,android,samsung,0,0,81,1,1
8083,4036,2024-10-12 22:50:19,android,xiaomi,0,0,36,5,1
8084,4037,2025-04-18 11:23:21,android,xiaomi,0,0,13,3,0
8085,4037,2025-05-26 11:23:21,android,oppo,0,0,17,4,1
8086,4037,2025-05-30 11:23:21,android,huawei,0,0,29,1,0
8087,4038,2025-10-07 14:17:52,android,huawei,0,0,42,1,1
8088,4038,2025-08-01 14:17:52,android,apple,0,0,42,1,1
8089,4039,2024-07-09 07:50:43,android,vivo,0,0,52,1,0
8090,4040,2025-02-08 17:20:50,android,oppo,0,0,54,1,0
8091,4040,2025-01-30 17:20:50,android,huawei,0,0,34,2,1
8092,4040,2025-01-09 17:20:50,ios,vivo,0,0,0,2,1
8093,4041,2024-03-06 01:22:45,android,xiaomi,0,0,38,4,0
8094,4041,2024-04-27 01:22:45,android,huawei,0,0,35,2,1
8095,4041,2024-02-21 01:22:45,ios,huawei,0,0,21,4,1
8096,4042,2025-01-18 03:25:06,ios,other,1,0,35,1,1
8097,4043,2024-09-16 06:06:54,android,apple,0,0,39,2,1
8098,4043,2024-07-08 06:06:54,android,xiaomi,0,0,42,3,1
8099,4043,2024-10-09 06:06:54,android,vivo,0,0,13,1,1
8100,4044,2024-10-08 03:16:31,android,oppo,0,0,44,2,1
8101,4044,2024-10-26 03:16:31,android,vivo,0,0,76,4,1
8102,4044,2024-09-27 03:16:31,android,vivo,0,0,35,3,1
8103,4045,2025-01-23 06:42:32,android,huawei,0,0,17,4,1
8104,4046,2024-09-11 07:38:28,ios,xiaomi,0,0,28,2,1
8105,4047,2024-10-30 16:08:27,ios,oppo,0,0,30,3,1
8106,4047,2025-01-24 16:08:27,android,xiaomi,0,1,51,1,0
8107,4048,2025-10-04 06:46:57,android,huawei,0,0,54,1,1
8108,4048,2025-08-07 06:46:57,ios,huawei,0,0,7,5,1
8109,4048,2025-09-29 06:46:57,android,oppo,0,0,58,3,0
8110,4049,2025-10-28 12:30:02,android,apple,0,0,39,1,0
8111,4049,2025-10-22 12:30:02,ios,huawei,0,0,58,2,1
8112,4050,2024-04-17 06:43:24,android,huawei,0,1,38,2,1
8113,4050,2024-02-27 06:43:24,android,vivo,0,0,12,1,1
8114,4050,2024-02-27 06:43:24,android,apple,0,0,8,3,0
8115,4051,2025-01-08 19:42:55,ios,xiaomi,0,0,24,2,1
8116,4051,2024-12-12 19:42:55,ios,huawei,0,0,15,1,1
8117,4051,2024-12-06 19:42:55,android,vivo,0,1,37,1,0
8118,4052,2025-12-22 05:26:48,android,xiaomi,0,0,13,1,1
8119,4053,2025-01-23 05:19:46,android,xiaomi,0,0,25,1,1
8120,4053,2025-03-13 05:19:46,android,vivo,0,0,27,1,1
8121,4054,2024-06-10 20:30:51,android,oppo,0,0,42,1,1
8122,4055,2025-04-23 06:23:35,android,xiaomi,0,0,43,2,1
8123,4056,2024-07-09 19:09:15,android,apple,0,0,48,1,1
8124,4056,2024-07-29 19:09:15,android,oppo,0,0,85,1,1
8125,4056,2024-04-19 19:09:15,android,apple,0,0,58,1,1
8126,4057,2024-01-11 22:29:09,android,oppo,0,0,46,3,1
8127,4057,2024-03-27 22:29:09,android,xiaomi,0,0,63,3,1
8128,4057,2024-03-23 22:29:09,android,other,0,0,30,2,1
8129,4058,2025-04-20 16:05:46,ios,samsung,0,0,15,1,1
8130,4058,2025-05-13 16:05:46,android,other,0,0,35,2,1
8131,4059,2025-01-27 01:08:12,android,xiaomi,0,0,54,1,1
8132,4059,2025-04-02 01:08:12,android,oppo,0,0,66,2,1
8133,4059,2025-04-09 01:08:12,android,oppo,0,0,45,5,1
8134,4060,2025-07-22 05:54:23,android,oppo,0,0,28,3,1
8135,4060,2025-07-20 05:54:23,android,samsung,0,0,0,2,1
8136,4060,2025-08-05 05:54:23,android,apple,0,0,21,1,1
8137,4061,2024-10-13 17:26:37,ios,huawei,0,0,11,1,1
8138,4062,2025-11-24 15:02:30,ios,vivo,0,0,52,3,1
8139,4062,2025-10-09 15:02:30,ios,apple,0,0,0,1,1
8140,4062,2025-12-18 15:02:30,ios,other,0,0,12,2,1
8141,4063,2024-12-25 12:49:40,ios,apple,0,0,13,3,1
8142,4063,2025-01-27 12:49:40,ios,oppo,0,0,49,1,0
8143,4064,2025-08-25 18:06:09,android,vivo,0,0,27,1,1
8144,4064,2025-06-15 18:06:09,android,apple,0,0,19,1,1
8145,4064,2025-09-12 18:06:09,ios,samsung,0,0,68,1,1
8146,4065,2024-05-01 05:02:06,android,vivo,0,0,81,2,1
8147,4066,2024-04-22 22:06:27,ios,xiaomi,0,0,42,1,1
8148,4066,2024-05-09 22:06:27,ios,xiaomi,0,0,39,3,1
8149,4067,2025-08-10 11:00:58,android,apple,0,0,25,2,1
8150,4067,2025-09-25 11:00:58,android,xiaomi,0,0,65,3,1
8151,4067,2025-09-24 11:00:58,android,xiaomi,0,0,34,2,1
8152,4068,2025-12-02 19:26:08,android,other,0,0,76,3,1
8153,4068,2025-12-11 19:26:08,android,oppo,0,0,22,1,1
8154,4069,2025-11-17 22:55:20,android,oppo,0,1,53,3,1
8155,4070,2024-09-04 23:22:57,android,oppo,0,0,68,2,1
8156,4070,2024-10-10 23:22:57,ios,oppo,0,0,51,2,1
8157,4070,2024-10-18 23:22:57,android,huawei,0,0,28,2,1
8158,4071,2024-04-24 06:08:59,ios,other,0,0,28,1,1
8159,4072,2026-03-01 07:55:39,android,oppo,0,0,67,2,1
8160,4072,2026-03-10 07:55:39,ios,oppo,0,0,39,4,1
8161,4072,2026-03-05 07:55:39,ios,vivo,0,0,42,1,1
8162,4073,2025-04-23 00:03:02,android,other,0,0,93,1,1
8163,4073,2025-05-06 00:03:02,android,samsung,0,0,38,1,1
8164,4073,2025-03-29 00:03:02,android,apple,0,0,38,1,1
8165,4074,2024-09-23 09:34:12,android,vivo,0,0,28,1,1
8166,4075,2025-07-26 14:32:53,android,xiaomi,0,0,27,1,1
8167,4075,2025-10-16 14:32:53,android,samsung,0,0,49,1,1
8168,4076,2025-12-18 20:15:20,android,other,0,0,68,1,1
8169,4076,2025-10-31 20:15:20,android,xiaomi,0,0,38,1,0
8170,4077,2024-09-21 21:49:44,android,apple,0,0,51,1,1
8171,4078,2025-10-29 20:35:37,ios,vivo,0,0,62,1,1
8172,4079,2025-10-28 21:58:25,android,apple,0,0,18,4,1
8173,4080,2025-02-23 05:30:15,android,apple,0,0,39,1,1
8174,4080,2024-12-28 05:30:15,android,oppo,0,0,23,5,1
8175,4080,2025-03-01 05:30:15,android,huawei,1,0,38,1,1
8176,4081,2025-06-22 14:51:37,android,apple,0,0,16,1,1
8177,4081,2025-05-15 14:51:37,android,xiaomi,0,0,19,1,1
8178,4082,2024-08-30 17:59:18,ios,xiaomi,0,0,76,1,1
8179,4082,2024-09-29 17:59:18,android,other,0,0,12,1,1
8180,4082,2024-09-29 17:59:18,android,huawei,0,0,74,1,1
8181,4083,2025-11-23 06:55:45,android,huawei,0,0,39,2,1
8182,4083,2026-01-14 06:55:45,android,samsung,0,0,46,3,0
8183,4084,2026-03-31 15:58:43,android,samsung,0,0,33,1,1
8184,4084,2026-02-09 15:58:43,android,oppo,0,0,41,4,1
8185,4085,2026-02-09 03:12:15,android,xiaomi,0,0,71,2,1
8186,4086,2025-09-03 02:25:48,android,huawei,0,0,52,4,1
8187,4086,2025-08-30 02:25:48,android,vivo,0,0,32,2,1
8188,4086,2025-07-25 02:25:48,android,oppo,0,0,24,2,1
8189,4087,2024-02-06 21:54:14,android,xiaomi,0,0,37,2,1
8190,4087,2024-05-19 21:54:14,android,other,0,0,15,1,1
8191,4088,2024-10-06 12:17:39,android,huawei,0,0,29,2,1
8192,4088,2025-01-03 12:17:39,android,huawei,0,0,11,2,1
8193,4089,2025-03-09 19:18:34,android,vivo,0,0,30,1,1
8194,4089,2025-01-04 19:18:34,android,other,0,0,59,4,1
8195,4090,2026-02-24 16:26:16,android,xiaomi,0,0,49,2,1
8196,4090,2026-01-16 16:26:16,android,xiaomi,0,0,48,1,1
8197,4091,2025-03-20 07:13:33,android,apple,0,0,44,4,1
8198,4091,2025-03-17 07:13:33,ios,oppo,0,0,71,1,1
8199,4091,2025-04-30 07:13:33,ios,vivo,0,0,10,3,1
8200,4092,2025-04-09 09:40:48,android,oppo,0,0,23,2,1
8201,4092,2025-05-03 09:40:48,android,xiaomi,0,0,57,2,1
8202,4093,2024-07-26 02:56:29,ios,apple,0,0,58,4,1
8203,4093,2024-07-15 02:56:29,android,vivo,0,0,37,3,1
8204,4093,2024-06-10 02:56:29,android,other,0,0,13,1,1
8205,4094,2025-09-28 09:58:57,android,other,0,0,57,1,1
8206,4095,2024-09-12 11:43:39,android,xiaomi,0,0,35,1,1
8207,4096,2024-04-11 01:35:50,android,vivo,0,0,20,1,0
8208,4097,2026-03-27 23:34:59,android,oppo,0,0,24,3,1
8209,4097,2026-03-22 23:34:59,android,oppo,0,0,21,4,1
8210,4097,2026-03-24 23:34:59,android,vivo,0,0,22,1,1
8211,4098,2024-05-24 18:02:33,android,other,0,0,39,4,1
8212,4098,2024-07-03 18:02:33,ios,xiaomi,0,0,32,1,1
8213,4099,2024-04-01 20:21:27,android,xiaomi,0,0,68,2,1
8214,4099,2024-02-26 20:21:27,android,apple,0,0,71,3,1
8215,4100,2024-04-29 19:42:43,android,samsung,0,0,48,1,1
8216,4101,2025-03-02 07:56:20,ios,oppo,0,0,50,2,1
8217,4102,2024-06-15 02:52:33,android,oppo,0,0,57,2,1
8218,4102,2024-04-21 02:52:33,android,huawei,0,0,44,1,1
8219,4102,2024-04-12 02:52:33,android,other,0,0,37,1,1
8220,4103,2025-10-25 03:18:32,android,oppo,0,0,60,1,1
8221,4103,2025-10-30 03:18:32,android,samsung,0,0,25,1,1
8222,4103,2025-09-22 03:18:32,android,other,0,0,57,1,1
8223,4104,2025-03-14 02:05:18,android,other,0,0,40,1,0
8224,4105,2024-11-25 10:45:00,android,huawei,0,0,43,1,1
8225,4105,2024-12-01 10:45:00,ios,apple,0,0,60,3,1
8226,4105,2024-09-05 10:45:00,android,xiaomi,0,1,6,3,1
8227,4106,2024-01-02 07:11:06,android,xiaomi,0,0,31,1,0
8228,4107,2025-01-25 06:04:11,android,vivo,0,1,53,1,1
8229,4107,2025-04-02 06:04:11,android,vivo,0,0,46,1,1
8230,4107,2025-02-19 06:04:11,android,samsung,0,0,47,1,1
8231,4108,2024-04-21 10:50:49,android,vivo,0,0,67,4,1
8232,4109,2026-03-28 23:21:41,android,vivo,1,0,24,2,0
8233,4110,2024-10-15 11:52:04,android,huawei,0,0,61,1,1
8234,4110,2024-08-11 11:52:04,android,oppo,0,0,64,1,1
8235,4111,2024-12-09 15:50:31,android,xiaomi,0,0,73,1,0
8236,4112,2024-01-19 14:14:40,android,samsung,0,0,12,1,1
8237,4112,2024-03-03 14:14:40,android,vivo,0,0,27,1,0
8238,4112,2024-02-01 14:14:40,android,xiaomi,0,1,59,3,1
8239,4113,2024-06-23 13:44:28,ios,xiaomi,0,0,42,1,1
8240,4113,2024-06-10 13:44:28,android,xiaomi,0,0,24,2,1
8241,4113,2024-05-12 13:44:28,android,apple,0,0,45,1,1
8242,4114,2024-06-13 11:09:45,android,apple,0,0,70,1,1
8243,4114,2024-07-29 11:09:45,android,apple,0,0,50,4,0
8244,4114,2024-06-16 11:09:45,android,huawei,0,0,10,1,1
8245,4115,2024-03-16 18:09:37,android,huawei,0,0,29,1,0
8246,4115,2024-05-25 18:09:37,android,apple,0,0,21,1,1
8247,4115,2024-04-01 18:09:37,ios,xiaomi,0,0,0,4,0
8248,4116,2025-08-02 23:24:34,ios,apple,0,0,53,4,1
8249,4117,2026-02-21 03:41:54,android,huawei,0,0,63,3,1
8250,4118,2026-01-11 07:25:35,android,oppo,0,0,38,1,1
8251,4119,2024-08-22 00:58:51,android,oppo,0,0,47,2,1
8252,4119,2024-09-29 00:58:51,android,huawei,0,0,54,1,1
8253,4119,2024-07-31 00:58:51,ios,xiaomi,0,0,57,3,1
8254,4120,2025-08-19 18:50:06,android,apple,0,0,75,5,1
8255,4121,2025-04-02 23:11:58,ios,xiaomi,0,0,49,1,1
8256,4121,2025-02-28 23:11:58,android,samsung,0,0,33,2,0
8257,4121,2024-12-26 23:11:58,android,oppo,0,0,95,1,1
8258,4122,2024-04-17 11:25:16,android,vivo,0,0,64,1,1
8259,4122,2024-03-17 11:25:16,android,xiaomi,0,0,30,1,1
8260,4123,2024-05-30 05:05:41,android,xiaomi,0,0,0,1,1
8261,4123,2024-03-20 05:05:41,android,other,0,0,7,1,1
8262,4123,2024-06-24 05:05:41,android,apple,0,0,21,1,1
8263,4124,2025-04-23 21:13:17,android,oppo,0,0,44,4,1
8264,4125,2025-01-04 06:26:15,ios,other,0,0,54,1,0
8265,4125,2025-02-23 06:26:15,android,vivo,0,0,64,3,1
8266,4126,2024-03-25 02:50:45,android,xiaomi,0,0,51,1,1
8267,4127,2025-12-05 23:26:55,android,oppo,0,0,42,1,1
8268,4128,2025-09-06 03:30:09,ios,vivo,0,0,31,2,1
8269,4128,2025-06-12 03:30:09,android,vivo,0,0,56,2,0
8270,4128,2025-06-22 03:30:09,android,other,1,0,16,1,1
8271,4129,2025-03-20 18:16:32,android,oppo,0,0,51,2,0
8272,4129,2025-03-20 18:16:32,android,vivo,0,0,40,4,1
8273,4130,2026-03-09 12:08:04,ios,vivo,0,0,34,3,1
8274,4130,2026-03-24 12:08:04,ios,other,0,0,61,1,1
8275,4130,2026-03-07 12:08:04,ios,other,0,0,32,1,1
8276,4131,2026-01-21 22:17:16,android,vivo,0,0,33,1,1
8277,4132,2025-12-04 23:38:03,android,huawei,0,1,50,1,1
8278,4133,2024-07-28 22:48:01,android,vivo,0,0,28,3,1
8279,4134,2025-10-26 01:12:33,android,xiaomi,0,0,34,2,1
8280,4134,2025-11-20 01:12:33,android,vivo,0,1,52,3,1
8281,4135,2025-03-14 07:37:57,android,oppo,0,1,51,1,1
8282,4135,2025-04-14 07:37:57,android,oppo,0,0,39,3,1
8283,4136,2025-10-02 00:09:50,android,xiaomi,0,0,35,1,1
8284,4136,2025-08-11 00:09:50,ios,xiaomi,0,0,23,1,0
8285,4136,2025-08-25 00:09:50,android,oppo,0,1,10,3,1
8286,4137,2025-12-10 10:58:46,android,other,0,0,10,3,1
8287,4138,2024-07-24 05:28:56,android,vivo,0,0,53,1,1
8288,4139,2024-12-11 05:22:52,android,huawei,0,0,39,1,1
8289,4139,2025-02-12 05:22:52,android,apple,0,0,43,2,1
8290,4139,2024-12-21 05:22:52,android,samsung,0,0,46,1,1
8291,4140,2024-03-29 02:18:47,android,xiaomi,0,0,62,3,1
8292,4140,2024-06-18 02:18:47,android,xiaomi,0,0,60,1,1
8293,4141,2024-08-31 00:37:07,android,xiaomi,0,0,11,1,0
8294,4142,2025-02-11 20:48:48,ios,apple,0,0,52,4,1
8295,4143,2025-11-09 11:55:42,android,apple,0,0,44,1,1
8296,4143,2025-12-28 11:55:42,android,apple,0,0,43,5,1
8297,4144,2025-12-17 17:54:17,android,huawei,0,0,13,3,1
8298,4144,2025-10-08 17:54:17,android,huawei,0,0,40,1,1
8299,4145,2024-11-06 14:51:48,android,xiaomi,1,0,60,1,1
8300,4145,2025-01-06 14:51:48,android,xiaomi,1,0,26,1,1
8301,4145,2024-10-15 14:51:48,ios,oppo,0,0,66,2,1
8302,4146,2024-10-26 07:29:47,android,xiaomi,0,1,30,1,1
8303,4146,2024-10-18 07:29:47,android,vivo,0,0,71,1,0
8304,4147,2025-04-02 10:16:19,android,apple,0,0,56,1,1
8305,4147,2025-04-24 10:16:19,android,apple,0,0,86,1,1
8306,4148,2026-02-14 15:58:31,android,oppo,0,0,39,1,1
8307,4148,2026-01-09 15:58:31,android,xiaomi,0,0,52,1,1
8308,4148,2025-11-28 15:58:31,android,oppo,0,0,27,1,1
8309,4149,2026-03-07 20:45:15,android,samsung,0,0,19,1,1
8310,4150,2024-06-13 12:54:28,android,xiaomi,0,0,54,2,1
8311,4150,2024-07-28 12:54:28,android,vivo,0,0,87,1,1
8312,4151,2024-07-19 03:11:14,android,samsung,0,0,54,5,1
8313,4152,2025-06-22 22:41:29,android,xiaomi,0,0,42,1,1
8314,4152,2025-08-05 22:41:29,android,oppo,0,1,54,3,1
8315,4152,2025-07-29 22:41:29,android,oppo,0,0,55,1,1
8316,4153,2024-10-02 00:32:20,android,oppo,0,0,31,2,1
8317,4154,2024-09-03 19:50:08,ios,vivo,0,0,54,1,1
8318,4155,2024-02-18 16:20:21,android,huawei,0,0,61,2,1
8319,4155,2024-01-23 16:20:21,android,xiaomi,0,0,37,1,1
8320,4156,2025-02-05 08:16:17,android,xiaomi,0,0,74,2,1
8321,4156,2024-11-07 08:16:17,ios,apple,0,0,38,1,1
8322,4157,2024-11-03 00:59:48,android,oppo,0,0,34,4,1
8323,4158,2025-04-03 00:46:51,android,huawei,0,0,8,2,1
8324,4158,2025-02-18 00:46:51,android,other,0,0,81,1,1
8325,4158,2025-02-23 00:46:51,android,oppo,0,0,17,1,1
8326,4159,2024-08-03 03:12:49,android,oppo,0,0,20,1,1
8327,4160,2025-06-16 11:41:34,ios,xiaomi,0,0,49,4,1
8328,4160,2025-06-19 11:41:34,android,xiaomi,0,0,27,1,1
8329,4161,2025-05-18 10:12:43,ios,oppo,0,0,14,1,0
8330,4162,2025-03-07 12:21:07,ios,oppo,0,0,20,1,1
8331,4162,2024-12-13 12:21:07,ios,other,0,0,14,1,1
8332,4163,2024-08-15 08:45:07,ios,huawei,0,0,25,2,1
8333,4163,2024-05-17 08:45:07,android,vivo,0,0,33,1,1
8334,4164,2025-01-02 01:52:14,android,oppo,0,0,39,1,0
8335,4164,2025-02-03 01:52:14,android,huawei,0,0,51,2,1
8336,4164,2025-01-12 01:52:14,ios,apple,0,0,61,4,0
8337,4165,2025-05-13 14:43:09,android,vivo,0,1,9,3,1
8338,4165,2025-08-09 14:43:09,ios,vivo,0,0,30,1,1
8339,4166,2024-11-05 01:59:03,ios,oppo,0,0,68,1,1
8340,4166,2024-11-11 01:59:03,android,xiaomi,0,0,32,3,1
8341,4166,2024-12-25 01:59:03,android,samsung,0,0,35,1,1
8342,4167,2024-09-29 08:05:22,android,xiaomi,0,0,41,2,1
8343,4168,2025-03-25 17:59:05,android,samsung,0,0,25,1,1
8344,4168,2025-04-23 17:59:05,android,vivo,0,0,30,1,1
8345,4169,2024-12-08 07:24:59,android,vivo,0,0,19,2,1
8346,4169,2024-11-13 07:24:59,ios,huawei,0,0,7,1,1
8347,4170,2025-01-11 08:59:12,android,samsung,0,0,15,1,1
8348,4170,2025-02-05 08:59:12,android,oppo,0,1,29,1,1
8349,4171,2024-12-01 16:02:19,ios,apple,0,0,24,1,1
8350,4171,2024-11-01 16:02:19,android,xiaomi,0,0,55,1,1
8351,4171,2024-12-26 16:02:19,android,vivo,0,0,42,1,1
8352,4172,2024-09-01 12:42:20,android,other,0,0,65,1,1
8353,4172,2024-10-01 12:42:20,android,apple,0,0,6,2,1
8354,4172,2024-10-16 12:42:20,android,xiaomi,0,0,5,1,0
8355,4173,2025-08-13 05:29:26,ios,xiaomi,0,0,18,1,1
8356,4173,2025-09-22 05:29:26,ios,vivo,0,0,0,1,1
8357,4173,2025-06-11 05:29:26,android,oppo,1,0,29,1,1
8358,4174,2025-03-21 23:26:30,android,vivo,0,0,7,4,1
8359,4174,2025-03-03 23:26:30,android,samsung,0,0,39,1,1
8360,4174,2025-02-10 23:26:30,android,xiaomi,0,0,93,1,0
8361,4175,2025-02-04 13:14:32,android,huawei,0,0,51,1,0
8362,4175,2024-12-15 13:14:32,android,oppo,0,0,28,3,1
8363,4175,2025-02-24 13:14:32,android,apple,0,0,40,1,0
8364,4176,2025-04-23 18:03:47,android,oppo,0,0,62,1,1
8365,4176,2025-08-04 18:03:47,android,samsung,0,0,54,1,1
8366,4176,2025-07-11 18:03:47,android,vivo,0,0,6,1,1
8367,4177,2024-11-02 17:57:24,android,vivo,0,0,59,1,1
8368,4177,2024-12-28 17:57:24,android,samsung,0,0,46,4,1
8369,4177,2024-09-22 17:57:24,android,oppo,0,0,50,2,1
8370,4178,2024-05-15 18:06:56,android,xiaomi,0,0,66,2,1
8371,4179,2025-10-20 09:57:00,android,oppo,0,0,79,3,1
8372,4179,2025-11-16 09:57:00,ios,vivo,0,0,59,2,1
8373,4179,2025-10-09 09:57:00,ios,xiaomi,0,0,18,2,0
8374,4180,2024-05-02 15:57:03,android,vivo,0,0,62,1,1
8375,4180,2024-03-06 15:57:03,android,apple,0,0,37,3,1
8376,4180,2024-02-10 15:57:03,ios,apple,0,0,12,5,1
8377,4181,2025-03-15 12:34:29,android,huawei,0,0,67,3,1
8378,4181,2025-03-23 12:34:29,android,other,0,0,33,1,0
8379,4181,2025-03-15 12:34:29,android,apple,0,0,10,1,1
8380,4182,2024-10-30 01:11:38,ios,huawei,0,0,28,2,1
8381,4183,2024-09-15 02:18:57,ios,vivo,1,0,77,1,1
8382,4183,2024-07-27 02:18:57,android,vivo,0,1,51,1,1
8383,4184,2024-05-09 15:04:35,android,huawei,0,0,29,2,1
8384,4184,2024-04-13 15:04:35,android,oppo,0,0,57,1,1
8385,4185,2025-12-16 01:35:57,android,huawei,0,0,81,1,1
8386,4186,2025-02-07 07:40:27,android,vivo,0,0,76,1,1
8387,4186,2024-11-16 07:40:27,android,oppo,0,0,81,1,1
8388,4187,2024-12-01 03:13:59,android,other,0,0,51,4,1
8389,4188,2025-06-18 02:19:24,android,samsung,0,0,57,2,1
8390,4189,2024-02-18 10:55:07,android,vivo,0,0,13,1,1
8391,4190,2025-03-14 02:55:42,android,apple,0,0,23,2,1
8392,4190,2025-02-15 02:55:42,android,vivo,0,0,57,3,1
8393,4190,2025-04-12 02:55:42,android,other,0,0,93,4,1
8394,4191,2025-01-18 01:23:45,android,xiaomi,0,0,0,2,1
8395,4191,2025-04-06 01:23:45,android,huawei,0,0,4,1,1
8396,4191,2025-01-12 01:23:45,android,other,0,0,52,1,1
8397,4192,2025-03-20 00:13:44,ios,apple,0,0,42,3,1
8398,4193,2024-06-29 11:23:40,android,xiaomi,0,0,4,1,1
8399,4193,2024-06-18 11:23:40,ios,apple,0,0,66,1,1
8400,4194,2026-01-08 08:29:08,android,huawei,0,0,34,1,1
8401,4194,2025-12-20 08:29:08,ios,apple,0,0,53,1,0
8402,4194,2026-01-10 08:29:08,ios,oppo,0,0,10,1,1
8403,4195,2024-09-21 01:55:55,android,xiaomi,0,0,36,1,1
8404,4195,2024-06-29 01:55:55,android,apple,0,0,38,1,0
8405,4196,2025-05-07 06:27:07,android,xiaomi,0,0,30,3,1
8406,4196,2025-06-26 06:27:07,android,other,0,0,32,1,0
8407,4197,2025-08-22 09:22:56,android,oppo,0,0,44,1,1
8408,4197,2025-07-07 09:22:56,android,xiaomi,0,0,68,3,1
8409,4197,2025-09-27 09:22:56,android,xiaomi,0,0,0,3,1
8410,4198,2024-10-04 02:35:45,android,xiaomi,0,0,72,1,1
8411,4199,2024-06-20 10:46:18,android,huawei,0,0,77,2,1
8412,4199,2024-07-11 10:46:18,android,xiaomi,0,0,70,1,1
8413,4199,2024-04-01 10:46:18,android,xiaomi,0,0,33,3,1
8414,4200,2024-09-07 13:39:36,ios,vivo,0,0,33,3,1
8415,4200,2024-10-31 13:39:36,android,apple,0,0,44,1,1
8416,4201,2025-10-11 01:39:46,android,huawei,0,0,54,2,1
8417,4201,2025-11-14 01:39:46,android,vivo,1,0,18,1,1
8418,4202,2026-01-04 17:47:43,android,oppo,0,0,60,1,1
8419,4202,2026-01-07 17:47:43,android,other,0,0,50,2,1
8420,4202,2025-11-05 17:47:43,android,apple,0,0,11,1,0
8421,4203,2026-01-14 22:36:56,android,huawei,0,0,40,1,1
8422,4204,2024-09-13 04:58:19,android,oppo,0,0,18,1,1
8423,4204,2024-09-29 04:58:19,android,xiaomi,0,0,43,1,1
8424,4205,2025-06-09 18:26:32,android,xiaomi,1,0,20,1,1
8425,4206,2024-05-06 06:08:53,android,apple,0,0,78,2,1
8426,4206,2024-05-29 06:08:53,android,huawei,0,0,36,1,1
8427,4206,2024-07-02 06:08:53,android,xiaomi,0,0,26,3,1
8428,4207,2025-08-30 13:29:34,android,apple,0,0,44,2,1
8429,4207,2025-06-06 13:29:34,android,apple,0,0,86,1,1
8430,4208,2025-01-15 14:00:04,ios,samsung,0,0,42,1,1
8431,4208,2024-10-25 14:00:04,android,huawei,0,0,38,1,1
8432,4208,2024-11-07 14:00:04,android,oppo,0,0,65,3,1
8433,4209,2025-06-14 22:02:14,android,vivo,0,0,48,1,1
8434,4209,2025-08-03 22:02:14,ios,xiaomi,0,0,11,2,0
8435,4210,2025-08-09 03:25:06,android,apple,0,0,44,2,1
8436,4211,2026-04-12 17:59:43,android,xiaomi,0,0,25,2,1
8437,4211,2026-02-02 17:59:43,android,xiaomi,0,1,74,4,1
8438,4212,2025-03-08 17:01:52,ios,xiaomi,0,0,20,1,1
8439,4213,2024-11-23 07:45:01,android,vivo,0,0,34,1,1
8440,4213,2024-11-27 07:45:01,android,oppo,0,0,37,3,1
8441,4213,2024-10-02 07:45:01,android,apple,0,0,34,3,1
8442,4214,2025-01-23 12:45:20,android,xiaomi,0,0,23,1,1
8443,4215,2024-08-05 21:14:48,android,vivo,0,0,42,2,1
8444,4215,2024-07-20 21:14:48,android,huawei,0,0,59,1,1
8445,4215,2024-06-13 21:14:48,ios,oppo,0,0,65,1,0
8446,4216,2024-06-17 14:02:26,android,huawei,0,0,67,2,1
8447,4217,2025-04-12 23:48:35,ios,samsung,0,0,27,2,1
8448,4217,2025-05-03 23:48:35,android,oppo,0,0,41,2,1
8449,4218,2025-10-02 13:07:04,android,apple,0,0,8,1,1
8450,4218,2025-11-12 13:07:04,android,huawei,0,0,36,1,1
8451,4219,2025-04-06 06:32:11,android,oppo,0,1,41,1,1
8452,4220,2025-09-16 19:18:12,android,huawei,0,0,56,1,1
8453,4221,2024-07-04 21:01:36,android,other,0,1,62,3,1
8454,4221,2024-06-01 21:01:36,android,vivo,0,0,68,4,1
8455,4221,2024-07-06 21:01:36,android,other,0,0,38,2,0
8456,4222,2025-03-05 01:19:35,android,samsung,0,0,62,2,1
8457,4222,2025-03-05 01:19:35,android,xiaomi,0,0,58,1,1
8458,4223,2025-05-14 13:40:37,android,vivo,0,0,47,4,1
8459,4223,2025-04-03 13:40:37,android,huawei,0,0,10,1,1
8460,4223,2025-07-10 13:40:37,ios,xiaomi,0,0,30,1,1
8461,4224,2024-10-05 19:16:44,android,oppo,0,0,46,2,1
8462,4224,2024-12-05 19:16:44,android,oppo,0,0,28,1,1
8463,4225,2024-01-12 07:27:55,android,vivo,0,0,39,2,1
8464,4226,2024-05-22 14:48:14,android,huawei,0,0,39,2,1
8465,4226,2024-03-15 14:48:14,android,apple,0,0,10,1,1
8466,4227,2025-10-31 04:45:01,android,apple,0,0,1,2,1
8467,4228,2025-06-21 17:59:58,android,vivo,0,0,69,1,1
8468,4228,2025-04-07 17:59:58,ios,huawei,0,0,74,1,1
8469,4228,2025-06-25 17:59:58,android,xiaomi,0,0,17,2,1
8470,4229,2024-08-24 03:20:28,ios,huawei,0,0,22,1,1
8471,4229,2024-08-29 03:20:28,android,oppo,0,0,28,3,1
8472,4229,2024-07-12 03:20:28,android,xiaomi,0,0,12,3,1
8473,4230,2024-10-20 22:30:28,android,vivo,0,0,2,1,1
8474,4230,2024-07-17 22:30:28,android,huawei,0,0,51,1,1
8475,4230,2024-08-02 22:30:28,ios,apple,0,0,64,1,1
8476,4231,2024-03-07 21:05:41,ios,other,0,0,39,3,1
8477,4232,2026-03-11 16:29:56,android,oppo,0,0,19,1,1
8478,4233,2024-07-06 00:31:48,android,xiaomi,0,0,26,1,1
8479,4233,2024-03-22 00:31:48,android,oppo,0,0,44,1,1
8480,4234,2025-07-10 09:41:03,android,huawei,0,0,35,1,1
8481,4234,2025-10-26 09:41:03,ios,huawei,0,0,9,1,1
8482,4235,2024-06-27 09:09:41,ios,vivo,0,0,16,1,1
8483,4236,2024-08-31 00:10:23,android,oppo,0,0,58,3,1
8484,4237,2024-10-17 22:50:09,android,other,0,0,54,1,1
8485,4237,2024-08-07 22:50:09,android,vivo,0,0,11,1,1
8486,4238,2025-10-23 21:36:40,android,oppo,0,0,32,1,1
8487,4238,2025-10-01 21:36:40,android,vivo,0,0,40,2,1
8488,4239,2024-04-18 22:49:52,android,oppo,0,0,27,2,1
8489,4240,2024-09-17 04:06:16,android,xiaomi,0,1,56,3,1
8490,4240,2024-12-27 04:06:16,android,apple,0,0,28,2,1
8491,4241,2024-09-26 22:17:46,android,huawei,0,0,56,1,1
8492,4241,2024-07-23 22:17:46,android,vivo,0,0,54,1,1
8493,4241,2024-07-20 22:17:46,android,huawei,0,0,69,1,0
8494,4242,2024-08-26 06:10:51,android,xiaomi,0,0,40,1,1
8495,4242,2024-08-07 06:10:51,android,samsung,0,0,11,1,1
8496,4242,2024-07-24 06:10:51,android,vivo,0,0,60,2,0
8497,4243,2024-07-28 20:20:21,android,other,0,0,65,1,0
8498,4243,2024-07-29 20:20:21,android,xiaomi,0,0,14,1,1
8499,4243,2024-05-24 20:20:21,android,xiaomi,0,0,45,1,1
8500,4244,2025-12-09 02:03:57,android,vivo,0,0,29,2,1
8501,4245,2024-11-12 09:26:19,android,xiaomi,0,0,46,1,1
8502,4246,2025-02-20 06:57:37,android,xiaomi,0,0,39,2,1
8503,4247,2024-10-21 04:08:19,android,samsung,0,0,52,2,1
8504,4248,2026-01-06 13:24:27,android,apple,0,0,11,5,1
8505,4249,2024-12-18 11:24:56,ios,oppo,0,0,5,3,1
8506,4250,2024-11-30 10:21:18,android,samsung,0,0,72,2,0
8507,4250,2024-09-28 10:21:18,android,other,0,0,53,1,1
8508,4251,2024-09-23 09:13:35,android,other,0,0,54,1,0
8509,4252,2024-11-02 16:27:35,ios,xiaomi,0,0,54,1,1
8510,4252,2024-10-26 16:27:35,android,apple,0,0,25,2,1
8511,4252,2024-09-14 16:27:35,android,oppo,0,0,50,4,1
8512,4253,2024-05-05 12:05:31,ios,other,0,0,50,1,1
8513,4253,2024-06-25 12:05:31,android,other,0,0,18,3,1
8514,4253,2024-03-11 12:05:31,android,other,0,0,48,1,0
8515,4254,2025-05-01 02:54:39,android,vivo,0,0,26,2,1
8516,4254,2025-06-11 02:54:39,android,huawei,0,0,27,2,0
8517,4255,2024-05-03 09:35:26,android,apple,0,0,37,2,1
8518,4255,2024-03-12 09:35:26,android,oppo,0,0,31,2,1
8519,4256,2024-07-26 22:40:45,ios,huawei,0,0,52,3,1
8520,4256,2024-07-11 22:40:45,android,apple,0,0,42,1,1
8521,4257,2024-07-01 13:02:33,ios,apple,0,0,82,1,1
8522,4258,2024-08-04 18:53:10,android,vivo,0,0,30,1,1
8523,4259,2025-06-29 08:29:52,android,vivo,0,0,64,1,1
8524,4259,2025-10-03 08:29:52,android,oppo,0,0,21,1,1
8525,4260,2025-03-10 15:11:13,android,oppo,0,0,72,1,1
8526,4260,2025-06-24 15:11:13,android,xiaomi,0,0,44,1,1
8527,4261,2025-12-19 06:59:13,android,samsung,0,0,36,2,1
8528,4262,2024-09-10 09:00:42,android,apple,0,0,33,5,1
8529,4263,2026-02-27 19:46:42,android,oppo,1,0,23,2,1
8530,4263,2026-02-08 19:46:42,ios,vivo,0,0,50,4,1
8531,4264,2024-01-27 18:52:50,android,huawei,0,0,0,2,1
8532,4265,2025-04-18 01:55:23,android,huawei,0,0,37,1,1
8533,4265,2025-01-29 01:55:23,android,vivo,0,0,30,2,1
8534,4265,2025-02-24 01:55:23,android,other,0,0,32,1,1
8535,4266,2025-10-14 03:49:31,android,xiaomi,0,0,48,1,1
8536,4266,2025-10-20 03:49:31,android,huawei,0,0,69,1,1
8537,4266,2025-09-24 03:49:31,ios,vivo,0,0,26,2,1
8538,4267,2025-04-24 05:33:14,android,other,0,0,42,1,0
8539,4267,2025-03-14 05:33:14,ios,xiaomi,0,0,4,1,1
8540,4267,2025-04-04 05:33:14,ios,xiaomi,0,0,59,1,1
8541,4268,2026-02-08 07:35:42,android,other,0,0,46,1,1
8542,4269,2024-10-24 15:28:08,android,samsung,0,0,14,1,1
8543,4269,2024-10-29 15:28:08,android,vivo,0,0,30,2,1
8544,4269,2024-11-03 15:28:08,ios,xiaomi,0,0,58,4,1
8545,4270,2024-05-02 07:59:23,android,xiaomi,0,0,24,2,1
8546,4271,2025-08-15 23:25:08,android,samsung,0,0,0,1,1
8547,4271,2025-08-23 23:25:08,android,apple,0,0,46,4,1
8548,4271,2025-10-03 23:25:08,android,oppo,0,1,50,1,1
8549,4272,2024-02-17 15:25:51,android,xiaomi,0,1,73,2,1
8550,4273,2025-09-18 06:32:13,ios,xiaomi,0,0,39,3,1
8551,4273,2025-09-17 06:32:13,android,samsung,0,0,30,1,1
8552,4273,2025-07-17 06:32:13,ios,vivo,0,0,34,1,0
8553,4274,2025-07-23 09:28:14,ios,vivo,0,0,36,5,1
8554,4275,2025-09-19 07:39:06,android,vivo,0,0,23,1,0
8555,4275,2025-11-20 07:39:06,ios,oppo,0,0,0,1,1
8556,4275,2025-12-24 07:39:06,android,huawei,0,0,43,3,0
8557,4276,2024-12-08 14:47:05,ios,apple,0,0,18,3,1
8558,4276,2025-04-03 14:47:05,ios,vivo,0,0,42,2,1
8559,4277,2025-10-16 17:14:24,android,xiaomi,0,0,14,1,1
8560,4278,2024-06-18 23:27:03,android,vivo,0,0,18,2,1
8561,4279,2024-12-30 01:47:55,ios,vivo,0,0,1,1,1
8562,4279,2024-11-14 01:47:55,android,apple,0,0,1,3,1
8563,4280,2024-04-19 22:32:19,android,oppo,0,0,49,1,1
8564,4280,2024-05-13 22:32:19,android,other,0,0,45,1,1
8565,4280,2024-03-29 22:32:19,android,oppo,0,0,2,1,0
8566,4281,2025-09-11 19:39:35,android,xiaomi,0,0,40,2,1
8567,4281,2025-09-04 19:39:35,android,other,0,0,62,2,1
8568,4281,2025-09-05 19:39:35,android,xiaomi,0,0,0,1,1
8569,4282,2025-09-11 10:03:02,android,apple,0,0,80,1,1
8570,4282,2025-08-12 10:03:02,android,vivo,0,0,28,1,1
8571,4283,2025-09-17 16:06:20,android,oppo,0,0,54,1,1
8572,4283,2025-08-10 16:06:20,android,xiaomi,0,0,59,2,1
8573,4283,2025-08-30 16:06:20,android,oppo,0,0,0,3,1
8574,4284,2025-10-27 23:17:33,android,other,0,0,21,1,1
8575,4284,2025-09-28 23:17:33,ios,huawei,0,0,75,3,1
8576,4285,2024-08-10 04:12:45,android,xiaomi,0,0,42,2,1
8577,4286,2024-03-29 16:31:27,android,other,0,0,28,1,1
8578,4287,2025-11-17 08:19:26,ios,vivo,0,0,55,3,1
8579,4287,2026-01-19 08:19:26,android,other,0,0,69,1,1
8580,4287,2025-12-29 08:19:26,android,vivo,0,0,42,1,1
8581,4288,2025-04-10 18:10:31,ios,vivo,0,0,80,1,1
8582,4288,2025-01-12 18:10:31,ios,oppo,0,0,29,4,1
8583,4288,2025-01-14 18:10:31,android,other,0,0,60,1,1
8584,4289,2024-06-05 20:51:47,android,samsung,0,0,44,1,1
8585,4289,2024-03-14 20:51:47,android,xiaomi,0,0,38,3,1
8586,4289,2024-03-15 20:51:47,android,oppo,0,0,12,3,1
8587,4290,2025-12-18 18:10:09,android,vivo,0,0,63,4,1
8588,4290,2025-11-13 18:10:09,android,samsung,0,0,34,1,1
8589,4291,2026-03-01 19:35:45,ios,oppo,0,0,36,1,1
8590,4291,2025-12-28 19:35:45,android,huawei,0,0,54,3,1
8591,4292,2025-02-02 05:07:16,ios,xiaomi,0,0,64,1,1
8592,4292,2024-12-15 05:07:16,android,vivo,0,0,1,3,1
8593,4292,2024-12-30 05:07:16,ios,huawei,0,0,49,1,1
8594,4293,2025-09-10 03:59:21,android,oppo,0,0,27,2,1
8595,4293,2025-09-13 03:59:21,ios,oppo,0,0,35,1,1
8596,4293,2025-07-24 03:59:21,android,oppo,0,0,72,2,1
8597,4294,2024-02-02 11:56:29,android,huawei,0,0,31,3,1
8598,4294,2024-04-27 11:56:29,android,oppo,0,0,47,1,1
8599,4295,2024-03-17 02:06:22,android,xiaomi,0,0,19,2,1
8600,4295,2024-05-19 02:06:22,android,xiaomi,0,0,28,1,1
8601,4295,2024-03-12 02:06:22,android,oppo,0,0,53,1,1
8602,4296,2024-07-27 21:26:19,android,other,0,0,27,1,1
8603,4296,2024-09-07 21:26:19,android,apple,0,0,51,1,1
8604,4296,2024-08-09 21:26:19,ios,vivo,0,0,83,5,1
8605,4297,2025-04-29 01:08:36,android,xiaomi,0,0,10,2,1
8606,4297,2025-08-08 01:08:36,android,oppo,0,0,27,2,1
8607,4298,2024-04-15 09:34:02,android,oppo,0,0,50,1,1
8608,4298,2024-07-14 09:34:02,ios,samsung,0,0,31,3,1
8609,4299,2024-04-16 22:49:23,android,huawei,0,0,51,1,1
8610,4299,2024-05-11 22:49:23,android,apple,0,1,20,2,1
8611,4299,2024-03-24 22:49:23,android,vivo,0,0,33,2,1
8612,4300,2025-08-07 04:51:57,android,oppo,0,0,42,3,0
8613,4300,2025-05-23 04:51:57,android,other,0,0,52,2,1
8614,4300,2025-07-17 04:51:57,android,huawei,0,0,66,1,1
8615,4301,2025-10-25 05:40:31,android,vivo,0,0,12,2,1
8616,4301,2025-08-08 05:40:31,ios,xiaomi,0,0,23,5,1
8617,4302,2025-08-26 15:00:24,android,huawei,0,0,26,1,1
8618,4302,2025-08-16 15:00:24,android,other,0,0,9,1,1
8619,4303,2025-07-29 10:23:08,android,oppo,0,0,66,1,0
8620,4304,2025-10-08 01:57:05,android,vivo,0,0,40,1,1
8621,4304,2025-11-01 01:57:05,android,vivo,0,0,29,4,1
8622,4304,2025-08-29 01:57:05,android,other,0,0,48,2,1
8623,4305,2025-04-01 18:13:39,android,huawei,0,0,29,3,1
8624,4306,2025-03-06 04:07:23,android,xiaomi,0,0,43,1,1
8625,4306,2025-02-08 04:07:23,ios,vivo,0,0,45,1,1
8626,4306,2025-02-28 04:07:23,android,vivo,0,0,16,1,1
8627,4307,2025-09-20 12:11:38,android,other,0,0,41,4,1
8628,4307,2025-10-07 12:11:38,ios,oppo,0,0,55,2,1
8629,4308,2024-09-04 01:25:40,android,other,0,0,33,3,1
8630,4309,2024-05-25 10:54:54,ios,xiaomi,0,0,70,1,1
8631,4310,2025-09-04 22:23:24,android,oppo,0,0,8,4,1
8632,4310,2025-10-04 22:23:24,android,oppo,0,0,63,5,0
8633,4310,2025-10-14 22:23:24,ios,samsung,0,0,42,1,1
8634,4311,2024-09-24 10:11:08,android,oppo,0,0,35,1,1
8635,4312,2026-03-11 13:31:09,android,oppo,0,0,28,1,0
8636,4313,2025-02-16 08:23:24,android,vivo,0,0,46,1,1
8637,4313,2025-02-09 08:23:24,ios,other,0,0,30,3,1
8638,4314,2025-09-22 19:24:45,android,xiaomi,0,0,17,3,1
8639,4314,2025-10-04 19:24:45,android,xiaomi,0,0,50,2,1
8640,4314,2025-12-17 19:24:45,android,xiaomi,0,0,56,1,1
8641,4315,2024-04-06 23:51:47,android,apple,0,0,41,4,1
8642,4315,2024-05-19 23:51:47,android,huawei,0,0,22,2,1
8643,4315,2024-01-26 23:51:47,ios,xiaomi,0,0,37,1,1
8644,4316,2025-05-25 05:43:21,android,samsung,0,0,58,2,1
8645,4316,2025-06-02 05:43:21,android,samsung,0,0,22,1,1
8646,4317,2025-03-06 04:44:45,android,oppo,0,0,8,3,1
8647,4317,2024-11-24 04:44:45,android,other,0,0,51,2,1
8648,4318,2025-01-20 16:47:24,android,xiaomi,0,0,27,1,1
8649,4318,2025-01-16 16:47:24,ios,apple,0,0,49,1,1
8650,4319,2024-09-27 14:32:23,android,vivo,0,0,78,1,1
8651,4319,2024-09-02 14:32:23,android,oppo,0,0,28,1,1
8652,4320,2026-01-20 23:18:43,android,samsung,0,0,37,2,1
8653,4321,2024-10-22 16:43:02,android,huawei,0,0,68,1,1
8654,4322,2025-10-25 20:24:21,android,oppo,0,0,49,1,1
8655,4322,2025-12-24 20:24:21,android,oppo,1,0,40,1,1
8656,4322,2025-10-16 20:24:21,ios,oppo,0,0,54,3,1
8657,4323,2024-12-02 07:47:53,ios,xiaomi,0,0,83,3,1
8658,4323,2024-11-11 07:47:53,android,samsung,0,0,39,1,1
8659,4323,2024-11-12 07:47:53,android,huawei,0,0,56,1,1
8660,4324,2024-03-07 05:47:35,android,huawei,0,0,93,1,1
8661,4324,2024-02-08 05:47:35,android,oppo,0,0,63,1,1
8662,4324,2024-03-28 05:47:35,android,oppo,0,0,19,2,1
8663,4325,2025-12-13 23:17:36,android,vivo,0,0,56,2,1
8664,4325,2025-11-01 23:17:36,android,vivo,0,0,27,3,1
8665,4325,2025-11-08 23:17:36,android,oppo,0,1,55,1,1
8666,4326,2024-05-25 03:07:13,android,oppo,0,1,47,3,1
8667,4326,2024-07-27 03:07:13,android,xiaomi,0,0,18,4,1
8668,4327,2024-10-25 08:22:25,ios,xiaomi,0,0,68,4,1
8669,4328,2025-12-11 14:35:34,android,vivo,0,0,45,1,1
8670,4329,2025-11-30 10:22:46,android,oppo,0,0,29,1,0
8671,4329,2025-10-25 10:22:46,android,apple,0,0,24,2,1
8672,4329,2026-01-29 10:22:46,ios,huawei,0,0,53,2,1
8673,4330,2026-02-03 05:32:13,android,other,0,0,48,2,1
8674,4330,2026-01-30 05:32:13,android,oppo,0,0,37,4,1
8675,4330,2025-11-23 05:32:13,android,other,0,0,27,1,1
8676,4331,2024-10-29 23:00:40,android,vivo,0,1,67,1,1
8677,4331,2025-02-09 23:00:40,android,samsung,0,0,0,1,1
8678,4331,2025-02-13 23:00:40,android,samsung,0,0,44,2,1
8679,4332,2025-07-28 14:09:40,android,vivo,0,0,49,1,1
8680,4333,2024-11-30 07:11:28,ios,oppo,0,0,63,3,1
8681,4333,2024-10-12 07:11:28,android,xiaomi,0,0,15,1,1
8682,4334,2025-08-13 11:38:50,android,huawei,0,0,70,2,1
8683,4334,2025-10-05 11:38:50,android,apple,0,0,52,1,1
8684,4334,2025-10-04 11:38:50,android,other,0,0,36,1,1
8685,4335,2025-04-19 20:00:39,android,xiaomi,0,0,57,1,1
8686,4335,2025-01-07 20:00:39,ios,oppo,0,0,32,2,0
8687,4335,2025-01-03 20:00:39,android,huawei,0,0,9,3,1
8688,4336,2024-02-11 22:19:27,android,oppo,0,0,0,1,1
8689,4337,2024-11-15 22:51:44,android,xiaomi,0,0,24,1,1
8690,4337,2025-01-06 22:51:44,android,huawei,0,1,34,2,1
8691,4337,2024-11-21 22:51:44,android,apple,0,0,17,4,1
8692,4338,2025-02-26 10:33:57,android,xiaomi,0,0,37,4,1
8693,4338,2025-03-02 10:33:57,ios,vivo,0,0,18,2,1
8694,4339,2024-10-09 21:09:46,android,apple,0,0,64,2,1
8695,4339,2024-10-09 21:09:46,android,huawei,0,0,30,1,1
8696,4339,2024-09-29 21:09:46,android,vivo,0,0,64,1,1
8697,4340,2024-11-29 08:42:26,android,xiaomi,0,0,17,3,1
8698,4341,2025-04-04 22:56:30,android,oppo,0,0,42,1,1
8699,4341,2025-01-19 22:56:30,android,xiaomi,0,1,6,2,1
8700,4342,2024-04-19 06:46:40,android,other,0,0,29,2,1
8701,4342,2024-04-01 06:46:40,ios,other,0,0,47,1,0
8702,4342,2024-05-20 06:46:40,ios,vivo,0,0,64,2,1
8703,4343,2024-06-03 19:33:58,android,other,0,0,60,3,1
8704,4343,2024-06-01 19:33:58,android,xiaomi,1,0,25,2,1
8705,4343,2024-08-09 19:33:58,android,xiaomi,0,0,44,1,1
8706,4344,2025-08-30 18:02:28,android,huawei,0,1,37,2,1
8707,4344,2025-10-18 18:02:28,android,xiaomi,0,0,55,1,1
8708,4345,2024-12-22 21:48:45,android,oppo,0,0,18,1,1
8709,4346,2025-04-22 02:54:13,android,apple,0,0,29,3,1
8710,4346,2025-05-23 02:54:13,android,huawei,0,1,34,1,0
8711,4346,2025-05-31 02:54:13,android,oppo,0,0,27,1,1
8712,4347,2025-04-01 00:38:40,ios,huawei,0,0,41,1,1
8713,4348,2025-03-03 09:20:40,android,samsung,0,0,39,1,1
8714,4349,2025-02-11 18:54:44,android,oppo,0,0,6,2,1
8715,4349,2024-11-26 18:54:44,android,vivo,0,0,65,4,1
8716,4349,2024-12-26 18:54:44,ios,oppo,0,0,1,1,1
8717,4350,2025-02-10 19:40:45,android,apple,0,0,65,1,0
8718,4350,2025-01-24 19:40:45,android,oppo,0,0,12,1,0
8719,4351,2025-09-11 10:56:40,ios,samsung,0,0,55,2,1
8720,4352,2026-02-03 11:40:19,ios,other,0,0,0,1,1
8721,4353,2024-09-20 09:45:54,ios,huawei,0,0,55,1,0
8722,4354,2025-08-18 17:11:15,android,oppo,0,0,0,1,1
8723,4354,2025-05-22 17:11:15,android,oppo,0,0,27,4,1
8724,4354,2025-07-13 17:11:15,android,oppo,0,0,29,1,1
8725,4355,2026-01-01 22:23:53,android,samsung,0,0,61,2,1
8726,4355,2026-01-30 22:23:53,android,oppo,0,0,73,3,1
8727,4355,2026-03-05 22:23:53,ios,vivo,0,0,38,2,1
8728,4356,2024-03-01 12:52:36,android,samsung,0,0,14,1,1
8729,4357,2025-11-11 20:19:47,android,xiaomi,0,0,8,1,1
8730,4357,2025-10-31 20:19:47,ios,oppo,0,0,21,1,0
8731,4357,2025-09-06 20:19:47,android,samsung,0,0,53,3,1
8732,4358,2025-03-31 16:18:09,ios,oppo,0,0,38,1,1
8733,4358,2025-01-30 16:18:09,android,oppo,0,0,51,3,1
8734,4359,2026-03-20 08:13:47,android,xiaomi,0,0,45,1,1
8735,4359,2025-12-27 08:13:47,android,oppo,0,0,45,1,1
8736,4359,2025-12-08 08:13:47,android,xiaomi,0,0,41,1,1
8737,4360,2025-04-01 03:14:49,android,xiaomi,0,1,26,5,1
8738,4360,2025-03-31 03:14:49,android,oppo,0,0,63,1,0
8739,4360,2025-03-11 03:14:49,android,oppo,0,0,73,4,0
8740,4361,2025-09-12 20:09:08,android,other,0,0,48,3,1
8741,4362,2024-07-25 04:34:29,android,xiaomi,0,0,17,4,1
8742,4363,2024-04-18 17:39:38,android,vivo,0,0,42,1,1
8743,4363,2024-05-14 17:39:38,android,xiaomi,0,0,27,2,1
8744,4364,2026-02-18 09:40:51,android,oppo,0,0,40,1,1
8745,4364,2025-11-13 09:40:51,android,huawei,0,0,41,1,1
8746,4364,2025-12-11 09:40:51,android,vivo,0,0,20,3,0
8747,4365,2025-01-19 07:34:50,android,xiaomi,0,0,49,3,0
8748,4365,2025-01-31 07:34:50,android,oppo,0,0,33,1,1
8749,4365,2025-04-28 07:34:50,ios,samsung,0,0,75,4,1
8750,4366,2025-03-24 14:09:38,android,huawei,0,0,24,1,1
8751,4366,2025-05-23 14:09:38,android,oppo,0,0,23,1,1
8752,4366,2025-04-13 14:09:38,android,oppo,0,0,74,1,1
8753,4367,2024-07-20 02:01:25,android,vivo,0,0,24,3,0
8754,4367,2024-07-16 02:01:25,android,oppo,0,0,23,3,1
8755,4368,2024-08-12 12:18:49,android,other,0,0,41,3,0
8756,4368,2024-10-03 12:18:49,android,huawei,0,0,16,1,1
8757,4369,2025-09-18 07:20:35,android,xiaomi,0,0,63,1,1
8758,4369,2025-08-31 07:20:35,ios,xiaomi,0,0,3,1,1
8759,4370,2024-08-07 10:19:36,ios,samsung,0,0,55,1,1
8760,4370,2024-11-27 10:19:36,android,huawei,0,0,61,2,1
8761,4371,2025-04-14 10:31:15,android,vivo,0,0,27,1,1
8762,4371,2025-04-13 10:31:15,android,vivo,0,0,37,1,1
8763,4371,2025-06-17 10:31:15,ios,vivo,0,0,9,5,1
8764,4372,2024-10-04 01:40:16,ios,samsung,0,0,57,1,0
8765,4373,2024-08-31 07:37:55,ios,vivo,0,0,26,2,1
8766,4373,2024-08-29 07:37:55,ios,apple,0,0,25,4,1
8767,4374,2024-06-11 04:40:42,android,apple,0,0,17,1,0
8768,4374,2024-08-06 04:40:42,android,huawei,0,0,2,2,1
8769,4375,2026-01-19 14:34:26,android,vivo,0,0,54,4,1
8770,4376,2026-02-21 05:53:39,android,vivo,0,0,58,2,1
8771,4376,2026-02-10 05:53:39,android,other,0,0,45,1,1
8772,4376,2026-01-09 05:53:39,android,xiaomi,0,1,55,3,1
8773,4377,2024-03-20 02:03:34,android,huawei,0,0,42,1,1
8774,4377,2024-04-21 02:03:34,android,other,0,0,0,3,1
8775,4378,2024-10-20 20:57:03,android,xiaomi,0,0,36,1,1
8776,4379,2025-05-12 14:52:09,ios,huawei,0,0,10,2,1
8777,4379,2025-03-03 14:52:09,android,oppo,0,0,25,2,0
8778,4379,2025-05-29 14:52:09,android,samsung,0,0,20,1,1
8779,4380,2024-12-18 19:10:26,android,vivo,0,0,29,1,1
8780,4380,2024-10-23 19:10:26,android,other,0,0,53,2,1
8781,4380,2024-12-04 19:10:26,android,xiaomi,0,0,21,4,1
8782,4381,2025-08-14 08:37:49,android,huawei,0,0,16,3,1
8783,4382,2024-09-28 23:13:48,android,xiaomi,0,0,83,1,1
8784,4382,2024-09-10 23:13:48,android,apple,0,0,48,5,1
8785,4383,2024-05-09 23:01:34,android,xiaomi,0,0,33,1,1
8786,4384,2024-12-11 23:05:56,android,samsung,0,0,8,4,1
8787,4385,2025-06-22 10:26:15,android,oppo,0,0,69,4,1
8788,4385,2025-04-09 10:26:15,android,apple,0,0,12,2,1
8789,4386,2024-07-02 20:47:47,android,xiaomi,0,0,47,1,1
8790,4386,2024-06-05 20:47:47,ios,oppo,0,0,81,3,1
8791,4387,2025-11-18 14:35:21,ios,apple,0,0,9,4,1
8792,4387,2025-10-04 14:35:21,android,vivo,0,0,46,3,1
8793,4387,2025-10-22 14:35:21,android,vivo,0,0,45,3,1
8794,4388,2024-04-19 22:35:57,ios,oppo,0,0,42,2,1
8795,4388,2024-03-06 22:35:57,android,huawei,0,0,43,1,1
8796,4389,2024-05-15 07:04:42,android,oppo,0,0,29,1,1
8797,4389,2024-03-19 07:04:42,android,samsung,0,0,56,4,1
8798,4390,2025-01-09 10:48:42,ios,huawei,0,0,45,1,1
8799,4390,2025-02-02 10:48:42,android,other,0,0,47,2,1
8800,4390,2025-04-06 10:48:42,ios,vivo,0,0,2,1,0
8801,4391,2025-04-11 22:29:48,ios,oppo,0,0,22,1,0
8802,4391,2025-01-20 22:29:48,android,apple,0,0,37,1,1
8803,4392,2024-10-13 06:22:35,android,vivo,0,0,42,1,1
8804,4392,2024-09-09 06:22:35,android,huawei,0,0,52,3,0
8805,4392,2024-07-31 06:22:35,ios,apple,0,0,43,1,1
8806,4393,2024-09-20 17:55:18,ios,oppo,0,0,90,1,1
8807,4393,2024-07-11 17:55:18,android,xiaomi,0,0,33,1,1
8808,4394,2024-06-04 23:06:29,ios,apple,0,0,33,4,1
8809,4394,2024-05-05 23:06:29,android,apple,0,0,67,1,1
8810,4395,2025-08-13 22:26:11,android,xiaomi,0,0,57,1,1
8811,4396,2024-11-16 16:32:30,android,oppo,0,0,65,3,1
8812,4396,2024-12-10 16:32:30,android,vivo,0,0,19,4,1
8813,4396,2024-11-13 16:32:30,android,vivo,0,0,0,1,1
8814,4397,2024-03-26 15:13:38,ios,huawei,0,0,46,2,1
8815,4398,2025-02-05 21:10:39,android,oppo,0,0,61,1,1
8816,4399,2026-02-04 01:08:27,ios,oppo,0,0,39,4,1
8817,4399,2026-01-18 01:08:27,android,huawei,0,0,47,1,1
8818,4400,2024-10-03 16:52:15,ios,huawei,0,0,71,2,1
8819,4400,2024-08-09 16:52:15,android,xiaomi,0,0,39,1,1
8820,4401,2026-01-19 03:38:41,android,huawei,0,0,15,1,1
8821,4401,2025-10-10 03:38:41,android,apple,0,0,27,1,1
8822,4402,2024-08-27 21:10:57,android,apple,1,0,8,2,1
8823,4402,2024-09-04 21:10:57,android,vivo,0,0,53,4,1
8824,4402,2024-10-17 21:10:57,ios,apple,0,0,43,1,0
8825,4403,2024-06-08 18:16:18,android,other,0,0,13,1,1
8826,4403,2024-07-30 18:16:18,android,xiaomi,0,0,76,4,1
8827,4403,2024-05-08 18:16:18,ios,other,0,0,48,1,1
8828,4404,2024-08-13 06:27:18,android,huawei,0,0,29,3,1
8829,4404,2024-09-27 06:27:18,android,xiaomi,0,0,45,2,1
8830,4405,2024-10-21 23:37:05,ios,xiaomi,0,0,51,1,1
8831,4406,2024-07-17 01:04:18,android,huawei,0,0,19,4,1
8832,4407,2025-04-11 23:21:53,android,xiaomi,0,0,68,1,1
8833,4407,2025-04-05 23:21:53,android,samsung,0,0,47,4,1
8834,4407,2025-04-16 23:21:53,android,oppo,0,0,35,1,1
8835,4408,2024-11-05 10:00:58,android,apple,0,0,52,2,1
8836,4408,2024-09-03 10:00:58,ios,samsung,0,0,16,2,1
8837,4408,2024-12-01 10:00:58,android,vivo,0,0,48,1,1
8838,4409,2025-08-17 04:27:07,android,huawei,0,0,29,1,1
8839,4409,2025-09-09 04:27:07,android,apple,0,0,46,2,1
8840,4410,2025-03-26 10:08:19,android,huawei,0,0,56,3,1
8841,4411,2025-02-07 03:20:00,android,oppo,0,0,0,2,1
8842,4411,2025-01-21 03:20:00,android,other,0,0,69,5,0
8843,4412,2024-12-17 19:49:37,android,oppo,0,0,29,3,1
8844,4412,2025-02-18 19:49:37,android,vivo,0,0,0,1,1
8845,4413,2024-06-16 02:13:26,android,apple,0,0,64,3,1
8846,4414,2025-08-09 09:39:55,android,xiaomi,0,0,61,4,1
8847,4414,2025-08-20 09:39:55,android,vivo,0,0,16,2,1
8848,4414,2025-06-08 09:39:55,android,xiaomi,0,0,16,3,1
8849,4415,2024-06-09 00:44:03,android,samsung,0,0,53,5,1
8850,4415,2024-04-10 00:44:03,android,oppo,0,0,60,4,1
8851,4415,2024-05-06 00:44:03,android,xiaomi,0,0,27,3,0
8852,4416,2025-08-10 17:11:08,android,oppo,0,0,44,3,1
8853,4417,2026-03-23 19:53:19,android,xiaomi,0,0,33,3,1
8854,4417,2026-02-07 19:53:19,android,other,0,0,42,1,1
8855,4417,2026-03-18 19:53:19,android,huawei,0,0,32,3,1
8856,4418,2025-07-29 17:14:51,ios,xiaomi,0,0,38,2,1
8857,4418,2025-09-30 17:14:51,ios,other,0,0,11,1,0
8858,4418,2025-09-17 17:14:51,android,oppo,0,0,14,1,1
8859,4419,2025-02-28 09:46:08,android,apple,0,0,77,1,1
8860,4419,2025-01-23 09:46:08,android,other,0,0,48,1,1
8861,4420,2024-11-12 13:36:49,ios,xiaomi,0,0,55,1,1
8862,4420,2024-08-24 13:36:49,android,xiaomi,0,0,66,1,1
8863,4420,2024-10-29 13:36:49,android,xiaomi,0,0,46,2,1
8864,4421,2025-10-22 22:45:22,android,huawei,0,0,38,3,1
8865,4422,2024-09-14 17:59:22,android,oppo,0,0,49,1,1
8866,4423,2025-02-02 03:13:39,android,huawei,0,1,54,1,1
8867,4423,2024-12-20 03:13:39,android,vivo,0,0,11,4,1
8868,4423,2025-01-10 03:13:39,android,xiaomi,0,0,46,2,1
8869,4424,2025-09-27 17:41:55,android,apple,0,0,53,2,1
8870,4425,2025-11-19 07:42:20,android,apple,0,0,38,1,1
8871,4425,2025-12-06 07:42:20,android,oppo,0,0,44,1,1
8872,4425,2025-12-17 07:42:20,ios,vivo,0,0,66,1,1
8873,4426,2025-10-31 07:09:00,android,other,0,0,55,1,0
8874,4426,2025-11-24 07:09:00,android,vivo,0,0,72,1,1
8875,4426,2025-10-28 07:09:00,android,xiaomi,0,0,31,2,0
8876,4427,2024-02-28 01:32:39,android,apple,0,1,62,1,1
8877,4427,2024-05-04 01:32:39,android,other,0,0,18,4,1
8878,4428,2025-10-21 17:34:21,android,xiaomi,0,0,42,2,1
8879,4428,2025-10-26 17:34:21,android,xiaomi,0,0,71,1,1
8880,4429,2024-04-25 05:36:58,android,xiaomi,0,0,48,1,1
8881,4429,2024-06-18 05:36:58,android,other,0,0,45,1,1
8882,4429,2024-03-30 05:36:58,android,other,0,0,37,3,0
8883,4430,2025-06-16 16:01:21,ios,other,1,0,37,5,1
8884,4431,2025-12-18 15:09:21,android,oppo,0,0,53,2,1
8885,4431,2025-11-11 15:09:21,android,xiaomi,0,1,51,3,1
8886,4432,2025-07-25 00:12:17,android,other,0,0,16,3,1
8887,4433,2026-03-07 16:04:41,ios,apple,0,0,5,4,1
8888,4433,2026-02-15 16:04:41,android,apple,0,0,39,4,0
8889,4434,2024-12-05 08:43:59,android,other,0,0,40,1,1
8890,4435,2024-08-13 17:50:58,android,vivo,0,0,35,4,1
8891,4436,2024-08-28 03:17:48,android,oppo,0,0,70,2,1
8892,4436,2024-11-24 03:17:48,android,samsung,0,0,23,2,1
8893,4437,2024-10-27 06:29:19,ios,vivo,0,0,21,1,1
8894,4437,2024-10-24 06:29:19,android,oppo,0,0,60,1,1
8895,4437,2025-01-05 06:29:19,android,oppo,0,0,50,2,1
8896,4438,2025-05-12 10:45:39,android,samsung,0,0,49,4,1
8897,4438,2025-07-30 10:45:39,ios,huawei,0,0,59,1,1
8898,4438,2025-07-05 10:45:39,android,xiaomi,0,0,49,2,1
8899,4439,2024-11-26 06:55:41,android,apple,1,0,78,1,1
8900,4439,2025-03-12 06:55:41,android,oppo,1,0,53,3,1
8901,4440,2025-08-14 07:45:57,ios,xiaomi,0,0,44,2,1
8902,4440,2025-06-16 07:45:57,android,samsung,0,0,0,1,1
8903,4441,2024-12-14 19:09:09,ios,xiaomi,0,0,27,1,1
8904,4442,2024-11-22 15:20:50,ios,oppo,0,0,16,2,1
8905,4443,2024-08-19 17:35:31,android,xiaomi,0,0,100,1,1
8906,4444,2025-02-17 06:31:38,android,oppo,0,0,54,1,1
8907,4444,2025-05-22 06:31:38,android,vivo,0,0,30,1,1
8908,4444,2025-02-19 06:31:38,android,vivo,0,0,63,1,1
8909,4445,2026-01-03 19:32:12,android,apple,0,0,45,1,1
8910,4445,2025-12-27 19:32:12,android,oppo,0,1,78,1,1
8911,4445,2025-12-30 19:32:12,android,oppo,0,0,56,3,1
8912,4446,2025-11-23 01:05:28,android,xiaomi,0,0,15,2,1
8913,4446,2025-09-17 01:05:28,android,samsung,0,0,26,1,1
8914,4447,2024-07-02 21:56:56,android,huawei,0,0,29,2,1
8915,4448,2024-12-13 16:09:04,android,apple,0,0,62,2,0
8916,4449,2025-09-14 20:22:21,android,apple,0,0,36,1,1
8917,4449,2025-07-23 20:22:21,android,vivo,0,0,37,2,1
8918,4450,2025-06-15 01:40:15,ios,other,0,0,41,3,1
8919,4450,2025-05-08 01:40:15,android,oppo,0,1,58,3,1
8920,4450,2025-04-19 01:40:15,ios,xiaomi,0,0,5,1,1
8921,4451,2024-03-15 00:34:02,android,apple,0,0,32,2,1
8922,4451,2024-02-25 00:34:02,android,huawei,0,0,38,1,1
8923,4452,2025-06-23 11:20:28,android,oppo,0,0,22,1,0
8924,4452,2025-05-16 11:20:28,android,apple,0,0,55,2,0
8925,4453,2024-04-28 06:55:23,android,huawei,0,0,39,2,1
8926,4453,2024-02-26 06:55:23,android,xiaomi,0,0,34,1,1
8927,4453,2024-04-09 06:55:23,android,apple,0,0,37,1,1
8928,4454,2024-03-25 01:03:47,ios,huawei,0,0,30,1,1
8929,4454,2024-06-19 01:03:47,android,vivo,0,0,79,1,1
8930,4455,2025-05-08 05:21:28,ios,vivo,0,0,34,5,1
8931,4456,2024-04-22 20:37:46,android,vivo,0,0,41,2,1
8932,4456,2024-04-11 20:37:46,android,vivo,0,0,39,1,1
8933,4456,2024-03-22 20:37:46,android,vivo,0,0,16,1,1
8934,4457,2024-12-16 11:33:28,android,apple,0,0,32,1,0
8935,4457,2024-10-06 11:33:28,ios,apple,0,0,54,1,1
8936,4457,2024-12-18 11:33:28,ios,xiaomi,0,0,13,2,1
8937,4458,2025-05-04 13:13:47,android,xiaomi,0,0,0,1,1
8938,4459,2025-07-25 11:38:54,ios,xiaomi,0,0,31,1,1
8939,4459,2025-06-13 11:38:54,android,apple,0,0,35,2,1
8940,4459,2025-08-10 11:38:54,ios,huawei,0,0,31,1,1
8941,4460,2024-12-13 09:12:12,ios,samsung,0,0,54,1,1
8942,4460,2024-12-07 09:12:12,ios,other,0,0,22,2,1
8943,4461,2024-04-04 15:15:05,android,oppo,0,0,72,2,1
8944,4462,2025-10-05 08:18:41,android,huawei,0,1,45,3,1
8945,4462,2025-10-11 08:18:41,ios,vivo,0,0,27,4,1
8946,4462,2025-11-25 08:18:41,android,xiaomi,0,0,38,2,1
8947,4463,2026-01-12 09:23:46,android,xiaomi,0,0,50,1,1
8948,4464,2025-12-17 18:22:21,android,vivo,0,0,48,2,1
8949,4465,2025-10-14 09:58:24,android,oppo,0,0,4,3,1
8950,4465,2025-09-29 09:58:24,android,oppo,0,0,61,3,0
8951,4466,2025-02-02 14:52:50,ios,huawei,0,0,48,2,0
8952,4466,2024-10-22 14:52:50,android,other,0,0,40,2,1
8953,4466,2024-12-01 14:52:50,ios,other,0,0,58,1,1
8954,4467,2025-09-25 16:12:06,android,oppo,0,0,45,1,1
8955,4467,2026-01-19 16:12:06,android,other,0,1,23,1,0
8956,4467,2025-11-10 16:12:06,android,apple,0,0,65,1,1
8957,4468,2025-01-12 08:49:33,android,xiaomi,0,0,34,1,1
8958,4469,2024-06-01 14:57:50,android,xiaomi,0,0,36,1,1
8959,4470,2025-10-04 21:35:31,android,oppo,0,0,55,1,1
8960,4470,2025-09-24 21:35:31,android,other,0,0,61,1,0
8961,4470,2025-12-06 21:35:31,android,xiaomi,0,0,51,3,1
8962,4471,2024-09-21 17:13:12,android,xiaomi,0,0,29,1,1
8963,4471,2024-09-09 17:13:12,android,apple,0,0,50,3,1
8964,4472,2026-02-06 06:03:12,android,samsung,0,0,77,3,1
8965,4472,2025-12-17 06:03:12,android,samsung,0,0,23,3,1
8966,4473,2024-12-27 21:23:23,ios,samsung,0,0,51,1,0
8967,4474,2025-10-23 15:47:50,android,apple,0,0,15,2,1
8968,4474,2025-09-19 15:47:50,android,oppo,0,0,66,3,0
8969,4475,2025-03-27 03:15:53,android,xiaomi,0,0,34,1,1
8970,4476,2024-12-14 04:45:14,android,oppo,0,0,57,1,0
8971,4476,2025-03-03 04:45:14,android,vivo,0,0,17,2,1
8972,4477,2024-11-06 17:08:09,ios,other,0,0,34,3,1
8973,4478,2025-10-31 01:30:51,android,vivo,0,0,19,2,1
8974,4479,2024-02-23 06:15:02,android,oppo,1,0,31,1,1
8975,4480,2025-03-04 06:39:23,android,huawei,0,0,24,1,0
8976,4481,2024-12-03 06:44:57,android,vivo,0,0,26,2,1
8977,4481,2024-10-15 06:44:57,android,apple,0,0,38,2,0
8978,4481,2024-11-09 06:44:57,android,vivo,0,0,40,4,1
8979,4482,2025-02-06 16:13:07,android,xiaomi,0,0,55,1,1
8980,4482,2025-02-20 16:13:07,android,vivo,0,0,50,4,1
8981,4482,2025-01-23 16:13:07,ios,xiaomi,0,0,42,2,1
8982,4483,2024-08-01 19:42:14,ios,other,0,0,18,2,1
8983,4483,2024-07-25 19:42:14,android,oppo,0,0,49,1,1
8984,4484,2025-07-15 03:39:11,ios,vivo,0,0,50,1,1
8985,4484,2025-07-23 03:39:11,android,oppo,0,0,25,2,1
8986,4484,2025-05-20 03:39:11,android,huawei,0,0,25,1,1
8987,4485,2024-11-19 17:20:27,android,apple,0,0,35,2,0
8988,4485,2024-11-04 17:20:27,android,xiaomi,0,0,26,1,0
8989,4485,2024-11-25 17:20:27,ios,huawei,0,0,66,1,0
8990,4486,2024-08-15 08:03:16,android,xiaomi,0,0,54,1,0
8991,4487,2024-06-01 18:43:52,android,xiaomi,0,0,5,5,1
8992,4488,2025-05-19 10:46:21,android,vivo,0,0,37,1,1
8993,4488,2025-07-24 10:46:21,android,oppo,0,0,55,1,1
8994,4488,2025-05-23 10:46:21,android,huawei,0,0,30,2,1
8995,4489,2024-09-04 04:25:28,android,huawei,0,0,32,1,1
8996,4489,2024-08-06 04:25:28,ios,apple,0,0,54,2,1
8997,4490,2025-05-23 16:12:18,android,apple,0,0,0,2,0
8998,4491,2024-10-15 17:48:50,android,xiaomi,0,0,59,1,1
8999,4491,2024-12-12 17:48:50,android,xiaomi,0,0,69,1,1
9000,4492,2025-01-21 08:27:18,android,huawei,0,0,69,3,1
9001,4492,2024-12-14 08:27:18,android,xiaomi,0,0,38,2,1
9002,4493,2024-08-20 11:15:50,android,xiaomi,0,1,0,1,0
9003,4493,2024-10-16 11:15:50,android,huawei,0,0,55,2,1
9004,4494,2024-10-17 03:07:01,android,xiaomi,0,0,55,1,1
9005,4494,2024-10-23 03:07:01,android,xiaomi,0,0,54,4,1
9006,4495,2025-09-05 17:29:50,android,vivo,0,0,69,1,1
9007,4496,2025-03-02 18:01:36,ios,xiaomi,0,0,13,2,1
9008,4496,2025-01-30 18:01:36,ios,huawei,0,0,64,2,1
9009,4496,2025-02-09 18:01:36,ios,huawei,0,0,56,2,1
9010,4497,2026-02-17 04:47:28,android,huawei,0,0,35,1,1
9011,4498,2025-07-28 10:59:48,android,samsung,0,0,47,2,1
9012,4498,2025-08-19 10:59:48,android,other,0,0,23,1,1
9013,4499,2024-01-31 06:53:43,android,apple,0,0,4,1,1
9014,4499,2024-04-30 06:53:43,android,samsung,0,0,61,1,0
9015,4500,2024-11-07 13:45:59,android,apple,0,1,63,3,1
9016,4501,2024-11-07 14:11:04,android,oppo,0,0,58,3,1
9017,4502,2025-05-29 21:20:29,ios,huawei,0,0,44,3,1
9018,4503,2024-08-11 22:18:59,android,samsung,0,0,36,3,1
9019,4504,2026-03-14 07:52:11,ios,huawei,0,0,36,1,1
9020,4504,2025-12-07 07:52:11,android,oppo,0,0,51,1,1
9021,4505,2024-11-18 13:04:02,android,oppo,0,1,25,1,1
9022,4506,2025-02-13 01:05:29,ios,xiaomi,0,0,51,1,1
9023,4506,2025-01-12 01:05:29,android,xiaomi,0,0,44,1,1
9024,4507,2024-03-23 17:24:29,android,other,0,0,70,1,1
9025,4508,2026-01-21 03:39:12,android,apple,0,0,32,1,1
9026,4509,2025-11-05 15:36:57,android,oppo,0,0,58,1,1
9027,4509,2025-12-30 15:36:57,android,apple,0,0,34,1,1
9028,4510,2025-11-07 09:08:39,android,xiaomi,0,0,57,1,1
9029,4510,2025-08-04 09:08:39,ios,oppo,0,0,19,2,1
9030,4511,2024-09-23 16:31:56,android,vivo,0,0,35,1,0
9031,4511,2024-11-03 16:31:56,android,oppo,0,0,5,1,1
9032,4512,2024-05-13 20:45:04,ios,oppo,0,0,84,2,0
9033,4513,2025-07-24 00:07:23,android,oppo,0,0,100,3,1
9034,4514,2024-11-06 05:48:44,android,oppo,0,0,52,5,1
9035,4515,2026-02-26 23:22:23,android,other,0,0,4,1,1
9036,4516,2025-08-03 18:32:18,ios,xiaomi,0,0,33,5,1
9037,4516,2025-05-28 18:32:18,android,vivo,0,1,26,1,1
9038,4517,2025-01-25 04:52:08,ios,samsung,0,0,68,4,1
9039,4518,2026-02-18 07:11:33,android,xiaomi,0,0,35,1,1
9040,4518,2026-02-02 07:11:33,android,huawei,0,0,44,1,1
9041,4518,2026-01-09 07:11:33,android,xiaomi,0,0,24,2,1
9042,4519,2025-08-06 08:14:28,android,vivo,0,0,54,1,0
9043,4520,2024-12-05 14:45:09,android,apple,0,0,41,3,0
9044,4521,2024-03-16 18:19:46,android,huawei,0,0,3,1,1
9045,4521,2024-03-14 18:19:46,android,oppo,0,0,20,1,1
9046,4522,2024-04-27 17:36:04,android,oppo,0,0,53,1,1
9047,4523,2024-11-14 21:56:02,android,xiaomi,0,0,76,2,1
9048,4523,2024-12-02 21:56:02,android,oppo,0,0,29,4,1
9049,4524,2025-04-26 06:24:02,android,oppo,0,0,36,3,1
9050,4524,2025-05-07 06:24:02,android,xiaomi,0,0,22,1,1
9051,4525,2024-03-07 00:15:45,android,xiaomi,0,0,61,1,1
9052,4526,2024-06-07 09:23:51,android,vivo,0,0,64,4,1
9053,4526,2024-04-30 09:23:51,android,apple,0,0,22,1,1
9054,4527,2025-05-22 03:15:04,android,huawei,0,0,38,2,1
9055,4528,2025-10-12 14:37:21,android,xiaomi,0,0,43,4,1
9056,4528,2025-10-03 14:37:21,android,vivo,0,0,12,1,1
9057,4529,2024-04-09 18:17:41,android,huawei,0,0,37,2,1
9058,4529,2024-02-21 18:17:41,ios,huawei,1,0,31,1,1
9059,4530,2025-04-14 14:30:03,android,apple,0,0,9,1,1
9060,4530,2025-04-10 14:30:03,android,vivo,0,0,5,1,1
9061,4531,2024-06-03 02:40:25,android,xiaomi,0,0,49,5,1
9062,4531,2024-04-12 02:40:25,android,oppo,0,0,26,2,0
9063,4532,2025-07-23 02:31:03,android,xiaomi,0,0,53,4,1
9064,4533,2025-11-02 20:57:57,android,apple,0,0,47,1,1
9065,4533,2025-09-05 20:57:57,android,samsung,0,0,64,1,1
9066,4533,2025-10-20 20:57:57,android,other,0,0,32,2,1
9067,4534,2025-10-21 15:13:09,android,oppo,1,0,52,1,1
9068,4534,2025-12-07 15:13:09,android,xiaomi,0,0,58,1,1
9069,4534,2025-11-25 15:13:09,android,other,0,0,20,2,1
9070,4535,2025-04-14 16:01:25,android,oppo,0,0,48,3,1
9071,4536,2025-06-17 03:10:09,android,oppo,0,0,24,1,1
9072,4536,2025-04-20 03:10:09,android,huawei,0,0,45,1,1
9073,4537,2026-01-01 09:52:26,android,samsung,0,1,21,1,1
9074,4537,2026-01-31 09:52:26,android,huawei,0,0,37,1,1
9075,4538,2025-03-19 01:56:13,android,huawei,0,1,9,3,1
9076,4538,2025-04-20 01:56:13,android,vivo,0,0,36,1,1
9077,4538,2025-06-07 01:56:13,android,vivo,0,0,13,2,1
9078,4539,2025-01-31 18:43:34,ios,other,0,0,70,2,1
9079,4540,2025-08-14 20:04:17,android,other,0,0,49,3,1
9080,4540,2025-09-22 20:04:17,ios,oppo,0,0,60,5,1
9081,4541,2025-05-22 07:30:11,ios,huawei,0,0,55,4,1
9082,4541,2025-02-28 07:30:11,android,xiaomi,0,0,50,1,1
9083,4542,2025-10-14 23:48:41,android,huawei,0,0,89,2,1
9084,4542,2025-12-09 23:48:41,android,samsung,0,0,46,1,1
9085,4542,2025-09-30 23:48:41,android,xiaomi,0,0,44,1,1
9086,4543,2025-05-01 00:45:16,ios,huawei,1,0,23,2,1
9087,4543,2025-04-07 00:45:16,android,xiaomi,0,0,13,1,0
9088,4544,2025-11-22 09:49:20,android,huawei,0,0,34,2,1
9089,4544,2025-12-22 09:49:20,android,huawei,0,0,98,4,1
9090,4544,2025-10-17 09:49:20,android,xiaomi,0,0,64,2,1
9091,4545,2024-02-24 18:01:13,android,xiaomi,0,0,50,1,1
9092,4546,2024-01-21 14:15:25,android,apple,0,0,16,2,1
9093,4547,2024-06-20 07:09:22,android,oppo,0,0,46,1,1
9094,4547,2024-06-29 07:09:22,android,apple,0,0,50,2,1
9095,4547,2024-03-18 07:09:22,android,vivo,0,0,47,2,1
9096,4548,2025-02-24 00:27:14,android,other,0,0,52,2,1
9097,4549,2025-09-10 13:15:29,android,oppo,1,0,37,2,1
9098,4549,2025-08-21 13:15:29,android,oppo,0,0,56,1,1
9099,4549,2025-09-07 13:15:29,android,oppo,0,0,31,4,1
9100,4550,2024-07-18 21:02:17,android,other,0,0,75,4,0
9101,4551,2024-05-18 16:41:59,ios,vivo,0,0,47,2,1
9102,4551,2024-06-12 16:41:59,android,huawei,0,0,15,1,1
9103,4552,2025-09-22 01:15:36,ios,oppo,0,0,57,1,1
9104,4552,2025-12-20 01:15:36,ios,oppo,0,0,11,1,1
9105,4552,2025-11-02 01:15:36,android,samsung,0,0,32,4,1
9106,4553,2025-07-21 21:26:56,android,xiaomi,0,0,25,2,1
9107,4553,2025-08-21 21:26:56,ios,xiaomi,0,0,22,4,1
9108,4554,2025-04-25 07:55:38,ios,vivo,0,0,68,1,1
9109,4555,2025-03-25 12:12:07,android,vivo,0,0,63,1,1
9110,4556,2025-01-16 18:17:52,ios,other,0,0,29,1,1
9111,4556,2025-01-10 18:17:52,android,xiaomi,0,0,50,2,0
9112,4557,2024-04-03 23:38:51,ios,other,0,0,73,1,1
9113,4557,2024-04-01 23:38:51,ios,xiaomi,0,0,25,3,1
9114,4557,2024-04-26 23:38:51,android,vivo,0,0,45,4,1
9115,4558,2024-06-05 07:35:09,android,oppo,0,0,48,3,1
9116,4558,2024-06-03 07:35:09,android,vivo,0,0,31,4,1
9117,4559,2025-12-04 19:18:48,android,samsung,0,0,22,2,1
9118,4559,2026-02-04 19:18:48,android,apple,0,0,55,1,1
9119,4560,2024-10-23 11:41:38,android,other,0,0,57,3,1
9120,4560,2024-11-14 11:41:38,android,samsung,0,0,4,1,1
9121,4561,2025-08-11 07:35:09,android,vivo,0,0,54,3,1
9122,4561,2025-06-25 07:35:09,android,apple,0,0,41,3,1
9123,4562,2025-08-17 18:11:06,android,other,0,0,24,2,1
9124,4562,2025-07-20 18:11:06,android,oppo,0,0,53,1,1
9125,4563,2024-11-06 21:04:30,android,vivo,0,0,36,1,1
9126,4564,2024-08-22 04:22:45,android,huawei,0,0,20,1,1
9127,4564,2024-08-25 04:22:45,android,oppo,0,0,56,4,1
9128,4565,2025-08-11 22:00:01,android,xiaomi,0,0,57,2,0
9129,4566,2024-04-27 07:34:23,ios,huawei,0,0,29,2,1
9130,4567,2025-02-22 05:17:51,ios,oppo,0,0,44,2,1
9131,4568,2025-10-07 06:15:49,android,huawei,0,0,24,2,1
9132,4569,2025-07-05 06:29:20,android,huawei,0,0,9,1,1
9133,4569,2025-09-20 06:29:20,ios,other,0,0,52,5,0
9134,4570,2025-08-08 20:57:55,android,oppo,0,0,52,2,1
9135,4571,2024-03-28 18:50:50,ios,vivo,0,0,65,1,1
9136,4571,2024-02-23 18:50:50,android,vivo,0,1,47,2,1
9137,4572,2024-08-25 20:24:25,android,apple,0,0,35,2,1
9138,4572,2024-09-13 20:24:25,android,apple,0,0,47,4,1
9139,4572,2024-05-24 20:24:25,android,samsung,0,0,64,1,1
9140,4573,2024-10-24 19:43:10,android,apple,0,0,41,2,1
9141,4573,2024-08-12 19:43:10,android,xiaomi,0,0,14,3,1
9142,4573,2024-10-16 19:43:10,android,huawei,0,0,60,2,0
9143,4574,2024-10-20 09:17:53,android,xiaomi,0,1,21,2,0
9144,4574,2024-11-19 09:17:53,android,xiaomi,0,0,15,2,0
9145,4574,2024-09-19 09:17:53,ios,other,0,0,37,1,1
9146,4575,2024-07-26 16:18:25,android,samsung,0,0,36,4,1
9147,4576,2026-03-04 14:40:10,android,apple,0,0,1,1,1
9148,4576,2026-01-14 14:40:10,ios,huawei,0,0,0,4,1
9149,4576,2026-01-03 14:40:10,android,apple,0,0,58,3,1
9150,4577,2024-07-29 10:00:10,android,huawei,0,0,51,3,1
9151,4577,2024-06-05 10:00:10,android,oppo,0,0,70,4,1
9152,4577,2024-07-06 10:00:10,android,apple,0,0,30,2,1
9153,4578,2025-06-03 23:23:31,ios,xiaomi,0,0,48,1,1
9154,4579,2025-05-13 07:53:13,android,xiaomi,0,0,43,3,1
9155,4579,2025-04-05 07:53:13,android,huawei,0,0,40,1,1
9156,4580,2025-06-13 16:20:43,ios,huawei,0,0,43,1,1
9157,4581,2024-07-22 16:43:10,android,samsung,0,0,0,3,1
9158,4581,2024-06-02 16:43:10,android,other,0,0,61,1,1
9159,4581,2024-08-29 16:43:10,ios,apple,0,0,80,4,1
9160,4582,2024-10-11 13:39:03,android,samsung,0,0,48,2,1
9161,4582,2024-11-04 13:39:03,android,huawei,0,1,20,4,1
9162,4583,2025-03-14 17:51:05,android,other,0,0,21,1,1
9163,4584,2024-07-30 08:40:21,android,xiaomi,0,0,48,2,1
9164,4585,2025-07-29 16:52:57,ios,samsung,0,0,36,1,1
9165,4585,2025-05-20 16:52:57,android,apple,0,0,47,3,1
9166,4586,2024-05-09 20:27:13,android,oppo,0,0,28,2,1
9167,4586,2024-03-19 20:27:13,android,vivo,0,0,65,1,1
9168,4586,2024-05-09 20:27:13,android,xiaomi,0,0,49,1,1
9169,4587,2024-03-03 03:48:56,android,oppo,0,0,32,2,1
9170,4587,2024-05-26 03:48:56,android,vivo,0,0,38,1,1
9171,4588,2025-08-19 19:00:08,android,apple,0,0,19,3,1
9172,4588,2025-06-22 19:00:08,ios,apple,0,0,45,5,1
9173,4588,2025-08-11 19:00:08,android,vivo,0,0,0,1,1
9174,4589,2025-06-25 05:37:14,ios,vivo,0,0,37,2,1
9175,4589,2025-05-11 05:37:14,ios,vivo,0,0,88,4,0
9176,4590,2024-04-24 12:25:47,android,samsung,0,0,50,4,0
9177,4590,2024-02-22 12:25:47,android,xiaomi,0,0,42,2,0
9178,4590,2024-05-14 12:25:47,ios,oppo,0,0,69,1,1
9179,4591,2026-01-30 07:10:02,android,other,0,0,46,2,1
9180,4591,2026-01-13 07:10:02,ios,huawei,0,0,47,2,1
9181,4592,2024-03-06 13:06:01,android,huawei,0,0,47,1,1
9182,4592,2024-03-16 13:06:01,ios,huawei,0,0,13,3,1
9183,4592,2024-03-06 13:06:01,android,vivo,0,0,41,1,1
9184,4593,2026-01-07 13:16:46,ios,other,0,0,28,2,1
9185,4593,2026-01-18 13:16:46,android,apple,0,0,32,1,1
9186,4594,2025-06-17 12:45:14,android,vivo,0,0,27,2,1
9187,4594,2025-07-09 12:45:14,android,xiaomi,0,1,35,1,1
9188,4595,2026-01-17 08:12:43,ios,xiaomi,0,0,2,2,0
9189,4596,2026-02-21 16:16:05,ios,vivo,0,0,10,1,1
9190,4597,2024-10-20 13:57:44,ios,samsung,0,0,54,2,1
9191,4598,2025-10-19 05:56:00,android,xiaomi,0,0,1,1,1
9192,4598,2025-10-14 05:56:00,android,vivo,0,0,22,5,1
9193,4598,2025-10-10 05:56:00,android,other,0,0,44,1,1
9194,4599,2024-08-07 23:11:11,ios,samsung,0,0,43,4,1
9195,4599,2024-08-06 23:11:11,android,other,0,0,52,1,1
9196,4600,2025-03-20 07:08:10,ios,xiaomi,0,0,46,1,1
9197,4600,2025-02-10 07:08:10,android,oppo,0,0,48,3,1
9198,4601,2024-06-28 06:41:39,android,vivo,0,0,36,2,1
9199,4601,2024-08-25 06:41:39,ios,samsung,0,0,56,1,1
9200,4601,2024-06-27 06:41:39,android,other,0,0,44,2,1
9201,4602,2025-03-28 19:30:45,android,xiaomi,0,0,4,1,1
9202,4602,2025-04-03 19:30:45,android,oppo,0,0,0,1,1
9203,4602,2025-01-28 19:30:45,android,xiaomi,0,0,33,1,1
9204,4603,2025-11-11 19:25:11,android,oppo,0,0,63,2,0
9205,4603,2026-01-06 19:25:11,ios,xiaomi,0,0,63,5,1
9206,4603,2025-11-25 19:25:11,ios,oppo,0,0,12,2,1
9207,4604,2024-12-09 09:06:36,android,apple,0,1,39,2,1
9208,4605,2024-04-28 10:44:32,android,xiaomi,0,0,17,1,1
9209,4606,2024-11-03 23:45:25,android,apple,0,0,72,1,1
9210,4606,2024-10-18 23:45:25,android,vivo,0,0,55,2,1
9211,4607,2025-09-01 03:52:52,android,xiaomi,0,0,28,1,1
9212,4607,2025-10-17 03:52:52,android,huawei,0,0,58,1,1
9213,4607,2025-11-04 03:52:52,android,xiaomi,0,0,64,1,1
9214,4608,2025-04-03 20:25:58,android,samsung,0,0,48,3,1
9215,4608,2025-04-01 20:25:58,android,other,0,0,88,1,1
9216,4609,2025-04-11 22:28:33,ios,apple,0,0,52,1,1
9217,4609,2025-02-22 22:28:33,ios,xiaomi,0,0,43,1,1
9218,4609,2025-04-09 22:28:33,ios,other,0,0,43,2,1
9219,4610,2025-01-08 17:45:53,ios,other,0,0,50,1,1
9220,4611,2024-10-25 17:29:09,android,xiaomi,0,0,19,1,0
9221,4612,2025-04-07 15:54:04,ios,vivo,0,0,59,1,1
9222,4612,2025-06-09 15:54:04,android,apple,0,0,17,3,1
9223,4613,2025-04-30 03:42:39,ios,vivo,0,0,18,1,1
9224,4613,2025-07-24 03:42:39,ios,apple,0,0,24,4,1
9225,4614,2026-01-12 15:03:49,ios,samsung,0,0,29,1,1
9226,4615,2025-07-14 23:31:48,android,xiaomi,0,0,58,1,1
9227,4615,2025-04-03 23:31:48,android,huawei,0,0,51,2,1
9228,4615,2025-07-02 23:31:48,android,huawei,0,0,29,1,1
9229,4616,2026-03-27 08:33:53,ios,samsung,0,0,45,2,1
9230,4616,2026-03-25 08:33:53,android,other,0,0,80,4,1
9231,4617,2025-12-02 09:37:46,android,xiaomi,0,0,35,1,1
9232,4618,2024-03-24 11:34:56,android,oppo,0,0,43,4,1
9233,4618,2024-04-04 11:34:56,android,vivo,0,0,63,2,1
9234,4619,2024-10-13 06:50:58,android,vivo,0,0,32,3,1
9235,4619,2025-01-01 06:50:58,android,other,0,0,38,3,1
9236,4619,2024-12-27 06:50:58,ios,oppo,0,0,57,1,1
9237,4620,2024-12-05 19:39:15,android,apple,0,0,52,2,1
9238,4621,2024-01-01 04:55:21,android,vivo,0,0,34,1,1
9239,4621,2024-02-06 04:55:21,android,vivo,0,0,42,2,1
9240,4622,2024-07-16 21:58:21,ios,xiaomi,0,0,59,1,1
9241,4622,2024-08-13 21:58:21,android,xiaomi,0,0,51,1,1
9242,4622,2024-05-19 21:58:21,android,apple,0,0,68,1,1
9243,4623,2025-08-01 09:32:06,ios,oppo,0,0,46,1,0
9244,4623,2025-09-26 09:32:06,android,apple,0,0,41,2,0
9245,4623,2025-08-08 09:32:06,android,xiaomi,0,0,55,1,1
9246,4624,2024-09-08 01:09:02,ios,oppo,0,0,24,1,1
9247,4625,2024-06-24 22:49:57,android,oppo,0,0,38,1,1
9248,4626,2024-09-06 20:31:38,android,oppo,0,0,56,1,1
9249,4626,2024-08-20 20:31:38,android,xiaomi,0,0,62,3,1
9250,4626,2024-09-28 20:31:38,ios,oppo,0,0,20,4,1
9251,4627,2024-10-05 12:47:51,android,vivo,0,0,49,5,1
9252,4628,2024-06-05 09:53:25,android,vivo,0,0,66,1,1
9253,4629,2024-04-01 20:53:00,ios,huawei,0,0,15,5,1
9254,4629,2024-05-19 20:53:00,android,samsung,0,0,28,1,1
9255,4629,2024-06-07 20:53:00,android,xiaomi,0,0,44,1,1
9256,4630,2025-08-03 18:36:44,ios,samsung,0,0,57,3,1
9257,4630,2025-10-14 18:36:44,ios,xiaomi,0,0,61,4,1
9258,4630,2025-07-04 18:36:44,android,apple,0,0,35,1,1
9259,4631,2025-11-17 21:38:24,ios,vivo,0,0,91,2,1
9260,4631,2025-09-10 21:38:24,ios,xiaomi,0,0,0,1,1
9261,4632,2025-03-06 06:58:43,android,apple,0,0,16,1,1
9262,4632,2025-03-31 06:58:43,android,apple,0,0,48,3,1
9263,4633,2025-05-23 06:55:48,android,samsung,0,0,50,3,1
9264,4633,2025-07-12 06:55:48,android,oppo,0,0,62,1,1
9265,4633,2025-06-08 06:55:48,android,xiaomi,0,0,9,1,1
9266,4634,2026-01-22 01:10:57,android,vivo,0,1,68,1,1
9267,4634,2026-01-18 01:10:57,android,vivo,0,0,45,1,1
9268,4634,2025-11-05 01:10:57,ios,huawei,0,0,21,3,1
9269,4635,2025-11-25 03:27:40,android,oppo,0,0,47,1,1
9270,4635,2025-12-27 03:27:40,ios,samsung,0,0,32,1,1
9271,4636,2024-05-03 19:01:10,android,oppo,0,0,28,3,1
9272,4636,2024-02-27 19:01:10,android,samsung,0,0,37,2,1
9273,4637,2026-02-28 15:46:47,android,samsung,0,0,36,3,1
9274,4637,2025-12-10 15:46:47,android,oppo,0,0,52,1,1
9275,4638,2024-04-11 21:27:17,android,samsung,0,1,50,2,1
9276,4638,2024-05-27 21:27:17,android,huawei,0,0,66,2,1
9277,4639,2024-02-29 09:32:39,android,vivo,0,0,36,1,1
9278,4639,2024-01-13 09:32:39,android,huawei,0,0,13,2,1
9279,4640,2025-01-29 09:21:11,android,oppo,0,0,57,1,1
9280,4640,2024-12-07 09:21:11,android,huawei,0,0,24,1,1
9281,4641,2025-08-14 11:20:38,android,vivo,0,0,60,1,1
9282,4641,2025-07-26 11:20:38,android,huawei,0,0,37,3,0
9283,4642,2024-03-11 14:27:31,android,apple,0,0,42,2,1
9284,4642,2024-03-26 14:27:31,android,vivo,0,0,29,2,1
9285,4643,2024-10-23 21:10:11,android,oppo,0,0,41,1,1
9286,4643,2024-10-26 21:10:11,android,apple,0,0,38,2,1
9287,4643,2024-10-07 21:10:11,android,other,0,0,65,2,1
9288,4644,2024-10-11 19:01:21,ios,huawei,0,0,3,1,1
9289,4644,2024-07-19 19:01:21,ios,samsung,0,0,30,2,1
9290,4645,2024-10-31 02:07:13,android,oppo,0,1,54,1,1
9291,4645,2025-01-21 02:07:13,android,other,0,0,51,3,1
9292,4645,2024-10-31 02:07:13,android,samsung,0,0,34,1,1
9293,4646,2026-01-23 19:14:27,ios,other,0,0,46,2,1
9294,4646,2025-12-16 19:14:27,android,huawei,0,0,65,2,1
9295,4647,2024-12-17 22:22:51,android,oppo,0,0,53,1,1
9296,4647,2024-12-18 22:22:51,android,huawei,0,0,33,2,1
9297,4647,2024-11-17 22:22:51,ios,other,0,0,26,1,1
9298,4648,2024-09-20 12:58:20,android,xiaomi,0,0,15,1,1
9299,4648,2024-09-19 12:58:20,android,huawei,0,0,40,1,1
9300,4648,2024-07-31 12:58:20,android,huawei,0,1,24,1,0
9301,4649,2024-04-22 06:57:08,ios,xiaomi,0,0,27,1,1
9302,4649,2024-05-02 06:57:08,android,other,0,0,0,1,1
9303,4649,2024-06-01 06:57:08,android,xiaomi,0,0,22,3,1
9304,4650,2024-08-25 15:01:22,android,vivo,0,0,25,5,1
9305,4650,2024-07-19 15:01:22,android,xiaomi,0,1,23,2,1
9306,4651,2024-06-17 04:34:55,ios,oppo,0,0,88,1,1
9307,4652,2025-02-25 18:11:04,android,samsung,0,0,20,3,1
9308,4652,2025-03-15 18:11:04,android,oppo,0,1,70,3,1
9309,4652,2025-02-21 18:11:04,android,apple,0,0,55,1,0
9310,4653,2024-12-24 23:16:16,android,xiaomi,0,0,50,1,1
9311,4653,2024-12-06 23:16:16,android,oppo,0,0,43,1,1
9312,4653,2024-11-07 23:16:16,android,apple,0,0,58,1,1
9313,4654,2024-12-31 12:55:48,android,oppo,0,0,41,2,1
9314,4655,2025-11-20 11:12:35,android,huawei,0,0,73,3,1
9315,4656,2025-06-01 17:16:44,ios,xiaomi,0,0,62,3,1
9316,4657,2024-06-03 06:34:18,android,xiaomi,0,0,15,1,1
9317,4658,2024-10-08 00:24:07,android,vivo,0,1,57,1,1
9318,4658,2024-11-10 00:24:07,android,vivo,0,0,45,1,1
9319,4659,2024-11-25 04:23:52,android,huawei,0,0,31,5,1
9320,4659,2024-10-29 04:23:52,android,xiaomi,0,0,68,1,1
9321,4659,2024-09-15 04:23:52,android,oppo,0,0,30,1,1
9322,4660,2025-09-03 12:52:35,ios,other,0,0,33,2,1
9323,4660,2025-11-25 12:52:35,android,oppo,0,0,40,2,1
9324,4660,2025-11-05 12:52:35,ios,oppo,0,0,31,1,1
9325,4661,2024-08-31 03:03:18,android,vivo,0,0,44,1,1
9326,4661,2024-10-18 03:03:18,android,xiaomi,0,0,60,2,1
9327,4661,2024-08-23 03:03:18,android,vivo,0,0,57,2,1
9328,4662,2024-07-17 03:55:52,android,other,0,0,17,3,1
9329,4663,2025-09-14 06:49:10,android,oppo,0,0,0,2,1
9330,4663,2025-09-08 06:49:10,android,apple,0,0,56,1,1
9331,4664,2024-12-30 17:26:20,android,xiaomi,0,0,61,3,1
9332,4665,2024-05-13 23:30:55,android,xiaomi,0,0,49,3,1
9333,4666,2025-06-25 12:37:39,android,xiaomi,0,0,40,1,1
9334,4666,2025-07-06 12:37:39,ios,xiaomi,0,0,1,2,1
9335,4666,2025-08-17 12:37:39,android,oppo,0,0,58,4,1
9336,4667,2024-07-27 16:09:45,android,apple,0,0,67,1,1
9337,4668,2025-10-22 19:30:08,ios,other,0,0,0,3,1
9338,4669,2025-08-25 16:42:10,android,huawei,0,0,34,1,1
9339,4669,2025-11-26 16:42:10,android,huawei,0,0,21,1,0
9340,4670,2024-12-31 18:53:40,android,xiaomi,0,0,0,1,1
9341,4670,2024-12-14 18:53:40,ios,oppo,0,0,33,3,0
9342,4671,2025-05-08 14:01:55,android,huawei,0,0,40,1,1
9343,4672,2025-04-09 10:54:10,android,oppo,0,0,51,2,1
9344,4673,2025-05-11 00:02:27,android,other,0,0,38,3,1
9345,4673,2025-05-23 00:02:27,android,vivo,0,0,39,1,1
9346,4673,2025-04-25 00:02:27,ios,huawei,0,0,35,1,1
9347,4674,2024-02-22 11:19:54,android,apple,0,0,65,3,1
9348,4675,2024-10-19 03:20:02,android,other,0,0,45,3,0
9349,4676,2024-06-13 07:59:25,ios,oppo,0,0,43,1,1
9350,4677,2025-06-22 04:08:16,android,huawei,0,0,31,2,1
9351,4677,2025-07-30 04:08:16,android,samsung,0,0,60,1,1
9352,4677,2025-08-06 04:08:16,android,vivo,0,0,62,3,1
9353,4678,2024-04-28 11:18:02,android,apple,0,0,60,3,1
9354,4679,2025-01-19 09:08:16,android,oppo,0,0,16,2,1
9355,4679,2025-01-28 09:08:16,android,apple,0,0,59,1,0
9356,4680,2025-06-26 08:28:23,ios,other,0,0,27,2,1
9357,4680,2025-07-21 08:28:23,android,apple,0,0,60,1,0
9358,4681,2025-12-13 07:34:22,android,xiaomi,0,0,62,2,1
9359,4681,2026-02-27 07:34:22,android,apple,0,0,45,2,1
9360,4682,2024-08-24 06:48:38,ios,samsung,0,0,48,1,1
9361,4683,2024-01-30 19:41:19,ios,samsung,0,0,59,2,1
9362,4683,2024-04-25 19:41:19,android,oppo,0,0,51,2,1
9363,4683,2024-04-09 19:41:19,android,other,0,0,31,2,1
9364,4684,2025-06-07 08:01:02,android,xiaomi,0,0,33,1,1
9365,4684,2025-08-11 08:01:02,ios,huawei,0,0,16,1,1
9366,4685,2024-04-17 03:05:50,android,huawei,0,0,53,1,1
9367,4686,2024-04-18 11:17:52,android,oppo,0,0,43,3,1
9368,4687,2026-03-16 01:26:59,android,vivo,0,0,37,4,1
9369,4688,2025-10-18 15:50:14,android,apple,0,0,66,1,1
9370,4688,2025-10-12 15:50:14,android,vivo,0,0,31,3,1
9371,4688,2025-10-24 15:50:14,ios,other,0,0,67,1,1
9372,4689,2025-06-23 12:05:39,android,oppo,0,0,51,2,1
9373,4690,2025-11-01 22:29:20,ios,other,0,0,48,2,1
9374,4691,2024-03-24 00:09:24,android,apple,0,0,15,1,1
9375,4692,2024-06-09 22:01:53,android,vivo,0,0,58,1,0
9376,4693,2024-11-20 14:31:28,android,other,0,0,26,1,1
9377,4693,2024-11-21 14:31:28,android,huawei,0,0,48,2,1
9378,4693,2024-10-01 14:31:28,android,oppo,0,0,37,1,1
9379,4694,2024-04-26 08:12:50,android,vivo,0,0,40,2,1
9380,4694,2024-02-27 08:12:50,android,vivo,0,0,28,1,1
9381,4694,2024-03-01 08:12:50,android,oppo,0,0,52,3,1
9382,4695,2025-11-04 11:14:23,android,oppo,0,0,45,2,1
9383,4695,2025-11-01 11:14:23,android,oppo,0,0,0,2,0
9384,4695,2025-10-10 11:14:23,android,oppo,0,0,12,1,1
9385,4696,2024-02-17 02:10:47,android,huawei,0,1,44,2,1
9386,4696,2024-04-09 02:10:47,android,vivo,0,0,59,4,1
9387,4696,2024-05-29 02:10:47,android,xiaomi,0,0,27,1,1
9388,4697,2025-02-20 03:34:53,android,vivo,0,0,24,1,1
9389,4697,2025-03-31 03:34:53,android,xiaomi,0,0,20,3,0
9390,4697,2025-04-20 03:34:53,ios,oppo,0,0,23,1,1
9391,4698,2025-10-31 03:36:02,android,huawei,0,0,61,1,1
9392,4698,2025-12-07 03:36:02,android,apple,0,0,0,1,1
9393,4699,2025-08-25 12:57:43,android,xiaomi,0,0,31,1,1
9394,4699,2025-06-29 12:57:43,ios,vivo,0,0,11,1,1
9395,4700,2024-08-11 08:00:18,android,other,0,0,21,1,1
9396,4700,2024-08-09 08:00:18,android,other,0,0,55,1,1
9397,4701,2025-02-06 08:14:29,android,other,0,0,60,1,1
9398,4702,2025-02-10 05:44:54,ios,xiaomi,0,0,24,1,1
9399,4702,2025-02-10 05:44:54,ios,oppo,0,0,32,4,1
9400,4702,2025-03-01 05:44:54,android,xiaomi,0,0,34,3,1
9401,4703,2025-08-18 14:00:32,android,apple,0,0,41,1,1
9402,4703,2025-07-16 14:00:32,android,vivo,0,0,67,3,1
9403,4704,2024-11-12 03:47:54,android,other,0,0,14,4,1
9404,4704,2024-11-23 03:47:54,android,vivo,0,0,63,2,1
9405,4704,2024-12-08 03:47:54,android,apple,0,0,79,1,1
9406,4705,2024-10-17 01:50:01,android,other,0,1,39,1,1
9407,4705,2024-09-20 01:50:01,android,huawei,0,0,25,3,1
9408,4705,2024-08-13 01:50:01,android,samsung,0,0,41,1,1
9409,4706,2025-10-14 17:36:25,ios,xiaomi,0,0,37,1,1
9410,4706,2025-10-05 17:36:25,ios,huawei,0,0,58,1,1
9411,4707,2025-12-28 03:06:55,ios,huawei,0,0,27,2,1
9412,4708,2024-12-14 21:29:53,android,xiaomi,0,0,33,1,1
9413,4708,2025-02-10 21:29:53,ios,oppo,0,0,33,1,1
9414,4709,2024-03-07 10:55:27,android,xiaomi,0,0,32,1,1
9415,4709,2024-04-29 10:55:27,android,huawei,0,0,39,3,1
9416,4709,2024-05-05 10:55:27,android,other,0,0,28,2,1
9417,4710,2025-01-02 11:34:40,android,apple,0,0,35,1,1
9418,4711,2026-01-21 04:23:09,android,oppo,0,0,60,1,1
9419,4712,2026-01-22 00:53:26,android,vivo,0,0,29,1,1
9420,4713,2024-12-13 18:08:20,android,xiaomi,1,0,69,1,1
9421,4713,2024-10-16 18:08:20,ios,other,0,0,42,1,1
9422,4713,2025-02-04 18:08:20,android,oppo,0,0,68,3,1
9423,4714,2024-04-20 14:16:11,android,xiaomi,0,0,37,1,1
9424,4715,2025-02-14 16:17:37,android,apple,0,0,0,2,1
9425,4716,2025-08-31 09:55:58,android,vivo,0,0,36,2,1
9426,4717,2025-12-03 20:29:11,ios,huawei,0,0,29,4,1
9427,4718,2024-02-22 18:39:19,ios,xiaomi,0,0,36,1,1
9428,4718,2024-04-15 18:39:19,android,oppo,0,0,5,2,0
9429,4718,2024-03-08 18:39:19,ios,vivo,0,0,65,2,1
9430,4719,2024-10-09 02:25:26,ios,vivo,0,0,57,1,1
9431,4719,2024-07-27 02:25:26,android,samsung,0,0,57,5,1
9432,4720,2024-12-17 16:24:23,android,xiaomi,0,0,6,1,0
9433,4720,2025-02-26 16:24:23,android,xiaomi,0,0,44,1,1
9434,4720,2025-01-28 16:24:23,android,huawei,0,0,42,3,1
9435,4721,2024-03-26 17:25:11,android,vivo,0,0,32,2,1
9436,4721,2024-05-19 17:25:11,android,huawei,0,0,75,1,0
9437,4722,2025-10-23 00:35:10,android,xiaomi,0,0,17,1,1
9438,4723,2024-05-12 21:13:06,android,apple,0,0,54,2,0
9439,4724,2025-05-12 14:32:55,android,xiaomi,0,0,47,3,1
9440,4725,2026-02-02 14:23:14,android,oppo,0,0,30,3,1
9441,4726,2025-08-23 04:57:36,android,huawei,0,0,56,1,0
9442,4726,2025-06-03 04:57:36,android,apple,0,0,42,1,1
9443,4727,2025-08-02 03:23:01,ios,xiaomi,0,0,55,2,1
9444,4728,2024-08-31 05:19:07,android,other,0,0,32,1,1
9445,4728,2024-07-09 05:19:07,android,xiaomi,0,0,27,5,0
9446,4729,2025-10-06 01:16:10,android,oppo,0,0,1,2,1
9447,4730,2025-02-02 13:25:49,android,vivo,0,0,34,2,1
9448,4730,2024-11-21 13:25:49,android,huawei,0,0,54,2,1
9449,4730,2024-12-22 13:25:49,android,xiaomi,0,0,36,3,1
9450,4731,2024-06-02 18:20:57,android,xiaomi,0,0,47,3,1
9451,4731,2024-02-20 18:20:57,android,apple,0,0,49,1,1
9452,4732,2024-10-25 14:30:00,android,apple,0,0,54,2,1
9453,4732,2024-11-08 14:30:00,ios,apple,0,0,22,1,1
9454,4732,2024-10-02 14:30:00,android,huawei,0,0,38,4,1
9455,4733,2024-10-06 09:12:12,android,apple,0,0,65,2,1
9456,4734,2025-01-23 15:41:06,ios,other,0,0,29,1,1
9457,4734,2025-04-07 15:41:06,android,apple,0,0,48,3,0
9458,4735,2024-09-18 07:46:32,android,huawei,0,0,41,1,1
9459,4735,2024-09-14 07:46:32,android,apple,0,0,0,3,0
9460,4736,2024-12-14 10:14:00,ios,samsung,1,0,65,2,1
9461,4737,2025-01-13 10:01:39,android,oppo,0,0,59,1,1
9462,4737,2024-12-30 10:01:39,ios,vivo,0,0,37,1,1
9463,4737,2024-11-19 10:01:39,android,oppo,0,0,60,4,1
9464,4738,2024-11-25 15:15:32,android,oppo,0,0,45,5,1
9465,4738,2024-09-10 15:15:32,android,vivo,0,0,83,2,1
9466,4738,2024-09-24 15:15:32,android,xiaomi,0,0,75,1,1
9467,4739,2025-08-04 05:55:50,android,oppo,0,0,15,2,0
9468,4739,2025-08-05 05:55:50,ios,vivo,0,0,15,1,1
9469,4739,2025-08-23 05:55:50,android,oppo,0,0,41,1,1
9470,4740,2024-09-28 00:01:13,ios,apple,0,0,63,1,1
9471,4740,2024-11-24 00:01:13,android,apple,0,0,55,4,0
9472,4741,2025-07-20 00:29:04,android,xiaomi,0,0,26,2,1
9473,4741,2025-10-12 00:29:04,android,apple,0,0,64,1,1
9474,4741,2025-07-08 00:29:04,android,xiaomi,0,0,17,1,0
9475,4742,2024-09-03 02:56:33,ios,oppo,0,0,39,2,1
9476,4742,2024-10-14 02:56:33,android,oppo,0,0,22,1,0
9477,4743,2025-12-29 08:37:18,android,vivo,0,0,49,3,1
9478,4744,2024-10-23 11:37:39,android,apple,0,0,39,2,1
9479,4744,2024-10-06 11:37:39,android,samsung,1,0,27,2,1
9480,4744,2024-12-15 11:37:39,android,vivo,0,0,21,3,1
9481,4745,2024-04-03 17:00:13,ios,vivo,0,0,59,2,1
9482,4745,2024-03-08 17:00:13,ios,xiaomi,0,0,70,2,1
9483,4746,2024-08-04 10:58:28,android,other,0,0,58,4,1
9484,4746,2024-07-23 10:58:28,android,vivo,0,0,3,1,1
9485,4747,2025-11-09 13:37:36,android,huawei,0,0,34,1,1
9486,4748,2025-10-02 15:16:02,android,other,0,0,21,4,1
9487,4749,2024-09-05 17:53:16,android,vivo,0,0,72,1,1
9488,4749,2024-07-05 17:53:16,android,samsung,0,0,1,1,1
9489,4750,2025-05-07 13:07:54,android,vivo,0,0,10,2,1
9490,4750,2025-06-10 13:07:54,android,vivo,0,0,55,1,1
9491,4750,2025-04-14 13:07:54,android,xiaomi,0,0,63,2,1
9492,4751,2025-03-28 06:33:08,android,oppo,0,0,44,1,0
9493,4751,2025-05-24 06:33:08,ios,huawei,0,0,25,1,1
9494,4752,2024-04-07 15:56:17,android,xiaomi,0,0,46,3,1
9495,4753,2025-02-17 22:57:27,android,xiaomi,0,0,59,1,1
9496,4753,2025-02-14 22:57:27,android,vivo,0,0,0,1,1
9497,4754,2025-09-04 12:24:55,android,vivo,0,0,31,2,0
9498,4755,2026-02-25 00:02:41,android,apple,0,0,48,1,0
9499,4755,2025-12-17 00:02:41,android,xiaomi,0,0,18,4,1
9500,4756,2025-09-17 19:06:59,android,oppo,0,0,43,3,1
9501,4756,2025-12-30 19:06:59,android,xiaomi,0,0,34,1,1
9502,4757,2024-04-17 10:02:41,android,vivo,0,1,78,3,1
9503,4757,2024-04-16 10:02:41,android,xiaomi,0,0,60,1,1
9504,4757,2024-07-01 10:02:41,android,apple,0,0,29,1,1
9505,4758,2024-07-19 09:37:29,ios,huawei,0,0,78,1,1
9506,4759,2024-12-12 19:10:57,android,apple,0,0,51,1,0
9507,4759,2024-12-26 19:10:57,ios,xiaomi,0,0,59,1,1
9508,4760,2024-06-26 22:31:20,android,other,0,0,65,5,1
9509,4760,2024-05-26 22:31:20,android,apple,0,0,54,2,1
9510,4760,2024-08-03 22:31:20,android,other,0,0,9,2,1
9511,4761,2025-04-07 14:27:17,android,vivo,1,0,62,3,1
9512,4761,2025-05-21 14:27:17,android,xiaomi,0,0,68,3,1
9513,4761,2025-04-10 14:27:17,android,apple,0,0,25,2,1
9514,4762,2024-02-24 06:58:27,android,other,0,0,34,1,1
9515,4762,2024-04-05 06:58:27,android,apple,0,0,46,2,1
9516,4762,2024-01-20 06:58:27,android,other,0,0,32,3,1
9517,4763,2024-05-05 20:54:12,android,apple,0,0,33,2,1
9518,4763,2024-04-13 20:54:12,android,apple,1,0,37,1,1
9519,4763,2024-06-29 20:54:12,android,samsung,0,1,38,1,1
9520,4764,2024-02-20 11:49:33,android,other,0,0,41,3,1
9521,4764,2024-02-05 11:49:33,android,oppo,0,0,66,2,1
9522,4764,2024-05-14 11:49:33,ios,oppo,0,0,61,2,1
9523,4765,2024-09-16 16:56:44,ios,huawei,0,0,9,2,1
9524,4765,2024-09-05 16:56:44,android,other,0,0,13,1,1
9525,4766,2025-09-10 10:38:37,android,xiaomi,0,0,38,1,1
9526,4767,2024-07-15 09:48:35,android,xiaomi,0,0,0,2,1
9527,4768,2026-01-15 15:30:16,android,apple,0,0,18,1,1
9528,4768,2026-04-06 15:30:16,android,vivo,0,0,61,1,1
9529,4768,2026-01-08 15:30:16,ios,oppo,0,0,26,4,0
9530,4769,2024-10-15 18:22:42,ios,huawei,0,0,41,2,1
9531,4770,2024-03-23 18:18:11,android,xiaomi,0,0,54,3,1
9532,4771,2024-11-29 21:50:20,android,huawei,0,0,12,3,1
9533,4771,2024-12-13 21:50:20,android,xiaomi,0,0,27,3,1
9534,4771,2024-09-17 21:50:20,android,oppo,0,0,37,1,1
9535,4772,2025-10-12 02:12:11,ios,oppo,0,0,64,3,1
9536,4772,2025-10-16 02:12:11,android,vivo,0,0,54,2,1
9537,4773,2024-03-23 20:32:45,ios,vivo,0,0,34,1,0
9538,4773,2024-04-03 20:32:45,android,apple,0,0,40,1,1
9539,4774,2024-04-05 11:01:30,android,apple,0,0,28,1,1
9540,4775,2025-12-17 00:30:05,android,other,0,0,67,3,1
9541,4775,2025-09-18 00:30:05,android,apple,0,0,15,2,1
9542,4776,2025-04-07 06:10:01,android,vivo,0,1,50,3,1
9543,4776,2025-03-04 06:10:01,android,vivo,0,0,41,1,1
9544,4776,2025-03-17 06:10:01,android,vivo,0,0,20,3,1
9545,4777,2024-10-28 13:39:21,android,huawei,0,0,67,3,1
9546,4777,2024-09-28 13:39:21,android,xiaomi,0,0,51,2,1
9547,4778,2025-08-25 22:26:20,ios,oppo,0,0,68,2,1
9548,4779,2025-10-12 08:34:52,android,vivo,0,0,77,1,1
9549,4780,2024-12-01 05:15:39,android,xiaomi,0,0,21,1,1
9550,4780,2024-09-17 05:15:39,android,oppo,0,0,27,1,1
9551,4781,2025-03-12 15:54:09,android,xiaomi,0,0,57,3,1
9552,4781,2025-03-14 15:54:09,ios,oppo,0,0,0,1,1
9553,4781,2025-04-05 15:54:09,android,vivo,0,0,28,1,1
9554,4782,2024-01-17 23:34:34,android,xiaomi,0,0,27,1,1
9555,4782,2024-01-08 23:34:34,android,samsung,0,0,19,1,1
9556,4782,2024-01-20 23:34:34,android,xiaomi,0,0,63,2,1
9557,4783,2024-08-16 11:26:25,android,other,0,1,31,2,1
9558,4784,2025-03-14 11:43:02,android,apple,0,0,23,2,1
9559,4784,2025-05-31 11:43:02,android,apple,0,0,34,3,1
9560,4785,2024-08-01 21:12:16,android,samsung,0,0,32,3,1
9561,4786,2026-04-10 14:36:21,ios,xiaomi,0,0,37,1,1
9562,4786,2026-03-31 14:36:21,android,apple,0,0,24,5,1
9563,4786,2026-03-16 14:36:21,android,huawei,0,0,30,3,1
9564,4787,2026-03-04 22:25:31,android,vivo,0,0,35,1,1
9565,4788,2024-10-12 01:27:26,android,samsung,0,0,60,3,1
9566,4789,2025-01-23 08:16:46,android,oppo,0,0,59,1,1
9567,4789,2024-11-29 08:16:46,android,vivo,0,0,56,3,1
9568,4790,2024-08-28 07:53:13,android,huawei,0,0,70,2,1
9569,4791,2025-03-16 21:12:23,ios,other,0,0,9,2,1
9570,4791,2025-04-12 21:12:23,android,xiaomi,0,0,54,1,1
9571,4791,2025-03-01 21:12:23,android,samsung,0,0,30,2,1
9572,4792,2024-05-20 11:10:53,ios,other,0,0,12,1,1
9573,4792,2024-07-04 11:10:53,android,oppo,0,0,59,2,0
9574,4793,2024-10-14 09:24:38,android,oppo,0,1,33,2,1
9575,4793,2025-01-23 09:24:38,android,apple,0,0,53,1,1
9576,4794,2025-05-18 08:04:42,android,vivo,0,1,36,1,1
9577,4794,2025-03-03 08:04:42,android,huawei,0,0,22,1,1
9578,4794,2025-02-12 08:04:42,android,vivo,0,0,84,3,1
9579,4795,2025-04-09 15:31:14,android,xiaomi,1,0,42,2,1
9580,4795,2025-05-28 15:31:14,android,vivo,0,0,51,1,1
9581,4796,2025-06-16 09:43:05,android,huawei,0,0,36,1,1
9582,4797,2024-08-10 15:16:02,android,vivo,0,0,63,1,1
9583,4798,2025-08-08 08:35:06,android,vivo,0,0,12,1,1
9584,4798,2025-11-13 08:35:06,android,apple,0,0,49,1,1
9585,4798,2025-08-31 08:35:06,android,apple,0,0,28,2,1
9586,4799,2025-05-11 23:26:29,android,vivo,0,0,24,1,0
9587,4799,2025-05-22 23:26:29,android,huawei,0,0,50,3,1
9588,4799,2025-07-01 23:26:29,android,apple,0,0,50,1,1
9589,4800,2025-10-04 17:50:37,android,apple,0,0,48,1,0
9590,4801,2025-01-23 12:47:55,ios,samsung,0,0,40,2,1
9591,4802,2026-02-01 13:19:37,android,samsung,0,0,43,2,1
9592,4802,2025-12-18 13:19:37,android,xiaomi,0,0,43,2,1
9593,4802,2025-12-06 13:19:37,android,apple,0,0,7,4,1
9594,4803,2024-11-08 14:18:43,android,oppo,0,0,10,2,1
9595,4803,2025-01-22 14:18:43,android,other,0,0,47,1,1
9596,4803,2025-01-23 14:18:43,android,oppo,0,0,38,1,1
9597,4804,2025-08-05 05:08:15,android,samsung,0,1,76,2,1
9598,4805,2024-07-19 13:49:55,android,xiaomi,0,0,4,2,1
9599,4806,2024-09-15 12:07:09,android,other,0,0,31,2,1
9600,4806,2024-07-17 12:07:09,ios,oppo,0,0,53,2,1
9601,4807,2025-02-17 12:34:10,android,apple,0,0,0,4,1
9602,4807,2025-04-23 12:34:10,android,oppo,0,0,66,1,1
9603,4808,2025-03-03 18:58:19,android,oppo,0,0,28,3,1
9604,4808,2025-04-13 18:58:19,android,huawei,0,0,51,2,1
9605,4809,2025-07-11 17:42:12,android,xiaomi,0,0,40,1,1
9606,4809,2025-06-29 17:42:12,android,xiaomi,0,1,49,2,0
9607,4810,2024-11-20 02:39:27,android,huawei,0,0,77,5,1
9608,4810,2024-09-18 02:39:27,android,huawei,0,0,43,1,1
9609,4811,2026-01-02 00:50:07,ios,oppo,0,0,44,1,1
9610,4811,2025-12-21 00:50:07,android,xiaomi,0,0,42,1,1
9611,4811,2026-01-01 00:50:07,android,oppo,0,0,18,1,1
9612,4812,2024-11-17 17:50:23,ios,oppo,0,0,30,2,1
9613,4813,2025-02-08 22:53:30,android,xiaomi,0,0,30,1,1
9614,4814,2025-11-12 07:39:55,android,other,0,0,17,2,1
9615,4814,2026-01-21 07:39:55,ios,apple,0,0,71,2,1
9616,4815,2025-05-06 18:19:12,android,xiaomi,0,0,24,2,0
9617,4815,2025-04-23 18:19:12,android,samsung,0,0,9,2,0
9618,4816,2025-07-25 18:48:58,android,other,0,0,42,2,1
9619,4817,2026-02-02 07:06:18,android,oppo,0,0,70,1,1
9620,4817,2025-11-16 07:06:18,android,vivo,0,0,13,2,1
9621,4817,2026-02-07 07:06:18,android,vivo,0,0,15,1,1
9622,4818,2026-02-21 10:49:26,android,oppo,0,0,48,4,1
9623,4819,2025-01-22 13:36:46,ios,apple,0,0,48,2,1
9624,4820,2025-02-01 08:18:27,android,apple,0,0,79,1,1
9625,4821,2024-08-20 18:13:39,android,vivo,0,0,45,5,1
9626,4821,2024-08-25 18:13:39,android,oppo,0,0,60,4,1
9627,4821,2024-07-24 18:13:39,android,samsung,0,0,55,1,1
9628,4822,2025-03-24 07:54:22,android,xiaomi,0,0,49,1,1
9629,4822,2025-05-01 07:54:22,ios,other,0,0,53,2,1
9630,4822,2025-03-17 07:54:22,android,huawei,0,0,61,1,1
9631,4823,2026-01-10 09:17:24,android,huawei,0,0,45,1,1
9632,4823,2025-12-24 09:17:24,android,xiaomi,0,0,54,1,1
9633,4823,2025-11-03 09:17:24,android,apple,0,0,38,1,1
9634,4824,2025-02-06 14:15:43,android,huawei,0,0,47,1,1
9635,4825,2024-10-24 09:20:04,android,xiaomi,0,0,57,1,1
9636,4826,2024-03-12 07:40:09,android,other,0,1,62,1,1
9637,4826,2024-04-11 07:40:09,android,vivo,0,0,53,4,1
9638,4827,2025-01-12 12:06:48,ios,vivo,0,0,18,1,1
9639,4827,2024-11-08 12:06:48,android,vivo,1,0,58,1,1
9640,4828,2024-10-02 19:01:08,android,xiaomi,0,0,23,5,1
9641,4829,2025-12-24 00:01:37,android,apple,0,0,43,1,1
9642,4829,2026-01-27 00:01:37,ios,oppo,0,0,72,1,1
9643,4830,2025-03-09 04:11:20,android,xiaomi,0,0,51,1,1
9644,4830,2025-03-18 04:11:20,android,oppo,0,0,28,1,1
9645,4831,2024-04-22 00:00:33,android,samsung,0,0,49,1,1
9646,4831,2024-04-26 00:00:33,android,vivo,0,0,4,2,1
9647,4831,2024-07-13 00:00:33,android,oppo,0,0,0,1,1
9648,4832,2024-03-22 04:23:52,android,apple,0,0,19,3,1
9649,4832,2024-05-22 04:23:52,android,xiaomi,0,0,28,3,1
9650,4833,2025-09-28 01:01:30,android,other,0,0,26,1,1
9651,4834,2025-11-27 23:12:46,android,huawei,0,0,16,1,1
9652,4835,2025-10-29 23:49:11,android,apple,0,0,49,2,1
9653,4836,2024-06-01 09:44:28,android,huawei,0,0,18,1,1
9654,4836,2024-07-09 09:44:28,android,other,0,0,31,1,1
9655,4836,2024-04-09 09:44:28,android,xiaomi,0,0,62,1,1
9656,4837,2024-05-04 17:57:42,android,vivo,0,0,26,2,1
9657,4837,2024-04-29 17:57:42,android,vivo,0,0,43,5,1
9658,4837,2024-03-24 17:57:42,android,vivo,0,0,41,1,1
9659,4838,2024-06-29 12:37:21,android,apple,0,0,31,2,1
9660,4838,2024-08-27 12:37:21,android,oppo,0,0,4,2,1
9661,4838,2024-05-26 12:37:21,android,oppo,0,1,60,3,0
9662,4839,2025-09-30 07:54:40,android,xiaomi,0,0,17,2,1
9663,4839,2025-10-17 07:54:40,android,xiaomi,0,0,33,1,1
9664,4839,2025-07-22 07:54:40,android,other,0,0,44,3,1
9665,4840,2025-07-30 16:25:40,android,oppo,0,0,60,1,1
9666,4841,2025-10-04 15:05:48,ios,xiaomi,0,0,57,1,1
9667,4841,2025-10-17 15:05:48,android,xiaomi,0,0,16,2,1
9668,4842,2024-05-19 18:17:35,android,vivo,1,0,43,2,0
9669,4842,2024-06-02 18:17:35,ios,xiaomi,0,0,32,1,1
9670,4842,2024-03-27 18:17:35,android,vivo,0,1,51,1,1
9671,4843,2024-05-07 20:18:08,android,apple,0,0,34,1,1
9672,4844,2025-12-26 04:52:20,ios,xiaomi,0,0,33,1,1
9673,4844,2025-11-11 04:52:20,ios,other,0,0,5,4,1
9674,4844,2026-01-05 04:52:20,android,huawei,0,0,61,1,1
9675,4845,2025-12-02 23:36:01,android,apple,0,0,37,1,1
9676,4845,2025-12-20 23:36:01,android,vivo,0,0,60,2,1
9677,4845,2026-01-24 23:36:01,android,vivo,0,0,5,1,1
9678,4846,2025-08-21 18:16:51,android,huawei,0,0,39,2,1
9679,4846,2025-06-20 18:16:51,android,vivo,0,0,51,2,1
9680,4846,2025-08-14 18:16:51,android,other,0,0,38,3,1
9681,4847,2024-06-06 09:47:22,android,oppo,0,0,42,1,1
9682,4848,2024-02-13 02:14:14,ios,oppo,0,0,45,2,1
9683,4849,2024-05-13 13:53:04,android,other,0,0,11,2,1
9684,4849,2024-04-12 13:53:04,ios,huawei,0,0,39,1,1
9685,4850,2025-08-30 01:09:37,android,apple,0,0,6,1,0
9686,4850,2025-05-29 01:09:37,android,huawei,0,0,20,1,1
9687,4850,2025-08-02 01:09:37,android,oppo,0,0,4,2,1
9688,4851,2025-10-12 13:20:34,ios,oppo,0,0,14,3,1
9689,4852,2025-05-17 02:07:55,ios,samsung,0,0,21,1,0
9690,4853,2024-08-16 08:01:58,android,huawei,0,0,38,1,1
9691,4853,2024-07-15 08:01:58,android,other,0,0,55,1,1
9692,4854,2025-10-06 20:45:43,android,vivo,0,0,56,1,1
9693,4854,2025-10-25 20:45:43,android,apple,0,0,60,1,1
9694,4855,2024-05-24 03:57:35,android,xiaomi,0,0,38,2,1
9695,4856,2025-11-19 14:01:34,android,xiaomi,0,0,47,1,0
9696,4856,2025-08-19 14:01:34,android,xiaomi,0,0,30,2,1
9697,4857,2025-12-17 01:47:33,android,xiaomi,0,1,85,1,1
9698,4858,2025-09-25 09:30:06,android,samsung,0,0,15,3,1
9699,4858,2025-06-19 09:30:06,android,huawei,0,0,28,1,1
9700,4858,2025-07-07 09:30:06,android,samsung,0,0,68,2,1
9701,4859,2026-01-11 20:42:40,android,apple,0,0,9,3,1
9702,4859,2025-12-18 20:42:40,android,huawei,0,0,7,1,1
9703,4859,2025-10-18 20:42:40,android,other,0,0,48,1,1
9704,4860,2025-03-26 21:48:31,android,oppo,0,0,61,1,1
9705,4860,2025-03-11 21:48:31,ios,xiaomi,0,0,67,1,1
9706,4860,2025-05-02 21:48:31,android,apple,0,0,4,2,1
9707,4861,2025-02-03 21:44:48,android,xiaomi,0,0,89,2,1
9708,4861,2025-01-01 21:44:48,android,xiaomi,0,0,25,1,1
9709,4862,2024-10-28 09:33:26,ios,oppo,0,0,35,2,0
9710,4863,2026-01-01 20:20:42,android,vivo,0,0,40,2,1
9711,4864,2025-05-22 00:14:04,android,vivo,0,1,53,1,1
9712,4865,2024-09-05 01:27:48,android,oppo,0,0,52,2,1
9713,4866,2026-02-21 14:08:31,ios,xiaomi,0,0,32,1,1
9714,4866,2026-02-03 14:08:31,android,oppo,0,0,11,1,1
9715,4867,2024-03-02 05:16:05,android,other,0,0,77,4,1
9716,4867,2024-05-07 05:16:05,android,xiaomi,0,0,82,2,1
9717,4868,2025-05-18 21:22:53,ios,oppo,0,0,23,2,1
9718,4868,2025-05-12 21:22:53,android,apple,0,0,34,1,1
9719,4869,2024-05-26 02:19:02,android,xiaomi,0,0,61,1,1
9720,4870,2025-08-06 23:19:19,android,other,0,0,50,2,1
9721,4870,2025-06-23 23:19:19,android,apple,0,0,26,1,1
9722,4871,2024-12-03 05:40:13,android,apple,0,0,25,2,1
9723,4872,2025-02-11 02:28:59,android,xiaomi,0,0,46,1,0
9724,4872,2025-02-05 02:28:59,android,samsung,0,1,25,4,1
9725,4872,2025-02-23 02:28:59,android,oppo,0,0,35,3,1
9726,4873,2025-08-14 05:25:49,ios,huawei,0,0,51,5,1
9727,4874,2025-07-17 23:14:11,ios,xiaomi,0,0,49,2,1
9728,4874,2025-07-17 23:14:11,android,vivo,0,0,23,1,1
9729,4874,2025-08-12 23:14:11,android,xiaomi,0,0,78,4,1
9730,4875,2024-10-29 10:20:42,android,oppo,0,0,84,1,1
9731,4875,2025-01-23 10:20:42,ios,xiaomi,0,0,45,1,1
9732,4875,2024-11-18 10:20:42,android,huawei,0,0,22,4,1
9733,4876,2026-03-27 07:07:57,android,apple,0,0,50,2,1
9734,4876,2026-02-18 07:07:57,android,apple,0,0,29,1,1
9735,4876,2026-02-20 07:07:57,android,xiaomi,0,0,65,2,1
9736,4877,2025-01-27 21:14:02,ios,xiaomi,0,0,58,2,1
9737,4877,2025-01-23 21:14:02,android,xiaomi,0,0,53,1,1
9738,4878,2024-05-05 02:01:15,android,xiaomi,0,0,23,1,1
9739,4879,2024-02-06 16:06:17,android,huawei,0,0,65,1,1
9740,4880,2024-09-08 18:08:25,android,xiaomi,0,0,34,2,1
9741,4881,2025-06-26 11:57:41,android,apple,0,0,37,3,1
9742,4882,2025-03-02 18:56:58,android,xiaomi,0,0,44,4,1
9743,4882,2025-03-08 18:56:58,android,vivo,0,0,36,3,1
9744,4882,2025-02-26 18:56:58,android,apple,0,1,70,1,1
9745,4883,2024-12-12 14:47:25,ios,xiaomi,0,0,49,1,1
9746,4884,2025-02-09 09:41:49,android,xiaomi,0,0,41,5,1
9747,4884,2024-12-19 09:41:49,android,other,0,0,18,1,1
9748,4885,2025-11-23 19:56:50,android,other,0,0,51,5,0
9749,4885,2025-10-21 19:56:50,android,xiaomi,0,0,34,1,1
9750,4886,2025-04-08 05:54:09,android,vivo,0,1,73,2,1
9751,4886,2025-04-23 05:54:09,android,other,0,0,45,2,1
9752,4887,2024-05-12 09:50:53,ios,samsung,0,0,62,1,1
9753,4888,2024-04-18 19:46:38,android,xiaomi,0,0,61,1,1
9754,4889,2024-12-19 21:31:28,android,vivo,0,0,64,1,1
9755,4889,2025-01-24 21:31:28,android,vivo,0,0,25,1,1
9756,4889,2024-12-27 21:31:28,android,xiaomi,0,0,53,1,1
9757,4890,2025-01-02 02:55:24,android,vivo,0,0,26,1,1
9758,4890,2024-11-05 02:55:24,android,huawei,0,0,12,1,1
9759,4890,2025-02-09 02:55:24,ios,huawei,0,0,44,1,1
9760,4891,2025-11-02 20:47:02,android,other,0,0,29,1,1
9761,4891,2025-12-09 20:47:02,android,huawei,0,0,47,2,1
9762,4892,2025-03-19 13:46:44,android,huawei,0,0,50,1,0
9763,4893,2025-07-02 12:13:15,android,vivo,0,0,69,4,1
9764,4893,2025-07-08 12:13:15,android,oppo,0,0,21,1,1
9765,4893,2025-09-01 12:13:15,ios,xiaomi,0,0,56,2,1
9766,4894,2025-05-02 04:33:08,ios,huawei,0,0,45,3,1
9767,4894,2025-04-29 04:33:08,android,apple,0,1,74,2,1
9768,4894,2025-03-21 04:33:08,android,huawei,0,0,47,1,1
9769,4895,2024-11-06 01:17:29,android,samsung,0,0,62,2,1
9770,4895,2024-11-27 01:17:29,android,apple,0,0,23,1,1
9771,4895,2024-09-04 01:17:29,android,vivo,0,0,33,2,1
9772,4896,2025-05-23 20:29:27,android,apple,0,0,12,1,0
9773,4897,2025-06-24 15:25:46,ios,xiaomi,0,0,9,5,1
9774,4897,2025-05-07 15:25:46,ios,xiaomi,0,0,59,4,1
9775,4898,2025-08-17 18:11:05,android,xiaomi,0,0,27,1,1
9776,4899,2024-06-09 03:30:07,android,oppo,0,0,38,2,1
9777,4899,2024-07-14 03:30:07,android,vivo,0,0,26,4,1
9778,4900,2025-06-14 07:54:25,android,apple,0,0,49,2,0
9779,4900,2025-06-12 07:54:25,android,huawei,0,1,66,2,1
9780,4901,2024-09-29 09:26:03,android,xiaomi,0,0,35,2,1
9781,4902,2025-07-29 21:03:36,ios,other,0,0,34,2,1
9782,4903,2025-09-26 22:09:17,android,xiaomi,0,0,60,3,1
9783,4903,2025-10-02 22:09:17,ios,xiaomi,0,0,11,1,1
9784,4903,2025-08-19 22:09:17,android,xiaomi,0,0,29,1,0
9785,4904,2025-07-20 01:48:22,android,apple,0,0,72,1,1
9786,4904,2025-05-08 01:48:22,android,xiaomi,0,1,43,3,1
9787,4904,2025-06-08 01:48:22,android,vivo,0,1,64,2,1
9788,4905,2025-11-22 02:09:03,android,samsung,0,0,49,1,1
9789,4905,2026-02-17 02:09:03,android,vivo,0,0,42,1,0
9790,4906,2025-05-18 09:08:03,android,vivo,0,0,31,1,1
9791,4906,2025-04-22 09:08:03,android,apple,0,0,90,3,1
9792,4907,2024-03-07 08:24:54,ios,vivo,0,0,32,5,1
9793,4907,2024-02-04 08:24:54,android,samsung,0,0,60,3,0
9794,4907,2024-04-02 08:24:54,android,huawei,0,0,27,2,1
9795,4908,2025-06-21 12:33:41,android,vivo,0,0,21,3,1
9796,4908,2025-06-28 12:33:41,android,xiaomi,0,0,93,3,1
9797,4909,2025-08-08 17:14:39,android,huawei,0,0,3,1,1
9798,4909,2025-09-19 17:14:39,android,samsung,0,1,87,3,1
9799,4910,2024-05-21 20:54:28,android,xiaomi,0,0,39,1,1
9800,4911,2024-03-20 08:36:07,android,xiaomi,0,0,40,1,1
9801,4912,2024-08-11 09:42:09,android,oppo,0,0,30,1,0
9802,4912,2024-10-08 09:42:09,android,oppo,0,0,53,1,1
9803,4913,2025-12-06 07:12:24,ios,apple,0,0,56,1,1
9804,4914,2025-01-12 00:02:38,android,other,0,0,24,4,1
9805,4915,2026-02-17 19:13:32,android,vivo,0,0,41,5,1
9806,4915,2025-12-06 19:13:32,android,vivo,0,0,46,1,1
9807,4915,2026-03-29 19:13:32,ios,xiaomi,0,0,69,3,1
9808,4916,2025-10-11 06:44:09,android,apple,0,0,33,1,1
9809,4916,2025-11-19 06:44:09,ios,xiaomi,0,0,65,2,1
9810,4917,2025-05-27 00:41:13,android,huawei,0,0,53,3,1
9811,4918,2025-07-29 16:58:59,android,apple,0,0,39,2,1
9812,4918,2025-05-14 16:58:59,android,other,0,0,63,2,1
9813,4918,2025-07-06 16:58:59,android,other,0,0,18,1,1
9814,4919,2024-11-27 15:09:07,android,huawei,0,0,57,5,1
9815,4920,2024-05-08 23:56:58,android,vivo,0,0,53,1,0
9816,4921,2024-11-22 01:53:05,android,oppo,0,0,27,1,1
9817,4922,2025-06-19 08:39:25,android,vivo,0,0,58,1,0
9818,4922,2025-04-24 08:39:25,android,xiaomi,1,0,10,2,1
9819,4922,2025-05-24 08:39:25,android,other,0,0,52,3,1
9820,4923,2024-05-15 00:00:48,android,oppo,0,0,47,1,0
9821,4923,2024-06-05 00:00:48,android,huawei,0,0,51,3,1
9822,4923,2024-08-10 00:00:48,android,huawei,0,0,70,1,1
9823,4924,2024-08-17 20:50:58,android,huawei,0,0,51,5,0
9824,4924,2024-06-11 20:50:58,android,other,0,0,61,2,1
9825,4924,2024-08-02 20:50:58,android,vivo,0,0,23,1,1
9826,4925,2024-03-23 22:41:49,android,xiaomi,0,0,49,5,1
9827,4926,2025-09-11 19:58:12,android,oppo,0,0,84,2,1
9828,4926,2025-07-07 19:58:12,ios,vivo,0,0,33,2,1
9829,4926,2025-08-11 19:58:12,android,other,0,0,42,1,1
9830,4927,2026-01-08 13:59:53,android,vivo,0,1,39,1,1
9831,4928,2025-10-13 00:45:49,android,vivo,0,0,15,1,1
9832,4928,2025-12-13 00:45:49,android,other,0,0,26,1,1
9833,4928,2025-08-22 00:45:49,android,xiaomi,0,0,44,3,1
9834,4929,2024-11-12 09:32:54,android,vivo,0,0,23,4,1
9835,4929,2024-10-14 09:32:54,android,oppo,0,0,11,2,1
9836,4930,2025-04-13 05:21:14,android,apple,0,0,10,2,1
9837,4930,2025-06-28 05:21:14,android,apple,0,0,15,2,1
9838,4930,2025-04-08 05:21:14,android,xiaomi,0,0,81,5,1
9839,4931,2025-12-05 09:17:21,android,other,0,0,0,1,1
9840,4931,2026-01-28 09:17:21,android,oppo,0,0,30,1,1
9841,4932,2025-04-20 16:40:22,android,apple,0,0,56,5,1
9842,4932,2025-05-04 16:40:22,ios,oppo,0,0,45,1,1
9843,4933,2024-08-14 23:56:58,android,xiaomi,0,0,83,3,1
9844,4933,2024-08-05 23:56:58,android,xiaomi,0,0,37,1,1
9845,4934,2024-11-25 04:07:19,android,oppo,0,0,24,1,1
9846,4934,2024-09-10 04:07:19,android,apple,0,0,24,2,1
9847,4935,2025-07-16 19:21:23,android,vivo,0,0,33,3,1
9848,4936,2025-02-28 18:18:01,android,oppo,0,0,28,3,1
9849,4936,2024-11-19 18:18:01,android,xiaomi,0,0,13,4,1
9850,4937,2025-12-04 05:35:42,android,vivo,0,0,31,1,1
9851,4937,2025-10-28 05:35:42,ios,vivo,0,0,33,1,1
9852,4937,2025-08-27 05:35:42,android,vivo,0,0,36,1,1
9853,4938,2025-11-01 19:10:42,ios,xiaomi,0,0,59,1,1
9854,4939,2024-02-05 03:48:23,android,xiaomi,0,0,14,1,1
9855,4939,2024-05-04 03:48:23,android,apple,0,0,36,1,1
9856,4940,2025-07-04 00:34:19,android,apple,0,0,39,1,0
9857,4941,2024-12-05 01:41:22,android,other,0,0,17,4,1
9858,4941,2024-12-24 01:41:22,android,samsung,0,0,14,1,1
9859,4942,2025-02-21 10:05:02,ios,xiaomi,0,0,44,1,1
9860,4942,2025-02-23 10:05:02,android,xiaomi,0,0,57,1,1
9861,4943,2024-08-28 07:11:13,android,huawei,0,0,32,3,1
9862,4943,2024-08-04 07:11:13,android,xiaomi,0,0,39,2,1
9863,4944,2024-11-22 19:25:53,android,oppo,0,0,46,1,1
9864,4945,2024-09-20 04:15:44,android,huawei,0,1,33,2,1
9865,4946,2024-04-03 18:39:10,android,vivo,0,0,12,2,0
9866,4946,2024-03-03 18:39:10,android,samsung,0,0,41,5,1
9867,4947,2025-07-25 10:09:14,ios,xiaomi,0,0,48,5,1
9868,4947,2025-11-12 10:09:14,android,oppo,0,0,12,1,1
9869,4947,2025-08-02 10:09:14,android,apple,0,1,38,2,1
9870,4948,2024-06-27 09:29:22,android,vivo,0,0,60,2,1
9871,4948,2024-07-03 09:29:22,ios,apple,0,0,20,1,1
9872,4948,2024-06-09 09:29:22,android,apple,0,0,19,2,1
9873,4949,2024-12-04 07:59:16,android,huawei,0,0,30,1,1
9874,4950,2024-06-01 21:48:04,android,other,0,0,53,1,1
9875,4950,2024-05-30 21:48:04,android,xiaomi,0,0,81,2,0
9876,4951,2024-06-30 05:52:36,ios,huawei,0,0,53,1,1
9877,4951,2024-07-20 05:52:36,android,vivo,0,0,46,2,1
9878,4951,2024-05-04 05:52:36,android,vivo,0,1,7,1,1
9879,4952,2024-11-06 13:40:46,android,oppo,0,0,54,2,1
9880,4952,2025-01-14 13:40:46,android,xiaomi,0,0,54,1,1
9881,4953,2025-11-06 16:46:40,ios,xiaomi,0,0,0,2,1
9882,4954,2025-11-27 05:23:48,android,xiaomi,0,0,0,1,1
9883,4954,2026-02-08 05:23:48,android,other,0,0,74,3,1
9884,4955,2024-12-26 15:23:16,ios,oppo,0,0,50,3,1
9885,4955,2024-11-11 15:23:16,ios,huawei,0,0,49,4,0
9886,4956,2025-04-02 18:17:14,android,samsung,0,0,6,3,1
9887,4957,2026-01-21 13:26:23,android,xiaomi,0,0,60,1,1
9888,4957,2026-01-10 13:26:23,android,oppo,0,0,22,1,1
9889,4958,2024-09-13 10:23:58,android,other,0,0,54,1,0
9890,4959,2026-01-24 15:16:30,android,oppo,0,0,0,1,1
9891,4960,2024-06-23 04:44:32,android,huawei,0,0,32,1,1
9892,4961,2024-06-25 20:57:55,android,oppo,0,0,52,2,0
9893,4962,2024-11-09 23:06:46,android,vivo,0,0,52,4,1
9894,4962,2024-09-07 23:06:46,android,oppo,0,0,64,1,1
9895,4962,2024-08-26 23:06:46,android,samsung,0,0,35,2,1
9896,4963,2024-02-01 01:42:54,ios,oppo,0,0,56,2,0
9897,4964,2025-08-10 11:36:02,android,xiaomi,0,0,59,3,1
9898,4964,2025-09-23 11:36:02,android,samsung,0,0,44,2,1
9899,4964,2025-10-12 11:36:02,android,xiaomi,0,0,66,1,1
9900,4965,2025-09-22 10:53:16,android,apple,0,0,35,1,0
9901,4966,2024-12-27 20:09:56,android,oppo,0,0,58,2,1
9902,4966,2025-01-23 20:09:56,android,xiaomi,0,0,34,1,1
9903,4967,2025-09-11 13:28:53,android,samsung,0,0,37,1,1
9904,4968,2025-09-22 22:18:06,ios,xiaomi,0,0,0,2,0
9905,4968,2025-08-08 22:18:06,ios,samsung,0,0,41,1,1
9906,4969,2025-10-04 00:37:30,android,other,0,0,65,1,0
9907,4969,2025-08-21 00:37:30,android,huawei,0,0,23,1,1
9908,4970,2025-11-10 23:23:28,android,huawei,0,0,44,2,1
9909,4970,2025-10-09 23:23:28,android,vivo,0,0,48,4,1
9910,4970,2025-08-10 23:23:28,android,other,0,0,59,1,1
9911,4971,2025-03-14 15:24:34,android,apple,0,0,49,1,1
9912,4971,2025-06-11 15:24:34,android,vivo,0,0,6,1,1
9913,4971,2025-04-07 15:24:34,android,xiaomi,0,0,10,1,1
9914,4972,2024-04-19 21:34:47,android,xiaomi,0,0,10,4,1
9915,4973,2025-11-26 03:28:57,android,vivo,0,0,78,1,1
9916,4973,2025-11-01 03:28:57,android,huawei,0,0,84,1,1
9917,4973,2026-02-09 03:28:57,android,xiaomi,0,0,29,2,1
9918,4974,2025-05-05 07:43:07,android,vivo,0,0,50,1,1
9919,4975,2025-12-23 22:09:00,android,other,0,0,14,3,1
9920,4975,2026-02-06 22:09:00,ios,oppo,0,0,59,1,1
9921,4976,2025-11-26 03:21:46,android,vivo,0,0,37,1,1
9922,4976,2026-01-06 03:21:46,android,huawei,0,0,46,1,1
9923,4977,2024-07-22 15:05:15,android,oppo,0,0,40,1,1
9924,4977,2024-07-28 15:05:15,android,other,0,1,51,4,1
9925,4978,2024-11-10 13:27:32,android,huawei,0,0,22,3,1
9926,4978,2024-11-27 13:27:32,android,xiaomi,0,0,52,2,0
9927,4979,2024-08-27 12:29:39,ios,oppo,0,0,42,1,1
9928,4979,2024-07-29 12:29:39,android,apple,0,1,51,4,1
9929,4979,2024-07-19 12:29:39,android,apple,0,0,70,1,1
9930,4980,2024-02-29 04:32:25,ios,huawei,0,0,23,1,1
9931,4980,2024-01-31 04:32:25,android,vivo,0,0,28,1,0
9932,4980,2024-03-01 04:32:25,android,oppo,0,1,49,2,1
9933,4981,2025-12-29 11:26:24,android,other,0,0,33,4,1
9934,4982,2026-02-06 00:15:47,android,samsung,0,0,30,1,1
9935,4982,2025-12-09 00:15:47,ios,apple,0,0,62,5,0
9936,4982,2025-10-31 00:15:47,android,samsung,0,0,68,1,1
9937,4983,2025-12-16 04:07:16,ios,vivo,0,0,55,1,1
9938,4984,2025-12-11 01:49:59,android,xiaomi,0,0,35,1,1
9939,4984,2026-01-15 01:49:59,android,apple,0,0,51,2,1
9940,4984,2026-01-18 01:49:59,android,xiaomi,0,1,49,1,1
9941,4985,2025-06-28 14:30:49,ios,apple,0,0,18,2,0
9942,4985,2025-04-10 14:30:49,android,vivo,0,0,34,2,1
9943,4986,2025-03-07 03:55:05,android,other,0,1,38,4,1
9944,4986,2025-04-08 03:55:05,android,vivo,0,0,1,2,1
9945,4986,2025-04-30 03:55:05,android,vivo,0,0,42,2,1
9946,4987,2026-03-12 18:37:22,android,apple,1,0,29,1,1
9947,4988,2025-04-08 03:28:28,ios,xiaomi,0,0,51,1,1
9948,4988,2025-05-04 03:28:28,android,apple,0,0,43,1,1
9949,4988,2025-04-07 03:28:28,ios,samsung,0,0,27,2,1
9950,4989,2025-07-10 23:23:52,ios,oppo,0,0,32,1,1
9951,4989,2025-05-11 23:23:52,ios,xiaomi,0,0,23,1,1
9952,4990,2024-08-06 13:42:14,android,vivo,0,0,18,1,1
9953,4990,2024-07-25 13:42:14,android,oppo,0,0,55,1,1
9954,4990,2024-07-05 13:42:14,ios,xiaomi,0,0,16,1,1
9955,4991,2025-10-12 02:19:38,android,oppo,0,0,34,2,1
9956,4992,2025-11-02 04:46:38,android,samsung,0,0,18,3,1
9957,4992,2025-11-16 04:46:38,android,oppo,0,0,54,2,1
9958,4993,2025-06-24 07:48:23,android,huawei,0,0,55,1,1
9959,4993,2025-06-21 07:48:23,android,apple,0,0,46,4,1
9960,4993,2025-05-19 07:48:23,ios,samsung,0,0,62,2,1
9961,4994,2025-02-07 23:28:21,android,huawei,0,0,27,2,1
9962,4994,2024-12-31 23:28:21,android,oppo,0,0,51,1,1
9963,4995,2024-05-25 10:38:55,android,oppo,0,0,63,1,1
9964,4996,2024-03-17 17:32:20,android,huawei,0,0,53,2,1
9965,4996,2024-03-27 17:32:20,android,samsung,0,0,55,2,1
9966,4996,2024-02-24 17:32:20,ios,oppo,0,0,25,2,1
9967,4997,2025-03-27 22:28:30,android,apple,0,1,45,1,1
9968,4998,2025-06-22 14:25:19,ios,apple,0,0,46,3,1
9969,4999,2025-07-24 00:13:14,android,huawei,0,0,76,3,1
9970,4999,2025-10-11 00:13:14,android,apple,0,0,38,1,1
9971,5000,2026-01-09 20:41:40,android,apple,0,0,34,3,0
9972,5000,2026-02-09 20:41:40,ios,vivo,0,0,14,1,1
