loan_id,user_id,dpd_max_30d,dpd_max_60d,dpd_max_90d,dpd_max_180d,dpd30_ever_30d,dpd30_ever_60d,dpd30_ever,dpd30_ever_180d,chargeoff_dt,paid_off_dt
1,1963,0,0,0,0,0,0,0,0,,2025-08-29 18:49:12
2,922,0,0,0,0,0,0,0,0,,2025-03-28 06:31:57
3,689,0,0,0,0,0,0,0,0,,2025-11-17 13:51:31
4,2570,0,0,0,30,0,0,0,1,,2025-06-10 17:12:02
5,4998,0,0,0,0,0,0,0,0,,2024-05-15 21:02:27
6,129,0,0,0,0,0,0,0,0,,2024-11-14 13:50:22
7,1101,25,25,25,25,0,0,0,0,,2025-03-18 12:06:55
8,4273,0,0,5,5,0,0,0,0,,2025-04-03 10:45:35
9,3931,0,0,0,0,0,0,0,0,,2025-01-22 23:35:09
10,2099,0,0,0,0,0,0,0,0,,2024-05-30 09:04:02
11,1393,0,0,0,0,0,0,0,0,,2025-07-10 04:10:42
12,1192,0,0,0,0,0,0,0,0,,2024-11-12 03:51:33
13,3971,0,0,0,0,0,0,0,0,,2025-05-31 10:55:45
14,120,13,15,15,15,0,0,0,0,,2025-06-21 16:37:00
15,3504,0,0,0,0,0,0,0,0,,2024-11-24 11:08:36
16,1344,0,0,0,0,0,0,0,0,,2024-12-01 14:01:35
17,227,0,5,5,5,0,0,0,0,,2025-04-07 15:21:36
18,3703,0,0,0,0,0,0,0,0,,2026-01-11 22:28:31
19,2590,0,0,0,0,0,0,0,0,,2025-07-26 11:26:21
20,4769,0,5,5,5,0,0,0,0,,2024-11-15 15:00:36
21,63,1,5,5,5,0,0,0,0,,2024-05-20 01:42:49
22,4699,7,25,25,25,0,0,0,0,,2024-07-21 18:14:24
23,618,0,0,0,0,0,0,0,0,,2025-06-09 03:31:23
24,3902,0,0,0,0,0,0,0,0,,2025-02-04 13:44:45
25,4731,0,0,0,0,0,0,0,0,,2025-01-26 06:56:50
26,4380,0,0,0,0,0,0,0,0,,2025-01-19 09:12:50
27,3643,0,0,0,0,0,0,0,0,,2025-03-31 10:21:35
28,4620,0,0,0,0,0,0,0,0,,2025-01-13 12:04:00
29,1402,0,9,15,15,0,0,0,0,,2024-04-11 04:35:09
30,1352,0,0,0,0,0,0,0,0,,2025-11-05 08:04:40
31,3536,0,0,0,0,0,0,0,0,,2025-08-12 23:46:13
32,1113,0,0,0,0,0,0,0,0,,2025-07-10 13:13:58
33,1135,0,0,0,0,0,0,0,0,,2025-12-10 18:41:25
34,3037,0,0,0,0,0,0,0,0,,2025-12-22 18:27:14
35,3064,0,12,25,25,0,0,0,0,,2024-09-01 04:48:16
36,3910,0,0,0,0,0,0,0,0,,2025-11-15 07:31:25
37,1613,0,0,0,0,0,0,0,0,,2026-01-12 14:33:05
38,3238,0,0,0,0,0,0,0,0,,2025-01-17 19:36:40
39,4243,0,0,0,0,0,0,0,0,,2025-08-16 10:10:46
40,997,0,0,15,15,0,0,0,0,,2024-06-27 14:22:48
41,991,0,2,25,25,0,0,0,0,,2024-05-15 15:44:47
42,3628,0,0,5,5,0,0,0,0,,2024-09-23 08:23:21
43,898,5,5,5,5,0,0,0,0,,2024-12-06 07:24:13
44,2302,0,0,5,5,0,0,0,0,,2024-08-26 07:38:32
45,818,0,0,0,0,0,0,0,0,,2024-09-11 05:00:21
46,1834,0,0,0,0,0,0,0,0,,2024-04-16 21:28:05
47,3762,0,0,0,0,0,0,0,0,,2025-01-21 17:49:22
48,140,0,0,5,5,0,0,0,0,,2025-12-30 06:44:49
49,2586,6,30,30,30,0,1,1,1,2025-12-20 00:34:31,
50,1894,0,0,0,0,0,0,0,0,,2025-01-31 19:07:58
51,4490,0,0,0,0,0,0,0,0,,2024-10-15 15:38:06
52,1838,0,0,0,0,0,0,0,0,,2024-08-19 00:34:08
53,4146,0,0,0,0,0,0,0,0,,2024-08-18 04:24:42
54,4567,0,0,0,0,0,0,0,0,,2025-10-25 15:52:14
55,3342,0,9,15,15,0,0,0,0,,2025-02-01 02:12:55
56,1299,0,0,0,0,0,0,0,0,,2025-05-20 12:10:35
57,4714,0,5,5,5,0,0,0,0,,2024-11-17 23:08:45
58,4348,0,0,0,0,0,0,0,0,,2025-09-07 12:54:04
59,870,0,0,0,0,0,0,0,0,,2025-08-05 05:49:25
60,2142,0,0,15,15,0,0,0,0,,2026-01-13 04:44:34
61,4879,0,15,15,15,0,0,0,0,,2025-07-12 22:46:02
62,2604,0,0,0,0,0,0,0,0,,2024-07-03 00:43:02
63,3097,0,0,0,0,0,0,0,0,,2025-10-12 21:22:15
64,1787,0,5,15,15,0,0,0,0,,2026-01-26 22:22:27
65,2811,0,0,0,0,0,0,0,0,,2025-09-27 02:27:08
66,293,4,5,5,5,0,0,0,0,,2025-05-03 09:03:51
67,524,0,5,5,5,0,0,0,0,,2025-09-11 12:20:05
68,4822,0,0,0,0,0,0,0,0,,2026-01-05 11:13:30
69,4565,0,0,0,0,0,0,0,0,,2025-11-11 20:07:11
70,2871,5,5,5,5,0,0,0,0,,2025-08-24 06:14:33
71,437,0,0,0,0,0,0,0,0,,2025-02-21 01:45:01
72,4805,0,0,0,0,0,0,0,0,,2025-09-07 19:49:09
73,2401,5,5,5,5,0,0,0,0,,2025-01-05 11:11:20
74,3398,7,15,15,15,0,0,0,0,,2024-05-19 19:34:53
75,754,0,0,0,0,0,0,0,0,,2025-01-07 07:45:10
76,3949,0,0,0,0,0,0,0,0,,2024-07-20 11:23:44
77,2045,15,15,15,15,0,0,0,0,,2025-12-20 06:21:07
78,4823,15,15,15,15,0,0,0,0,,2025-12-20 08:21:52
79,949,0,0,0,0,0,0,0,0,,2024-04-27 21:59:05
80,4204,0,0,0,0,0,0,0,0,,2024-07-07 22:06:09
81,4265,0,0,0,0,0,0,0,0,,2025-06-15 13:01:14
82,3608,0,0,0,0,0,0,0,0,,2024-10-29 13:39:26
83,4630,0,0,0,0,0,0,0,0,,2025-04-29 05:01:45
84,2023,0,0,0,0,0,0,0,0,,2025-08-19 08:38:21
85,2979,0,15,15,15,0,0,0,0,,2025-04-19 21:09:47
86,1676,0,0,0,0,0,0,0,0,,2025-07-11 08:25:07
87,3742,0,0,0,0,0,0,0,0,,2026-01-08 23:13:35
88,4820,0,0,0,0,0,0,0,0,,2025-02-25 11:11:31
89,4436,0,0,0,0,0,0,0,0,,2025-01-08 13:16:17
90,1523,5,5,5,5,0,0,0,0,,2024-08-16 00:18:11
91,2450,0,0,0,30,0,0,0,1,,2025-07-27 02:36:10
92,4270,0,0,0,0,0,0,0,0,,2024-08-26 07:32:55
93,3777,0,0,0,0,0,0,0,0,,2025-10-09 04:16:26
94,559,0,0,0,0,0,0,0,0,,2024-11-07 16:59:08
95,1836,0,9,15,15,0,0,0,0,,2025-07-12 03:36:42
96,2845,0,0,0,0,0,0,0,0,,2024-12-02 10:03:56
97,2582,0,0,0,0,0,0,0,0,,2024-05-01 06:14:43
98,564,0,0,0,0,0,0,0,0,,2026-01-01 15:52:15
99,4087,0,0,0,0,0,0,0,0,,2024-10-08 06:57:22
100,3569,0,0,0,0,0,0,0,0,,2024-05-07 15:10:51
101,1436,0,0,0,0,0,0,0,0,,2026-01-05 02:14:40
102,4839,5,5,5,5,0,0,0,0,,2024-05-20 20:06:23
103,2949,0,0,0,0,0,0,0,0,,2024-08-28 18:14:16
104,2288,0,0,0,0,0,0,0,0,,2024-10-20 14:41:41
105,407,0,0,0,0,0,0,0,0,,2025-01-06 01:01:46
106,874,0,0,0,0,0,0,0,0,,2025-07-08 13:19:11
107,1063,0,0,0,0,0,0,0,0,,2025-04-24 08:57:50
108,3750,0,0,0,0,0,0,0,0,,2024-04-05 21:03:55
109,2980,0,0,5,5,0,0,0,0,,2024-08-23 23:01:01
110,4294,0,0,5,5,0,0,0,0,,2024-08-24 19:19:28
111,1508,0,0,0,0,0,0,0,0,,2025-06-07 23:48:54
112,4289,0,0,0,0,0,0,0,0,,2024-08-30 17:40:13
113,467,0,4,5,5,0,0,0,0,,2025-05-08 22:26:35
114,4046,0,5,5,5,0,0,0,0,,2025-03-21 04:09:49
115,672,0,0,0,0,0,0,0,0,,2024-08-19 05:45:31
116,4163,0,5,5,5,0,0,0,0,,2024-04-14 03:38:33
117,3294,0,0,0,0,0,0,0,0,,2024-12-26 22:01:12
118,830,0,5,5,5,0,0,0,0,,2025-12-11 11:16:44
119,3062,0,0,0,0,0,0,0,0,,2025-12-03 09:21:13
120,258,25,25,25,25,0,0,0,0,,2024-10-26 01:03:45
121,1830,0,0,0,0,0,0,0,0,,2024-10-06 22:28:12
122,3441,0,0,15,15,0,0,0,0,,2025-01-09 01:50:19
123,944,5,5,5,5,0,0,0,0,,2024-07-26 21:32:50
124,2749,0,0,0,0,0,0,0,0,,2025-01-21 07:14:21
125,1921,0,0,0,0,0,0,0,0,,2025-04-02 11:48:27
126,2318,0,0,5,5,0,0,0,0,,2026-02-21 14:01:25
127,1231,0,0,0,0,0,0,0,0,,2024-06-21 13:42:50
128,3673,0,15,15,15,0,0,0,0,,2024-09-06 03:32:23
129,57,0,0,0,0,0,0,0,0,,2025-12-28 03:08:34
130,1071,0,0,15,15,0,0,0,0,,2024-10-23 00:45:48
131,3811,0,0,0,0,0,0,0,0,,2025-04-19 21:58:47
132,2545,15,15,15,15,0,0,0,0,,2025-07-02 12:44:43
133,382,0,0,0,0,0,0,0,0,,2024-04-29 18:54:45
134,1220,0,0,15,15,0,0,0,0,,2024-08-31 03:13:17
135,4840,0,0,0,0,0,0,0,0,,2024-08-12 10:34:20
136,836,5,5,5,5,0,0,0,0,,2025-12-07 00:43:42
137,1665,0,0,0,0,0,0,0,0,,2025-09-19 21:13:15
138,4520,0,0,0,0,0,0,0,0,,2024-12-17 00:56:02
139,2094,0,0,0,0,0,0,0,0,,2024-11-29 13:15:10
140,3075,0,0,0,0,0,0,0,0,,2025-01-06 13:21:31
141,2977,0,0,0,0,0,0,0,0,,2024-11-30 20:29:55
142,1068,0,0,5,5,0,0,0,0,,2025-09-09 08:20:52
143,3743,0,11,15,15,0,0,0,0,,2025-02-10 21:39:21
144,777,0,0,0,0,0,0,0,0,,2025-03-03 14:44:49
145,4431,0,0,0,0,0,0,0,0,,2024-08-14 16:16:52
146,4141,0,0,0,0,0,0,0,0,,2024-11-01 21:27:27
147,1873,0,0,0,0,0,0,0,0,,2025-01-30 12:00:51
148,3799,0,0,0,0,0,0,0,0,,2025-08-01 18:09:27
149,2349,0,0,0,0,0,0,0,0,,2024-12-13 03:00:34
150,1809,0,0,5,5,0,0,0,0,,2024-07-18 17:09:07
151,1473,14,25,25,25,0,0,0,0,,2025-10-11 05:16:20
152,3823,0,18,30,30,0,0,1,1,2025-03-30 12:09:56,
153,58,0,0,0,0,0,0,0,0,,2026-03-11 19:20:54
154,1665,0,0,0,0,0,0,0,0,,2025-02-12 21:02:10
155,1212,5,5,5,5,0,0,0,0,,2025-08-15 22:00:07
156,3890,0,0,0,0,0,0,0,0,,2025-11-16 06:02:23
157,64,5,5,5,5,0,0,0,0,,2024-08-24 15:37:33
158,4890,0,0,0,0,0,0,0,0,,2024-06-13 22:10:26
159,4357,0,0,5,5,0,0,0,0,,2024-10-24 16:40:11
160,4702,0,0,0,0,0,0,0,0,,2025-09-20 07:23:16
161,1171,0,0,0,0,0,0,0,0,,2024-06-11 03:43:28
162,4602,0,0,0,0,0,0,0,0,,2025-10-21 15:40:18
163,3728,0,0,0,0,0,0,0,0,,2024-11-17 05:21:15
164,2945,0,5,5,5,0,0,0,0,,2024-11-16 22:21:07
165,4338,0,0,0,0,0,0,0,0,,2024-12-28 10:21:12
166,355,0,0,0,0,0,0,0,0,,2025-04-01 17:24:07
167,2568,0,0,0,0,0,0,0,0,,2024-10-28 05:39:08
168,1926,0,0,0,0,0,0,0,0,,2024-09-25 00:39:30
169,3326,0,0,0,0,0,0,0,0,,2024-09-19 07:28:51
170,3238,0,0,0,0,0,0,0,0,,2025-08-13 10:11:59
171,4298,0,0,0,0,0,0,0,0,,2024-06-12 06:42:10
172,3532,0,0,15,15,0,0,0,0,,2025-03-16 04:01:16
173,3016,0,0,0,0,0,0,0,0,,2024-06-26 10:33:31
174,1539,0,0,0,0,0,0,0,0,,2024-03-11 22:18:13
175,3365,5,5,5,5,0,0,0,0,,2025-06-12 23:48:29
176,4420,0,0,5,5,0,0,0,0,,2026-04-03 11:22:43
177,1070,0,4,5,5,0,0,0,0,,2025-09-30 03:55:05
178,4766,0,0,0,0,0,0,0,0,,2024-10-12 14:40:50
179,2922,0,0,0,0,0,0,0,0,,2025-03-22 08:13:25
180,4510,0,0,0,0,0,0,0,0,,2024-07-19 18:56:20
181,4334,0,0,0,0,0,0,0,0,,2025-02-16 18:23:26
182,1285,0,0,0,0,0,0,0,0,,2024-09-17 05:19:30
183,3652,0,0,5,5,0,0,0,0,,2025-11-12 16:15:22
184,1598,0,6,25,25,0,0,0,0,,2024-12-05 23:13:58
185,2911,0,0,0,0,0,0,0,0,,2025-05-29 02:13:34
186,4112,0,0,0,0,0,0,0,0,,2024-03-21 02:53:22
187,4052,0,0,0,0,0,0,0,0,,2024-03-25 18:53:29
188,1013,5,5,5,5,0,0,0,0,,2025-09-21 12:11:11
189,4075,0,0,5,5,0,0,0,0,,2026-01-08 15:26:29
190,3565,0,15,15,15,0,0,0,0,,2026-03-03 16:31:26
191,491,15,15,15,15,0,0,0,0,,2025-09-24 06:58:53
192,4543,0,0,0,0,0,0,0,0,,2025-03-27 09:53:22
193,685,0,9,15,15,0,0,0,0,,2024-07-20 19:08:01
194,3890,0,0,0,0,0,0,0,0,,2025-12-30 16:42:21
195,2452,0,0,0,0,0,0,0,0,,2025-10-15 14:32:58
196,2284,7,15,15,15,0,0,0,0,,2025-07-07 17:10:06
197,319,0,11,15,15,0,0,0,0,,2025-06-19 04:02:17
198,402,5,5,5,5,0,0,0,0,,2025-09-23 05:59:59
199,1728,0,0,0,0,0,0,0,0,,2025-04-20 18:55:17
200,1677,0,0,0,0,0,0,0,0,,2025-06-14 15:56:38
201,4107,0,0,0,30,0,0,0,1,,2024-12-12 18:12:45
202,2711,0,0,0,30,0,0,0,1,,2024-11-13 04:29:48
203,4699,0,0,0,0,0,0,0,0,,2025-12-24 14:51:38
204,3124,0,0,0,0,0,0,0,0,,2025-12-28 00:00:54
205,1229,0,0,0,0,0,0,0,0,,2025-11-20 08:35:11
206,1616,0,0,0,0,0,0,0,0,,2024-06-13 08:49:52
207,4440,0,0,0,0,0,0,0,0,,2025-05-31 09:59:56
208,1839,0,0,15,15,0,0,0,0,,2025-11-26 01:40:08
209,2212,0,0,5,5,0,0,0,0,,2024-07-08 06:52:18
210,874,0,0,0,0,0,0,0,0,,2025-12-02 04:48:28
211,3396,0,10,15,15,0,0,0,0,,2025-07-17 15:06:30
212,2056,0,0,5,5,0,0,0,0,,2024-10-19 18:36:08
213,2751,5,5,5,5,0,0,0,0,,2026-03-26 10:38:48
214,2859,0,0,0,0,0,0,0,0,,2025-04-21 09:27:31
215,4084,15,15,15,15,0,0,0,0,,2025-12-31 04:02:05
216,1484,0,0,15,15,0,0,0,0,,2025-04-01 13:17:51
217,4441,15,15,15,15,0,0,0,0,,2025-04-09 00:05:12
218,830,0,0,0,0,0,0,0,0,,2025-12-22 03:18:07
219,4804,0,0,0,0,0,0,0,0,,2024-12-23 22:26:31
220,4991,0,0,0,0,0,0,0,0,,2025-06-23 14:28:31
221,3203,0,23,25,25,0,0,0,0,,2024-12-02 18:13:11
222,1193,0,0,0,0,0,0,0,0,,2024-04-12 01:53:00
223,3765,0,0,0,0,0,0,0,0,,2025-10-01 02:28:02
224,262,0,0,0,0,0,0,0,0,,2025-02-14 06:48:14
225,2639,0,0,0,0,0,0,0,0,,2025-03-24 14:06:31
226,4660,0,0,0,0,0,0,0,0,,2026-05-04 17:28:03
227,1473,0,0,0,0,0,0,0,0,,2026-04-20 08:59:44
228,2553,0,4,5,5,0,0,0,0,,2025-02-11 23:53:47
229,3871,5,5,5,5,0,0,0,0,,2024-08-05 01:04:02
230,2516,0,0,0,0,0,0,0,0,,2025-07-13 10:16:00
231,2066,0,0,0,0,0,0,0,0,,2025-01-28 13:59:20
232,293,0,0,0,0,0,0,0,0,,2024-07-25 08:01:02
233,3867,0,0,0,0,0,0,0,0,,2025-09-28 17:04:48
234,1255,0,0,0,60,0,0,0,1,,2024-11-06 23:56:10
235,2219,0,7,15,15,0,0,0,0,,2024-05-05 10:10:32
236,3821,0,0,0,0,0,0,0,0,,2025-05-25 14:42:22
237,901,0,0,0,0,0,0,0,0,,2025-01-16 20:36:34
238,3731,0,5,5,5,0,0,0,0,,2025-01-27 20:34:25
239,4432,0,0,0,0,0,0,0,0,,2025-03-01 03:56:09
240,1125,0,0,0,0,0,0,0,0,,2025-07-06 05:38:50
241,1131,0,0,0,0,0,0,0,0,,2025-07-15 23:26:02
242,559,0,0,0,0,0,0,0,0,,2025-09-13 09:17:31
243,3717,0,0,0,0,0,0,0,0,,2024-08-15 21:20:17
244,1072,5,5,5,5,0,0,0,0,,2024-09-19 02:31:57
245,808,0,0,0,0,0,0,0,0,,2024-07-18 08:46:48
246,4998,0,0,0,0,0,0,0,0,,2025-01-10 15:49:11
247,2761,0,0,25,25,0,0,0,0,,2024-08-17 13:07:25
248,4138,17,25,25,25,0,0,0,0,,2025-05-28 01:01:13
249,1924,0,0,0,0,0,0,0,0,,2024-07-21 00:56:13
250,2816,0,0,0,0,0,0,0,0,,2024-11-20 15:47:50
251,1547,0,0,0,0,0,0,0,0,,2024-05-15 04:20:12
252,1543,5,5,5,5,0,0,0,0,,2026-06-05 14:22:51
253,4994,0,0,0,0,0,0,0,0,,2026-01-07 10:36:54
254,3790,0,4,30,30,0,0,1,1,2024-12-13 15:02:27,
255,4629,0,0,0,0,0,0,0,0,,2025-05-01 19:02:13
256,2401,1,5,5,5,0,0,0,0,,2025-09-02 22:49:54
257,4009,0,0,0,0,0,0,0,0,,2024-07-13 07:18:04
258,4110,0,5,5,5,0,0,0,0,,2024-03-26 21:18:05
259,926,0,5,5,5,0,0,0,0,,2025-02-22 14:33:37
260,4670,0,0,15,15,0,0,0,0,,2025-07-29 20:41:28
261,4709,0,0,0,0,0,0,0,0,,2025-09-14 00:25:48
262,3636,0,15,15,15,0,0,0,0,,2025-07-21 21:18:03
263,1466,5,5,5,5,0,0,0,0,,2026-03-28 05:10:47
264,2511,0,0,0,0,0,0,0,0,,2024-12-15 06:00:26
265,4112,0,0,0,0,0,0,0,0,,2024-11-11 21:46:46
266,42,14,25,25,25,0,0,0,0,,2025-12-14 15:57:17
267,4177,0,0,0,0,0,0,0,0,,2024-09-05 22:40:39
268,944,0,0,15,15,0,0,0,0,,2025-05-08 08:01:38
269,4476,0,5,5,5,0,0,0,0,,2025-04-04 16:01:51
270,4123,0,19,25,25,0,0,0,0,,2024-05-22 11:02:43
271,4010,0,0,0,0,0,0,0,0,,2024-05-03 01:13:07
272,4672,0,0,0,0,0,0,0,0,,2024-07-30 20:00:59
273,2920,0,0,0,0,0,0,0,0,,2024-11-15 11:42:26
274,703,0,0,0,0,0,0,0,0,,2025-11-01 14:05:40
275,3647,0,0,0,0,0,0,0,0,,2025-02-16 00:48:38
276,1442,0,0,0,0,0,0,0,0,,2025-12-03 02:02:13
277,2318,0,0,0,0,0,0,0,0,,2025-06-04 19:59:49
278,4474,0,0,0,0,0,0,0,0,,2024-04-29 04:55:13
279,988,0,0,0,0,0,0,0,0,,2025-06-29 17:37:32
280,362,0,0,0,0,0,0,0,0,,2025-06-30 03:19:29
281,2430,0,0,0,0,0,0,0,0,,2025-04-11 16:52:19
282,4577,0,15,15,15,0,0,0,0,,2025-06-13 02:20:46
283,481,15,15,15,15,0,0,0,0,,2024-07-20 07:25:01
284,231,0,0,0,0,0,0,0,0,,2024-10-19 13:12:41
285,1380,0,5,5,5,0,0,0,0,,2025-10-27 19:31:05
286,4336,0,0,5,5,0,0,0,0,,2024-11-28 06:35:02
287,3955,0,0,5,5,0,0,0,0,,2025-10-23 05:38:04
288,3086,0,0,0,0,0,0,0,0,,2025-12-20 23:28:49
289,3319,0,5,5,5,0,0,0,0,,2024-02-25 21:33:46
290,3359,0,0,0,0,0,0,0,0,,2024-05-23 23:28:38
291,1676,0,0,0,0,0,0,0,0,,2024-04-08 08:26:27
292,1340,0,0,0,0,0,0,0,0,,2024-04-07 15:42:29
293,2282,0,0,0,0,0,0,0,0,,2025-08-23 06:18:00
294,4598,0,0,0,0,0,0,0,0,,2024-10-10 10:08:27
295,1321,0,0,0,0,0,0,0,0,,2025-09-19 08:25:33
296,2707,0,15,15,15,0,0,0,0,,2026-05-23 17:42:06
297,2037,0,0,0,0,0,0,0,0,,2024-09-27 22:51:27
298,4756,0,3,15,15,0,0,0,0,,2024-12-28 22:14:20
299,2879,21,25,25,25,0,0,0,0,,2024-11-08 11:00:43
300,901,0,15,15,15,0,0,0,0,,2026-01-05 07:11:34
301,3192,0,5,5,5,0,0,0,0,,2026-01-05 21:19:25
302,4104,0,0,5,5,0,0,0,0,,2025-12-11 08:48:15
303,1085,0,0,5,5,0,0,0,0,,2024-06-05 12:10:18
304,3061,0,0,0,0,0,0,0,0,,2025-03-21 17:28:43
305,386,0,0,0,0,0,0,0,0,,2025-03-09 12:02:28
306,2211,0,0,15,15,0,0,0,0,,2026-01-13 01:17:27
307,4051,0,0,0,0,0,0,0,0,,2024-12-10 13:46:52
308,2675,0,0,0,0,0,0,0,0,,2025-06-15 20:52:33
309,538,0,0,0,0,0,0,0,0,,2024-11-02 05:33:08
310,1177,0,0,0,0,0,0,0,0,,2024-05-21 06:06:29
311,4076,0,0,0,0,0,0,0,0,,2025-03-25 06:57:55
312,2459,0,4,15,15,0,0,0,0,,2025-10-14 06:09:15
313,3948,0,0,0,0,0,0,0,0,,2024-09-29 00:39:50
314,378,0,13,25,25,0,0,0,0,,2025-11-29 04:04:28
315,1060,0,0,0,0,0,0,0,0,,2024-12-24 05:33:09
316,4862,0,0,0,0,0,0,0,0,,2024-11-06 11:52:20
317,4745,0,0,0,0,0,0,0,0,,2025-12-23 00:56:12
318,2409,0,0,0,0,0,0,0,0,,2025-04-15 20:49:38
319,3777,5,5,5,5,0,0,0,0,,2025-06-28 05:53:10
320,4096,0,0,0,0,0,0,0,0,,2024-10-25 08:24:19
321,4750,0,0,0,0,0,0,0,0,,2024-08-04 21:50:28
322,3785,0,0,0,0,0,0,0,0,,2025-09-12 09:52:38
323,3084,0,0,0,0,0,0,0,0,,2025-04-23 22:23:46
324,4640,0,0,0,0,0,0,0,0,,2025-04-06 04:53:56
325,313,15,15,15,15,0,0,0,0,,2025-12-03 10:00:32
326,2864,0,15,15,15,0,0,0,0,,2024-09-16 05:13:18
327,3754,0,0,0,0,0,0,0,0,,2024-07-12 18:09:27
328,3346,0,0,25,25,0,0,0,0,,2025-01-20 13:02:05
329,2709,0,25,25,25,0,0,0,0,,2026-05-12 02:05:21
330,4599,0,0,0,0,0,0,0,0,,2024-09-07 05:01:10
331,1946,0,15,15,15,0,0,0,0,,2026-03-21 08:08:21
332,2787,0,0,0,0,0,0,0,0,,2025-08-31 12:08:19
333,3446,0,0,0,0,0,0,0,0,,2024-03-04 08:44:32
334,3642,0,0,0,0,0,0,0,0,,2024-07-15 01:15:11
335,4703,0,0,0,0,0,0,0,0,,2024-05-22 19:38:10
336,4511,0,0,0,0,0,0,0,0,,2025-07-30 09:40:49
337,4845,0,0,0,0,0,0,0,0,,2025-08-17 02:21:59
338,368,0,0,0,0,0,0,0,0,,2025-07-16 15:57:39
339,3897,0,0,0,0,0,0,0,0,,2025-05-10 03:53:34
340,3495,0,0,25,25,0,0,0,0,,2024-12-11 23:18:06
341,828,0,0,0,0,0,0,0,0,,2024-04-15 22:07:37
342,175,0,5,5,5,0,0,0,0,,2025-06-22 14:02:21
343,1202,5,5,5,5,0,0,0,0,,2025-03-26 20:45:42
344,3039,0,0,0,0,0,0,0,0,,2024-06-15 10:48:13
345,3771,4,15,15,15,0,0,0,0,,2024-03-16 04:51:06
346,3396,0,0,0,0,0,0,0,0,,2025-03-14 22:05:58
347,369,0,5,5,5,0,0,0,0,,2024-12-31 23:02:24
348,2482,0,0,0,0,0,0,0,0,,2024-11-29 14:23:53
349,1130,0,0,0,0,0,0,0,0,,2025-07-07 22:24:42
350,3477,0,0,0,0,0,0,0,0,,2025-04-15 00:11:10
351,1134,0,7,15,15,0,0,0,0,,2025-05-24 00:25:01
352,2951,0,0,0,0,0,0,0,0,,2025-06-10 23:04:34
353,3327,0,0,0,0,0,0,0,0,,2025-02-27 02:41:18
354,1989,0,0,0,0,0,0,0,0,,2025-03-19 09:29:12
355,4100,0,0,0,0,0,0,0,0,,2025-05-05 07:44:51
356,630,0,0,0,0,0,0,0,0,,2026-01-17 19:34:18
357,1017,0,5,5,5,0,0,0,0,,2024-12-01 10:18:37
358,741,0,24,25,25,0,0,0,0,,2025-03-31 08:06:00
359,3454,5,5,5,5,0,0,0,0,,2025-06-07 02:28:09
360,2845,0,5,5,5,0,0,0,0,,2025-03-11 00:20:28
361,1998,0,5,5,5,0,0,0,0,,2024-12-03 13:58:53
362,1698,0,0,0,0,0,0,0,0,,2025-07-09 17:42:41
363,3111,0,0,0,0,0,0,0,0,,2025-08-19 19:52:24
364,1905,0,0,0,0,0,0,0,0,,2024-11-21 08:02:52
365,1457,0,0,0,0,0,0,0,0,,2024-09-29 22:16:41
366,1004,0,0,0,0,0,0,0,0,,2026-01-01 06:26:08
367,3743,0,0,0,0,0,0,0,0,,2024-07-15 13:15:24
368,1297,0,0,0,0,0,0,0,0,,2025-08-12 09:16:38
369,2641,0,5,5,5,0,0,0,0,,2025-07-22 00:07:32
370,4216,3,25,25,25,0,0,0,0,,2024-03-17 03:21:18
371,382,0,0,0,0,0,0,0,0,,2024-10-31 04:16:17
372,108,0,0,0,0,0,0,0,0,,2024-12-12 11:23:35
373,4621,0,0,25,25,0,0,0,0,,2024-07-18 18:59:11
374,3547,0,0,0,0,0,0,0,0,,2025-01-01 18:00:13
375,4692,0,0,0,0,0,0,0,0,,2024-05-25 12:27:28
376,163,0,0,5,5,0,0,0,0,,2025-06-11 21:01:58
377,3927,25,25,25,25,0,0,0,0,,2025-10-30 09:24:54
378,4739,0,0,0,0,0,0,0,0,,2025-05-10 11:21:04
379,4325,0,0,0,0,0,0,0,0,,2025-08-17 00:08:01
380,4575,5,5,5,5,0,0,0,0,,2024-11-29 17:43:09
381,447,0,0,0,0,0,0,0,0,,2025-08-13 10:38:31
382,3158,0,0,5,5,0,0,0,0,,2025-02-11 02:35:30
383,3666,0,0,0,0,0,0,0,0,,2025-12-14 05:44:53
384,3820,0,0,0,0,0,0,0,0,,2025-05-29 01:50:25
385,340,0,0,0,0,0,0,0,0,,2025-02-11 13:34:09
386,4336,0,4,15,15,0,0,0,0,,2024-11-14 08:51:38
387,2692,0,5,5,5,0,0,0,0,,2024-07-08 14:38:04
388,2042,0,0,0,0,0,0,0,0,,2024-07-29 11:26:31
389,2304,0,0,0,0,0,0,0,0,,2025-12-01 20:12:12
390,4174,0,0,0,0,0,0,0,0,,2026-05-19 09:59:19
391,4020,0,0,0,0,0,0,0,0,,2024-10-22 20:38:48
392,697,0,0,0,0,0,0,0,0,,2025-05-07 15:38:38
393,434,0,0,0,0,0,0,0,0,,2024-07-09 01:32:40
394,2524,5,5,5,5,0,0,0,0,,2024-12-18 21:49:39
395,1935,0,0,15,15,0,0,0,0,,2025-01-04 04:09:58
396,1422,0,0,0,0,0,0,0,0,,2024-12-18 16:05:55
397,2316,0,0,15,15,0,0,0,0,,2025-10-28 02:21:41
398,4083,0,0,0,0,0,0,0,0,,2026-01-22 23:11:50
399,1444,0,0,0,0,0,0,0,0,,2024-09-12 18:35:33
400,3647,5,5,5,5,0,0,0,0,,2025-06-27 15:24:44
401,272,0,0,0,0,0,0,0,0,,2026-03-17 02:19:09
402,2291,0,0,0,0,0,0,0,0,,2024-03-04 12:20:12
403,4455,0,0,0,0,0,0,0,0,,2024-10-05 22:34:22
404,2686,0,0,0,0,0,0,0,0,,2025-06-10 01:05:56
405,4094,0,0,0,0,0,0,0,0,,2025-02-03 22:43:26
406,2280,6,15,15,15,0,0,0,0,,2025-02-09 14:11:35
407,935,0,0,0,0,0,0,0,0,,2024-11-26 07:19:33
408,2572,0,10,15,15,0,0,0,0,,2024-11-15 06:22:05
409,77,0,0,0,0,0,0,0,0,,2025-12-29 21:05:50
410,1063,0,0,0,0,0,0,0,0,,2025-01-25 15:14:58
411,2284,0,5,5,5,0,0,0,0,,2024-04-29 04:19:26
412,1093,0,0,0,0,0,0,0,0,,2025-08-16 01:13:50
413,3432,0,0,0,0,0,0,0,0,,2025-06-28 19:40:53
414,4492,0,0,0,0,0,0,0,0,,2025-09-10 04:25:32
415,2903,0,4,25,25,0,0,0,0,,2025-12-09 19:49:27
416,1544,0,0,0,0,0,0,0,0,,2025-07-18 14:49:19
417,1099,0,5,5,5,0,0,0,0,,2025-12-09 19:51:51
418,1364,0,0,0,0,0,0,0,0,,2026-01-02 00:04:25
419,4387,7,37,60,60,0,1,1,1,2026-01-21 21:56:17,
420,801,0,0,0,0,0,0,0,0,,2024-06-12 09:32:57
421,1638,0,0,0,0,0,0,0,0,,2025-08-30 06:30:45
422,3050,0,0,0,0,0,0,0,0,,2024-05-02 13:42:44
423,2124,0,5,5,5,0,0,0,0,,2024-12-12 13:20:36
424,4664,0,1,30,30,0,0,1,1,2024-04-30 01:04:20,
425,199,0,0,0,0,0,0,0,0,,2025-05-25 20:45:01
426,1078,0,0,0,0,0,0,0,0,,2025-05-24 18:51:21
427,923,0,4,25,25,0,0,0,0,,2024-09-18 21:22:35
428,2588,0,0,0,0,0,0,0,0,,2024-09-02 08:59:06
429,1000,0,0,0,0,0,0,0,0,,2025-02-25 10:35:32
430,3098,0,0,0,0,0,0,0,0,,2024-12-06 06:49:10
431,3062,0,0,5,5,0,0,0,0,,2025-10-13 06:55:30
432,1111,0,0,0,0,0,0,0,0,,2024-12-06 20:44:13
433,1410,0,15,15,15,0,0,0,0,,2025-02-06 12:44:12
434,3139,0,0,0,0,0,0,0,0,,2025-06-12 10:28:17
435,2734,5,5,5,5,0,0,0,0,,2025-12-06 10:26:22
436,3010,0,0,0,0,0,0,0,0,,2025-02-06 15:56:50
437,4844,0,0,0,0,0,0,0,0,,2025-01-17 07:11:12
438,1590,5,5,5,5,0,0,0,0,,2024-09-25 16:05:49
439,4800,0,15,15,15,0,0,0,0,,2025-12-03 10:54:59
440,2667,0,0,5,5,0,0,0,0,,2024-11-16 13:40:41
441,4424,0,0,0,0,0,0,0,0,,2025-08-06 00:40:37
442,1499,0,0,0,0,0,0,0,0,,2025-04-13 00:51:20
443,4005,0,15,15,15,0,0,0,0,,2025-03-11 14:56:55
444,3957,0,0,15,15,0,0,0,0,,2024-08-25 12:35:19
445,591,0,13,15,15,0,0,0,0,,2025-09-16 23:51:25
446,1261,0,0,0,0,0,0,0,0,,2024-03-25 14:07:07
447,946,0,0,0,0,0,0,0,0,,2025-12-25 18:04:17
448,928,0,0,0,0,0,0,0,0,,2024-09-11 09:07:55
449,2430,0,0,0,0,0,0,0,0,,2025-01-28 23:35:36
450,1642,0,0,0,0,0,0,0,0,,2025-10-19 11:36:15
451,4907,12,15,15,15,0,0,0,0,,2025-05-04 15:12:34
452,2709,0,0,0,0,0,0,0,0,,2025-01-24 14:39:49
453,1061,0,0,0,0,0,0,0,0,,2025-06-18 18:34:23
454,4601,0,0,0,0,0,0,0,0,,2024-09-22 02:36:32
455,4813,0,0,0,0,0,0,0,0,,2024-05-05 17:17:16
456,2219,0,0,0,0,0,0,0,0,,2025-11-09 20:28:25
457,2775,0,2,25,25,0,0,0,0,,2024-02-25 09:35:17
458,3128,0,0,0,0,0,0,0,0,,2025-04-26 07:15:49
459,4198,0,0,15,15,0,0,0,0,,2024-05-22 15:57:14
460,1536,0,0,0,0,0,0,0,0,,2025-04-11 17:32:13
461,1932,0,0,0,0,0,0,0,0,,2025-01-12 18:36:43
462,4347,0,0,25,25,0,0,0,0,,2026-03-17 13:46:53
463,4874,0,0,0,0,0,0,0,0,,2025-01-03 05:42:39
464,2438,0,0,0,0,0,0,0,0,,2026-04-12 16:37:16
465,4397,0,0,0,0,0,0,0,0,,2024-10-06 14:51:56
466,843,0,0,0,0,0,0,0,0,,2025-01-21 05:56:29
467,2497,0,0,0,0,0,0,0,0,,2026-06-17 13:54:12
468,2207,0,0,0,0,0,0,0,0,,2024-05-19 02:20:33
469,865,5,5,5,5,0,0,0,0,,2025-02-20 21:01:24
470,483,0,5,15,15,0,0,0,0,,2025-01-20 02:23:50
471,4769,0,0,0,0,0,0,0,0,,2024-10-28 07:56:52
472,883,0,0,0,0,0,0,0,0,,2024-10-16 05:07:12
473,547,0,5,5,5,0,0,0,0,,2025-12-01 17:57:45
474,955,0,0,0,0,0,0,0,0,,2026-01-06 22:32:59
475,3736,0,0,0,0,0,0,0,0,,2024-08-13 14:33:23
476,2152,0,0,0,0,0,0,0,0,,2024-05-14 12:01:53
477,3418,0,5,5,5,0,0,0,0,,2024-07-09 22:15:37
478,1950,0,0,0,0,0,0,0,0,,2024-12-03 04:04:27
479,4414,0,0,0,0,0,0,0,0,,2025-06-17 07:50:31
480,4023,0,0,0,0,0,0,0,0,,2025-02-15 22:39:01
481,2021,0,3,5,5,0,0,0,0,,2024-09-15 06:46:44
482,936,25,25,25,25,0,0,0,0,,2025-01-19 21:35:58
483,188,0,0,0,0,0,0,0,0,,2025-01-10 01:53:09
484,4224,0,0,5,5,0,0,0,0,,2024-09-05 04:40:56
485,677,0,5,5,5,0,0,0,0,,2025-08-13 04:27:51
486,452,0,5,5,5,0,0,0,0,,2025-08-14 03:07:18
487,1904,0,0,0,0,0,0,0,0,,2025-05-17 06:55:49
488,2110,0,0,15,15,0,0,0,0,,2025-02-14 02:51:02
489,2545,0,0,0,0,0,0,0,0,,2024-09-27 03:01:58
490,3040,0,0,0,0,0,0,0,0,,2025-03-03 06:53:05
491,1650,0,15,15,15,0,0,0,0,,2025-06-28 03:08:23
492,692,0,4,15,15,0,0,0,0,,2024-06-09 17:21:35
493,2220,0,15,15,15,0,0,0,0,,2024-10-23 05:52:01
494,482,0,0,0,0,0,0,0,0,,2025-03-21 10:49:14
495,1466,0,0,0,0,0,0,0,0,,2025-06-21 17:36:18
496,3805,0,0,0,0,0,0,0,0,,2025-07-16 15:09:16
497,2071,0,0,0,0,0,0,0,0,,2025-12-25 23:10:41
498,2929,0,0,0,0,0,0,0,0,,2025-05-03 05:13:33
499,1359,0,15,15,15,0,0,0,0,,2026-02-08 15:52:28
500,1914,0,0,15,15,0,0,0,0,,2025-01-14 12:49:05
501,3699,0,0,0,0,0,0,0,0,,2025-08-19 04:06:01
502,3032,0,0,25,25,0,0,0,0,,2024-09-04 03:30:54
503,2721,0,0,30,60,0,0,1,1,2025-07-13 00:35:55,
504,2008,0,0,0,0,0,0,0,0,,2025-02-24 10:42:10
505,4918,0,0,0,0,0,0,0,0,,2025-12-05 19:22:54
506,872,0,0,0,0,0,0,0,0,,2025-09-25 07:10:34
507,1116,0,0,0,0,0,0,0,0,,2024-09-30 07:00:58
508,4182,0,0,0,0,0,0,0,0,,2026-03-13 23:55:11
509,3003,0,0,0,0,0,0,0,0,,2025-05-07 16:25:27
510,4501,0,0,0,0,0,0,0,0,,2025-06-08 21:09:33
511,1888,0,15,15,15,0,0,0,0,,2025-06-29 03:55:47
512,4795,0,0,0,0,0,0,0,0,,2024-03-22 18:53:02
513,213,0,0,0,0,0,0,0,0,,2025-11-12 11:06:53
514,2950,0,0,0,0,0,0,0,0,,2025-07-22 23:23:10
515,4116,0,0,0,0,0,0,0,0,,2024-12-24 14:59:38
516,3330,0,0,0,0,0,0,0,0,,2025-09-04 08:13:11
517,4920,0,6,15,15,0,0,0,0,,2025-12-30 08:24:29
518,3766,0,0,0,0,0,0,0,0,,2025-04-01 19:17:45
519,4540,0,15,15,15,0,0,0,0,,2025-07-30 14:47:58
520,146,0,0,0,0,0,0,0,0,,2025-09-19 07:22:16
521,4584,0,0,0,0,0,0,0,0,,2024-06-26 00:35:14
522,482,0,0,5,5,0,0,0,0,,2025-03-22 13:55:55
523,1839,0,0,0,0,0,0,0,0,,2024-04-16 17:13:30
524,1894,0,0,0,0,0,0,0,0,,2024-08-10 21:09:37
525,3130,0,0,0,0,0,0,0,0,,2025-10-29 17:35:08
526,1167,0,0,0,0,0,0,0,0,,2024-07-21 14:40:35
527,1336,0,0,0,0,0,0,0,0,,2025-02-26 12:08:54
528,2919,0,0,0,0,0,0,0,0,,2024-12-16 10:10:29
529,512,5,5,5,5,0,0,0,0,,2026-01-24 06:52:56
530,3850,25,25,25,25,0,0,0,0,,2025-11-25 21:23:11
531,570,0,0,0,0,0,0,0,0,,2025-11-27 08:02:10
532,3425,0,0,0,0,0,0,0,0,,2024-05-15 04:13:45
533,4079,0,0,0,0,0,0,0,0,,2024-11-18 10:22:24
534,2910,11,25,25,25,0,0,0,0,,2024-08-26 16:38:38
535,2,5,5,5,5,0,0,0,0,,2024-07-24 16:43:16
536,3078,0,0,0,0,0,0,0,0,,2025-04-25 14:38:41
537,277,0,0,0,0,0,0,0,0,,2024-05-20 07:39:25
538,996,0,0,15,15,0,0,0,0,,2025-05-12 18:01:12
539,2996,0,0,0,0,0,0,0,0,,2025-05-03 18:42:28
540,1601,0,0,0,0,0,0,0,0,,2025-01-19 00:46:34
541,4286,0,0,0,0,0,0,0,0,,2024-08-22 21:34:42
542,4726,0,7,25,25,0,0,0,0,,2025-08-29 08:44:21
543,4441,0,0,0,0,0,0,0,0,,2025-05-20 16:24:45
544,3825,0,0,0,30,0,0,0,1,,2024-11-03 10:36:07
545,4547,15,15,15,15,0,0,0,0,,2024-10-15 10:09:18
546,1571,0,0,0,0,0,0,0,0,,2024-07-09 07:41:07
547,234,0,0,0,0,0,0,0,0,,2025-11-22 08:13:33
548,2892,0,0,0,0,0,0,0,0,,2025-07-07 17:02:26
549,3476,0,0,0,0,0,0,0,0,,2025-01-02 00:33:22
550,1673,0,0,0,0,0,0,0,0,,2024-10-24 03:31:31
551,3672,0,0,0,0,0,0,0,0,,2024-10-05 01:23:32
552,1477,0,0,0,0,0,0,0,0,,2025-07-27 14:10:22
553,2210,0,2,5,5,0,0,0,0,,2024-08-21 09:30:21
554,2429,0,0,0,0,0,0,0,0,,2024-03-24 07:50:27
555,2876,0,0,0,0,0,0,0,0,,2025-02-05 15:06:53
556,4010,0,0,0,0,0,0,0,0,,2025-04-21 21:09:12
557,717,0,0,0,0,0,0,0,0,,2025-06-07 14:37:37
558,2347,0,5,15,15,0,0,0,0,,2024-08-31 21:26:13
559,780,22,25,25,25,0,0,0,0,,2025-10-09 20:04:39
560,339,5,5,5,5,0,0,0,0,,2024-12-01 16:12:08
561,2454,0,0,0,0,0,0,0,0,,2024-05-12 03:56:53
562,3722,0,0,0,0,0,0,0,0,,2025-12-14 21:53:59
563,286,0,0,0,0,0,0,0,0,,2024-10-09 10:51:45
564,2900,0,0,0,0,0,0,0,0,,2024-05-02 11:47:16
565,1437,5,5,5,5,0,0,0,0,,2025-12-08 18:48:42
566,4867,0,0,0,0,0,0,0,0,,2024-07-30 06:45:08
567,3782,0,0,0,0,0,0,0,0,,2024-04-18 07:50:53
568,620,0,0,0,0,0,0,0,0,,2025-06-04 13:15:53
569,4449,22,25,25,25,0,0,0,0,,2024-10-23 09:34:49
570,3550,0,0,0,0,0,0,0,0,,2025-03-25 22:20:01
571,418,0,0,0,0,0,0,0,0,,2025-10-25 22:29:13
572,4127,5,5,5,5,0,0,0,0,,2024-06-12 01:08:18
573,3364,0,0,0,0,0,0,0,0,,2024-05-24 18:38:04
574,4569,0,5,5,5,0,0,0,0,,2025-06-25 21:14:38
575,592,0,2,5,5,0,0,0,0,,2024-12-12 11:18:01
576,4866,5,5,5,5,0,0,0,0,,2024-07-03 02:37:31
577,4715,0,0,0,0,0,0,0,0,,2025-02-08 10:22:00
578,2527,0,0,0,0,0,0,0,0,,2024-07-05 06:34:21
579,2510,0,0,5,5,0,0,0,0,,2024-09-10 14:22:22
580,4051,20,25,25,25,0,0,0,0,,2026-01-19 21:30:51
581,4952,0,5,5,5,0,0,0,0,,2024-05-13 02:14:40
582,4294,0,0,0,0,0,0,0,0,,2025-02-18 13:12:53
583,2859,0,0,0,0,0,0,0,0,,2025-06-06 16:31:43
584,2445,5,5,5,5,0,0,0,0,,2025-02-28 00:55:57
585,1832,0,5,5,5,0,0,0,0,,2025-12-20 16:13:58
586,4428,0,5,5,5,0,0,0,0,,2024-08-14 21:14:52
587,3701,0,0,0,0,0,0,0,0,,2025-10-21 00:28:13
588,4233,25,25,25,25,0,0,0,0,,2025-05-28 12:24:40
589,4506,0,0,0,0,0,0,0,0,,2025-04-20 00:25:28
590,1632,25,25,25,25,0,0,0,0,,2024-10-14 01:32:23
591,4444,0,5,5,5,0,0,0,0,,2025-09-08 15:25:34
592,1520,0,0,0,0,0,0,0,0,,2025-04-06 18:02:38
593,4011,0,5,5,5,0,0,0,0,,2025-03-29 15:47:29
594,2326,0,0,0,0,0,0,0,0,,2025-11-18 04:17:19
595,3168,0,0,25,25,0,0,0,0,,2024-12-17 05:40:12
596,1407,0,0,0,0,0,0,0,0,,2026-02-05 19:59:59
597,2720,0,0,0,0,0,0,0,0,,2024-03-14 09:25:30
598,271,0,0,0,0,0,0,0,0,,2025-09-30 09:01:40
599,1350,0,0,0,0,0,0,0,0,,2025-12-12 20:14:14
600,1948,0,0,0,0,0,0,0,0,,2026-06-14 06:10:36
601,3933,0,0,0,0,0,0,0,0,,2025-05-08 23:56:15
602,3681,0,0,0,0,0,0,0,0,,2025-09-03 04:12:19
603,252,0,0,0,0,0,0,0,0,,2025-09-04 02:09:11
604,271,5,5,5,5,0,0,0,0,,2025-10-01 22:15:01
605,3546,0,9,15,15,0,0,0,0,,2024-04-14 21:48:59
606,4751,0,0,15,15,0,0,0,0,,2025-03-16 01:32:38
607,4801,0,0,0,0,0,0,0,0,,2025-02-10 07:46:57
608,4517,0,0,5,5,0,0,0,0,,2024-10-09 14:50:11
609,2284,0,0,0,0,0,0,0,0,,2025-02-01 00:47:51
610,1666,5,5,5,5,0,0,0,0,,2024-08-05 07:10:03
611,2113,0,0,0,0,0,0,0,0,,2025-02-09 23:06:55
612,3375,0,0,0,0,0,0,0,0,,2024-09-24 02:13:08
613,4449,15,15,15,15,0,0,0,0,,2025-07-20 11:29:44
614,1070,0,0,0,0,0,0,0,0,,2024-07-14 17:26:54
615,2310,0,0,0,0,0,0,0,0,,2024-12-31 19:33:36
616,1684,30,60,90,120,1,1,1,1,2025-02-15 16:29:04,
617,2212,5,5,5,5,0,0,0,0,,2025-06-17 11:48:57
618,2607,0,0,0,0,0,0,0,0,,2025-03-20 20:51:29
619,2108,0,0,0,0,0,0,0,0,,2025-07-16 03:34:34
620,2730,0,6,15,15,0,0,0,0,,2024-11-03 13:48:25
621,1943,10,25,25,25,0,0,0,0,,2025-01-13 20:04:39
622,4016,0,0,0,0,0,0,0,0,,2025-09-29 11:28:20
623,2311,0,0,0,0,0,0,0,0,,2024-09-18 10:36:56
624,220,0,15,15,15,0,0,0,0,,2025-08-06 22:27:30
625,2475,5,5,5,5,0,0,0,0,,2025-05-23 16:55:28
626,4586,0,0,0,0,0,0,0,0,,2025-12-21 01:54:24
627,327,14,25,25,25,0,0,0,0,,2026-06-04 10:06:10
628,1536,0,0,0,0,0,0,0,0,,2025-04-11 13:54:05
629,4646,0,13,15,15,0,0,0,0,,2025-02-09 15:26:05
630,2901,0,0,0,0,0,0,0,0,,2024-10-11 14:32:35
631,1222,0,0,0,0,0,0,0,0,,2025-10-13 19:56:41
632,2610,0,0,0,0,0,0,0,0,,2024-05-01 07:03:01
633,4925,5,5,5,5,0,0,0,0,,2025-09-15 23:13:51
634,4228,0,0,5,5,0,0,0,0,,2024-12-19 05:01:19
635,2241,0,0,0,0,0,0,0,0,,2024-03-18 01:19:27
636,441,0,0,0,0,0,0,0,0,,2024-09-20 03:08:40
637,86,0,0,0,0,0,0,0,0,,2024-05-12 13:08:42
638,3012,0,0,0,0,0,0,0,0,,2024-11-05 05:13:29
639,3629,16,25,25,25,0,0,0,0,,2025-12-28 21:55:40
640,789,15,15,15,15,0,0,0,0,,2024-09-14 03:06:42
641,1437,0,14,25,25,0,0,0,0,,2024-08-21 19:25:33
642,2604,0,0,0,0,0,0,0,0,,2025-10-19 07:42:49
643,2097,0,0,0,0,0,0,0,0,,2025-11-29 16:46:52
644,3301,5,5,5,5,0,0,0,0,,2025-02-20 22:25:09
645,1504,0,0,0,0,0,0,0,0,,2024-04-28 01:08:24
646,1745,0,0,0,0,0,0,0,0,,2024-07-17 21:48:44
647,4141,0,0,0,0,0,0,0,0,,2024-06-28 13:29:08
648,3530,0,0,15,15,0,0,0,0,,2025-03-29 22:39:24
649,3699,0,15,15,15,0,0,0,0,,2024-08-19 19:24:25
650,2573,0,22,30,30,0,0,1,1,2024-07-02 13:36:14,
651,4342,0,5,5,5,0,0,0,0,,2025-09-23 07:00:24
652,4302,5,5,5,5,0,0,0,0,,2026-03-28 04:20:47
653,3050,24,25,25,25,0,0,0,0,,2025-11-26 11:54:55
654,2926,0,15,15,15,0,0,0,0,,2024-03-15 07:48:04
655,3182,0,0,0,0,0,0,0,0,,2025-03-24 22:46:29
656,96,0,0,0,0,0,0,0,0,,2025-07-05 07:13:35
657,3222,0,0,0,0,0,0,0,0,,2025-11-08 02:52:15
658,3633,0,0,0,0,0,0,0,0,,2024-06-24 12:49:47
659,1042,15,15,15,15,0,0,0,0,,2026-01-05 02:12:20
660,3728,15,15,15,15,0,0,0,0,,2025-01-07 05:45:00
661,1482,0,5,5,5,0,0,0,0,,2025-07-25 19:10:05
662,2485,0,0,0,0,0,0,0,0,,2025-12-30 01:06:12
663,3801,0,0,0,0,0,0,0,0,,2024-08-20 18:02:15
664,2652,0,0,0,0,0,0,0,0,,2026-01-29 18:13:21
665,1042,0,4,5,5,0,0,0,0,,2025-08-09 15:48:42
666,3746,0,0,0,0,0,0,0,0,,2025-06-10 02:11:00
667,2716,0,0,0,0,0,0,0,0,,2026-01-04 01:48:48
668,314,9,15,15,15,0,0,0,0,,2025-10-30 18:03:27
669,4197,0,0,0,0,0,0,0,0,,2024-09-24 04:25:50
670,1761,4,15,15,15,0,0,0,0,,2025-04-25 23:25:25
671,882,0,0,0,0,0,0,0,0,,2024-07-28 02:33:42
672,1375,15,30,30,30,0,1,1,1,2025-09-08 19:31:53,
673,1524,5,5,5,5,0,0,0,0,,2025-06-04 09:47:30
674,1743,0,0,0,0,0,0,0,0,,2024-06-01 23:54:45
675,307,5,5,5,5,0,0,0,0,,2025-06-01 08:39:02
676,4442,0,0,0,0,0,0,0,0,,2024-07-18 20:51:17
677,1,0,0,0,0,0,0,0,0,,2024-04-09 13:22:40
678,2235,5,5,5,5,0,0,0,0,,2024-10-25 09:00:57
679,3258,0,0,0,0,0,0,0,0,,2024-07-20 07:37:59
680,4979,21,25,25,25,0,0,0,0,,2025-08-14 23:28:33
681,1077,0,0,0,0,0,0,0,0,,2024-12-27 22:33:34
682,477,0,2,5,5,0,0,0,0,,2024-11-28 03:17:59
683,512,0,0,0,0,0,0,0,0,,2024-06-12 01:23:53
684,3529,0,0,15,15,0,0,0,0,,2024-06-11 06:07:32
685,4887,6,15,15,15,0,0,0,0,,2025-10-08 10:29:19
686,3359,0,0,0,0,0,0,0,0,,2025-11-29 11:54:13
687,4216,0,15,15,15,0,0,0,0,,2024-03-04 11:04:29
688,1525,0,0,5,5,0,0,0,0,,2024-10-11 16:22:58
689,895,15,15,15,15,0,0,0,0,,2025-08-13 16:51:02
690,2638,16,30,30,30,0,1,1,1,2024-08-11 08:52:13,
691,3948,0,0,0,0,0,0,0,0,,2024-08-01 10:57:05
692,4104,0,0,0,0,0,0,0,0,,2024-10-26 08:39:11
693,134,0,0,0,0,0,0,0,0,,2024-07-17 05:12:39
694,432,0,7,15,15,0,0,0,0,,2026-01-09 09:12:39
695,307,0,3,15,15,0,0,0,0,,2025-05-17 23:01:44
696,51,0,20,25,25,0,0,0,0,,2024-08-02 09:13:28
697,2953,6,15,15,15,0,0,0,0,,2024-05-13 21:19:58
698,1286,0,0,0,0,0,0,0,0,,2025-05-19 20:12:19
699,4576,5,5,5,5,0,0,0,0,,2025-11-07 01:07:31
700,1210,0,0,0,0,0,0,0,0,,2024-02-06 17:23:35
701,198,0,9,25,25,0,0,0,0,,2025-09-11 06:55:31
702,4395,0,0,0,0,0,0,0,0,,2025-05-14 11:08:59
703,3072,0,0,0,0,0,0,0,0,,2025-04-03 14:21:47
704,4625,0,5,5,5,0,0,0,0,,2024-11-14 12:50:30
705,820,0,0,0,0,0,0,0,0,,2024-06-11 14:32:39
706,3064,0,0,0,0,0,0,0,0,,2024-11-29 14:50:03
707,1600,0,0,0,0,0,0,0,0,,2024-10-18 21:23:38
708,2850,0,0,0,60,0,0,0,1,,2024-11-02 14:21:39
709,2599,0,0,0,0,0,0,0,0,,2024-05-05 04:08:18
710,4284,0,0,0,0,0,0,0,0,,2025-06-06 18:51:21
711,1857,0,5,5,5,0,0,0,0,,2024-04-11 21:06:11
712,3458,0,5,15,15,0,0,0,0,,2024-12-22 02:03:22
713,4057,0,0,0,0,0,0,0,0,,2026-06-16 16:06:37
714,228,0,0,0,0,0,0,0,0,,2025-07-10 23:44:23
715,3062,0,0,0,0,0,0,0,0,,2025-09-02 03:16:50
716,4421,0,0,0,0,0,0,0,0,,2024-09-13 04:55:37
717,3005,0,0,0,0,0,0,0,0,,2024-08-31 16:42:53
718,2155,0,0,0,0,0,0,0,0,,2025-12-10 13:28:12
719,3072,0,5,5,5,0,0,0,0,,2024-06-02 08:47:15
720,1520,3,5,5,5,0,0,0,0,,2024-04-27 14:57:27
721,1799,0,0,0,0,0,0,0,0,,2025-10-27 02:34:48
722,783,0,0,0,0,0,0,0,0,,2024-11-26 16:48:10
723,462,0,15,15,15,0,0,0,0,,2024-10-23 17:19:04
724,2337,2,25,25,25,0,0,0,0,,2025-08-03 17:49:43
725,4018,0,30,60,90,0,1,1,1,2025-08-07 06:23:24,
726,2135,0,0,0,0,0,0,0,0,,2024-07-23 11:31:55
727,680,0,0,0,0,0,0,0,0,,2024-11-17 18:07:19
728,93,0,0,0,0,0,0,0,0,,2025-11-30 05:50:30
729,2590,0,0,0,0,0,0,0,0,,2025-10-27 14:52:14
730,3337,0,5,5,5,0,0,0,0,,2024-07-07 00:15:06
731,2122,0,0,0,0,0,0,0,0,,2024-08-31 03:41:01
732,589,0,13,15,15,0,0,0,0,,2024-08-28 15:44:29
733,390,15,15,15,15,0,0,0,0,,2024-10-01 07:51:21
734,3017,0,0,0,0,0,0,0,0,,2024-04-22 05:57:06
735,2871,15,15,15,15,0,0,0,0,,2025-09-28 12:30:12
736,1191,0,0,0,0,0,0,0,0,,2024-10-29 10:59:29
737,2644,0,0,0,0,0,0,0,0,,2025-12-08 07:41:50
738,2408,0,5,5,5,0,0,0,0,,2025-12-21 03:26:09
739,1373,0,0,0,0,0,0,0,0,,2024-05-03 20:23:09
740,1870,0,0,0,0,0,0,0,0,,2025-07-16 07:34:43
741,3359,5,5,5,5,0,0,0,0,,2024-09-12 13:59:42
742,2938,0,0,0,0,0,0,0,0,,2026-01-18 20:23:39
743,3641,0,5,5,5,0,0,0,0,,2024-09-01 21:54:53
744,253,0,1,15,15,0,0,0,0,,2025-12-25 21:37:33
745,1307,0,0,0,0,0,0,0,0,,2024-12-18 19:01:36
746,278,0,0,0,0,0,0,0,0,,2024-08-05 23:13:38
747,535,9,25,25,25,0,0,0,0,,2025-04-21 01:44:35
748,1410,0,0,0,0,0,0,0,0,,2024-03-15 02:03:42
749,4455,0,0,0,0,0,0,0,0,,2024-03-31 20:17:27
750,3098,0,0,15,15,0,0,0,0,,2025-05-01 17:06:41
751,1707,0,0,5,5,0,0,0,0,,2024-07-31 03:57:21
752,419,0,0,0,0,0,0,0,0,,2024-06-27 22:27:40
753,2660,0,0,0,0,0,0,0,0,,2025-02-18 04:29:20
754,329,0,5,25,25,0,0,0,0,,2025-02-01 02:05:56
755,3332,0,0,0,0,0,0,0,0,,2024-12-25 06:31:34
756,2646,0,0,0,0,0,0,0,0,,2025-12-22 18:14:27
757,891,0,3,5,5,0,0,0,0,,2024-08-08 01:37:46
758,3364,15,15,15,15,0,0,0,0,,2025-05-09 15:46:52
759,3901,0,0,0,0,0,0,0,0,,2025-12-27 06:05:52
760,79,0,0,0,0,0,0,0,0,,2024-09-17 06:13:19
761,1999,0,0,0,0,0,0,0,0,,2026-01-20 10:37:07
762,4596,25,25,25,25,0,0,0,0,,2026-05-26 10:42:52
763,1553,0,0,0,0,0,0,0,0,,2025-10-10 04:59:23
764,3046,0,0,0,0,0,0,0,0,,2026-04-07 14:00:52
765,2693,5,5,5,5,0,0,0,0,,2025-08-14 22:47:40
766,252,0,8,15,15,0,0,0,0,,2025-08-02 22:18:12
767,4307,0,15,15,15,0,0,0,0,,2025-09-02 02:48:47
768,200,0,0,0,0,0,0,0,0,,2025-06-29 00:49:53
769,3161,15,15,15,15,0,0,0,0,,2025-10-02 16:43:55
770,4814,0,0,0,0,0,0,0,0,,2024-06-05 15:57:51
771,299,0,0,0,0,0,0,0,0,,2025-03-15 10:35:58
772,3495,0,0,0,0,0,0,0,0,,2025-09-06 13:24:07
773,4739,0,5,5,5,0,0,0,0,,2024-10-19 10:06:39
774,2419,0,0,0,0,0,0,0,0,,2025-07-06 18:14:39
775,2017,0,0,0,0,0,0,0,0,,2025-09-14 01:21:57
776,148,0,0,0,0,0,0,0,0,,2024-05-22 16:49:02
777,2895,0,0,15,15,0,0,0,0,,2025-03-15 03:59:29
778,4841,0,0,0,0,0,0,0,0,,2025-10-11 20:34:05
779,2113,0,0,0,0,0,0,0,0,,2025-12-12 00:11:51
780,4094,0,0,0,0,0,0,0,0,,2024-04-25 10:40:29
781,1515,0,0,0,0,0,0,0,0,,2024-09-12 11:59:27
782,3737,5,5,5,5,0,0,0,0,,2024-05-28 20:38:41
783,4396,0,0,0,0,0,0,0,0,,2025-07-13 16:02:46
784,1005,0,5,5,5,0,0,0,0,,2025-12-02 21:43:43
785,3396,12,15,15,15,0,0,0,0,,2024-11-02 20:45:04
786,1283,0,0,0,0,0,0,0,0,,2025-01-14 15:12:59
787,1014,9,25,25,25,0,0,0,0,,2024-08-29 16:09:33
788,3242,0,0,0,0,0,0,0,0,,2024-10-23 06:59:13
789,3175,0,0,0,0,0,0,0,0,,2024-08-21 03:35:05
790,4634,0,0,15,15,0,0,0,0,,2025-12-09 17:32:29
791,4115,0,0,0,0,0,0,0,0,,2025-12-16 17:16:57
792,3247,0,0,0,0,0,0,0,0,,2025-04-04 16:45:03
793,2760,0,0,0,0,0,0,0,0,,2026-02-25 00:23:18
794,3469,0,0,0,0,0,0,0,0,,2025-08-09 19:10:09
795,325,0,0,0,0,0,0,0,0,,2024-06-06 23:09:21
796,1575,0,0,0,0,0,0,0,0,,2026-02-13 11:21:05
797,585,0,0,0,0,0,0,0,0,,2024-09-27 23:20:37
798,957,0,0,5,5,0,0,0,0,,2025-07-23 07:46:26
799,4492,0,0,0,0,0,0,0,0,,2024-06-26 06:04:03
800,4507,0,5,5,5,0,0,0,0,,2025-01-19 18:29:46
801,711,0,0,0,0,0,0,0,0,,2025-02-25 12:09:40
802,3473,0,0,0,0,0,0,0,0,,2025-05-20 18:30:44
803,3201,0,3,5,5,0,0,0,0,,2025-04-06 09:43:57
804,433,0,0,0,0,0,0,0,0,,2025-03-29 01:09:56
805,4659,0,5,5,5,0,0,0,0,,2025-01-27 20:34:51
806,1866,0,0,0,0,0,0,0,0,,2025-04-21 02:25:12
807,4964,0,0,0,0,0,0,0,0,,2025-04-03 03:14:24
808,1450,0,0,0,0,0,0,0,0,,2024-10-09 10:54:01
809,2710,0,0,0,0,0,0,0,0,,2024-09-01 11:09:12
810,2238,0,5,5,5,0,0,0,0,,2024-12-25 19:49:27
811,2765,0,0,0,0,0,0,0,0,,2024-08-15 01:52:04
812,3966,0,0,0,0,0,0,0,0,,2024-03-31 12:25:39
813,4319,0,0,0,0,0,0,0,0,,2025-05-30 18:14:21
814,63,0,0,0,0,0,0,0,0,,2024-07-15 04:27:44
815,2081,0,0,0,0,0,0,0,0,,2024-08-22 05:58:00
816,3401,0,0,0,0,0,0,0,0,,2025-01-19 01:11:29
817,4135,0,0,15,15,0,0,0,0,,2024-03-10 23:25:42
818,1740,0,5,5,5,0,0,0,0,,2026-02-21 01:40:05
819,4291,0,5,5,5,0,0,0,0,,2024-11-30 16:33:08
820,1436,5,5,5,5,0,0,0,0,,2025-10-26 22:37:01
821,3517,0,0,5,5,0,0,0,0,,2025-06-26 06:21:35
822,3547,0,0,0,0,0,0,0,0,,2025-08-27 16:48:25
823,4252,0,5,5,5,0,0,0,0,,2025-03-03 06:49:23
824,2895,0,0,0,0,0,0,0,0,,2024-06-08 17:04:16
825,2998,0,0,0,0,0,0,0,0,,2025-02-01 14:05:48
826,1564,0,0,0,0,0,0,0,0,,2025-09-06 00:00:41
827,2173,15,15,15,15,0,0,0,0,,2025-02-08 14:39:52
828,2890,0,5,5,5,0,0,0,0,,2025-11-08 16:25:55
829,1749,0,0,0,0,0,0,0,0,,2025-01-06 13:52:58
830,3461,0,0,0,0,0,0,0,0,,2025-05-22 22:09:28
831,4462,0,0,15,15,0,0,0,0,,2025-02-14 02:08:56
832,233,0,0,5,5,0,0,0,0,,2025-11-04 03:39:43
833,900,0,0,0,0,0,0,0,0,,2025-11-20 05:04:34
834,671,0,0,0,0,0,0,0,0,,2024-06-02 02:32:52
835,2054,5,5,5,5,0,0,0,0,,2024-12-27 05:32:40
836,4222,0,5,5,5,0,0,0,0,,2024-07-12 20:40:01
837,2589,0,0,0,0,0,0,0,0,,2025-11-09 02:12:22
838,51,0,0,0,0,0,0,0,0,,2025-02-11 01:34:22
839,328,5,5,5,5,0,0,0,0,,2024-11-13 05:35:46
840,75,0,0,0,0,0,0,0,0,,2025-05-15 12:55:40
841,2017,0,0,0,0,0,0,0,0,,2024-08-07 01:41:16
842,1779,0,0,0,0,0,0,0,0,,2024-12-30 22:20:15
843,1723,0,0,0,0,0,0,0,0,,2024-11-21 13:47:46
844,4244,5,5,5,5,0,0,0,0,,2024-06-17 13:05:52
845,2675,0,0,5,5,0,0,0,0,,2024-07-13 07:12:50
846,3543,0,0,15,15,0,0,0,0,,2024-08-15 18:17:05
847,412,0,5,5,5,0,0,0,0,,2024-09-09 06:45:05
848,2335,0,0,15,15,0,0,0,0,,2025-08-27 04:53:46
849,2362,0,0,0,0,0,0,0,0,,2024-10-20 13:21:27
850,3960,0,0,0,0,0,0,0,0,,2024-05-20 13:12:32
851,673,0,5,5,5,0,0,0,0,,2026-01-21 09:38:02
852,2667,0,0,0,0,0,0,0,0,,2024-02-21 10:39:34
853,2794,0,15,15,15,0,0,0,0,,2025-01-31 08:48:21
854,4280,0,0,0,0,0,0,0,0,,2024-12-11 19:43:13
855,3999,0,0,0,0,0,0,0,0,,2024-02-29 09:00:52
856,1760,0,0,0,0,0,0,0,0,,2024-07-10 21:36:54
857,2515,0,0,0,0,0,0,0,0,,2024-10-21 12:40:11
858,4952,0,0,0,0,0,0,0,0,,2025-01-04 19:12:19
859,2107,5,5,5,5,0,0,0,0,,2026-04-27 10:49:58
860,1983,5,5,5,5,0,0,0,0,,2025-09-15 06:34:30
861,1754,0,0,0,0,0,0,0,0,,2024-07-02 09:26:16
862,1206,0,0,15,15,0,0,0,0,,2024-12-21 04:24:37
863,4345,0,0,0,0,0,0,0,0,,2024-03-27 00:07:06
864,2227,0,0,0,0,0,0,0,0,,2024-12-09 17:15:43
865,4962,0,0,0,0,0,0,0,0,,2024-08-22 16:58:28
866,809,0,0,0,0,0,0,0,0,,2025-12-21 07:17:23
867,82,0,5,5,5,0,0,0,0,,2025-07-22 04:25:28
868,997,0,0,0,0,0,0,0,0,,2026-01-13 20:07:37
869,1869,0,0,0,0,0,0,0,0,,2026-03-08 20:53:12
870,1381,0,0,0,0,0,0,0,0,,2025-09-12 23:31:46
871,2497,5,5,5,5,0,0,0,0,,2025-02-09 00:15:21
872,2304,0,5,5,5,0,0,0,0,,2024-09-13 19:32:53
873,249,0,0,0,0,0,0,0,0,,2024-11-19 21:24:59
874,1218,0,0,0,0,0,0,0,0,,2024-02-23 23:57:21
875,1255,0,0,0,0,0,0,0,0,,2024-03-25 21:14:59
876,134,0,0,0,0,0,0,0,0,,2025-02-25 05:39:23
877,2608,5,5,5,5,0,0,0,0,,2024-05-17 02:24:50
878,3763,0,0,0,0,0,0,0,0,,2025-09-27 01:02:46
879,1550,0,0,0,0,0,0,0,0,,2026-03-05 06:04:24
880,1600,5,5,5,5,0,0,0,0,,2024-10-19 20:30:33
881,1303,0,0,0,0,0,0,0,0,,2026-06-15 08:09:51
882,1102,0,0,0,0,0,0,0,0,,2025-03-04 12:35:15
883,1979,0,0,0,0,0,0,0,0,,2025-09-07 20:34:09
884,286,0,15,15,15,0,0,0,0,,2025-09-03 23:07:06
885,3144,0,0,0,0,0,0,0,0,,2024-08-10 23:44:19
886,817,0,15,15,15,0,0,0,0,,2024-09-25 21:43:42
887,4567,0,0,0,0,0,0,0,0,,2025-09-07 18:18:03
888,4380,1,5,5,5,0,0,0,0,,2024-09-22 22:19:01
889,201,5,5,5,5,0,0,0,0,,2025-05-24 12:50:23
890,1279,0,15,15,15,0,0,0,0,,2026-01-12 15:45:34
891,4204,0,0,0,0,0,0,0,0,,2025-10-18 15:03:09
892,1843,0,0,0,0,0,0,0,0,,2025-12-02 03:19:31
893,1712,0,0,0,0,0,0,0,0,,2024-11-08 14:24:39
894,2340,0,0,0,0,0,0,0,0,,2026-04-01 16:31:11
895,4408,0,0,0,0,0,0,0,0,,2024-12-28 15:32:35
896,2859,0,0,5,5,0,0,0,0,,2024-09-15 18:17:53
897,4652,0,0,0,0,0,0,0,0,,2025-06-29 22:33:35
898,1057,5,5,5,5,0,0,0,0,,2025-01-30 00:11:40
899,4057,0,0,0,0,0,0,0,0,,2024-09-27 19:49:17
900,4675,0,0,0,0,0,0,0,0,,2026-02-04 02:12:24
901,712,0,0,15,15,0,0,0,0,,2024-12-29 00:00:47
902,3304,0,0,0,0,0,0,0,0,,2025-11-14 06:53:48
903,4147,0,0,0,0,0,0,0,0,,2024-05-30 14:10:25
904,967,0,0,0,0,0,0,0,0,,2024-11-03 05:51:49
905,4785,0,0,0,0,0,0,0,0,,2024-05-22 09:47:49
906,2769,0,0,0,0,0,0,0,0,,2025-10-04 01:14:42
907,3836,0,0,0,0,0,0,0,0,,2025-07-21 12:26:06
908,733,5,5,5,5,0,0,0,0,,2024-09-29 16:04:36
909,4130,25,25,25,25,0,0,0,0,,2025-03-24 22:02:43
910,2525,0,0,0,0,0,0,0,0,,2025-05-06 13:27:16
911,3046,0,3,15,15,0,0,0,0,,2025-11-16 13:52:56
912,3768,0,0,0,0,0,0,0,0,,2025-08-22 22:29:58
913,4195,0,0,0,0,0,0,0,0,,2025-11-02 16:09:34
914,1710,0,1,5,5,0,0,0,0,,2026-04-06 15:03:44
915,777,14,15,15,15,0,0,0,0,,2024-06-15 16:40:34
916,4329,0,0,0,0,0,0,0,0,,2025-10-12 18:21:20
917,17,0,0,0,0,0,0,0,0,,2025-09-11 20:48:34
918,1559,0,0,0,0,0,0,0,0,,2025-11-27 10:26:15
919,3625,0,0,0,0,0,0,0,0,,2024-10-02 16:46:21
920,412,0,0,5,5,0,0,0,0,,2024-10-10 12:27:35
921,1121,0,0,0,0,0,0,0,0,,2025-11-21 05:37:53
922,2003,6,15,15,15,0,0,0,0,,2025-05-01 08:41:30
923,882,0,0,0,0,0,0,0,0,,2025-01-08 20:29:10
924,2480,5,5,5,5,0,0,0,0,,2026-03-08 03:18:54
925,936,0,0,0,0,0,0,0,0,,2024-10-15 04:28:39
926,2692,0,0,0,0,0,0,0,0,,2025-06-18 04:31:24
927,4473,0,0,0,0,0,0,0,0,,2025-01-16 12:35:40
928,591,0,0,0,0,0,0,0,0,,2024-11-20 01:12:23
929,4253,0,5,5,5,0,0,0,0,,2024-11-23 08:37:20
930,400,0,0,0,0,0,0,0,0,,2025-02-24 23:29:07
931,1944,0,0,0,0,0,0,0,0,,2025-12-11 17:54:56
932,636,0,0,5,5,0,0,0,0,,2024-12-11 08:53:45
933,3294,0,0,0,60,0,0,0,1,,2026-01-29 19:22:50
934,3135,0,0,0,0,0,0,0,0,,2024-07-26 15:09:07
935,4146,0,0,0,0,0,0,0,0,,2024-07-02 08:44:05
936,2744,0,0,0,0,0,0,0,0,,2024-02-23 20:45:45
937,198,0,0,5,5,0,0,0,0,,2025-04-19 23:18:09
938,797,0,0,0,0,0,0,0,0,,2024-03-31 04:18:34
939,1266,0,0,0,0,0,0,0,0,,2025-04-14 10:47:35
940,3934,0,0,5,5,0,0,0,0,,2024-07-30 13:58:47
941,418,0,0,0,0,0,0,0,0,,2025-10-25 10:18:56
942,1108,5,5,5,5,0,0,0,0,,2024-11-16 08:43:44
943,4357,0,0,0,0,0,0,0,0,,2024-06-09 05:41:08
944,4426,0,0,5,5,0,0,0,0,,2025-04-13 04:57:05
945,2864,0,0,5,5,0,0,0,0,,2026-05-31 15:11:03
946,4339,0,0,0,0,0,0,0,0,,2025-09-04 05:52:47
947,698,0,0,0,0,0,0,0,0,,2025-02-02 11:07:01
948,2138,0,0,0,0,0,0,0,0,,2024-07-16 19:29:06
949,2206,0,0,0,0,0,0,0,0,,2025-09-25 23:15:25
950,3551,0,6,15,15,0,0,0,0,,2025-05-04 23:54:37
951,680,0,0,0,0,0,0,0,0,,2025-08-09 00:44:35
952,2890,0,0,0,0,0,0,0,0,,2024-04-02 14:16:36
953,2464,0,0,0,0,0,0,0,0,,2024-12-25 14:07:19
954,28,0,15,15,15,0,0,0,0,,2025-10-13 12:07:02
955,4156,0,1,5,5,0,0,0,0,,2024-09-24 21:27:24
956,2308,0,5,5,5,0,0,0,0,,2024-07-06 19:15:05
957,1388,0,0,0,0,0,0,0,0,,2025-05-18 06:56:33
958,1518,0,0,0,0,0,0,0,0,,2025-11-22 09:13:49
959,3104,0,6,25,25,0,0,0,0,,2025-02-18 09:47:02
960,1760,0,0,5,5,0,0,0,0,,2024-06-14 08:11:26
961,1661,0,0,5,5,0,0,0,0,,2025-09-04 13:18:58
962,1526,0,0,0,0,0,0,0,0,,2024-08-19 22:26:11
963,3622,0,0,0,0,0,0,0,0,,2025-11-12 09:27:18
964,4247,0,0,0,0,0,0,0,0,,2024-05-01 02:11:16
965,4212,0,0,5,5,0,0,0,0,,2024-08-17 03:55:31
966,3693,0,0,0,0,0,0,0,0,,2024-07-17 10:07:00
967,9,0,0,0,0,0,0,0,0,,2026-03-06 19:58:23
968,4198,0,0,0,0,0,0,0,0,,2026-03-19 07:56:15
969,377,0,14,30,30,0,0,1,1,2025-07-02 21:12:48,
970,62,0,0,0,0,0,0,0,0,,2025-08-21 11:09:41
971,1715,2,30,30,30,0,1,1,1,2025-05-24 18:21:57,
972,3396,0,5,5,5,0,0,0,0,,2024-10-26 14:38:29
973,2323,0,15,15,15,0,0,0,0,,2025-10-11 23:51:53
974,2600,0,0,0,0,0,0,0,0,,2026-01-12 04:57:44
975,2128,0,0,0,0,0,0,0,0,,2024-12-02 11:52:16
976,3126,0,0,0,0,0,0,0,0,,2024-07-07 18:37:16
977,4417,0,0,0,0,0,0,0,0,,2024-10-07 02:34:01
978,4644,0,0,0,0,0,0,0,0,,2025-08-26 15:24:29
979,2923,15,15,15,15,0,0,0,0,,2024-12-21 18:24:30
980,694,6,15,15,15,0,0,0,0,,2024-05-12 08:57:04
981,335,0,1,5,5,0,0,0,0,,2025-11-20 01:39:34
982,4155,5,5,5,5,0,0,0,0,,2024-05-08 20:15:13
983,3765,0,0,0,0,0,0,0,0,,2025-08-19 15:31:58
984,2438,0,0,0,0,0,0,0,0,,2025-06-23 04:55:06
985,3007,0,1,15,15,0,0,0,0,,2025-11-14 10:49:59
986,1526,13,25,25,25,0,0,0,0,,2025-01-19 07:58:47
987,2574,0,5,5,5,0,0,0,0,,2024-07-06 18:13:12
988,4673,0,0,0,0,0,0,0,0,,2025-07-21 11:49:53
989,2713,15,15,15,15,0,0,0,0,,2025-10-30 16:47:26
990,3546,0,0,0,0,0,0,0,0,,2025-07-20 01:39:19
991,424,0,0,0,0,0,0,0,0,,2025-04-11 16:35:40
992,3822,0,0,0,0,0,0,0,0,,2024-05-01 07:46:19
993,1357,0,0,0,0,0,0,0,0,,2024-09-19 06:30:53
994,2784,0,0,0,0,0,0,0,0,,2024-09-11 15:36:45
995,4262,0,0,0,0,0,0,0,0,,2024-11-19 22:04:14
996,478,0,0,5,5,0,0,0,0,,2025-11-29 18:12:38
997,4758,10,15,15,15,0,0,0,0,,2025-05-22 16:27:18
998,3454,0,0,0,0,0,0,0,0,,2025-08-16 12:22:48
999,1138,0,0,5,5,0,0,0,0,,2026-03-05 22:21:30
1000,3586,0,0,0,0,0,0,0,0,,2025-04-02 10:42:43
1001,1784,13,15,15,15,0,0,0,0,,2025-09-25 12:23:50
1002,3811,0,0,0,0,0,0,0,0,,2024-06-05 02:33:57
1003,2795,0,0,0,0,0,0,0,0,,2025-09-21 22:23:06
1004,4670,0,0,0,0,0,0,0,0,,2026-03-21 20:08:37
1005,3449,0,0,0,0,0,0,0,0,,2025-07-01 06:13:06
1006,259,0,0,0,0,0,0,0,0,,2025-08-13 11:53:55
1007,573,0,0,0,0,0,0,0,0,,2024-08-04 17:50:58
1008,4061,0,5,15,15,0,0,0,0,,2024-10-29 22:41:12
1009,3709,0,0,0,0,0,0,0,0,,2024-06-17 17:40:32
1010,807,30,60,90,90,1,1,1,1,2025-04-03 00:58:46,
1011,2410,0,0,0,0,0,0,0,0,,2026-05-02 00:50:05
1012,4441,0,0,0,0,0,0,0,0,,2025-06-27 02:47:47
1013,1144,0,0,0,0,0,0,0,0,,2025-03-30 22:56:34
1014,3087,0,0,0,0,0,0,0,0,,2025-11-02 20:22:42
1015,3653,0,0,15,15,0,0,0,0,,2024-07-28 17:40:49
1016,310,0,14,30,30,0,0,1,1,2024-04-13 10:35:04,
1017,3704,0,0,0,0,0,0,0,0,,2024-09-01 09:56:55
1018,285,0,5,5,5,0,0,0,0,,2024-07-04 07:45:22
1019,1806,0,0,0,0,0,0,0,0,,2025-03-02 21:26:51
1020,394,0,0,0,0,0,0,0,0,,2024-03-27 12:21:49
1021,127,0,0,0,0,0,0,0,0,,2024-12-31 19:06:48
1022,3308,0,15,15,15,0,0,0,0,,2026-05-25 14:43:54
1023,4013,0,0,0,0,0,0,0,0,,2025-03-02 19:45:50
1024,1550,0,0,5,5,0,0,0,0,,2026-05-23 23:24:48
1025,1742,0,0,0,0,0,0,0,0,,2025-04-27 22:03:01
1026,2511,0,5,5,5,0,0,0,0,,2024-11-03 02:04:54
1027,2987,0,0,0,0,0,0,0,0,,2024-05-19 00:19:02
1028,2950,0,0,0,0,0,0,0,0,,2025-03-14 21:07:51
1029,4904,0,0,0,0,0,0,0,0,,2024-08-02 14:57:23
1030,519,0,9,25,25,0,0,0,0,,2024-11-15 14:39:32
1031,3050,5,5,5,5,0,0,0,0,,2025-06-18 17:13:30
1032,3916,0,0,0,0,0,0,0,0,,2024-03-12 13:53:56
1033,4108,0,0,0,0,0,0,0,0,,2025-11-08 04:47:15
1034,2816,0,0,15,15,0,0,0,0,,2024-06-03 00:17:59
1035,3012,0,0,0,0,0,0,0,0,,2024-05-30 18:33:42
1036,2006,0,0,0,0,0,0,0,0,,2025-07-27 08:07:26
1037,1797,0,0,0,0,0,0,0,0,,2025-09-21 04:57:07
1038,2930,0,0,5,5,0,0,0,0,,2025-02-01 04:31:03
1039,3114,0,0,5,5,0,0,0,0,,2024-11-11 08:57:55
1040,868,0,0,0,0,0,0,0,0,,2024-11-22 18:52:45
1041,1546,0,0,0,0,0,0,0,0,,2024-09-20 09:11:09
1042,3075,0,0,0,0,0,0,0,0,,2025-02-18 13:46:23
1043,574,4,5,5,5,0,0,0,0,,2024-05-06 13:51:45
1044,2348,15,15,15,15,0,0,0,0,,2026-01-31 06:47:25
1045,259,0,0,0,0,0,0,0,0,,2024-04-04 18:07:23
1046,3136,0,12,15,15,0,0,0,0,,2024-07-03 13:27:43
1047,1256,0,0,0,0,0,0,0,0,,2024-12-26 23:36:18
1048,3248,0,15,15,15,0,0,0,0,,2025-05-02 00:01:53
1049,4166,0,5,5,5,0,0,0,0,,2024-12-03 13:06:49
1050,1236,0,0,0,0,0,0,0,0,,2024-07-06 15:45:18
1051,3368,0,0,5,5,0,0,0,0,,2025-06-29 07:23:00
1052,4883,0,0,0,0,0,0,0,0,,2024-07-27 02:52:13
1053,4965,13,25,25,25,0,0,0,0,,2025-06-16 05:00:29
1054,4351,0,0,0,0,0,0,0,0,,2024-09-11 18:01:57
1055,4578,0,5,5,5,0,0,0,0,,2025-07-25 08:45:53
1056,1642,0,0,0,0,0,0,0,0,,2025-10-02 07:14:07
1057,4978,0,0,5,5,0,0,0,0,,2025-08-07 02:23:23
1058,1606,0,5,5,5,0,0,0,0,,2025-07-17 08:48:47
1059,3524,0,8,15,15,0,0,0,0,,2024-12-13 02:05:27
1060,4187,0,0,0,0,0,0,0,0,,2024-11-10 09:47:02
1061,3635,0,5,5,5,0,0,0,0,,2025-05-08 19:42:10
1062,2301,0,0,0,0,0,0,0,0,,2025-07-14 07:59:13
1063,712,9,15,15,15,0,0,0,0,,2024-03-03 06:20:51
1064,4574,3,5,5,5,0,0,0,0,,2026-05-23 06:26:30
1065,996,2,5,5,5,0,0,0,0,,2024-06-17 16:24:07
1066,4643,0,0,0,0,0,0,0,0,,2025-10-01 07:04:37
1067,4132,0,0,0,0,0,0,0,0,,2025-04-13 04:58:38
1068,2643,0,0,0,0,0,0,0,0,,2025-10-20 07:26:39
1069,3154,0,0,0,0,0,0,0,0,,2025-05-28 21:19:36
1070,3167,0,0,0,0,0,0,0,0,,2025-09-12 21:15:58
1071,1289,0,5,5,5,0,0,0,0,,2025-06-30 00:53:26
1072,591,0,5,5,5,0,0,0,0,,2025-12-11 18:13:15
1073,3057,17,25,25,25,0,0,0,0,,2025-04-24 19:45:58
1074,1558,0,0,0,0,0,0,0,0,,2026-02-26 11:33:13
1075,4376,0,13,15,15,0,0,0,0,,2024-09-10 12:13:20
1076,63,5,15,15,15,0,0,0,0,,2024-11-15 22:08:38
1077,3064,0,0,0,0,0,0,0,0,,2025-05-23 14:07:29
1078,831,0,0,0,0,0,0,0,0,,2025-05-18 06:46:07
1079,2820,0,0,0,0,0,0,0,0,,2026-03-08 05:44:25
1080,1394,0,0,15,15,0,0,0,0,,2024-10-17 11:32:43
1081,3087,15,15,15,15,0,0,0,0,,2024-07-14 14:25:46
1082,846,0,0,0,0,0,0,0,0,,2024-06-17 04:45:10
1083,2443,15,15,15,15,0,0,0,0,,2024-07-16 14:14:48
1084,3712,0,0,15,15,0,0,0,0,,2026-04-09 10:12:34
1085,2102,0,0,0,0,0,0,0,0,,2024-05-14 18:55:16
1086,3158,0,0,0,0,0,0,0,0,,2025-04-19 19:47:47
1087,2840,0,0,0,0,0,0,0,0,,2025-01-31 02:46:20
1088,1402,0,0,0,0,0,0,0,0,,2025-04-12 02:15:08
1089,4682,0,0,0,0,0,0,0,0,,2024-10-11 13:38:46
1090,2634,0,0,0,0,0,0,0,0,,2025-07-07 11:14:19
1091,3831,0,0,5,5,0,0,0,0,,2025-09-06 01:55:12
1092,4068,0,0,0,0,0,0,0,0,,2025-06-14 10:21:54
1093,4797,0,0,0,0,0,0,0,0,,2026-02-17 21:19:10
1094,2747,0,0,0,0,0,0,0,0,,2024-09-23 22:53:15
1095,368,0,0,0,0,0,0,0,0,,2025-12-01 02:17:46
1096,3297,8,15,15,15,0,0,0,0,,2024-02-18 04:02:16
1097,3786,0,0,0,0,0,0,0,0,,2025-04-24 16:48:52
1098,3953,0,20,25,25,0,0,0,0,,2024-08-19 22:22:36
1099,1573,0,0,0,0,0,0,0,0,,2025-05-11 22:07:02
1100,138,0,0,0,0,0,0,0,0,,2026-03-05 13:48:48
1101,4064,0,0,0,0,0,0,0,0,,2024-08-30 00:59:57
1102,2296,0,0,0,0,0,0,0,0,,2025-07-09 07:07:03
1103,2396,0,0,0,0,0,0,0,0,,2024-04-23 08:42:56
1104,4638,0,0,0,0,0,0,0,0,,2024-09-29 22:51:46
1105,2236,0,0,0,0,0,0,0,0,,2024-12-12 08:08:59
1106,4113,0,0,0,0,0,0,0,0,,2024-07-31 22:36:51
1107,1294,5,25,25,25,0,0,0,0,,2025-07-18 02:22:51
1108,1634,5,5,5,5,0,0,0,0,,2025-01-20 11:49:28
1109,3162,0,15,15,15,0,0,0,0,,2025-04-16 21:35:54
1110,1886,0,6,15,15,0,0,0,0,,2025-02-25 01:40:54
1111,1654,0,15,15,15,0,0,0,0,,2025-04-30 08:50:36
1112,2393,5,5,5,5,0,0,0,0,,2026-01-11 15:12:57
1113,4342,0,0,0,0,0,0,0,0,,2024-06-13 21:05:40
1114,4822,0,0,0,0,0,0,0,0,,2025-10-30 09:30:49
1115,3742,0,0,0,0,0,0,0,0,,2026-05-19 00:00:49
1116,608,0,0,0,0,0,0,0,0,,2025-05-19 11:02:02
1117,1016,0,0,0,0,0,0,0,0,,2025-02-16 21:56:18
1118,4686,0,0,0,0,0,0,0,0,,2025-01-16 00:32:34
1119,1825,0,0,0,0,0,0,0,0,,2024-09-18 01:18:56
1120,322,0,1,15,15,0,0,0,0,,2025-03-04 18:55:04
1121,2977,0,5,5,5,0,0,0,0,,2024-11-23 13:26:23
1122,4304,0,0,0,0,0,0,0,0,,2025-08-30 19:54:25
1123,1669,0,5,5,5,0,0,0,0,,2024-05-16 02:46:24
1124,725,0,0,0,0,0,0,0,0,,2024-07-21 00:34:55
1125,4579,0,13,15,15,0,0,0,0,,2025-02-22 18:07:53
1126,4971,0,0,0,0,0,0,0,0,,2025-08-04 04:42:38
1127,1952,0,0,0,0,0,0,0,0,,2024-05-01 18:35:47
1128,4934,0,0,0,0,0,0,0,0,,2025-08-08 02:23:29
1129,3398,0,0,0,0,0,0,0,0,,2025-09-20 07:12:32
1130,4289,0,0,0,0,0,0,0,0,,2026-01-09 22:05:14
1131,4244,0,0,0,0,0,0,0,0,,2024-07-08 10:19:46
1132,224,0,0,0,0,0,0,0,0,,2024-12-24 15:10:12
1133,1738,0,15,15,15,0,0,0,0,,2026-03-29 02:13:28
1134,4599,0,0,0,0,0,0,0,0,,2024-06-23 13:32:06
1135,3907,0,0,0,0,0,0,0,0,,2024-07-30 02:07:40
1136,2410,10,15,15,15,0,0,0,0,,2025-09-12 04:54:05
1137,1120,0,0,0,0,0,0,0,0,,2024-12-31 23:27:29
1138,4683,0,0,0,0,0,0,0,0,,2025-03-22 01:11:07
1139,2259,0,0,5,5,0,0,0,0,,2024-04-19 08:41:55
1140,2711,0,5,5,5,0,0,0,0,,2025-08-18 16:32:00
1141,2236,0,0,0,0,0,0,0,0,,2025-06-04 22:31:21
1142,3286,0,0,0,0,0,0,0,0,,2024-06-17 20:21:05
1143,495,0,0,15,15,0,0,0,0,,2025-01-20 14:05:39
1144,313,5,5,5,5,0,0,0,0,,2025-02-06 03:55:07
1145,84,0,0,0,0,0,0,0,0,,2025-10-17 22:41:02
1146,1729,0,2,5,5,0,0,0,0,,2025-09-29 04:14:37
1147,2250,30,60,90,90,1,1,1,1,2024-06-20 09:21:21,
1148,1844,0,0,0,0,0,0,0,0,,2025-12-09 22:33:50
1149,841,0,0,0,0,0,0,0,0,,2025-11-02 05:46:39
1150,3083,0,0,0,0,0,0,0,0,,2025-07-21 11:39:24
1151,968,0,0,0,0,0,0,0,0,,2026-06-08 15:53:10
1152,3021,0,0,5,5,0,0,0,0,,2025-03-17 06:33:50
1153,3050,0,0,0,0,0,0,0,0,,2025-03-18 23:14:38
1154,2119,0,0,0,0,0,0,0,0,,2025-08-02 21:27:26
1155,372,0,0,0,0,0,0,0,0,,2024-08-13 00:03:38
1156,519,0,10,15,15,0,0,0,0,,2025-01-21 15:03:15
1157,4523,0,0,15,15,0,0,0,0,,2025-07-09 22:36:31
1158,2183,0,15,15,15,0,0,0,0,,2024-09-06 18:13:28
1159,3679,0,0,0,0,0,0,0,0,,2025-11-01 10:02:32
1160,2720,2,5,5,5,0,0,0,0,,2025-11-06 20:36:20
1161,1203,13,15,15,15,0,0,0,0,,2024-06-03 13:03:11
1162,4836,0,0,0,0,0,0,0,0,,2025-12-08 03:53:22
1163,3670,0,0,0,0,0,0,0,0,,2025-10-09 02:59:23
1164,398,0,0,0,0,0,0,0,0,,2024-10-09 18:47:15
1165,3781,0,0,0,0,0,0,0,0,,2024-03-28 15:21:52
1166,1226,0,0,0,0,0,0,0,0,,2025-05-13 06:20:05
1167,3531,0,0,0,0,0,0,0,0,,2024-08-04 08:23:38
1168,474,0,0,0,0,0,0,0,0,,2024-07-21 22:44:06
1169,4482,0,5,5,5,0,0,0,0,,2025-02-11 20:58:33
1170,273,15,15,15,15,0,0,0,0,,2025-06-08 03:02:53
1171,4237,0,0,0,0,0,0,0,0,,2025-10-18 01:40:46
1172,11,0,0,0,0,0,0,0,0,,2025-06-29 02:32:20
1173,1283,15,15,15,15,0,0,0,0,,2025-12-28 13:07:42
1174,902,0,0,0,0,0,0,0,0,,2024-03-24 03:50:36
1175,124,0,5,15,15,0,0,0,0,,2024-07-13 21:46:40
1176,2647,4,25,25,25,0,0,0,0,,2024-11-21 22:31:10
1177,3025,0,0,15,15,0,0,0,0,,2026-04-17 18:58:28
1178,2874,0,0,0,0,0,0,0,0,,2024-08-28 22:34:48
1179,4204,5,5,5,5,0,0,0,0,,2024-07-17 03:47:49
1180,643,0,23,30,30,0,0,1,1,2026-01-23 02:49:08,
1181,1643,0,0,5,5,0,0,0,0,,2025-02-03 15:20:09
1182,880,5,5,5,5,0,0,0,0,,2025-02-20 12:27:17
1183,1220,0,0,15,15,0,0,0,0,,2025-11-06 05:19:02
1184,2124,5,5,5,5,0,0,0,0,,2024-08-18 05:12:22
1185,3653,0,0,0,0,0,0,0,0,,2026-02-04 20:31:18
1186,490,0,3,5,5,0,0,0,0,,2024-06-22 22:14:32
1187,1135,0,0,0,0,0,0,0,0,,2024-09-12 08:29:33
1188,3232,0,0,0,0,0,0,0,0,,2024-12-19 09:56:14
1189,148,0,0,0,0,0,0,0,0,,2025-07-31 03:48:21
1190,3365,0,0,0,0,0,0,0,0,,2025-04-28 07:48:06
1191,4221,0,0,0,0,0,0,0,0,,2025-03-12 21:02:10
1192,738,0,0,0,0,0,0,0,0,,2025-05-18 04:19:46
1193,1471,0,0,5,5,0,0,0,0,,2024-10-21 19:40:38
1194,4565,0,12,15,15,0,0,0,0,,2024-06-02 00:46:47
1195,4612,0,0,0,0,0,0,0,0,,2025-07-10 02:13:20
1196,4411,0,0,0,0,0,0,0,0,,2025-12-31 01:45:46
1197,4510,0,0,0,0,0,0,0,0,,2026-02-03 03:49:05
1198,4307,0,0,0,0,0,0,0,0,,2026-01-18 21:59:30
1199,4473,0,0,0,0,0,0,0,0,,2026-01-24 08:39:46
1200,2307,5,5,5,5,0,0,0,0,,2024-11-18 06:05:04
1201,2035,0,23,25,25,0,0,0,0,,2025-02-06 01:27:21
1202,1561,0,8,25,25,0,0,0,0,,2025-01-04 20:36:02
1203,2095,0,0,0,0,0,0,0,0,,2024-07-22 10:43:48
1204,3890,0,0,0,0,0,0,0,0,,2025-10-03 10:20:00
1205,2438,15,15,15,15,0,0,0,0,,2026-01-13 15:18:17
1206,1460,0,5,5,5,0,0,0,0,,2025-04-29 10:06:06
1207,2190,0,0,0,0,0,0,0,0,,2024-04-12 06:28:47
1208,1847,0,0,0,0,0,0,0,0,,2024-07-20 13:45:05
1209,1547,0,15,15,15,0,0,0,0,,2024-06-18 01:14:02
1210,3587,0,0,0,0,0,0,0,0,,2025-12-07 05:43:32
1211,2552,0,5,5,5,0,0,0,0,,2024-08-13 08:21:30
1212,2304,0,0,0,0,0,0,0,0,,2025-03-05 12:09:05
1213,42,0,15,15,15,0,0,0,0,,2025-07-30 19:38:42
1214,975,0,5,25,25,0,0,0,0,,2025-04-05 19:27:17
1215,3655,5,5,5,5,0,0,0,0,,2026-01-02 11:45:25
1216,2797,0,0,0,0,0,0,0,0,,2025-06-05 12:35:09
1217,4509,0,0,0,0,0,0,0,0,,2025-09-21 13:50:00
1218,614,0,0,0,0,0,0,0,0,,2025-08-12 20:20:12
1219,1003,0,0,0,0,0,0,0,0,,2024-07-23 09:26:47
1220,4059,0,15,15,15,0,0,0,0,,2025-11-13 12:29:34
1221,4263,0,0,0,0,0,0,0,0,,2024-03-25 04:33:29
1222,2844,0,5,5,5,0,0,0,0,,2024-07-21 17:53:04
1223,3021,0,0,0,0,0,0,0,0,,2024-09-16 06:09:23
1224,2103,0,14,15,15,0,0,0,0,,2025-10-19 03:32:12
1225,4647,0,5,5,5,0,0,0,0,,2024-06-21 08:20:31
1226,998,0,0,0,0,0,0,0,0,,2024-10-08 18:30:27
1227,4218,0,0,0,0,0,0,0,0,,2025-02-22 21:47:10
1228,4887,0,0,0,0,0,0,0,0,,2025-11-27 20:56:29
1229,486,0,5,5,5,0,0,0,0,,2025-09-06 01:21:51
1230,2261,0,0,0,0,0,0,0,0,,2026-03-27 21:03:19
1231,3149,9,15,15,15,0,0,0,0,,2024-06-13 17:47:36
1232,4291,0,0,0,0,0,0,0,0,,2025-05-10 20:25:50
1233,2039,27,30,30,30,0,1,1,1,2025-12-08 15:06:43,
1234,3173,0,0,0,0,0,0,0,0,,2026-05-24 14:22:29
1235,4631,15,15,15,15,0,0,0,0,,2025-12-31 01:15:04
1236,4840,0,0,0,0,0,0,0,0,,2024-11-19 08:06:14
1237,4176,0,0,0,0,0,0,0,0,,2025-07-28 20:59:24
1238,3830,0,10,15,15,0,0,0,0,,2025-03-02 00:36:08
1239,2122,0,0,0,0,0,0,0,0,,2025-12-02 22:36:52
1240,4998,0,0,0,0,0,0,0,0,,2024-11-01 02:54:25
1241,3854,0,0,0,0,0,0,0,0,,2025-04-13 19:57:25
1242,4197,0,0,0,0,0,0,0,0,,2024-05-19 10:16:55
1243,3716,0,10,25,25,0,0,0,0,,2025-12-22 14:57:01
1244,4041,0,15,15,15,0,0,0,0,,2024-07-08 20:01:18
1245,549,0,0,0,0,0,0,0,0,,2024-07-16 00:08:24
1246,1587,0,0,0,0,0,0,0,0,,2024-04-08 09:38:14
1247,1665,0,0,0,0,0,0,0,0,,2025-11-15 06:19:57
1248,426,0,0,0,0,0,0,0,0,,2024-11-27 06:39:44
1249,3990,0,0,0,0,0,0,0,0,,2024-10-26 13:05:38
1250,3679,0,0,0,0,0,0,0,0,,2025-11-23 21:58:23
1251,4876,0,0,0,0,0,0,0,0,,2025-10-07 09:16:26
1252,2355,0,0,0,0,0,0,0,0,,2024-08-13 03:33:02
1253,4677,0,0,0,0,0,0,0,0,,2024-06-25 16:13:53
1254,1135,5,5,5,5,0,0,0,0,,2025-05-24 18:37:55
1255,1228,0,0,15,15,0,0,0,0,,2025-05-02 06:05:03
1256,2465,0,0,0,0,0,0,0,0,,2026-01-31 17:04:47
1257,4535,0,0,0,0,0,0,0,0,,2024-12-16 16:45:50
1258,1470,19,30,30,30,0,1,1,1,2024-12-20 01:09:29,
1259,3791,0,0,0,0,0,0,0,0,,2025-10-29 12:39:48
1260,3245,0,0,0,0,0,0,0,0,,2024-05-22 14:34:24
1261,3793,0,15,15,15,0,0,0,0,,2025-12-25 00:33:33
1262,874,5,5,5,5,0,0,0,0,,2024-09-17 02:51:59
1263,3235,5,5,5,5,0,0,0,0,,2025-11-16 05:58:15
1264,2834,0,0,5,5,0,0,0,0,,2025-08-12 01:19:15
1265,1990,0,0,0,0,0,0,0,0,,2024-05-22 17:28:05
1266,1773,0,0,0,0,0,0,0,0,,2024-10-14 08:06:53
1267,89,0,0,0,0,0,0,0,0,,2025-03-20 15:25:13
1268,1069,0,0,0,0,0,0,0,0,,2024-10-31 15:58:27
1269,4863,0,3,15,15,0,0,0,0,,2024-03-18 15:23:19
1270,3845,0,15,15,15,0,0,0,0,,2024-11-17 01:30:59
1271,1496,0,0,5,5,0,0,0,0,,2024-06-30 00:11:31
1272,3490,0,0,5,5,0,0,0,0,,2025-03-12 05:31:00
1273,428,0,0,5,5,0,0,0,0,,2024-06-15 02:31:05
1274,2554,0,0,0,0,0,0,0,0,,2025-05-15 13:37:28
1275,4588,0,0,0,0,0,0,0,0,,2024-07-03 00:41:07
1276,1103,0,0,0,60,0,0,0,1,,2024-12-31 03:56:38
1277,1280,0,0,0,0,0,0,0,0,,2025-04-08 12:15:55
1278,136,0,0,0,0,0,0,0,0,,2025-03-16 00:41:07
1279,1003,0,3,15,15,0,0,0,0,,2024-06-02 12:38:23
1280,4642,0,0,0,0,0,0,0,0,,2025-03-08 09:53:22
1281,1067,0,0,0,0,0,0,0,0,,2024-11-07 21:01:14
1282,2531,0,0,0,0,0,0,0,0,,2024-08-23 06:58:14
1283,26,0,0,0,0,0,0,0,0,,2025-07-29 11:03:56
1284,2008,0,0,30,60,0,0,1,1,2024-07-03 14:00:39,
1285,943,0,0,0,0,0,0,0,0,,2025-12-27 12:56:59
1286,2711,0,0,0,0,0,0,0,0,,2025-12-07 11:41:28
1287,1615,0,0,0,0,0,0,0,0,,2025-03-24 09:27:07
1288,1821,0,0,5,5,0,0,0,0,,2025-04-27 15:18:00
1289,2612,0,0,5,5,0,0,0,0,,2025-01-02 21:43:08
1290,3565,0,0,5,5,0,0,0,0,,2024-06-04 08:59:15
1291,513,0,0,0,0,0,0,0,0,,2025-01-03 03:04:20
1292,534,0,0,0,0,0,0,0,0,,2024-11-10 19:54:33
1293,4594,0,0,15,15,0,0,0,0,,2024-09-02 20:17:16
1294,3341,0,0,0,0,0,0,0,0,,2026-03-15 07:18:23
1295,4228,0,0,0,0,0,0,0,0,,2025-06-18 19:13:06
1296,1313,0,0,0,0,0,0,0,0,,2024-03-09 04:18:58
1297,52,0,17,30,30,0,0,1,1,2025-11-11 15:28:53,
1298,1317,0,0,0,0,0,0,0,0,,2025-05-19 09:37:24
1299,320,5,5,5,5,0,0,0,0,,2025-08-10 23:39:01
1300,1999,23,25,25,25,0,0,0,0,,2025-07-29 01:21:27
1301,4682,0,0,5,5,0,0,0,0,,2025-04-13 05:43:49
1302,1085,0,0,0,0,0,0,0,0,,2024-12-29 16:34:19
1303,1978,15,15,15,15,0,0,0,0,,2025-02-26 00:59:31
1304,3796,0,0,0,0,0,0,0,0,,2025-01-28 15:31:42
1305,1958,0,0,5,5,0,0,0,0,,2024-06-17 19:57:53
1306,2501,0,15,15,15,0,0,0,0,,2025-11-11 08:48:28
1307,2724,13,15,15,15,0,0,0,0,,2024-04-18 06:04:37
1308,2445,0,0,0,0,0,0,0,0,,2025-12-26 09:26:05
1309,381,0,0,0,0,0,0,0,0,,2026-03-21 07:14:52
1310,4160,0,0,0,0,0,0,0,0,,2024-07-17 20:20:25
1311,2578,0,15,15,15,0,0,0,0,,2024-08-25 13:33:03
1312,3951,15,15,15,15,0,0,0,0,,2024-05-07 17:28:52
1313,1118,0,5,5,5,0,0,0,0,,2025-03-26 17:29:18
1314,263,0,0,0,60,0,0,0,1,,2024-04-30 15:25:53
1315,502,0,0,0,0,0,0,0,0,,2024-04-21 01:34:14
1316,4738,0,0,0,0,0,0,0,0,,2024-06-21 03:41:52
1317,2187,0,0,0,0,0,0,0,0,,2024-12-11 02:27:18
1318,2531,1,5,5,5,0,0,0,0,,2025-01-04 12:08:59
1319,2856,0,0,0,0,0,0,0,0,,2024-03-16 16:28:48
1320,1997,0,0,0,0,0,0,0,0,,2024-06-18 01:43:34
1321,2096,5,5,5,5,0,0,0,0,,2025-10-29 06:03:33
1322,1749,0,0,0,0,0,0,0,0,,2025-09-25 14:57:55
1323,3201,0,0,0,0,0,0,0,0,,2026-04-04 21:11:25
1324,3503,5,5,5,5,0,0,0,0,,2024-08-23 04:27:59
1325,2277,0,0,0,0,0,0,0,0,,2025-10-15 04:22:52
1326,4069,0,0,0,0,0,0,0,0,,2026-02-12 03:14:36
1327,3846,0,15,15,15,0,0,0,0,,2024-12-06 10:55:17
1328,3052,0,7,15,15,0,0,0,0,,2025-05-25 23:41:33
1329,1989,0,0,0,0,0,0,0,0,,2025-02-18 19:23:51
1330,2193,30,60,90,90,1,1,1,1,2026-02-20 02:24:08,
1331,1409,0,0,0,30,0,0,0,1,,2025-08-06 10:58:38
1332,1455,0,0,0,0,0,0,0,0,,2026-01-13 08:13:51
1333,4967,0,15,15,15,0,0,0,0,,2025-12-09 16:23:22
1334,1704,0,0,15,15,0,0,0,0,,2025-03-04 11:05:08
1335,4758,0,0,0,0,0,0,0,0,,2025-10-08 17:51:09
1336,125,0,5,5,5,0,0,0,0,,2025-04-15 02:47:00
1337,1217,0,5,5,5,0,0,0,0,,2026-05-30 05:19:28
1338,95,0,0,0,0,0,0,0,0,,2025-06-24 20:40:02
1339,2532,0,0,0,0,0,0,0,0,,2024-04-15 04:36:43
1340,3148,0,0,0,0,0,0,0,0,,2024-11-08 08:35:09
1341,234,0,0,0,0,0,0,0,0,,2025-11-09 15:01:38
1342,4252,0,0,0,0,0,0,0,0,,2026-01-18 19:38:16
1343,3624,0,0,0,0,0,0,0,0,,2024-03-12 04:17:19
1344,4886,0,0,0,0,0,0,0,0,,2025-10-13 18:25:56
1345,4622,0,0,0,0,0,0,0,0,,2025-03-06 01:40:54
1346,1642,0,0,0,0,0,0,0,0,,2025-08-02 05:47:32
1347,4465,0,5,5,5,0,0,0,0,,2024-06-10 14:13:07
1348,2462,0,0,0,0,0,0,0,0,,2025-09-28 12:37:20
1349,3765,0,0,0,0,0,0,0,0,,2025-06-18 13:38:42
1350,1747,5,5,5,5,0,0,0,0,,2024-09-05 02:17:43
1351,1157,0,0,0,0,0,0,0,0,,2024-10-10 13:14:50
1352,4409,0,0,0,0,0,0,0,0,,2025-04-09 12:12:59
1353,68,0,0,0,0,0,0,0,0,,2025-05-09 21:38:34
1354,1064,0,0,0,0,0,0,0,0,,2024-11-11 04:03:07
1355,237,5,5,5,5,0,0,0,0,,2024-11-19 11:35:17
1356,4510,0,0,0,0,0,0,0,0,,2025-12-16 14:20:55
1357,2964,0,0,5,5,0,0,0,0,,2025-04-15 22:26:36
1358,4456,0,0,0,0,0,0,0,0,,2025-12-07 03:13:01
1359,3092,0,0,15,15,0,0,0,0,,2025-07-07 07:59:51
1360,3055,0,0,15,15,0,0,0,0,,2026-01-13 15:40:14
1361,3664,0,0,0,0,0,0,0,0,,2024-12-04 06:59:30
1362,1400,0,0,0,0,0,0,0,0,,2025-04-12 10:16:45
1363,4008,0,0,0,0,0,0,0,0,,2025-09-21 06:22:33
1364,2489,5,5,5,5,0,0,0,0,,2024-09-08 19:08:49
1365,1455,0,0,0,0,0,0,0,0,,2025-11-04 10:02:08
1366,1708,15,15,15,15,0,0,0,0,,2025-12-03 22:52:01
1367,2244,0,0,0,0,0,0,0,0,,2024-08-24 06:44:56
1368,3059,0,0,0,0,0,0,0,0,,2025-06-25 03:19:01
1369,5,0,0,0,0,0,0,0,0,,2024-11-21 03:07:04
1370,3087,0,0,0,0,0,0,0,0,,2024-06-26 07:04:04
1371,714,0,0,5,5,0,0,0,0,,2025-03-03 11:39:13
1372,4867,0,8,15,15,0,0,0,0,,2025-04-26 06:48:05
1373,3613,0,0,0,0,0,0,0,0,,2025-06-30 13:51:51
1374,1575,0,0,0,0,0,0,0,0,,2026-01-05 07:27:44
1375,4624,0,0,0,0,0,0,0,0,,2026-01-12 07:11:14
1376,3466,0,5,5,5,0,0,0,0,,2024-08-07 22:26:40
1377,170,0,5,5,5,0,0,0,0,,2024-08-20 18:55:50
1378,3827,0,5,5,5,0,0,0,0,,2026-03-28 04:12:01
1379,4523,0,0,0,0,0,0,0,0,,2026-03-03 10:12:18
1380,3142,0,0,0,0,0,0,0,0,,2024-06-25 07:38:56
1381,4418,0,0,0,0,0,0,0,0,,2025-04-13 01:21:41
1382,2080,0,23,25,25,0,0,0,0,,2024-03-23 05:10:51
1383,914,0,9,15,15,0,0,0,0,,2024-10-29 23:07:30
1384,3795,25,25,25,25,0,0,0,0,,2024-05-12 04:05:22
1385,4463,0,0,0,0,0,0,0,0,,2024-10-17 09:31:27
1386,4287,0,0,0,0,0,0,0,0,,2025-01-13 11:59:57
1387,2850,0,0,5,5,0,0,0,0,,2025-02-21 06:55:53
1388,2882,0,0,0,0,0,0,0,0,,2024-11-10 17:38:51
1389,3451,0,0,0,0,0,0,0,0,,2025-02-11 01:37:28
1390,4339,0,0,0,0,0,0,0,0,,2025-10-29 23:24:05
1391,4917,0,0,0,0,0,0,0,0,,2025-12-02 09:59:27
1392,2585,0,0,15,15,0,0,0,0,,2025-11-21 17:01:43
1393,3101,0,0,0,0,0,0,0,0,,2025-02-07 14:51:32
1394,1298,6,15,15,15,0,0,0,0,,2025-04-18 22:30:23
1395,3100,5,5,5,5,0,0,0,0,,2025-10-12 20:38:55
1396,609,0,0,0,0,0,0,0,0,,2024-05-04 20:49:51
1397,3607,0,0,0,0,0,0,0,0,,2024-03-28 20:34:14
1398,4381,0,0,0,0,0,0,0,0,,2025-01-17 22:52:40
1399,1473,0,1,5,5,0,0,0,0,,2026-02-26 13:56:58
1400,3550,0,0,0,0,0,0,0,0,,2025-07-25 15:44:05
1401,2938,0,0,0,0,0,0,0,0,,2025-12-31 12:17:47
1402,78,0,0,0,0,0,0,0,0,,2025-07-06 18:27:08
1403,3235,1,15,15,15,0,0,0,0,,2025-10-18 15:43:05
1404,1446,0,0,0,0,0,0,0,0,,2025-06-17 13:03:08
1405,1985,15,15,15,15,0,0,0,0,,2026-01-11 05:17:29
1406,361,0,0,15,15,0,0,0,0,,2024-07-24 09:14:52
1407,3059,0,0,0,0,0,0,0,0,,2024-09-13 07:46:30
1408,2241,0,0,0,0,0,0,0,0,,2024-10-25 20:28:50
1409,4279,0,11,15,15,0,0,0,0,,2025-04-05 04:09:44
1410,4954,4,15,15,15,0,0,0,0,,2025-02-01 00:09:36
1411,2176,0,0,0,0,0,0,0,0,,2025-06-02 19:21:36
1412,1852,24,25,25,25,0,0,0,0,,2026-02-07 17:55:47
1413,2396,0,0,0,0,0,0,0,0,,2024-05-24 15:56:55
1414,4435,0,0,0,0,0,0,0,0,,2026-01-08 16:19:13
1415,4806,0,0,0,0,0,0,0,0,,2026-03-19 11:08:42
1416,1668,0,0,5,5,0,0,0,0,,2024-12-08 14:31:36
1417,2001,0,0,0,0,0,0,0,0,,2025-12-28 07:52:11
1418,2866,0,0,0,0,0,0,0,0,,2024-05-09 03:17:37
1419,93,0,0,0,0,0,0,0,0,,2024-11-24 08:27:15
1420,2303,0,0,0,0,0,0,0,0,,2024-09-18 10:10:21
1421,1541,0,0,0,0,0,0,0,0,,2025-01-15 18:02:47
1422,417,0,0,0,0,0,0,0,0,,2025-03-19 19:15:02
1423,2869,0,0,0,0,0,0,0,0,,2025-08-28 01:45:55
1424,2439,0,0,0,0,0,0,0,0,,2025-07-30 12:12:00
1425,4259,0,0,0,30,0,0,0,1,,2024-06-24 20:47:23
1426,409,0,0,0,0,0,0,0,0,,2025-12-28 16:26:26
1427,1753,0,6,15,15,0,0,0,0,,2024-12-07 10:44:19
1428,1578,0,0,0,0,0,0,0,0,,2025-06-04 14:49:24
1429,1566,0,0,0,0,0,0,0,0,,2026-06-08 15:49:55
1430,71,0,0,0,0,0,0,0,0,,2026-05-02 05:09:12
1431,1712,0,0,0,0,0,0,0,0,,2025-06-29 00:11:39
1432,4911,20,25,25,25,0,0,0,0,,2025-05-21 17:11:30
1433,2396,0,0,0,0,0,0,0,0,,2025-08-10 19:52:14
1434,4551,0,0,0,0,0,0,0,0,,2025-05-28 22:46:59
1435,281,0,0,0,0,0,0,0,0,,2025-02-22 04:28:34
1436,2628,0,0,0,60,0,0,0,1,,2025-11-27 20:08:39
1437,3506,0,0,0,0,0,0,0,0,,2024-10-28 05:18:16
1438,2318,0,0,15,15,0,0,0,0,,2025-03-12 17:34:04
1439,1312,5,5,5,5,0,0,0,0,,2024-11-06 19:37:31
1440,1528,5,5,5,5,0,0,0,0,,2025-05-20 01:56:28
1441,2507,0,0,0,0,0,0,0,0,,2024-12-04 13:54:43
1442,3449,0,0,0,0,0,0,0,0,,2024-08-18 04:32:29
1443,1848,0,0,0,30,0,0,0,1,,2025-06-15 19:33:02
1444,530,0,0,0,0,0,0,0,0,,2024-06-12 23:08:26
1445,4579,0,0,0,0,0,0,0,0,,2025-05-04 00:57:24
1446,1185,0,0,0,0,0,0,0,0,,2025-01-04 01:07:53
1447,4513,0,0,0,0,0,0,0,0,,2025-08-25 01:52:47
1448,11,0,0,0,0,0,0,0,0,,2025-09-03 07:10:20
1449,677,0,0,0,0,0,0,0,0,,2025-12-28 21:04:27
1450,4642,0,0,0,0,0,0,0,0,,2025-10-05 01:26:23
1451,2084,0,0,5,5,0,0,0,0,,2024-11-09 21:55:13
1452,1725,0,0,0,0,0,0,0,0,,2025-03-24 14:42:37
1453,3198,0,0,0,0,0,0,0,0,,2025-04-07 15:31:59
1454,1326,0,0,0,0,0,0,0,0,,2024-03-02 20:45:13
1455,3164,0,0,5,5,0,0,0,0,,2024-11-04 01:12:05
1456,3030,0,0,0,0,0,0,0,0,,2025-04-03 21:40:14
1457,559,0,5,5,5,0,0,0,0,,2025-04-16 07:55:34
1458,2093,0,2,5,5,0,0,0,0,,2024-08-19 07:14:08
1459,4524,0,0,0,0,0,0,0,0,,2025-03-09 15:37:58
1460,3019,0,0,0,0,0,0,0,0,,2026-02-13 02:01:44
1461,78,4,5,5,5,0,0,0,0,,2025-03-23 22:45:01
1462,1074,0,2,5,5,0,0,0,0,,2025-07-17 13:54:21
1463,3254,0,0,0,0,0,0,0,0,,2024-04-20 10:22:48
1464,2900,0,0,0,0,0,0,0,0,,2024-06-26 05:22:17
1465,530,1,15,15,15,0,0,0,0,,2025-12-24 10:50:55
1466,643,5,5,5,5,0,0,0,0,,2025-04-07 02:07:38
1467,1988,5,5,5,5,0,0,0,0,,2024-09-26 07:59:36
1468,3890,15,15,15,15,0,0,0,0,,2025-11-19 14:41:51
1469,2369,0,0,0,0,0,0,0,0,,2025-10-14 07:00:16
1470,4950,15,15,15,15,0,0,0,0,,2024-05-06 21:58:29
1471,1045,3,15,15,15,0,0,0,0,,2025-11-01 11:07:50
1472,837,0,0,0,0,0,0,0,0,,2024-07-18 22:15:58
1473,3143,0,0,0,0,0,0,0,0,,2025-10-29 13:39:07
1474,4105,0,0,0,0,0,0,0,0,,2024-11-30 11:55:41
1475,301,0,5,5,5,0,0,0,0,,2026-04-12 04:02:32
1476,1311,0,0,0,0,0,0,0,0,,2024-12-12 14:44:33
1477,1375,0,0,0,0,0,0,0,0,,2024-04-13 06:59:14
1478,1199,0,5,5,5,0,0,0,0,,2025-12-07 10:29:08
1479,4009,12,15,15,15,0,0,0,0,,2025-08-03 01:48:27
1480,585,0,0,0,0,0,0,0,0,,2024-08-23 22:53:44
1481,2088,0,0,0,0,0,0,0,0,,2025-09-20 08:43:50
1482,4239,0,0,0,0,0,0,0,0,,2024-03-24 12:09:52
1483,2359,15,15,15,15,0,0,0,0,,2024-06-09 03:14:30
1484,3031,0,15,15,15,0,0,0,0,,2024-09-11 23:48:09
1485,2700,5,5,5,5,0,0,0,0,,2024-07-03 08:17:00
1486,493,5,5,5,5,0,0,0,0,,2024-03-11 03:55:43
1487,2312,15,15,15,15,0,0,0,0,,2025-01-20 01:45:58
1488,470,0,0,0,0,0,0,0,0,,2024-10-03 01:08:23
1489,2811,6,15,15,15,0,0,0,0,,2026-01-07 23:07:46
1490,3717,0,0,5,5,0,0,0,0,,2025-11-10 03:44:45
1491,2380,0,0,0,0,0,0,0,0,,2025-02-01 01:34:32
1492,2706,0,0,0,0,0,0,0,0,,2024-12-19 20:04:07
1493,4175,0,0,0,0,0,0,0,0,,2024-12-23 19:25:42
1494,227,0,0,0,30,0,0,0,1,,2024-12-04 12:03:01
1495,3076,0,0,0,30,0,0,0,1,,2025-08-12 11:31:16
1496,398,0,0,0,0,0,0,0,0,,2025-01-29 03:11:37
1497,2371,0,0,0,0,0,0,0,0,,2025-03-27 10:34:51
1498,3759,5,5,5,5,0,0,0,0,,2025-08-30 21:29:16
1499,874,0,0,0,0,0,0,0,0,,2024-11-12 14:26:51
1500,4224,0,5,5,5,0,0,0,0,,2025-01-25 13:29:57
1501,4523,0,0,0,0,0,0,0,0,,2024-05-26 01:02:35
1502,1451,0,15,15,15,0,0,0,0,,2024-06-05 16:17:01
1503,2941,0,0,0,0,0,0,0,0,,2025-01-13 11:08:20
1504,4936,0,0,0,0,0,0,0,0,,2025-02-14 13:32:14
1505,1524,0,0,5,5,0,0,0,0,,2025-03-29 05:20:26
1506,4493,4,15,15,15,0,0,0,0,,2025-01-11 14:38:22
1507,3578,0,0,5,5,0,0,0,0,,2025-11-18 01:13:32
1508,1703,5,5,5,5,0,0,0,0,,2024-12-25 07:51:56
1509,744,0,0,0,0,0,0,0,0,,2024-09-15 08:53:07
1510,296,3,5,5,5,0,0,0,0,,2025-06-25 16:17:12
1511,4329,0,0,0,0,0,0,0,0,,2024-12-24 13:23:10
1512,1964,15,15,15,15,0,0,0,0,,2025-01-07 19:52:12
1513,4048,0,0,0,0,0,0,0,0,,2025-02-10 21:40:43
1514,538,0,0,0,0,0,0,0,0,,2024-05-16 06:04:42
1515,4552,4,15,15,15,0,0,0,0,,2026-02-20 14:28:14
1516,2690,0,5,5,5,0,0,0,0,,2025-07-03 04:55:12
1517,381,0,0,0,0,0,0,0,0,,2025-01-28 12:42:35
1518,1364,0,0,0,0,0,0,0,0,,2024-07-29 03:54:54
1519,835,0,0,0,0,0,0,0,0,,2025-09-07 20:46:58
1520,2122,0,0,0,0,0,0,0,0,,2024-12-25 07:58:56
1521,3195,0,0,0,0,0,0,0,0,,2026-02-04 17:50:07
1522,4886,30,60,90,120,1,1,1,1,2025-03-30 14:25:12,
1523,1946,0,15,15,15,0,0,0,0,,2024-07-01 02:22:54
1524,1044,0,25,25,25,0,0,0,0,,2024-08-16 08:53:34
1525,3925,0,0,0,0,0,0,0,0,,2024-02-11 09:23:22
1526,723,5,5,5,5,0,0,0,0,,2024-05-17 14:33:16
1527,3596,0,5,5,5,0,0,0,0,,2025-03-16 22:48:06
1528,3207,0,0,0,0,0,0,0,0,,2024-10-07 10:30:19
1529,957,0,0,0,0,0,0,0,0,,2024-12-31 06:04:42
1530,4830,0,5,5,5,0,0,0,0,,2026-02-06 20:45:50
1531,1208,8,25,25,25,0,0,0,0,,2024-03-25 16:39:39
1532,4274,0,0,0,0,0,0,0,0,,2024-12-10 02:56:50
1533,4107,0,0,5,5,0,0,0,0,,2026-01-19 06:09:00
1534,135,0,0,5,5,0,0,0,0,,2025-01-06 22:37:52
1535,3437,0,0,0,0,0,0,0,0,,2025-10-05 11:38:56
1536,1084,0,0,0,0,0,0,0,0,,2024-06-17 10:34:37
1537,2525,0,5,5,5,0,0,0,0,,2025-11-13 07:59:08
1538,2935,0,0,0,0,0,0,0,0,,2025-08-30 17:55:45
1539,3783,0,0,5,5,0,0,0,0,,2025-02-08 22:20:40
1540,4083,0,0,0,0,0,0,0,0,,2024-07-11 11:44:41
1541,208,6,25,25,25,0,0,0,0,,2025-11-21 13:24:52
1542,1718,5,5,5,5,0,0,0,0,,2025-01-19 18:21:14
1543,4966,0,0,0,0,0,0,0,0,,2026-02-17 06:28:20
1544,3853,0,0,0,0,0,0,0,0,,2024-04-28 09:31:52
1545,1118,0,0,0,0,0,0,0,0,,2025-02-27 07:15:35
1546,4208,0,0,15,15,0,0,0,0,,2025-08-11 20:55:31
1547,902,0,0,0,0,0,0,0,0,,2025-07-28 11:38:54
1548,1436,0,0,0,0,0,0,0,0,,2025-08-09 11:59:52
1549,957,0,0,0,0,0,0,0,0,,2026-03-14 22:13:07
1550,528,4,25,25,25,0,0,0,0,,2025-03-13 17:31:46
1551,2274,0,0,0,0,0,0,0,0,,2024-10-28 03:56:16
1552,2241,0,0,0,0,0,0,0,0,,2025-05-29 13:27:02
1553,3480,0,0,0,0,0,0,0,0,,2024-03-10 15:01:00
1554,2024,0,3,5,5,0,0,0,0,,2025-07-02 10:29:34
1555,356,0,2,5,5,0,0,0,0,,2025-06-01 07:24:50
1556,3905,0,0,0,0,0,0,0,0,,2024-07-20 19:46:28
1557,2074,0,0,0,0,0,0,0,0,,2025-03-28 17:59:10
1558,3920,0,0,0,0,0,0,0,0,,2024-06-20 16:39:06
1559,2691,0,0,15,15,0,0,0,0,,2024-06-16 08:29:11
1560,934,25,25,25,25,0,0,0,0,,2024-05-11 16:55:42
1561,3693,0,0,0,0,0,0,0,0,,2024-06-14 14:28:16
1562,4734,0,5,5,5,0,0,0,0,,2025-05-08 00:48:51
1563,1147,0,0,0,0,0,0,0,0,,2025-02-21 05:56:03
1564,3150,15,15,15,15,0,0,0,0,,2024-11-17 14:52:55
1565,1310,0,0,0,0,0,0,0,0,,2024-06-23 17:52:52
1566,2343,0,15,15,15,0,0,0,0,,2025-10-15 09:57:15
1567,3420,5,5,5,5,0,0,0,0,,2025-01-11 00:56:59
1568,3209,0,0,5,5,0,0,0,0,,2025-12-25 12:51:15
1569,3805,0,0,5,5,0,0,0,0,,2025-12-15 03:11:41
1570,4723,5,5,5,5,0,0,0,0,,2024-07-28 19:25:05
1571,3117,0,0,0,0,0,0,0,0,,2024-02-13 06:04:23
1572,337,0,0,0,0,0,0,0,0,,2025-02-20 12:12:43
1573,821,0,0,0,0,0,0,0,0,,2024-06-08 19:59:34
1574,1174,0,0,0,0,0,0,0,0,,2025-10-26 19:09:11
1575,2877,0,0,0,0,0,0,0,0,,2024-10-26 08:05:11
1576,3684,0,0,0,0,0,0,0,0,,2024-11-18 01:16:11
1577,3844,0,0,0,0,0,0,0,0,,2024-07-23 22:35:33
1578,3455,0,0,0,0,0,0,0,0,,2025-02-03 19:16:44
1579,112,15,15,15,15,0,0,0,0,,2024-06-21 11:32:40
1580,130,0,0,0,0,0,0,0,0,,2025-07-09 11:24:10
1581,3541,0,0,0,0,0,0,0,0,,2025-11-17 11:57:18
1582,498,0,0,30,60,0,0,1,1,2025-01-28 01:13:58,
1583,4911,10,15,15,15,0,0,0,0,,2024-05-14 20:50:00
1584,4907,0,0,0,0,0,0,0,0,,2024-08-04 20:03:37
1585,1668,0,0,0,0,0,0,0,0,,2024-07-24 18:29:02
1586,1766,15,15,15,15,0,0,0,0,,2025-11-02 15:49:46
1587,2999,0,5,5,5,0,0,0,0,,2024-12-05 05:14:07
1588,3432,0,0,0,0,0,0,0,0,,2025-08-12 04:21:04
1589,4328,0,0,0,0,0,0,0,0,,2025-12-28 15:37:59
1590,4642,0,5,5,5,0,0,0,0,,2025-11-21 08:05:53
1591,2076,0,5,5,5,0,0,0,0,,2024-10-17 00:34:06
1592,2284,0,0,0,0,0,0,0,0,,2025-06-23 15:08:09
1593,1007,0,0,0,0,0,0,0,0,,2026-01-20 10:04:53
1594,3135,0,0,0,0,0,0,0,0,,2025-02-08 08:19:38
1595,4101,0,15,15,15,0,0,0,0,,2025-04-27 08:17:08
1596,3109,0,0,0,0,0,0,0,0,,2026-02-06 08:31:54
1597,4673,0,0,0,0,0,0,0,0,,2024-11-30 02:49:08
1598,1113,0,5,15,15,0,0,0,0,,2025-06-19 19:41:57
1599,579,0,0,0,0,0,0,0,0,,2024-10-14 06:58:45
1600,4246,0,15,15,15,0,0,0,0,,2024-02-16 11:37:58
1601,4476,0,0,0,0,0,0,0,0,,2024-09-24 07:02:22
1602,3966,0,0,0,0,0,0,0,0,,2024-08-09 04:17:30
1603,3783,0,0,0,0,0,0,0,0,,2024-07-14 11:33:21
1604,2306,5,5,5,5,0,0,0,0,,2024-12-31 09:37:55
1605,130,0,0,5,5,0,0,0,0,,2025-11-23 02:58:06
1606,440,0,0,0,0,0,0,0,0,,2025-04-02 06:32:14
1607,4939,0,0,0,0,0,0,0,0,,2025-03-16 08:40:12
1608,767,0,0,0,0,0,0,0,0,,2025-02-20 07:05:41
1609,2560,0,0,0,0,0,0,0,0,,2025-01-09 00:58:29
1610,921,0,5,5,5,0,0,0,0,,2025-04-16 22:08:51
1611,4758,0,0,0,0,0,0,0,0,,2025-03-06 14:20:31
1612,3233,5,5,5,5,0,0,0,0,,2025-08-18 23:59:15
1613,2014,6,15,15,15,0,0,0,0,,2024-10-01 10:55:04
1614,1915,0,0,0,0,0,0,0,0,,2024-04-07 16:59:11
1615,4135,0,0,0,0,0,0,0,0,,2025-08-08 23:01:43
1616,2167,0,0,0,0,0,0,0,0,,2025-06-21 18:59:03
1617,850,0,0,0,0,0,0,0,0,,2024-05-31 20:04:37
1618,2405,0,0,0,0,0,0,0,0,,2025-04-20 20:29:56
1619,1979,0,8,15,15,0,0,0,0,,2025-10-22 05:39:53
1620,3870,0,1,15,15,0,0,0,0,,2025-07-21 00:04:24
1621,1606,0,0,5,5,0,0,0,0,,2025-10-19 20:11:20
1622,677,0,0,15,15,0,0,0,0,,2024-10-31 12:46:39
1623,4116,0,0,0,0,0,0,0,0,,2024-06-14 12:59:11
1624,844,0,15,15,15,0,0,0,0,,2025-12-05 00:41:48
1625,1913,0,0,15,15,0,0,0,0,,2025-09-23 11:07:22
1626,1726,0,15,15,15,0,0,0,0,,2024-06-20 11:54:02
1627,1811,0,0,0,0,0,0,0,0,,2024-08-03 04:06:10
1628,3955,0,0,0,0,0,0,0,0,,2024-11-05 13:26:53
1629,1343,0,0,0,0,0,0,0,0,,2024-03-28 20:02:40
1630,801,0,0,5,5,0,0,0,0,,2025-11-23 21:18:09
1631,4244,0,0,0,0,0,0,0,0,,2025-11-19 18:22:29
1632,1523,0,0,0,0,0,0,0,0,,2025-04-09 01:06:52
1633,4612,0,0,0,0,0,0,0,0,,2024-06-24 14:28:10
1634,526,0,0,0,0,0,0,0,0,,2025-12-18 00:53:47
1635,1291,0,0,15,15,0,0,0,0,,2025-03-25 07:06:22
1636,2935,0,0,5,5,0,0,0,0,,2025-03-24 10:07:50
1637,2535,0,0,0,30,0,0,0,1,,2025-03-20 18:34:33
1638,1798,0,0,0,0,0,0,0,0,,2025-06-10 07:07:06
1639,259,0,0,0,0,0,0,0,0,,2025-11-17 02:34:07
1640,1443,0,0,5,5,0,0,0,0,,2025-10-20 08:25:06
1641,1830,0,3,15,15,0,0,0,0,,2025-02-09 16:59:05
1642,3319,0,0,0,0,0,0,0,0,,2025-07-05 02:05:27
1643,1433,0,0,15,15,0,0,0,0,,2024-05-31 15:58:45
1644,3005,0,5,5,5,0,0,0,0,,2025-03-04 14:29:01
1645,1750,0,5,5,5,0,0,0,0,,2024-04-21 09:14:43
1646,2460,0,0,0,0,0,0,0,0,,2026-02-28 03:01:45
1647,4506,0,0,0,0,0,0,0,0,,2026-01-03 23:36:41
1648,3447,0,0,0,0,0,0,0,0,,2024-08-29 12:03:13
1649,4501,0,0,0,0,0,0,0,0,,2025-06-11 21:36:22
1650,20,5,5,5,5,0,0,0,0,,2025-07-20 19:18:22
1651,1044,0,0,0,0,0,0,0,0,,2024-05-08 18:01:48
1652,1175,30,60,90,120,1,1,1,1,2024-04-12 16:47:01,
1653,609,0,0,0,0,0,0,0,0,,2024-12-01 08:08:09
1654,4141,0,0,0,0,0,0,0,0,,2025-12-20 11:28:36
1655,3472,0,0,0,0,0,0,0,0,,2024-09-07 08:02:25
1656,476,0,0,0,0,0,0,0,0,,2026-01-13 13:30:53
1657,915,0,0,0,0,0,0,0,0,,2025-10-24 02:27:02
1658,2393,0,5,5,5,0,0,0,0,,2024-06-09 23:51:37
1659,4111,5,5,5,5,0,0,0,0,,2025-07-16 12:09:35
1660,1009,0,0,0,0,0,0,0,0,,2024-07-23 01:39:56
1661,2363,0,0,0,0,0,0,0,0,,2024-04-25 17:02:39
1662,543,0,20,25,25,0,0,0,0,,2024-03-30 10:05:47
1663,3454,0,0,0,0,0,0,0,0,,2025-12-27 16:03:58
1664,1125,0,0,0,0,0,0,0,0,,2024-09-18 02:37:36
1665,155,0,0,0,0,0,0,0,0,,2024-11-12 08:30:44
1666,4822,0,15,15,15,0,0,0,0,,2024-09-02 06:18:28
1667,3729,0,0,0,0,0,0,0,0,,2025-02-21 17:23:03
1668,1362,0,0,0,0,0,0,0,0,,2025-06-17 10:30:55
1669,1260,0,30,60,60,0,1,1,1,2025-02-04 02:04:09,
1670,66,15,15,15,15,0,0,0,0,,2024-07-10 09:04:44
1671,1703,0,0,15,15,0,0,0,0,,2025-12-07 21:14:45
1672,3664,0,0,0,0,0,0,0,0,,2024-09-13 03:43:34
1673,2417,0,0,0,0,0,0,0,0,,2024-12-19 10:03:30
1674,743,15,15,15,15,0,0,0,0,,2026-03-08 03:08:29
1675,1722,0,5,5,5,0,0,0,0,,2025-09-13 11:07:35
1676,2690,0,0,0,0,0,0,0,0,,2025-02-21 00:16:42
1677,4648,0,0,0,30,0,0,0,1,,2026-05-13 20:18:35
1678,1560,0,0,15,15,0,0,0,0,,2025-03-26 14:18:25
1679,3152,0,0,15,15,0,0,0,0,,2025-07-10 11:02:57
1680,4148,15,15,15,15,0,0,0,0,,2024-07-28 19:09:56
1681,1259,5,5,5,5,0,0,0,0,,2025-02-17 08:58:04
1682,410,0,0,0,0,0,0,0,0,,2024-06-26 15:02:53
1683,1627,0,0,0,0,0,0,0,0,,2024-08-10 07:10:20
1684,1069,15,15,15,15,0,0,0,0,,2025-12-16 05:57:04
1685,49,0,0,5,5,0,0,0,0,,2024-05-30 13:51:19
1686,338,4,5,5,5,0,0,0,0,,2024-04-06 01:22:57
1687,2251,0,0,0,0,0,0,0,0,,2026-01-19 11:37:54
1688,413,0,0,0,0,0,0,0,0,,2025-11-16 10:26:07
1689,965,0,0,0,0,0,0,0,0,,2025-01-25 21:34:33
1690,790,0,0,0,0,0,0,0,0,,2025-08-05 01:19:58
1691,4728,0,0,15,15,0,0,0,0,,2024-07-23 07:36:49
1692,1803,0,0,0,0,0,0,0,0,,2025-05-20 19:02:50
1693,3523,0,0,0,0,0,0,0,0,,2024-11-19 22:06:16
1694,409,0,0,0,0,0,0,0,0,,2024-12-15 13:47:12
1695,2235,0,5,5,5,0,0,0,0,,2024-08-27 19:06:44
1696,2025,0,0,0,0,0,0,0,0,,2026-02-19 09:26:52
1697,1265,0,0,0,0,0,0,0,0,,2024-12-31 09:58:59
1698,2549,0,25,25,25,0,0,0,0,,2024-04-30 07:26:27
1699,1584,0,0,0,0,0,0,0,0,,2025-10-02 20:30:28
1700,1201,0,0,0,0,0,0,0,0,,2024-07-12 04:36:48
1701,1749,15,15,15,15,0,0,0,0,,2025-09-03 13:38:43
1702,2558,0,0,0,0,0,0,0,0,,2024-12-09 15:29:52
1703,3361,0,0,0,60,0,0,0,1,,2024-08-21 14:27:39
1704,529,0,0,0,0,0,0,0,0,,2025-01-15 12:48:00
1705,4027,5,5,5,5,0,0,0,0,,2024-05-11 08:42:58
1706,1547,0,5,5,5,0,0,0,0,,2025-08-27 00:10:59
1707,1343,0,0,5,5,0,0,0,0,,2025-08-26 01:25:32
1708,3736,0,0,0,0,0,0,0,0,,2025-12-01 23:06:10
1709,1335,0,5,5,5,0,0,0,0,,2024-10-07 15:00:50
1710,4783,0,0,0,0,0,0,0,0,,2025-04-30 08:56:13
1711,2495,0,5,5,5,0,0,0,0,,2026-03-18 15:07:57
1712,1913,0,0,5,5,0,0,0,0,,2025-12-19 09:35:00
1713,2505,0,0,0,0,0,0,0,0,,2025-04-19 14:47:50
1714,1102,0,0,0,0,0,0,0,0,,2025-02-06 19:23:31
1715,3210,15,15,15,15,0,0,0,0,,2024-10-22 19:47:10
1716,4162,0,8,15,15,0,0,0,0,,2024-10-25 06:41:08
1717,1760,0,0,30,60,0,0,1,1,2025-03-26 15:56:19,
1718,2790,0,0,0,0,0,0,0,0,,2024-06-13 01:12:23
1719,1773,0,0,5,5,0,0,0,0,,2026-02-01 19:00:18
1720,3878,0,0,0,0,0,0,0,0,,2025-07-24 14:31:24
1721,3258,0,0,0,0,0,0,0,0,,2024-04-07 00:07:23
1722,4922,0,5,5,5,0,0,0,0,,2024-08-18 08:20:37
1723,352,0,0,0,0,0,0,0,0,,2025-07-11 07:17:33
1724,2903,0,0,5,5,0,0,0,0,,2024-11-16 00:36:58
1725,2957,0,0,0,0,0,0,0,0,,2025-06-10 11:56:22
1726,1364,15,15,15,15,0,0,0,0,,2024-11-23 22:01:13
1727,4435,0,0,0,0,0,0,0,0,,2024-10-30 08:43:08
1728,1268,0,0,0,0,0,0,0,0,,2025-10-06 17:50:19
1729,4952,5,5,5,5,0,0,0,0,,2024-03-12 17:02:31
1730,679,0,0,0,0,0,0,0,0,,2025-08-13 17:39:19
1731,480,5,5,5,5,0,0,0,0,,2024-10-28 08:30:06
1732,1638,0,0,0,0,0,0,0,0,,2025-12-05 19:43:27
1733,1819,0,0,0,0,0,0,0,0,,2025-07-31 08:01:55
1734,1804,0,0,0,0,0,0,0,0,,2025-07-07 19:35:06
1735,4941,5,5,5,5,0,0,0,0,,2024-12-03 15:59:31
1736,3924,0,0,0,0,0,0,0,0,,2025-03-15 20:04:14
1737,182,0,0,0,0,0,0,0,0,,2024-12-27 13:22:12
1738,2786,0,5,5,5,0,0,0,0,,2025-05-15 21:37:55
1739,3517,0,5,5,5,0,0,0,0,,2025-01-06 20:53:36
1740,1370,0,0,0,0,0,0,0,0,,2024-08-29 14:12:38
1741,2787,0,8,15,15,0,0,0,0,,2024-05-09 01:52:53
1742,1218,0,0,0,0,0,0,0,0,,2024-03-09 00:05:57
1743,3547,0,0,0,0,0,0,0,0,,2025-10-17 14:43:33
1744,4069,0,5,5,5,0,0,0,0,,2025-08-15 00:33:10
1745,4484,0,0,0,0,0,0,0,0,,2025-01-18 16:15:41
1746,3229,0,0,0,0,0,0,0,0,,2024-11-12 00:28:56
1747,4526,0,0,0,0,0,0,0,0,,2024-12-04 08:35:28
1748,1014,0,0,0,0,0,0,0,0,,2025-01-03 14:29:51
1749,1537,0,5,5,5,0,0,0,0,,2025-05-06 13:58:59
1750,1471,0,0,0,0,0,0,0,0,,2025-07-16 11:51:43
1751,57,0,0,0,0,0,0,0,0,,2024-12-04 01:30:08
1752,3578,15,15,15,15,0,0,0,0,,2026-04-01 20:18:06
1753,884,15,15,15,15,0,0,0,0,,2026-02-24 21:05:11
1754,3374,0,0,0,0,0,0,0,0,,2025-08-22 13:29:23
1755,668,0,0,0,0,0,0,0,0,,2024-09-27 04:42:53
1756,2567,5,5,5,5,0,0,0,0,,2024-08-04 10:49:34
1757,1642,0,0,5,5,0,0,0,0,,2025-07-28 18:26:26
1758,4170,0,5,5,5,0,0,0,0,,2024-08-07 09:15:36
1759,953,0,0,0,0,0,0,0,0,,2026-04-28 06:02:08
1760,3049,0,0,0,0,0,0,0,0,,2025-03-09 16:03:05
1761,2091,0,0,0,0,0,0,0,0,,2025-11-26 00:56:41
1762,2277,0,0,0,0,0,0,0,0,,2025-06-26 04:48:14
1763,1466,8,15,15,15,0,0,0,0,,2025-08-23 20:00:41
1764,4822,0,5,5,5,0,0,0,0,,2024-05-31 19:52:23
1765,2419,0,0,5,5,0,0,0,0,,2024-03-15 12:56:00
1766,4953,0,0,0,0,0,0,0,0,,2024-11-13 06:54:34
1767,1733,0,0,0,0,0,0,0,0,,2025-07-08 13:27:22
1768,513,0,25,25,25,0,0,0,0,,2024-06-21 03:00:54
1769,2770,15,15,15,15,0,0,0,0,,2024-05-07 07:56:18
1770,853,0,0,0,0,0,0,0,0,,2024-09-06 14:08:43
1771,1417,0,0,0,0,0,0,0,0,,2025-03-19 07:15:43
1772,4709,0,0,0,0,0,0,0,0,,2025-05-20 04:11:14
1773,4658,0,0,5,5,0,0,0,0,,2025-09-06 11:58:11
1774,763,0,3,15,15,0,0,0,0,,2024-08-13 04:54:50
1775,704,0,15,15,15,0,0,0,0,,2024-10-05 15:25:28
1776,2260,0,15,15,15,0,0,0,0,,2024-08-17 11:54:48
1777,3541,0,0,5,5,0,0,0,0,,2026-03-29 04:29:28
1778,4005,0,0,30,60,0,0,1,1,2025-08-10 14:24:56,
1779,2093,0,10,15,15,0,0,0,0,,2025-12-01 09:25:27
1780,4089,15,15,15,15,0,0,0,0,,2025-08-04 19:07:44
1781,2686,0,15,15,15,0,0,0,0,,2024-05-07 00:01:15
1782,1009,0,0,0,0,0,0,0,0,,2024-12-21 11:27:09
1783,3048,0,0,0,0,0,0,0,0,,2024-09-01 21:07:11
1784,3022,8,25,25,25,0,0,0,0,,2025-05-28 10:20:14
1785,1848,0,7,15,15,0,0,0,0,,2025-09-29 21:53:56
1786,3723,0,0,0,0,0,0,0,0,,2025-08-08 02:19:28
1787,1966,5,5,5,5,0,0,0,0,,2025-01-12 16:23:10
1788,3032,0,0,0,0,0,0,0,0,,2024-10-08 17:22:11
1789,4623,0,8,15,15,0,0,0,0,,2025-10-21 04:48:42
1790,681,0,0,5,5,0,0,0,0,,2025-12-09 11:04:17
1791,4703,0,0,15,15,0,0,0,0,,2026-02-16 23:53:31
1792,650,0,3,15,15,0,0,0,0,,2024-12-09 02:07:14
1793,1256,0,0,0,0,0,0,0,0,,2024-06-09 04:55:31
1794,4803,0,5,5,5,0,0,0,0,,2024-02-21 15:09:31
1795,4511,22,25,25,25,0,0,0,0,,2024-12-26 01:59:05
1796,43,0,0,0,0,0,0,0,0,,2025-11-11 05:55:40
1797,682,0,0,0,0,0,0,0,0,,2024-11-21 07:37:27
1798,3857,0,15,15,15,0,0,0,0,,2025-06-26 16:44:44
1799,392,0,15,15,15,0,0,0,0,,2026-02-01 04:13:27
1800,2831,0,0,0,0,0,0,0,0,,2025-09-24 06:08:37
1801,3225,0,0,0,0,0,0,0,0,,2026-02-10 12:00:48
1802,2612,0,0,0,0,0,0,0,0,,2025-09-11 20:12:21
1803,1803,0,0,0,0,0,0,0,0,,2024-12-23 05:22:58
1804,4086,0,0,0,0,0,0,0,0,,2024-04-28 12:58:07
1805,3593,0,0,5,5,0,0,0,0,,2025-01-15 20:50:26
1806,1945,11,30,30,30,0,1,1,1,2024-11-10 09:50:46,
1807,2282,0,0,0,0,0,0,0,0,,2026-06-07 17:12:02
1808,3069,5,5,5,5,0,0,0,0,,2024-09-22 03:25:49
1809,1792,0,0,0,0,0,0,0,0,,2024-03-08 15:47:07
1810,2186,0,0,0,0,0,0,0,0,,2025-01-15 16:01:57
1811,1373,0,0,0,0,0,0,0,0,,2026-02-28 03:10:13
1812,3944,0,0,5,5,0,0,0,0,,2024-09-23 14:45:05
1813,1370,0,3,15,15,0,0,0,0,,2025-06-24 10:31:42
1814,3586,15,15,15,15,0,0,0,0,,2025-09-29 09:35:33
1815,3971,0,0,0,0,0,0,0,0,,2024-05-23 03:51:21
1816,428,0,0,5,5,0,0,0,0,,2026-03-02 11:03:53
1817,3848,0,0,0,0,0,0,0,0,,2025-04-01 18:55:25
1818,4683,0,5,5,5,0,0,0,0,,2024-11-01 10:28:12
1819,3114,0,5,5,5,0,0,0,0,,2024-07-03 22:25:58
1820,4694,0,0,5,5,0,0,0,0,,2024-06-23 12:42:34
1821,3233,0,21,25,25,0,0,0,0,,2026-01-19 21:46:24
1822,4722,0,0,0,0,0,0,0,0,,2024-06-28 08:45:54
1823,274,0,0,0,0,0,0,0,0,,2024-11-06 13:26:56
1824,764,0,0,0,0,0,0,0,0,,2025-10-31 17:38:29
1825,148,0,0,0,0,0,0,0,0,,2025-09-19 16:27:33
1826,4103,0,0,0,0,0,0,0,0,,2024-04-24 01:03:10
1827,725,0,0,0,0,0,0,0,0,,2024-11-14 12:45:42
1828,954,15,15,15,15,0,0,0,0,,2025-11-12 05:03:55
1829,3265,5,5,5,5,0,0,0,0,,2025-05-09 09:25:54
1830,3986,0,0,0,0,0,0,0,0,,2025-12-22 23:23:06
1831,2287,0,0,0,0,0,0,0,0,,2026-03-19 03:17:58
1832,4223,0,0,0,0,0,0,0,0,,2025-01-01 10:23:42
1833,2567,0,0,0,0,0,0,0,0,,2024-12-30 16:35:39
1834,2706,0,0,0,0,0,0,0,0,,2026-02-25 21:31:20
1835,1342,19,49,60,60,0,1,1,1,2025-06-29 00:13:43,
1836,2542,0,0,0,0,0,0,0,0,,2024-05-13 16:43:55
1837,2643,0,0,0,0,0,0,0,0,,2024-04-23 14:54:50
1838,3534,0,0,0,0,0,0,0,0,,2025-03-15 02:06:50
1839,1951,0,0,0,0,0,0,0,0,,2025-06-23 09:26:08
1840,193,0,9,25,25,0,0,0,0,,2025-08-28 14:43:09
1841,3990,0,4,25,25,0,0,0,0,,2024-12-02 05:40:18
1842,2312,0,0,0,0,0,0,0,0,,2025-09-05 07:47:01
1843,3301,0,0,0,0,0,0,0,0,,2024-05-17 12:15:47
1844,1033,0,0,0,0,0,0,0,0,,2025-03-05 05:19:58
1845,33,0,0,0,0,0,0,0,0,,2025-04-05 23:17:35
1846,3560,0,0,0,0,0,0,0,0,,2025-03-07 22:58:12
1847,4650,0,0,0,0,0,0,0,0,,2025-09-06 09:53:05
1848,2758,0,5,5,5,0,0,0,0,,2024-12-30 13:34:53
1849,1879,0,0,0,0,0,0,0,0,,2025-12-20 05:25:20
1850,908,0,0,0,0,0,0,0,0,,2026-03-17 23:07:33
1851,1950,0,0,0,0,0,0,0,0,,2025-04-07 12:51:01
1852,4712,0,0,0,0,0,0,0,0,,2025-09-13 18:53:16
1853,4587,0,0,0,0,0,0,0,0,,2024-08-26 06:58:12
1854,909,0,0,0,0,0,0,0,0,,2025-09-04 22:41:47
1855,1605,0,0,0,0,0,0,0,0,,2024-11-09 03:52:37
1856,116,0,0,5,5,0,0,0,0,,2024-06-03 22:30:25
1857,4468,0,0,0,0,0,0,0,0,,2025-05-01 01:33:45
1858,3656,0,0,0,0,0,0,0,0,,2025-08-09 09:14:59
1859,2709,0,0,0,0,0,0,0,0,,2024-09-05 16:48:04
1860,2107,0,0,0,0,0,0,0,0,,2024-11-24 11:29:49
1861,1447,0,5,5,5,0,0,0,0,,2025-08-04 15:56:14
1862,345,0,0,0,0,0,0,0,0,,2025-06-01 14:18:04
1863,577,0,0,0,0,0,0,0,0,,2025-04-26 19:42:42
1864,3607,0,0,0,0,0,0,0,0,,2024-07-05 19:18:31
1865,969,0,15,15,15,0,0,0,0,,2024-02-13 13:59:30
1866,2010,0,22,25,25,0,0,0,0,,2024-07-28 21:17:22
1867,3349,0,5,5,5,0,0,0,0,,2024-10-22 07:32:12
1868,3391,0,0,0,0,0,0,0,0,,2025-11-21 11:27:15
1869,3869,0,0,0,0,0,0,0,0,,2025-07-19 23:35:50
1870,2742,0,0,0,0,0,0,0,0,,2025-11-06 14:49:08
1871,3282,0,0,0,0,0,0,0,0,,2025-04-09 00:49:07
1872,2202,0,0,0,0,0,0,0,0,,2024-06-11 02:36:50
1873,4313,0,0,0,0,0,0,0,0,,2025-11-02 00:53:45
1874,3205,0,0,0,0,0,0,0,0,,2025-01-16 03:47:01
1875,4477,0,0,0,0,0,0,0,0,,2024-12-31 08:17:14
1876,464,0,0,0,0,0,0,0,0,,2024-03-19 05:47:37
1877,2947,0,0,5,5,0,0,0,0,,2024-06-29 20:57:32
1878,1000,0,0,25,25,0,0,0,0,,2025-12-09 17:44:01
1879,2204,0,0,5,5,0,0,0,0,,2024-11-30 16:03:58
1880,59,0,0,5,5,0,0,0,0,,2025-06-24 15:02:15
1881,1079,5,5,5,5,0,0,0,0,,2025-04-10 14:37:17
1882,1771,0,0,5,5,0,0,0,0,,2025-08-15 04:02:22
1883,4851,0,0,0,0,0,0,0,0,,2025-05-23 08:17:22
1884,477,0,0,0,0,0,0,0,0,,2024-04-16 19:50:53
1885,2328,0,0,0,0,0,0,0,0,,2024-05-30 15:59:05
1886,4911,0,0,0,0,0,0,0,0,,2025-11-15 19:13:57
1887,4946,0,0,5,5,0,0,0,0,,2025-07-21 15:01:21
1888,1316,0,0,0,0,0,0,0,0,,2024-11-09 08:13:43
1889,884,0,5,5,5,0,0,0,0,,2024-03-02 16:39:31
1890,2171,0,0,0,0,0,0,0,0,,2024-10-11 06:26:20
1891,3001,0,0,0,0,0,0,0,0,,2025-10-25 21:30:41
1892,1718,2,5,5,5,0,0,0,0,,2024-04-02 07:38:42
1893,763,0,0,0,0,0,0,0,0,,2025-09-13 16:15:37
1894,3543,0,0,0,0,0,0,0,0,,2025-10-17 19:34:16
1895,2207,0,0,5,5,0,0,0,0,,2024-10-02 00:14:43
1896,4017,0,0,0,0,0,0,0,0,,2024-04-13 20:35:23
1897,76,0,0,15,15,0,0,0,0,,2024-06-09 03:33:08
1898,711,0,0,0,0,0,0,0,0,,2025-08-03 22:59:44
1899,3735,3,30,30,30,0,1,1,1,2024-05-02 08:47:03,
1900,4774,0,0,5,5,0,0,0,0,,2024-09-29 12:36:38
1901,4644,7,25,25,25,0,0,0,0,,2024-06-28 04:52:22
1902,994,0,0,0,0,0,0,0,0,,2024-10-20 13:32:46
1903,3970,0,0,0,0,0,0,0,0,,2024-12-04 19:54:47
1904,2688,0,0,0,0,0,0,0,0,,2024-12-01 08:14:58
1905,1797,0,0,0,0,0,0,0,0,,2025-05-24 14:25:47
1906,1847,25,25,25,25,0,0,0,0,,2024-10-23 11:46:37
1907,2001,0,0,0,0,0,0,0,0,,2026-05-14 17:00:56
1908,2616,0,0,0,0,0,0,0,0,,2025-06-23 10:38:24
1909,4725,0,0,0,0,0,0,0,0,,2026-01-26 05:00:08
1910,3755,0,0,0,0,0,0,0,0,,2025-03-08 02:38:38
1911,4278,0,5,5,5,0,0,0,0,,2024-10-10 03:30:15
1912,547,5,5,5,5,0,0,0,0,,2024-12-22 11:54:52
1913,2492,0,0,0,0,0,0,0,0,,2025-01-07 06:24:13
1914,3017,5,5,5,5,0,0,0,0,,2024-08-07 06:29:12
1915,4041,0,0,15,15,0,0,0,0,,2024-07-01 10:58:29
1916,1703,0,0,0,0,0,0,0,0,,2024-04-23 18:20:44
1917,4039,0,0,0,0,0,0,0,0,,2024-08-04 22:02:11
1918,4870,0,0,0,0,0,0,0,0,,2025-11-11 05:15:46
1919,3562,0,0,0,0,0,0,0,0,,2025-02-21 06:36:14
1920,4084,0,0,0,0,0,0,0,0,,2025-11-22 06:29:47
1921,3013,0,0,0,0,0,0,0,0,,2025-10-28 09:01:27
1922,4845,0,0,0,0,0,0,0,0,,2024-06-08 06:47:48
1923,4572,0,0,0,0,0,0,0,0,,2025-02-10 00:05:44
1924,1567,0,0,0,0,0,0,0,0,,2025-08-21 00:47:08
1925,4672,0,5,5,5,0,0,0,0,,2025-09-13 12:56:40
1926,60,14,15,15,15,0,0,0,0,,2024-08-03 13:26:59
1927,1806,0,0,0,0,0,0,0,0,,2025-04-07 23:07:32
1928,2006,0,0,0,0,0,0,0,0,,2025-11-01 04:16:53
1929,4395,0,0,0,0,0,0,0,0,,2026-06-07 13:53:07
1930,4102,0,0,0,0,0,0,0,0,,2024-05-17 01:25:50
1931,4441,0,0,0,0,0,0,0,0,,2025-01-26 03:27:49
1932,4828,0,0,0,0,0,0,0,0,,2025-05-24 18:23:43
1933,4864,0,0,0,0,0,0,0,0,,2024-04-03 12:33:24
1934,854,0,0,25,25,0,0,0,0,,2026-02-28 18:45:14
1935,1818,0,0,0,0,0,0,0,0,,2025-09-28 15:04:54
1936,3775,0,0,0,0,0,0,0,0,,2024-10-27 22:28:03
1937,4559,0,0,0,0,0,0,0,0,,2024-08-23 01:56:46
1938,1575,0,0,0,0,0,0,0,0,,2025-12-28 09:37:31
1939,3744,0,5,5,5,0,0,0,0,,2024-07-08 01:38:18
1940,316,0,5,5,5,0,0,0,0,,2025-09-11 07:10:52
1941,4789,0,0,0,0,0,0,0,0,,2025-02-24 16:13:08
1942,601,0,0,5,5,0,0,0,0,,2024-06-13 07:54:58
1943,2963,0,0,5,5,0,0,0,0,,2025-11-21 11:05:43
1944,3145,0,15,15,15,0,0,0,0,,2026-01-11 13:48:58
1945,4096,0,0,0,0,0,0,0,0,,2024-10-29 20:52:32
1946,352,0,0,0,0,0,0,0,0,,2025-05-28 03:05:40
1947,4945,0,14,15,15,0,0,0,0,,2026-01-17 00:56:12
1948,1381,0,0,0,0,0,0,0,0,,2025-09-27 21:59:00
1949,855,8,38,60,60,0,1,1,1,2025-11-22 11:34:26,
1950,3531,0,0,0,0,0,0,0,0,,2025-02-05 09:58:40
1951,355,0,0,0,0,0,0,0,0,,2025-10-03 15:28:00
1952,3686,12,30,30,30,0,1,1,1,2025-09-24 23:41:18,
1953,4416,0,0,0,0,0,0,0,0,,2025-07-24 14:17:47
1954,2628,5,5,5,5,0,0,0,0,,2025-04-16 03:21:50
1955,4341,0,0,0,0,0,0,0,0,,2024-12-17 01:21:26
1956,2148,0,0,0,0,0,0,0,0,,2024-10-06 03:51:50
1957,1297,0,0,0,0,0,0,0,0,,2024-07-01 16:41:58
1958,2412,5,5,5,5,0,0,0,0,,2025-08-29 19:00:07
1959,2170,0,0,0,0,0,0,0,0,,2024-08-05 20:03:16
1960,4726,8,15,15,15,0,0,0,0,,2025-08-30 19:30:52
1961,754,0,23,25,25,0,0,0,0,,2024-05-31 10:35:41
1962,328,0,0,0,0,0,0,0,0,,2024-08-07 20:50:17
1963,4648,13,15,15,15,0,0,0,0,,2024-12-05 10:19:36
1964,3218,0,15,15,15,0,0,0,0,,2025-11-28 05:34:08
1965,1950,0,0,5,5,0,0,0,0,,2026-04-29 21:16:31
1966,732,0,0,0,0,0,0,0,0,,2024-12-30 14:28:48
1967,3793,4,15,15,15,0,0,0,0,,2024-03-20 21:27:03
1968,4310,0,0,0,0,0,0,0,0,,2025-09-13 14:19:43
1969,2526,0,0,0,0,0,0,0,0,,2024-08-08 15:09:49
1970,4342,0,0,0,0,0,0,0,0,,2025-09-05 05:06:56
1971,4431,0,0,0,0,0,0,0,0,,2024-08-05 03:08:34
1972,4903,0,0,0,0,0,0,0,0,,2024-09-17 13:07:30
1973,187,15,15,15,15,0,0,0,0,,2024-10-05 18:43:47
1974,3449,6,25,25,25,0,0,0,0,,2024-05-01 19:51:57
1975,1200,0,1,15,15,0,0,0,0,,2024-08-03 19:51:43
1976,2979,20,25,25,25,0,0,0,0,,2025-12-15 10:51:53
1977,2005,0,0,5,5,0,0,0,0,,2025-01-21 01:15:05
1978,1986,0,0,0,0,0,0,0,0,,2025-12-19 10:36:42
1979,3471,0,0,0,0,0,0,0,0,,2025-05-30 06:02:46
1980,122,0,0,0,0,0,0,0,0,,2024-11-25 14:54:24
1981,105,5,5,5,5,0,0,0,0,,2025-08-30 16:01:15
1982,2912,0,0,0,0,0,0,0,0,,2026-01-19 12:57:50
1983,398,0,5,5,5,0,0,0,0,,2025-06-09 21:34:22
1984,1184,0,0,0,0,0,0,0,0,,2024-11-24 07:18:17
1985,949,0,0,0,0,0,0,0,0,,2024-09-13 07:43:38
1986,3511,0,0,0,0,0,0,0,0,,2024-05-27 21:24:06
1987,262,0,0,0,0,0,0,0,0,,2024-11-05 12:16:43
1988,1194,0,3,15,15,0,0,0,0,,2024-11-23 16:05:32
1989,1395,0,0,30,60,0,0,1,1,2024-07-28 00:57:31,
1990,1442,0,0,0,0,0,0,0,0,,2024-08-12 20:33:53
1991,4965,5,5,5,5,0,0,0,0,,2025-01-14 04:25:52
1992,334,0,0,0,0,0,0,0,0,,2024-10-08 16:22:34
1993,4276,0,0,0,0,0,0,0,0,,2024-09-23 14:59:28
1994,4277,0,0,15,15,0,0,0,0,,2025-04-10 19:30:43
1995,1626,15,15,15,15,0,0,0,0,,2024-07-07 14:25:43
1996,3957,0,0,5,5,0,0,0,0,,2024-05-17 08:36:16
1997,4378,0,0,0,0,0,0,0,0,,2026-01-27 08:14:15
1998,1307,0,0,0,0,0,0,0,0,,2024-08-19 02:23:02
1999,1188,0,0,0,0,0,0,0,0,,2025-02-16 12:34:21
2000,4054,0,0,0,0,0,0,0,0,,2024-04-23 18:04:04
2001,4869,0,5,5,5,0,0,0,0,,2025-08-30 15:52:23
2002,511,0,0,0,0,0,0,0,0,,2025-07-31 07:39:41
2003,3715,0,0,0,0,0,0,0,0,,2024-09-30 07:32:14
2004,3904,0,0,0,0,0,0,0,0,,2025-12-13 18:04:13
2005,3900,0,8,15,15,0,0,0,0,,2025-12-24 09:30:06
2006,1494,0,0,5,5,0,0,0,0,,2024-07-20 04:05:02
2007,955,0,0,15,15,0,0,0,0,,2024-05-20 16:28:04
2008,4673,0,0,0,0,0,0,0,0,,2025-12-23 02:40:57
2009,1818,5,5,5,5,0,0,0,0,,2024-03-30 10:39:00
2010,1652,0,0,0,0,0,0,0,0,,2025-09-17 23:13:15
2011,1494,0,0,0,0,0,0,0,0,,2024-06-21 01:28:04
2012,3367,0,0,0,0,0,0,0,0,,2026-04-23 05:17:05
2013,3734,0,0,0,0,0,0,0,0,,2025-09-21 01:17:38
2014,2896,5,5,5,5,0,0,0,0,,2025-09-09 14:33:50
2015,4994,0,0,0,0,0,0,0,0,,2024-07-20 20:18:54
2016,2462,15,15,15,15,0,0,0,0,,2025-09-03 07:05:12
2017,4298,0,0,0,0,0,0,0,0,,2024-11-12 22:45:28
2018,1710,2,15,15,15,0,0,0,0,,2025-02-21 01:55:56
2019,2706,0,0,0,0,0,0,0,0,,2024-05-24 01:28:29
2020,3214,0,0,0,0,0,0,0,0,,2024-11-21 10:32:55
2021,2981,0,25,25,25,0,0,0,0,,2025-06-27 22:04:47
2022,4882,0,0,15,15,0,0,0,0,,2025-05-14 16:47:10
2023,723,0,0,0,0,0,0,0,0,,2025-12-12 09:00:05
2024,2450,0,0,0,0,0,0,0,0,,2025-02-07 11:10:25
2025,2345,5,5,5,5,0,0,0,0,,2025-02-28 08:24:26
2026,1768,8,15,15,15,0,0,0,0,,2024-10-17 19:13:41
2027,2285,15,15,15,15,0,0,0,0,,2024-12-21 02:46:00
2028,4446,0,0,0,0,0,0,0,0,,2025-12-05 05:12:22
2029,1861,0,15,15,15,0,0,0,0,,2024-10-13 21:17:42
2030,2106,0,0,0,0,0,0,0,0,,2025-11-22 16:03:07
2031,3873,0,0,5,5,0,0,0,0,,2025-04-26 16:50:00
2032,2734,0,0,0,0,0,0,0,0,,2025-01-08 11:30:50
2033,1639,0,0,0,0,0,0,0,0,,2024-05-24 20:47:36
2034,1819,0,0,0,0,0,0,0,0,,2024-06-11 14:31:27
2035,811,0,0,0,0,0,0,0,0,,2024-09-11 07:18:49
2036,1765,5,5,5,5,0,0,0,0,,2025-03-05 03:59:28
2037,1224,0,0,0,0,0,0,0,0,,2025-05-26 00:34:40
2038,3804,0,25,25,25,0,0,0,0,,2024-07-30 17:14:13
2039,3443,5,5,5,5,0,0,0,0,,2025-04-10 18:35:11
2040,2068,0,0,0,0,0,0,0,0,,2026-01-13 16:47:19
2041,2829,0,0,0,0,0,0,0,0,,2026-01-21 13:17:55
2042,499,0,0,0,0,0,0,0,0,,2025-11-19 21:29:47
2043,849,0,11,15,15,0,0,0,0,,2025-08-18 22:04:32
2044,4145,0,8,15,15,0,0,0,0,,2024-04-25 12:51:47
2045,231,0,0,0,0,0,0,0,0,,2025-10-21 14:22:36
2046,3276,0,0,0,0,0,0,0,0,,2026-01-07 13:18:34
2047,3524,11,15,15,15,0,0,0,0,,2025-02-28 17:40:29
2048,3995,0,0,0,0,0,0,0,0,,2024-10-04 20:03:07
2049,1128,0,15,15,15,0,0,0,0,,2024-09-14 06:50:02
2050,707,0,0,0,0,0,0,0,0,,2025-08-30 14:21:05
2051,4026,0,0,0,0,0,0,0,0,,2025-06-05 00:53:50
2052,3010,0,0,0,0,0,0,0,0,,2025-04-10 21:44:05
2053,1455,0,0,0,0,0,0,0,0,,2024-09-18 06:40:35
2054,1212,5,5,5,5,0,0,0,0,,2025-05-03 16:36:28
2055,233,5,5,5,5,0,0,0,0,,2025-06-07 08:27:05
2056,2856,0,0,0,0,0,0,0,0,,2025-03-01 01:10:46
2057,3363,0,0,0,0,0,0,0,0,,2026-03-17 12:49:29
2058,3124,0,0,0,0,0,0,0,0,,2025-09-10 22:12:12
2059,4277,0,0,0,0,0,0,0,0,,2024-04-26 03:37:57
2060,4991,0,0,5,5,0,0,0,0,,2025-05-27 09:32:40
2061,3757,0,0,5,5,0,0,0,0,,2025-03-17 03:27:55
2062,3124,2,15,15,15,0,0,0,0,,2024-08-03 08:42:59
2063,2872,0,0,5,5,0,0,0,0,,2025-08-17 10:55:38
2064,184,0,0,0,0,0,0,0,0,,2024-07-15 17:39:32
2065,2971,0,0,0,0,0,0,0,0,,2025-06-11 04:21:07
2066,2515,0,0,0,0,0,0,0,0,,2024-03-20 17:14:09
2067,2246,0,15,15,15,0,0,0,0,,2025-08-27 20:34:15
2068,1351,0,0,0,0,0,0,0,0,,2024-06-29 23:00:12
2069,1315,0,0,0,0,0,0,0,0,,2024-07-08 01:05:05
2070,1505,0,0,5,5,0,0,0,0,,2026-06-10 23:27:30
2071,4276,5,5,5,5,0,0,0,0,,2025-12-03 15:18:28
2072,3739,0,5,5,5,0,0,0,0,,2026-01-15 10:14:15
2073,1779,0,0,0,0,0,0,0,0,,2025-09-09 17:14:19
2074,1974,30,60,90,120,1,1,1,1,2025-01-28 06:32:40,
2075,792,0,0,5,5,0,0,0,0,,2024-08-09 10:33:15
2076,1525,0,5,5,5,0,0,0,0,,2026-01-04 10:52:54
2077,3416,0,0,0,0,0,0,0,0,,2025-10-28 08:19:32
2078,1705,4,15,15,15,0,0,0,0,,2024-10-22 21:02:20
2079,634,0,0,0,0,0,0,0,0,,2025-10-16 15:09:08
2080,4498,15,15,15,15,0,0,0,0,,2025-08-06 10:19:20
2081,1152,0,0,15,15,0,0,0,0,,2025-04-26 01:20:20
2082,84,0,0,0,0,0,0,0,0,,2024-08-09 15:01:12
2083,2982,0,0,0,0,0,0,0,0,,2025-09-24 06:07:00
2084,1599,0,0,0,0,0,0,0,0,,2024-04-16 00:11:51
2085,1892,5,5,5,5,0,0,0,0,,2024-09-30 00:03:43
2086,1345,0,0,0,0,0,0,0,0,,2024-07-11 19:47:15
2087,4483,0,0,0,0,0,0,0,0,,2025-09-23 15:03:46
2088,3714,0,11,15,15,0,0,0,0,,2025-07-09 04:50:04
2089,14,0,0,0,0,0,0,0,0,,2024-04-21 13:34:47
2090,128,0,15,15,15,0,0,0,0,,2025-02-14 14:38:14
2091,3155,0,0,0,0,0,0,0,0,,2025-04-15 19:07:38
2092,2268,0,0,0,0,0,0,0,0,,2025-03-10 11:32:41
2093,1475,0,0,0,0,0,0,0,0,,2024-05-19 09:43:59
2094,2568,3,5,5,5,0,0,0,0,,2024-09-30 00:19:41
2095,3371,0,0,5,5,0,0,0,0,,2024-04-28 14:54:38
2096,1959,15,15,15,15,0,0,0,0,,2025-04-28 16:46:10
2097,636,0,0,0,0,0,0,0,0,,2025-12-07 01:50:56
2098,4342,5,5,5,5,0,0,0,0,,2024-10-10 20:36:33
2099,2341,0,24,25,25,0,0,0,0,,2024-04-27 09:28:02
2100,3401,0,0,0,0,0,0,0,0,,2025-06-08 12:42:25
2101,2187,5,5,5,5,0,0,0,0,,2024-08-03 19:42:58
2102,634,0,5,5,5,0,0,0,0,,2025-03-24 03:51:31
2103,4315,0,0,0,0,0,0,0,0,,2026-02-15 13:45:09
2104,3173,0,0,0,0,0,0,0,0,,2026-03-04 07:17:12
2105,4591,0,0,0,0,0,0,0,0,,2024-03-28 13:54:09
2106,3327,0,0,0,0,0,0,0,0,,2025-09-15 09:17:21
2107,4189,0,0,0,0,0,0,0,0,,2025-01-06 19:18:39
2108,2859,14,15,15,15,0,0,0,0,,2026-02-05 09:32:31
2109,4680,0,0,0,0,0,0,0,0,,2025-10-05 20:32:09
2110,3242,0,15,15,15,0,0,0,0,,2025-03-13 08:03:54
2111,1801,21,25,25,25,0,0,0,0,,2026-03-26 17:45:48
2112,1517,15,15,15,15,0,0,0,0,,2024-04-23 00:54:18
2113,3611,0,15,15,15,0,0,0,0,,2024-12-01 22:34:53
2114,4493,0,0,0,0,0,0,0,0,,2024-09-24 10:16:28
2115,1835,0,0,0,0,0,0,0,0,,2024-05-03 19:14:09
2116,4863,0,0,0,0,0,0,0,0,,2024-09-06 11:06:53
2117,3713,0,0,0,0,0,0,0,0,,2024-07-26 21:11:44
2118,1162,0,0,0,0,0,0,0,0,,2024-03-07 23:10:53
2119,3645,0,0,5,5,0,0,0,0,,2025-06-04 11:14:56
2120,2138,0,0,0,0,0,0,0,0,,2024-07-02 15:43:01
2121,3372,0,0,0,0,0,0,0,0,,2024-06-09 14:15:49
2122,4396,0,0,0,0,0,0,0,0,,2025-07-30 09:38:18
2123,1621,5,5,5,5,0,0,0,0,,2024-08-20 02:34:36
2124,4205,0,15,15,15,0,0,0,0,,2025-01-10 11:08:37
2125,138,0,0,0,0,0,0,0,0,,2025-01-18 21:18:58
2126,3593,5,5,5,5,0,0,0,0,,2024-10-23 03:15:45
2127,2424,5,5,5,5,0,0,0,0,,2024-05-07 23:29:19
2128,406,0,11,30,30,0,0,1,1,2025-05-18 09:07:38,
2129,3345,0,5,5,5,0,0,0,0,,2024-12-12 17:44:13
2130,2608,0,0,5,5,0,0,0,0,,2025-05-22 16:32:08
2131,1597,0,0,0,0,0,0,0,0,,2024-05-04 20:34:32
2132,4519,0,7,15,15,0,0,0,0,,2025-12-14 03:27:57
2133,4986,0,0,0,0,0,0,0,0,,2025-09-15 07:05:36
2134,4636,0,0,0,0,0,0,0,0,,2024-04-29 14:37:15
2135,4159,0,5,5,5,0,0,0,0,,2025-03-03 12:21:11
2136,4273,0,0,0,0,0,0,0,0,,2024-04-27 05:00:33
2137,1310,0,15,15,15,0,0,0,0,,2024-12-26 18:15:41
2138,3598,0,0,0,0,0,0,0,0,,2024-05-04 03:09:49
2139,1070,0,0,0,0,0,0,0,0,,2025-07-26 00:19:10
2140,345,0,0,0,0,0,0,0,0,,2025-04-07 12:25:19
2141,4092,0,0,0,0,0,0,0,0,,2025-02-03 12:53:26
2142,2511,0,15,15,15,0,0,0,0,,2024-09-26 01:29:30
2143,4285,0,0,0,0,0,0,0,0,,2025-03-23 22:03:01
2144,3884,0,14,25,25,0,0,0,0,,2025-04-27 13:44:11
2145,306,0,0,0,0,0,0,0,0,,2024-10-14 20:26:07
2146,1132,0,0,0,0,0,0,0,0,,2025-10-19 22:06:41
2147,4705,0,0,0,0,0,0,0,0,,2025-08-06 18:38:40
2148,4577,0,0,5,5,0,0,0,0,,2024-08-16 12:36:32
2149,1017,0,0,15,15,0,0,0,0,,2025-12-31 14:09:53
2150,3783,0,15,15,15,0,0,0,0,,2025-06-12 10:29:50
2151,4048,0,0,0,0,0,0,0,0,,2025-01-07 08:32:12
2152,738,0,0,0,0,0,0,0,0,,2025-06-15 18:54:24
2153,4089,0,0,0,0,0,0,0,0,,2024-10-03 09:49:55
2154,3615,0,0,5,5,0,0,0,0,,2025-11-10 06:08:05
2155,3061,0,0,0,0,0,0,0,0,,2025-07-24 14:53:06
2156,4160,0,0,0,0,0,0,0,0,,2025-01-10 11:55:53
2157,2247,0,0,5,5,0,0,0,0,,2025-04-05 17:40:04
2158,1354,0,0,15,15,0,0,0,0,,2025-03-05 12:00:02
2159,4710,0,0,0,0,0,0,0,0,,2025-02-10 01:48:43
2160,4240,0,0,0,0,0,0,0,0,,2025-02-03 13:13:44
2161,1295,0,0,0,0,0,0,0,0,,2024-10-06 06:07:43
2162,594,21,25,25,25,0,0,0,0,,2025-08-31 15:55:25
2163,937,0,0,0,0,0,0,0,0,,2024-03-06 10:41:14
2164,2280,0,6,25,25,0,0,0,0,,2026-02-16 02:14:44
2165,4720,15,15,15,15,0,0,0,0,,2025-12-01 23:01:29
2166,4277,0,0,0,0,0,0,0,0,,2024-02-21 23:55:43
2167,4525,0,0,0,0,0,0,0,0,,2025-04-28 13:44:03
2168,2889,0,0,25,25,0,0,0,0,,2025-09-23 14:36:37
2169,1275,0,0,0,0,0,0,0,0,,2025-02-03 09:59:26
2170,636,0,0,0,0,0,0,0,0,,2025-01-10 14:21:08
2171,1894,0,0,0,0,0,0,0,0,,2025-03-27 07:05:14
2172,124,0,0,0,0,0,0,0,0,,2025-06-01 20:20:21
2173,241,20,25,25,25,0,0,0,0,,2025-12-22 17:03:24
2174,874,0,0,0,0,0,0,0,0,,2025-10-18 07:00:36
2175,3812,0,0,0,0,0,0,0,0,,2026-03-21 21:25:28
2176,4137,4,15,15,15,0,0,0,0,,2024-08-22 23:21:12
2177,1131,0,0,15,15,0,0,0,0,,2025-01-30 16:44:52
2178,3618,0,0,0,0,0,0,0,0,,2026-03-06 12:36:03
2179,4179,0,0,0,0,0,0,0,0,,2025-05-10 03:35:46
2180,4371,5,5,5,5,0,0,0,0,,2025-06-17 23:12:47
2181,795,0,0,0,0,0,0,0,0,,2025-11-29 14:07:29
2182,326,0,0,0,0,0,0,0,0,,2026-01-11 06:10:55
2183,4977,2,5,5,5,0,0,0,0,,2024-11-27 15:17:07
2184,4516,0,0,0,0,0,0,0,0,,2024-08-14 02:34:05
2185,4464,0,0,5,5,0,0,0,0,,2025-11-20 06:59:33
2186,138,0,0,0,0,0,0,0,0,,2024-11-21 07:13:00
2187,1272,0,0,0,0,0,0,0,0,,2026-04-02 08:28:52
2188,3143,0,0,5,5,0,0,0,0,,2024-06-28 01:32:28
2189,4924,0,5,5,5,0,0,0,0,,2026-03-07 20:58:54
2190,2784,0,2,5,5,0,0,0,0,,2025-08-29 05:27:59
2191,4092,0,15,15,15,0,0,0,0,,2024-03-17 12:43:22
2192,4635,0,0,0,30,0,0,0,1,,2025-03-08 14:53:46
2193,3075,5,5,5,5,0,0,0,0,,2024-11-11 20:51:39
2194,1507,0,5,5,5,0,0,0,0,,2024-09-08 12:53:31
2195,1354,0,0,0,0,0,0,0,0,,2025-10-27 13:51:49
2196,267,0,0,5,5,0,0,0,0,,2026-01-19 01:14:21
2197,3634,0,0,0,0,0,0,0,0,,2024-03-11 02:18:32
2198,2541,0,5,5,5,0,0,0,0,,2025-06-26 21:40:01
2199,608,0,0,0,0,0,0,0,0,,2024-04-16 11:10:17
2200,2785,0,0,15,15,0,0,0,0,,2025-04-11 18:48:08
2201,1045,5,5,5,5,0,0,0,0,,2024-07-18 07:50:41
2202,1913,0,17,25,25,0,0,0,0,,2024-05-16 22:40:56
2203,3260,0,0,0,0,0,0,0,0,,2025-04-17 01:42:57
2204,3142,0,0,0,0,0,0,0,0,,2026-04-01 15:22:27
2205,4436,0,0,0,0,0,0,0,0,,2025-04-07 14:40:52
2206,4706,0,0,0,0,0,0,0,0,,2025-05-26 00:38:58
2207,3408,15,15,15,15,0,0,0,0,,2024-08-20 15:58:43
2208,4629,6,15,15,15,0,0,0,0,,2024-09-15 20:03:48
2209,509,0,0,0,0,0,0,0,0,,2025-02-27 05:06:32
2210,513,0,0,5,5,0,0,0,0,,2025-06-12 01:02:33
2211,1012,0,0,0,0,0,0,0,0,,2024-08-01 02:14:00
2212,2003,0,0,5,5,0,0,0,0,,2025-11-22 21:00:56
2213,365,0,0,0,0,0,0,0,0,,2024-04-29 09:45:45
2214,4799,0,0,5,5,0,0,0,0,,2024-08-07 21:07:06
2215,586,0,5,5,5,0,0,0,0,,2024-04-02 19:59:24
2216,1187,15,15,15,15,0,0,0,0,,2024-11-23 02:13:08
2217,257,0,5,5,5,0,0,0,0,,2025-03-20 11:44:22
2218,236,0,10,15,15,0,0,0,0,,2024-12-08 10:23:00
2219,4872,0,0,0,0,0,0,0,0,,2025-06-16 17:17:31
2220,2769,0,5,15,15,0,0,0,0,,2025-04-21 21:47:01
2221,1940,0,0,0,0,0,0,0,0,,2026-01-20 19:57:45
2222,3061,0,0,0,0,0,0,0,0,,2024-11-20 06:11:21
2223,4423,0,0,5,5,0,0,0,0,,2025-01-08 22:56:02
2224,2672,0,0,0,0,0,0,0,0,,2025-05-29 22:31:37
2225,4509,0,0,0,0,0,0,0,0,,2024-10-12 21:53:37
2226,898,13,25,25,25,0,0,0,0,,2024-07-15 13:25:57
2227,550,16,25,25,25,0,0,0,0,,2025-03-22 20:13:57
2228,3647,0,0,15,15,0,0,0,0,,2024-06-20 01:02:12
2229,3450,0,0,0,0,0,0,0,0,,2025-12-13 05:58:06
2230,2286,0,0,0,0,0,0,0,0,,2025-01-28 08:47:19
2231,4446,0,0,25,25,0,0,0,0,,2025-05-16 09:29:08
2232,4472,5,5,5,5,0,0,0,0,,2025-05-12 08:39:10
2233,4687,0,0,5,5,0,0,0,0,,2024-03-13 03:24:34
2234,1268,0,0,0,0,0,0,0,0,,2024-08-24 01:24:09
2235,236,0,0,0,0,0,0,0,0,,2024-10-10 23:32:22
2236,1110,15,15,15,15,0,0,0,0,,2024-12-08 12:50:45
2237,2549,0,0,15,15,0,0,0,0,,2024-04-12 02:55:36
2238,4434,0,5,5,5,0,0,0,0,,2025-10-09 22:52:16
2239,4805,0,0,0,0,0,0,0,0,,2024-08-21 14:45:56
2240,1294,0,0,15,15,0,0,0,0,,2025-02-01 04:34:44
2241,3985,0,0,0,0,0,0,0,0,,2024-05-22 00:47:12
2242,845,0,25,25,25,0,0,0,0,,2024-10-09 14:37:25
2243,4057,0,0,0,0,0,0,0,0,,2025-01-01 13:49:09
2244,3411,0,0,15,15,0,0,0,0,,2026-03-18 23:11:05
2245,992,12,42,60,60,0,1,1,1,2025-04-26 15:20:21,
2246,1240,0,0,0,0,0,0,0,0,,2024-09-23 02:00:25
2247,2314,0,5,5,5,0,0,0,0,,2026-02-21 02:07:21
2248,865,0,0,25,25,0,0,0,0,,2025-06-12 19:33:45
2249,3651,15,15,15,15,0,0,0,0,,2025-01-07 17:02:57
2250,4564,0,0,0,0,0,0,0,0,,2026-01-21 16:05:54
2251,1566,0,0,0,0,0,0,0,0,,2025-02-21 10:21:13
2252,3503,0,0,0,0,0,0,0,0,,2024-07-11 08:20:12
2253,4911,0,0,0,0,0,0,0,0,,2025-01-23 12:51:10
2254,3573,0,5,5,5,0,0,0,0,,2024-10-01 21:29:58
2255,844,0,0,0,0,0,0,0,0,,2024-05-01 06:43:49
2256,1802,0,0,0,0,0,0,0,0,,2025-09-15 15:02:34
2257,838,0,0,25,25,0,0,0,0,,2025-10-25 11:26:01
2258,777,0,0,0,0,0,0,0,0,,2025-11-08 23:43:50
2259,2093,0,0,0,0,0,0,0,0,,2024-12-23 21:13:13
2260,2449,0,0,0,0,0,0,0,0,,2025-10-24 09:41:26
2261,495,0,18,30,30,0,0,1,1,2025-10-07 11:23:48,
2262,376,0,0,0,0,0,0,0,0,,2024-10-08 15:54:45
2263,216,0,0,0,0,0,0,0,0,,2025-02-28 11:51:44
2264,2666,0,0,0,0,0,0,0,0,,2025-12-27 14:05:10
2265,4890,0,0,0,0,0,0,0,0,,2024-06-11 18:19:46
2266,4882,0,0,0,0,0,0,0,0,,2024-07-20 14:44:44
2267,3126,0,8,25,25,0,0,0,0,,2025-04-03 06:11:25
2268,1607,0,0,0,0,0,0,0,0,,2025-05-19 16:59:44
2269,723,0,0,0,0,0,0,0,0,,2025-07-04 06:01:20
2270,4768,0,0,0,0,0,0,0,0,,2024-09-03 01:00:47
2271,4082,0,0,0,0,0,0,0,0,,2025-07-22 20:07:38
2272,2281,0,0,0,0,0,0,0,0,,2024-08-02 16:13:57
2273,3412,0,0,0,0,0,0,0,0,,2024-09-29 22:10:20
2274,180,0,0,5,5,0,0,0,0,,2025-10-16 18:27:04
2275,868,0,0,5,5,0,0,0,0,,2024-12-13 05:24:50
2276,188,0,0,0,0,0,0,0,0,,2024-07-17 13:48:22
2277,4196,0,0,0,0,0,0,0,0,,2024-11-03 22:19:20
2278,1766,0,0,5,5,0,0,0,0,,2024-12-07 14:15:56
2279,2707,0,0,0,0,0,0,0,0,,2024-09-20 12:22:25
2280,2307,0,0,0,0,0,0,0,0,,2025-04-15 01:07:55
2281,2576,0,0,0,0,0,0,0,0,,2024-11-09 12:38:20
2282,4846,0,0,0,0,0,0,0,0,,2024-09-15 04:38:52
2283,3096,0,13,25,25,0,0,0,0,,2026-03-11 20:47:05
2284,4829,0,0,0,0,0,0,0,0,,2024-08-18 02:56:47
2285,4335,0,15,15,15,0,0,0,0,,2025-04-04 23:16:28
2286,3957,0,0,0,0,0,0,0,0,,2026-04-18 22:47:11
2287,1276,0,7,25,25,0,0,0,0,,2025-06-04 21:31:31
2288,283,0,5,5,5,0,0,0,0,,2024-05-28 21:55:22
2289,810,0,0,0,0,0,0,0,0,,2024-07-02 09:45:46
2290,683,0,0,0,0,0,0,0,0,,2025-08-11 11:37:05
2291,3699,0,0,0,0,0,0,0,0,,2024-08-04 11:40:37
2292,541,0,4,25,25,0,0,0,0,,2025-03-24 14:53:09
2293,3287,0,0,0,0,0,0,0,0,,2024-04-07 14:08:27
2294,2778,0,0,5,5,0,0,0,0,,2025-04-28 20:01:16
2295,2419,0,0,0,0,0,0,0,0,,2024-05-04 05:53:37
2296,765,0,0,0,0,0,0,0,0,,2025-03-21 07:45:27
2297,850,0,12,25,25,0,0,0,0,,2026-01-11 03:29:03
2298,2751,0,6,25,25,0,0,0,0,,2025-05-02 23:36:28
2299,2979,0,0,0,0,0,0,0,0,,2026-01-06 18:39:27
2300,3307,0,0,0,0,0,0,0,0,,2026-01-16 04:29:43
2301,2553,0,0,15,15,0,0,0,0,,2024-09-02 15:23:19
2302,769,0,5,5,5,0,0,0,0,,2025-10-10 12:43:59
2303,3324,0,0,0,0,0,0,0,0,,2025-10-09 18:26:02
2304,1404,0,14,15,15,0,0,0,0,,2025-04-11 09:43:56
2305,4330,5,5,5,5,0,0,0,0,,2025-07-15 20:43:10
2306,4642,0,0,0,0,0,0,0,0,,2024-08-08 01:01:02
2307,3880,0,0,0,0,0,0,0,0,,2025-09-07 21:47:05
2308,3193,5,5,5,5,0,0,0,0,,2024-07-23 08:01:06
2309,2920,0,0,0,0,0,0,0,0,,2025-03-01 04:52:22
2310,2106,0,0,0,0,0,0,0,0,,2025-10-24 23:02:31
2311,4921,0,0,0,0,0,0,0,0,,2024-06-02 20:37:58
2312,3656,0,0,0,0,0,0,0,0,,2024-07-31 16:16:11
2313,2377,0,0,5,5,0,0,0,0,,2025-12-08 12:10:35
2314,2051,0,0,0,0,0,0,0,0,,2024-12-02 04:57:04
2315,2041,0,0,0,0,0,0,0,0,,2025-04-15 15:02:28
2316,1091,0,0,0,0,0,0,0,0,,2025-11-09 16:16:11
2317,4383,0,0,0,0,0,0,0,0,,2024-12-28 14:31:58
2318,4530,0,0,0,0,0,0,0,0,,2024-05-01 03:22:41
2319,2598,0,0,0,0,0,0,0,0,,2025-05-13 07:16:17
2320,219,0,15,15,15,0,0,0,0,,2025-10-23 15:48:33
2321,4253,0,0,0,0,0,0,0,0,,2026-06-07 21:58:27
2322,358,15,15,15,15,0,0,0,0,,2026-02-25 01:57:15
2323,1873,0,0,0,0,0,0,0,0,,2024-03-29 04:37:43
2324,2138,0,0,15,15,0,0,0,0,,2026-01-23 09:47:09
2325,1764,0,5,5,5,0,0,0,0,,2024-06-27 23:31:29
2326,2296,0,5,5,5,0,0,0,0,,2024-10-14 10:05:29
2327,3727,15,15,15,15,0,0,0,0,,2025-07-06 05:05:48
2328,3012,0,2,5,5,0,0,0,0,,2025-08-17 07:02:07
2329,1845,0,0,0,0,0,0,0,0,,2025-02-20 22:48:23
2330,2139,0,0,0,0,0,0,0,0,,2025-06-10 00:08:58
2331,4297,0,0,0,0,0,0,0,0,,2025-12-28 18:58:26
2332,3703,0,15,15,15,0,0,0,0,,2024-07-02 17:33:16
2333,3342,0,0,0,0,0,0,0,0,,2025-09-11 06:08:02
2334,330,1,15,15,15,0,0,0,0,,2024-06-05 23:26:20
2335,4577,0,0,0,0,0,0,0,0,,2026-03-11 09:03:08
2336,2459,0,0,15,15,0,0,0,0,,2025-01-11 05:36:33
2337,2291,0,0,0,0,0,0,0,0,,2025-11-19 02:01:13
2338,981,0,15,15,15,0,0,0,0,,2025-07-02 18:10:33
2339,4697,0,0,0,0,0,0,0,0,,2025-11-04 20:23:16
2340,405,0,0,0,0,0,0,0,0,,2025-12-28 16:52:42
2341,901,5,5,5,5,0,0,0,0,,2026-02-01 10:59:30
2342,4434,0,0,0,0,0,0,0,0,,2026-01-14 06:19:08
2343,4140,13,15,15,15,0,0,0,0,,2024-03-31 06:42:26
2344,1602,0,0,0,0,0,0,0,0,,2025-08-13 07:21:47
2345,4306,15,15,15,15,0,0,0,0,,2025-04-30 15:27:38
2346,4492,5,5,5,5,0,0,0,0,,2025-12-11 20:56:30
2347,2983,0,11,15,15,0,0,0,0,,2024-07-12 16:53:35
2348,821,0,0,0,0,0,0,0,0,,2024-10-24 11:02:39
2349,2608,0,0,0,0,0,0,0,0,,2025-06-22 08:40:09
2350,1085,0,0,0,0,0,0,0,0,,2025-01-16 21:18:22
2351,2202,0,8,15,15,0,0,0,0,,2025-10-14 07:07:12
2352,1103,0,0,15,15,0,0,0,0,,2024-06-22 07:46:03
2353,1829,0,0,0,0,0,0,0,0,,2024-08-29 05:44:46
2354,4468,0,0,0,0,0,0,0,0,,2024-12-14 23:30:56
2355,1775,0,0,0,0,0,0,0,0,,2025-10-22 03:27:41
2356,629,0,0,0,0,0,0,0,0,,2024-12-07 20:04:28
2357,789,15,15,15,15,0,0,0,0,,2024-06-28 02:10:56
2358,2831,0,0,0,0,0,0,0,0,,2025-08-28 17:01:09
2359,2012,0,0,0,0,0,0,0,0,,2024-08-17 01:50:23
2360,2438,8,15,15,15,0,0,0,0,,2024-02-11 01:51:30
2361,541,9,25,25,25,0,0,0,0,,2025-03-30 17:43:48
2362,3889,5,5,5,5,0,0,0,0,,2024-05-16 12:27:45
2363,42,0,0,0,0,0,0,0,0,,2024-12-05 01:24:58
2364,4541,0,0,0,0,0,0,0,0,,2024-02-06 14:19:55
2365,3345,15,15,15,15,0,0,0,0,,2025-11-10 23:00:15
2366,3461,0,5,5,5,0,0,0,0,,2025-07-10 10:15:12
2367,3312,0,0,0,0,0,0,0,0,,2024-06-25 16:51:56
2368,2569,0,0,0,0,0,0,0,0,,2025-06-10 13:21:58
2369,1590,0,0,0,0,0,0,0,0,,2024-05-17 20:23:43
2370,1459,0,5,5,5,0,0,0,0,,2025-10-21 13:00:47
2371,3618,0,5,5,5,0,0,0,0,,2024-09-30 07:40:30
2372,2271,0,0,0,0,0,0,0,0,,2025-10-08 01:26:26
2373,4687,0,0,0,0,0,0,0,0,,2024-05-06 21:38:55
2374,3520,0,0,0,0,0,0,0,0,,2025-03-23 01:38:54
2375,1246,0,21,25,25,0,0,0,0,,2026-06-07 21:23:59
2376,4298,0,0,0,0,0,0,0,0,,2024-12-25 18:31:57
2377,4954,0,0,0,0,0,0,0,0,,2025-12-28 07:00:08
2378,2844,0,0,5,5,0,0,0,0,,2025-01-10 20:29:49
2379,2615,5,5,5,5,0,0,0,0,,2024-07-08 12:21:31
2380,2262,0,0,0,0,0,0,0,0,,2024-05-23 03:16:28
2381,1568,2,5,5,5,0,0,0,0,,2024-12-15 11:47:34
2382,4163,0,3,15,15,0,0,0,0,,2025-08-01 09:24:40
2383,3346,0,0,15,15,0,0,0,0,,2025-10-05 08:22:56
2384,3531,0,0,0,0,0,0,0,0,,2025-12-28 15:54:42
2385,3805,0,5,5,5,0,0,0,0,,2024-09-07 04:25:02
2386,571,15,25,25,25,0,0,0,0,,2025-04-04 10:16:20
2387,1103,0,15,15,15,0,0,0,0,,2025-05-10 18:11:59
2388,3061,0,0,0,0,0,0,0,0,,2025-03-02 02:43:59
2389,81,0,0,0,0,0,0,0,0,,2025-03-18 00:26:25
2390,4820,0,0,0,0,0,0,0,0,,2024-06-01 13:57:56
2391,1581,0,0,0,0,0,0,0,0,,2025-02-11 01:23:49
2392,818,0,0,0,0,0,0,0,0,,2024-05-01 12:20:54
2393,12,0,0,0,0,0,0,0,0,,2025-04-23 06:26:16
2394,1007,0,0,0,0,0,0,0,0,,2025-06-11 00:25:33
2395,2388,0,0,0,0,0,0,0,0,,2024-08-20 04:27:36
2396,1344,0,0,0,0,0,0,0,0,,2024-12-14 18:19:33
2397,2312,0,0,15,15,0,0,0,0,,2025-09-05 07:10:46
2398,901,0,11,25,25,0,0,0,0,,2024-12-03 20:08:29
2399,123,0,0,5,5,0,0,0,0,,2025-04-06 05:02:01
2400,1674,0,15,15,15,0,0,0,0,,2026-02-27 14:35:43
2401,332,0,0,0,0,0,0,0,0,,2024-06-16 23:24:48
2402,3443,0,0,0,0,0,0,0,0,,2025-02-06 14:09:09
2403,936,0,0,0,0,0,0,0,0,,2024-09-28 00:43:41
2404,4738,0,0,0,0,0,0,0,0,,2024-12-01 20:21:51
2405,2952,0,0,15,15,0,0,0,0,,2024-04-22 23:30:31
2406,90,0,0,0,0,0,0,0,0,,2025-01-28 03:02:09
2407,1543,23,25,25,25,0,0,0,0,,2025-09-07 20:47:46
2408,2630,0,0,0,0,0,0,0,0,,2025-05-20 04:01:36
2409,832,0,15,15,15,0,0,0,0,,2025-04-23 18:25:45
2410,4595,11,25,25,25,0,0,0,0,,2025-08-06 23:09:20
2411,2088,0,0,0,0,0,0,0,0,,2025-03-19 13:53:37
2412,679,0,0,15,15,0,0,0,0,,2024-04-10 13:43:23
2413,4815,0,0,0,0,0,0,0,0,,2025-12-25 07:29:53
2414,271,7,25,25,25,0,0,0,0,,2024-12-27 20:26:59
2415,12,0,0,5,5,0,0,0,0,,2024-08-25 21:42:01
2416,3202,14,30,30,30,0,1,1,1,2025-09-26 09:31:26,
2417,881,0,5,5,5,0,0,0,0,,2025-03-23 00:51:41
2418,3379,15,15,15,15,0,0,0,0,,2024-08-20 09:44:46
2419,2106,0,0,0,0,0,0,0,0,,2024-07-02 13:08:09
2420,2481,0,0,5,5,0,0,0,0,,2024-10-30 19:00:20
2421,4398,0,0,0,0,0,0,0,0,,2024-02-25 20:17:14
2422,1011,0,0,0,0,0,0,0,0,,2024-04-27 13:27:15
2423,3359,0,0,25,25,0,0,0,0,,2024-11-12 04:57:40
2424,4587,0,0,0,0,0,0,0,0,,2024-03-15 13:43:16
2425,2276,0,0,0,0,0,0,0,0,,2025-04-11 02:18:52
2426,2622,15,15,15,15,0,0,0,0,,2024-10-30 02:49:02
2427,2399,0,0,0,0,0,0,0,0,,2024-02-16 08:12:52
2428,4893,0,0,0,60,0,0,0,1,,2024-12-14 01:31:36
2429,509,0,5,5,5,0,0,0,0,,2024-08-30 00:31:48
2430,2991,0,0,0,0,0,0,0,0,,2025-11-23 00:55:35
2431,2229,0,0,0,0,0,0,0,0,,2024-09-04 15:56:49
2432,1799,0,0,0,0,0,0,0,0,,2025-02-04 22:27:09
2433,4457,0,0,15,15,0,0,0,0,,2025-02-25 00:11:47
2434,1356,0,0,0,0,0,0,0,0,,2025-06-12 20:35:37
2435,3837,0,0,0,0,0,0,0,0,,2024-06-18 05:02:33
2436,3934,0,0,0,0,0,0,0,0,,2025-07-17 21:13:55
2437,2396,0,0,5,5,0,0,0,0,,2025-10-24 07:55:05
2438,3517,0,0,0,0,0,0,0,0,,2024-06-10 18:07:27
2439,4693,0,0,0,0,0,0,0,0,,2024-06-14 15:15:38
2440,2661,15,15,15,15,0,0,0,0,,2024-07-12 21:16:27
2441,441,0,5,5,5,0,0,0,0,,2025-02-10 10:37:49
2442,4199,0,0,0,0,0,0,0,0,,2025-07-25 17:24:20
2443,4148,0,0,0,0,0,0,0,0,,2024-12-26 10:41:45
2444,1552,0,15,15,15,0,0,0,0,,2025-10-11 13:12:18
2445,2660,0,5,5,5,0,0,0,0,,2024-07-19 21:44:41
2446,2122,0,1,15,15,0,0,0,0,,2025-02-07 08:22:26
2447,1697,0,0,0,0,0,0,0,0,,2025-10-05 13:55:19
2448,2,5,5,5,5,0,0,0,0,,2024-05-25 15:03:08
2449,980,0,0,0,0,0,0,0,0,,2025-01-21 09:04:14
2450,3663,0,0,0,0,0,0,0,0,,2025-10-31 07:56:09
2451,1172,0,0,0,0,0,0,0,0,,2025-03-25 12:31:57
2452,3223,0,0,0,0,0,0,0,0,,2024-04-30 12:49:44
2453,2495,0,0,0,0,0,0,0,0,,2025-10-29 11:37:43
2454,2438,0,15,15,15,0,0,0,0,,2024-11-06 22:05:58
2455,2430,0,5,5,5,0,0,0,0,,2025-05-04 12:27:51
2456,5000,0,0,0,0,0,0,0,0,,2026-01-18 03:07:36
2457,4625,0,0,0,0,0,0,0,0,,2024-03-05 22:41:32
2458,4918,14,15,15,15,0,0,0,0,,2024-08-15 12:06:50
2459,2506,30,60,90,90,1,1,1,1,2026-03-28 01:41:16,
2460,2576,4,15,15,15,0,0,0,0,,2025-01-06 23:40:22
2461,3209,0,0,0,0,0,0,0,0,,2024-06-26 17:38:09
2462,1211,0,0,0,0,0,0,0,0,,2025-05-26 03:29:55
2463,4048,0,0,0,0,0,0,0,0,,2026-01-07 09:05:12
2464,124,0,0,0,0,0,0,0,0,,2025-06-04 20:25:22
2465,2501,0,0,0,0,0,0,0,0,,2025-06-27 12:42:55
2466,1314,0,0,0,0,0,0,0,0,,2025-08-14 05:09:59
2467,334,5,5,5,5,0,0,0,0,,2025-09-29 08:29:39
2468,934,0,0,0,0,0,0,0,0,,2025-07-10 14:38:11
2469,1791,0,0,0,30,0,0,0,1,,2024-05-25 06:57:10
2470,4968,3,15,15,15,0,0,0,0,,2025-05-16 03:29:49
2471,944,0,0,15,15,0,0,0,0,,2025-09-05 04:16:45
2472,3866,0,0,0,0,0,0,0,0,,2025-11-01 18:52:56
2473,3834,5,5,5,5,0,0,0,0,,2024-05-15 09:15:59
2474,547,12,15,15,15,0,0,0,0,,2024-08-19 06:19:30
2475,2929,0,0,0,0,0,0,0,0,,2025-04-20 10:14:16
2476,569,3,5,5,5,0,0,0,0,,2025-04-18 09:59:17
2477,4876,0,0,15,15,0,0,0,0,,2025-01-28 00:28:35
2478,4588,0,0,0,0,0,0,0,0,,2024-09-13 05:58:03
2479,751,0,0,5,5,0,0,0,0,,2025-10-09 00:20:40
2480,2226,0,0,0,0,0,0,0,0,,2024-03-20 21:16:23
2481,901,0,5,5,5,0,0,0,0,,2024-07-05 00:39:47
2482,1424,13,25,25,25,0,0,0,0,,2024-12-26 18:49:34
2483,2994,0,0,0,0,0,0,0,0,,2026-05-22 04:41:11
2484,789,0,0,0,0,0,0,0,0,,2024-06-04 02:36:25
2485,1794,0,0,0,0,0,0,0,0,,2024-09-22 07:19:15
2486,886,0,15,15,15,0,0,0,0,,2025-10-30 09:55:30
2487,1284,0,5,5,5,0,0,0,0,,2025-09-15 09:01:02
2488,1636,0,0,0,0,0,0,0,0,,2025-12-23 05:27:04
2489,444,0,0,0,0,0,0,0,0,,2026-03-24 15:38:56
2490,1184,0,0,0,0,0,0,0,0,,2025-06-14 05:55:29
2491,2677,0,0,0,0,0,0,0,0,,2025-03-06 05:43:50
2492,1005,5,5,5,5,0,0,0,0,,2024-05-07 00:25:46
2493,152,0,5,5,5,0,0,0,0,,2024-04-01 15:24:06
2494,220,0,0,25,25,0,0,0,0,,2025-04-09 11:05:03
2495,1685,0,0,0,0,0,0,0,0,,2025-01-03 21:11:19
2496,2087,0,0,0,0,0,0,0,0,,2025-11-23 21:05:47
2497,423,0,0,0,0,0,0,0,0,,2026-01-19 10:48:49
2498,4965,5,5,5,5,0,0,0,0,,2025-10-19 09:50:37
2499,2991,15,15,15,15,0,0,0,0,,2025-10-07 05:17:48
2500,3210,0,0,0,0,0,0,0,0,,2025-05-21 21:10:54
2501,3026,0,0,0,0,0,0,0,0,,2024-09-22 10:23:28
2502,4373,0,0,5,5,0,0,0,0,,2025-06-25 00:40:37
2503,2322,0,0,0,0,0,0,0,0,,2025-11-13 17:46:40
2504,1089,0,0,0,0,0,0,0,0,,2025-07-01 09:43:15
2505,789,0,0,0,0,0,0,0,0,,2025-09-25 07:38:55
2506,3513,0,5,5,5,0,0,0,0,,2024-07-24 04:30:34
2507,4924,1,15,15,15,0,0,0,0,,2024-03-21 20:33:30
2508,2684,28,58,60,60,0,1,1,1,2025-02-11 06:43:30,
2509,3739,0,0,0,0,0,0,0,0,,2024-12-07 10:50:02
2510,2449,0,0,0,0,0,0,0,0,,2024-05-09 07:59:30
2511,4102,5,15,15,15,0,0,0,0,,2026-04-14 16:59:52
2512,4026,0,0,0,0,0,0,0,0,,2024-10-04 09:14:44
2513,261,0,0,0,0,0,0,0,0,,2024-08-10 19:23:05
2514,2495,0,0,0,0,0,0,0,0,,2024-07-29 16:24:21
2515,4727,0,0,0,0,0,0,0,0,,2025-06-30 05:48:24
2516,4051,0,12,15,15,0,0,0,0,,2026-04-06 12:00:21
2517,3308,0,0,0,0,0,0,0,0,,2025-08-09 22:27:49
2518,1247,0,0,0,0,0,0,0,0,,2025-10-17 01:33:59
2519,4350,0,0,0,0,0,0,0,0,,2024-06-13 10:10:05
2520,777,0,0,5,5,0,0,0,0,,2025-01-16 18:41:53
2521,4508,5,5,5,5,0,0,0,0,,2025-02-18 18:54:43
2522,2932,0,0,0,0,0,0,0,0,,2025-12-28 23:39:58
2523,4808,0,0,0,0,0,0,0,0,,2024-12-16 17:57:44
2524,4493,0,0,5,5,0,0,0,0,,2025-06-20 15:56:26
2525,2943,0,0,0,0,0,0,0,0,,2024-06-06 18:48:41
2526,522,0,5,5,5,0,0,0,0,,2025-12-07 03:23:08
2527,4231,0,0,0,0,0,0,0,0,,2024-06-15 06:27:28
2528,2223,0,0,0,0,0,0,0,0,,2025-12-07 15:35:23
2529,4517,0,5,5,5,0,0,0,0,,2024-05-29 16:28:05
2530,4417,0,0,0,0,0,0,0,0,,2024-09-22 04:09:40
2531,1965,0,0,0,0,0,0,0,0,,2025-05-24 03:50:07
2532,2520,0,0,0,0,0,0,0,0,,2025-07-14 06:16:10
2533,3956,0,0,0,0,0,0,0,0,,2025-06-04 11:46:19
2534,4614,0,0,15,15,0,0,0,0,,2025-11-07 17:20:59
2535,4935,0,0,0,0,0,0,0,0,,2024-10-06 04:25:14
2536,4769,0,0,0,0,0,0,0,0,,2024-07-30 05:55:34
2537,4479,0,15,15,15,0,0,0,0,,2025-12-26 21:15:26
2538,4955,0,0,0,0,0,0,0,0,,2025-10-13 06:18:53
2539,961,0,0,0,0,0,0,0,0,,2025-01-15 14:03:13
2540,3490,9,15,15,15,0,0,0,0,,2024-11-01 12:21:35
2541,366,0,0,0,0,0,0,0,0,,2025-05-09 01:26:59
2542,3923,0,0,0,0,0,0,0,0,,2025-11-12 15:31:39
2543,4461,0,0,0,0,0,0,0,0,,2025-11-15 07:55:53
2544,2033,0,0,0,0,0,0,0,0,,2024-04-23 04:12:46
2545,4478,0,0,0,0,0,0,0,0,,2024-08-15 20:30:25
2546,1193,0,0,0,0,0,0,0,0,,2024-05-16 11:18:18
2547,684,0,5,5,5,0,0,0,0,,2025-02-25 14:06:44
2548,4030,0,0,0,0,0,0,0,0,,2024-08-08 09:27:43
2549,3333,0,0,0,0,0,0,0,0,,2026-01-11 08:21:45
2550,547,0,0,0,0,0,0,0,0,,2024-08-20 22:22:51
2551,874,0,0,0,0,0,0,0,0,,2025-04-26 21:04:21
2552,3954,0,13,30,30,0,0,1,1,2025-10-12 17:11:41,
2553,1262,0,0,0,0,0,0,0,0,,2025-04-21 08:26:13
2554,3931,15,15,15,15,0,0,0,0,,2025-05-08 18:38:56
2555,4245,0,0,0,0,0,0,0,0,,2025-11-12 10:25:51
2556,2076,0,16,25,25,0,0,0,0,,2024-06-12 23:20:31
2557,3878,1,31,60,60,0,1,1,1,2025-11-30 04:15:31,
2558,3320,0,0,25,25,0,0,0,0,,2024-06-09 04:34:31
2559,307,7,25,25,25,0,0,0,0,,2024-08-13 13:36:13
2560,3642,5,5,5,5,0,0,0,0,,2024-09-10 12:37:48
2561,1994,0,0,0,0,0,0,0,0,,2025-06-21 01:32:59
2562,4027,5,5,5,5,0,0,0,0,,2024-10-05 20:35:02
2563,2675,0,0,0,0,0,0,0,0,,2025-03-28 14:55:10
2564,729,0,0,5,5,0,0,0,0,,2026-02-18 05:19:01
2565,2387,0,0,0,0,0,0,0,0,,2024-05-14 00:42:50
2566,2938,0,0,0,0,0,0,0,0,,2024-11-11 17:56:45
2567,4226,0,0,0,0,0,0,0,0,,2025-06-18 08:55:07
2568,3507,0,5,5,5,0,0,0,0,,2026-01-22 10:46:57
2569,3323,0,0,0,0,0,0,0,0,,2024-07-01 16:44:54
2570,2751,0,0,0,0,0,0,0,0,,2025-07-20 03:15:58
2571,4208,0,15,15,15,0,0,0,0,,2025-12-04 02:28:05
2572,53,0,0,0,0,0,0,0,0,,2025-08-04 22:37:05
2573,1522,0,0,0,0,0,0,0,0,,2025-12-30 14:08:03
2574,1940,0,0,0,0,0,0,0,0,,2024-12-04 17:41:20
2575,3641,0,0,0,0,0,0,0,0,,2024-05-15 08:01:23
2576,2519,0,0,0,0,0,0,0,0,,2024-10-23 10:07:23
2577,4689,5,5,5,5,0,0,0,0,,2025-03-19 21:49:22
2578,2881,0,0,0,0,0,0,0,0,,2024-04-22 23:00:38
2579,286,0,0,15,15,0,0,0,0,,2024-11-25 09:06:45
2580,4383,15,15,15,15,0,0,0,0,,2025-09-05 09:40:38
2581,2601,0,20,25,25,0,0,0,0,,2024-09-18 19:14:18
2582,4756,0,7,15,15,0,0,0,0,,2025-07-23 00:32:13
2583,4120,0,0,0,0,0,0,0,0,,2025-08-21 19:38:12
2584,4158,0,0,0,0,0,0,0,0,,2025-10-16 06:09:32
2585,3259,0,25,25,25,0,0,0,0,,2024-10-16 15:22:28
2586,1737,5,5,5,5,0,0,0,0,,2026-04-13 08:36:19
2587,3715,0,0,0,0,0,0,0,0,,2025-02-05 08:05:18
2588,2174,5,5,5,5,0,0,0,0,,2025-06-01 06:51:57
2589,3115,0,5,5,5,0,0,0,0,,2025-06-07 22:39:28
2590,4843,6,25,25,25,0,0,0,0,,2026-02-20 21:26:08
2591,2271,0,0,0,0,0,0,0,0,,2025-02-16 04:18:31
2592,1191,0,0,0,0,0,0,0,0,,2024-09-21 12:17:01
2593,871,0,0,0,0,0,0,0,0,,2024-02-08 20:24:16
2594,4184,0,0,0,0,0,0,0,0,,2025-04-21 23:56:28
2595,3464,0,0,0,0,0,0,0,0,,2024-11-23 20:50:22
2596,934,15,15,15,15,0,0,0,0,,2025-03-20 23:55:31
2597,3496,0,0,5,5,0,0,0,0,,2024-09-27 22:37:54
2598,3022,8,15,15,15,0,0,0,0,,2024-06-10 04:57:23
2599,2156,0,0,0,0,0,0,0,0,,2026-01-07 03:44:39
2600,4596,0,0,0,0,0,0,0,0,,2024-08-31 17:55:56
2601,185,0,5,5,5,0,0,0,0,,2024-03-20 00:53:55
2602,828,0,0,0,0,0,0,0,0,,2026-07-02 05:24:10
2603,4120,0,0,0,0,0,0,0,0,,2024-08-18 11:58:32
2604,3272,0,0,0,0,0,0,0,0,,2025-05-06 22:23:50
2605,989,0,0,5,5,0,0,0,0,,2025-11-20 05:29:35
2606,2705,5,5,5,5,0,0,0,0,,2025-05-26 13:17:37
2607,4277,0,0,0,0,0,0,0,0,,2025-07-11 17:31:16
2608,4134,0,0,15,15,0,0,0,0,,2025-08-26 06:31:04
2609,1483,0,0,0,0,0,0,0,0,,2026-01-18 20:58:30
2610,4931,0,5,5,5,0,0,0,0,,2024-04-04 06:07:05
2611,3917,0,0,0,0,0,0,0,0,,2025-05-08 01:14:52
2612,636,0,0,0,0,0,0,0,0,,2024-07-10 00:00:24
2613,3438,0,5,5,5,0,0,0,0,,2024-05-29 06:02:39
2614,3685,0,0,0,30,0,0,0,1,,2025-03-10 02:58:42
2615,221,0,0,0,0,0,0,0,0,,2025-07-30 18:24:00
2616,3979,5,5,5,5,0,0,0,0,,2025-08-25 11:40:29
2617,1453,0,0,0,0,0,0,0,0,,2025-11-20 08:11:50
2618,3288,5,5,5,5,0,0,0,0,,2025-05-18 22:21:47
2619,828,0,0,0,0,0,0,0,0,,2025-05-03 03:09:28
2620,2289,0,0,0,0,0,0,0,0,,2025-01-16 09:33:07
2621,327,0,0,0,0,0,0,0,0,,2024-03-01 02:21:18
2622,50,0,0,0,0,0,0,0,0,,2024-12-19 12:16:38
2623,3244,15,15,15,15,0,0,0,0,,2025-10-20 10:48:04
2624,3305,0,0,0,0,0,0,0,0,,2024-12-18 09:13:40
2625,193,0,0,0,0,0,0,0,0,,2025-12-25 16:56:26
2626,1425,0,0,0,0,0,0,0,0,,2025-03-30 19:47:45
2627,285,0,15,15,15,0,0,0,0,,2024-08-31 05:51:50
2628,635,0,0,0,0,0,0,0,0,,2025-03-12 07:51:14
2629,4171,0,0,0,0,0,0,0,0,,2026-01-01 15:04:42
2630,3957,11,15,15,15,0,0,0,0,,2025-05-27 02:13:45
2631,2255,0,0,0,0,0,0,0,0,,2025-04-01 18:30:31
2632,3817,0,0,0,0,0,0,0,0,,2025-11-12 09:56:21
2633,1825,0,0,0,0,0,0,0,0,,2025-08-04 12:45:50
2634,4646,0,0,0,0,0,0,0,0,,2025-07-20 11:31:01
2635,824,0,28,30,30,0,0,1,1,2024-11-10 11:43:53,
2636,4307,0,0,0,0,0,0,0,0,,2025-09-24 18:53:52
2637,3758,0,5,5,5,0,0,0,0,,2025-09-02 19:57:18
2638,2229,0,0,0,0,0,0,0,0,,2025-09-23 15:20:48
2639,2640,0,0,0,0,0,0,0,0,,2025-10-06 03:30:30
2640,2106,15,15,15,15,0,0,0,0,,2024-04-14 20:47:20
2641,3886,5,5,5,5,0,0,0,0,,2024-06-14 07:41:11
2642,3528,0,0,0,0,0,0,0,0,,2026-01-01 16:48:25
2643,3893,0,3,5,5,0,0,0,0,,2024-07-01 07:48:21
2644,116,0,5,5,5,0,0,0,0,,2024-08-22 12:51:03
2645,3923,0,0,0,0,0,0,0,0,,2025-08-08 17:44:57
2646,3020,0,0,0,0,0,0,0,0,,2024-04-30 04:11:28
2647,3397,0,0,0,0,0,0,0,0,,2025-08-08 10:29:52
2648,100,5,5,5,5,0,0,0,0,,2025-08-13 18:23:14
2649,2981,0,15,15,15,0,0,0,0,,2024-08-03 12:04:03
2650,818,0,0,5,5,0,0,0,0,,2025-08-25 03:05:40
2651,814,0,5,5,5,0,0,0,0,,2025-01-13 03:29:52
2652,2505,0,0,0,0,0,0,0,0,,2024-10-04 08:53:42
2653,337,0,0,0,0,0,0,0,0,,2025-01-05 00:07:11
2654,3790,0,20,30,30,0,0,1,1,2025-07-28 20:44:41,
2655,1682,15,15,15,15,0,0,0,0,,2025-04-04 11:00:49
2656,4908,0,0,0,0,0,0,0,0,,2024-04-14 16:51:21
2657,3279,0,0,0,0,0,0,0,0,,2024-10-01 12:07:53
2658,1724,0,0,0,0,0,0,0,0,,2024-09-06 20:46:05
2659,3699,0,0,0,0,0,0,0,0,,2025-12-24 00:08:48
2660,1748,15,15,15,15,0,0,0,0,,2025-11-25 06:24:57
2661,3800,0,0,0,0,0,0,0,0,,2025-07-02 02:46:31
2662,2170,0,0,0,0,0,0,0,0,,2024-10-23 21:59:29
2663,4616,5,5,5,5,0,0,0,0,,2024-03-08 09:44:03
2664,741,20,25,25,25,0,0,0,0,,2024-09-20 14:40:24
2665,4418,0,5,5,5,0,0,0,0,,2026-04-12 17:18:59
2666,1899,15,15,15,15,0,0,0,0,,2025-06-25 22:56:35
2667,4332,0,0,0,0,0,0,0,0,,2025-07-31 16:15:58
2668,3405,0,0,5,5,0,0,0,0,,2024-07-01 06:19:50
2669,4438,0,15,15,15,0,0,0,0,,2025-08-01 23:31:25
2670,4806,14,15,15,15,0,0,0,0,,2024-06-09 15:31:36
2671,2845,0,0,0,0,0,0,0,0,,2025-10-09 18:33:38
2672,3843,0,12,25,25,0,0,0,0,,2024-06-09 00:50:35
2673,712,6,25,25,25,0,0,0,0,,2025-10-27 15:40:42
2674,4735,0,15,15,15,0,0,0,0,,2024-08-08 16:12:57
2675,1069,0,0,0,0,0,0,0,0,,2025-05-28 18:07:19
2676,1529,1,15,15,15,0,0,0,0,,2024-12-07 21:09:12
2677,926,0,0,5,5,0,0,0,0,,2025-11-17 01:44:18
2678,860,5,5,5,5,0,0,0,0,,2025-08-22 05:06:24
2679,1321,0,0,0,0,0,0,0,0,,2026-02-07 11:59:32
2680,2299,0,0,0,30,0,0,0,1,,2025-03-22 10:03:46
2681,765,0,0,0,0,0,0,0,0,,2024-08-24 22:24:38
2682,1062,15,15,15,15,0,0,0,0,,2024-12-30 22:19:52
2683,2220,0,0,0,0,0,0,0,0,,2024-11-19 08:12:01
2684,4354,0,5,5,5,0,0,0,0,,2024-12-03 14:33:15
2685,3953,0,0,0,0,0,0,0,0,,2025-06-07 04:59:23
2686,1888,0,0,0,0,0,0,0,0,,2025-07-01 05:39:02
2687,2913,0,5,5,5,0,0,0,0,,2025-08-09 21:52:44
2688,3763,0,0,0,0,0,0,0,0,,2026-04-10 11:04:01
2689,4705,0,0,0,0,0,0,0,0,,2025-10-22 06:00:04
2690,2244,0,0,0,0,0,0,0,0,,2024-09-22 23:53:47
2691,3541,0,5,5,5,0,0,0,0,,2025-07-25 23:49:02
2692,2252,0,0,0,0,0,0,0,0,,2024-08-18 06:51:06
2693,903,0,0,0,0,0,0,0,0,,2025-02-18 05:48:29
2694,3740,0,0,0,0,0,0,0,0,,2025-07-10 03:59:34
2695,3821,3,25,25,25,0,0,0,0,,2026-04-26 20:01:13
2696,4223,0,0,15,15,0,0,0,0,,2025-01-05 00:13:23
2697,360,0,0,0,0,0,0,0,0,,2024-04-17 08:26:24
2698,4557,15,25,25,25,0,0,0,0,,2025-02-14 07:43:13
2699,1452,0,0,0,0,0,0,0,0,,2024-06-23 06:59:08
2700,4189,13,15,15,15,0,0,0,0,,2025-01-27 02:32:14
2701,3196,0,0,0,0,0,0,0,0,,2024-07-04 07:42:18
2702,157,1,5,5,5,0,0,0,0,,2025-07-07 10:18:46
2703,141,0,0,0,0,0,0,0,0,,2025-10-05 05:12:32
2704,1328,0,0,0,0,0,0,0,0,,2025-09-06 20:47:42
2705,1346,0,0,15,15,0,0,0,0,,2025-12-03 05:51:28
2706,1289,0,0,0,0,0,0,0,0,,2025-08-19 14:20:13
2707,2878,0,0,0,0,0,0,0,0,,2026-02-16 08:34:18
2708,3390,0,0,0,0,0,0,0,0,,2025-02-21 16:29:39
2709,3543,0,0,0,0,0,0,0,0,,2025-05-31 02:24:19
2710,24,0,0,0,0,0,0,0,0,,2025-09-11 19:36:19
2711,3996,0,0,0,0,0,0,0,0,,2026-05-09 02:41:51
2712,3374,0,0,0,0,0,0,0,0,,2024-10-29 22:12:27
2713,468,0,0,0,0,0,0,0,0,,2024-02-24 03:03:07
2714,3092,0,0,0,0,0,0,0,0,,2025-08-26 05:19:01
2715,739,0,15,15,15,0,0,0,0,,2025-06-21 14:50:10
2716,4261,0,0,0,0,0,0,0,0,,2025-06-21 13:26:36
2717,391,0,0,0,0,0,0,0,0,,2025-01-28 11:05:13
2718,4561,15,15,15,15,0,0,0,0,,2025-11-04 18:38:40
2719,4203,0,15,15,15,0,0,0,0,,2024-04-25 05:47:29
2720,3101,0,0,0,0,0,0,0,0,,2025-07-21 23:58:26
2721,2472,0,0,0,0,0,0,0,0,,2025-02-23 07:55:33
2722,519,25,25,25,25,0,0,0,0,,2025-11-11 11:20:18
2723,561,0,0,0,0,0,0,0,0,,2025-05-21 16:47:43
2724,305,1,15,15,15,0,0,0,0,,2025-02-24 06:47:32
2725,477,0,0,0,0,0,0,0,0,,2025-04-21 00:47:38
2726,1589,5,5,5,5,0,0,0,0,,2026-01-10 05:37:39
2727,1060,0,15,15,15,0,0,0,0,,2024-10-06 22:58:19
2728,2969,0,0,0,0,0,0,0,0,,2024-08-10 22:18:27
2729,3621,0,0,0,0,0,0,0,0,,2024-11-03 02:22:14
2730,717,0,0,0,0,0,0,0,0,,2024-12-06 08:00:56
2731,2419,6,25,25,25,0,0,0,0,,2024-12-21 19:49:36
2732,3092,0,5,5,5,0,0,0,0,,2025-04-05 19:46:09
2733,1377,5,5,5,5,0,0,0,0,,2025-10-16 11:25:46
2734,2369,0,0,5,5,0,0,0,0,,2025-09-26 12:01:02
2735,3731,0,0,0,0,0,0,0,0,,2024-11-22 19:30:00
2736,2405,0,0,0,0,0,0,0,0,,2025-07-14 09:13:24
2737,4126,0,0,0,0,0,0,0,0,,2025-04-27 13:52:37
2738,3730,0,0,0,0,0,0,0,0,,2024-07-06 23:10:17
2739,125,0,0,0,0,0,0,0,0,,2024-08-22 23:21:42
2740,576,0,0,0,0,0,0,0,0,,2024-08-29 09:50:44
2741,1398,0,0,0,0,0,0,0,0,,2025-01-02 09:47:10
2742,2529,5,5,5,5,0,0,0,0,,2025-05-13 10:37:18
2743,2410,0,0,15,15,0,0,0,0,,2026-04-08 20:05:26
2744,4484,0,0,0,0,0,0,0,0,,2025-11-12 14:08:24
2745,585,0,0,0,0,0,0,0,0,,2025-01-19 06:45:43
2746,3641,0,0,0,0,0,0,0,0,,2026-01-12 03:51:24
2747,2289,15,15,15,15,0,0,0,0,,2024-05-11 11:16:15
2748,621,0,0,5,5,0,0,0,0,,2026-01-04 01:48:03
2749,2961,0,0,0,0,0,0,0,0,,2025-05-29 03:12:16
2750,1394,0,0,0,0,0,0,0,0,,2025-07-27 07:11:23
2751,4561,0,0,0,0,0,0,0,0,,2026-01-12 20:59:35
2752,1064,0,0,0,0,0,0,0,0,,2025-03-17 15:20:12
2753,2806,0,0,0,0,0,0,0,0,,2024-09-20 06:49:00
2754,4216,5,5,5,5,0,0,0,0,,2024-09-30 17:17:42
2755,501,5,5,5,5,0,0,0,0,,2025-10-11 10:16:53
2756,690,0,0,0,0,0,0,0,0,,2025-09-04 00:29:55
2757,2636,0,2,25,25,0,0,0,0,,2025-10-14 23:59:27
2758,4183,0,7,15,15,0,0,0,0,,2024-08-09 20:45:59
2759,3559,0,0,0,0,0,0,0,0,,2024-06-03 02:00:30
2760,4409,0,0,0,0,0,0,0,0,,2024-07-01 11:52:38
2761,3359,0,0,15,15,0,0,0,0,,2026-01-24 03:53:50
2762,4860,1,5,5,5,0,0,0,0,,2025-12-22 09:00:01
2763,1967,0,0,0,0,0,0,0,0,,2025-12-03 06:47:26
2764,432,0,0,0,0,0,0,0,0,,2024-11-14 22:48:56
2765,664,0,0,0,0,0,0,0,0,,2024-03-09 08:20:29
2766,744,0,16,25,25,0,0,0,0,,2024-10-07 05:08:13
2767,4764,0,0,0,0,0,0,0,0,,2024-04-01 13:01:00
2768,3592,0,0,0,0,0,0,0,0,,2024-08-07 15:38:04
2769,3832,0,0,0,0,0,0,0,0,,2024-07-04 22:43:55
2770,1504,0,0,0,0,0,0,0,0,,2025-05-14 05:56:16
2771,4577,0,5,5,5,0,0,0,0,,2025-12-30 19:30:12
2772,1957,0,0,0,0,0,0,0,0,,2025-10-29 16:18:41
2773,1479,0,5,5,5,0,0,0,0,,2024-05-07 04:04:48
2774,4268,0,0,0,0,0,0,0,0,,2025-11-10 15:27:31
2775,4616,12,25,25,25,0,0,0,0,,2025-12-25 14:09:26
2776,4591,0,5,5,5,0,0,0,0,,2025-07-11 23:16:31
2777,1567,0,0,0,0,0,0,0,0,,2025-06-24 07:18:15
2778,3332,5,5,5,5,0,0,0,0,,2025-04-07 17:05:48
2779,2932,14,15,15,15,0,0,0,0,,2025-08-08 15:20:25
2780,4035,0,13,15,15,0,0,0,0,,2024-09-01 02:08:53
2781,1231,0,0,0,0,0,0,0,0,,2025-12-07 10:27:54
2782,3036,0,0,0,0,0,0,0,0,,2025-12-16 23:51:59
2783,258,0,0,0,0,0,0,0,0,,2024-08-25 16:05:39
2784,4007,5,5,5,5,0,0,0,0,,2024-07-12 12:19:11
2785,476,0,0,15,15,0,0,0,0,,2025-04-07 21:37:46
2786,3711,0,0,0,0,0,0,0,0,,2026-05-28 17:57:00
2787,1621,0,0,0,0,0,0,0,0,,2024-05-21 05:23:15
2788,3865,0,0,0,0,0,0,0,0,,2025-12-16 06:28:23
2789,2270,0,0,0,0,0,0,0,0,,2025-03-14 21:29:46
2790,3160,0,0,0,0,0,0,0,0,,2024-08-26 02:11:34
2791,4566,0,0,5,5,0,0,0,0,,2025-01-05 02:58:47
2792,3716,0,0,0,0,0,0,0,0,,2025-09-19 18:52:27
2793,3368,0,0,5,5,0,0,0,0,,2025-10-27 14:23:04
2794,2449,0,0,0,0,0,0,0,0,,2025-05-31 09:56:02
2795,3773,0,0,0,0,0,0,0,0,,2025-06-23 11:37:41
2796,1470,0,4,5,5,0,0,0,0,,2025-09-21 07:04:54
2797,766,0,2,5,5,0,0,0,0,,2024-07-05 03:25:19
2798,3285,15,15,15,15,0,0,0,0,,2025-01-12 21:11:06
2799,1072,0,0,5,5,0,0,0,0,,2026-01-29 18:09:55
2800,2232,6,25,25,25,0,0,0,0,,2024-09-30 02:16:26
2801,3473,0,0,0,0,0,0,0,0,,2026-01-07 11:39:53
2802,1572,0,0,15,15,0,0,0,0,,2026-01-08 01:53:21
2803,553,0,0,0,0,0,0,0,0,,2025-11-27 08:36:26
2804,4785,0,5,5,5,0,0,0,0,,2024-09-23 12:44:38
2805,790,15,15,15,15,0,0,0,0,,2025-08-03 19:22:53
2806,4246,0,0,0,0,0,0,0,0,,2024-05-28 22:01:41
2807,4122,0,5,5,5,0,0,0,0,,2025-01-09 16:34:28
2808,4143,5,5,5,5,0,0,0,0,,2024-05-29 20:51:38
2809,1584,0,0,0,0,0,0,0,0,,2025-10-02 23:31:23
2810,1099,0,15,15,15,0,0,0,0,,2025-01-03 19:57:20
2811,2380,0,0,0,0,0,0,0,0,,2025-06-16 02:36:43
2812,3183,24,25,25,25,0,0,0,0,,2024-12-25 15:17:45
2813,44,0,15,15,15,0,0,0,0,,2025-10-15 09:59:40
2814,1044,0,0,0,0,0,0,0,0,,2024-09-10 14:49:23
2815,2436,0,0,0,30,0,0,0,1,,2024-06-22 03:50:30
2816,1695,0,0,15,15,0,0,0,0,,2025-02-04 15:33:10
2817,4947,0,0,15,15,0,0,0,0,,2025-06-06 17:09:40
2818,1957,0,15,15,15,0,0,0,0,,2024-08-04 00:53:47
2819,3150,2,25,25,25,0,0,0,0,,2026-01-27 15:21:51
2820,394,0,0,0,0,0,0,0,0,,2025-10-23 09:47:28
2821,2725,0,14,25,25,0,0,0,0,,2024-12-12 23:56:54
2822,693,0,0,0,0,0,0,0,0,,2026-03-03 15:42:34
2823,4293,0,0,5,5,0,0,0,0,,2025-06-26 07:55:38
2824,900,0,0,5,5,0,0,0,0,,2024-06-07 07:30:11
2825,4036,30,60,90,120,1,1,1,1,2025-11-07 08:59:41,
2826,2987,5,5,5,5,0,0,0,0,,2025-10-03 17:30:07
2827,537,0,5,15,15,0,0,0,0,,2024-12-30 18:06:57
2828,3936,0,0,0,0,0,0,0,0,,2024-07-23 12:57:19
2829,724,12,25,25,25,0,0,0,0,,2025-11-13 05:50:48
2830,1718,0,15,15,15,0,0,0,0,,2025-01-19 05:42:37
2831,1000,0,0,0,0,0,0,0,0,,2024-04-27 09:38:54
2832,4237,0,0,0,0,0,0,0,0,,2025-07-02 01:19:26
2833,4472,0,0,0,30,0,0,0,1,,2026-02-08 11:00:51
2834,685,0,0,15,15,0,0,0,0,,2025-04-28 21:56:28
2835,3146,0,0,0,0,0,0,0,0,,2025-03-15 12:37:52
2836,2795,0,15,15,15,0,0,0,0,,2026-02-14 15:56:41
2837,3044,0,0,0,0,0,0,0,0,,2025-06-06 12:11:36
2838,3376,0,0,0,0,0,0,0,0,,2025-11-27 09:43:41
2839,4573,6,15,15,15,0,0,0,0,,2024-06-14 22:28:20
2840,3035,0,15,15,15,0,0,0,0,,2025-01-02 22:08:22
2841,2407,0,0,0,0,0,0,0,0,,2025-10-21 10:36:13
2842,1716,5,5,5,5,0,0,0,0,,2024-04-27 19:14:31
2843,4888,0,0,5,5,0,0,0,0,,2024-03-07 19:49:05
2844,4717,1,15,15,15,0,0,0,0,,2025-07-09 23:58:10
2845,61,0,0,0,0,0,0,0,0,,2025-08-14 19:09:34
2846,3116,5,5,5,5,0,0,0,0,,2026-04-15 13:05:11
2847,4810,0,0,0,0,0,0,0,0,,2024-05-23 18:22:05
2848,3146,0,0,0,0,0,0,0,0,,2025-11-10 03:10:25
2849,2188,0,0,0,0,0,0,0,0,,2025-03-12 07:51:26
2850,3346,0,0,0,0,0,0,0,0,,2026-01-15 23:39:28
2851,6,0,0,0,0,0,0,0,0,,2025-03-12 06:04:37
2852,3254,0,15,15,15,0,0,0,0,,2024-07-19 17:26:46
2853,4032,5,5,5,5,0,0,0,0,,2025-12-02 11:06:03
2854,3774,0,0,0,0,0,0,0,0,,2025-04-08 00:58:49
2855,4087,5,5,5,5,0,0,0,0,,2026-02-01 01:45:41
2856,215,0,5,5,5,0,0,0,0,,2025-02-28 07:05:33
2857,113,0,0,0,0,0,0,0,0,,2026-03-02 15:49:23
2858,1380,0,0,0,0,0,0,0,0,,2025-12-08 10:20:12
2859,3923,5,5,5,5,0,0,0,0,,2025-02-20 18:01:22
2860,4210,0,0,0,0,0,0,0,0,,2024-09-20 13:01:14
2861,3924,0,0,0,0,0,0,0,0,,2024-06-28 20:46:57
2862,2154,0,0,0,0,0,0,0,0,,2024-07-24 19:05:24
2863,667,0,0,5,5,0,0,0,0,,2025-01-16 17:00:04
2864,4877,15,15,15,15,0,0,0,0,,2024-03-24 19:30:58
2865,2226,0,0,15,15,0,0,0,0,,2024-06-29 15:06:03
2866,1745,0,0,0,0,0,0,0,0,,2025-08-27 09:59:32
2867,2536,25,25,25,25,0,0,0,0,,2026-02-11 06:11:18
2868,334,0,0,0,0,0,0,0,0,,2025-01-22 12:11:05
2869,286,0,0,0,0,0,0,0,0,,2025-06-25 00:55:32
2870,2551,13,15,15,15,0,0,0,0,,2025-10-02 04:07:00
2871,1773,2,25,25,25,0,0,0,0,,2024-07-09 05:40:20
2872,2099,0,0,0,0,0,0,0,0,,2025-02-04 23:31:56
2873,4867,5,5,5,5,0,0,0,0,,2025-07-03 17:15:43
2874,4006,0,15,15,15,0,0,0,0,,2026-01-12 16:46:35
2875,2507,0,0,0,0,0,0,0,0,,2024-03-01 23:28:56
2876,2971,0,15,15,15,0,0,0,0,,2024-06-27 10:29:29
2877,1195,0,0,0,0,0,0,0,0,,2024-05-20 21:05:09
2878,3420,0,0,0,0,0,0,0,0,,2024-10-10 00:59:44
2879,968,0,0,0,0,0,0,0,0,,2025-11-29 01:11:02
2880,2666,0,0,0,0,0,0,0,0,,2024-12-16 15:33:07
2881,776,0,0,0,0,0,0,0,0,,2024-10-07 23:39:00
2882,4764,0,0,0,0,0,0,0,0,,2025-07-18 06:49:53
2883,4973,11,15,15,15,0,0,0,0,,2024-12-08 21:24:47
2884,4048,0,0,0,0,0,0,0,0,,2026-01-03 16:37:35
2885,1438,15,15,15,15,0,0,0,0,,2026-02-21 03:58:14
2886,1291,0,0,0,0,0,0,0,0,,2024-08-07 11:46:52
2887,3914,0,0,0,60,0,0,0,1,,2025-03-03 03:39:29
2888,4911,0,0,0,0,0,0,0,0,,2024-05-11 04:44:29
2889,3235,0,0,0,0,0,0,0,0,,2025-04-25 20:42:12
2890,2300,0,0,0,0,0,0,0,0,,2024-03-06 21:32:26
2891,3693,0,6,15,15,0,0,0,0,,2025-12-07 17:04:55
2892,511,0,0,0,0,0,0,0,0,,2025-05-29 22:13:11
2893,2683,0,0,0,0,0,0,0,0,,2025-09-12 12:03:31
2894,4101,5,15,15,15,0,0,0,0,,2025-03-01 00:26:04
2895,2638,0,15,15,15,0,0,0,0,,2025-08-01 21:46:35
2896,90,0,0,0,0,0,0,0,0,,2024-06-22 19:41:46
2897,4242,0,0,0,0,0,0,0,0,,2024-08-22 18:27:59
2898,129,0,0,0,0,0,0,0,0,,2025-11-13 13:11:10
2899,659,0,0,0,0,0,0,0,0,,2024-09-21 00:14:42
2900,1848,0,0,0,0,0,0,0,0,,2025-09-22 20:56:41
2901,4039,0,0,0,0,0,0,0,0,,2025-04-17 04:45:57
2902,2369,5,5,5,5,0,0,0,0,,2026-02-26 15:43:57
2903,246,0,13,15,15,0,0,0,0,,2024-06-25 01:59:39
2904,2044,5,5,5,5,0,0,0,0,,2024-05-25 17:53:31
2905,3447,0,0,0,0,0,0,0,0,,2025-05-14 18:00:06
2906,477,0,15,15,15,0,0,0,0,,2024-07-20 00:09:43
2907,164,1,5,5,5,0,0,0,0,,2024-09-25 09:06:17
2908,4272,0,0,0,0,0,0,0,0,,2024-06-16 11:26:25
2909,2946,0,0,0,0,0,0,0,0,,2025-04-09 17:45:33
2910,2756,0,0,5,5,0,0,0,0,,2024-03-30 04:57:37
2911,4428,15,15,15,15,0,0,0,0,,2025-06-14 15:46:14
2912,2057,0,0,0,0,0,0,0,0,,2024-12-02 19:46:00
2913,4859,0,3,5,5,0,0,0,0,,2024-05-07 07:31:58
2914,2696,0,0,0,0,0,0,0,0,,2024-09-05 06:20:33
2915,1703,0,0,0,0,0,0,0,0,,2024-06-24 10:03:40
2916,2662,0,0,0,0,0,0,0,0,,2024-06-13 12:14:53
2917,1629,0,15,15,15,0,0,0,0,,2025-01-24 02:06:03
2918,550,5,5,5,5,0,0,0,0,,2025-11-17 13:11:17
2919,3922,0,0,0,0,0,0,0,0,,2024-12-18 10:31:24
2920,2618,0,0,0,0,0,0,0,0,,2025-07-21 15:02:37
2921,4596,7,15,15,15,0,0,0,0,,2025-06-15 04:49:25
2922,4316,0,0,5,5,0,0,0,0,,2026-04-15 10:42:22
2923,1825,25,25,25,25,0,0,0,0,,2025-04-29 02:03:44
2924,2867,0,0,0,0,0,0,0,0,,2026-05-02 20:02:59
2925,1794,0,0,0,0,0,0,0,0,,2025-07-11 20:58:25
2926,4882,0,22,25,25,0,0,0,0,,2025-04-22 09:39:36
2927,3186,0,5,5,5,0,0,0,0,,2025-04-21 14:15:39
2928,1236,0,0,0,0,0,0,0,0,,2025-10-14 21:06:58
2929,3170,0,5,5,5,0,0,0,0,,2024-08-18 08:42:44
2930,4810,0,5,5,5,0,0,0,0,,2024-05-13 16:23:06
2931,659,0,25,25,25,0,0,0,0,,2025-09-23 09:50:14
2932,1410,0,0,0,0,0,0,0,0,,2025-06-30 22:05:06
2933,3522,0,0,0,0,0,0,0,0,,2025-01-14 17:18:59
2934,1393,0,0,0,0,0,0,0,0,,2024-07-29 12:21:26
2935,3454,0,0,5,5,0,0,0,0,,2025-12-04 13:22:49
2936,4011,0,0,0,0,0,0,0,0,,2024-09-21 19:19:33
2937,3398,0,0,0,0,0,0,0,0,,2025-01-26 14:04:07
2938,2707,0,0,0,0,0,0,0,0,,2024-12-18 23:42:40
2939,1576,0,10,15,15,0,0,0,0,,2024-12-23 21:00:25
2940,304,0,0,0,0,0,0,0,0,,2024-08-28 09:04:59
2941,2364,0,0,0,0,0,0,0,0,,2024-08-16 03:51:24
2942,1308,0,0,0,0,0,0,0,0,,2025-04-23 08:23:24
2943,3845,0,0,0,0,0,0,0,0,,2025-02-23 10:21:04
2944,962,0,0,0,0,0,0,0,0,,2025-05-08 23:53:29
2945,3529,0,0,0,0,0,0,0,0,,2024-08-31 19:10:17
2946,2477,0,0,0,0,0,0,0,0,,2024-04-25 00:14:44
2947,2812,0,0,0,0,0,0,0,0,,2024-02-28 02:31:13
2948,3947,0,0,0,0,0,0,0,0,,2025-06-12 00:29:57
2949,4803,0,5,5,5,0,0,0,0,,2025-11-03 16:03:24
2950,3284,28,30,30,30,0,1,1,1,2025-01-15 14:05:11,
2951,2026,0,0,0,0,0,0,0,0,,2024-10-28 00:27:29
2952,4294,0,5,5,5,0,0,0,0,,2024-10-09 16:50:10
2953,3477,0,0,0,0,0,0,0,0,,2024-11-13 13:26:22
2954,3716,0,15,15,15,0,0,0,0,,2024-12-28 05:20:44
2955,3110,0,0,0,0,0,0,0,0,,2025-12-24 13:39:11
2956,2272,0,0,0,0,0,0,0,0,,2024-09-05 03:59:24
2957,2761,0,0,0,0,0,0,0,0,,2025-11-08 14:53:22
2958,2623,0,0,0,0,0,0,0,0,,2024-07-24 15:33:59
2959,3097,0,0,0,0,0,0,0,0,,2024-05-31 16:10:02
2960,500,0,0,0,0,0,0,0,0,,2025-11-26 12:07:43
2961,4958,7,15,15,15,0,0,0,0,,2026-05-07 00:22:50
2962,2590,0,0,5,5,0,0,0,0,,2024-04-16 11:49:46
2963,3339,0,0,0,0,0,0,0,0,,2025-01-06 15:13:35
2964,4891,0,0,0,0,0,0,0,0,,2025-07-07 21:12:55
2965,4645,0,0,0,0,0,0,0,0,,2025-06-10 17:23:33
2966,832,0,0,0,0,0,0,0,0,,2026-01-27 02:32:19
2967,3238,0,15,15,15,0,0,0,0,,2024-06-14 14:59:19
2968,1560,0,0,0,0,0,0,0,0,,2026-03-15 02:46:15
2969,1323,0,0,5,5,0,0,0,0,,2024-10-06 06:50:07
2970,1992,0,0,5,5,0,0,0,0,,2025-03-17 11:13:35
2971,1068,0,1,5,5,0,0,0,0,,2024-07-10 02:30:16
2972,3696,0,0,0,0,0,0,0,0,,2025-11-19 01:34:45
2973,1997,0,15,15,15,0,0,0,0,,2025-01-23 13:30:40
2974,4248,5,5,5,5,0,0,0,0,,2025-07-31 09:48:07
2975,4519,0,0,5,5,0,0,0,0,,2025-04-11 22:59:08
2976,4832,0,0,0,0,0,0,0,0,,2024-08-11 12:28:37
2977,2438,0,0,0,0,0,0,0,0,,2025-10-09 17:34:36
2978,4207,0,0,0,0,0,0,0,0,,2025-10-12 15:36:52
2979,1809,0,8,15,15,0,0,0,0,,2024-12-05 18:43:02
2980,3926,0,0,0,0,0,0,0,0,,2024-10-21 01:08:35
2981,171,15,15,15,15,0,0,0,0,,2025-08-16 13:23:04
2982,4940,5,5,5,5,0,0,0,0,,2025-08-03 00:36:37
2983,4974,0,0,0,0,0,0,0,0,,2025-06-10 16:43:33
2984,2627,5,5,5,5,0,0,0,0,,2024-10-17 18:03:15
2985,4772,0,0,0,0,0,0,0,0,,2025-11-25 20:59:54
2986,2524,0,0,0,0,0,0,0,0,,2025-04-02 21:33:56
2987,601,0,0,15,15,0,0,0,0,,2025-04-01 03:41:57
2988,1541,0,0,0,0,0,0,0,0,,2025-03-08 13:24:38
2989,2130,5,5,5,5,0,0,0,0,,2024-11-25 12:52:58
2990,4477,0,7,30,30,0,0,1,1,2024-11-20 14:34:55,
2991,89,0,15,15,15,0,0,0,0,,2024-07-25 15:30:36
2992,2381,0,0,0,0,0,0,0,0,,2024-06-22 18:57:20
2993,526,0,0,0,0,0,0,0,0,,2025-10-05 11:15:30
2994,4122,0,0,25,25,0,0,0,0,,2025-05-10 10:47:50
2995,2506,18,25,25,25,0,0,0,0,,2024-11-21 00:46:23
2996,1388,0,0,25,25,0,0,0,0,,2026-01-20 19:27:51
2997,598,0,0,0,0,0,0,0,0,,2024-09-01 22:30:13
2998,3645,0,15,15,15,0,0,0,0,,2025-03-19 10:27:07
2999,3922,0,12,15,15,0,0,0,0,,2025-09-04 10:13:40
3000,3789,0,0,0,0,0,0,0,0,,2024-09-12 04:48:30
3001,424,11,15,15,15,0,0,0,0,,2024-05-08 03:50:28
3002,845,0,0,0,0,0,0,0,0,,2025-07-29 11:44:51
3003,2953,5,5,5,5,0,0,0,0,,2024-08-12 23:22:53
3004,4009,0,0,0,0,0,0,0,0,,2024-12-05 10:43:07
3005,1069,15,15,15,15,0,0,0,0,,2025-11-26 05:35:22
3006,1803,0,0,0,0,0,0,0,0,,2025-01-02 11:55:27
3007,2868,0,0,5,5,0,0,0,0,,2026-01-13 22:48:37
3008,4603,0,0,0,0,0,0,0,0,,2025-06-19 09:20:09
3009,1410,0,0,0,0,0,0,0,0,,2024-12-06 06:02:29
3010,1630,0,5,5,5,0,0,0,0,,2024-02-16 19:32:53
3011,4011,0,0,0,0,0,0,0,0,,2024-07-06 19:45:54
3012,1255,0,0,5,5,0,0,0,0,,2024-11-18 07:53:43
3013,2608,0,0,0,0,0,0,0,0,,2024-05-13 08:56:28
3014,3104,0,0,0,0,0,0,0,0,,2024-07-04 18:00:01
3015,1096,0,0,0,0,0,0,0,0,,2024-11-14 05:47:28
3016,522,9,15,15,15,0,0,0,0,,2024-12-05 03:56:45
3017,1791,15,15,15,15,0,0,0,0,,2024-05-04 04:26:48
3018,2272,0,0,0,0,0,0,0,0,,2025-03-03 09:37:01
3019,675,0,15,15,15,0,0,0,0,,2025-10-02 20:18:53
3020,1191,0,0,0,0,0,0,0,0,,2025-11-23 02:57:36
3021,1400,0,5,5,5,0,0,0,0,,2025-10-24 21:26:56
3022,1799,0,0,0,0,0,0,0,0,,2025-04-09 08:45:38
3023,1148,0,0,0,0,0,0,0,0,,2025-12-11 06:51:02
3024,4810,0,0,0,0,0,0,0,0,,2026-01-08 03:51:07
3025,2481,0,26,30,30,0,0,1,1,2024-07-11 10:56:49,
3026,269,0,1,5,5,0,0,0,0,,2025-08-31 23:56:28
3027,3944,5,5,5,5,0,0,0,0,,2025-12-12 12:16:44
3028,2280,0,0,0,0,0,0,0,0,,2025-11-02 08:33:48
3029,4279,0,17,25,25,0,0,0,0,,2024-07-14 02:40:53
3030,3313,0,0,0,0,0,0,0,0,,2025-07-14 07:50:47
3031,4385,0,5,5,5,0,0,0,0,,2025-05-05 20:05:32
3032,3743,0,0,0,0,0,0,0,0,,2024-08-12 04:05:49
3033,4271,0,0,0,0,0,0,0,0,,2025-09-04 08:44:33
3034,3545,0,0,0,0,0,0,0,0,,2025-10-18 14:02:08
3035,1559,0,0,15,15,0,0,0,0,,2025-09-17 21:24:52
3036,3341,15,15,15,15,0,0,0,0,,2024-07-15 00:18:34
3037,1425,5,5,5,5,0,0,0,0,,2024-10-07 19:11:32
3038,1894,0,0,0,0,0,0,0,0,,2024-09-27 04:40:10
3039,4735,0,0,0,0,0,0,0,0,,2025-03-04 11:26:47
3040,1603,0,0,0,0,0,0,0,0,,2024-11-09 17:12:47
3041,863,0,1,25,25,0,0,0,0,,2025-03-20 14:10:27
3042,3365,17,25,25,25,0,0,0,0,,2024-04-30 10:14:32
3043,925,0,0,5,5,0,0,0,0,,2024-11-16 23:04:42
3044,3646,5,5,5,5,0,0,0,0,,2025-07-05 17:02:27
3045,1087,5,5,5,5,0,0,0,0,,2025-12-05 06:23:48
3046,3265,0,0,0,0,0,0,0,0,,2025-03-21 05:01:07
3047,2886,0,0,0,0,0,0,0,0,,2025-05-02 17:57:43
3048,995,0,0,0,0,0,0,0,0,,2025-10-17 02:56:39
3049,2341,0,0,0,0,0,0,0,0,,2024-08-05 16:31:51
3050,1979,0,0,0,0,0,0,0,0,,2025-09-29 02:13:17
3051,3361,0,0,0,0,0,0,0,0,,2026-06-04 10:56:58
3052,2447,0,0,0,0,0,0,0,0,,2025-01-14 12:13:58
3053,1467,0,0,0,0,0,0,0,0,,2025-04-15 06:58:04
3054,3051,0,0,0,0,0,0,0,0,,2024-05-25 02:16:04
3055,1293,0,5,5,5,0,0,0,0,,2025-05-28 03:35:13
3056,2183,0,0,0,0,0,0,0,0,,2026-03-12 07:34:11
3057,1786,0,0,0,0,0,0,0,0,,2026-01-11 10:30:22
3058,4907,0,9,15,15,0,0,0,0,,2024-05-11 04:53:30
3059,2474,5,5,5,5,0,0,0,0,,2024-05-21 08:21:48
3060,993,0,0,0,0,0,0,0,0,,2025-08-04 03:43:06
3061,1925,0,0,0,0,0,0,0,0,,2025-10-07 12:46:39
3062,2311,0,0,0,0,0,0,0,0,,2025-08-20 07:13:57
3063,1906,0,0,0,0,0,0,0,0,,2024-11-17 02:48:31
3064,4894,0,0,0,0,0,0,0,0,,2024-10-15 09:28:01
3065,1270,0,5,5,5,0,0,0,0,,2024-12-31 05:11:06
3066,564,0,0,0,0,0,0,0,0,,2025-08-01 22:24:55
3067,2718,0,0,0,0,0,0,0,0,,2025-08-16 09:24:35
3068,16,0,5,5,5,0,0,0,0,,2025-02-13 01:43:20
3069,3970,0,0,0,0,0,0,0,0,,2025-11-15 17:48:35
3070,850,0,0,0,0,0,0,0,0,,2024-07-15 17:43:51
3071,2661,0,0,0,0,0,0,0,0,,2025-04-13 19:11:32
3072,3845,0,0,0,0,0,0,0,0,,2026-01-16 20:18:02
3073,4584,0,0,0,0,0,0,0,0,,2025-01-05 02:14:39
3074,2153,25,25,25,25,0,0,0,0,,2025-07-26 19:08:26
3075,4706,0,0,5,5,0,0,0,0,,2025-03-13 07:55:09
3076,1007,0,0,0,0,0,0,0,0,,2024-12-02 04:40:50
3077,4898,0,9,15,15,0,0,0,0,,2025-10-21 18:03:17
3078,3227,0,0,15,15,0,0,0,0,,2025-07-02 09:48:16
3079,3867,0,0,0,0,0,0,0,0,,2025-01-11 22:20:26
3080,176,0,0,0,0,0,0,0,0,,2025-03-06 02:17:35
3081,1650,0,0,0,0,0,0,0,0,,2024-11-23 13:44:00
3082,2999,0,0,0,0,0,0,0,0,,2024-08-26 03:41:21
3083,3083,0,0,0,0,0,0,0,0,,2025-09-07 07:20:26
3084,3731,20,25,25,25,0,0,0,0,,2024-04-29 09:38:29
3085,3692,0,0,0,0,0,0,0,0,,2025-09-11 11:30:06
3086,2462,0,0,0,0,0,0,0,0,,2024-11-28 04:14:14
3087,165,0,0,0,0,0,0,0,0,,2025-12-25 17:32:09
3088,3145,0,0,0,0,0,0,0,0,,2024-08-12 10:36:00
3089,225,0,0,0,0,0,0,0,0,,2024-12-07 19:04:07
3090,2304,0,0,25,25,0,0,0,0,,2025-12-03 07:22:32
3091,2020,0,0,0,0,0,0,0,0,,2025-03-01 00:48:44
3092,3949,5,5,5,5,0,0,0,0,,2024-12-25 13:39:04
3093,677,5,5,5,5,0,0,0,0,,2025-08-03 10:55:48
3094,966,0,0,0,0,0,0,0,0,,2025-02-05 11:58:31
3095,1608,0,0,0,0,0,0,0,0,,2025-08-05 11:06:41
3096,2535,9,15,15,15,0,0,0,0,,2025-11-08 06:06:40
3097,190,15,15,15,15,0,0,0,0,,2026-01-20 14:22:07
3098,3734,0,0,0,0,0,0,0,0,,2025-08-21 06:25:17
3099,2711,0,15,25,25,0,0,0,0,,2025-08-24 18:47:30
3100,4146,0,0,0,0,0,0,0,0,,2026-05-30 09:41:55
3101,3803,30,60,90,120,1,1,1,1,2024-12-11 22:41:30,
3102,2039,0,0,0,30,0,0,0,1,,2025-02-23 23:50:33
3103,3830,0,0,0,0,0,0,0,0,,2025-11-18 15:00:37
3104,3706,30,60,60,60,1,1,1,1,2025-07-31 18:07:15,
3105,2588,0,0,0,0,0,0,0,0,,2025-09-10 09:04:14
3106,1876,0,0,0,0,0,0,0,0,,2026-01-14 06:20:35
3107,1764,0,0,0,0,0,0,0,0,,2025-09-11 13:22:58
3108,704,0,0,0,0,0,0,0,0,,2024-12-01 14:32:08
3109,285,0,0,0,0,0,0,0,0,,2025-04-17 17:40:20
3110,4939,0,0,0,0,0,0,0,0,,2025-12-30 06:04:51
3111,1368,6,25,25,25,0,0,0,0,,2025-03-06 13:59:55
3112,1847,0,0,15,15,0,0,0,0,,2024-09-15 08:06:02
3113,297,15,15,15,15,0,0,0,0,,2025-03-26 18:10:47
3114,388,0,4,15,15,0,0,0,0,,2024-06-29 01:19:23
3115,3025,0,0,0,0,0,0,0,0,,2026-05-25 12:58:06
3116,1316,0,0,0,0,0,0,0,0,,2025-12-26 19:02:57
3117,4976,0,0,0,0,0,0,0,0,,2024-10-12 17:08:04
3118,1336,0,0,0,0,0,0,0,0,,2024-06-22 18:40:48
3119,1830,0,9,25,25,0,0,0,0,,2026-01-11 00:12:06
3120,4344,20,25,25,25,0,0,0,0,,2025-01-13 03:24:05
3121,932,0,0,0,0,0,0,0,0,,2024-10-22 01:40:34
3122,2946,0,0,0,0,0,0,0,0,,2025-05-06 07:15:31
3123,3054,0,10,15,15,0,0,0,0,,2025-02-22 10:35:11
3124,181,0,0,0,0,0,0,0,0,,2025-11-11 00:39:06
3125,7,5,5,5,5,0,0,0,0,,2024-09-02 18:51:03
3126,2825,9,25,25,25,0,0,0,0,,2024-11-22 05:46:56
3127,1122,0,0,0,0,0,0,0,0,,2025-04-26 20:55:17
3128,491,0,0,0,0,0,0,0,0,,2025-06-24 11:08:18
3129,1289,0,12,15,15,0,0,0,0,,2025-12-13 14:44:31
3130,1931,0,0,0,0,0,0,0,0,,2025-04-21 01:56:51
3131,3907,0,0,0,0,0,0,0,0,,2024-10-26 12:15:52
3132,750,0,0,0,0,0,0,0,0,,2024-06-02 15:14:41
3133,7,0,0,0,0,0,0,0,0,,2024-06-18 11:31:34
3134,1053,0,0,0,0,0,0,0,0,,2024-08-18 06:33:01
3135,1119,0,0,0,0,0,0,0,0,,2025-09-07 14:37:20
3136,1222,19,49,60,60,0,1,1,1,2024-12-07 21:14:07,
3137,4008,0,0,0,0,0,0,0,0,,2025-07-08 18:31:25
3138,759,0,0,0,0,0,0,0,0,,2025-09-24 03:44:24
3139,3124,0,0,0,0,0,0,0,0,,2024-12-29 13:41:17
3140,3123,0,0,0,0,0,0,0,0,,2025-01-24 16:31:55
3141,1085,23,25,25,25,0,0,0,0,,2024-11-03 19:55:06
3142,2981,0,9,25,25,0,0,0,0,,2025-04-25 17:39:10
3143,2119,0,5,5,5,0,0,0,0,,2025-08-11 18:45:33
3144,4552,0,0,0,0,0,0,0,0,,2025-03-17 00:06:17
3145,4381,0,0,0,0,0,0,0,0,,2024-09-20 23:58:47
3146,1579,0,0,5,5,0,0,0,0,,2025-05-17 01:38:40
3147,3923,0,0,0,0,0,0,0,0,,2026-03-05 12:40:25
3148,4932,0,1,15,15,0,0,0,0,,2024-10-12 15:39:24
3149,1288,0,0,0,0,0,0,0,0,,2026-02-07 16:43:21
3150,2480,0,5,5,5,0,0,0,0,,2024-07-02 07:15:36
3151,1061,0,0,0,0,0,0,0,0,,2024-10-20 11:18:17
3152,2207,0,0,0,0,0,0,0,0,,2025-07-07 06:58:18
3153,2484,0,5,5,5,0,0,0,0,,2024-10-20 02:12:45
3154,4467,0,25,25,25,0,0,0,0,,2026-01-24 21:34:57
3155,963,0,0,0,0,0,0,0,0,,2025-02-25 00:51:11
3156,3365,0,0,0,0,0,0,0,0,,2024-11-03 18:55:41
3157,4798,0,0,0,0,0,0,0,0,,2024-06-29 22:55:59
3158,2629,15,15,15,15,0,0,0,0,,2025-09-16 20:04:07
3159,122,0,0,0,0,0,0,0,0,,2024-08-21 15:16:29
3160,3786,0,0,5,5,0,0,0,0,,2024-08-30 22:10:12
3161,4737,0,0,0,0,0,0,0,0,,2025-09-10 15:47:16
3162,335,0,0,0,0,0,0,0,0,,2024-09-10 09:52:38
3163,4336,0,0,0,0,0,0,0,0,,2025-10-24 19:21:14
3164,833,30,60,90,120,1,1,1,1,2024-06-28 23:57:33,
3165,3357,6,15,15,15,0,0,0,0,,2024-08-24 11:19:58
3166,872,0,0,0,0,0,0,0,0,,2024-09-22 06:39:41
3167,1826,0,0,0,0,0,0,0,0,,2024-11-23 20:10:21
3168,935,0,0,0,0,0,0,0,0,,2025-03-26 11:10:42
3169,1589,0,0,0,0,0,0,0,0,,2025-10-24 04:28:37
3170,1560,0,0,0,0,0,0,0,0,,2025-05-28 21:17:36
3171,1654,5,5,5,5,0,0,0,0,,2024-06-15 02:29:27
3172,2643,0,0,0,0,0,0,0,0,,2025-10-25 09:01:50
3173,234,0,0,5,5,0,0,0,0,,2025-09-02 07:26:23
3174,2877,0,5,5,5,0,0,0,0,,2025-04-28 22:38:41
3175,2656,0,15,15,15,0,0,0,0,,2025-05-26 05:17:36
3176,2673,0,0,0,0,0,0,0,0,,2024-08-06 10:52:18
3177,3771,0,5,25,25,0,0,0,0,,2024-07-20 12:34:55
3178,2402,0,0,5,5,0,0,0,0,,2025-04-08 06:15:50
3179,4158,0,0,0,0,0,0,0,0,,2025-09-03 18:12:10
3180,3307,0,0,0,0,0,0,0,0,,2024-12-07 18:19:12
3181,4202,0,0,0,0,0,0,0,0,,2025-12-20 18:46:36
3182,2442,0,0,0,0,0,0,0,0,,2025-02-18 14:34:20
3183,801,0,0,5,5,0,0,0,0,,2025-04-22 12:41:21
3184,2624,0,0,5,5,0,0,0,0,,2024-05-12 05:21:41
3185,3031,0,0,0,0,0,0,0,0,,2024-11-23 11:04:04
3186,1826,0,0,0,0,0,0,0,0,,2025-11-29 07:44:22
3187,4716,9,15,15,15,0,0,0,0,,2024-08-23 22:57:09
3188,3702,0,15,15,15,0,0,0,0,,2024-02-25 02:54:36
3189,610,0,0,0,0,0,0,0,0,,2026-02-06 05:20:12
3190,2505,5,5,5,5,0,0,0,0,,2025-11-05 16:08:14
3191,2096,0,6,15,15,0,0,0,0,,2024-03-03 15:10:33
3192,1811,0,0,0,0,0,0,0,0,,2025-01-18 12:56:41
3193,2818,0,0,0,0,0,0,0,0,,2025-08-09 20:56:30
3194,1616,0,5,5,5,0,0,0,0,,2024-11-13 04:44:25
3195,2548,25,25,25,25,0,0,0,0,,2024-09-19 23:54:24
3196,4035,0,0,5,5,0,0,0,0,,2025-01-26 09:26:09
3197,2093,0,0,0,0,0,0,0,0,,2025-02-23 21:01:06
3198,1580,0,0,0,0,0,0,0,0,,2024-10-22 02:04:41
3199,3721,0,8,25,25,0,0,0,0,,2024-04-12 06:32:02
3200,768,0,0,0,0,0,0,0,0,,2024-12-28 21:21:08
3201,3761,0,0,0,0,0,0,0,0,,2024-07-20 22:01:40
3202,2485,0,0,0,0,0,0,0,0,,2025-07-01 18:04:02
3203,1690,0,0,0,0,0,0,0,0,,2025-12-04 07:54:08
3204,1672,0,0,0,0,0,0,0,0,,2024-02-23 19:34:17
3205,1882,0,0,0,0,0,0,0,0,,2025-10-19 05:03:03
3206,4485,5,5,5,5,0,0,0,0,,2025-11-09 00:25:58
3207,954,0,0,0,0,0,0,0,0,,2024-10-11 19:09:35
3208,2066,0,0,0,0,0,0,0,0,,2024-08-30 21:51:44
3209,3541,0,0,0,0,0,0,0,0,,2024-08-30 23:34:05
3210,4394,0,0,0,0,0,0,0,0,,2025-01-10 06:41:21
3211,2458,0,0,0,0,0,0,0,0,,2024-09-22 05:00:35
3212,3301,0,0,0,0,0,0,0,0,,2024-11-16 21:13:27
3213,2717,5,5,5,5,0,0,0,0,,2024-06-04 16:44:40
3214,3589,15,15,15,15,0,0,0,0,,2024-07-01 01:57:24
3215,113,0,0,5,5,0,0,0,0,,2025-02-05 03:59:43
3216,96,0,5,5,5,0,0,0,0,,2024-05-19 20:31:21
3217,3301,0,0,0,0,0,0,0,0,,2024-05-24 23:30:18
3218,2858,5,5,5,5,0,0,0,0,,2024-07-28 01:42:49
3219,3254,0,0,0,0,0,0,0,0,,2025-03-13 10:41:31
3220,502,0,0,0,0,0,0,0,0,,2024-09-28 11:16:36
3221,4380,0,0,15,15,0,0,0,0,,2025-07-03 18:06:47
3222,618,0,0,0,0,0,0,0,0,,2025-10-16 12:05:47
3223,1059,0,0,0,0,0,0,0,0,,2025-04-22 07:32:40
3224,174,0,0,0,30,0,0,0,1,,2024-07-20 00:17:42
3225,2646,0,0,0,0,0,0,0,0,,2024-10-16 02:47:48
3226,3905,0,0,0,0,0,0,0,0,,2025-02-28 22:51:52
3227,4103,0,0,0,0,0,0,0,0,,2025-10-26 22:33:06
3228,1276,0,0,0,0,0,0,0,0,,2025-04-29 06:22:02
3229,3097,0,0,0,0,0,0,0,0,,2025-08-07 07:06:38
3230,2309,0,0,0,0,0,0,0,0,,2025-11-08 06:14:23
3231,4580,0,0,0,0,0,0,0,0,,2025-11-09 08:39:18
3232,1948,0,0,5,5,0,0,0,0,,2024-05-04 11:13:31
3233,3487,25,25,25,25,0,0,0,0,,2026-01-03 03:20:35
3234,4678,5,5,5,5,0,0,0,0,,2024-03-14 10:15:10
3235,976,0,0,0,0,0,0,0,0,,2024-11-19 20:28:55
3236,2055,5,5,5,5,0,0,0,0,,2024-06-23 04:08:55
3237,4122,0,0,0,0,0,0,0,0,,2025-08-07 02:15:10
3238,1734,0,0,0,0,0,0,0,0,,2026-02-14 03:17:07
3239,837,0,0,0,0,0,0,0,0,,2025-05-28 10:08:14
3240,4423,5,5,5,5,0,0,0,0,,2025-02-02 16:34:59
3241,3051,0,4,5,5,0,0,0,0,,2025-05-09 15:28:54
3242,4366,0,0,0,0,0,0,0,0,,2025-12-20 10:15:45
3243,957,0,0,0,0,0,0,0,0,,2024-12-15 13:41:01
3244,783,0,0,0,0,0,0,0,0,,2025-10-06 07:24:59
3245,1264,0,0,0,0,0,0,0,0,,2025-04-08 16:02:43
3246,326,0,5,5,5,0,0,0,0,,2025-06-06 15:05:13
3247,1167,0,7,25,25,0,0,0,0,,2024-10-24 13:51:46
3248,940,0,0,0,0,0,0,0,0,,2025-04-27 16:05:31
3249,1459,0,0,5,5,0,0,0,0,,2024-10-25 05:15:58
3250,177,0,0,0,0,0,0,0,0,,2025-03-19 09:57:45
3251,1149,0,5,5,5,0,0,0,0,,2025-02-24 01:18:54
3252,995,5,5,5,5,0,0,0,0,,2025-10-30 01:02:38
3253,3625,5,5,5,5,0,0,0,0,,2026-04-20 14:29:42
3254,4677,0,0,0,0,0,0,0,0,,2024-04-30 14:57:53
3255,317,0,5,5,5,0,0,0,0,,2024-07-09 11:53:06
3256,688,0,5,5,5,0,0,0,0,,2026-06-04 02:46:48
3257,1855,0,0,0,0,0,0,0,0,,2025-12-17 06:04:34
3258,205,0,0,0,0,0,0,0,0,,2025-03-09 22:27:06
3259,3321,0,0,0,0,0,0,0,0,,2026-02-18 15:44:57
3260,1435,14,25,25,25,0,0,0,0,,2024-12-27 03:43:58
3261,206,5,5,5,5,0,0,0,0,,2026-02-24 00:50:37
3262,211,0,0,0,0,0,0,0,0,,2024-09-25 01:51:59
3263,3485,0,0,0,0,0,0,0,0,,2025-05-31 14:20:52
3264,3148,0,0,0,0,0,0,0,0,,2024-08-15 04:11:19
3265,3423,0,0,0,0,0,0,0,0,,2024-06-08 20:12:12
3266,1221,0,0,0,0,0,0,0,0,,2024-08-17 14:49:45
3267,208,0,15,15,15,0,0,0,0,,2025-06-30 00:12:27
3268,1376,0,0,0,0,0,0,0,0,,2025-11-10 10:28:42
3269,3744,0,0,5,5,0,0,0,0,,2025-06-03 01:56:28
3270,3795,0,0,0,0,0,0,0,0,,2025-02-07 01:44:33
3271,67,0,0,15,15,0,0,0,0,,2025-12-03 22:44:54
3272,2369,0,0,0,0,0,0,0,0,,2025-04-05 04:45:52
3273,1209,0,0,0,0,0,0,0,0,,2026-01-29 22:54:41
3274,150,0,0,0,0,0,0,0,0,,2024-09-09 09:43:29
3275,4012,0,15,15,15,0,0,0,0,,2024-12-19 01:23:23
3276,3273,0,0,0,0,0,0,0,0,,2025-02-02 05:55:37
3277,419,0,5,5,5,0,0,0,0,,2024-04-01 07:13:33
3278,941,0,8,15,15,0,0,0,0,,2024-05-13 19:48:45
3279,1616,0,0,0,0,0,0,0,0,,2025-07-15 13:01:16
3280,2624,0,0,5,5,0,0,0,0,,2024-09-30 01:20:28
3281,2189,0,0,0,0,0,0,0,0,,2025-04-10 07:01:31
3282,4354,0,25,25,25,0,0,0,0,,2025-10-20 02:20:43
3283,1104,0,0,5,5,0,0,0,0,,2025-04-12 16:25:21
3284,4454,0,0,5,5,0,0,0,0,,2024-06-20 11:24:19
3285,4149,0,2,30,30,0,0,1,1,2024-09-16 16:33:28,
3286,2800,0,2,15,15,0,0,0,0,,2024-03-29 05:29:39
3287,2581,0,0,5,5,0,0,0,0,,2025-04-24 22:04:09
3288,3246,0,0,0,0,0,0,0,0,,2025-10-03 06:12:07
3289,4341,0,0,0,0,0,0,0,0,,2025-09-26 17:47:15
3290,2525,0,0,0,0,0,0,0,0,,2025-09-09 00:01:26
3291,854,0,0,0,0,0,0,0,0,,2025-04-13 05:37:06
3292,3032,0,0,0,0,0,0,0,0,,2024-03-07 01:20:35
3293,1076,15,15,15,15,0,0,0,0,,2024-09-08 17:42:25
3294,1196,0,15,15,15,0,0,0,0,,2024-11-14 04:02:49
3295,4298,0,0,0,0,0,0,0,0,,2025-05-16 00:04:34
3296,4210,0,0,0,0,0,0,0,0,,2025-03-08 08:28:13
3297,3581,0,0,0,0,0,0,0,0,,2025-07-15 12:07:40
3298,889,0,0,15,15,0,0,0,0,,2024-09-20 04:12:05
3299,3713,0,0,0,0,0,0,0,0,,2025-06-06 16:22:29
3300,3281,15,15,15,15,0,0,0,0,,2025-06-04 19:10:43
3301,381,2,15,15,15,0,0,0,0,,2024-06-15 08:34:16
3302,655,28,58,60,60,0,1,1,1,2024-06-20 18:35:56,
3303,3969,0,0,0,0,0,0,0,0,,2024-07-08 08:58:44
3304,451,0,0,0,0,0,0,0,0,,2024-12-09 12:42:37
3305,4645,0,15,15,15,0,0,0,0,,2024-10-22 21:46:08
3306,3813,0,0,0,0,0,0,0,0,,2024-10-12 14:55:04
3307,205,0,0,0,0,0,0,0,0,,2024-10-14 14:47:04
3308,344,0,0,0,0,0,0,0,0,,2024-10-27 15:06:18
3309,1595,0,0,0,0,0,0,0,0,,2024-09-13 23:05:24
3310,348,0,5,15,15,0,0,0,0,,2024-12-06 17:00:41
3311,747,0,0,0,0,0,0,0,0,,2025-09-24 11:05:03
3312,3747,0,0,0,0,0,0,0,0,,2024-08-18 03:28:05
3313,2615,0,0,0,0,0,0,0,0,,2026-01-22 15:37:15
3314,4910,0,0,0,0,0,0,0,0,,2025-12-21 20:08:07
3315,1473,0,5,5,5,0,0,0,0,,2026-05-13 10:09:51
3316,2204,13,15,15,15,0,0,0,0,,2026-03-01 22:58:52
3317,3712,0,0,0,0,0,0,0,0,,2024-10-25 13:55:50
3318,2439,2,25,25,25,0,0,0,0,,2025-03-31 05:32:01
3319,4096,0,0,0,0,0,0,0,0,,2026-04-02 01:13:53
3320,4817,0,0,0,0,0,0,0,0,,2025-08-10 16:31:08
3321,1544,0,0,0,0,0,0,0,0,,2025-06-09 19:25:20
3322,4296,0,0,0,0,0,0,0,0,,2025-01-19 12:53:55
3323,2999,0,5,5,5,0,0,0,0,,2024-11-23 04:42:54
3324,3540,0,0,0,0,0,0,0,0,,2024-06-10 04:31:28
3325,982,0,0,0,0,0,0,0,0,,2025-02-12 06:52:55
3326,1615,0,0,0,0,0,0,0,0,,2025-01-25 07:05:05
3327,3017,0,0,0,0,0,0,0,0,,2025-09-07 14:57:15
3328,1267,0,0,0,0,0,0,0,0,,2025-06-15 12:55:46
3329,3727,0,0,0,0,0,0,0,0,,2025-03-11 04:39:08
3330,694,0,0,0,0,0,0,0,0,,2024-08-15 12:42:23
3331,4922,0,0,0,0,0,0,0,0,,2024-07-16 06:47:28
3332,771,0,0,0,0,0,0,0,0,,2025-03-09 18:01:50
3333,923,0,0,0,0,0,0,0,0,,2025-08-22 02:10:20
3334,822,0,0,30,60,0,0,1,1,2025-04-30 21:11:20,
3335,3368,0,0,0,0,0,0,0,0,,2025-02-11 12:28:04
3336,4811,0,0,0,0,0,0,0,0,,2024-06-23 14:35:32
3337,1229,0,0,0,0,0,0,0,0,,2024-06-03 05:35:47
3338,1709,0,0,0,0,0,0,0,0,,2024-09-02 19:59:19
3339,1393,0,24,25,25,0,0,0,0,,2026-03-15 15:05:20
3340,302,0,0,15,15,0,0,0,0,,2025-05-13 03:00:26
3341,4758,0,0,0,0,0,0,0,0,,2025-04-26 13:10:22
3342,4077,0,0,0,0,0,0,0,0,,2024-09-07 18:19:54
3343,4094,5,5,5,5,0,0,0,0,,2024-05-24 13:20:33
3344,1972,0,0,0,0,0,0,0,0,,2024-11-12 17:47:16
3345,3126,0,0,5,5,0,0,0,0,,2025-01-31 17:16:15
3346,1793,0,0,0,0,0,0,0,0,,2024-10-13 00:24:55
3347,336,0,0,0,0,0,0,0,0,,2024-09-25 06:58:21
