loan_id,app_id,user_id,disburse_dt,principal,term_days,apr,first_due_dt
1,1,1963,2025-08-19 18:49:12,1702,7,0.222,2025-08-27 18:49:12
2,2,922,2024-12-23 06:31:57,3025,90,0.194,2025-01-21 06:31:57
3,4,689,2025-10-12 13:51:31,2481,30,0.239,2025-10-26 13:51:31
4,5,2570,2025-05-08 17:12:02,2480,30,0.341,2025-05-22 17:12:02
5,7,4998,2024-02-08 21:02:27,2042,90,0.299,2024-03-08 21:02:27
6,8,129,2024-10-17 13:50:22,1746,21,0.148,2024-10-29 13:50:22
7,12,1101,2024-11-15 12:06:55,2646,120,0.317,2024-12-22 12:06:55
8,15,4273,2025-03-12 10:45:35,4578,14,0.175,2025-03-22 10:45:35
9,21,3931,2025-01-06 23:35:09,4762,14,0.242,2025-01-16 23:35:09
10,22,2099,2024-05-12 09:04:02,974,14,0.228,2024-05-22 09:04:02
11,24,1393,2025-06-27 04:10:42,1697,7,0.217,2025-07-05 04:10:42
12,25,1192,2024-08-08 03:51:33,887,90,0.248,2024-09-06 03:51:33
13,27,3971,2025-01-27 10:55:45,3510,120,0.319,2025-03-05 10:55:45
14,31,120,2025-06-04 16:37:00,4716,14,0.192,2025-06-14 16:37:00
15,32,3504,2024-09-16 11:08:36,1042,60,0.208,2024-10-08 11:08:36
16,33,1344,2024-10-27 14:01:35,3378,30,0.245,2024-11-10 14:01:35
17,35,227,2024-10-09 15:21:36,675,180,0.196,2024-11-30 15:21:36
18,40,3703,2025-11-12 22:28:31,1393,60,0.314,2025-12-04 22:28:31
19,42,2590,2025-05-26 11:26:21,1930,60,0.215,2025-06-17 11:26:21
20,43,4769,2024-08-06 15:00:36,1005,90,0.213,2024-09-04 15:00:36
21,44,63,2024-05-10 01:42:49,1538,7,0.204,2024-05-18 01:42:49
22,46,4699,2024-06-25 18:14:24,664,21,0.292,2024-07-07 18:14:24
23,48,618,2025-03-01 03:31:23,2069,90,0.207,2025-03-30 03:31:23
24,50,3902,2024-12-23 13:44:45,2315,30,0.215,2025-01-06 13:44:45
25,52,4731,2025-01-05 06:56:50,2400,7,0.227,2025-01-13 06:56:50
26,53,4380,2024-12-25 09:12:50,2649,14,0.253,2025-01-04 09:12:50
27,54,3643,2024-12-23 10:21:35,3150,90,0.224,2025-01-21 10:21:35
28,55,4620,2025-01-02 12:04:00,1942,7,0.224,2025-01-10 12:04:00
29,58,1402,2024-03-26 04:35:09,1825,7,0.295,2024-04-03 04:35:09
30,59,1352,2025-08-04 08:04:40,4538,90,0.349,2025-09-02 08:04:40
31,63,3536,2025-02-05 23:46:13,1242,180,0.23,2025-03-29 23:46:13
32,64,1113,2025-04-06 13:13:58,3298,90,0.18,2025-05-05 13:13:58
33,68,1135,2025-08-11 18:41:25,2297,120,0.268,2025-09-17 18:41:25
34,70,3037,2025-08-20 18:27:14,3419,120,0.239,2025-09-26 18:27:14
35,72,3064,2024-08-16 04:48:16,2696,7,0.26,2024-08-24 04:48:16
36,76,3910,2025-09-03 07:31:25,4862,60,0.263,2025-09-25 07:31:25
37,77,1613,2025-12-25 14:33:05,1528,14,0.288,2026-01-04 14:33:05
38,78,3238,2024-12-15 19:36:40,613,30,0.284,2024-12-29 19:36:40
39,84,4243,2025-07-15 10:10:46,512,30,0.199,2025-07-29 10:10:46
40,86,997,2024-05-23 14:22:48,1851,21,0.24,2024-06-04 14:22:48
41,89,991,2024-03-02 15:44:47,2806,60,0.213,2024-03-24 15:44:47
42,94,3628,2024-05-12 08:23:21,1966,120,0.341,2024-06-18 08:23:21
43,96,898,2024-09-28 07:24:13,4312,60,0.237,2024-10-20 07:24:13
44,97,2302,2024-02-18 07:38:32,2059,180,0.279,2024-04-10 07:38:32
45,101,818,2024-08-27 05:00:21,2760,14,0.193,2024-09-06 05:00:21
46,104,1834,2024-03-23 21:28:05,3851,14,0.139,2024-04-02 21:28:05
47,105,3762,2024-12-25 17:49:22,2319,21,0.226,2025-01-06 17:49:22
48,112,140,2025-08-21 06:44:49,3686,120,0.182,2025-09-27 06:44:49
49,113,2586,2025-10-24 00:34:31,4784,21,0.193,2025-11-05 00:34:31
50,115,1894,2024-09-20 19:07:58,4148,120,0.246,2024-10-27 19:07:58
51,116,4490,2024-09-12 15:38:06,3929,21,0.3,2024-09-24 15:38:06
52,117,1838,2024-07-30 00:34:08,855,14,0.228,2024-08-09 00:34:08
53,124,4146,2024-02-13 04:24:42,2233,180,0.295,2024-04-05 04:24:42
54,125,4567,2025-09-19 15:52:14,2587,30,0.23,2025-10-03 15:52:14
55,127,3342,2025-01-11 02:12:55,3224,21,0.157,2025-01-23 02:12:55
56,128,1299,2025-04-27 12:10:35,1003,14,0.208,2025-05-07 12:10:35
57,129,4714,2024-09-07 23:08:45,3003,60,0.333,2024-09-29 23:08:45
58,131,4348,2025-08-12 12:54:04,2250,21,0.247,2025-08-24 12:54:04
59,132,870,2025-01-26 05:49:25,1387,180,0.161,2025-03-19 05:49:25
60,133,2142,2025-07-07 04:44:34,4978,180,0.16,2025-08-28 04:44:34
61,134,4879,2025-06-11 22:46:02,4551,21,0.239,2025-06-23 22:46:02
62,135,2604,2024-06-04 00:43:02,4375,21,0.2,2024-06-16 00:43:02
63,136,3097,2025-09-29 21:22:15,3407,7,0.298,2025-10-07 21:22:15
64,137,1787,2025-10-20 22:22:27,967,90,0.198,2025-11-18 22:22:27
65,138,2811,2025-08-21 02:27:08,2876,30,0.319,2025-09-04 02:27:08
66,140,293,2025-04-17 09:03:51,3010,14,0.244,2025-04-27 09:03:51
67,141,524,2025-07-11 12:20:05,719,60,0.234,2025-08-02 12:20:05
68,143,4822,2025-11-05 11:13:30,1898,60,0.194,2025-11-27 11:13:30
69,145,4565,2025-10-14 20:07:11,1054,14,0.259,2025-10-24 20:07:11
70,148,2871,2025-08-08 06:14:33,1147,7,0.28,2025-08-16 06:14:33
71,154,437,2025-01-22 01:45:01,4374,30,0.225,2025-02-05 01:45:01
72,155,4805,2025-08-08 19:49:09,1231,21,0.218,2025-08-20 19:49:09
73,156,2401,2024-12-10 11:11:20,2828,14,0.296,2024-12-20 11:11:20
74,157,3398,2024-04-24 19:34:53,3660,14,0.27,2024-05-04 19:34:53
75,159,754,2024-11-02 07:45:10,859,60,0.36,2024-11-24 07:45:10
76,160,3949,2024-06-25 11:23:44,2935,21,0.245,2024-07-07 11:23:44
77,161,2045,2025-11-27 06:21:07,1768,21,0.25,2025-12-09 06:21:07
78,164,4823,2025-11-25 08:21:52,2368,21,0.185,2025-12-07 08:21:52
79,166,949,2024-03-27 21:59:05,3508,30,0.199,2024-04-10 21:59:05
80,168,4204,2024-05-30 22:06:09,864,30,0.287,2024-06-13 22:06:09
81,169,4265,2025-04-14 13:01:14,4971,60,0.178,2025-05-06 13:01:14
82,174,3608,2024-05-02 13:39:26,4446,180,0.289,2024-06-23 13:39:26
83,175,4630,2025-02-28 05:01:45,588,60,0.231,2025-03-22 05:01:45
84,176,2023,2025-05-18 08:38:21,1171,90,0.343,2025-06-16 08:38:21
85,179,2979,2025-02-10 21:09:47,805,60,0.279,2025-03-04 21:09:47
86,180,1676,2024-12-29 08:25:07,3036,180,0.181,2025-02-19 08:25:07
87,183,3742,2025-12-13 23:13:35,3219,21,0.182,2025-12-25 23:13:35
88,187,4820,2025-01-15 11:11:31,4570,30,0.172,2025-01-29 11:11:31
89,188,4436,2024-06-30 13:16:17,2768,180,0.322,2024-08-21 13:16:17
90,191,1523,2024-07-12 00:18:11,3838,30,0.254,2024-07-26 00:18:11
91,194,2450,2025-07-08 02:36:10,2101,7,0.24,2025-07-16 02:36:10
92,198,4270,2024-07-14 07:32:55,4426,30,0.266,2024-07-28 07:32:55
93,201,3777,2025-09-06 04:16:26,993,21,0.175,2025-09-18 04:16:26
94,202,559,2024-09-25 16:59:08,707,30,0.234,2024-10-09 16:59:08
95,204,1836,2025-06-04 03:36:42,1514,30,0.24,2025-06-18 03:36:42
96,206,2845,2024-09-03 10:03:56,2528,90,0.349,2024-10-02 10:03:56
97,208,2582,2024-02-28 06:14:43,2954,60,0.252,2024-03-21 06:14:43
98,209,564,2025-12-02 15:52:15,2236,30,0.3,2025-12-16 15:52:15
99,210,4087,2024-07-28 06:57:22,3615,60,0.28,2024-08-19 06:57:22
100,211,3569,2024-03-25 15:10:51,739,30,0.257,2024-04-08 15:10:51
101,215,1436,2025-12-18 02:14:40,3180,14,0.148,2025-12-28 02:14:40
102,216,4839,2024-04-19 20:06:23,2226,21,0.264,2024-05-01 20:06:23
103,217,2949,2024-07-21 18:14:16,3128,30,0.198,2024-08-04 18:14:16
104,218,2288,2024-08-14 14:41:41,3348,60,0.194,2024-09-05 14:41:41
105,221,407,2024-09-05 01:01:46,4319,120,0.191,2024-10-12 01:01:46
106,222,874,2025-06-15 13:19:11,851,21,0.265,2025-06-27 13:19:11
107,223,1063,2025-02-13 08:57:50,1127,60,0.226,2025-03-07 08:57:50
108,228,3750,2024-03-06 21:03:55,1425,30,0.262,2024-03-20 21:03:55
109,231,2980,2024-06-12 23:01:01,3135,60,0.191,2024-07-04 23:01:01
110,233,4294,2024-07-25 19:19:28,3989,21,0.216,2024-08-06 19:19:28
111,239,1508,2025-05-07 23:48:54,3021,21,0.253,2025-05-19 23:48:54
112,241,4289,2024-06-25 17:40:13,4067,60,0.165,2024-07-17 17:40:13
113,242,467,2025-04-17 22:26:35,3060,7,0.25,2025-04-25 22:26:35
114,243,4046,2025-02-18 04:09:49,782,21,0.226,2025-03-02 04:09:49
115,244,672,2024-08-02 05:45:31,4484,14,0.264,2024-08-12 05:45:31
116,245,4163,2024-02-03 03:38:33,3314,60,0.212,2024-02-25 03:38:33
117,248,3294,2024-12-12 22:01:12,2435,14,0.28,2024-12-22 22:01:12
118,249,830,2025-11-18 11:16:44,919,14,0.228,2025-11-28 11:16:44
119,250,3062,2025-07-28 09:21:13,3870,120,0.19,2025-09-03 09:21:13
120,251,258,2024-10-11 01:03:45,1783,7,0.253,2024-10-19 01:03:45
121,253,1830,2024-08-29 22:28:12,4176,30,0.253,2024-09-12 22:28:12
122,254,3441,2024-11-27 01:50:19,1252,30,0.239,2024-12-11 01:50:19
123,255,944,2024-07-18 21:32:50,2815,7,0.268,2024-07-26 21:32:50
124,256,2749,2024-12-29 07:14:21,2269,14,0.303,2025-01-08 07:14:21
125,257,1921,2024-09-24 11:48:27,2337,180,0.247,2024-11-15 11:48:27
126,259,2318,2025-10-12 14:01:25,2499,120,0.282,2025-11-18 14:01:25
127,265,1231,2024-05-08 13:42:50,3004,30,0.283,2024-05-22 13:42:50
128,266,3673,2024-06-02 03:32:23,3440,90,0.186,2024-07-01 03:32:23
129,267,57,2025-12-12 03:08:34,1979,14,0.168,2025-12-22 03:08:34
130,269,1071,2024-07-14 00:45:48,3902,90,0.188,2024-08-12 00:45:48
131,270,3811,2024-12-20 21:58:47,4194,120,0.266,2025-01-26 21:58:47
132,274,2545,2025-02-18 12:44:43,4861,120,0.296,2025-03-27 12:44:43
133,275,382,2024-04-20 18:54:45,2974,7,0.342,2024-04-28 18:54:45
134,280,1220,2024-05-21 03:13:17,2592,90,0.225,2024-06-19 03:13:17
135,284,4840,2024-04-01 10:34:20,763,120,0.248,2024-05-08 10:34:20
136,288,836,2025-10-24 00:43:42,4210,30,0.188,2025-11-07 00:43:42
137,292,1665,2025-09-12 21:13:15,1968,7,0.198,2025-09-20 21:13:15
138,294,4520,2024-12-01 00:56:02,3415,7,0.303,2024-12-09 00:56:02
139,298,2094,2024-10-25 13:15:10,2532,30,0.264,2024-11-08 13:15:10
140,299,3075,2024-09-03 13:21:31,1444,120,0.211,2024-10-10 13:21:31
141,305,2977,2024-10-22 20:29:55,2450,30,0.263,2024-11-05 20:29:55
142,306,1068,2025-08-20 08:20:52,3078,14,0.276,2025-08-30 08:20:52
143,307,3743,2025-01-17 21:39:21,3960,14,0.261,2025-01-27 21:39:21
144,310,777,2025-02-16 14:44:49,3744,14,0.209,2025-02-26 14:44:49
145,317,4431,2024-02-12 16:16:52,2316,180,0.295,2024-04-04 16:16:52
146,318,4141,2024-10-02 21:27:27,2018,21,0.203,2024-10-14 21:27:27
147,321,1873,2025-01-21 12:00:51,3204,7,0.277,2025-01-29 12:00:51
148,322,3799,2025-04-21 18:09:27,4673,90,0.3,2025-05-20 18:09:27
149,325,2349,2024-10-14 03:00:34,1975,60,0.295,2024-11-05 03:00:34
150,326,1809,2024-06-25 17:09:07,3212,14,0.239,2024-07-05 17:09:07
151,327,1473,2025-09-10 05:16:20,3174,21,0.281,2025-09-22 05:16:20
152,328,3823,2025-01-22 12:09:56,4798,30,0.231,2025-02-05 12:09:56
153,332,58,2025-09-11 19:20:54,3006,180,0.216,2025-11-02 19:20:54
154,333,1665,2025-01-21 21:02:10,4397,21,0.173,2025-02-02 21:02:10
155,334,1212,2025-07-19 22:00:07,2774,14,0.102,2025-07-29 22:00:07
156,342,3890,2025-10-07 06:02:23,3825,30,0.152,2025-10-21 06:02:23
157,346,64,2024-08-04 15:37:33,4106,7,0.289,2024-08-12 15:37:33
158,347,4890,2024-03-31 22:10:26,2172,60,0.254,2024-04-22 22:10:26
159,348,4357,2024-09-16 16:40:11,1825,30,0.28,2024-09-30 16:40:11
160,350,4702,2025-03-16 07:23:16,1091,180,0.207,2025-05-07 07:23:16
161,351,1171,2024-03-08 03:43:28,1099,90,0.249,2024-04-06 03:43:28
162,352,4602,2025-07-15 15:40:18,788,90,0.284,2025-08-13 15:40:18
163,353,3728,2024-11-07 05:21:15,1519,7,0.264,2024-11-15 05:21:15
164,355,2945,2024-10-30 22:21:07,1017,7,0.208,2024-11-07 22:21:07
165,356,4338,2024-11-28 10:21:12,2436,21,0.151,2024-12-10 10:21:12
166,358,355,2024-10-03 17:24:07,2085,180,0.218,2024-11-24 17:24:07
167,359,2568,2024-10-01 05:39:08,2279,21,0.195,2024-10-13 05:39:08
168,366,1926,2024-07-19 00:39:30,775,60,0.231,2024-08-10 00:39:30
169,368,3326,2024-03-10 07:28:51,3520,180,0.147,2024-05-01 07:28:51
170,369,3238,2025-07-11 10:11:59,4953,21,0.191,2025-07-23 10:11:59
171,372,4298,2024-02-01 06:42:10,1396,120,0.292,2024-03-09 06:42:10
172,378,3532,2024-09-06 04:01:16,3215,180,0.258,2024-10-28 04:01:16
173,379,3016,2024-02-19 10:33:31,2648,120,0.232,2024-03-27 10:33:31
174,384,1539,2024-02-19 22:18:13,3188,21,0.286,2024-03-02 22:18:13
175,385,3365,2025-03-08 23:48:29,2806,90,0.233,2025-04-06 23:48:29
176,387,4420,2025-12-22 11:22:43,2584,90,0.214,2026-01-20 11:22:43
177,389,1070,2025-08-29 03:55:05,4286,30,0.267,2025-09-12 03:55:05
178,392,4766,2024-09-09 14:40:50,2080,30,0.222,2024-09-23 14:40:50
179,396,2922,2025-03-06 08:13:25,1944,14,0.237,2025-03-16 08:13:25
180,397,4510,2024-03-21 18:56:20,4616,120,0.254,2024-04-27 18:56:20
181,398,4334,2025-01-23 18:23:26,1078,21,0.301,2025-02-04 18:23:26
182,400,1285,2024-08-07 05:19:30,4816,30,0.154,2024-08-21 05:19:30
183,404,3652,2025-09-12 16:15:22,1702,60,0.178,2025-10-04 16:15:22
184,410,1598,2024-11-20 23:13:58,1065,7,0.131,2024-11-28 23:13:58
185,411,2911,2024-11-20 02:13:34,3979,180,0.238,2025-01-11 02:13:34
186,413,4112,2024-02-15 02:53:22,1339,21,0.265,2024-02-27 02:53:22
187,414,4052,2024-03-02 18:53:29,4559,14,0.26,2024-03-12 18:53:29
188,415,1013,2025-06-19 12:11:11,2749,90,0.284,2025-07-18 12:11:11
189,417,4075,2025-11-02 15:26:29,1048,60,0.302,2025-11-24 15:26:29
190,418,3565,2025-09-03 16:31:26,1095,180,0.306,2025-10-25 16:31:26
191,419,491,2025-06-16 06:58:53,2901,90,0.237,2025-07-15 06:58:53
192,423,4543,2024-11-26 09:53:22,4698,120,0.243,2025-01-02 09:53:22
193,426,685,2024-04-21 19:08:01,3604,90,0.243,2024-05-20 19:08:01
194,430,3890,2025-09-25 16:42:21,4751,90,0.23,2025-10-24 16:42:21
195,431,2452,2025-09-26 14:32:58,2164,14,0.255,2025-10-06 14:32:58
196,432,2284,2025-04-24 17:10:06,3122,60,0.234,2025-05-16 17:10:06
197,433,319,2024-12-17 04:02:17,1454,180,0.205,2025-02-07 04:02:17
198,436,402,2025-05-12 05:59:59,2189,120,0.307,2025-06-18 05:59:59
199,438,1728,2025-04-01 18:55:17,1931,7,0.153,2025-04-09 18:55:17
200,441,1677,2025-04-09 15:56:38,3817,60,0.196,2025-05-01 15:56:38
201,442,4107,2024-11-20 18:12:45,1610,21,0.216,2024-12-02 18:12:45
202,445,2711,2024-10-19 04:29:48,2888,21,0.212,2024-10-31 04:29:48
203,448,4699,2025-12-03 14:51:38,643,21,0.125,2025-12-15 14:51:38
204,452,3124,2025-12-18 00:00:54,4989,7,0.29,2025-12-26 00:00:54
205,453,1229,2025-08-10 08:35:11,2678,90,0.202,2025-09-08 08:35:11
206,454,1616,2024-03-13 08:49:52,616,90,0.288,2024-04-11 08:49:52
207,455,4440,2025-03-29 09:59:56,1591,60,0.196,2025-04-20 09:59:56
208,456,1839,2025-11-02 01:40:08,2037,21,0.286,2025-11-14 01:40:08
209,457,2212,2024-06-13 06:52:18,866,14,0.299,2024-06-23 06:52:18
210,460,874,2025-11-13 04:48:28,4482,14,0.235,2025-11-23 04:48:28
211,462,3396,2025-03-09 15:06:30,2030,120,0.27,2025-04-15 15:06:30
212,464,2056,2024-09-26 18:36:08,4039,14,0.198,2024-10-06 18:36:08
213,467,2751,2025-12-18 10:38:48,677,90,0.117,2026-01-16 10:38:48
214,469,2859,2024-12-22 09:27:31,4826,120,0.202,2025-01-28 09:27:31
215,471,4084,2025-12-04 04:02:05,2208,14,0.252,2025-12-14 04:02:05
216,472,1484,2024-12-20 13:17:51,4765,90,0.296,2025-01-18 13:17:51
217,473,4441,2025-03-31 00:05:12,1821,7,0.301,2025-04-08 00:05:12
218,475,830,2025-11-27 03:18:07,3365,14,0.267,2025-12-07 03:18:07
219,477,4804,2024-06-23 22:26:31,4261,180,0.225,2024-08-14 22:26:31
220,479,4991,2024-12-21 14:28:31,4501,180,0.269,2025-02-11 14:28:31
221,481,3203,2024-11-19 18:13:11,1679,7,0.294,2024-11-27 18:13:11
222,482,1193,2024-03-19 01:53:00,3781,14,0.18,2024-03-29 01:53:00
223,484,3765,2025-08-28 02:28:02,4487,21,0.296,2025-09-09 02:28:02
224,485,262,2025-02-02 06:48:14,3476,7,0.221,2025-02-10 06:48:14
225,486,2639,2025-02-17 14:06:31,751,21,0.252,2025-03-01 14:06:31
226,487,4660,2025-11-05 17:28:03,1996,180,0.218,2025-12-27 17:28:03
227,488,1473,2025-10-18 08:59:44,2984,180,0.176,2025-12-09 08:59:44
228,495,2553,2025-01-16 23:53:47,2998,21,0.311,2025-01-28 23:53:47
229,497,3871,2024-07-11 01:04:02,2588,14,0.298,2024-07-21 01:04:02
230,499,2516,2025-04-04 10:16:00,3752,90,0.263,2025-05-03 10:16:00
231,502,2066,2024-10-30 13:59:20,2731,90,0.281,2024-11-28 13:59:20
232,503,293,2024-03-20 08:01:02,4827,120,0.207,2024-04-26 08:01:02
233,504,3867,2025-08-29 17:04:48,971,30,0.226,2025-09-12 17:04:48
234,506,1255,2024-10-05 23:56:10,4265,21,0.143,2024-10-17 23:56:10
235,508,2219,2024-02-03 10:10:32,3224,90,0.219,2024-03-03 10:10:32
236,509,3821,2025-02-24 14:42:22,3793,90,0.259,2025-03-25 14:42:22
237,516,901,2024-12-25 20:36:34,3139,14,0.217,2025-01-04 20:36:34
238,517,3731,2024-12-20 20:34:25,1635,30,0.293,2025-01-03 20:34:25
239,520,4432,2024-10-25 03:56:09,4705,120,0.323,2024-12-01 03:56:09
240,521,1125,2025-01-07 05:38:50,1255,180,0.227,2025-02-28 05:38:50
241,523,1131,2025-04-02 23:26:02,4659,90,0.241,2025-05-01 23:26:02
242,526,559,2025-08-10 09:17:31,4023,30,0.293,2025-08-24 09:17:31
243,528,3717,2024-08-05 21:20:17,1856,7,0.195,2024-08-13 21:20:17
244,529,1072,2024-07-09 02:31:57,4280,60,0.254,2024-07-31 02:31:57
245,531,808,2024-05-06 08:46:48,3169,60,0.201,2024-05-28 08:46:48
246,532,4998,2024-09-08 15:49:11,1477,120,0.314,2024-10-15 15:49:11
247,534,2761,2024-05-12 13:07:25,802,90,0.254,2024-06-10 13:07:25
248,537,4138,2025-01-23 01:01:13,3045,120,0.281,2025-03-01 01:01:13
249,538,1924,2024-06-20 00:56:13,1860,30,0.2,2024-07-04 00:56:13
250,540,2816,2024-10-31 15:47:50,1962,7,0.129,2024-11-08 15:47:50
251,543,1547,2024-05-08 04:20:12,3747,7,0.238,2024-05-16 04:20:12
252,544,1543,2025-11-23 14:22:51,2382,180,0.186,2026-01-14 14:22:51
253,547,4994,2025-12-17 10:36:54,2495,21,0.232,2025-12-29 10:36:54
254,553,3790,2024-10-16 15:02:27,3664,7,0.299,2024-10-24 15:02:27
255,555,4629,2024-10-22 19:02:13,4206,180,0.344,2024-12-13 19:02:13
256,556,2401,2025-08-08 22:49:54,4750,14,0.254,2025-08-18 22:49:54
257,558,4009,2024-06-19 07:18:04,2881,14,0.163,2024-06-29 07:18:04
258,562,4110,2024-03-02 21:18:05,3361,14,0.242,2024-03-12 21:18:05
259,563,926,2024-10-16 14:33:37,2793,120,0.247,2024-11-22 14:33:37
260,566,4670,2025-07-09 20:41:28,4761,14,0.228,2025-07-19 20:41:28
261,568,4709,2025-05-11 00:25:48,3585,120,0.228,2025-06-17 00:25:48
262,569,3636,2025-05-15 21:18:03,4488,60,0.203,2025-06-06 21:18:03
263,570,1466,2025-09-29 05:10:47,4704,180,0.231,2025-11-20 05:10:47
264,571,2511,2024-06-05 06:00:26,2860,180,0.215,2024-07-27 06:00:26
265,574,4112,2024-07-02 21:46:46,4860,120,0.223,2024-08-08 21:46:46
266,581,42,2025-11-09 15:57:17,875,30,0.184,2025-11-23 15:57:17
267,582,4177,2024-05-31 22:40:39,2808,90,0.218,2024-06-29 22:40:39
268,584,944,2025-03-26 08:01:38,2426,30,0.285,2025-04-09 08:01:38
269,585,4476,2025-02-25 16:01:51,4872,30,0.244,2025-03-11 16:01:51
270,586,4123,2024-04-21 11:02:43,1688,30,0.304,2024-05-05 11:02:43
271,588,4010,2024-04-12 01:13:07,771,21,0.258,2024-04-24 01:13:07
272,590,4672,2024-01-31 20:00:59,2462,180,0.195,2024-03-23 20:00:59
273,593,2920,2024-05-05 11:42:26,3626,180,0.183,2024-06-26 11:42:26
274,595,703,2025-08-20 14:05:40,2388,60,0.237,2025-09-11 14:05:40
275,596,3647,2024-10-19 00:48:38,4317,120,0.172,2024-11-25 00:48:38
276,600,1442,2025-09-25 02:02:13,2766,60,0.222,2025-10-17 02:02:13
277,601,2318,2025-05-15 19:59:49,2927,14,0.262,2025-05-25 19:59:49
278,602,4474,2024-04-03 04:55:13,898,14,0.26,2024-04-13 04:55:13
279,604,988,2025-06-01 17:37:32,1542,14,0.288,2025-06-11 17:37:32
280,605,362,2025-06-02 03:19:29,4263,21,0.225,2025-06-14 03:19:29
281,608,2430,2025-01-02 16:52:19,4166,90,0.292,2025-01-31 16:52:19
282,609,4577,2025-04-04 02:20:46,884,60,0.257,2025-04-26 02:20:46
283,610,481,2024-06-20 07:25:01,2481,30,0.291,2024-07-04 07:25:01
284,611,231,2024-10-02 13:12:41,2848,7,0.231,2024-10-10 13:12:41
285,614,1380,2025-10-12 19:31:05,1338,14,0.247,2025-10-22 19:31:05
286,619,4336,2024-05-21 06:35:02,1392,180,0.228,2024-07-12 06:35:02
287,623,3955,2025-07-16 05:38:04,922,90,0.217,2025-08-14 05:38:04
288,626,3086,2025-06-21 23:28:49,4268,180,0.189,2025-08-12 23:28:49
289,628,3319,2024-01-25 21:33:46,616,21,0.292,2024-02-06 21:33:46
290,630,3359,2024-02-09 23:28:38,2840,90,0.215,2024-03-09 23:28:38
291,632,1676,2024-02-05 08:26:27,2552,60,0.318,2024-02-27 08:26:27
292,634,1340,2024-02-28 15:42:29,2409,30,0.3,2024-03-13 15:42:29
293,635,2282,2025-04-23 06:18:00,1407,120,0.309,2025-05-30 06:18:00
294,636,4598,2024-07-04 10:08:27,3304,90,0.202,2024-08-02 10:08:27
295,644,1321,2025-08-24 08:25:33,2855,21,0.171,2025-09-05 08:25:33
296,646,2707,2025-11-24 17:42:06,1543,180,0.224,2026-01-15 17:42:06
297,652,2037,2024-05-26 22:51:27,1885,120,0.229,2024-07-02 22:51:27
298,656,4756,2024-12-10 22:14:20,2281,14,0.21,2024-12-20 22:14:20
299,664,2879,2024-10-22 11:00:43,3592,14,0.284,2024-11-01 11:00:43
300,666,901,2025-06-25 07:11:34,2924,180,0.223,2025-08-16 07:11:34
301,668,3192,2025-09-03 21:19:25,1860,120,0.281,2025-10-10 21:19:25
302,669,4104,2025-09-11 08:48:15,2583,90,0.187,2025-10-10 08:48:15
303,672,1085,2024-05-01 12:10:18,4073,30,0.314,2024-05-15 12:10:18
304,673,3061,2024-09-09 17:28:43,1311,180,0.261,2024-10-31 17:28:43
305,676,386,2025-02-11 12:02:28,1918,21,0.274,2025-02-23 12:02:28
306,679,2211,2025-12-20 01:17:27,2819,14,0.254,2025-12-30 01:17:27
307,684,4051,2024-11-15 13:46:52,3923,14,0.242,2024-11-25 13:46:52
308,685,2675,2025-04-10 20:52:33,1980,60,0.297,2025-05-02 20:52:33
309,701,538,2024-08-20 05:33:08,2180,60,0.248,2024-09-11 05:33:08
310,702,1177,2024-03-16 06:06:29,1485,60,0.226,2024-04-07 06:06:29
311,704,4076,2025-02-09 06:57:55,4615,30,0.18,2025-02-23 06:57:55
312,709,2459,2025-10-03 06:09:15,4905,7,0.187,2025-10-11 06:09:15
313,714,3948,2024-09-01 00:39:50,4266,21,0.177,2024-09-13 00:39:50
314,718,378,2025-09-26 04:04:28,1909,60,0.314,2025-10-18 04:04:28
315,720,1060,2024-11-17 05:33:09,4962,30,0.245,2024-12-01 05:33:09
316,721,4862,2024-10-04 11:52:20,741,30,0.277,2024-10-18 11:52:20
317,722,4745,2025-09-16 00:56:12,675,90,0.224,2025-10-15 00:56:12
318,728,2409,2024-12-05 20:49:38,3254,120,0.282,2025-01-11 20:49:38
319,729,3777,2025-06-18 05:53:10,3714,7,0.265,2025-06-26 05:53:10
320,731,4096,2024-09-28 08:24:19,3603,21,0.233,2024-10-10 08:24:19
321,732,4750,2024-07-16 21:50:28,4723,14,0.233,2024-07-26 21:50:28
322,735,3785,2025-08-29 09:52:38,2938,14,0.217,2025-09-08 09:52:38
323,742,3084,2025-04-15 22:23:46,4298,7,0.172,2025-04-23 22:23:46
324,743,4640,2025-03-22 04:53:56,3555,14,0.275,2025-04-01 04:53:56
325,744,313,2025-11-03 10:00:32,795,21,0.295,2025-11-15 10:00:32
326,745,2864,2024-09-04 05:13:18,3320,7,0.239,2024-09-12 05:13:18
327,750,3754,2024-04-01 18:09:27,2338,90,0.209,2024-04-30 18:09:27
328,756,3346,2024-09-22 13:02:05,4802,120,0.255,2024-10-29 13:02:05
329,758,2709,2025-11-13 02:05:21,540,180,0.28,2026-01-04 02:05:21
330,761,4599,2024-08-19 05:01:10,1375,7,0.282,2024-08-27 05:01:10
331,762,1946,2025-11-18 08:08:21,3531,120,0.267,2025-12-25 08:08:21
332,763,2787,2025-06-29 12:08:19,508,60,0.176,2025-07-21 12:08:19
333,764,3446,2024-02-18 08:44:32,3458,14,0.294,2024-02-28 08:44:32
334,765,3642,2024-07-01 01:15:11,2715,14,0.287,2024-07-11 01:15:11
335,766,4703,2024-04-25 19:38:10,1690,21,0.271,2024-05-07 19:38:10
336,770,4511,2025-04-26 09:40:49,3991,90,0.221,2025-05-25 09:40:49
337,772,4845,2025-08-01 02:21:59,2892,14,0.332,2025-08-11 02:21:59
338,781,368,2025-03-15 15:57:39,4025,120,0.224,2025-04-21 15:57:39
339,786,3897,2025-03-31 03:53:34,2444,30,0.229,2025-04-14 03:53:34
340,790,3495,2024-08-31 23:18:06,539,90,0.228,2024-09-29 23:18:06
341,791,828,2024-03-11 22:07:37,1088,30,0.233,2024-03-25 22:07:37
342,792,175,2025-05-18 14:02:21,2461,30,0.29,2025-06-01 14:02:21
343,795,1202,2025-03-07 20:45:42,4091,7,0.218,2025-03-15 20:45:42
344,799,3039,2024-05-11 10:48:13,4192,30,0.237,2024-05-25 10:48:13
345,807,3771,2024-02-29 04:51:06,906,7,0.215,2024-03-08 04:51:06
346,815,3396,2024-12-10 22:05:58,3556,90,0.244,2025-01-08 22:05:58
347,816,369,2024-12-09 23:02:24,4217,21,0.271,2024-12-21 23:02:24
348,817,2482,2024-05-30 14:23:53,4377,180,0.267,2024-07-21 14:23:53
349,819,1130,2025-06-07 22:24:42,1051,30,0.127,2025-06-21 22:24:42
350,820,3477,2025-03-17 00:11:10,4139,21,0.218,2025-03-29 00:11:10
351,821,1134,2025-01-14 00:25:01,3797,120,0.319,2025-02-20 00:25:01
352,822,2951,2025-05-21 23:04:34,2659,7,0.281,2025-05-29 23:04:34
353,824,3327,2024-10-17 02:41:18,4127,120,0.219,2024-11-23 02:41:18
354,825,1989,2025-01-06 09:29:12,3723,60,0.289,2025-01-28 09:29:12
355,826,4100,2025-04-21 07:44:51,813,14,0.236,2025-05-01 07:44:51
356,830,630,2025-10-07 19:34:18,2168,90,0.23,2025-11-05 19:34:18
357,831,1017,2024-05-30 10:18:37,3024,180,0.251,2024-07-21 10:18:37
358,832,741,2025-02-28 08:06:00,1082,30,0.215,2025-03-14 08:06:00
359,835,3454,2025-05-13 02:28:09,1636,14,0.332,2025-05-23 02:28:09
360,836,2845,2024-12-01 00:20:28,4861,90,0.36,2024-12-30 00:20:28
361,840,1998,2024-10-29 13:58:53,4920,21,0.209,2024-11-10 13:58:53
362,844,1698,2025-06-19 17:42:41,3617,14,0.287,2025-06-29 17:42:41
363,848,3111,2025-07-27 19:52:24,4666,14,0.284,2025-08-06 19:52:24
364,851,1905,2024-07-16 08:02:52,2125,120,0.188,2024-08-22 08:02:52
365,852,1457,2024-09-03 22:16:41,2639,21,0.243,2024-09-15 22:16:41
366,853,1004,2025-12-21 06:26:08,4388,7,0.285,2025-12-29 06:26:08
367,857,3743,2024-06-28 13:15:24,3480,7,0.228,2024-07-06 13:15:24
368,860,1297,2025-07-04 09:16:38,619,30,0.36,2025-07-18 09:16:38
369,863,2641,2025-07-01 00:07:32,929,7,0.296,2025-07-09 00:07:32
370,865,4216,2024-02-11 03:21:18,3994,30,0.247,2024-02-25 03:21:18
371,866,382,2024-04-24 04:16:17,2058,180,0.257,2024-06-15 04:16:17
372,874,108,2024-09-07 11:23:35,3944,90,0.264,2024-10-06 11:23:35
373,881,4621,2024-03-17 18:59:11,4562,120,0.249,2024-04-23 18:59:11
374,882,3547,2024-10-20 18:00:13,3871,60,0.153,2024-11-11 18:00:13
375,889,4692,2024-04-30 12:27:28,4006,14,0.179,2024-05-10 12:27:28
376,890,163,2025-05-12 21:01:58,912,21,0.22,2025-05-24 21:01:58
377,891,3927,2025-09-18 09:24:54,1361,30,0.226,2025-10-02 09:24:54
378,893,4739,2025-04-24 11:21:04,4432,14,0.248,2025-05-04 11:21:04
379,894,4325,2025-04-18 00:08:01,3779,120,0.162,2025-05-25 00:08:01
380,897,4575,2024-07-21 17:43:09,4223,120,0.315,2024-08-27 17:43:09
381,900,447,2025-07-17 10:38:31,4105,14,0.233,2025-07-27 10:38:31
382,901,3158,2024-11-07 02:35:30,2875,90,0.268,2024-12-06 02:35:30
383,902,3666,2025-06-14 05:44:53,1858,180,0.189,2025-08-05 05:44:53
384,905,3820,2025-04-16 01:50:25,3178,30,0.202,2025-04-30 01:50:25
385,906,340,2025-01-08 13:34:09,689,21,0.218,2025-01-20 13:34:09
386,907,4336,2024-10-28 08:51:38,2749,7,0.223,2024-11-05 08:51:38
387,914,2692,2024-06-17 14:38:04,2655,21,0.232,2024-06-29 14:38:04
388,915,2042,2024-07-01 11:26:31,1513,14,0.217,2024-07-11 11:26:31
389,918,2304,2025-11-01 20:12:12,2302,30,0.224,2025-11-15 20:12:12
390,919,4174,2025-11-17 09:59:19,2395,180,0.252,2026-01-08 09:59:19
391,921,4020,2024-09-10 20:38:48,3337,30,0.217,2024-09-24 20:38:48
392,923,697,2025-04-19 15:38:38,1757,14,0.185,2025-04-29 15:38:38
393,924,434,2024-06-20 01:32:40,3229,7,0.312,2024-06-28 01:32:40
394,926,2524,2024-11-19 21:49:39,2094,21,0.267,2024-12-01 21:49:39
395,927,1935,2024-12-02 04:09:58,2809,21,0.2,2024-12-14 04:09:58
396,929,1422,2024-11-20 16:05:55,3357,21,0.243,2024-12-02 16:05:55
397,931,2316,2025-10-13 02:21:41,3832,7,0.256,2025-10-21 02:21:41
398,932,4083,2025-10-17 23:11:50,2334,90,0.205,2025-11-15 23:11:50
399,935,1444,2024-08-16 18:35:33,862,14,0.215,2024-08-26 18:35:33
400,936,3647,2025-06-04 15:24:44,1399,21,0.255,2025-06-16 15:24:44
401,937,272,2025-11-04 02:19:09,3406,120,0.254,2025-12-11 02:19:09
402,938,2291,2024-02-12 12:20:12,895,7,0.207,2024-02-20 12:20:12
403,939,4455,2024-08-03 22:34:22,3025,60,0.283,2024-08-25 22:34:22
404,940,2686,2025-05-25 01:05:56,2955,7,0.22,2025-06-02 01:05:56
405,941,4094,2024-10-27 22:43:26,4245,90,0.236,2024-11-25 22:43:26
406,942,2280,2024-08-10 14:11:35,1403,180,0.36,2024-10-01 14:11:35
407,944,935,2024-05-21 07:19:33,3084,180,0.32,2024-07-12 07:19:33
408,946,2572,2024-05-13 06:22:05,1702,180,0.302,2024-07-04 06:22:05
409,948,77,2025-08-23 21:05:50,1805,120,0.202,2025-09-29 21:05:50
410,949,1063,2024-12-27 15:14:58,2266,21,0.227,2025-01-08 15:14:58
411,951,2284,2024-03-23 04:19:26,3767,30,0.224,2024-04-06 04:19:26
412,952,1093,2025-06-16 01:13:50,913,60,0.346,2025-07-08 01:13:50
413,954,3432,2024-12-24 19:40:53,3198,180,0.125,2025-02-14 19:40:53
414,955,4492,2025-08-17 04:25:32,4889,14,0.179,2025-08-27 04:25:32
415,957,2903,2025-10-05 19:49:27,581,60,0.33,2025-10-27 19:49:27
416,960,1544,2025-06-25 14:49:19,4777,14,0.208,2025-07-05 14:49:19
417,962,1099,2025-11-26 19:51:51,1077,7,0.309,2025-12-04 19:51:51
418,963,1364,2025-12-16 00:04:25,4104,7,0.277,2025-12-24 00:04:25
419,964,4387,2025-11-15 21:56:17,4288,30,0.289,2025-11-29 21:56:17
420,966,801,2024-05-03 09:32:57,1461,30,0.217,2024-05-17 09:32:57
421,967,1638,2025-08-18 06:30:45,2915,7,0.188,2025-08-26 06:30:45
422,969,3050,2024-03-01 13:42:44,3754,60,0.316,2024-03-23 13:42:44
423,971,2124,2024-09-12 13:20:36,2856,90,0.187,2024-10-11 13:20:36
424,975,4664,2024-02-03 01:04:20,1219,7,0.206,2024-02-11 01:04:20
425,982,199,2025-03-15 20:45:01,3279,60,0.211,2025-04-06 20:45:01
426,983,1078,2025-04-24 18:51:21,2158,21,0.16,2025-05-06 18:51:21
427,988,923,2024-08-31 21:22:35,1855,14,0.262,2024-09-10 21:22:35
428,990,2588,2024-08-25 08:59:06,1692,7,0.281,2024-09-02 08:59:06
429,991,1000,2024-12-17 10:35:32,1202,60,0.225,2025-01-08 10:35:32
430,994,3098,2024-11-15 06:49:10,2643,14,0.193,2024-11-25 06:49:10
431,996,3062,2025-09-27 06:55:30,2431,7,0.261,2025-10-05 06:55:30
432,999,1111,2024-11-04 20:44:13,4423,30,0.222,2024-11-18 20:44:13
433,1000,1410,2024-12-27 12:44:12,4587,30,0.351,2025-01-10 12:44:12
434,1001,3139,2024-12-11 10:28:17,1754,180,0.191,2025-02-01 10:28:17
435,1002,2734,2025-10-03 10:26:22,892,60,0.259,2025-10-25 10:26:22
436,1004,3010,2024-11-06 15:56:50,1469,90,0.216,2024-12-05 15:56:50
437,1005,4844,2024-12-14 07:11:12,3063,30,0.275,2024-12-28 07:11:12
438,1007,1590,2024-03-21 16:05:49,4743,180,0.285,2024-05-12 16:05:49
439,1008,4800,2025-11-05 10:54:59,2484,14,0.237,2025-11-15 10:54:59
440,1011,2667,2024-11-02 13:40:41,3342,7,0.194,2024-11-10 13:40:41
441,1012,4424,2025-07-21 00:40:37,3399,14,0.234,2025-07-31 00:40:37
442,1013,1499,2025-02-10 00:51:20,3723,60,0.345,2025-03-04 00:51:20
443,1015,4005,2025-02-12 14:56:55,3738,14,0.242,2025-02-22 14:56:55
444,1016,3957,2024-07-28 12:35:19,2745,21,0.282,2024-08-09 12:35:19
445,1019,591,2025-03-07 23:51:25,2490,180,0.184,2025-04-28 23:51:25
446,1023,1261,2024-02-26 14:07:07,4784,21,0.244,2024-03-09 14:07:07
447,1026,946,2025-11-11 18:04:17,3886,30,0.244,2025-11-25 18:04:17
448,1027,928,2024-08-07 09:07:55,3958,30,0.271,2024-08-21 09:07:55
449,1031,2430,2024-12-30 23:35:36,4166,21,0.18,2025-01-11 23:35:36
450,1033,1642,2025-09-19 11:36:15,3937,30,0.18,2025-10-03 11:36:15
451,1034,4907,2025-02-26 15:12:34,1573,60,0.209,2025-03-20 15:12:34
452,1035,2709,2024-12-11 14:39:49,4958,30,0.261,2024-12-25 14:39:49
453,1039,1061,2025-05-22 18:34:23,2573,14,0.251,2025-06-01 18:34:23
454,1041,4601,2024-05-21 02:36:32,3033,120,0.243,2024-06-27 02:36:32
455,1043,4813,2024-02-22 17:17:16,3078,60,0.229,2024-03-15 17:17:16
456,1046,2219,2025-07-28 20:28:25,1535,90,0.288,2025-08-26 20:28:25
457,1049,2775,2024-02-09 09:35:17,2067,14,0.271,2024-02-19 09:35:17
458,1050,3128,2025-04-07 07:15:49,2217,14,0.315,2025-04-17 07:15:49
459,1053,4198,2024-02-14 15:57:14,2426,90,0.225,2024-03-14 15:57:14
460,1054,1536,2025-04-01 17:32:13,4707,7,0.291,2025-04-09 17:32:13
461,1061,1932,2024-12-13 18:36:43,2549,21,0.267,2024-12-25 18:36:43
462,1062,4347,2025-12-16 13:46:53,938,90,0.252,2026-01-14 13:46:53
463,1066,4874,2024-10-03 05:42:39,1951,90,0.153,2024-11-01 05:42:39
464,1068,2438,2025-12-06 16:37:16,1976,120,0.231,2026-01-12 16:37:16
465,1070,4397,2024-06-03 14:51:56,2075,120,0.2,2024-07-10 14:51:56
466,1078,843,2024-10-19 05:56:29,1749,90,0.226,2024-11-17 05:56:29
467,1079,2497,2025-12-19 13:54:12,3443,180,0.211,2026-02-09 13:54:12
468,1081,2207,2024-04-11 02:20:33,4179,30,0.23,2024-04-25 02:20:33
469,1082,865,2024-10-20 21:01:24,3453,120,0.216,2024-11-26 21:01:24
470,1083,483,2024-12-26 02:23:50,2493,14,0.257,2025-01-05 02:23:50
471,1084,4769,2024-09-22 07:56:52,2573,30,0.1,2024-10-06 07:56:52
472,1089,883,2024-09-14 05:07:12,2467,21,0.25,2024-09-26 05:07:12
473,1090,547,2025-11-02 17:57:45,696,21,0.257,2025-11-14 17:57:45
474,1092,955,2025-10-08 22:32:59,2033,90,0.272,2025-11-06 22:32:59
475,1093,3736,2024-05-14 14:33:23,4471,90,0.249,2024-06-12 14:33:23
476,1097,2152,2024-04-14 12:01:53,4665,30,0.269,2024-04-28 12:01:53
477,1101,3418,2024-06-24 22:15:37,1884,7,0.173,2024-07-02 22:15:37
478,1103,1950,2024-11-09 04:04:27,4056,21,0.282,2024-11-21 04:04:27
479,1105,4414,2025-05-08 07:50:31,1159,30,0.229,2025-05-22 07:50:31
480,1107,4023,2025-01-08 22:39:01,1216,30,0.217,2025-01-22 22:39:01
481,1111,2021,2024-05-07 06:46:44,702,120,0.281,2024-06-13 06:46:44
482,1112,936,2024-10-10 21:35:58,4633,90,0.234,2024-11-08 21:35:58
483,1116,188,2024-07-11 01:53:09,2624,180,0.193,2024-09-01 01:53:09
484,1117,4224,2024-08-18 04:40:56,3064,14,0.289,2024-08-28 04:40:56
485,1119,677,2025-02-08 04:27:51,2756,180,0.193,2025-04-01 04:27:51
486,1125,452,2025-06-15 03:07:18,1362,60,0.176,2025-07-07 03:07:18
487,1135,1904,2024-11-14 06:55:49,3004,180,0.276,2025-01-05 06:55:49
488,1137,2110,2025-01-21 02:51:02,4522,21,0.2,2025-02-02 02:51:02
489,1140,2545,2024-09-12 03:01:58,3561,14,0.188,2024-09-22 03:01:58
490,1141,3040,2025-02-12 06:53:05,2236,7,0.281,2025-02-20 06:53:05
491,1143,1650,2025-04-17 03:08:23,3912,60,0.2,2025-05-09 03:08:23
492,1144,692,2024-05-06 17:21:35,1772,21,0.318,2024-05-18 17:21:35
493,1146,2220,2024-10-12 05:52:01,4825,7,0.304,2024-10-20 05:52:01
494,1147,482,2025-02-11 10:49:14,3060,30,0.3,2025-02-25 10:49:14
495,1154,1466,2025-05-19 17:36:18,2030,21,0.317,2025-05-31 17:36:18
496,1155,3805,2025-06-12 15:09:16,3739,21,0.201,2025-06-24 15:09:16
497,1156,2071,2025-09-13 23:10:41,3172,90,0.36,2025-10-12 23:10:41
498,1158,2929,2025-04-11 05:13:33,4766,21,0.282,2025-04-23 05:13:33
499,1159,1359,2025-08-05 15:52:28,3842,180,0.205,2025-09-26 15:52:28
500,1165,1914,2024-10-10 12:49:05,3378,90,0.159,2024-11-08 12:49:05
501,1168,3699,2025-07-18 04:06:01,3651,30,0.185,2025-08-01 04:06:01
502,1171,3032,2024-08-23 03:30:54,1228,7,0.116,2024-08-31 03:30:54
503,1172,2721,2025-05-07 00:35:55,2047,30,0.207,2025-05-21 00:35:55
504,1173,2008,2025-02-10 10:42:10,2636,14,0.236,2025-02-20 10:42:10
505,1176,4918,2025-11-04 19:22:54,2189,30,0.282,2025-11-18 19:22:54
506,1177,872,2025-07-13 07:10:34,3081,60,0.206,2025-08-04 07:10:34
507,1180,1116,2024-09-16 07:00:58,2317,14,0.286,2024-09-26 07:00:58
508,1182,4182,2025-10-31 23:55:11,1682,120,0.267,2025-12-07 23:55:11
509,1183,3003,2025-04-13 16:25:27,1985,14,0.186,2025-04-23 16:25:27
510,1186,4501,2025-05-13 21:09:33,2502,21,0.226,2025-05-25 21:09:33
511,1188,1888,2025-04-28 03:55:47,3104,60,0.246,2025-05-20 03:55:47
512,1191,4795,2024-02-29 18:53:02,4594,14,0.22,2024-03-10 18:53:02
513,1193,213,2025-11-04 11:06:53,507,7,0.222,2025-11-12 11:06:53
514,1194,2950,2025-07-08 23:23:10,4749,7,0.152,2025-07-16 23:23:10
515,1197,4116,2024-12-14 14:59:38,2836,7,0.286,2024-12-22 14:59:38
516,1199,3330,2025-07-06 08:13:11,2204,60,0.326,2025-07-28 08:13:11
517,1200,4920,2025-11-25 08:24:29,4410,21,0.264,2025-12-07 08:24:29
518,1202,3766,2024-11-27 19:17:45,2255,120,0.262,2025-01-03 19:17:45
519,1210,4540,2025-07-02 14:47:58,1226,14,0.259,2025-07-12 14:47:58
520,1211,146,2025-09-09 07:22:16,702,7,0.219,2025-09-17 07:22:16
521,1213,4584,2024-06-16 00:35:14,1685,7,0.256,2024-06-24 00:35:14
522,1214,482,2025-03-06 13:55:55,1082,7,0.236,2025-03-14 13:55:55
523,1215,1839,2024-03-28 17:13:30,2965,7,0.177,2024-04-05 17:13:30
524,1216,1894,2024-07-21 21:09:37,2260,7,0.269,2024-07-29 21:09:37
525,1220,3130,2025-10-15 17:35:08,1048,14,0.272,2025-10-25 17:35:08
526,1222,1167,2024-03-14 14:40:35,1354,120,0.21,2024-04-20 14:40:35
527,1223,1336,2025-01-23 12:08:54,4106,21,0.256,2025-02-04 12:08:54
528,1228,2919,2024-11-23 10:10:29,2826,14,0.275,2024-12-03 10:10:29
529,1229,512,2025-09-17 06:52:56,996,120,0.227,2025-10-24 06:52:56
530,1230,3850,2025-11-13 21:23:11,3200,7,0.212,2025-11-21 21:23:11
531,1232,570,2025-09-22 08:02:10,1750,60,0.294,2025-10-14 08:02:10
532,1233,3425,2024-05-07 04:13:45,4574,7,0.288,2024-05-15 04:13:45
533,1235,4079,2024-08-10 10:22:24,1669,90,0.215,2024-09-08 10:22:24
534,1237,2910,2024-06-15 16:38:38,1019,60,0.243,2024-07-07 16:38:38
535,1238,2,2024-06-29 16:43:16,3315,14,0.256,2024-07-09 16:43:16
536,1239,3078,2024-10-15 14:38:41,4743,180,0.348,2024-12-06 14:38:41
537,1242,277,2024-04-17 07:39:25,4858,30,0.308,2024-05-01 07:39:25
538,1244,996,2025-04-30 18:01:12,3615,7,0.224,2025-05-08 18:01:12
539,1247,2996,2025-02-18 18:42:28,4900,60,0.191,2025-03-12 18:42:28
540,1248,1601,2024-11-10 00:46:34,3769,60,0.195,2024-12-02 00:46:34
541,1250,4286,2024-07-28 21:34:42,4482,14,0.243,2024-08-07 21:34:42
542,1251,4726,2025-08-05 08:44:21,3422,21,0.234,2025-08-17 08:44:21
543,1252,4441,2025-04-24 16:24:45,3672,21,0.165,2025-05-06 16:24:45
544,1255,3825,2024-10-14 10:36:07,1804,7,0.285,2024-10-22 10:36:07
545,1256,4547,2024-09-30 10:09:18,1371,14,0.264,2024-10-10 10:09:18
546,1257,1571,2024-06-24 07:41:07,4558,7,0.174,2024-07-02 07:41:07
547,1258,234,2025-10-23 08:13:33,2385,21,0.25,2025-11-04 08:13:33
548,1261,2892,2025-05-30 17:02:26,1737,30,0.247,2025-06-13 17:02:26
549,1263,3476,2024-12-07 00:33:22,1434,21,0.28,2024-12-19 00:33:22
550,1264,1673,2024-10-09 03:31:31,919,7,0.247,2024-10-17 03:31:31
551,1265,3672,2024-09-19 01:23:32,2996,14,0.224,2024-09-29 01:23:32
552,1266,1477,2025-01-19 14:10:22,4417,180,0.28,2025-03-12 14:10:22
553,1269,2210,2024-07-26 09:30:21,3693,21,0.251,2024-08-07 09:30:21
554,1271,2429,2024-02-27 07:50:27,577,14,0.34,2024-03-08 07:50:27
555,1273,2876,2024-10-27 15:06:53,2499,90,0.303,2024-11-25 15:06:53
556,1274,4010,2025-02-18 21:09:12,3103,60,0.301,2025-03-12 21:09:12
557,1275,717,2025-05-05 14:37:37,2965,30,0.285,2025-05-19 14:37:37
558,1276,2347,2024-07-02 21:26:13,3593,60,0.265,2024-07-24 21:26:13
559,1278,780,2025-09-02 20:04:39,2164,30,0.177,2025-09-16 20:04:39
560,1282,339,2024-10-21 16:12:08,3695,30,0.235,2024-11-04 16:12:08
561,1284,2454,2024-03-04 03:56:53,1274,60,0.182,2024-03-26 03:56:53
562,1285,3722,2025-11-26 21:53:59,3290,7,0.218,2025-12-04 21:53:59
563,1287,286,2024-08-26 10:51:45,2949,30,0.198,2024-09-09 10:51:45
564,1290,2900,2024-04-11 11:47:16,1683,21,0.243,2024-04-23 11:47:16
565,1292,1437,2025-09-26 18:48:42,534,60,0.221,2025-10-18 18:48:42
566,1293,4867,2024-04-29 06:45:08,2147,90,0.278,2024-05-28 06:45:08
567,1294,3782,2024-03-31 07:50:53,4076,14,0.242,2024-04-10 07:50:53
568,1295,620,2025-04-24 13:15:53,1589,30,0.208,2025-05-08 13:15:53
569,1297,4449,2024-10-08 09:34:49,564,7,0.33,2024-10-16 09:34:49
570,1298,3550,2024-11-14 22:20:01,982,120,0.259,2024-12-21 22:20:01
571,1300,418,2025-09-29 22:29:13,3368,21,0.285,2025-10-11 22:29:13
572,1302,4127,2024-05-23 01:08:18,2846,14,0.258,2024-06-02 01:08:18
573,1303,3364,2024-04-19 18:38:04,4276,21,0.205,2024-05-01 18:38:04
574,1304,4569,2025-04-22 21:14:38,1658,60,0.25,2025-05-14 21:14:38
575,1305,592,2024-11-11 11:18:01,3784,21,0.259,2024-11-23 11:18:01
576,1307,4866,2024-06-08 02:37:31,1003,21,0.224,2024-06-20 02:37:31
577,1308,4715,2024-11-09 10:22:00,823,90,0.272,2024-12-08 10:22:00
578,1311,2527,2024-06-23 06:34:21,2100,7,0.174,2024-07-01 06:34:21
579,1314,2510,2024-06-06 14:22:22,3589,90,0.19,2024-07-05 14:22:22
580,1316,4051,2025-10-14 21:30:51,4289,90,0.265,2025-11-12 21:30:51
581,1321,4952,2024-04-24 02:14:40,3373,14,0.32,2024-05-04 02:14:40
582,1325,4294,2025-02-11 13:12:53,2883,7,0.206,2025-02-19 13:12:53
583,1327,2859,2024-12-02 16:31:43,1566,180,0.24,2025-01-23 16:31:43
584,1328,2445,2025-02-10 00:55:57,1041,14,0.245,2025-02-20 00:55:57
585,1332,1832,2025-12-03 16:13:58,3281,14,0.308,2025-12-13 16:13:58
586,1336,4428,2024-07-11 21:14:52,4426,30,0.234,2024-07-25 21:14:52
587,1337,3701,2025-10-07 00:28:13,1727,7,0.257,2025-10-15 00:28:13
588,1339,4233,2025-05-14 12:24:40,3257,7,0.249,2025-05-22 12:24:40
589,1340,4506,2024-10-22 00:25:28,1911,180,0.257,2024-12-13 00:25:28
590,1341,1632,2024-09-17 01:32:23,3369,21,0.201,2024-09-29 01:32:23
591,1342,4444,2025-04-29 15:25:34,1288,120,0.304,2025-06-05 15:25:34
592,1343,1520,2025-01-06 18:02:38,2182,90,0.183,2025-02-04 18:02:38
593,1344,4011,2025-02-17 15:47:29,917,30,0.163,2025-03-03 15:47:29
594,1349,2326,2025-08-12 04:17:19,3992,90,0.209,2025-09-10 04:17:19
595,1352,3168,2024-10-13 05:40:12,993,60,0.268,2024-11-04 05:40:12
596,1353,1407,2025-10-24 19:59:59,1860,90,0.296,2025-11-22 19:59:59
597,1356,2720,2024-02-18 09:25:30,2093,14,0.269,2024-02-28 09:25:30
598,1361,271,2025-09-04 09:01:40,1157,21,0.232,2025-09-16 09:01:40
599,1362,1350,2025-06-02 20:14:14,2228,180,0.308,2025-07-24 20:14:14
600,1363,1948,2025-12-09 06:10:36,4474,180,0.284,2026-01-30 06:10:36
601,1367,3933,2025-01-01 23:56:15,1553,120,0.224,2025-02-07 23:56:15
602,1369,3681,2025-07-21 04:12:19,1969,30,0.218,2025-08-04 04:12:19
603,1373,252,2025-08-05 02:09:11,1624,30,0.24,2025-08-19 02:09:11
604,1374,271,2025-07-24 22:15:01,2002,60,0.28,2025-08-15 22:15:01
605,1378,3546,2024-03-07 21:48:59,2014,30,0.241,2024-03-21 21:48:59
606,1382,4751,2025-02-25 01:32:38,2930,14,0.295,2025-03-07 01:32:38
607,1383,4801,2025-01-13 07:46:57,4770,14,0.19,2025-01-23 07:46:57
608,1385,4517,2024-09-25 14:50:11,621,7,0.201,2024-10-03 14:50:11
609,1389,2284,2025-01-03 00:47:51,3558,21,0.201,2025-01-15 00:47:51
610,1390,1666,2024-07-05 07:10:03,2395,21,0.282,2024-07-17 07:10:03
611,1392,2113,2025-01-01 23:06:55,670,30,0.231,2025-01-15 23:06:55
612,1393,3375,2024-05-13 02:13:08,1694,120,0.293,2024-06-19 02:13:08
613,1394,4449,2025-06-30 11:29:44,4147,7,0.253,2025-07-08 11:29:44
614,1395,1070,2024-03-11 17:26:54,2144,120,0.303,2024-04-17 17:26:54
615,1397,2310,2024-12-22 19:33:36,3870,7,0.215,2024-12-30 19:33:36
616,1398,1684,2024-11-25 16:29:04,2334,14,0.314,2024-12-05 16:29:04
617,1399,2212,2025-05-07 11:48:57,1985,30,0.288,2025-05-21 11:48:57
618,1400,2607,2025-03-05 20:51:29,4725,7,0.33,2025-03-13 20:51:29
619,1403,2108,2025-06-24 03:34:34,3042,21,0.252,2025-07-06 03:34:34
620,1405,2730,2024-09-02 13:48:25,4811,60,0.149,2024-09-24 13:48:25
621,1406,1943,2024-12-03 20:04:39,3287,30,0.25,2024-12-17 20:04:39
622,1407,4016,2025-07-20 11:28:20,3652,60,0.303,2025-08-11 11:28:20
623,1410,2311,2024-08-21 10:36:56,1540,14,0.259,2024-08-31 10:36:56
624,1411,220,2025-07-23 22:27:30,3324,7,0.231,2025-07-31 22:27:30
625,1413,2475,2024-11-18 16:55:28,2021,180,0.259,2025-01-09 16:55:28
626,1414,4586,2025-12-03 01:54:24,963,7,0.264,2025-12-11 01:54:24
627,1419,327,2025-11-30 10:06:10,2391,180,0.175,2026-01-21 10:06:10
628,1422,1536,2025-03-18 13:54:05,4278,14,0.215,2025-03-28 13:54:05
629,1429,4646,2024-11-03 15:26:05,1455,90,0.236,2024-12-02 15:26:05
630,1431,2901,2024-04-05 14:32:35,2248,180,0.269,2024-05-27 14:32:35
631,1432,1222,2025-04-11 19:56:41,1346,180,0.341,2025-06-02 19:56:41
632,1434,2610,2024-03-25 07:03:01,4867,30,0.223,2024-04-08 07:03:01
633,1438,4925,2025-05-10 23:13:51,3362,120,0.244,2025-06-16 23:13:51
634,1440,4228,2024-11-05 05:01:19,2901,30,0.1,2024-11-19 05:01:19
635,1441,2241,2024-02-12 01:19:27,4198,21,0.279,2024-02-24 01:19:27
636,1443,441,2024-08-08 03:08:40,1111,30,0.176,2024-08-22 03:08:40
637,1446,86,2024-04-28 13:08:42,2334,14,0.227,2024-05-08 13:08:42
638,1447,3012,2024-10-01 05:13:29,4036,21,0.343,2024-10-13 05:13:29
639,1449,3629,2025-12-04 21:55:40,4861,14,0.224,2025-12-14 21:55:40
640,1455,789,2024-05-17 03:06:42,1634,120,0.196,2024-06-23 03:06:42
641,1457,1437,2024-07-13 19:25:33,2670,30,0.232,2024-07-27 19:25:33
642,1458,2604,2025-10-02 07:42:49,982,14,0.266,2025-10-12 07:42:49
643,1459,2097,2025-11-01 16:46:52,1824,14,0.199,2025-11-11 16:46:52
644,1460,3301,2024-08-18 22:25:09,1324,180,0.313,2024-10-09 22:25:09
645,1463,1504,2024-03-31 01:08:24,3627,21,0.34,2024-04-12 01:08:24
646,1466,1745,2024-06-18 21:48:44,1637,21,0.276,2024-06-30 21:48:44
647,1476,4141,2024-03-23 13:29:08,1365,90,0.234,2024-04-21 13:29:08
648,1477,3530,2025-03-05 22:39:24,4760,21,0.187,2025-03-17 22:39:24
649,1478,3699,2024-07-12 19:24:25,838,30,0.158,2024-07-26 19:24:25
650,1479,2573,2024-03-12 13:36:14,3724,180,0.248,2024-05-03 13:36:14
651,1481,4342,2025-06-21 07:00:24,1173,90,0.294,2025-07-20 07:00:24
652,1482,4302,2025-09-25 04:20:47,829,180,0.259,2025-11-16 04:20:47
653,1484,3050,2025-08-16 11:54:55,723,90,0.323,2025-09-14 11:54:55
654,1485,2926,2024-02-07 07:48:04,2140,30,0.181,2024-02-21 07:48:04
655,1490,3182,2025-01-21 22:46:29,2145,60,0.259,2025-02-12 22:46:29
656,1491,96,2025-05-23 07:13:35,4667,30,0.282,2025-06-06 07:13:35
657,1492,3222,2025-10-30 02:52:15,1239,7,0.246,2025-11-07 02:52:15
658,1495,3633,2024-05-23 12:49:47,2071,30,0.203,2024-06-06 12:49:47
659,1502,1042,2025-12-07 02:12:20,2712,21,0.28,2025-12-19 02:12:20
660,1503,3728,2024-11-05 05:45:00,950,60,0.189,2024-11-27 05:45:00
661,1505,1482,2025-05-16 19:10:05,936,60,0.251,2025-06-07 19:10:05
662,1508,2485,2025-11-28 01:06:12,1175,21,0.262,2025-12-10 01:06:12
663,1515,3801,2024-05-20 18:02:15,970,90,0.334,2024-06-18 18:02:15
664,1516,2652,2025-10-01 18:13:21,3180,120,0.148,2025-11-07 18:13:21
665,1518,1042,2025-06-03 15:48:42,666,60,0.205,2025-06-25 15:48:42
666,1519,3746,2025-05-29 02:11:00,4032,7,0.26,2025-06-06 02:11:00
667,1520,2716,2025-06-28 01:48:48,2631,180,0.276,2025-08-19 01:48:48
668,1525,314,2025-10-13 18:03:27,1183,7,0.229,2025-10-21 18:03:27
669,1529,4197,2024-07-12 04:25:50,1174,60,0.244,2024-08-03 04:25:50
670,1533,1761,2025-04-08 23:25:25,645,7,0.202,2025-04-16 23:25:25
671,1535,882,2024-07-07 02:33:42,2174,21,0.214,2024-07-19 02:33:42
672,1536,1375,2025-07-12 19:31:53,4947,60,0.262,2025-08-03 19:31:53
673,1538,1524,2025-05-10 09:47:30,2195,14,0.238,2025-05-20 09:47:30
674,1540,1743,2024-03-24 23:54:45,731,60,0.195,2024-04-15 23:54:45
675,1541,307,2025-05-21 08:39:02,3880,7,0.202,2025-05-29 08:39:02
676,1542,4442,2024-05-16 20:51:17,1421,60,0.242,2024-06-07 20:51:17
677,1547,1,2024-03-10 13:22:40,4413,30,0.267,2024-03-24 13:22:40
678,1551,2235,2024-10-06 09:00:57,739,7,0.252,2024-10-14 09:00:57
679,1552,3258,2024-07-10 07:37:59,1280,7,0.221,2024-07-18 07:37:59
680,1555,4979,2025-07-26 23:28:33,4350,7,0.166,2025-08-03 23:28:33
681,1556,1077,2024-12-04 22:33:34,3516,21,0.206,2024-12-16 22:33:34
682,1557,477,2024-11-01 03:17:59,1722,14,0.229,2024-11-11 03:17:59
683,1559,512,2024-02-13 01:23:53,1014,120,0.179,2024-03-21 01:23:53
684,1564,3529,2024-05-12 06:07:32,4449,30,0.19,2024-05-26 06:07:32
685,1568,4887,2025-05-29 10:29:19,4518,120,0.226,2025-07-05 10:29:19
686,1570,3359,2025-05-21 11:54:13,1591,180,0.247,2025-07-12 11:54:13
687,1572,4216,2024-01-25 11:04:29,2444,30,0.215,2024-02-08 11:04:29
688,1582,1525,2024-07-08 16:22:58,3784,90,0.242,2024-08-06 16:22:58
689,1586,895,2025-02-14 16:51:02,2357,180,0.214,2025-04-07 16:51:02
690,1587,2638,2024-05-13 08:52:13,1094,60,0.282,2024-06-04 08:52:13
691,1588,3948,2024-07-13 10:57:05,4032,7,0.238,2024-07-21 10:57:05
692,1589,4104,2024-09-21 08:39:11,1218,21,0.236,2024-10-03 08:39:11
693,1592,134,2024-07-08 05:12:39,3715,7,0.282,2024-07-16 05:12:39
694,1594,432,2025-09-08 09:12:39,2140,120,0.247,2025-10-15 09:12:39
695,1595,307,2025-03-06 23:01:44,3187,60,0.219,2025-03-28 23:01:44
696,1598,51,2024-01-29 09:13:28,3927,180,0.175,2024-03-21 09:13:28
697,1602,2953,2024-02-06 21:19:58,4078,90,0.323,2024-03-06 21:19:58
698,1603,1286,2025-04-22 20:12:19,967,21,0.161,2025-05-04 20:12:19
699,1604,4576,2025-10-21 01:07:31,2107,7,0.148,2025-10-29 01:07:31
700,1606,1210,2024-01-26 17:23:35,1747,7,0.162,2024-02-03 17:23:35
701,1608,198,2025-07-07 06:55:31,3391,60,0.296,2025-07-29 06:55:31
702,1610,4395,2024-11-06 11:08:59,3398,180,0.326,2024-12-28 11:08:59
703,1611,3072,2025-03-01 14:21:47,2934,30,0.192,2025-03-15 14:21:47
704,1612,4625,2024-07-05 12:50:30,4728,120,0.266,2024-08-11 12:50:30
705,1616,820,2024-05-19 14:32:39,3613,14,0.277,2024-05-29 14:32:39
706,1617,3064,2024-05-30 14:50:03,4479,180,0.18,2024-07-21 14:50:03
707,1619,1600,2024-09-07 21:23:38,4838,30,0.303,2024-09-21 21:23:38
708,1622,2850,2024-04-27 14:21:39,3312,180,0.187,2024-06-18 14:21:39
709,1623,2599,2024-04-24 04:08:18,768,7,0.309,2024-05-02 04:08:18
710,1626,4284,2025-05-17 18:51:21,1877,14,0.218,2025-05-27 18:51:21
711,1627,1857,2024-03-23 21:06:11,1226,7,0.218,2024-03-31 21:06:11
712,1629,3458,2024-06-12 02:03:22,2501,180,0.135,2024-08-03 02:03:22
713,1632,4057,2025-12-06 16:06:37,3624,180,0.244,2026-01-27 16:06:37
714,1634,228,2025-04-11 23:44:23,4131,90,0.295,2025-05-10 23:44:23
715,1635,3062,2025-04-22 03:16:50,2933,120,0.194,2025-05-29 03:16:50
716,1637,4421,2024-05-04 04:55:37,4537,120,0.231,2024-06-10 04:55:37
717,1640,3005,2024-06-28 16:42:53,4480,60,0.157,2024-07-20 16:42:53
718,1643,2155,2025-06-09 13:28:12,1224,180,0.225,2025-07-31 13:28:12
719,1644,3072,2024-02-21 08:47:15,1412,90,0.262,2024-03-21 08:47:15
720,1646,1520,2024-03-30 14:57:27,2074,21,0.268,2024-04-11 14:57:27
721,1647,1799,2025-04-24 02:34:48,3762,180,0.234,2025-06-15 02:34:48
722,1650,783,2024-07-17 16:48:10,1423,120,0.268,2024-08-23 16:48:10
723,1657,462,2024-09-10 17:19:04,3542,30,0.21,2024-09-24 17:19:04
724,1662,2337,2025-07-14 17:49:43,4025,14,0.145,2025-07-24 17:49:43
725,1665,4018,2025-04-10 06:23:24,4086,30,0.271,2025-04-24 06:23:24
726,1668,2135,2024-03-17 11:31:55,2246,120,0.254,2024-04-23 11:31:55
727,1670,680,2024-11-05 18:07:19,3572,7,0.264,2024-11-13 18:07:19
728,1671,93,2025-09-25 05:50:30,3729,60,0.217,2025-10-17 05:50:30
729,1674,2590,2025-10-06 14:52:14,2578,14,0.242,2025-10-16 14:52:14
730,1677,3337,2024-03-09 00:15:06,2892,120,0.25,2024-04-15 00:15:06
731,1679,2122,2024-08-05 03:41:01,4196,21,0.29,2024-08-17 03:41:01
732,1680,589,2024-05-27 15:44:29,1504,90,0.341,2024-06-25 15:44:29
733,1681,390,2024-07-21 07:51:21,4820,60,0.193,2024-08-12 07:51:21
734,1685,3017,2024-02-08 05:57:06,1309,60,0.258,2024-03-01 05:57:06
735,1687,2871,2025-07-27 12:30:12,2137,60,0.205,2025-08-18 12:30:12
736,1688,1191,2024-09-17 10:59:29,911,30,0.13,2024-10-01 10:59:29
737,1689,2644,2025-11-16 07:41:50,856,21,0.29,2025-11-28 07:41:50
738,1692,2408,2025-08-21 03:26:09,4701,120,0.139,2025-09-27 03:26:09
739,1696,1373,2024-04-07 20:23:09,1941,14,0.218,2024-04-17 20:23:09
740,1699,1870,2025-06-13 07:34:43,1377,21,0.235,2025-06-25 07:34:43
741,1700,3359,2024-08-31 13:59:42,2454,7,0.172,2024-09-08 13:59:42
742,1701,2938,2025-12-09 20:23:39,4205,30,0.233,2025-12-23 20:23:39
743,1702,3641,2024-08-01 21:54:53,3024,30,0.275,2024-08-15 21:54:53
744,1707,253,2025-12-11 21:37:33,4275,14,0.197,2025-12-21 21:37:33
745,1710,1307,2024-08-09 19:01:36,1326,120,0.273,2024-09-15 19:01:36
746,1712,278,2024-07-02 23:13:38,1743,30,0.279,2024-07-16 23:13:38
747,1717,535,2024-12-08 01:44:35,4083,120,0.34,2025-01-14 01:44:35
748,1727,1410,2024-02-11 02:03:42,4057,21,0.296,2024-02-23 02:03:42
749,1728,4455,2024-01-27 20:17:27,3606,60,0.215,2024-02-18 20:17:27
750,1729,3098,2025-01-31 17:06:41,3684,90,0.229,2025-03-01 17:06:41
751,1731,1707,2024-05-21 03:57:21,3440,60,0.213,2024-06-12 03:57:21
752,1732,419,2024-02-16 22:27:40,4009,120,0.194,2024-03-24 22:27:40
753,1733,2660,2024-12-10 04:29:20,4403,60,0.175,2025-01-01 04:29:20
754,1740,329,2025-01-17 02:05:56,3879,7,0.33,2025-01-25 02:05:56
755,1742,3332,2024-12-04 06:31:34,4400,7,0.178,2024-12-12 06:31:34
756,1749,2646,2025-12-07 18:14:27,3320,7,0.246,2025-12-15 18:14:27
757,1750,891,2024-07-02 01:37:46,3675,30,0.218,2024-07-16 01:37:46
758,1751,3364,2025-01-03 15:46:52,4878,120,0.21,2025-02-09 15:46:52
759,1752,3901,2025-12-03 06:05:52,3828,14,0.304,2025-12-13 06:05:52
760,1755,79,2024-08-08 06:13:19,1408,30,0.278,2024-08-22 06:13:19
761,1758,1999,2025-10-19 10:37:07,934,90,0.216,2025-11-17 10:37:07
762,1760,4596,2025-11-24 10:42:52,2887,180,0.227,2026-01-15 10:42:52
763,1761,1553,2025-09-22 04:59:23,1911,14,0.251,2025-10-02 04:59:23
764,1762,3046,2025-09-27 14:00:52,1751,180,0.165,2025-11-18 14:00:52
765,1763,2693,2025-02-13 22:47:40,2670,180,0.228,2025-04-06 22:47:40
766,1764,252,2025-06-29 22:18:12,1244,21,0.249,2025-07-11 22:18:12
767,1766,4307,2025-06-03 02:48:47,3458,90,0.281,2025-07-02 02:48:47
768,1769,200,2024-12-27 00:49:53,915,180,0.213,2025-02-17 00:49:53
769,1770,3161,2025-09-01 16:43:55,776,21,0.25,2025-09-13 16:43:55
770,1772,4814,2024-05-25 15:57:51,1003,7,0.261,2024-06-02 15:57:51
771,1773,299,2025-02-09 10:35:58,4303,30,0.325,2025-02-23 10:35:58
772,1777,3495,2025-06-04 13:24:07,4862,90,0.274,2025-07-03 13:24:07
773,1778,4739,2024-09-07 10:06:39,2775,30,0.202,2024-09-21 10:06:39
774,1779,2419,2025-03-03 18:14:39,2881,120,0.255,2025-04-09 18:14:39
775,1782,2017,2025-08-10 01:21:57,4145,30,0.151,2025-08-24 01:21:57
776,1785,148,2024-03-23 16:49:02,1254,60,0.261,2024-04-14 16:49:02
777,1786,2895,2025-03-02 03:59:29,3400,7,0.298,2025-03-10 03:59:29
778,1787,4841,2025-10-02 20:34:05,2117,7,0.289,2025-10-10 20:34:05
779,1790,2113,2025-12-02 00:11:51,4281,7,0.239,2025-12-10 00:11:51
780,1791,4094,2024-03-22 10:40:29,1749,30,0.18,2024-04-05 10:40:29
781,1793,1515,2024-08-24 11:59:27,3279,7,0.172,2024-09-01 11:59:27
782,1794,3737,2024-02-25 20:38:41,2347,90,0.331,2024-03-25 20:38:41
783,1799,4396,2025-06-25 16:02:46,615,14,0.1,2025-07-05 16:02:46
784,1805,1005,2025-09-27 21:43:43,1639,60,0.252,2025-10-19 21:43:43
785,1806,3396,2024-07-01 20:45:04,3610,120,0.229,2024-08-07 20:45:04
786,1808,1283,2024-09-05 15:12:59,3007,120,0.246,2024-10-12 15:12:59
787,1812,1014,2024-08-19 16:09:33,3410,7,0.262,2024-08-27 16:09:33
788,1815,3242,2024-09-28 06:59:13,1387,21,0.239,2024-10-10 06:59:13
789,1818,3175,2024-04-14 03:35:05,2317,120,0.221,2024-05-21 03:35:05
790,1821,4634,2025-07-28 17:32:29,1697,120,0.19,2025-09-03 17:32:29
791,1826,4115,2025-10-04 17:16:57,3331,60,0.189,2025-10-26 17:16:57
792,1829,3247,2025-02-23 16:45:03,1924,30,0.23,2025-03-09 16:45:03
793,1835,2760,2025-12-13 00:23:18,3134,60,0.267,2026-01-04 00:23:18
794,1836,3469,2025-07-27 19:10:09,2041,7,0.281,2025-08-04 19:10:09
795,1839,325,2024-03-05 23:09:21,2924,90,0.154,2024-04-03 23:09:21
796,1840,1575,2025-08-12 11:21:05,3697,180,0.244,2025-10-03 11:21:05
797,1852,585,2024-09-09 23:20:37,3885,14,0.187,2024-09-19 23:20:37
798,1853,957,2025-07-03 07:46:26,937,7,0.303,2025-07-11 07:46:26
799,1855,4492,2024-03-27 06:04:03,4913,90,0.227,2024-04-25 06:04:03
800,1856,4507,2024-10-14 18:29:46,2789,90,0.303,2024-11-12 18:29:46
801,1857,711,2025-02-03 12:09:40,4735,21,0.293,2025-02-15 12:09:40
802,1860,3473,2025-02-11 18:30:44,4878,90,0.261,2025-03-12 18:30:44
803,1862,3201,2024-12-30 09:43:57,1396,90,0.167,2025-01-28 09:43:57
804,1867,433,2025-02-22 01:09:56,3159,30,0.259,2025-03-08 01:09:56
805,1868,4659,2024-11-25 20:34:51,1288,60,0.284,2024-12-17 20:34:51
806,1869,1866,2024-12-10 02:25:12,782,120,0.167,2025-01-16 02:25:12
807,1871,4964,2024-11-23 03:14:24,2974,120,0.131,2024-12-30 03:14:24
808,1873,1450,2024-06-09 10:54:01,3408,120,0.182,2024-07-16 10:54:01
809,1874,2710,2024-08-09 11:09:12,4298,14,0.224,2024-08-19 11:09:12
810,1876,2238,2024-10-12 19:49:27,3112,60,0.267,2024-11-03 19:49:27
811,1877,2765,2024-07-28 01:52:04,4385,7,0.258,2024-08-05 01:52:04
812,1879,3966,2024-03-09 12:25:39,4846,21,0.184,2024-03-21 12:25:39
813,1881,4319,2025-04-24 18:14:21,995,30,0.16,2025-05-08 18:14:21
814,1884,63,2024-05-15 04:27:44,2003,60,0.36,2024-06-06 04:27:44
815,1885,2081,2024-08-10 05:58:00,4108,7,0.242,2024-08-18 05:58:00
816,1890,3401,2024-12-16 01:11:29,2878,21,0.261,2024-12-28 01:11:29
817,1891,4135,2024-01-27 23:25:42,3000,30,0.312,2024-02-10 23:25:42
818,1892,1740,2025-10-14 01:40:05,1863,120,0.205,2025-11-20 01:40:05
819,1894,4291,2024-05-28 16:33:08,3071,180,0.193,2024-07-19 16:33:08
820,1898,1436,2025-09-30 22:37:01,3453,14,0.22,2025-10-10 22:37:01
821,1900,3517,2025-05-22 06:21:35,2331,21,0.214,2025-06-03 06:21:35
822,1901,3547,2025-02-15 16:48:25,3165,180,0.163,2025-04-08 16:48:25
823,1909,4252,2025-02-18 06:49:23,2179,7,0.274,2025-02-26 06:49:23
824,1911,2895,2024-03-07 17:04:16,3069,90,0.266,2024-04-05 17:04:16
825,1914,2998,2025-01-17 14:05:48,4215,14,0.197,2025-01-27 14:05:48
826,1915,1564,2025-08-13 00:00:41,1739,21,0.288,2025-08-25 00:00:41
827,1916,2173,2025-01-17 14:39:52,2403,21,0.274,2025-01-29 14:39:52
828,1917,2890,2025-08-30 16:25:55,2711,60,0.188,2025-09-21 16:25:55
829,1919,1749,2024-10-24 13:52:58,3775,60,0.174,2024-11-15 13:52:58
830,1923,3461,2025-01-16 22:09:28,3016,120,0.13,2025-02-22 22:09:28
831,1925,4462,2024-08-12 02:08:56,2485,180,0.266,2024-10-03 02:08:56
832,1926,233,2025-07-28 03:39:43,3570,90,0.209,2025-08-26 03:39:43
833,1928,900,2025-07-11 05:04:34,4501,120,0.245,2025-08-17 05:04:34
834,1930,671,2024-05-02 02:32:52,3040,30,0.239,2024-05-16 02:32:52
835,1934,2054,2024-08-22 05:32:40,4388,120,0.241,2024-09-28 05:32:40
836,1938,4222,2024-06-09 20:40:01,1662,21,0.262,2024-06-21 20:40:01
837,1941,2589,2025-08-29 02:12:22,2044,60,0.236,2025-09-20 02:12:22
838,1945,51,2025-01-20 01:34:22,3927,14,0.163,2025-01-30 01:34:22
839,1946,328,2024-10-21 05:35:46,3425,21,0.222,2024-11-02 05:35:46
840,1947,75,2025-04-20 12:55:40,3361,21,0.202,2025-05-02 12:55:40
841,1949,2017,2024-01-30 01:41:16,2891,180,0.291,2024-03-22 01:41:16
842,1951,1779,2024-12-14 22:20:15,4886,7,0.229,2024-12-22 22:20:15
843,1952,1723,2024-11-09 13:47:46,3905,7,0.281,2024-11-17 13:47:46
844,1953,4244,2024-03-17 13:05:52,4795,90,0.144,2024-04-15 13:05:52
845,1958,2675,2024-03-06 07:12:50,1317,120,0.271,2024-04-12 07:12:50
846,1961,3543,2024-02-04 18:17:05,3020,180,0.216,2024-03-27 18:17:05
847,1962,412,2024-03-05 06:45:05,4431,180,0.23,2024-04-26 06:45:05
848,1964,2335,2025-07-27 04:53:46,1792,21,0.186,2025-08-08 04:53:46
849,1965,2362,2024-08-16 13:21:27,973,60,0.256,2024-09-07 13:21:27
850,1968,3960,2024-05-10 13:12:32,870,7,0.222,2024-05-18 13:12:32
851,1970,673,2025-07-23 09:38:02,1499,180,0.327,2025-09-13 09:38:02
852,1975,2667,2024-02-06 10:39:34,1987,7,0.272,2024-02-14 10:39:34
853,1977,2794,2024-09-21 08:48:21,1825,120,0.283,2024-10-28 08:48:21
854,1980,4280,2024-06-07 19:43:13,3763,180,0.28,2024-07-29 19:43:13
855,1985,3999,2024-01-26 09:00:52,4460,21,0.289,2024-02-07 09:00:52
856,1987,1760,2024-05-29 21:36:54,2595,30,0.273,2024-06-12 21:36:54
857,1988,2515,2024-07-15 12:40:11,2427,90,0.298,2024-08-13 12:40:11
858,1991,4952,2024-12-21 19:12:19,1921,14,0.223,2024-12-31 19:12:19
859,1999,2107,2025-10-23 10:49:58,3260,180,0.254,2025-12-14 10:49:58
860,2000,1983,2025-06-04 06:34:30,4363,90,0.155,2025-07-03 06:34:30
861,2005,1754,2024-06-02 09:26:16,4899,21,0.284,2024-06-14 09:26:16
862,2007,1206,2024-11-08 04:24:37,4641,30,0.328,2024-11-22 04:24:37
863,2009,4345,2024-03-02 00:07:06,592,14,0.276,2024-03-12 00:07:06
864,2010,2227,2024-11-23 17:15:43,1691,7,0.256,2024-12-01 17:15:43
865,2012,4962,2024-07-29 16:58:28,2892,14,0.296,2024-08-08 16:58:28
866,2014,809,2025-11-22 07:17:23,3033,21,0.171,2025-12-04 07:17:23
867,2015,82,2025-04-12 04:25:28,2047,90,0.288,2025-05-11 04:25:28
868,2017,997,2025-12-11 20:07:37,1974,30,0.284,2025-12-25 20:07:37
869,2018,1869,2025-09-07 20:53:12,3288,180,0.271,2025-10-29 20:53:12
870,2020,1381,2025-06-10 23:31:46,782,90,0.173,2025-07-09 23:31:46
871,2023,2497,2025-01-15 00:15:21,3358,14,0.29,2025-01-25 00:15:21
872,2024,2304,2024-08-27 19:32:53,807,7,0.31,2024-09-04 19:32:53
873,2031,249,2024-11-10 21:24:59,622,7,0.169,2024-11-18 21:24:59
874,2033,1218,2024-02-04 23:57:21,1793,14,0.201,2024-02-14 23:57:21
875,2035,1255,2024-03-10 21:14:59,2236,7,0.234,2024-03-18 21:14:59
876,2037,134,2025-02-08 05:39:23,4694,14,0.183,2025-02-18 05:39:23
877,2039,2608,2024-02-06 02:24:50,1959,90,0.282,2024-03-06 02:24:50
878,2040,3763,2025-06-28 01:02:46,4613,90,0.245,2025-07-27 01:02:46
879,2045,1550,2025-10-25 06:04:24,4007,120,0.242,2025-12-01 06:04:24
880,2046,1600,2024-10-08 20:30:33,1973,7,0.232,2024-10-16 20:30:33
881,2049,1303,2025-12-11 08:09:51,2338,180,0.191,2026-02-01 08:09:51
882,2051,1102,2025-02-14 12:35:15,1924,14,0.189,2025-02-24 12:35:15
883,2053,1979,2025-08-23 20:34:09,1067,7,0.2,2025-08-31 20:34:09
884,2055,286,2025-08-13 23:07:06,4144,14,0.253,2025-08-23 23:07:06
885,2057,3144,2024-04-08 23:44:19,1058,120,0.202,2024-05-15 23:44:19
886,2058,817,2024-07-16 21:43:42,2827,60,0.265,2024-08-07 21:43:42
887,2061,4567,2025-08-06 18:18:03,4280,21,0.259,2025-08-18 18:18:03
888,2065,4380,2024-05-16 22:19:01,3581,120,0.236,2024-06-22 22:19:01
889,2066,201,2025-03-19 12:50:23,1515,60,0.148,2025-04-10 12:50:23
890,2068,1279,2025-12-09 15:45:34,3394,21,0.274,2025-12-21 15:45:34
891,2069,4204,2025-06-20 15:03:09,700,120,0.264,2025-07-27 15:03:09
892,2070,1843,2025-10-01 03:19:31,3543,60,0.273,2025-10-23 03:19:31
893,2075,1712,2024-10-01 14:24:39,3334,30,0.312,2024-10-15 14:24:39
894,2080,2340,2025-09-22 16:31:11,1001,180,0.256,2025-11-13 16:31:11
895,2082,4408,2024-10-20 15:32:35,4911,60,0.308,2024-11-11 15:32:35
896,2085,2859,2024-08-11 18:17:53,780,21,0.253,2024-08-23 18:17:53
897,2086,4652,2025-06-13 22:33:35,2576,7,0.307,2025-06-21 22:33:35
898,2087,1057,2024-12-24 00:11:40,3943,30,0.197,2025-01-07 00:11:40
899,2091,4057,2024-09-11 19:49:17,1946,7,0.245,2024-09-19 19:49:17
900,2093,4675,2025-10-24 02:12:24,778,90,0.27,2025-11-22 02:12:24
901,2094,712,2024-10-29 00:00:47,3477,60,0.274,2024-11-20 00:00:47
902,2095,3304,2025-10-09 06:53:48,3096,30,0.263,2025-10-23 06:53:48
903,2097,4147,2024-05-10 14:10:25,1492,14,0.23,2024-05-20 14:10:25
904,2099,967,2024-05-06 05:51:49,3126,180,0.269,2024-06-27 05:51:49
905,2100,4785,2024-02-15 09:47:49,2512,90,0.273,2024-03-15 09:47:49
906,2104,2769,2025-05-25 01:14:42,2450,120,0.283,2025-07-01 01:14:42
907,2105,3836,2025-06-18 12:26:06,1541,21,0.243,2025-06-30 12:26:06
908,2107,733,2024-09-07 16:04:36,3950,14,0.219,2024-09-17 16:04:36
909,2109,4130,2025-03-07 22:02:43,3392,14,0.235,2025-03-17 22:02:43
910,2110,2525,2025-03-02 13:27:16,4266,60,0.283,2025-03-24 13:27:16
911,2111,3046,2025-10-25 13:52:56,999,14,0.204,2025-11-04 13:52:56
912,2115,3768,2025-02-10 22:29:58,3365,180,0.218,2025-04-03 22:29:58
913,2116,4195,2025-09-30 16:09:34,1217,30,0.267,2025-10-14 16:09:34
914,2118,1710,2025-12-23 15:03:44,3297,90,0.186,2026-01-21 15:03:44
915,2120,777,2024-03-10 16:40:34,1417,90,0.272,2024-04-08 16:40:34
916,2122,4329,2025-09-02 18:21:20,930,30,0.231,2025-09-16 18:21:20
917,2123,17,2025-08-09 20:48:34,4594,21,0.168,2025-08-21 20:48:34
918,2124,1559,2025-10-18 10:26:15,1268,30,0.217,2025-11-01 10:26:15
919,2126,3625,2024-05-24 16:46:21,580,120,0.266,2024-06-30 16:46:21
920,2128,412,2024-04-10 12:27:35,2834,180,0.274,2024-06-01 12:27:35
921,2131,1121,2025-05-24 05:37:53,3819,180,0.197,2025-07-15 05:37:53
922,2133,2003,2024-10-20 08:41:30,4075,180,0.249,2024-12-11 08:41:30
923,2137,882,2024-12-06 20:29:10,3289,30,0.193,2024-12-20 20:29:10
924,2138,2480,2025-09-04 03:18:54,3068,180,0.197,2025-10-26 03:18:54
925,2140,936,2024-09-11 04:28:39,2614,30,0.194,2024-09-25 04:28:39
926,2141,2692,2025-04-15 04:31:24,3450,60,0.2,2025-05-07 04:31:24
927,2142,4473,2024-10-09 12:35:40,2817,90,0.269,2024-11-07 12:35:40
928,2151,591,2024-10-10 01:12:23,4251,30,0.248,2024-10-24 01:12:23
929,2152,4253,2024-10-23 08:37:20,3088,21,0.286,2024-11-04 08:37:20
930,2153,400,2025-02-17 23:29:07,869,7,0.189,2025-02-25 23:29:07
931,2155,1944,2025-06-08 17:54:56,3473,180,0.304,2025-07-30 17:54:56
932,2157,636,2024-11-28 08:53:45,3898,7,0.146,2024-12-06 08:53:45
933,2158,3294,2025-10-25 19:22:50,3456,90,0.27,2025-11-23 19:22:50
934,2162,3135,2024-06-30 15:09:07,3344,21,0.283,2024-07-12 15:09:07
935,2164,4146,2024-03-20 08:44:05,4947,90,0.36,2024-04-18 08:44:05
936,2165,2744,2024-02-06 20:45:45,3281,14,0.203,2024-02-16 20:45:45
937,2166,198,2024-10-08 23:18:09,2819,180,0.247,2024-11-29 23:18:09
938,2167,797,2024-01-30 04:18:34,810,60,0.158,2024-02-21 04:18:34
939,2168,1266,2025-03-13 10:47:35,1019,30,0.325,2025-03-27 10:47:35
940,2170,3934,2024-07-10 13:58:47,2683,14,0.311,2024-07-20 13:58:47
941,2172,418,2025-10-15 10:18:56,1204,7,0.259,2025-10-23 10:18:56
942,2173,1108,2024-10-18 08:43:44,2353,21,0.233,2024-10-30 08:43:44
943,2176,4357,2024-04-02 05:41:08,1006,60,0.317,2024-04-24 05:41:08
944,2178,4426,2025-03-06 04:57:05,3099,30,0.19,2025-03-20 04:57:05
945,2179,2864,2025-11-23 15:11:03,2846,180,0.256,2026-01-14 15:11:03
946,2180,4339,2025-07-01 05:52:47,2306,60,0.247,2025-07-23 05:52:47
947,2185,698,2025-01-21 11:07:01,2909,7,0.182,2025-01-29 11:07:01
948,2186,2138,2024-06-25 19:29:06,1725,14,0.174,2024-07-05 19:29:06
949,2188,2206,2025-08-22 23:15:25,2032,30,0.238,2025-09-05 23:15:25
950,2190,3551,2024-10-23 23:54:37,1056,180,0.241,2024-12-14 23:54:37
951,2192,680,2025-02-01 00:44:35,4264,180,0.274,2025-03-25 00:44:35
952,2194,2890,2024-03-06 14:16:36,4705,14,0.216,2024-03-16 14:16:36
953,2196,2464,2024-11-22 14:07:19,3303,30,0.204,2024-12-06 14:07:19
954,2197,28,2025-09-20 12:07:02,1779,21,0.292,2025-10-02 12:07:02
955,2198,4156,2024-05-18 21:27:24,3898,120,0.211,2024-06-24 21:27:24
956,2199,2308,2024-02-29 19:15:05,2910,120,0.271,2024-04-06 19:15:05
957,2200,1388,2024-11-06 06:56:33,640,180,0.284,2024-12-28 06:56:33
958,2202,1518,2025-10-26 09:13:49,1802,21,0.159,2025-11-07 09:13:49
959,2204,3104,2025-01-22 09:47:02,509,21,0.234,2025-02-03 09:47:02
960,2206,1760,2024-05-26 08:11:26,1256,14,0.224,2024-06-05 08:11:26
961,2209,1661,2025-06-02 13:18:58,574,90,0.35,2025-07-01 13:18:58
962,2213,1526,2024-08-07 22:26:11,1401,7,0.36,2024-08-15 22:26:11
963,2216,3622,2025-10-11 09:27:18,983,21,0.308,2025-10-23 09:27:18
964,2221,4247,2024-02-26 02:11:16,4260,60,0.165,2024-03-19 02:11:16
965,2227,4212,2024-07-31 03:55:31,3431,14,0.182,2024-08-10 03:55:31
966,2230,3693,2024-05-13 10:07:00,3151,60,0.226,2024-06-04 10:07:00
967,2231,9,2025-11-24 19:58:23,2496,90,0.291,2025-12-23 19:58:23
968,2235,4198,2025-11-07 07:56:15,3178,120,0.236,2025-12-14 07:56:15
969,2236,377,2025-04-10 21:12:48,3426,7,0.284,2025-04-18 21:12:48
970,2238,62,2025-08-13 11:09:41,4292,7,0.308,2025-08-21 11:09:41
971,2241,1715,2025-03-11 18:21:57,4845,30,0.206,2025-03-25 18:21:57
972,2245,3396,2024-09-19 14:38:29,2719,30,0.26,2024-10-03 14:38:29
973,2248,2323,2025-04-13 23:51:53,2119,180,0.286,2025-06-04 23:51:53
974,2250,2600,2025-11-29 04:57:44,2674,30,0.29,2025-12-13 04:57:44
975,2251,2128,2024-08-22 11:52:16,968,90,0.235,2024-09-20 11:52:16
976,2252,3126,2024-06-04 18:37:16,3510,30,0.274,2024-06-18 18:37:16
977,2253,4417,2024-09-07 02:34:01,4570,21,0.298,2024-09-19 02:34:01
978,2259,4644,2025-07-28 15:24:29,3685,21,0.179,2025-08-09 15:24:29
979,2260,2923,2024-12-10 18:24:30,1159,7,0.213,2024-12-18 18:24:30
980,2261,694,2024-04-24 08:57:04,2437,14,0.223,2024-05-04 08:57:04
981,2262,335,2025-08-21 01:39:34,4146,90,0.19,2025-09-19 01:39:34
982,2265,4155,2024-04-12 20:15:13,1552,14,0.217,2024-04-22 20:15:13
983,2268,3765,2025-07-22 15:31:58,1401,14,0.236,2025-08-01 15:31:58
984,2269,2438,2025-06-06 04:55:06,2934,14,0.287,2025-06-16 04:55:06
985,2270,3007,2025-10-23 10:49:59,3037,14,0.209,2025-11-02 10:49:59
986,2271,1526,2025-01-04 07:58:47,2746,7,0.226,2025-01-12 07:58:47
987,2272,2574,2024-06-20 18:13:12,884,14,0.238,2024-06-30 18:13:12
988,2273,4673,2025-04-18 11:49:53,4981,90,0.276,2025-05-17 11:49:53
989,2283,2713,2025-10-07 16:47:26,4785,21,0.28,2025-10-19 16:47:26
990,2284,3546,2025-05-11 01:39:19,1583,60,0.297,2025-06-02 01:39:19
991,2292,424,2025-02-06 16:35:40,3962,60,0.142,2025-02-28 16:35:40
992,2293,3822,2024-04-11 07:46:19,2334,14,0.302,2024-04-21 07:46:19
993,2296,1357,2024-05-15 06:30:53,2933,120,0.169,2024-06-21 06:30:53
994,2302,2784,2024-08-23 15:36:45,2829,7,0.128,2024-08-31 15:36:45
995,2303,4262,2024-05-11 22:04:14,2515,180,0.278,2024-07-02 22:04:14
996,2308,478,2025-11-17 18:12:38,3280,7,0.159,2025-11-25 18:12:38
997,2310,4758,2025-04-09 16:27:18,1923,30,0.24,2025-04-23 16:27:18
998,2312,3454,2025-06-08 12:22:48,4215,60,0.263,2025-06-30 12:22:48
999,2313,1138,2025-10-24 22:21:30,4196,120,0.276,2025-11-30 22:21:30
1000,2314,3586,2024-11-19 10:42:43,852,120,0.187,2024-12-26 10:42:43
1001,2315,1784,2025-08-17 12:23:50,1638,30,0.302,2025-08-31 12:23:50
1002,2316,3811,2024-01-31 02:33:57,1906,120,0.18,2024-03-08 02:33:57
1003,2319,2795,2025-08-27 22:23:06,4716,21,0.222,2025-09-08 22:23:06
1004,2322,4670,2025-11-07 20:08:37,3425,120,0.201,2025-12-14 20:08:37
1005,2325,3449,2025-06-07 06:13:06,2166,14,0.277,2025-06-17 06:13:06
1006,2327,259,2025-05-09 11:53:55,4270,90,0.246,2025-06-07 11:53:55
1007,2335,573,2024-01-27 17:50:58,4263,180,0.321,2024-03-19 17:50:58
1008,2342,4061,2024-10-10 22:41:12,2676,7,0.357,2024-10-18 22:41:12
1009,2346,3709,2024-03-14 17:40:32,3348,90,0.196,2024-04-12 17:40:32
1010,2349,807,2024-12-07 00:58:46,4060,7,0.263,2024-12-15 00:58:46
1011,2354,2410,2025-11-01 00:50:05,1549,180,0.197,2025-12-23 00:50:05
1012,2355,4441,2025-05-23 02:47:47,1641,30,0.225,2025-06-06 02:47:47
1013,2356,1144,2025-03-19 22:56:34,2223,7,0.268,2025-03-27 22:56:34
1014,2358,3087,2025-07-23 20:22:42,4238,90,0.218,2025-08-21 20:22:42
1015,2360,3653,2024-04-28 17:40:49,1675,90,0.207,2024-05-27 17:40:49
1016,2362,310,2024-02-27 10:35:04,4558,60,0.333,2024-03-20 10:35:04
1017,2363,3704,2024-08-16 09:56:55,575,7,0.207,2024-08-24 09:56:55
1018,2367,285,2024-05-21 07:45:22,2540,30,0.268,2024-06-04 07:45:22
1019,2371,1806,2024-09-02 21:26:51,3442,180,0.29,2024-10-24 21:26:51
1020,2372,394,2024-03-19 12:21:49,3818,7,0.232,2024-03-27 12:21:49
1021,2376,127,2024-10-01 19:06:48,2622,90,0.298,2024-10-30 19:06:48
1022,2378,3308,2025-11-14 14:43:54,901,180,0.164,2026-01-05 14:43:54
1023,2379,4013,2025-01-28 19:45:50,1557,21,0.195,2025-02-09 19:45:50
1024,2380,1550,2025-11-14 23:24:48,2239,180,0.347,2026-01-05 23:24:48
1025,2383,1742,2025-04-02 22:03:01,599,14,0.258,2025-04-12 22:03:01
1026,2387,2511,2024-07-23 02:04:54,1020,90,0.178,2024-08-21 02:04:54
1027,2389,2987,2024-04-21 00:19:02,1083,21,0.226,2024-05-03 00:19:02
1028,2390,2950,2024-12-03 21:07:51,1905,90,0.218,2025-01-01 21:07:51
1029,2392,4904,2024-05-23 14:57:23,2901,60,0.29,2024-06-14 14:57:23
1030,2393,519,2024-10-07 14:39:32,1351,30,0.237,2024-10-21 14:39:32
1031,2395,3050,2025-05-06 17:13:30,3968,30,0.297,2025-05-20 17:13:30
1032,2396,3916,2024-02-20 13:53:56,4783,7,0.258,2024-02-28 13:53:56
1033,2397,4108,2025-10-11 04:47:15,1624,14,0.285,2025-10-21 04:47:15
1034,2398,2816,2024-05-06 00:17:59,966,21,0.309,2024-05-18 00:17:59
1035,2399,3012,2024-02-28 18:33:42,2182,90,0.226,2024-03-28 18:33:42
1036,2400,2006,2025-05-25 08:07:26,651,60,0.228,2025-06-16 08:07:26
1037,2401,1797,2025-03-19 04:57:07,3712,180,0.166,2025-05-10 04:57:07
1038,2402,2930,2024-07-29 04:31:03,3374,180,0.139,2024-09-19 04:31:03
1039,2404,3114,2024-07-05 08:57:55,4044,120,0.227,2024-08-11 08:57:55
1040,2405,868,2024-09-17 18:52:45,2976,60,0.257,2024-10-09 18:52:45
1041,2411,1546,2024-06-22 09:11:09,4519,90,0.119,2024-07-21 09:11:09
1042,2412,3075,2025-01-19 13:46:23,2144,21,0.318,2025-01-31 13:46:23
1043,2413,574,2024-04-09 13:51:45,2135,14,0.164,2024-04-19 13:51:45
1044,2415,2348,2025-11-23 06:47:25,3618,60,0.244,2025-12-15 06:47:25
1045,2417,259,2024-02-01 18:07:23,757,60,0.292,2024-02-23 18:07:23
1046,2419,3136,2024-05-24 13:27:43,2106,30,0.233,2024-06-07 13:27:43
1047,2420,1256,2024-06-19 23:36:18,3662,180,0.28,2024-08-10 23:36:18
1048,2422,3248,2025-04-06 00:01:53,1630,21,0.293,2025-04-18 00:01:53
1049,2425,4166,2024-05-30 13:06:49,2303,180,0.204,2024-07-21 13:06:49
1050,2426,1236,2024-06-04 15:45:18,3887,30,0.282,2024-06-18 15:45:18
1051,2427,3368,2025-06-05 07:23:00,950,14,0.228,2025-06-15 07:23:00
1052,2428,4883,2024-07-10 02:52:13,2303,7,0.165,2024-07-18 02:52:13
1053,2430,4965,2024-12-08 05:00:29,3298,180,0.236,2025-01-29 05:00:29
1054,2431,4351,2024-06-06 18:01:57,2678,90,0.261,2024-07-05 18:01:57
1055,2435,4578,2025-05-17 08:45:53,1469,60,0.254,2025-06-08 08:45:53
1056,2441,1642,2025-09-14 07:14:07,715,7,0.179,2025-09-22 07:14:07
1057,2442,4978,2025-07-17 02:23:23,1394,21,0.125,2025-07-29 02:23:23
1058,2448,1606,2025-06-10 08:48:47,3790,30,0.188,2025-06-24 08:48:47
1059,2449,3524,2024-09-04 02:05:27,3703,90,0.287,2024-10-03 02:05:27
1060,2451,4187,2024-07-31 09:47:02,545,90,0.167,2024-08-29 09:47:02
1061,2454,3635,2025-01-27 19:42:10,3008,90,0.221,2025-02-25 19:42:10
1062,2458,2301,2025-01-05 07:59:13,3469,180,0.244,2025-02-26 07:59:13
1063,2461,712,2024-02-24 06:20:51,1624,7,0.289,2024-03-03 06:20:51
1064,2462,4574,2025-11-17 06:26:30,4955,180,0.183,2026-01-08 06:26:30
1065,2464,996,2024-06-02 16:24:07,1227,7,0.212,2024-06-10 16:24:07
1066,2465,4643,2025-05-29 07:04:37,1596,120,0.199,2025-07-05 07:04:37
1067,2466,4132,2025-03-09 04:58:38,2631,21,0.234,2025-03-21 04:58:38
1068,2470,2643,2025-09-22 07:26:39,1497,21,0.259,2025-10-04 07:26:39
1069,2471,3154,2025-03-18 21:19:36,3024,60,0.246,2025-04-09 21:19:36
1070,2472,3167,2025-08-29 21:15:58,2274,7,0.267,2025-09-06 21:15:58
1071,2473,1289,2025-06-04 00:53:26,756,14,0.294,2025-06-14 00:53:26
1072,2474,591,2025-10-05 18:13:15,4966,60,0.244,2025-10-27 18:13:15
1073,2477,3057,2025-03-29 19:45:58,3076,14,0.205,2025-04-08 19:45:58
1074,2478,1558,2025-08-22 11:33:13,4940,180,0.224,2025-10-13 11:33:13
1075,2479,4376,2024-07-04 12:13:20,3056,60,0.219,2024-07-26 12:13:20
1076,2481,63,2024-08-07 22:08:38,2646,90,0.128,2024-09-05 22:08:38
1077,2482,3064,2025-03-21 14:07:29,4325,60,0.145,2025-04-12 14:07:29
1078,2484,831,2025-04-18 06:46:07,2821,21,0.219,2025-04-30 06:46:07
1079,2485,2820,2025-11-28 05:44:25,2792,90,0.173,2025-12-27 05:44:25
1080,2488,1394,2024-04-17 11:32:43,3918,180,0.216,2024-06-08 11:32:43
1081,2492,3087,2024-03-10 14:25:46,4247,120,0.328,2024-04-16 14:25:46
1082,2497,846,2024-05-26 04:45:10,2397,21,0.117,2024-06-07 04:45:10
1083,2501,2443,2024-06-27 14:14:48,881,7,0.232,2024-07-05 14:14:48
1084,2502,3712,2025-10-05 10:12:34,2481,180,0.318,2025-11-26 10:12:34
1085,2507,2102,2024-02-12 18:55:16,3680,90,0.226,2024-03-12 18:55:16
1086,2510,3158,2025-02-17 19:47:47,3385,60,0.202,2025-03-11 19:47:47
1087,2512,2840,2024-11-23 02:46:20,1358,60,0.314,2024-12-15 02:46:20
1088,2519,1402,2024-10-13 02:15:08,3188,180,0.288,2024-12-04 02:15:08
1089,2522,4682,2024-04-06 13:38:46,2011,180,0.182,2024-05-28 13:38:46
1090,2530,2634,2025-06-26 11:14:19,4976,7,0.194,2025-07-04 11:14:19
1091,2532,3831,2025-02-28 01:55:12,1871,180,0.248,2025-04-21 01:55:12
1092,2534,4068,2025-06-06 10:21:54,1991,7,0.214,2025-06-14 10:21:54
1093,2537,4797,2025-11-07 21:19:10,872,90,0.297,2025-12-06 21:19:10
1094,2541,2747,2024-07-23 22:53:15,1361,60,0.214,2024-08-14 22:53:15
1095,2542,368,2025-11-17 02:17:46,4449,7,0.249,2025-11-25 02:17:46
1096,2543,3297,2024-01-30 04:02:16,1927,7,0.17,2024-02-07 04:02:16
1097,2544,3786,2025-03-23 16:48:52,3559,30,0.28,2025-04-06 16:48:52
1098,2545,3953,2024-05-15 22:22:36,3611,90,0.25,2024-06-13 22:22:36
1099,2551,1573,2024-11-11 22:07:02,2250,180,0.276,2025-01-02 22:07:02
1100,2552,138,2025-12-03 13:48:48,1732,90,0.178,2026-01-01 13:48:48
1101,2554,4064,2024-07-29 00:59:57,4965,30,0.351,2024-08-12 00:59:57
1102,2555,2296,2025-06-25 07:07:03,2211,7,0.241,2025-07-03 07:07:03
1103,2556,2396,2024-04-14 08:42:56,1402,7,0.185,2024-04-22 08:42:56
1104,2560,4638,2024-09-15 22:51:46,2313,7,0.322,2024-09-23 22:51:46
1105,2562,2236,2024-11-27 08:08:59,4758,7,0.199,2024-12-05 08:08:59
1106,2563,4113,2024-06-30 22:36:51,2403,30,0.163,2024-07-14 22:36:51
1107,2564,1294,2025-06-12 02:22:51,3778,30,0.182,2025-06-26 02:22:51
1108,2569,1634,2025-01-01 11:49:28,3598,7,0.279,2025-01-09 11:49:28
1109,2570,3162,2025-01-12 21:35:54,3440,90,0.212,2025-02-10 21:35:54
1110,2574,1886,2025-02-08 01:40:54,1226,14,0.207,2025-02-18 01:40:54
1111,2575,1654,2025-04-08 08:50:36,3310,14,0.336,2025-04-18 08:50:36
1112,2578,2393,2025-10-31 15:12:57,871,60,0.22,2025-11-22 15:12:57
1113,2579,4342,2024-04-12 21:05:40,3434,60,0.328,2024-05-04 21:05:40
1114,2585,4822,2025-08-19 09:30:49,3101,60,0.302,2025-09-10 09:30:49
1115,2587,3742,2025-11-19 00:00:49,4088,180,0.165,2026-01-10 00:00:49
1116,2590,608,2025-04-16 11:02:02,1361,30,0.267,2025-04-30 11:02:02
1117,2593,1016,2024-10-09 21:56:18,4088,120,0.192,2024-11-15 21:56:18
1118,2597,4686,2024-12-12 00:32:34,4692,30,0.288,2024-12-26 00:32:34
1119,2599,1825,2024-08-24 01:18:56,2006,14,0.217,2024-09-03 01:18:56
1120,2607,322,2024-12-26 18:55:04,2721,60,0.268,2025-01-17 18:55:04
1121,2609,2977,2024-11-15 13:26:23,2450,7,0.215,2024-11-23 13:26:23
1122,2613,4304,2025-04-18 19:54:25,1822,120,0.263,2025-05-25 19:54:25
1123,2614,1669,2024-05-08 02:46:24,597,7,0.348,2024-05-16 02:46:24
1124,2615,725,2024-04-09 00:34:55,958,90,0.196,2024-05-08 00:34:55
1125,2616,4579,2024-12-18 18:07:53,2381,60,0.19,2025-01-09 18:07:53
1126,2619,4971,2025-06-28 04:42:38,3727,30,0.191,2025-07-12 04:42:38
1127,2621,1952,2024-02-23 18:35:47,544,60,0.22,2024-03-16 18:35:47
1128,2622,4934,2025-02-04 02:23:29,4210,180,0.227,2025-03-28 02:23:29
1129,2623,3398,2025-07-16 07:12:32,1845,60,0.231,2025-08-07 07:12:32
1130,2626,4289,2025-11-05 22:05:14,4520,60,0.157,2025-11-27 22:05:14
1131,2627,4244,2024-06-19 10:19:46,1737,7,0.185,2024-06-27 10:19:46
1132,2628,224,2024-10-13 15:10:12,3718,60,0.299,2024-11-04 15:10:12
1133,2631,1738,2025-12-19 02:13:28,2465,90,0.283,2026-01-17 02:13:28
1134,2635,4599,2024-05-31 13:32:06,4495,14,0.219,2024-06-10 13:32:06
1135,2637,3907,2024-06-25 02:07:40,513,21,0.291,2024-07-07 02:07:40
1136,2638,2410,2025-03-06 04:54:05,4048,180,0.214,2025-04-27 04:54:05
1137,2639,1120,2024-11-26 23:27:29,2927,21,0.201,2024-12-08 23:27:29
1138,2642,4683,2024-12-17 01:11:07,559,90,0.261,2025-01-15 01:11:07
1139,2643,2259,2024-04-04 08:41:55,555,14,0.202,2024-04-14 08:41:55
1140,2655,2711,2025-07-25 16:32:00,1482,14,0.228,2025-08-04 16:32:00
1141,2657,2236,2025-05-10 22:31:21,2433,21,0.234,2025-05-22 22:31:21
1142,2658,3286,2024-05-07 20:21:05,1326,30,0.145,2024-05-21 20:21:05
1143,2660,495,2025-01-03 14:05:39,2979,14,0.262,2025-01-13 14:05:39
1144,2663,313,2025-01-09 03:55:07,1214,21,0.27,2025-01-21 03:55:07
1145,2664,84,2025-04-11 22:41:02,671,180,0.254,2025-06-02 22:41:02
1146,2669,1729,2025-08-31 04:14:37,1637,21,0.252,2025-09-12 04:14:37
1147,2670,2250,2024-03-03 09:21:21,4335,14,0.225,2024-03-13 09:21:21
1148,2675,1844,2025-11-07 22:33:50,1293,21,0.193,2025-11-19 22:33:50
1149,2676,841,2025-10-09 05:46:39,564,21,0.209,2025-10-21 05:46:39
1150,2678,3083,2025-03-19 11:39:24,2219,120,0.275,2025-04-25 11:39:24
1151,2680,968,2025-12-04 15:53:10,681,180,0.237,2026-01-25 15:53:10
1152,2683,3021,2025-03-03 06:33:50,1154,14,0.245,2025-03-13 06:33:50
1153,2685,3050,2025-03-02 23:14:38,3514,14,0.171,2025-03-12 23:14:38
1154,2687,2119,2025-05-24 21:27:26,2076,60,0.14,2025-06-15 21:27:26
1155,2689,372,2024-07-25 00:03:38,870,7,0.253,2024-08-02 00:03:38
1156,2692,519,2024-11-10 15:03:15,4399,60,0.25,2024-12-02 15:03:15
1157,2694,4523,2025-03-11 22:36:31,2462,120,0.227,2025-04-17 22:36:31
1158,2697,2183,2024-06-06 18:13:28,3525,90,0.252,2024-07-05 18:13:28
1159,2703,3679,2025-10-05 10:02:32,2504,14,0.263,2025-10-15 10:02:32
1160,2706,2720,2025-08-03 20:36:20,3152,90,0.216,2025-09-01 20:36:20
1161,2707,1203,2024-03-04 13:03:11,2647,90,0.126,2024-04-02 13:03:11
1162,2708,4836,2025-06-03 03:53:22,4127,180,0.218,2025-07-25 03:53:22
1163,2711,3670,2025-09-04 02:59:23,1004,21,0.279,2025-09-16 02:59:23
1164,2712,398,2024-09-15 18:47:15,828,14,0.176,2024-09-25 18:47:15
1165,2714,3781,2024-03-03 15:21:52,3668,21,0.265,2024-03-15 15:21:52
1166,2715,1226,2025-05-05 06:20:05,1122,7,0.261,2025-05-13 06:20:05
1167,2716,3531,2024-06-21 08:23:38,1933,30,0.232,2024-07-05 08:23:38
1168,2718,474,2024-06-17 22:44:06,3864,21,0.277,2024-06-29 22:44:06
1169,2722,4482,2025-01-18 20:58:33,1109,14,0.193,2025-01-28 20:58:33
1170,2724,273,2025-06-01 03:02:53,1647,7,0.217,2025-06-09 03:02:53
1171,2731,4237,2025-07-13 01:40:46,1281,90,0.288,2025-08-11 01:40:46
1172,2733,11,2025-06-04 02:32:20,2761,14,0.234,2025-06-14 02:32:20
1173,2734,1283,2025-08-28 13:07:42,2248,120,0.265,2025-10-04 13:07:42
1174,2735,902,2024-02-22 03:50:36,1640,21,0.245,2024-03-05 03:50:36
1175,2737,124,2024-06-11 21:46:40,4808,30,0.161,2024-06-25 21:46:40
1176,2738,2647,2024-11-02 22:31:10,3104,14,0.196,2024-11-12 22:31:10
1177,2740,3025,2025-12-16 18:58:28,1598,120,0.264,2026-01-22 18:58:28
1178,2742,2874,2024-02-26 22:34:48,4047,180,0.258,2024-04-18 22:34:48
1179,2743,4204,2024-04-08 03:47:49,3639,90,0.313,2024-05-07 03:47:49
1180,2744,643,2025-10-04 02:49:08,832,90,0.198,2025-11-02 02:49:08
1181,2746,1643,2024-11-05 15:20:09,3102,90,0.267,2024-12-04 15:20:09
1182,2751,880,2025-01-21 12:27:17,4186,21,0.181,2025-02-02 12:27:17
1183,2752,1220,2025-10-02 05:19:02,1853,30,0.253,2025-10-16 05:19:02
1184,2754,2124,2024-06-12 05:12:22,3280,60,0.226,2024-07-04 05:12:22
1185,2755,3653,2025-09-29 20:31:18,2443,120,0.281,2025-11-05 20:31:18
1186,2756,490,2024-02-20 22:14:32,2298,120,0.191,2024-03-28 22:14:32
1187,2757,1135,2024-08-16 08:29:33,3634,21,0.137,2024-08-28 08:29:33
1188,2758,3232,2024-10-15 09:56:14,3696,60,0.213,2024-11-06 09:56:14
1189,2762,148,2025-06-28 03:48:21,971,30,0.206,2025-07-12 03:48:21
1190,2766,3365,2024-10-24 07:48:06,2119,180,0.181,2024-12-15 07:48:06
1191,2767,4221,2025-03-04 21:02:10,1862,7,0.289,2025-03-12 21:02:10
1192,2769,738,2025-03-17 04:19:46,2765,60,0.237,2025-04-08 04:19:46
1193,2770,1471,2024-08-16 19:40:38,559,60,0.285,2024-09-07 19:40:38
1194,2772,4565,2024-04-21 00:46:47,1284,30,0.233,2024-05-05 00:46:47
1195,2774,4612,2024-12-28 02:13:20,4456,180,0.23,2025-02-18 02:13:20
1196,2776,4411,2025-12-12 01:45:46,3980,7,0.283,2025-12-20 01:45:46
1197,2778,4510,2025-08-03 03:49:05,2107,180,0.197,2025-09-24 03:49:05
1198,2779,4307,2025-07-18 21:59:30,2331,180,0.347,2025-09-08 21:59:30
1199,2783,4473,2025-07-26 08:39:46,3282,180,0.24,2025-09-16 08:39:46
1200,2785,2307,2024-10-24 06:05:04,1673,14,0.29,2024-11-03 06:05:04
1201,2786,2035,2024-11-02 01:27:21,4562,90,0.155,2024-12-01 01:27:21
1202,2788,1561,2024-12-03 20:36:02,585,21,0.292,2024-12-15 20:36:02
1203,2789,2095,2024-06-29 10:43:48,2608,21,0.176,2024-07-11 10:43:48
1204,2790,3890,2025-09-15 10:20:00,630,7,0.23,2025-09-23 10:20:00
1205,2791,2438,2025-12-03 15:18:17,2962,30,0.309,2025-12-17 15:18:17
1206,2793,1460,2025-04-07 10:06:06,2800,21,0.252,2025-04-19 10:06:06
1207,2797,2190,2024-04-03 06:28:47,3347,7,0.27,2024-04-11 06:28:47
1208,2798,1847,2024-06-13 13:45:05,1889,30,0.115,2024-06-27 13:45:05
1209,2805,1547,2024-05-09 01:14:02,1556,30,0.132,2024-05-23 01:14:02
1210,2806,3587,2025-11-18 05:43:32,967,7,0.206,2025-11-26 05:43:32
1211,2807,2552,2024-06-14 08:21:30,3761,60,0.237,2024-07-06 08:21:30
1212,2808,2304,2024-08-25 12:09:05,2552,180,0.185,2024-10-16 12:09:05
1213,2809,42,2025-01-25 19:38:42,990,180,0.226,2025-03-18 19:38:42
1214,2811,975,2025-01-27 19:27:17,3970,60,0.311,2025-02-18 19:27:17
1215,2813,3655,2025-12-17 11:45:25,1610,7,0.27,2025-12-25 11:45:25
1216,2815,2797,2025-04-25 12:35:09,1332,30,0.177,2025-05-09 12:35:09
1217,2817,4509,2025-03-22 13:50:00,2775,180,0.174,2025-05-13 13:50:00
1218,2824,614,2025-07-21 20:20:12,609,14,0.312,2025-07-31 20:20:12
1219,2827,1003,2024-06-30 09:26:47,1182,14,0.208,2024-07-10 09:26:47
1220,2830,4059,2025-05-06 12:29:34,3330,180,0.18,2025-06-27 12:29:34
1221,2834,4263,2024-02-12 04:33:29,1538,30,0.248,2024-02-26 04:33:29
1222,2835,2844,2024-06-26 17:53:04,1096,14,0.249,2024-07-06 17:53:04
1223,2837,3021,2024-08-22 06:09:23,3718,14,0.245,2024-09-01 06:09:23
1224,2838,2103,2025-08-16 03:32:12,2487,60,0.217,2025-09-07 03:32:12
1225,2839,4647,2024-02-16 08:20:31,4810,120,0.273,2024-03-24 08:20:31
1226,2840,998,2024-09-28 18:30:27,1040,7,0.273,2024-10-06 18:30:27
1227,2842,4218,2024-10-17 21:47:10,3561,120,0.202,2024-11-23 21:47:10
1228,2848,4887,2025-11-13 20:56:29,2700,14,0.185,2025-11-23 20:56:29
1229,2849,486,2025-07-27 01:21:51,2395,30,0.197,2025-08-10 01:21:51
1230,2853,2261,2025-12-22 21:03:19,1043,90,0.233,2026-01-20 21:03:19
1231,2857,3149,2024-05-10 17:47:36,1710,30,0.182,2024-05-24 17:47:36
1232,2860,4291,2025-03-11 20:25:50,1415,60,0.175,2025-04-02 20:25:50
1233,2861,2039,2025-08-17 15:06:43,4963,21,0.223,2025-08-29 15:06:43
1234,2862,3173,2025-11-20 14:22:29,2848,180,0.233,2026-01-11 14:22:29
1235,2864,4631,2025-09-25 01:15:04,3077,90,0.229,2025-10-24 01:15:04
1236,2870,4840,2024-05-13 08:06:14,1671,180,0.247,2024-07-04 08:06:14
1237,2871,4176,2025-06-19 20:59:24,2058,30,0.117,2025-07-03 20:59:24
1238,2872,3830,2024-12-26 00:36:08,1073,60,0.216,2025-01-17 00:36:08
1239,2873,2122,2025-09-26 22:36:52,2118,60,0.195,2025-10-18 22:36:52
1240,2875,4998,2024-09-23 02:54:25,3694,30,0.242,2024-10-07 02:54:25
1241,2877,3854,2024-10-09 19:57:25,3384,180,0.283,2024-11-30 19:57:25
1242,2879,4197,2024-05-02 10:16:55,1109,7,0.313,2024-05-10 10:16:55
1243,2884,3716,2025-09-11 14:57:01,908,90,0.148,2025-10-10 14:57:01
1244,2885,4041,2024-06-02 20:01:18,4277,30,0.26,2024-06-16 20:01:18
1245,2886,549,2024-06-22 00:08:24,1635,14,0.315,2024-07-02 00:08:24
1246,2888,1587,2024-03-14 09:38:14,3394,14,0.303,2024-03-24 09:38:14
1247,2891,1665,2025-10-23 06:19:57,1554,21,0.259,2025-11-04 06:19:57
1248,2893,426,2024-05-29 06:39:44,3337,180,0.281,2024-07-20 06:39:44
1249,2895,3990,2024-06-19 13:05:38,2562,120,0.231,2024-07-26 13:05:38
1250,2903,3679,2025-05-21 21:58:23,3638,180,0.286,2025-07-12 21:58:23
1251,2905,4876,2025-09-10 09:16:26,646,14,0.189,2025-09-20 09:16:26
1252,2910,2355,2024-06-10 03:33:02,3244,60,0.189,2024-07-02 03:33:02
1253,2915,4677,2024-04-15 16:13:53,1079,60,0.314,2024-05-07 16:13:53
1254,2916,1135,2025-05-02 18:37:55,966,21,0.36,2025-05-14 18:37:55
1255,2917,1228,2024-12-22 06:05:03,1821,120,0.205,2025-01-28 06:05:03
1256,2919,2465,2025-08-02 17:04:47,3926,180,0.256,2025-09-23 17:04:47
1257,2920,4535,2024-08-16 16:45:50,4517,120,0.334,2024-09-22 16:45:50
1258,2922,1470,2024-09-12 01:09:29,3914,30,0.264,2024-09-26 01:09:29
1259,2923,3791,2025-07-27 12:39:48,3550,90,0.274,2025-08-25 12:39:48
1260,2924,3245,2024-05-05 14:34:24,4051,14,0.26,2024-05-15 14:34:24
1261,2925,3793,2025-06-24 00:33:33,4736,180,0.239,2025-08-15 00:33:33
1262,2928,874,2024-07-15 02:51:59,4357,60,0.247,2024-08-06 02:51:59
1263,2930,3235,2025-05-08 05:58:15,4461,180,0.288,2025-06-29 05:58:15
1264,2932,2834,2025-07-20 01:19:15,4166,14,0.204,2025-07-30 01:19:15
1265,2933,1990,2024-05-11 17:28:05,1665,7,0.313,2024-05-19 17:28:05
1266,2934,1773,2024-09-06 08:06:53,3321,30,0.227,2024-09-20 08:06:53
1267,2936,89,2024-09-18 15:25:13,2468,180,0.237,2024-11-09 15:25:13
1268,2939,1069,2024-10-08 15:58:27,1839,14,0.318,2024-10-18 15:58:27
1269,2940,4863,2024-02-21 15:23:19,4078,21,0.237,2024-03-04 15:23:19
1270,2941,3845,2024-10-27 01:30:59,4196,7,0.208,2024-11-04 01:30:59
1271,2942,1496,2024-05-29 00:11:31,4569,21,0.205,2024-06-10 00:11:31
1272,2944,3490,2025-02-14 05:31:00,2421,14,0.306,2025-02-24 05:31:00
1273,2946,428,2024-03-07 02:31:05,4094,90,0.269,2024-04-05 02:31:05
1274,2947,2554,2025-01-06 13:37:28,564,120,0.226,2025-02-12 13:37:28
1275,2948,4588,2024-06-05 00:41:07,2849,21,0.348,2024-06-17 00:41:07
1276,2949,1103,2024-06-28 03:56:38,2811,180,0.228,2024-08-19 03:56:38
1277,2950,1280,2025-02-01 12:15:55,2548,60,0.176,2025-02-23 12:15:55
1278,2951,136,2025-01-31 00:41:07,1298,30,0.176,2025-02-14 00:41:07
1279,2952,1003,2024-05-06 12:38:23,4416,14,0.18,2024-05-16 12:38:23
1280,2959,4642,2025-02-07 09:53:22,3020,21,0.184,2025-02-19 09:53:22
1281,2960,1067,2024-07-26 21:01:14,1928,90,0.214,2024-08-24 21:01:14
1282,2963,2531,2024-06-13 06:58:14,1594,60,0.186,2024-07-05 06:58:14
1283,2964,26,2025-04-24 11:03:56,2047,90,0.293,2025-05-23 11:03:56
1284,2967,2008,2024-05-01 14:00:39,3570,14,0.266,2024-05-11 14:00:39
1285,2970,943,2025-12-05 12:56:59,2528,14,0.333,2025-12-15 12:56:59
1286,2973,2711,2025-11-15 11:41:28,2146,14,0.311,2025-11-25 11:41:28
1287,2976,1615,2025-03-08 09:27:07,1471,14,0.193,2025-03-18 09:27:07
1288,2977,1821,2025-04-13 15:18:00,3478,7,0.25,2025-04-21 15:18:00
1289,2979,2612,2024-11-21 21:43:08,2782,30,0.342,2024-12-05 21:43:08
1290,2985,3565,2024-02-25 08:59:15,3876,90,0.24,2024-03-25 08:59:15
1291,2988,513,2024-12-07 03:04:20,2576,21,0.3,2024-12-19 03:04:20
1292,2992,534,2024-04-30 19:54:33,1514,180,0.248,2024-06-21 19:54:33
1293,2993,4594,2024-08-09 20:17:16,1652,21,0.281,2024-08-21 20:17:16
1294,2994,3341,2025-12-10 07:18:23,755,90,0.259,2026-01-08 07:18:23
1295,2996,4228,2025-05-22 19:13:06,2901,14,0.249,2025-06-01 19:13:06
1296,2997,1313,2024-01-31 04:18:58,4976,30,0.179,2024-02-14 04:18:58
1297,2998,52,2025-08-21 15:28:53,890,21,0.212,2025-09-02 15:28:53
1298,3001,1317,2025-05-09 09:37:24,1982,7,0.204,2025-05-17 09:37:24
1299,3002,320,2025-04-28 23:39:01,2088,90,0.252,2025-05-27 23:39:01
1300,3003,1999,2025-05-28 01:21:27,1381,60,0.309,2025-06-19 01:21:27
1301,3004,4682,2025-03-08 05:43:49,2491,30,0.165,2025-03-22 05:43:49
1302,3009,1085,2024-11-21 16:34:19,4521,30,0.323,2024-12-05 16:34:19
1303,3012,1978,2025-01-17 00:59:31,2906,30,0.344,2025-01-31 00:59:31
1304,3015,3796,2024-11-21 15:31:42,3496,60,0.286,2024-12-13 15:31:42
1305,3016,1958,2024-05-21 19:57:53,3174,21,0.174,2024-06-02 19:57:53
1306,3018,2501,2025-07-10 08:48:28,1710,120,0.272,2025-08-16 08:48:28
1307,3020,2724,2024-02-14 06:04:37,3366,60,0.235,2024-03-07 06:04:37
1308,3021,2445,2025-10-15 09:26:05,4030,60,0.184,2025-11-06 09:26:05
1309,3025,381,2025-12-13 07:14:52,2758,90,0.223,2026-01-11 07:14:52
1310,3031,4160,2024-05-04 20:20:25,705,60,0.261,2024-05-26 20:20:25
1311,3034,2578,2024-08-05 13:33:03,4699,14,0.189,2024-08-15 13:33:03
1312,3035,3951,2024-04-07 17:28:52,3425,30,0.162,2024-04-21 17:28:52
1313,3037,1118,2025-03-03 17:29:18,1651,21,0.18,2025-03-15 17:29:18
1314,3038,263,2024-04-02 15:25:53,2970,21,0.275,2024-04-14 15:25:53
1315,3039,502,2024-04-07 01:34:14,1674,7,0.173,2024-04-15 01:34:14
1316,3041,4738,2024-02-20 03:41:52,4956,120,0.249,2024-03-28 03:41:52
1317,3042,2187,2024-09-05 02:27:18,4516,90,0.275,2024-10-04 02:27:18
1318,3044,2531,2024-11-26 12:08:59,4108,30,0.31,2024-12-10 12:08:59
1319,3048,2856,2024-02-26 16:28:48,1286,7,0.204,2024-03-05 16:28:48
1320,3050,1997,2024-05-26 01:43:34,4000,14,0.251,2024-06-05 01:43:34
1321,3056,2096,2025-09-15 06:03:33,804,30,0.224,2025-09-29 06:03:33
1322,3057,1749,2025-08-22 14:57:55,3023,30,0.268,2025-09-05 14:57:55
1323,3058,3201,2025-12-03 21:11:25,4108,120,0.193,2026-01-09 21:11:25
1324,3059,3503,2024-05-25 04:27:59,4620,90,0.219,2024-06-23 04:27:59
1325,3060,2277,2025-09-21 04:22:52,3389,21,0.189,2025-10-03 04:22:52
1326,3062,4069,2025-08-14 03:14:36,3426,180,0.149,2025-10-05 03:14:36
1327,3063,3846,2024-11-21 10:55:17,3127,14,0.257,2024-12-01 10:55:17
1328,3064,3052,2025-04-20 23:41:33,1416,21,0.289,2025-05-02 23:41:33
1329,3065,1989,2024-11-12 19:23:51,982,90,0.198,2024-12-11 19:23:51
1330,3066,2193,2025-10-30 02:24:08,2811,14,0.237,2025-11-09 02:24:08
1331,3067,1409,2025-07-03 10:58:38,3958,30,0.322,2025-07-17 10:58:38
1332,3068,1455,2025-10-12 08:13:51,1091,90,0.168,2025-11-10 08:13:51
1333,3072,4967,2025-09-28 16:23:22,2279,60,0.297,2025-10-20 16:23:22
1334,3074,1704,2025-02-11 11:05:08,2934,7,0.243,2025-02-19 11:05:08
1335,3075,4758,2025-04-09 17:51:09,4567,180,0.255,2025-05-31 17:51:09
1336,3076,125,2025-01-14 02:47:00,2515,90,0.231,2025-02-12 02:47:00
1337,3077,1217,2025-12-01 05:19:28,4541,180,0.197,2026-01-22 05:19:28
1338,3078,95,2025-06-01 20:40:02,2550,21,0.246,2025-06-13 20:40:02
1339,3079,2532,2024-03-03 04:36:43,3478,30,0.166,2024-03-17 04:36:43
1340,3080,3148,2024-10-12 08:35:09,2171,14,0.138,2024-10-22 08:35:09
1341,3084,234,2025-10-21 15:01:38,1531,7,0.249,2025-10-29 15:01:38
1342,3087,4252,2025-09-13 19:38:16,4065,120,0.164,2025-10-20 19:38:16
1343,3090,3624,2024-03-02 04:17:19,3558,7,0.26,2024-03-10 04:17:19
1344,3091,4886,2025-04-08 18:25:56,2383,180,0.248,2025-05-30 18:25:56
1345,3092,4622,2025-02-07 01:40:54,568,14,0.299,2025-02-17 01:40:54
1346,3095,1642,2025-07-16 05:47:32,1305,14,0.274,2025-07-26 05:47:32
1347,3096,4465,2024-05-26 14:13:07,2342,7,0.247,2024-06-03 14:13:07
1348,3097,2462,2025-05-21 12:37:20,1867,120,0.27,2025-06-27 12:37:20
1349,3099,3765,2024-12-12 13:38:42,534,180,0.234,2025-02-02 13:38:42
1350,3103,1747,2024-08-18 02:17:43,822,7,0.224,2024-08-26 02:17:43
1351,3104,1157,2024-09-06 13:14:50,1675,21,0.212,2024-09-18 13:14:50
1352,3108,4409,2025-03-15 12:12:59,3928,21,0.29,2025-03-27 12:12:59
1353,3112,68,2025-03-04 21:38:34,3161,60,0.201,2025-03-26 21:38:34
1354,3114,1064,2024-10-19 04:03:07,1269,14,0.207,2024-10-29 04:03:07
1355,3117,237,2024-09-13 11:35:17,600,60,0.226,2024-10-05 11:35:17
1356,3120,4510,2025-06-18 14:20:55,959,180,0.244,2025-08-09 14:20:55
1357,3121,2964,2024-10-04 22:26:36,3718,180,0.202,2024-11-25 22:26:36
1358,3122,4456,2025-08-31 03:13:01,3149,90,0.224,2025-09-29 03:13:01
1359,3123,3092,2025-03-29 07:59:51,3967,90,0.223,2025-04-27 07:59:51
1360,3132,3055,2025-11-01 15:40:14,1243,60,0.231,2025-11-23 15:40:14
1361,3133,3664,2024-11-03 06:59:30,2362,30,0.22,2024-11-17 06:59:30
1362,3134,1400,2025-03-31 10:16:45,1415,7,0.223,2025-04-08 10:16:45
1363,3135,4008,2025-03-13 06:22:33,1611,180,0.152,2025-05-04 06:22:33
1364,3137,2489,2024-08-25 19:08:49,3589,14,0.274,2024-09-04 19:08:49
1365,3138,1455,2025-10-05 10:02:08,802,21,0.196,2025-10-17 10:02:08
1366,3139,1708,2025-11-02 22:52:01,3403,21,0.227,2025-11-14 22:52:01
1367,3140,2244,2024-05-19 06:44:56,2983,90,0.203,2024-06-17 06:44:56
1368,3144,3059,2025-06-11 03:19:01,3040,7,0.291,2025-06-19 03:19:01
1369,3147,5,2024-10-17 03:07:04,3903,30,0.243,2024-10-31 03:07:04
1370,3148,3087,2024-06-09 07:04:04,904,14,0.291,2024-06-19 07:04:04
1371,3150,714,2024-11-30 11:39:13,654,90,0.276,2024-12-29 11:39:13
1372,3151,4867,2025-04-09 06:48:05,3593,14,0.217,2025-04-19 06:48:05
1373,3152,3613,2025-05-27 13:51:51,3255,30,0.25,2025-06-10 13:51:51
1374,3153,1575,2025-07-08 07:27:44,2356,180,0.264,2025-08-29 07:27:44
1375,3155,4624,2025-12-14 07:11:14,4579,21,0.183,2025-12-26 07:11:14
1376,3157,3466,2024-04-07 22:26:40,2619,120,0.315,2024-05-14 22:26:40
1377,3159,170,2024-04-22 18:55:50,4599,120,0.306,2024-05-29 18:55:50
1378,3163,3827,2025-11-28 04:12:01,3165,120,0.307,2026-01-04 04:12:01
1379,3164,4523,2025-10-28 10:12:18,4205,120,0.242,2025-12-04 10:12:18
1380,3166,3142,2024-05-31 07:38:56,666,21,0.226,2024-06-12 07:38:56
1381,3167,4418,2025-04-02 01:21:41,2895,7,0.188,2025-04-10 01:21:41
1382,3168,2080,2024-02-13 05:10:51,3476,30,0.312,2024-02-27 05:10:51
1383,3169,914,2024-09-18 23:07:30,2423,30,0.25,2024-10-02 23:07:30
1384,3172,3795,2024-03-08 04:05:22,4478,60,0.351,2024-03-30 04:05:22
1385,3174,4463,2024-08-16 09:31:27,1524,60,0.194,2024-09-07 09:31:27
1386,3175,4287,2024-12-23 11:59:57,3173,7,0.143,2024-12-31 11:59:57
1387,3180,2850,2024-08-14 06:55:53,869,180,0.191,2024-10-05 06:55:53
1388,3182,2882,2024-09-05 17:38:51,2771,60,0.26,2024-09-27 17:38:51
1389,3186,3451,2025-01-09 01:37:28,1924,30,0.188,2025-01-23 01:37:28
1390,3188,4339,2025-04-26 23:24:05,2275,180,0.181,2025-06-17 23:24:05
1391,3189,4917,2025-08-22 09:59:27,2227,90,0.31,2025-09-20 09:59:27
1392,3191,2585,2025-05-22 17:01:43,2359,180,0.236,2025-07-13 17:01:43
1393,3192,3101,2024-11-25 14:51:32,3771,60,0.272,2024-12-17 14:51:32
1394,3197,1298,2025-03-24 22:30:23,568,14,0.172,2025-04-03 22:30:23
1395,3198,3100,2025-08-04 20:38:55,3484,60,0.207,2025-08-26 20:38:55
1396,3201,609,2024-04-14 20:49:51,1133,7,0.269,2024-04-22 20:49:51
1397,3210,3607,2024-03-20 20:34:14,576,7,0.262,2024-03-28 20:34:14
1398,3212,4381,2024-10-14 22:52:40,4664,90,0.351,2024-11-12 22:52:40
1399,3214,1473,2025-11-27 13:56:58,2657,90,0.207,2025-12-26 13:56:58
1400,3215,3550,2025-07-04 15:44:05,1720,7,0.257,2025-07-12 15:44:05
1401,3219,2938,2025-06-22 12:17:47,4582,180,0.268,2025-08-13 12:17:47
1402,3220,78,2025-04-27 18:27:08,687,60,0.267,2025-05-19 18:27:08
1403,3221,3235,2025-09-21 15:43:05,4551,14,0.253,2025-10-01 15:43:05
1404,3223,1446,2025-05-31 13:03:08,1210,14,0.25,2025-06-10 13:03:08
1405,3225,1985,2025-12-04 05:17:29,2495,30,0.291,2025-12-18 05:17:29
1406,3227,361,2024-06-30 09:14:52,2465,14,0.227,2024-07-10 09:14:52
1407,3228,3059,2024-08-07 07:46:30,3378,30,0.302,2024-08-21 07:46:30
1408,3229,2241,2024-10-07 20:28:50,4525,7,0.21,2024-10-15 20:28:50
1409,3230,4279,2025-01-02 04:09:44,1833,90,0.169,2025-01-31 04:09:44
1410,3231,4954,2024-10-02 00:09:36,4435,120,0.331,2024-11-08 00:09:36
1411,3234,2176,2025-03-22 19:21:36,3722,60,0.237,2025-04-13 19:21:36
1412,3236,1852,2025-08-04 17:55:47,2076,180,0.184,2025-09-25 17:55:47
1413,3237,2396,2024-05-06 15:56:55,2992,7,0.259,2024-05-14 15:56:55
1414,3240,4435,2025-10-06 16:19:13,3380,90,0.199,2025-11-04 16:19:13
1415,3242,4806,2025-09-20 11:08:42,2159,180,0.31,2025-11-11 11:08:42
1416,3246,1668,2024-09-03 14:31:36,1058,90,0.214,2024-10-02 14:31:36
1417,3249,2001,2025-08-26 07:52:11,1087,120,0.267,2025-10-02 07:52:11
1418,3253,2866,2024-04-09 03:17:37,1669,30,0.287,2024-04-23 03:17:37
1419,3255,93,2024-08-14 08:27:15,4254,90,0.231,2024-09-12 08:27:15
1420,3262,2303,2024-08-07 10:10:21,2261,30,0.234,2024-08-21 10:10:21
1421,3264,1541,2024-09-04 18:02:47,2441,120,0.278,2024-10-11 18:02:47
1422,3265,417,2025-03-05 19:15:02,4999,7,0.251,2025-03-13 19:15:02
1423,3266,2869,2025-05-18 01:45:55,874,90,0.208,2025-06-16 01:45:55
1424,3268,2439,2025-05-21 12:12:00,1397,60,0.191,2025-06-12 12:12:00
1425,3269,4259,2024-02-21 20:47:23,2414,120,0.247,2024-03-29 20:47:23
1426,3271,409,2025-09-22 16:26:26,4647,90,0.253,2025-10-21 16:26:26
1427,3276,1753,2024-11-05 10:44:19,3516,30,0.278,2024-11-19 10:44:19
1428,3277,1578,2025-02-22 14:49:24,2380,90,0.298,2025-03-23 14:49:24
1429,3279,1566,2025-11-30 15:49:55,1773,180,0.192,2026-01-21 15:49:55
1430,3283,71,2025-11-01 05:09:12,2593,180,0.235,2025-12-23 05:09:12
1431,3284,1712,2025-06-12 00:11:39,1374,7,0.258,2025-06-20 00:11:39
1432,3288,4911,2025-01-21 17:11:30,2827,120,0.209,2025-02-27 17:11:30
1433,3290,2396,2025-06-05 19:52:14,4787,60,0.201,2025-06-27 19:52:14
1434,3292,4551,2025-03-19 22:46:59,3465,60,0.275,2025-04-10 22:46:59
1435,3293,281,2025-01-30 04:28:34,2434,14,0.219,2025-02-09 04:28:34
1436,3295,2628,2025-11-20 20:08:39,2013,7,0.136,2025-11-28 20:08:39
1437,3297,3506,2024-10-07 05:18:16,4724,21,0.253,2024-10-19 05:18:16
1438,3298,2318,2025-02-20 17:34:04,3068,7,0.35,2025-02-28 17:34:04
1439,3301,1312,2024-10-05 19:37:31,2302,21,0.273,2024-10-17 19:37:31
1440,3302,1528,2024-11-16 01:56:28,3396,180,0.301,2025-01-07 01:56:28
1441,3309,2507,2024-11-04 13:54:43,3179,30,0.209,2024-11-18 13:54:43
1442,3310,3449,2024-07-05 04:32:29,1339,30,0.19,2024-07-19 04:32:29
1443,3314,1848,2025-05-20 19:33:02,2849,21,0.284,2025-06-01 19:33:02
1444,3315,530,2024-05-24 23:08:26,949,14,0.238,2024-06-03 23:08:26
1445,3320,4579,2025-04-18 00:57:24,3210,7,0.213,2025-04-26 00:57:24
1446,3323,1185,2024-12-06 01:07:53,1350,21,0.28,2024-12-18 01:07:53
1447,3325,4513,2025-07-30 01:52:47,4066,21,0.25,2025-08-11 01:52:47
1448,3328,11,2025-08-10 07:10:20,1049,14,0.266,2025-08-20 07:10:20
1449,3334,677,2025-10-26 21:04:27,1324,60,0.169,2025-11-17 21:04:27
1450,3335,4642,2025-09-23 01:26:23,1819,7,0.291,2025-10-01 01:26:23
1451,3336,2084,2024-10-09 21:55:13,1847,30,0.264,2024-10-23 21:55:13
1452,3340,1725,2024-11-24 14:42:37,4532,120,0.276,2024-12-31 14:42:37
1453,3342,3198,2025-03-29 15:31:59,4758,7,0.146,2025-04-06 15:31:59
1454,3359,1326,2024-02-03 20:45:13,2552,14,0.227,2024-02-13 20:45:13
1455,3360,3164,2024-10-01 01:12:05,2906,21,0.191,2024-10-13 01:12:05
1456,3364,3030,2024-12-22 21:40:14,4691,90,0.236,2025-01-20 21:40:14
1457,3366,559,2025-03-05 07:55:34,3549,30,0.236,2025-03-19 07:55:34
1458,3367,2093,2024-04-16 07:14:08,2742,120,0.283,2024-05-23 07:14:08
1459,3371,4524,2025-02-21 15:37:58,1317,7,0.304,2025-03-01 15:37:58
1460,3376,3019,2025-11-03 02:01:44,4468,90,0.305,2025-12-02 02:01:44
1461,3379,78,2025-01-18 22:45:01,3760,60,0.307,2025-02-09 22:45:01
1462,3380,1074,2025-06-08 13:54:21,4112,30,0.158,2025-06-22 13:54:21
1463,3382,3254,2024-03-19 10:22:48,2591,30,0.238,2024-04-02 10:22:48
1464,3383,2900,2024-03-20 05:22:17,2652,90,0.213,2024-04-18 05:22:17
1465,3386,530,2025-09-22 10:50:55,2640,90,0.26,2025-10-21 10:50:55
1466,3388,643,2025-03-17 02:07:38,2007,21,0.191,2025-03-29 02:07:38
1467,3390,1988,2024-08-20 07:59:36,3125,30,0.207,2024-09-03 07:59:36
1468,3392,3890,2025-08-16 14:41:51,1318,90,0.261,2025-09-14 14:41:51
1469,3394,2369,2025-09-12 07:00:16,3478,21,0.336,2025-09-24 07:00:16
1470,3396,4950,2024-03-04 21:58:29,732,60,0.322,2024-03-26 21:58:29
1471,3397,1045,2025-08-25 11:07:50,2774,60,0.276,2025-09-16 11:07:50
1472,3400,837,2024-06-15 22:15:58,4103,30,0.252,2024-06-29 22:15:58
1473,3405,3143,2025-08-20 13:39:07,2048,60,0.167,2025-09-11 13:39:07
1474,3408,4105,2024-08-25 11:55:41,3992,90,0.322,2024-09-23 11:55:41
1475,3409,301,2025-10-03 04:02:32,2220,180,0.357,2025-11-24 04:02:32
1476,3410,1311,2024-09-11 14:44:33,3140,90,0.154,2024-10-10 14:44:33
1477,3414,1375,2024-02-29 06:59:14,2375,30,0.227,2024-03-14 06:59:14
1478,3415,1199,2025-10-26 10:29:08,1459,30,0.29,2025-11-09 10:29:08
1479,3420,4009,2025-03-23 01:48:27,4351,120,0.307,2025-04-29 01:48:27
1480,3422,585,2024-05-15 22:53:44,2326,90,0.161,2024-06-13 22:53:44
1481,3423,2088,2025-09-10 08:43:50,4931,7,0.142,2025-09-18 08:43:50
1482,3424,4239,2024-03-04 12:09:52,3493,14,0.272,2024-03-14 12:09:52
1483,3425,2359,2024-05-20 03:14:30,3224,14,0.237,2024-05-30 03:14:30
1484,3427,3031,2024-03-07 23:48:09,3324,180,0.347,2024-04-28 23:48:09
1485,3430,2700,2024-03-23 08:17:00,2188,90,0.198,2024-04-21 08:17:00
1486,3433,493,2024-02-26 03:55:43,590,7,0.18,2024-03-05 03:55:43
1487,3434,2312,2024-09-09 01:45:58,956,120,0.293,2024-10-16 01:45:58
1488,3436,470,2024-09-10 01:08:23,2990,14,0.291,2024-09-20 01:08:23
1489,3437,2811,2025-09-25 23:07:46,4298,90,0.21,2025-10-24 23:07:46
1490,3443,3717,2025-10-09 03:44:45,3739,21,0.192,2025-10-21 03:44:45
1491,3444,2380,2024-10-21 01:34:32,4922,90,0.239,2024-11-19 01:34:32
1492,3449,2706,2024-06-20 20:04:07,4806,180,0.229,2024-08-11 20:04:07
1493,3451,4175,2024-08-22 19:25:42,1908,120,0.278,2024-09-28 19:25:42
1494,3453,227,2024-05-24 12:03:01,1721,180,0.354,2024-07-15 12:03:01
1495,3454,3076,2025-07-21 11:31:16,1103,14,0.213,2025-07-31 11:31:16
1496,3457,398,2024-11-25 03:11:37,4194,60,0.212,2024-12-17 03:11:37
1497,3458,2371,2024-11-21 10:34:51,2354,120,0.221,2024-12-28 10:34:51
1498,3460,3759,2025-07-01 21:29:16,4811,60,0.244,2025-07-23 21:29:16
1499,3461,874,2024-07-13 14:26:51,4482,120,0.202,2024-08-19 14:26:51
1500,3463,4224,2024-09-18 13:29:57,4280,120,0.185,2024-10-25 13:29:57
1501,3464,4523,2024-04-26 01:02:35,3418,30,0.202,2024-05-10 01:02:35
1502,3467,1451,2024-05-27 16:17:01,3925,7,0.239,2024-06-04 16:17:01
1503,3469,2941,2024-10-08 11:08:20,929,90,0.335,2024-11-06 11:08:20
1504,3471,4936,2024-08-13 13:32:14,4152,180,0.278,2024-10-04 13:32:14
1505,3472,1524,2024-11-24 05:20:26,4970,120,0.21,2024-12-31 05:20:26
1506,3478,4493,2024-07-02 14:38:22,3611,180,0.326,2024-08-23 14:38:22
1507,3479,3578,2025-10-09 01:13:32,1059,30,0.254,2025-10-23 01:13:32
1508,3485,1703,2024-12-07 07:51:56,2150,7,0.255,2024-12-15 07:51:56
1509,3486,744,2024-09-07 08:53:07,3458,7,0.121,2024-09-15 08:53:07
1510,3489,296,2024-12-20 16:17:12,3599,180,0.289,2025-02-10 16:17:12
1511,3496,4329,2024-11-22 13:23:10,4451,30,0.212,2024-12-06 13:23:10
1512,3498,1964,2024-12-10 19:52:12,3063,21,0.295,2024-12-22 19:52:12
1513,3503,4048,2025-01-10 21:40:43,4141,21,0.264,2025-01-22 21:40:43
1514,3505,538,2024-03-04 06:04:42,3591,60,0.238,2024-03-26 06:04:42
1515,3507,4552,2025-10-14 14:28:14,1829,120,0.262,2025-11-20 14:28:14
1516,3508,2690,2025-06-16 04:55:12,2258,7,0.277,2025-06-24 04:55:12
1517,3510,381,2025-01-03 12:42:35,1480,21,0.217,2025-01-15 12:42:35
1518,3511,1364,2024-07-22 03:54:54,2583,7,0.131,2024-07-30 03:54:54
1519,3512,835,2025-07-04 20:46:58,4309,60,0.155,2025-07-26 20:46:58
1520,3514,2122,2024-08-24 07:58:56,2662,120,0.231,2024-09-30 07:58:56
1521,3518,3195,2025-08-06 17:50:07,1822,180,0.232,2025-09-27 17:50:07
1522,3521,4886,2024-12-05 14:25:12,3823,30,0.276,2024-12-19 14:25:12
1523,3522,1946,2024-02-28 02:22:54,1569,120,0.193,2024-04-05 02:22:54
1524,3524,1044,2024-07-25 08:53:34,1271,21,0.141,2024-08-06 08:53:34
1525,3527,3925,2024-01-27 09:23:22,703,7,0.259,2024-02-04 09:23:22
1526,3530,723,2024-03-05 14:33:16,4242,60,0.237,2024-03-27 14:33:16
1527,3531,3596,2025-01-15 22:48:06,1126,60,0.303,2025-02-06 22:48:06
1528,3533,3207,2024-07-05 10:30:19,1616,90,0.267,2024-08-03 10:30:19
1529,3535,957,2024-06-20 06:04:42,4942,180,0.278,2024-08-11 06:04:42
1530,3538,4830,2025-10-29 20:45:50,1457,90,0.154,2025-11-27 20:45:50
1531,3540,1208,2024-03-04 16:39:39,3003,7,0.257,2024-03-12 16:39:39
1532,3542,4274,2024-08-02 02:56:50,4110,120,0.269,2024-09-08 02:56:50
1533,3551,4107,2025-12-23 06:09:00,2167,21,0.21,2026-01-04 06:09:00
1534,3554,135,2024-12-08 22:37:52,4750,21,0.254,2024-12-20 22:37:52
1535,3556,3437,2025-07-04 11:38:56,3212,90,0.236,2025-08-02 11:38:56
1536,3561,1084,2024-05-14 10:34:37,789,30,0.304,2024-05-28 10:34:37
1537,3564,2525,2025-10-24 07:59:08,2769,7,0.207,2025-11-01 07:59:08
1538,3568,2935,2025-08-12 17:55:45,985,7,0.215,2025-08-20 17:55:45
1539,3569,3783,2024-10-07 22:20:40,1726,120,0.301,2024-11-13 22:20:40
1540,3571,4083,2024-06-11 11:44:41,2274,21,0.194,2024-06-23 11:44:41
1541,3575,208,2025-09-14 13:24:52,4597,60,0.197,2025-10-06 13:24:52
1542,3577,1718,2024-12-19 18:21:14,811,21,0.212,2024-12-31 18:21:14
1543,3582,4966,2025-11-15 06:28:20,2552,90,0.259,2025-12-14 06:28:20
1544,3584,3853,2024-04-17 09:31:52,4596,7,0.308,2024-04-25 09:31:52
1545,3586,1118,2025-02-19 07:15:35,2814,7,0.29,2025-02-27 07:15:35
1546,3589,4208,2025-07-07 20:55:31,894,21,0.227,2025-07-19 20:55:31
1547,3590,902,2025-06-21 11:38:54,3361,30,0.298,2025-07-05 11:38:54
1548,3591,1436,2025-05-31 11:59:52,2859,60,0.234,2025-06-22 11:59:52
1549,3592,957,2025-12-05 22:13:07,2563,90,0.195,2026-01-03 22:13:07
1550,3593,528,2024-12-09 17:31:46,2431,90,0.333,2025-01-07 17:31:46
1551,3602,2274,2024-08-17 03:56:16,4253,60,0.203,2024-09-08 03:56:16
1552,3607,2241,2025-03-17 13:27:02,4294,60,0.255,2025-04-08 13:27:02
1553,3611,3480,2024-02-10 15:01:00,4080,21,0.261,2024-02-22 15:01:00
1554,3612,2024,2025-06-04 10:29:34,1202,14,0.281,2025-06-14 10:29:34
1555,3615,356,2025-02-21 07:24:50,4984,90,0.195,2025-03-22 07:24:50
1556,3616,3905,2024-03-17 19:46:28,3771,120,0.225,2024-04-23 19:46:28
1557,3617,2074,2024-11-22 17:59:10,3266,120,0.36,2024-12-29 17:59:10
1558,3618,3920,2024-05-23 16:39:06,3636,14,0.202,2024-06-02 16:39:06
1559,3620,2691,2024-05-12 08:29:11,4612,30,0.309,2024-05-26 08:29:11
1560,3621,934,2024-02-11 16:55:42,1121,90,0.329,2024-03-11 16:55:42
1561,3623,3693,2024-02-05 14:28:16,2915,120,0.249,2024-03-13 14:28:16
1562,3630,4734,2024-11-04 00:48:51,3184,180,0.246,2024-12-26 00:48:51
1563,3633,1147,2024-08-16 05:56:03,1435,180,0.109,2024-10-07 05:56:03
1564,3636,3150,2024-10-24 14:52:55,563,14,0.273,2024-11-03 14:52:55
1565,3638,1310,2024-02-19 17:52:52,1025,120,0.24,2024-03-27 17:52:52
1566,3639,2343,2025-04-10 09:57:15,2961,180,0.284,2025-06-01 09:57:15
1567,3642,3420,2024-12-27 00:56:59,2103,7,0.17,2025-01-04 00:56:59
1568,3647,3209,2025-12-03 12:51:15,1930,14,0.262,2025-12-13 12:51:15
1569,3649,3805,2025-09-14 03:11:41,3951,90,0.255,2025-10-13 03:11:41
1570,3651,4723,2024-05-20 19:25:05,2392,60,0.218,2024-06-11 19:25:05
1571,3652,3117,2024-02-02 06:04:23,4778,7,0.281,2024-02-10 06:04:23
1572,3653,337,2025-02-07 12:12:43,3639,7,0.184,2025-02-15 12:12:43
1573,3655,821,2024-03-06 19:59:34,3671,90,0.255,2024-04-04 19:59:34
1574,3656,1174,2025-08-22 19:09:11,2608,60,0.247,2025-09-13 19:09:11
1575,3658,2877,2024-07-16 08:05:11,1268,90,0.299,2024-08-14 08:05:11
1576,3663,3684,2024-10-18 01:16:11,2249,30,0.36,2024-11-01 01:16:11
1577,3666,3844,2024-05-19 22:35:33,3164,60,0.253,2024-06-10 22:35:33
1578,3669,3455,2024-12-31 19:16:44,3689,21,0.242,2025-01-12 19:16:44
1579,3671,112,2024-02-15 11:32:40,1989,120,0.206,2024-03-23 11:32:40
1580,3672,130,2025-03-11 11:24:10,4041,120,0.209,2025-04-17 11:24:10
1581,3675,3541,2025-10-18 11:57:18,1234,21,0.237,2025-10-30 11:57:18
1582,3679,498,2024-11-28 01:13:58,4385,180,0.305,2025-01-19 01:13:58
1583,3684,4911,2024-04-26 20:50:00,3250,7,0.276,2024-05-04 20:50:00
1584,3685,4907,2024-01-30 20:03:37,2011,180,0.21,2024-03-22 20:03:37
1585,3688,1668,2024-06-18 18:29:02,3311,30,0.352,2024-07-02 18:29:02
1586,3691,1766,2025-10-12 15:49:46,4120,7,0.203,2025-10-20 15:49:46
1587,3694,2999,2024-08-26 05:14:07,1503,90,0.1,2024-09-24 05:14:07
1588,3697,3432,2025-07-26 04:21:04,945,7,0.219,2025-08-03 04:21:04
1589,3698,4328,2025-12-04 15:37:59,4230,21,0.264,2025-12-16 15:37:59
1590,3701,4642,2025-11-01 08:05:53,3709,14,0.32,2025-11-11 08:05:53
1591,3703,2076,2024-09-11 00:34:06,2816,30,0.24,2024-09-25 00:34:06
1592,3709,2284,2025-05-30 15:08:09,1044,14,0.355,2025-06-09 15:08:09
1593,3712,1007,2025-07-21 10:04:53,1308,180,0.263,2025-09-11 10:04:53
1594,3714,3135,2025-01-09 08:19:38,3158,21,0.164,2025-01-21 08:19:38
1595,3717,4101,2024-12-28 08:17:08,3963,120,0.13,2025-02-03 08:17:08
1596,3719,3109,2025-10-30 08:31:54,3353,90,0.277,2025-11-28 08:31:54
1597,3720,4673,2024-07-19 02:49:08,3345,120,0.273,2024-08-25 02:49:08
1598,3722,1113,2025-05-29 19:41:57,3026,21,0.272,2025-06-10 19:41:57
1599,3723,579,2024-09-19 06:58:45,942,21,0.343,2024-10-01 06:58:45
1600,3724,4246,2024-01-26 11:37:58,3400,14,0.201,2024-02-05 11:37:58
1601,3730,4476,2024-03-27 07:02:22,4640,180,0.211,2024-05-18 07:02:22
1602,3733,3966,2024-06-06 04:17:30,2691,60,0.167,2024-06-28 04:17:30
1603,3734,3783,2024-05-03 11:33:21,3700,60,0.278,2024-05-25 11:33:21
1604,3736,2306,2024-12-04 09:37:55,2207,21,0.254,2024-12-16 09:37:55
1605,3738,130,2025-10-12 02:58:06,4045,30,0.237,2025-10-26 02:58:06
1606,3739,440,2024-09-23 06:32:14,3800,180,0.256,2024-11-14 06:32:14
1607,3740,4939,2025-02-11 08:40:12,701,21,0.262,2025-02-23 08:40:12
1608,3742,767,2024-08-21 07:05:41,3528,180,0.242,2024-10-12 07:05:41
1609,3745,2560,2024-12-12 00:58:29,894,14,0.232,2024-12-22 00:58:29
1610,3755,921,2025-03-26 22:08:51,1015,21,0.204,2025-04-07 22:08:51
1611,3756,4758,2025-02-17 14:20:31,1219,7,0.1,2025-02-25 14:20:31
1612,3760,3233,2025-08-02 23:59:15,3561,14,0.189,2025-08-12 23:59:15
1613,3762,2014,2024-09-18 10:55:04,3330,7,0.331,2024-09-26 10:55:04
1614,3764,1915,2024-03-08 16:59:11,934,21,0.252,2024-03-20 16:59:11
1615,3765,4135,2025-06-09 23:01:43,2115,60,0.293,2025-07-01 23:01:43
1616,3767,2167,2025-06-14 18:59:03,2558,7,0.232,2025-06-22 18:59:03
1617,3768,850,2024-05-14 20:04:37,2042,7,0.283,2024-05-22 20:04:37
1618,3771,2405,2025-02-12 20:29:56,3364,60,0.145,2025-03-06 20:29:56
1619,3775,1979,2025-09-19 05:39:53,3888,21,0.185,2025-10-01 05:39:53
1620,3780,3870,2025-07-10 00:04:24,858,7,0.29,2025-07-18 00:04:24
1621,3787,1606,2025-10-04 20:11:20,3267,7,0.256,2025-10-12 20:11:20
1622,3789,677,2024-04-26 12:46:39,2479,180,0.251,2024-06-17 12:46:39
1623,3790,4116,2024-05-15 12:59:11,4223,30,0.212,2024-05-29 12:59:11
1624,3791,844,2025-06-03 00:41:48,4159,180,0.26,2025-07-25 00:41:48
1625,3794,1913,2025-03-22 11:07:22,2599,180,0.292,2025-05-13 11:07:22
1626,3795,1726,2024-05-24 11:54:02,1389,21,0.337,2024-06-05 11:54:02
1627,3796,1811,2024-03-27 04:06:10,529,120,0.337,2024-05-03 04:06:10
1628,3800,3955,2024-10-03 13:26:53,2345,21,0.293,2024-10-15 13:26:53
1629,3801,1343,2024-03-12 20:02:40,3707,7,0.195,2024-03-20 20:02:40
1630,3808,801,2025-11-10 21:18:09,4548,7,0.218,2025-11-18 21:18:09
1631,3809,4244,2025-10-23 18:22:29,4226,14,0.294,2025-11-02 18:22:29
1632,3811,1523,2025-03-01 01:06:52,4305,30,0.278,2025-03-15 01:06:52
1633,3812,4612,2024-05-31 14:28:10,1002,14,0.191,2024-06-10 14:28:10
1634,3813,526,2025-11-30 00:53:47,1675,14,0.203,2025-12-10 00:53:47
1635,3815,1291,2025-02-10 07:06:22,3750,30,0.284,2025-02-24 07:06:22
1636,3821,2935,2025-02-17 10:07:50,1718,21,0.204,2025-03-01 10:07:50
1637,3825,2535,2025-01-12 18:34:33,4307,60,0.286,2025-02-03 18:34:33
1638,3827,1798,2025-05-22 07:07:06,1875,7,0.235,2025-05-30 07:07:06
1639,3828,259,2025-10-16 02:34:07,2050,30,0.214,2025-10-30 02:34:07
1640,3829,1443,2025-08-09 08:25:06,4226,60,0.328,2025-08-31 08:25:06
1641,3832,1830,2024-09-29 16:59:05,4858,120,0.155,2024-11-05 16:59:05
1642,3833,3319,2025-06-13 02:05:27,2552,14,0.3,2025-06-23 02:05:27
1643,3836,1433,2024-04-24 15:58:45,2474,30,0.247,2024-05-08 15:58:45
1644,3839,3005,2025-02-01 14:29:01,4354,21,0.199,2025-02-13 14:29:01
1645,3840,1750,2024-03-20 09:14:43,3822,30,0.22,2024-04-03 09:14:43
1646,3841,2460,2025-08-25 03:01:45,3148,180,0.202,2025-10-16 03:01:45
1647,3843,4506,2025-08-22 23:36:41,1555,120,0.197,2025-09-28 23:36:41
1648,3845,3447,2024-07-31 12:03:13,3121,21,0.275,2024-08-12 12:03:13
1649,3848,4501,2025-02-04 21:36:22,2598,120,0.265,2025-03-13 21:36:22
1650,3852,20,2025-05-08 19:18:22,694,60,0.235,2025-05-30 19:18:22
1651,3853,1044,2024-02-03 18:01:48,4385,90,0.289,2024-03-03 18:01:48
1652,3854,1175,2024-02-27 16:47:01,3228,7,0.171,2024-03-06 16:47:01
1653,3859,609,2024-09-23 08:08:09,3638,60,0.143,2024-10-15 08:08:09
1654,3860,4141,2025-09-10 11:28:36,1942,90,0.27,2025-10-09 11:28:36
1655,3862,3472,2024-08-28 08:02:25,2349,7,0.139,2024-09-05 08:02:25
1656,3863,476,2025-07-17 13:30:53,4509,180,0.248,2025-09-07 13:30:53
1657,3864,915,2025-09-18 02:27:02,2759,30,0.286,2025-10-02 02:27:02
1658,3871,2393,2024-05-07 23:51:37,4614,21,0.31,2024-05-19 23:51:37
1659,3872,4111,2025-03-06 12:09:35,2159,120,0.285,2025-04-12 12:09:35
1660,3873,1009,2024-05-10 01:39:56,4744,60,0.162,2024-06-01 01:39:56
1661,3877,2363,2024-04-03 17:02:39,3785,21,0.209,2024-04-15 17:02:39
1662,3881,543,2024-03-09 10:05:47,1373,14,0.177,2024-03-19 10:05:47
1663,3886,3454,2025-08-28 16:03:58,1654,120,0.316,2025-10-04 16:03:58
1664,3888,1125,2024-08-23 02:37:36,4217,14,0.253,2024-09-02 02:37:36
1665,3893,155,2024-05-06 08:30:44,3394,180,0.36,2024-06-27 08:30:44
1666,3895,4822,2024-08-13 06:18:28,637,7,0.243,2024-08-21 06:18:28
1667,3896,3729,2025-02-01 17:23:03,940,7,0.233,2025-02-09 17:23:03
1668,3900,1362,2025-05-06 10:30:55,2626,30,0.29,2025-05-20 10:30:55
1669,3901,1260,2024-12-01 02:04:09,735,120,0.211,2025-01-07 02:04:09
1670,3906,66,2024-06-21 09:04:44,4245,14,0.301,2024-07-01 09:04:44
1671,3908,1703,2025-09-27 21:14:45,1448,60,0.275,2025-10-19 21:14:45
1672,3913,3664,2024-08-19 03:43:34,1884,14,0.217,2024-08-29 03:43:34
1673,3914,2417,2024-11-17 10:03:30,4602,21,0.214,2024-11-29 10:03:30
1674,3915,743,2025-10-31 03:08:29,4763,120,0.278,2025-12-07 03:08:29
1675,3917,1722,2025-05-12 11:07:35,2480,120,0.221,2025-06-18 11:07:35
1676,3918,2690,2025-01-28 00:16:42,3960,21,0.245,2025-02-09 00:16:42
1677,3919,4648,2025-10-31 20:18:35,4702,180,0.213,2025-12-22 20:18:35
1678,3923,1560,2025-02-23 14:18:25,2102,30,0.194,2025-03-09 14:18:25
1679,3927,3152,2025-06-18 11:02:57,1854,21,0.233,2025-06-30 11:02:57
1680,3929,4148,2024-07-06 19:09:56,586,21,0.21,2024-07-18 19:09:56
1681,3934,1259,2024-10-14 08:58:04,3427,120,0.192,2024-11-20 08:58:04
1682,3935,410,2024-03-27 15:02:53,2442,90,0.326,2024-04-25 15:02:53
1683,3936,1627,2024-02-12 07:10:20,3592,180,0.206,2024-04-04 07:10:20
1684,3941,1069,2025-11-22 05:57:04,3045,14,0.262,2025-12-02 05:57:04
1685,3944,49,2024-01-27 13:51:19,3177,120,0.202,2024-03-04 13:51:19
1686,3950,338,2024-01-24 01:22:57,3706,60,0.281,2024-02-15 01:22:57
1687,3953,2251,2025-12-23 11:37:54,1050,21,0.182,2026-01-04 11:37:54
1688,3954,413,2025-10-23 10:26:07,703,14,0.133,2025-11-02 10:26:07
1689,3960,965,2024-09-15 21:34:33,3950,120,0.248,2024-10-22 21:34:33
1690,3963,790,2025-07-25 01:19:58,1973,7,0.261,2025-08-02 01:19:58
1691,3964,4728,2024-03-15 07:36:49,1317,120,0.265,2024-04-21 07:36:49
1692,3965,1803,2025-04-29 19:02:50,3796,7,0.223,2025-05-07 19:02:50
1693,3967,3523,2024-07-18 22:06:16,2561,120,0.229,2024-08-24 22:06:16
1694,3971,409,2024-11-13 13:47:12,3406,21,0.211,2024-11-25 13:47:12
1695,3973,2235,2024-08-09 19:06:44,3315,7,0.298,2024-08-17 19:06:44
1696,3975,2025,2025-12-08 09:26:52,2124,60,0.324,2025-12-30 09:26:52
1697,3977,1265,2024-08-22 09:58:59,3428,120,0.314,2024-09-28 09:58:59
1698,3980,2549,2024-04-09 07:26:27,837,14,0.191,2024-04-19 07:26:27
1699,3981,1584,2025-09-12 20:30:28,3034,7,0.176,2025-09-20 20:30:28
1700,3982,1201,2024-06-28 04:36:48,3150,14,0.197,2024-07-08 04:36:48
1701,3984,1749,2025-02-27 13:38:43,4353,180,0.284,2025-04-20 13:38:43
1702,3995,2558,2024-07-30 15:29:52,3920,120,0.153,2024-09-05 15:29:52
1703,3997,3361,2024-07-09 14:27:39,2593,30,0.24,2024-07-23 14:27:39
1704,3998,529,2024-12-14 12:48:00,2216,21,0.189,2024-12-26 12:48:00
1705,4003,4027,2024-04-17 08:42:58,2174,14,0.196,2024-04-27 08:42:58
1706,4004,1547,2025-06-26 00:10:59,1797,60,0.156,2025-07-18 00:10:59
1707,4007,1343,2025-08-05 01:25:32,2817,21,0.289,2025-08-17 01:25:32
1708,4009,3736,2025-11-05 23:06:10,1426,21,0.292,2025-11-17 23:06:10
1709,4011,1335,2024-05-26 15:00:50,705,120,0.252,2024-07-02 15:00:50
1710,4013,4783,2025-02-15 08:56:13,2737,60,0.186,2025-03-09 08:56:13
1711,4017,2495,2025-12-07 15:07:57,2397,90,0.237,2026-01-05 15:07:57
1712,4021,1913,2025-09-18 09:35:00,2920,90,0.19,2025-10-17 09:35:00
1713,4022,2505,2024-12-10 14:47:50,4922,120,0.268,2025-01-16 14:47:50
1714,4025,1102,2025-01-06 19:23:31,1950,30,0.194,2025-01-20 19:23:31
1715,4027,3210,2024-10-09 19:47:10,4564,7,0.319,2024-10-17 19:47:10
1716,4028,4162,2024-06-19 06:41:08,4885,120,0.143,2024-07-26 06:41:08
1717,4029,1760,2025-01-25 15:56:19,2899,7,0.217,2025-02-02 15:56:19
1718,4033,2790,2024-05-21 01:12:23,2493,14,0.231,2024-05-31 01:12:23
1719,4034,1773,2025-12-22 19:00:18,2548,30,0.28,2026-01-05 19:00:18
1720,4035,3878,2025-06-19 14:31:24,3773,21,0.163,2025-07-01 14:31:24
1721,4036,3258,2024-03-06 00:07:23,2487,30,0.242,2024-03-20 00:07:23
1722,4039,4922,2024-02-19 08:20:37,2602,180,0.239,2024-04-11 08:20:37
1723,4043,352,2025-06-19 07:17:33,3025,14,0.221,2025-06-29 07:17:33
1724,4044,2903,2024-08-12 00:36:58,4474,90,0.296,2024-09-10 00:36:58
1725,4046,2957,2024-12-10 11:56:22,2054,180,0.249,2025-01-31 11:56:22
1726,4049,1364,2024-07-17 22:01:13,4906,120,0.315,2024-08-23 22:01:13
1727,4050,4435,2024-06-20 08:43:08,2716,120,0.211,2024-07-27 08:43:08
1728,4051,1268,2025-08-27 17:50:19,1137,30,0.322,2025-09-10 17:50:19
1729,4053,4952,2024-02-18 17:02:31,1524,21,0.256,2024-03-01 17:02:31
1730,4054,679,2025-04-13 17:39:19,848,120,0.313,2025-05-20 17:39:19
1731,4055,480,2024-08-19 08:30:06,1498,60,0.199,2024-09-10 08:30:06
1732,4064,1638,2025-11-01 19:43:27,1553,30,0.275,2025-11-15 19:43:27
1733,4069,1819,2025-06-27 08:01:55,640,30,0.212,2025-07-11 08:01:55
1734,4072,1804,2025-06-10 19:35:06,886,21,0.236,2025-06-22 19:35:06
1735,4074,4941,2024-11-02 15:59:31,3817,30,0.159,2024-11-16 15:59:31
1736,4076,3924,2025-02-09 20:04:14,614,21,0.279,2025-02-21 20:04:14
1737,4078,182,2024-06-21 13:22:12,3616,180,0.173,2024-08-12 13:22:12
1738,4081,2786,2025-05-01 21:37:55,2448,14,0.332,2025-05-11 21:37:55
1739,4082,3517,2024-12-13 20:53:36,3834,21,0.291,2024-12-25 20:53:36
1740,4083,1370,2024-06-17 14:12:38,3101,60,0.268,2024-07-09 14:12:38
1741,4084,2787,2024-01-28 01:52:53,4341,90,0.25,2024-02-26 01:52:53
1742,4085,1218,2024-02-24 00:05:57,4492,14,0.244,2024-03-05 00:05:57
1743,4088,3547,2025-06-19 14:43:33,1210,120,0.226,2025-07-26 14:43:33
1744,4091,4069,2025-07-19 00:33:10,904,14,0.234,2025-07-29 00:33:10
1745,4092,4484,2024-12-25 16:15:41,4472,21,0.196,2025-01-06 16:15:41
1746,4093,3229,2024-09-04 00:28:56,2157,60,0.26,2024-09-26 00:28:56
1747,4095,4526,2024-10-21 08:35:28,1086,30,0.227,2024-11-04 08:35:28
1748,4098,1014,2024-09-21 14:29:51,4086,90,0.259,2024-10-20 14:29:51
1749,4100,1537,2025-02-25 13:58:59,888,60,0.266,2025-03-19 13:58:59
1750,4102,1471,2025-06-14 11:51:43,4226,30,0.243,2025-06-28 11:51:43
1751,4105,57,2024-09-28 01:30:08,2366,60,0.172,2024-10-20 01:30:08
1752,4107,3578,2025-11-30 20:18:06,851,120,0.277,2026-01-06 20:18:06
1753,4108,884,2025-08-15 21:05:11,2510,180,0.296,2025-10-06 21:05:11
1754,4110,3374,2025-08-03 13:29:23,3979,7,0.318,2025-08-11 13:29:23
1755,4116,668,2024-05-25 04:42:53,4011,120,0.144,2024-07-01 04:42:53
1756,4117,2567,2024-07-16 10:49:34,2856,7,0.295,2024-07-24 10:49:34
1757,4121,1642,2025-07-10 18:26:26,1821,7,0.207,2025-07-18 18:26:26
1758,4123,4170,2024-05-08 09:15:36,3301,90,0.23,2024-06-06 09:15:36
1759,4125,953,2025-10-25 06:02:08,4109,180,0.281,2025-12-16 06:02:08
1760,4127,3049,2025-02-07 16:03:05,543,30,0.174,2025-02-21 16:03:05
1761,4132,2091,2025-10-26 00:56:41,3700,21,0.198,2025-11-07 00:56:41
1762,4134,2277,2024-12-27 04:48:14,3383,180,0.275,2025-02-17 04:48:14
1763,4136,1466,2025-07-24 20:00:41,1137,21,0.239,2025-08-05 20:00:41
1764,4138,4822,2024-04-27 19:52:23,3297,30,0.262,2024-05-11 19:52:23
1765,4140,2419,2024-02-09 12:56:00,993,21,0.274,2024-02-21 12:56:00
1766,4141,4953,2024-10-15 06:54:34,3530,21,0.233,2024-10-27 06:54:34
1767,4142,1733,2025-03-06 13:27:22,2906,120,0.203,2025-04-12 13:27:22
1768,4144,513,2024-02-14 03:00:54,2576,120,0.134,2024-03-22 03:00:54
1769,4145,2770,2024-04-28 07:56:18,1655,7,0.331,2024-05-06 07:56:18
1770,4146,853,2024-08-18 14:08:43,815,7,0.247,2024-08-26 14:08:43
1771,4147,1417,2024-11-14 07:15:43,1092,120,0.34,2024-12-21 07:15:43
1772,4156,4709,2025-01-14 04:11:14,4994,120,0.223,2025-02-20 04:11:14
1773,4157,4658,2025-04-28 11:58:11,4376,120,0.351,2025-06-04 11:58:11
1774,4161,763,2024-07-26 04:54:50,1843,14,0.239,2024-08-05 04:54:50
1775,4163,704,2024-05-28 15:25:28,4717,120,0.268,2024-07-04 15:25:28
1776,4165,2260,2024-05-09 11:54:48,4157,90,0.241,2024-06-07 11:54:48
1777,4169,3541,2025-09-20 04:29:28,1800,180,0.138,2025-11-11 04:29:28
1778,4171,4005,2025-05-18 14:24:56,2074,7,0.148,2025-05-26 14:24:56
1779,4173,2093,2025-11-08 09:25:27,1984,21,0.31,2025-11-20 09:25:27
1780,4176,4089,2025-07-10 19:07:44,654,14,0.168,2025-07-20 19:07:44
1781,4178,2686,2024-03-03 00:01:15,4172,60,0.243,2024-03-25 00:01:15
1782,4181,1009,2024-11-07 11:27:09,2179,30,0.254,2024-11-21 11:27:09
1783,4182,3048,2024-08-04 21:07:11,2036,14,0.262,2024-08-14 21:07:11
1784,4183,3022,2025-02-18 10:20:14,1649,90,0.328,2025-03-19 10:20:14
1785,4184,1848,2025-09-21 21:53:56,819,7,0.216,2025-09-29 21:53:56
1786,4185,3723,2025-07-18 02:19:28,2923,21,0.191,2025-07-30 02:19:28
1787,4188,1966,2024-11-12 16:23:10,2773,60,0.235,2024-12-04 16:23:10
1788,4189,3032,2024-09-16 17:22:11,2379,14,0.207,2024-09-26 17:22:11
1789,4193,4623,2025-09-21 04:48:42,2487,30,0.243,2025-10-05 04:48:42
1790,4197,681,2025-06-10 11:04:17,1221,180,0.178,2025-08-01 11:04:17
1791,4199,4703,2025-11-06 23:53:31,1701,90,0.239,2025-12-05 23:53:31
1792,4200,650,2024-11-25 02:07:14,3614,7,0.239,2024-12-03 02:07:14
1793,4203,1256,2024-03-09 04:55:31,2642,90,0.243,2024-04-07 04:55:31
1794,4207,4803,2024-02-05 15:09:31,936,7,0.211,2024-02-13 15:09:31
1795,4211,4511,2024-11-26 01:59:05,4912,21,0.243,2024-12-08 01:59:05
1796,4212,43,2025-10-30 05:55:40,4974,7,0.222,2025-11-07 05:55:40
1797,4213,682,2024-07-15 07:37:27,2546,120,0.325,2024-08-21 07:37:27
1798,4214,3857,2024-12-15 16:44:44,1281,180,0.183,2025-02-05 16:44:44
1799,4217,392,2025-09-26 04:13:27,1225,120,0.329,2025-11-02 04:13:27
1800,4220,2831,2025-07-19 06:08:37,4280,60,0.168,2025-08-10 06:08:37
1801,4221,3225,2025-11-10 12:00:48,1693,90,0.204,2025-12-09 12:00:48
1802,4222,2612,2025-05-14 20:12:21,4406,120,0.296,2025-06-20 20:12:21
1803,4223,1803,2024-11-11 05:22:58,3366,30,0.191,2024-11-25 05:22:58
1804,4225,4086,2024-03-21 12:58:07,3555,30,0.251,2024-04-04 12:58:07
1805,4229,3593,2024-11-03 20:50:26,2792,60,0.265,2024-11-25 20:50:26
1806,4231,1945,2024-09-12 09:50:46,2736,21,0.255,2024-09-24 09:50:46
1807,4233,2282,2025-11-26 17:12:02,832,180,0.273,2026-01-17 17:12:02
1808,4235,3069,2024-08-20 03:25:49,3387,21,0.269,2024-09-01 03:25:49
1809,4238,1792,2024-02-11 15:47:07,3164,21,0.239,2024-02-23 15:47:07
1810,4240,2186,2024-12-11 16:01:57,1363,21,0.257,2024-12-23 16:01:57
1811,4241,1373,2025-11-30 03:10:13,1340,90,0.238,2025-12-29 03:10:13
1812,4243,3944,2024-06-25 14:45:05,2257,90,0.166,2024-07-24 14:45:05
1813,4246,1370,2025-05-25 10:31:42,2998,30,0.29,2025-06-08 10:31:42
1814,4247,3586,2025-09-19 09:35:33,3569,7,0.187,2025-09-27 09:35:33
1815,4248,3971,2024-03-13 03:51:21,3638,60,0.233,2024-04-04 03:51:21
1816,4250,428,2025-11-27 11:03:53,1009,90,0.186,2025-12-26 11:03:53
1817,4251,3848,2025-03-02 18:55:25,2059,30,0.259,2025-03-16 18:55:25
1818,4256,4683,2024-10-02 10:28:12,4719,30,0.333,2024-10-16 10:28:12
1819,4258,3114,2024-06-22 22:25:58,1102,7,0.157,2024-06-30 22:25:58
1820,4261,4694,2024-03-18 12:42:34,1791,90,0.283,2024-04-16 12:42:34
1821,4262,3233,2025-12-21 21:46:24,3378,21,0.221,2026-01-02 21:46:24
1822,4264,4722,2024-06-07 08:45:54,1126,21,0.297,2024-06-19 08:45:54
1823,4266,274,2024-05-02 13:26:56,761,180,0.311,2024-06-23 13:26:56
1824,4269,764,2025-06-26 17:38:29,4713,120,0.253,2025-08-02 17:38:29
1825,4271,148,2025-08-22 16:27:33,3319,14,0.143,2025-09-01 16:27:33
1826,4279,4103,2024-02-18 01:03:10,1662,60,0.287,2024-03-11 01:03:10
1827,4281,725,2024-10-24 12:45:42,3213,21,0.165,2024-11-05 12:45:42
1828,4283,954,2025-10-06 05:03:55,2419,30,0.217,2025-10-20 05:03:55
1829,4284,3265,2025-04-25 09:25:54,4790,14,0.267,2025-05-05 09:25:54
1830,4289,3986,2025-11-14 23:23:06,1191,30,0.265,2025-11-28 23:23:06
1831,4295,2287,2025-09-07 03:17:58,2774,180,0.158,2025-10-29 03:17:58
1832,4296,4223,2024-12-02 10:23:42,2263,21,0.22,2024-12-14 10:23:42
1833,4297,2567,2024-12-07 16:35:39,4536,14,0.233,2024-12-17 16:35:39
1834,4299,2706,2025-11-23 21:31:20,4194,90,0.285,2025-12-22 21:31:20
1835,4301,1342,2025-04-18 00:13:43,2839,30,0.243,2025-05-02 00:13:43
1836,4302,2542,2024-04-15 16:43:55,1859,21,0.196,2024-04-27 16:43:55
1837,4303,2643,2024-04-01 14:54:50,4166,21,0.225,2024-04-13 14:54:50
1838,4305,3534,2025-02-07 02:06:50,2447,30,0.318,2025-02-21 02:06:50
1839,4306,1951,2025-06-11 09:26:08,1116,7,0.166,2025-06-19 09:26:08
1840,4308,193,2025-08-01 14:43:09,2037,14,0.219,2025-08-11 14:43:09
1841,4312,3990,2024-09-25 05:40:18,1916,60,0.217,2024-10-17 05:40:18
1842,4313,2312,2025-08-06 07:47:01,3738,21,0.168,2025-08-18 07:47:01
1843,4318,3301,2024-02-10 12:15:47,4385,90,0.242,2024-03-10 12:15:47
1844,4319,1033,2025-01-27 05:19:58,1338,30,0.292,2025-02-10 05:19:58
1845,4322,33,2024-12-24 23:17:35,2798,90,0.241,2025-01-22 23:17:35
1846,4323,3560,2025-02-15 22:58:12,1159,14,0.144,2025-02-25 22:58:12
1847,4324,4650,2025-06-27 09:53:05,2138,60,0.204,2025-07-19 09:53:05
1848,4325,2758,2024-08-18 13:34:53,1221,120,0.306,2024-09-24 13:34:53
1849,4326,1879,2025-11-15 05:25:20,3121,21,0.308,2025-11-27 05:25:20
1850,4327,908,2025-11-15 23:07:33,4605,120,0.254,2025-12-22 23:07:33
1851,4328,1950,2025-03-09 12:51:01,1883,21,0.26,2025-03-21 12:51:01
1852,4332,4712,2025-08-16 18:53:16,2898,14,0.22,2025-08-26 18:53:16
1853,4333,4587,2024-07-28 06:58:12,3140,21,0.279,2024-08-09 06:58:12
1854,4338,909,2025-08-26 22:41:47,3823,7,0.275,2025-09-03 22:41:47
1855,4339,1605,2024-06-29 03:52:37,2834,120,0.224,2024-08-05 03:52:37
1856,4341,116,2024-05-16 22:30:25,1240,14,0.34,2024-05-26 22:30:25
1857,4344,4468,2025-04-04 01:33:45,1457,21,0.219,2025-04-16 01:33:45
1858,4345,3656,2025-04-04 09:14:59,3701,120,0.218,2025-05-11 09:14:59
1859,4346,2709,2024-06-02 16:48:04,4924,90,0.236,2024-07-01 16:48:04
1860,4352,2107,2024-11-09 11:29:49,3404,14,0.193,2024-11-19 11:29:49
1861,4353,1447,2025-07-12 15:56:14,1009,21,0.165,2025-07-24 15:56:14
1862,4354,345,2025-02-26 14:18:04,2054,90,0.195,2025-03-27 14:18:04
1863,4358,577,2025-02-14 19:42:42,4198,60,0.199,2025-03-08 19:42:42
1864,4359,3607,2024-06-19 19:18:31,3143,7,0.194,2024-06-27 19:18:31
1865,4363,969,2024-02-04 13:59:30,3511,7,0.229,2024-02-12 13:59:30
1866,4370,2010,2024-07-07 21:17:22,1376,7,0.242,2024-07-15 21:17:22
1867,4371,3349,2024-06-13 07:32:12,1825,120,0.208,2024-07-20 07:32:12
1868,4375,3391,2025-10-19 11:27:15,2255,30,0.272,2025-11-02 11:27:15
1869,4377,3869,2025-06-12 23:35:50,2421,30,0.226,2025-06-26 23:35:50
1870,4379,2742,2025-09-05 14:49:08,4609,60,0.31,2025-09-27 14:49:08
1871,4380,3282,2025-02-05 00:49:07,664,60,0.296,2025-02-27 00:49:07
1872,4386,2202,2024-04-10 02:36:50,669,60,0.193,2024-05-02 02:36:50
1873,4387,4313,2025-09-21 00:53:45,3426,30,0.258,2025-10-05 00:53:45
1874,4388,3205,2024-11-15 03:47:01,1722,60,0.186,2024-12-07 03:47:01
1875,4389,4477,2024-12-13 08:17:14,1248,7,0.274,2024-12-21 08:17:14
1876,4391,464,2024-02-26 05:47:37,508,21,0.225,2024-03-09 05:47:37
1877,4393,2947,2024-04-29 20:57:32,3551,60,0.202,2024-05-21 20:57:32
1878,4394,1000,2025-11-12 17:44:01,1139,21,0.201,2025-11-24 17:44:01
1879,4396,2204,2024-11-06 16:03:58,2280,21,0.233,2024-11-18 16:03:58
1880,4399,59,2025-05-31 15:02:15,2642,21,0.301,2025-06-12 15:02:15
1881,4400,1079,2024-10-09 14:37:17,861,180,0.192,2024-11-30 14:37:17
1882,4403,1771,2025-07-13 04:02:22,1213,30,0.207,2025-07-27 04:02:22
1883,4409,4851,2025-04-14 08:17:22,744,30,0.271,2025-04-28 08:17:22
1884,4410,477,2024-04-06 19:50:53,3182,7,0.215,2024-04-14 19:50:53
1885,4411,2328,2024-03-01 15:59:05,2223,90,0.26,2024-03-30 15:59:05
1886,4418,4911,2025-10-13 19:13:57,1635,30,0.225,2025-10-27 19:13:57
1887,4419,4946,2025-06-26 15:01:21,1792,14,0.163,2025-07-06 15:01:21
1888,4420,1316,2024-07-01 08:13:43,2768,120,0.304,2024-08-07 08:13:43
1889,4424,884,2024-02-24 16:39:31,3618,7,0.277,2024-03-03 16:39:31
1890,4427,2171,2024-09-15 06:26:20,808,14,0.24,2024-09-25 06:26:20
1891,4428,3001,2025-09-22 21:30:41,2697,30,0.237,2025-10-06 21:30:41
1892,4430,1718,2024-03-05 07:38:42,3125,21,0.196,2024-03-17 07:38:42
1893,4431,763,2025-08-07 16:15:37,4023,30,0.265,2025-08-21 16:15:37
1894,4434,3543,2025-10-08 19:34:16,2199,7,0.147,2025-10-16 19:34:16
1895,4435,2207,2024-03-31 00:14:43,3243,180,0.279,2024-05-22 00:14:43
1896,4438,4017,2024-04-04 20:35:23,2196,7,0.235,2024-04-12 20:35:23
1897,4442,76,2024-05-16 03:33:08,791,21,0.281,2024-05-28 03:33:08
1898,4444,711,2025-07-16 22:59:44,3365,14,0.273,2025-07-26 22:59:44
1899,4445,3735,2024-02-05 08:47:03,3186,14,0.156,2024-02-15 08:47:03
1900,4447,4774,2024-08-18 12:36:38,4245,30,0.291,2024-09-01 12:36:38
1901,4450,4644,2024-05-27 04:52:22,3951,21,0.287,2024-06-08 04:52:22
1902,4452,994,2024-04-11 13:32:46,1114,180,0.192,2024-06-02 13:32:46
1903,4458,3970,2024-08-03 19:54:47,1419,120,0.192,2024-09-09 19:54:47
1904,4460,2688,2024-06-03 08:14:58,4401,180,0.178,2024-07-25 08:14:58
1905,4462,1797,2025-03-21 14:25:47,3712,60,0.26,2025-04-12 14:25:47
1906,4463,1847,2024-06-11 11:46:37,2182,120,0.226,2024-07-18 11:46:37
1907,4464,2001,2025-11-08 17:00:56,2742,180,0.185,2025-12-30 17:00:56
1908,4467,2616,2025-04-12 10:38:24,2038,60,0.186,2025-05-04 10:38:24
1909,4468,4725,2025-11-25 05:00:08,1113,60,0.261,2025-12-17 05:00:08
1910,4469,3755,2025-02-16 02:38:38,3990,14,0.267,2025-02-26 02:38:38
1911,4471,4278,2024-07-04 03:30:15,3704,90,0.204,2024-08-02 03:30:15
1912,4472,547,2024-08-24 11:54:52,1818,120,0.216,2024-09-30 11:54:52
1913,4473,2492,2024-09-01 06:24:13,1290,120,0.225,2024-10-08 06:24:13
1914,4476,3017,2024-07-16 06:29:12,3712,14,0.283,2024-07-26 06:29:12
1915,4478,4041,2024-03-19 10:58:29,4383,90,0.214,2024-04-17 10:58:29
1916,4479,1703,2024-03-20 18:20:44,2262,30,0.28,2024-04-03 18:20:44
1917,4480,4039,2024-06-29 22:02:11,1385,30,0.263,2024-07-13 22:02:11
1918,4483,4870,2025-10-27 05:15:46,2354,14,0.243,2025-11-06 05:15:46
1919,4484,3562,2024-11-09 06:36:14,1488,90,0.151,2024-12-08 06:36:14
1920,4485,4084,2025-10-14 06:29:47,3374,30,0.333,2025-10-28 06:29:47
1921,4486,3013,2025-09-28 09:01:27,2253,21,0.214,2025-10-10 09:01:27
1922,4488,4845,2024-05-05 06:47:48,2559,30,0.192,2024-05-19 06:47:48
1923,4489,4572,2025-01-07 00:05:44,2186,21,0.165,2025-01-19 00:05:44
1924,4490,1567,2025-02-21 00:47:08,1168,180,0.254,2025-04-14 00:47:08
1925,4491,4672,2025-08-21 12:56:40,1315,14,0.286,2025-08-31 12:56:40
1926,4495,60,2024-05-05 13:26:59,2250,90,0.221,2024-06-03 13:26:59
1927,4508,1806,2024-12-08 23:07:32,1761,120,0.264,2025-01-14 23:07:32
1928,4510,2006,2025-06-24 04:16:53,712,120,0.272,2025-07-31 04:16:53
1929,4512,4395,2025-11-26 13:53:07,2843,180,0.264,2026-01-17 13:53:07
1930,4513,4102,2024-04-23 01:25:50,1288,21,0.353,2024-05-05 01:25:50
1931,4514,4441,2024-09-15 03:27:49,3471,120,0.194,2024-10-22 03:27:49
1932,4521,4828,2024-11-12 18:23:43,3497,180,0.164,2025-01-03 18:23:43
1933,4539,4864,2024-01-27 12:33:24,2609,60,0.226,2024-02-18 12:33:24
1934,4541,854,2025-11-18 18:45:14,3863,90,0.211,2025-12-17 18:45:14
1935,4542,1818,2025-05-21 15:04:54,2621,120,0.309,2025-06-27 15:04:54
1936,4543,3775,2024-06-15 22:28:03,3457,120,0.236,2024-07-22 22:28:03
1937,4544,4559,2024-04-23 01:56:46,1366,120,0.2,2024-05-30 01:56:46
1938,4545,1575,2025-12-08 09:37:31,1647,7,0.166,2025-12-16 09:37:31
1939,4548,3744,2024-04-03 01:38:18,857,90,0.195,2024-05-02 01:38:18
1940,4551,316,2025-07-30 07:10:52,1645,30,0.257,2025-08-13 07:10:52
1941,4554,4789,2025-02-10 16:13:08,4080,7,0.224,2025-02-18 16:13:08
1942,4555,601,2024-05-08 07:54:58,3716,30,0.181,2024-05-22 07:54:58
1943,4556,2963,2025-10-19 11:05:43,2442,30,0.223,2025-11-02 11:05:43
1944,4557,3145,2025-12-01 13:48:58,2847,30,0.212,2025-12-15 13:48:58
1945,4558,4096,2024-07-29 20:52:32,4132,90,0.196,2024-08-27 20:52:32
1946,4561,352,2025-05-02 03:05:40,4445,14,0.183,2025-05-12 03:05:40
1947,4564,4945,2025-07-20 00:56:12,3122,180,0.28,2025-09-10 00:56:12
1948,4566,1381,2025-07-18 21:59:00,909,60,0.237,2025-08-09 21:59:00
1949,4571,855,2025-08-14 11:34:26,2329,60,0.298,2025-09-05 11:34:26
1950,4572,3531,2025-01-12 09:58:40,3290,21,0.263,2025-01-24 09:58:40
1951,4585,355,2025-09-16 15:28:00,3903,7,0.237,2025-09-24 15:28:00
1952,4586,3686,2025-07-09 23:41:18,4159,7,0.243,2025-07-17 23:41:18
1953,4587,4416,2025-04-22 14:17:47,1204,90,0.216,2025-05-21 14:17:47
1954,4588,2628,2025-02-10 03:21:50,3151,60,0.304,2025-03-04 03:21:50
1955,4592,4341,2024-11-13 01:21:26,852,21,0.278,2024-11-25 01:21:26
1956,4596,2148,2024-09-05 03:51:50,2607,30,0.251,2024-09-19 03:51:50
1957,4599,1297,2024-05-28 16:41:58,1101,30,0.287,2024-06-11 16:41:58
1958,4603,2412,2025-02-25 19:00:07,4161,180,0.2,2025-04-18 19:00:07
1959,4609,2170,2024-07-13 20:03:16,3179,21,0.245,2024-07-25 20:03:16
1960,4610,4726,2025-08-06 19:30:52,3651,14,0.196,2025-08-16 19:30:52
1961,4612,754,2024-05-10 10:35:41,3021,21,0.178,2024-05-22 10:35:41
1962,4615,328,2024-05-03 20:50:17,949,90,0.255,2024-06-01 20:50:17
1963,4616,4648,2024-11-20 10:19:36,1941,14,0.334,2024-11-30 10:19:36
1964,4617,3218,2025-07-27 05:34:08,1491,120,0.185,2025-09-02 05:34:08
1965,4621,1950,2025-10-18 21:16:31,1523,180,0.206,2025-12-09 21:16:31
1966,4622,732,2024-08-22 14:28:48,3342,120,0.178,2024-09-28 14:28:48
1967,4625,3793,2024-02-14 21:27:03,3526,30,0.251,2024-02-28 21:27:03
1968,4626,4310,2025-07-31 14:19:43,3394,30,0.126,2025-08-14 14:19:43
1969,4627,2526,2024-07-31 15:09:49,4760,7,0.192,2024-08-08 15:09:49
1970,4629,4342,2025-03-09 05:06:56,3849,180,0.248,2025-04-30 05:06:56
1971,4632,4431,2024-07-10 03:08:34,1419,14,0.185,2024-07-20 03:08:34
1972,4634,4903,2024-03-20 13:07:30,1435,180,0.248,2024-05-11 13:07:30
1973,4638,187,2024-04-07 18:43:47,2875,180,0.162,2024-05-29 18:43:47
1974,4639,3449,2024-02-21 19:51:57,3798,60,0.151,2024-03-14 19:51:57
1975,4640,1200,2024-07-01 19:51:43,3291,21,0.166,2024-07-13 19:51:43
1976,4642,2979,2025-10-11 10:51:53,942,60,0.189,2025-11-02 10:51:53
1977,4643,2005,2024-12-10 01:15:05,4228,30,0.243,2024-12-24 01:15:05
1978,4645,1986,2025-06-19 10:36:42,1225,180,0.24,2025-08-10 10:36:42
1979,4646,3471,2024-11-23 06:02:46,987,180,0.283,2025-01-14 06:02:46
1980,4647,122,2024-10-25 14:54:24,2853,30,0.158,2024-11-08 14:54:24
1981,4650,105,2025-07-28 16:01:15,3350,30,0.259,2025-08-11 16:01:15
1982,4651,2912,2025-09-15 12:57:50,3320,120,0.157,2025-10-22 12:57:50
1983,4656,398,2024-12-01 21:34:22,2807,180,0.198,2025-01-22 21:34:22
1984,4658,1184,2024-05-23 07:18:17,4234,180,0.292,2024-07-14 07:18:17
1985,4660,949,2024-08-24 07:43:38,4767,14,0.312,2024-09-03 07:43:38
1986,4662,3511,2024-04-23 21:24:06,2875,21,0.257,2024-05-05 21:24:06
1987,4663,262,2024-10-17 12:16:43,2476,14,0.234,2024-10-27 12:16:43
1988,4664,1194,2024-05-13 16:05:32,1226,180,0.276,2024-07-04 16:05:32
1989,4667,1395,2024-04-26 00:57:31,3424,90,0.224,2024-05-25 00:57:31
1990,4670,1442,2024-06-07 20:33:53,2282,60,0.253,2024-06-29 20:33:53
1991,4672,4965,2024-12-26 04:25:52,1689,14,0.315,2025-01-05 04:25:52
1992,4673,334,2024-09-29 16:22:34,4743,7,0.314,2024-10-07 16:22:34
1993,4679,4276,2024-09-01 14:59:28,1136,14,0.34,2024-09-11 14:59:28
1994,4681,4277,2025-04-02 19:30:43,1405,7,0.298,2025-04-10 19:30:43
1995,4682,1626,2024-05-05 14:25:43,2906,60,0.196,2024-05-27 14:25:43
1996,4686,3957,2024-05-02 08:36:16,3448,7,0.26,2024-05-10 08:36:16
1997,4688,4378,2025-09-27 08:14:15,968,120,0.294,2025-11-03 08:14:15
1998,4690,1307,2024-08-04 02:23:02,2039,14,0.204,2024-08-14 02:23:02
1999,4693,1188,2024-10-06 12:34:21,3588,120,0.228,2024-11-12 12:34:21
2000,4694,4054,2024-03-22 18:04:04,4101,30,0.226,2024-04-05 18:04:04
2001,4695,4869,2025-08-19 15:52:23,1058,7,0.229,2025-08-27 15:52:23
2002,4697,511,2025-07-24 07:39:41,1151,7,0.277,2025-08-01 07:39:41
2003,4698,3715,2024-09-09 07:32:14,3250,14,0.171,2024-09-19 07:32:14
2004,4699,3904,2025-08-12 18:04:13,1408,120,0.223,2025-09-18 18:04:13
2005,4702,3900,2025-12-02 09:30:06,2604,14,0.174,2025-12-12 09:30:06
2006,4703,1494,2024-06-29 04:05:02,3343,21,0.183,2024-07-11 04:05:02
2007,4708,955,2024-03-12 16:28:04,2607,60,0.269,2024-04-03 16:28:04
2008,4709,4673,2025-06-13 02:40:57,2518,180,0.294,2025-08-04 02:40:57
2009,4712,1818,2024-03-15 10:39:00,3900,14,0.259,2024-03-25 10:39:00
2010,4713,1652,2025-09-04 23:13:15,3493,7,0.232,2025-09-12 23:13:15
2011,4718,1494,2024-05-31 01:28:04,1360,21,0.286,2024-06-12 01:28:04
2012,4721,3367,2025-10-15 05:17:05,2288,180,0.232,2025-12-06 05:17:05
2013,4722,3734,2025-09-01 01:17:38,4144,7,0.211,2025-09-09 01:17:38
2014,4723,2896,2025-07-10 14:33:50,2462,60,0.283,2025-08-01 14:33:50
2015,4724,4994,2024-06-19 20:18:54,2720,21,0.226,2024-07-01 20:18:54
2016,4725,2462,2025-08-07 07:05:12,1385,21,0.268,2025-08-19 07:05:12
2017,4727,4298,2024-10-13 22:45:28,991,30,0.221,2024-10-27 22:45:28
2018,4731,1710,2025-01-28 01:55:56,2881,21,0.14,2025-02-09 01:55:56
2019,4733,2706,2024-05-04 01:28:29,3012,7,0.258,2024-05-12 01:28:29
2020,4734,3214,2024-09-20 10:32:55,848,60,0.261,2024-10-12 10:32:55
2021,4736,2981,2025-06-04 22:04:47,3482,21,0.186,2025-06-16 22:04:47
2022,4740,4882,2025-04-13 16:47:10,1880,21,0.205,2025-04-25 16:47:10
2023,4745,723,2025-11-02 09:00:05,3643,30,0.225,2025-11-16 09:00:05
2024,4747,2450,2025-01-20 11:10:25,4146,14,0.279,2025-01-30 11:10:25
2025,4748,2345,2024-11-24 08:24:26,1400,90,0.264,2024-12-23 08:24:26
2026,4750,1768,2024-08-05 19:13:41,2210,60,0.233,2024-08-27 19:13:41
2027,4757,2285,2024-12-02 02:46:00,4458,14,0.262,2024-12-12 02:46:00
2028,4758,4446,2025-11-10 05:12:22,2375,14,0.243,2025-11-20 05:12:22
2029,4760,1861,2024-09-22 21:17:42,3157,7,0.189,2024-09-30 21:17:42
2030,4764,2106,2025-10-29 16:03:07,3608,21,0.218,2025-11-10 16:03:07
2031,4765,3873,2025-04-19 16:50:00,1303,7,0.239,2025-04-27 16:50:00
2032,4768,2734,2024-09-04 11:30:50,4737,120,0.129,2024-10-11 11:30:50
2033,4771,1639,2024-04-22 20:47:36,2508,30,0.264,2024-05-06 20:47:36
2034,4772,1819,2024-05-19 14:31:27,4773,21,0.282,2024-05-31 14:31:27
2035,4773,811,2024-05-13 07:18:49,2250,120,0.228,2024-06-19 07:18:49
2036,4774,1765,2025-01-04 03:59:28,3525,60,0.239,2025-01-26 03:59:28
2037,4776,1224,2025-01-18 00:34:40,1932,120,0.28,2025-02-24 00:34:40
2038,4777,3804,2024-07-08 17:14:13,2928,21,0.277,2024-07-20 17:14:13
2039,4780,3443,2025-03-13 18:35:11,3341,14,0.138,2025-03-23 18:35:11
2040,4781,2068,2025-12-09 16:47:19,4963,21,0.265,2025-12-21 16:47:19
2041,4782,2829,2025-11-13 13:17:55,4373,60,0.203,2025-12-05 13:17:55
2042,4784,499,2025-10-09 21:29:47,1789,30,0.258,2025-10-23 21:29:47
2043,4785,849,2025-07-23 22:04:32,1929,14,0.225,2025-08-02 22:04:32
2044,4791,4145,2024-03-14 12:51:47,2344,30,0.307,2024-03-28 12:51:47
2045,4793,231,2025-10-12 14:22:36,2848,7,0.198,2025-10-20 14:22:36
2046,4795,3276,2025-12-15 13:18:34,2391,14,0.286,2025-12-25 13:18:34
2047,4796,3524,2024-12-30 17:40:29,2368,60,0.217,2025-01-21 17:40:29
2048,4798,3995,2024-08-28 20:03:07,4481,30,0.171,2024-09-11 20:03:07
2049,4800,1128,2024-07-11 06:50:02,4271,60,0.217,2024-08-02 06:50:02
2050,4802,707,2025-08-21 14:21:05,1807,7,0.257,2025-08-29 14:21:05
2051,4804,4026,2025-05-27 00:53:50,926,7,0.234,2025-06-04 00:53:50
2052,4805,3010,2024-12-10 21:44:05,827,120,0.289,2025-01-16 21:44:05
2053,4807,1455,2024-09-08 06:40:35,3738,7,0.248,2024-09-16 06:40:35
2054,4808,1212,2025-04-03 16:36:28,3697,21,0.221,2025-04-15 16:36:28
2055,4809,233,2025-05-10 08:27:05,3457,14,0.251,2025-05-20 08:27:05
2056,4810,2856,2025-02-08 01:10:46,4971,14,0.266,2025-02-18 01:10:46
2057,4811,3363,2025-12-15 12:49:29,3770,90,0.179,2026-01-13 12:49:29
2058,4812,3124,2025-06-05 22:12:12,3437,90,0.214,2025-07-04 22:12:12
2059,4816,4277,2024-03-27 03:37:57,1232,21,0.222,2024-04-08 03:37:57
2060,4820,4991,2025-01-20 09:32:40,502,120,0.235,2025-02-26 09:32:40
2061,4821,3757,2025-02-21 03:27:55,3598,14,0.285,2025-03-03 03:27:55
2062,4822,3124,2024-07-01 08:42:59,4687,21,0.208,2024-07-13 08:42:59
2063,4825,2872,2025-07-12 10:55:38,3234,30,0.258,2025-07-26 10:55:38
2064,4827,184,2024-03-05 17:39:32,3230,120,0.234,2024-04-11 17:39:32
2065,4828,2971,2025-02-03 04:21:07,3937,120,0.258,2025-03-12 04:21:07
2066,4829,2515,2024-02-19 17:14:09,1186,30,0.275,2024-03-04 17:14:09
2067,4830,2246,2025-05-20 20:34:15,2819,90,0.228,2025-06-18 20:34:15
2068,4831,1351,2024-06-04 23:00:12,3594,14,0.242,2024-06-14 23:00:12
2069,4837,1315,2024-06-18 01:05:05,2795,7,0.36,2024-06-26 01:05:05
2070,4843,1505,2025-12-01 23:27:30,4366,180,0.218,2026-01-22 23:27:30
2071,4846,4276,2025-05-23 15:18:28,1121,180,0.31,2025-07-14 15:18:28
2072,4850,3739,2025-12-02 10:14:15,4878,30,0.2,2025-12-16 10:14:15
2073,4853,1779,2025-07-30 17:14:19,1468,30,0.186,2025-08-13 17:14:19
2074,4856,1974,2024-10-22 06:32:40,4423,90,0.168,2024-11-20 06:32:40
2075,4857,792,2024-07-02 10:33:15,1850,30,0.217,2024-07-16 10:33:15
2076,4861,1525,2025-10-23 10:52:54,3784,60,0.305,2025-11-14 10:52:54
2077,4866,3416,2025-09-18 08:19:32,3368,30,0.165,2025-10-02 08:19:32
2078,4870,1705,2024-09-11 21:02:20,2323,30,0.259,2024-09-25 21:02:20
2079,4871,634,2025-06-05 15:09:08,3886,120,0.168,2025-07-12 15:09:08
2080,4875,4498,2025-03-30 10:19:20,1627,120,0.217,2025-05-06 10:19:20
2081,4876,1152,2024-12-20 01:20:20,4654,120,0.165,2025-01-26 01:20:20
2082,4877,84,2024-01-29 15:01:12,1104,180,0.175,2024-03-21 15:01:12
2083,4882,2982,2025-06-14 06:07:00,2411,90,0.235,2025-07-13 06:07:00
2084,4883,1599,2024-02-12 00:11:51,2905,60,0.286,2024-03-05 00:11:51
2085,4885,1892,2024-07-21 00:03:43,2869,60,0.255,2024-08-12 00:03:43
2086,4887,1345,2024-06-21 19:47:15,1576,7,0.176,2024-06-29 19:47:15
2087,4888,4483,2025-08-22 15:03:46,2910,30,0.228,2025-09-05 15:03:46
2088,4889,3714,2025-06-12 04:50:04,2602,14,0.272,2025-06-22 04:50:04
2089,4891,14,2024-03-12 13:34:47,4184,30,0.273,2024-03-26 13:34:47
2090,4892,128,2024-10-14 14:38:14,4900,120,0.292,2024-11-20 14:38:14
2091,4893,3155,2025-03-29 19:07:38,2268,14,0.299,2025-04-08 19:07:38
2092,4895,2268,2025-02-15 11:32:41,3221,14,0.186,2025-02-25 11:32:41
2093,4898,1475,2024-03-19 09:43:59,1265,60,0.263,2024-04-10 09:43:59
2094,4899,2568,2024-07-29 00:19:41,3495,60,0.154,2024-08-20 00:19:41
2095,4901,3371,2024-03-31 14:54:38,2228,21,0.247,2024-04-12 14:54:38
2096,4906,1959,2025-02-23 16:46:10,2454,60,0.169,2025-03-17 16:46:10
2097,4908,636,2025-10-01 01:50:56,1069,60,0.295,2025-10-23 01:50:56
2098,4909,4342,2024-04-03 20:36:33,2512,180,0.231,2024-05-25 20:36:33
2099,4913,2341,2024-02-24 09:28:02,829,60,0.192,2024-03-17 09:28:02
2100,4916,3401,2024-12-06 12:42:25,2878,180,0.231,2025-01-27 12:42:25
2101,4920,2187,2024-07-08 19:42:58,785,21,0.226,2024-07-20 19:42:58
2102,4921,634,2025-02-24 03:51:31,4657,21,0.261,2025-03-08 03:51:31
2103,4927,4315,2025-10-15 13:45:09,4304,120,0.219,2025-11-21 13:45:09
2104,4931,3173,2025-11-20 07:17:12,1093,90,0.267,2025-12-19 07:17:12
2105,4932,4591,2024-02-19 13:54:09,2402,30,0.269,2024-03-04 13:54:09
2106,4933,3327,2025-07-06 09:17:21,3390,60,0.332,2025-07-28 09:17:21
2107,4935,4189,2024-12-23 19:18:39,571,7,0.257,2024-12-31 19:18:39
2108,4936,2859,2025-11-07 09:32:31,1141,90,0.228,2025-12-06 09:32:31
2109,4940,4680,2025-09-19 20:32:09,839,14,0.266,2025-09-29 20:32:09
2110,4943,3242,2025-02-03 08:03:54,1401,30,0.322,2025-02-17 08:03:54
2111,4944,1801,2025-12-16 17:45:48,2429,90,0.16,2026-01-14 17:45:48
2112,4947,1517,2024-03-12 00:54:18,1083,30,0.289,2024-03-26 00:54:18
2113,4954,3611,2024-08-27 22:34:53,4230,90,0.183,2024-09-25 22:34:53
2114,4956,4493,2024-08-23 10:16:28,3600,21,0.303,2024-09-04 10:16:28
2115,4958,1835,2024-04-05 19:14:09,961,21,0.257,2024-04-17 19:14:09
2116,4959,4863,2024-08-20 11:06:53,1400,14,0.244,2024-08-30 11:06:53
2117,4960,3713,2024-07-11 21:11:44,759,7,0.33,2024-07-19 21:11:44
2118,4961,1162,2024-02-20 23:10:53,2339,14,0.228,2024-03-01 23:10:53
2119,4963,3645,2025-03-29 11:14:56,2684,60,0.237,2025-04-20 11:14:56
2120,4964,2138,2024-05-02 15:43:01,1373,60,0.243,2024-05-24 15:43:01
2121,4965,3372,2024-01-29 14:15:49,1317,120,0.219,2024-03-06 14:15:49
2122,4967,4396,2025-07-20 09:38:18,1267,7,0.296,2025-07-28 09:38:18
2123,4968,1621,2024-04-16 02:34:36,3602,120,0.335,2024-05-23 02:34:36
2124,4977,4205,2024-12-29 11:08:37,1229,7,0.292,2025-01-06 11:08:37
2125,4979,138,2025-01-09 21:18:58,3534,7,0.228,2025-01-17 21:18:58
2126,4981,3593,2024-10-15 03:15:45,919,7,0.182,2024-10-23 03:15:45
2127,4983,2424,2024-04-15 23:29:19,4381,21,0.209,2024-04-27 23:29:19
2128,4986,406,2025-02-18 09:07:38,3842,60,0.317,2025-03-12 09:07:38
2129,4990,3345,2024-11-28 17:44:13,1945,14,0.137,2024-12-08 17:44:13
2130,4991,2608,2025-03-16 16:32:08,1456,60,0.272,2025-04-07 16:32:08
2131,4997,1597,2024-04-02 20:34:32,3177,21,0.239,2024-04-14 20:34:32
2132,4999,4519,2025-06-15 03:27:57,2328,180,0.196,2025-08-06 03:27:57
2133,5000,4986,2025-08-27 07:05:36,4307,14,0.276,2025-09-06 07:05:36
2134,5002,4636,2024-03-19 14:37:15,2875,30,0.25,2024-04-02 14:37:15
2135,5006,4159,2025-02-05 12:21:11,3432,14,0.214,2025-02-15 12:21:11
2136,5007,4273,2024-01-25 05:00:33,4830,90,0.256,2024-02-23 05:00:33
2137,5009,1310,2024-10-25 18:15:41,2132,60,0.292,2024-11-16 18:15:41
2138,5011,3598,2024-02-26 03:09:49,1834,60,0.316,2024-03-19 03:09:49
2139,5012,1070,2025-03-21 00:19:10,1176,120,0.28,2025-04-27 00:19:10
2140,5015,345,2025-02-01 12:25:19,4941,60,0.283,2025-02-23 12:25:19
2141,5017,4092,2024-12-03 12:53:26,3716,60,0.205,2024-12-25 12:53:26
2142,5022,2511,2024-09-09 01:29:30,3063,7,0.246,2024-09-17 01:29:30
2143,5025,4285,2025-03-02 22:03:01,2511,21,0.215,2025-03-14 22:03:01
2144,5026,3884,2024-12-16 13:44:11,1334,120,0.227,2025-01-22 13:44:11
2145,5027,306,2024-04-05 20:26:07,2660,180,0.232,2024-05-27 20:26:07
2146,5028,1132,2025-04-09 22:06:41,962,180,0.239,2025-05-31 22:06:41
2147,5029,4705,2025-06-25 18:38:40,4493,30,0.226,2025-07-09 18:38:40
2148,5030,4577,2024-06-07 12:36:32,3440,60,0.244,2024-06-29 12:36:32
2149,5032,1017,2025-10-22 14:09:53,3002,60,0.215,2025-11-13 14:09:53
2150,5036,3783,2024-12-03 10:29:50,1353,180,0.262,2025-01-24 10:29:50
2151,5037,4048,2024-12-19 08:32:12,1585,14,0.237,2024-12-29 08:32:12
2152,5038,738,2025-04-05 18:54:24,4402,60,0.25,2025-04-27 18:54:24
2153,5039,4089,2024-06-30 09:49:55,1536,90,0.276,2024-07-29 09:49:55
2154,5040,3615,2025-08-28 06:08:05,1036,60,0.188,2025-09-19 06:08:05
2155,5044,3061,2025-03-22 14:53:06,3495,120,0.351,2025-04-28 14:53:06
2156,5045,4160,2024-12-28 11:55:53,3200,7,0.312,2025-01-05 11:55:53
2157,5046,2247,2025-03-12 17:40:04,2273,21,0.266,2025-03-24 17:40:04
2158,5051,1354,2025-01-30 12:00:02,2890,30,0.211,2025-02-13 12:00:02
2159,5054,4710,2024-10-29 01:48:43,2578,90,0.265,2024-11-27 01:48:43
2160,5056,4240,2025-01-07 13:13:44,2068,14,0.288,2025-01-17 13:13:44
2161,5057,1295,2024-09-27 06:07:43,4404,7,0.221,2024-10-05 06:07:43
2162,5060,594,2025-06-28 15:55:25,4260,60,0.182,2025-07-20 15:55:25
2163,5061,937,2024-02-07 10:41:14,3433,14,0.22,2024-02-17 10:41:14
2164,5062,2280,2025-10-16 02:14:44,2523,120,0.303,2025-11-22 02:14:44
2165,5067,4720,2025-11-06 23:01:29,1576,21,0.181,2025-11-18 23:01:29
2166,5068,4277,2024-02-01 23:55:43,3143,14,0.286,2024-02-11 23:55:43
2167,5070,4525,2025-02-13 13:44:03,1019,60,0.219,2025-03-07 13:44:03
2168,5073,2889,2025-09-08 14:36:37,2493,7,0.238,2025-09-16 14:36:37
2169,5078,1275,2024-10-30 09:59:26,2535,90,0.229,2024-11-28 09:59:26
2170,5081,636,2024-10-04 14:21:08,4596,90,0.269,2024-11-02 14:21:08
2171,5083,1894,2025-02-15 07:05:14,3370,30,0.307,2025-03-01 07:05:14
2172,5085,124,2025-02-20 20:20:21,2418,90,0.303,2025-03-21 20:20:21
2173,5086,241,2025-12-03 17:03:24,4014,14,0.281,2025-12-13 17:03:24
2174,5089,874,2025-06-13 07:00:36,4482,120,0.181,2025-07-20 07:00:36
2175,5090,3812,2025-12-10 21:25:28,3232,90,0.236,2026-01-08 21:25:28
2176,5091,4137,2024-04-16 23:21:12,1397,120,0.232,2024-05-23 23:21:12
2177,5094,1131,2025-01-20 16:44:52,2230,7,0.261,2025-01-28 16:44:52
2178,5099,3618,2025-11-24 12:36:03,2095,90,0.184,2025-12-23 12:36:03
2179,5105,4179,2025-04-15 03:35:46,772,21,0.266,2025-04-27 03:35:46
2180,5106,4371,2024-12-13 23:12:47,3709,180,0.228,2025-02-03 23:12:47
2181,5108,795,2025-11-09 14:07:29,3596,14,0.132,2025-11-19 14:07:29
2182,5112,326,2025-12-18 06:10:55,1168,21,0.221,2025-12-30 06:10:55
2183,5114,4977,2024-09-25 15:17:07,2353,60,0.274,2024-10-17 15:17:07
2184,5116,4516,2024-08-07 02:34:05,571,7,0.263,2024-08-15 02:34:05
2185,5118,4464,2025-07-13 06:59:33,3753,120,0.193,2025-08-19 06:59:33
2186,5120,138,2024-09-09 07:13:00,3085,60,0.173,2024-10-01 07:13:00
2187,5122,1272,2025-11-30 08:28:52,831,120,0.314,2026-01-06 08:28:52
2188,5126,3143,2024-06-06 01:32:28,1774,14,0.284,2024-06-16 01:32:28
2189,5127,4924,2025-11-04 20:58:54,2414,120,0.261,2025-12-11 20:58:54
2190,5130,2784,2025-07-26 05:27:59,673,21,0.262,2025-08-07 05:27:59
2191,5131,4092,2024-03-10 12:43:22,3716,7,0.165,2024-03-18 12:43:22
2192,5134,4635,2025-02-05 14:53:46,3440,30,0.166,2025-02-19 14:53:46
2193,5139,3075,2024-08-11 20:51:39,4332,90,0.156,2024-09-09 20:51:39
2194,5140,1507,2024-07-03 12:53:31,1931,60,0.212,2024-07-25 12:53:31
2195,5141,1354,2025-09-22 13:51:49,4136,30,0.181,2025-10-06 13:51:49
2196,5142,267,2025-09-13 01:14:21,2414,120,0.306,2025-10-20 01:14:21
2197,5148,3634,2024-02-27 02:18:32,3832,7,0.36,2024-03-06 02:18:32
2198,5149,2541,2025-04-14 21:40:01,2074,60,0.237,2025-05-06 21:40:01
2199,5150,608,2024-04-03 11:10:17,3403,7,0.202,2024-04-11 11:10:17
2200,5153,2785,2025-03-13 18:48:08,1166,21,0.287,2025-03-25 18:48:08
2201,5159,1045,2024-06-24 07:50:41,4425,21,0.292,2024-07-06 07:50:41
2202,5162,1913,2024-04-12 22:40:56,4603,30,0.125,2024-04-26 22:40:56
2203,5172,3260,2025-03-18 01:42:57,955,21,0.325,2025-03-30 01:42:57
2204,5175,3142,2025-11-29 15:22:27,2414,120,0.228,2026-01-05 15:22:27
2205,5176,4436,2025-02-01 14:40:52,1993,60,0.221,2025-02-23 14:40:52
2206,5177,4706,2025-04-23 00:38:58,3303,30,0.215,2025-05-07 00:38:58
2207,5178,3408,2024-05-20 15:58:43,4181,90,0.218,2024-06-18 15:58:43
2208,5180,4629,2024-05-13 20:03:48,1328,120,0.259,2024-06-19 20:03:48
2209,5181,509,2024-12-19 05:06:32,1979,60,0.265,2025-01-10 05:06:32
2210,5183,513,2025-03-30 01:02:33,1619,60,0.26,2025-04-21 01:02:33
2211,5184,1012,2024-05-02 02:14:00,4761,90,0.189,2024-05-31 02:14:00
2212,5185,2003,2025-10-27 21:00:56,1187,21,0.236,2025-11-08 21:00:56
2213,5186,365,2024-03-22 09:45:45,3453,30,0.3,2024-04-05 09:45:45
2214,5187,4799,2024-07-24 21:07:06,3068,14,0.211,2024-08-03 21:07:06
2215,5193,586,2024-03-24 19:59:24,3608,7,0.224,2024-04-01 19:59:24
2216,5194,1187,2024-07-19 02:13:08,1241,120,0.195,2024-08-25 02:13:08
2217,5196,257,2024-11-06 11:44:22,4807,120,0.289,2024-12-13 11:44:22
2218,5197,236,2024-11-11 10:23:00,1625,21,0.285,2024-11-23 10:23:00
2219,5201,4872,2025-05-24 17:17:31,4760,21,0.215,2025-06-05 17:17:31
2220,5202,2769,2025-03-15 21:47:01,4470,30,0.229,2025-03-29 21:47:01
2221,5208,1940,2025-11-12 19:57:45,1292,60,0.358,2025-12-04 19:57:45
2222,5209,3061,2024-10-09 06:11:21,1070,30,0.263,2024-10-23 06:11:21
2223,5213,4423,2024-11-04 22:56:02,2112,60,0.187,2024-11-26 22:56:02
2224,5215,2672,2025-05-10 22:31:37,4811,14,0.258,2025-05-20 22:31:37
2225,5220,4509,2024-09-08 21:53:37,2051,21,0.163,2024-09-20 21:53:37
2226,5221,898,2024-06-28 13:25:57,3444,14,0.202,2024-07-08 13:25:57
2227,5222,550,2024-09-10 20:13:57,1108,180,0.246,2024-11-01 20:13:57
2228,5226,3647,2024-03-08 01:02:12,533,90,0.215,2024-04-06 01:02:12
2229,5228,3450,2025-06-09 05:58:06,4893,180,0.234,2025-07-31 05:58:06
2230,5229,2286,2025-01-05 08:47:19,2781,14,0.287,2025-01-15 08:47:19
2231,5237,4446,2025-04-22 09:29:08,1965,14,0.26,2025-05-02 09:29:08
2232,5238,4472,2025-04-23 08:39:10,1347,14,0.187,2025-05-03 08:39:10
2233,5239,4687,2024-02-06 03:24:34,3152,30,0.174,2024-02-20 03:24:34
2234,5242,1268,2024-08-04 01:24:09,1346,7,0.137,2024-08-12 01:24:09
2235,5243,236,2024-03-30 23:32:22,3324,180,0.208,2024-05-21 23:32:22
2236,5248,1110,2024-11-16 12:50:45,2352,14,0.113,2024-11-26 12:50:45
2237,5250,2549,2024-03-23 02:55:36,2737,7,0.132,2024-03-31 02:55:36
2238,5251,4434,2025-09-17 22:52:16,3367,21,0.245,2025-09-29 22:52:16
2239,5252,4805,2024-08-02 14:45:56,2333,7,0.252,2024-08-10 14:45:56
2240,5254,1294,2024-09-24 04:34:44,3211,120,0.254,2024-10-31 04:34:44
2241,5256,3985,2024-04-09 00:47:12,1384,30,0.33,2024-04-23 00:47:12
2242,5257,845,2024-09-16 14:37:25,3787,21,0.162,2024-09-28 14:37:25
2243,5259,4057,2024-12-12 13:49:09,3027,7,0.203,2024-12-20 13:49:09
2244,5261,3411,2025-12-09 23:11:05,1193,90,0.221,2026-01-07 23:11:05
2245,5264,992,2025-02-22 15:20:21,3440,21,0.244,2025-03-06 15:20:21
2246,5272,1240,2024-07-24 02:00:25,1236,60,0.271,2024-08-15 02:00:25
2247,5274,2314,2025-08-15 02:07:21,4475,180,0.285,2025-10-06 02:07:21
2248,5275,865,2025-05-17 19:33:45,1040,21,0.239,2025-05-29 19:33:45
2249,5276,3651,2024-11-30 17:02:57,727,30,0.207,2024-12-14 17:02:57
2250,5280,4564,2025-12-18 16:05:54,3142,30,0.305,2026-01-01 16:05:54
2251,5286,1566,2025-01-08 10:21:13,3748,30,0.213,2025-01-22 10:21:13
2252,5287,3503,2024-06-06 08:20:12,3959,30,0.122,2024-06-20 08:20:12
2253,5288,4911,2025-01-05 12:51:10,3250,14,0.192,2025-01-15 12:51:10
2254,5289,3573,2024-09-16 21:29:58,981,7,0.244,2024-09-24 21:29:58
2255,5291,844,2024-04-06 06:43:49,4231,14,0.272,2024-04-16 06:43:49
2256,5295,1802,2025-09-04 15:02:34,1053,7,0.304,2025-09-12 15:02:34
2257,5297,838,2025-09-28 11:26:01,639,14,0.245,2025-10-08 11:26:01
2258,5298,777,2025-07-01 23:43:50,1388,120,0.184,2025-08-07 23:43:50
2259,5299,2093,2024-09-24 21:13:13,2091,90,0.258,2024-10-23 21:13:13
2260,5300,2449,2025-08-18 09:41:26,2130,60,0.256,2025-09-09 09:41:26
2261,5303,495,2025-07-09 11:23:48,3354,120,0.23,2025-08-15 11:23:48
2262,5307,376,2024-06-06 15:54:45,2678,120,0.273,2024-07-13 15:54:45
2263,5318,216,2024-08-30 11:51:44,1460,180,0.215,2024-10-21 11:51:44
2264,5319,2666,2025-10-20 14:05:10,3500,60,0.23,2025-11-11 14:05:10
2265,5320,4890,2024-05-07 18:19:46,2315,30,0.133,2024-05-21 18:19:46
2266,5322,4882,2024-05-21 14:44:44,933,60,0.241,2024-06-12 14:44:44
2267,5323,3126,2024-12-31 06:11:25,1007,90,0.252,2025-01-29 06:11:25
2268,5324,1607,2024-11-17 16:59:44,1689,180,0.275,2025-01-08 16:59:44
2269,5326,723,2025-06-16 06:01:20,2759,14,0.17,2025-06-26 06:01:20
2270,5327,4768,2024-03-02 01:00:47,4586,180,0.191,2024-04-23 01:00:47
2271,5333,4082,2025-06-23 20:07:38,2527,21,0.27,2025-07-05 20:07:38
2272,5337,2281,2024-07-10 16:13:57,2684,21,0.206,2024-07-22 16:13:57
2273,5339,3412,2024-06-26 22:10:20,1720,90,0.24,2024-07-25 22:10:20
2274,5340,180,2025-10-02 18:27:04,4968,14,0.309,2025-10-12 18:27:04
2275,5342,868,2024-11-27 05:24:50,3131,7,0.219,2024-12-05 05:24:50
2276,5344,188,2024-03-19 13:48:22,3584,120,0.265,2024-04-25 13:48:22
2277,5345,4196,2024-10-27 22:19:20,2659,7,0.246,2024-11-04 22:19:20
2278,5349,1766,2024-10-31 14:15:56,4131,30,0.251,2024-11-14 14:15:56
2279,5353,2707,2024-07-16 12:22:25,3831,60,0.176,2024-08-07 12:22:25
2280,5355,2307,2025-03-23 01:07:55,4560,14,0.337,2025-04-02 01:07:55
2281,5357,2576,2024-10-14 12:38:20,3825,14,0.269,2024-10-24 12:38:20
2282,5358,4846,2024-08-04 04:38:52,3941,30,0.328,2024-08-18 04:38:52
2283,5359,3096,2025-08-31 20:47:05,3679,180,0.24,2025-10-22 20:47:05
2284,5361,4829,2024-08-06 02:56:47,3403,7,0.247,2024-08-14 02:56:47
2285,5362,4335,2024-12-28 23:16:28,582,90,0.229,2025-01-26 23:16:28
2286,5364,3957,2025-10-12 22:47:11,770,180,0.193,2025-12-03 22:47:11
2287,5365,1276,2025-05-16 21:31:31,1106,7,0.181,2025-05-24 21:31:31
2288,5370,283,2024-04-25 21:55:22,3291,30,0.206,2024-05-09 21:55:22
2289,5372,810,2024-06-17 09:45:46,2502,7,0.211,2024-06-25 09:45:46
2290,5374,683,2025-02-12 11:37:05,1043,180,0.224,2025-04-05 11:37:05
2291,5375,3699,2024-07-01 11:40:37,2499,21,0.127,2024-07-13 11:40:37
2292,5377,541,2025-02-22 14:53:09,1533,30,0.297,2025-03-08 14:53:09
2293,5378,3287,2024-03-19 14:08:27,2151,7,0.248,2024-03-27 14:08:27
2294,5380,2778,2025-04-14 20:01:16,3582,14,0.187,2025-04-24 20:01:16
2295,5385,2419,2024-03-29 05:53:37,3862,30,0.233,2024-04-12 05:53:37
2296,5388,765,2024-12-09 07:45:27,3969,90,0.315,2025-01-07 07:45:27
2297,5392,850,2025-12-03 03:29:03,4178,30,0.255,2025-12-17 03:29:03
2298,5394,2751,2025-04-11 23:36:28,3256,7,0.165,2025-04-19 23:36:28
2299,5401,2979,2025-10-08 18:39:27,2509,90,0.301,2025-11-06 18:39:27
2300,5402,3307,2025-07-12 04:29:43,2942,180,0.2,2025-09-02 04:29:43
2301,5404,2553,2024-04-27 15:23:19,2516,120,0.269,2024-06-03 15:23:19
2302,5409,769,2025-04-11 12:43:59,2259,180,0.202,2025-06-02 12:43:59
2303,5410,3324,2025-09-15 18:26:02,553,21,0.196,2025-09-27 18:26:02
2304,5415,1404,2024-10-03 09:43:56,3656,180,0.204,2024-11-24 09:43:56
2305,5416,4330,2025-06-15 20:43:10,2749,21,0.214,2025-06-27 20:43:10
2306,5417,4642,2024-03-28 01:01:02,1442,120,0.248,2024-05-04 01:01:02
2307,5418,3880,2025-05-29 21:47:05,890,90,0.224,2025-06-27 21:47:05
2308,5423,3193,2024-06-20 08:01:06,2540,30,0.236,2024-07-04 08:01:06
2309,5424,2920,2025-02-11 04:52:22,3011,7,0.196,2025-02-19 04:52:22
2310,5433,2106,2025-07-19 23:02:31,3608,90,0.225,2025-08-17 23:02:31
2311,5434,4921,2024-04-25 20:37:58,876,30,0.206,2024-05-09 20:37:58
2312,5435,3656,2024-05-25 16:16:11,900,60,0.163,2024-06-16 16:16:11
2313,5436,2377,2025-11-15 12:10:35,1193,21,0.266,2025-11-27 12:10:35
2314,5439,2051,2024-10-20 04:57:04,3301,30,0.18,2024-11-03 04:57:04
2315,5445,2041,2025-03-24 15:02:28,1805,21,0.256,2025-04-05 15:02:28
2316,5446,1091,2025-10-25 16:16:11,3451,14,0.229,2025-11-04 16:16:11
2317,5447,4383,2024-11-21 14:31:58,4427,30,0.237,2024-12-05 14:31:58
2318,5448,4530,2024-04-16 03:22:41,1270,7,0.267,2024-04-24 03:22:41
2319,5451,2598,2025-02-07 07:16:17,1780,90,0.225,2025-03-08 07:16:17
2320,5453,219,2025-10-08 15:48:33,3309,7,0.255,2025-10-16 15:48:33
2321,5454,4253,2025-11-25 21:58:27,2853,180,0.256,2026-01-16 21:58:27
2322,5458,358,2025-08-15 01:57:15,1711,180,0.286,2025-10-06 01:57:15
2323,5459,1873,2024-02-28 04:37:43,575,21,0.252,2024-03-11 04:37:43
2324,5460,2138,2025-12-13 09:47:09,3762,30,0.231,2025-12-27 09:47:09
2325,5462,1764,2024-05-25 23:31:29,3721,30,0.255,2024-06-08 23:31:29
2326,5465,2296,2024-04-10 10:05:29,1878,180,0.247,2024-06-01 10:05:29
2327,5466,3727,2025-06-11 05:05:48,3986,14,0.239,2025-06-21 05:05:48
2328,5472,3012,2025-07-30 07:02:07,1592,7,0.337,2025-08-07 07:02:07
2329,5477,1845,2024-12-10 22:48:23,549,60,0.354,2025-01-01 22:48:23
2330,5480,2139,2025-05-29 00:08:58,4655,7,0.321,2025-06-06 00:08:58
2331,5481,4297,2025-11-23 18:58:26,2828,30,0.263,2025-12-07 18:58:26
2332,5483,3703,2024-06-12 17:33:16,2551,14,0.316,2024-06-22 17:33:16
2333,5484,3342,2025-06-30 06:08:02,2487,60,0.232,2025-07-22 06:08:02
2334,5487,330,2024-05-12 23:26:20,3986,21,0.212,2024-05-24 23:26:20
2335,5490,4577,2025-12-03 09:03:08,4166,90,0.36,2026-01-01 09:03:08
2336,5492,2459,2024-11-03 05:36:33,2000,60,0.248,2024-11-25 05:36:33
2337,5497,2291,2025-05-21 02:01:13,830,180,0.331,2025-07-12 02:01:13
2338,5500,981,2025-06-16 18:10:33,1082,7,0.315,2025-06-24 18:10:33
2339,5503,4697,2025-10-21 20:23:16,1157,7,0.142,2025-10-29 20:23:16
2340,5505,405,2025-12-04 16:52:42,1329,21,0.245,2025-12-16 16:52:42
2341,5507,901,2025-11-19 10:59:30,2149,60,0.311,2025-12-11 10:59:30
2342,5508,4434,2025-11-06 06:19:08,2497,60,0.235,2025-11-28 06:19:08
2343,5512,4140,2024-03-12 06:42:26,998,14,0.325,2024-03-22 06:42:26
2344,5513,1602,2025-04-12 07:21:47,4345,120,0.263,2025-05-19 07:21:47
2345,5514,4306,2025-04-15 15:27:38,4798,7,0.18,2025-04-23 15:27:38
2346,5516,4492,2025-11-11 20:56:30,3068,30,0.207,2025-11-25 20:56:30
2347,5518,2983,2024-06-08 16:53:35,4255,30,0.218,2024-06-22 16:53:35
2348,5519,821,2024-06-24 11:02:39,865,120,0.283,2024-07-31 11:02:39
2349,5521,2608,2025-04-22 08:40:09,4558,60,0.177,2025-05-14 08:40:09
2350,5523,1085,2024-10-14 21:18:22,974,90,0.221,2024-11-12 21:18:22
2351,5525,2202,2025-06-02 07:07:12,2732,120,0.24,2025-07-09 07:07:12
2352,5528,1103,2024-05-12 07:46:03,1100,30,0.251,2024-05-26 07:46:03
2353,5530,1829,2024-05-28 05:44:46,2494,90,0.213,2024-06-26 05:44:46
2354,5531,4468,2024-09-13 23:30:56,1050,90,0.284,2024-10-12 23:30:56
2355,5532,1775,2025-10-02 03:27:41,4731,7,0.329,2025-10-10 03:27:41
2356,5533,629,2024-11-20 20:04:28,2309,7,0.258,2024-11-28 20:04:28
2357,5534,789,2024-04-29 02:10:56,1471,60,0.232,2024-05-21 02:10:56
2358,5543,2831,2025-02-17 17:01:09,2230,180,0.296,2025-04-10 17:01:09
2359,5544,2012,2024-07-14 01:50:23,3056,30,0.335,2024-07-28 01:50:23
2360,5545,2438,2024-01-26 01:51:30,1342,7,0.142,2024-02-03 01:51:30
2361,5548,541,2024-12-21 17:43:48,4129,90,0.14,2025-01-19 17:43:48
2362,5549,3889,2024-04-23 12:27:45,1264,21,0.241,2024-05-05 12:27:45
2363,5550,42,2024-11-12 01:24:58,4206,14,0.237,2024-11-22 01:24:58
2364,5551,4541,2024-01-29 14:19:55,3879,7,0.175,2024-02-06 14:19:55
2365,5552,3345,2025-10-23 23:00:15,4333,7,0.274,2025-10-31 23:00:15
2366,5555,3461,2025-06-02 10:15:12,1391,30,0.218,2025-06-16 10:15:12
2367,5556,3312,2024-04-25 16:51:56,1509,60,0.238,2024-05-17 16:51:56
2368,5560,2569,2025-01-28 13:21:58,2796,120,0.268,2025-03-06 13:21:58
2369,5563,1590,2024-05-04 20:23:43,2173,7,0.19,2024-05-12 20:23:43
2370,5564,1459,2025-09-27 13:00:47,2973,21,0.193,2025-10-09 13:00:47
2371,5567,3618,2024-09-12 07:40:30,4566,14,0.22,2024-09-22 07:40:30
2372,5571,2271,2025-06-30 01:26:26,2915,90,0.306,2025-07-29 01:26:26
2373,5575,4687,2024-04-23 21:38:55,3179,7,0.18,2024-05-01 21:38:55
2374,5576,3520,2025-03-06 01:38:54,1855,7,0.21,2025-03-14 01:38:54
2375,5578,1246,2025-12-03 21:23:59,3403,180,0.286,2026-01-24 21:23:59
2376,5584,4298,2024-09-12 18:31:57,1621,90,0.347,2024-10-11 18:31:57
2377,5587,4954,2025-12-12 07:00:08,1380,14,0.237,2025-12-22 07:00:08
2378,5592,2844,2024-10-08 20:29:49,2981,90,0.151,2024-11-06 20:29:49
2379,5596,2615,2024-05-31 12:21:31,818,30,0.252,2024-06-14 12:21:31
2380,5599,2262,2024-04-19 03:16:28,1696,21,0.36,2024-05-01 03:16:28
2381,5601,1568,2024-12-06 11:47:34,4023,7,0.311,2024-12-14 11:47:34
2382,5602,4163,2025-02-01 09:24:40,2810,180,0.267,2025-03-25 09:24:40
2383,5608,3346,2025-09-14 08:22:56,1711,7,0.216,2025-09-22 08:22:56
2384,5610,3531,2025-11-28 15:54:42,3290,21,0.318,2025-12-10 15:54:42
2385,5613,3805,2024-03-02 04:25:02,2719,180,0.267,2024-04-23 04:25:02
2386,5616,571,2025-03-02 10:16:20,1979,30,0.24,2025-03-16 10:16:20
2387,5624,1103,2025-01-06 18:11:59,2811,120,0.229,2025-02-12 18:11:59
2388,5625,3061,2024-10-24 02:43:59,901,120,0.279,2024-11-30 02:43:59
2389,5640,81,2025-03-11 00:26:25,2126,7,0.124,2025-03-19 00:26:25
2390,5642,4820,2024-04-27 13:57:56,4085,21,0.217,2024-05-09 13:57:56
2391,5643,1581,2025-01-03 01:23:49,953,30,0.157,2025-01-17 01:23:49
2392,5644,818,2024-04-10 12:20:54,1460,21,0.351,2024-04-22 12:20:54
2393,5648,12,2024-12-19 06:26:16,3207,120,0.224,2025-01-25 06:26:16
2394,5649,1007,2025-05-20 00:25:33,2526,14,0.236,2025-05-30 00:25:33
2395,5650,2388,2024-07-26 04:27:36,3931,21,0.266,2024-08-07 04:27:36
2396,5656,1344,2024-11-21 18:19:33,1967,21,0.223,2024-12-03 18:19:33
2397,5659,2312,2025-07-26 07:10:46,2838,30,0.166,2025-08-09 07:10:46
2398,5663,901,2024-10-22 20:08:29,2605,30,0.3,2024-11-05 20:08:29
2399,5665,123,2025-02-22 05:02:01,3642,30,0.258,2025-03-08 05:02:01
2400,5667,1674,2025-11-26 14:35:43,1256,90,0.191,2025-12-25 14:35:43
2401,5668,332,2024-02-08 23:24:48,3185,120,0.291,2024-03-16 23:24:48
2402,5671,3443,2024-10-07 14:09:09,3230,120,0.264,2024-11-13 14:09:09
2403,5675,936,2024-08-25 00:43:41,1028,21,0.331,2024-09-06 00:43:41
2404,5676,4738,2024-08-01 20:21:51,4509,120,0.252,2024-09-07 20:21:51
2405,5678,2952,2024-02-13 23:30:31,3308,60,0.207,2024-03-06 23:30:31
2406,5679,90,2024-11-17 03:02:09,1281,60,0.181,2024-12-09 03:02:09
2407,5684,1543,2025-06-29 20:47:46,3083,60,0.251,2025-07-21 20:47:46
2408,5689,2630,2025-03-17 04:01:36,2307,60,0.301,2025-04-08 04:01:36
2409,5692,832,2025-01-15 18:25:45,1523,90,0.246,2025-02-13 18:25:45
2410,5693,4595,2025-07-07 23:09:20,819,21,0.286,2025-07-19 23:09:20
2411,5694,2088,2024-12-08 13:53:37,728,90,0.184,2025-01-06 13:53:37
2412,5698,679,2024-03-23 13:43:23,1641,14,0.314,2024-04-02 13:43:23
2413,5702,4815,2025-09-18 07:29:53,2649,90,0.284,2025-10-17 07:29:53
2414,5703,271,2024-12-09 20:26:59,1434,14,0.28,2024-12-19 20:26:59
2415,5710,12,2024-08-09 21:42:01,2805,7,0.212,2024-08-17 21:42:01
2416,5713,3202,2025-07-26 09:31:26,4095,7,0.299,2025-08-03 09:31:26
2417,5717,881,2025-02-17 00:51:41,3884,21,0.182,2025-03-01 00:51:41
2418,5720,3379,2024-07-09 09:44:46,3064,30,0.255,2024-07-23 09:44:46
2419,5721,2106,2024-05-24 13:08:09,3001,30,0.244,2024-06-07 13:08:09
2420,5727,2481,2024-07-20 19:00:20,1724,90,0.237,2024-08-18 19:00:20
2421,5728,4398,2024-02-06 20:17:14,2832,7,0.209,2024-02-14 20:17:14
2422,5730,1011,2024-04-03 13:27:15,4629,21,0.19,2024-04-15 13:27:15
2423,5732,3359,2024-08-11 04:57:40,662,90,0.154,2024-09-09 04:57:40
2424,5737,4587,2024-02-23 13:43:16,3334,7,0.271,2024-03-02 13:43:16
2425,5739,2276,2025-02-06 02:18:52,3099,60,0.175,2025-02-28 02:18:52
2426,5740,2622,2024-06-28 02:49:02,2711,120,0.3,2024-08-04 02:49:02
2427,5741,2399,2024-01-25 08:12:52,2726,21,0.282,2024-02-06 08:12:52
2428,5746,4893,2024-10-01 01:31:36,3355,60,0.186,2024-10-23 01:31:36
2429,5750,509,2024-06-18 00:31:48,2596,60,0.236,2024-07-10 00:31:48
2430,5751,2991,2025-11-15 00:55:35,963,7,0.21,2025-11-23 00:55:35
2431,5752,2229,2024-08-16 15:56:49,2972,7,0.199,2024-08-24 15:56:49
2432,5757,1799,2025-01-08 22:27:09,3388,14,0.263,2025-01-18 22:27:09
2433,5759,4457,2024-08-17 00:11:47,3850,180,0.217,2024-10-08 00:11:47
2434,5760,1356,2025-05-15 20:35:37,2032,21,0.257,2025-05-27 20:35:37
2435,5762,3837,2024-05-30 05:02:33,3846,14,0.134,2024-06-09 05:02:33
2436,5765,3934,2025-06-24 21:13:55,3969,14,0.226,2025-07-04 21:13:55
2437,5766,2396,2025-09-22 07:55:05,2002,21,0.213,2025-10-04 07:55:05
2438,5767,3517,2024-05-17 18:07:27,1506,21,0.229,2024-05-29 18:07:27
2439,5772,4693,2024-02-11 15:15:38,4520,120,0.291,2024-03-19 15:15:38
2440,5773,2661,2024-05-29 21:16:27,3717,30,0.145,2024-06-12 21:16:27
2441,5774,441,2025-01-12 10:37:49,2527,21,0.236,2025-01-24 10:37:49
2442,5776,4199,2025-04-17 17:24:20,3405,90,0.265,2025-05-16 17:24:20
2443,5777,4148,2024-11-28 10:41:45,1189,21,0.262,2024-12-10 10:41:45
2444,5778,1552,2025-06-09 13:12:18,1576,120,0.17,2025-07-16 13:12:18
2445,5779,2660,2024-06-15 21:44:41,1274,21,0.259,2024-06-27 21:44:41
2446,5782,2122,2024-11-26 08:22:26,1024,60,0.218,2024-12-18 08:22:26
2447,5783,1697,2025-08-30 13:55:19,1140,30,0.225,2025-09-13 13:55:19
2448,5784,2,2024-03-18 15:03:08,2739,60,0.267,2024-04-09 15:03:08
2449,5785,980,2024-12-11 09:04:14,3623,30,0.238,2024-12-25 09:04:14
2450,5792,3663,2025-10-07 07:56:09,1821,21,0.253,2025-10-19 07:56:09
2451,5796,1172,2024-12-18 12:31:57,3914,90,0.209,2025-01-16 12:31:57
2452,5797,3223,2024-04-09 12:49:44,4840,21,0.177,2024-04-21 12:49:44
2453,5798,2495,2025-07-01 11:37:43,4900,120,0.254,2025-08-07 11:37:43
2454,5800,2438,2024-07-04 22:05:58,3717,120,0.212,2024-08-10 22:05:58
2455,5801,2430,2025-04-25 12:27:51,1524,7,0.21,2025-05-03 12:27:51
2456,5802,5000,2025-12-14 03:07:36,1363,30,0.254,2025-12-28 03:07:36
2457,5805,4625,2024-02-12 22:41:32,3457,14,0.164,2024-02-22 22:41:32
2458,5810,4918,2024-07-18 12:06:50,1314,14,0.281,2024-07-28 12:06:50
2459,5815,2506,2025-11-30 01:41:16,3028,21,0.266,2025-12-12 01:41:16
2460,5816,2576,2024-11-06 23:40:22,1721,60,0.208,2024-11-28 23:40:22
2461,5818,3209,2024-06-06 17:38:09,2361,7,0.219,2024-06-14 17:38:09
2462,5820,1211,2025-01-22 03:29:55,4259,120,0.197,2025-02-28 03:29:55
2463,5822,4048,2025-12-21 09:05:12,4020,7,0.219,2025-12-29 09:05:12
2464,5825,124,2025-03-26 20:25:22,1162,60,0.205,2025-04-17 20:25:22
2465,5826,2501,2025-06-01 12:42:55,1453,21,0.204,2025-06-13 12:42:55
2466,5827,1314,2025-05-10 05:09:59,1013,90,0.206,2025-06-08 05:09:59
2467,5834,334,2025-04-02 08:29:39,1112,180,0.251,2025-05-24 08:29:39
2468,5835,934,2025-01-05 14:38:11,2879,180,0.22,2025-02-26 14:38:11
2469,5839,1791,2024-05-10 06:57:10,1304,7,0.16,2024-05-18 06:57:10
2470,5844,4968,2025-01-14 03:29:49,2983,120,0.254,2025-02-20 03:29:49
2471,5849,944,2025-08-24 04:16:45,4027,7,0.199,2025-09-01 04:16:45
2472,5857,3866,2025-10-11 18:52:56,4112,21,0.241,2025-10-23 18:52:56
2473,5858,3834,2024-05-04 09:15:59,2867,7,0.283,2024-05-12 09:15:59
2474,5859,547,2024-06-18 06:19:30,4862,60,0.279,2024-07-10 06:19:30
2475,5861,2929,2024-10-19 10:14:16,998,180,0.248,2024-12-10 10:14:16
2476,5865,569,2025-01-06 09:59:17,3457,90,0.15,2025-02-04 09:59:17
2477,5868,4876,2024-09-19 00:28:35,1263,120,0.207,2024-10-26 00:28:35
2478,5869,4588,2024-05-04 05:58:03,3469,120,0.344,2024-06-10 05:58:03
2479,5870,751,2025-08-07 00:20:40,4245,60,0.129,2025-08-29 00:20:40
2480,5873,2226,2024-02-16 21:16:23,2751,21,0.274,2024-02-28 21:16:23
2481,5876,901,2024-02-26 00:39:47,3294,120,0.244,2024-04-03 00:39:47
2482,5877,1424,2024-12-05 18:49:34,3711,14,0.187,2024-12-15 18:49:34
2483,5881,2994,2025-11-10 04:41:11,4178,180,0.294,2026-01-01 04:41:11
2484,5883,789,2024-05-28 02:36:25,2708,7,0.239,2024-06-05 02:36:25
2485,5890,1794,2024-06-18 07:19:15,1945,90,0.279,2024-07-17 07:19:15
2486,5891,886,2025-04-20 09:55:30,3261,180,0.178,2025-06-11 09:55:30
2487,5893,1284,2025-08-08 09:01:02,3812,30,0.266,2025-08-22 09:01:02
2488,5894,1636,2025-12-02 05:27:04,2629,7,0.26,2025-12-10 05:27:04
2489,5895,444,2025-09-12 15:38:56,3424,180,0.166,2025-11-03 15:38:56
2490,5897,1184,2025-05-04 05:55:29,4276,30,0.225,2025-05-18 05:55:29
2491,5898,2677,2025-02-10 05:43:50,3332,14,0.183,2025-02-20 05:43:50
2492,5900,1005,2024-04-15 00:25:46,1361,21,0.235,2024-04-27 00:25:46
2493,5901,152,2024-03-11 15:24:06,3192,21,0.287,2024-03-23 15:24:06
2494,5902,220,2025-03-05 11:05:03,2219,21,0.217,2025-03-17 11:05:03
2495,5903,1685,2024-11-29 21:11:19,2684,21,0.282,2024-12-11 21:11:19
2496,5904,2087,2025-09-23 21:05:47,3452,60,0.212,2025-10-15 21:05:47
2497,5907,423,2025-07-21 10:48:49,2787,180,0.305,2025-09-11 10:48:49
2498,5913,4965,2025-09-21 09:50:37,4219,21,0.229,2025-10-03 09:50:37
2499,5915,2991,2025-04-02 05:17:48,2441,180,0.248,2025-05-24 05:17:48
2500,5916,3210,2024-11-13 21:10:54,2215,180,0.239,2025-01-04 21:10:54
2501,5918,3026,2024-03-25 10:23:28,2011,180,0.123,2024-05-16 10:23:28
2502,5919,4373,2025-03-15 00:40:37,4055,90,0.207,2025-04-13 00:40:37
2503,5920,2322,2025-11-06 17:46:40,890,7,0.217,2025-11-14 17:46:40
2504,5921,1089,2025-02-19 09:43:15,4907,120,0.119,2025-03-28 09:43:15
2505,5922,789,2025-09-11 07:38:55,2770,7,0.26,2025-09-19 07:38:55
2506,5927,3513,2024-06-29 04:30:34,4406,21,0.187,2024-07-11 04:30:34
2507,5929,4924,2024-03-08 20:33:30,3166,7,0.286,2024-03-16 20:33:30
2508,5930,2684,2024-10-16 06:43:30,4148,90,0.239,2024-11-14 06:43:30
2509,5933,3739,2024-11-17 10:50:02,4833,14,0.222,2024-11-27 10:50:02
2510,5936,2449,2024-04-19 07:59:30,1376,14,0.204,2024-04-29 07:59:30
2511,5938,4102,2025-12-11 16:59:52,1385,120,0.289,2026-01-17 16:59:52
2512,5939,4026,2024-08-30 09:14:44,4517,30,0.218,2024-09-13 09:14:44
2513,5942,261,2024-04-08 19:23:05,3583,120,0.199,2024-05-15 19:23:05
2514,5948,2495,2024-06-20 16:24:21,2381,30,0.186,2024-07-04 16:24:21
2515,5951,4727,2025-05-29 05:48:24,4664,30,0.116,2025-06-12 05:48:24
2516,5953,4051,2025-11-24 12:00:21,3732,120,0.269,2025-12-31 12:00:21
2517,5955,3308,2025-06-29 22:27:49,3302,30,0.203,2025-07-13 22:27:49
2518,5956,1247,2025-08-18 01:33:59,2396,60,0.185,2025-09-09 01:33:59
2519,5959,4350,2024-05-10 10:10:05,1772,30,0.274,2024-05-24 10:10:05
2520,5960,777,2024-11-03 18:41:53,2505,60,0.252,2024-11-25 18:41:53
2521,5964,4508,2025-01-10 18:54:43,3824,30,0.241,2025-01-24 18:54:43
2522,5965,2932,2025-09-15 23:39:58,1931,90,0.225,2025-10-14 23:39:58
2523,5967,4808,2024-06-06 17:57:44,4886,180,0.205,2024-07-28 17:57:44
2524,5971,4493,2025-05-23 15:56:26,3460,14,0.253,2025-06-02 15:56:26
2525,5972,2943,2024-05-12 18:48:41,686,14,0.308,2024-05-22 18:48:41
2526,5973,522,2025-11-06 03:23:08,806,21,0.279,2025-11-18 03:23:08
2527,5974,4231,2024-06-07 06:27:28,2665,7,0.308,2024-06-15 06:27:28
2528,5975,2223,2025-11-18 15:35:23,1001,7,0.155,2025-11-26 15:35:23
2529,5976,4517,2024-01-25 16:28:05,1768,120,0.298,2024-03-02 16:28:05
2530,5982,4417,2024-06-10 04:09:40,4900,90,0.293,2024-07-09 04:09:40
2531,5985,1965,2025-03-21 03:50:07,673,60,0.198,2025-04-12 03:50:07
2532,5986,2520,2025-05-02 06:16:10,835,60,0.213,2025-05-24 06:16:10
2533,5990,3956,2025-02-22 11:46:19,4700,90,0.177,2025-03-23 11:46:19
2534,5991,4614,2025-10-11 17:20:59,2308,14,0.265,2025-10-21 17:20:59
2535,5992,4935,2024-07-30 04:25:14,1351,60,0.251,2024-08-21 04:25:14
2536,5994,4769,2024-07-08 05:55:34,1331,21,0.36,2024-07-20 05:55:34
2537,5995,4479,2025-12-05 21:15:26,1952,21,0.245,2025-12-17 21:15:26
2538,5997,4955,2025-09-14 06:18:53,1254,21,0.342,2025-09-26 06:18:53
2539,6000,961,2024-07-17 14:03:13,538,180,0.23,2024-09-07 14:03:13
2540,6001,3490,2024-10-09 12:21:35,4251,21,0.25,2024-10-21 12:21:35
2541,6003,366,2025-04-23 01:26:59,1422,7,0.286,2025-05-01 01:26:59
2542,6004,3923,2025-10-27 15:31:39,2974,7,0.273,2025-11-04 15:31:39
2543,6006,4461,2025-11-07 07:55:53,1680,7,0.22,2025-11-15 07:55:53
2544,6011,2033,2024-03-17 04:12:46,1194,30,0.212,2024-03-31 04:12:46
2545,6012,4478,2024-07-30 20:30:25,2750,7,0.216,2024-08-07 20:30:25
2546,6018,1193,2024-02-16 11:18:18,3571,90,0.236,2024-03-16 11:18:18
2547,6021,684,2024-08-25 14:06:44,1535,180,0.259,2024-10-16 14:06:44
2548,6024,4030,2024-06-26 09:27:43,4711,30,0.227,2024-07-10 09:27:43
2549,6026,3333,2025-10-13 08:21:45,2457,90,0.232,2025-11-11 08:21:45
2550,6027,547,2024-06-16 22:22:51,563,60,0.209,2024-07-08 22:22:51
2551,6030,874,2024-12-22 21:04:21,633,120,0.185,2025-01-28 21:04:21
2552,6033,3954,2025-07-01 17:11:41,3798,60,0.261,2025-07-23 17:11:41
2553,6036,1262,2025-01-10 08:26:13,3087,90,0.28,2025-02-08 08:26:13
2554,6037,3931,2025-03-03 18:38:56,2421,60,0.318,2025-03-25 18:38:56
2555,6039,4245,2025-08-30 10:25:51,4801,60,0.207,2025-09-21 10:25:51
2556,6040,2076,2024-05-29 23:20:31,2088,14,0.249,2024-06-08 23:20:31
2557,6041,3878,2025-09-03 04:15:31,4643,30,0.224,2025-09-17 04:15:31
2558,6042,3320,2024-05-20 04:34:31,4889,14,0.185,2024-05-30 04:34:31
2559,6043,307,2024-02-03 13:36:13,2554,180,0.27,2024-03-26 13:36:13
2560,6046,3642,2024-08-30 12:37:48,893,7,0.229,2024-09-07 12:37:48
2561,6049,1994,2025-05-30 01:32:59,3933,14,0.211,2025-06-09 01:32:59
2562,6051,4027,2024-09-03 20:35:02,2078,30,0.195,2024-09-17 20:35:02
2563,6056,2675,2025-02-28 14:55:10,2880,14,0.249,2025-03-10 14:55:10
2564,6059,729,2025-11-12 05:19:01,3422,90,0.211,2025-12-11 05:19:01
2565,6065,2387,2024-05-06 00:42:50,1248,7,0.174,2024-05-14 00:42:50
2566,6066,2938,2024-08-07 17:56:45,3889,90,0.211,2024-09-05 17:56:45
2567,6069,4226,2025-05-19 08:55:07,4116,30,0.285,2025-06-02 08:55:07
2568,6071,3507,2025-12-22 10:46:57,3845,30,0.353,2026-01-05 10:46:57
2569,6072,3323,2024-06-14 16:44:54,3902,7,0.284,2024-06-22 16:44:54
2570,6076,2751,2025-06-07 03:15:58,4927,30,0.229,2025-06-21 03:15:58
2571,6077,4208,2025-10-30 02:28:05,2583,21,0.284,2025-11-11 02:28:05
2572,6079,53,2025-02-04 22:37:05,3083,180,0.133,2025-03-28 22:37:05
2573,6083,1522,2025-09-29 14:08:03,4054,90,0.204,2025-10-28 14:08:03
2574,6084,1940,2024-06-04 17:41:20,4486,180,0.231,2024-07-26 17:41:20
2575,6089,3641,2024-04-23 08:01:23,2600,21,0.228,2024-05-05 08:01:23
2576,6090,2519,2024-10-02 10:07:23,2464,21,0.267,2024-10-14 10:07:23
2577,6093,4689,2025-02-14 21:49:22,1994,30,0.264,2025-02-28 21:49:22
2578,6096,2881,2024-03-18 23:00:38,1636,21,0.333,2024-03-30 23:00:38
2579,6099,286,2024-11-07 09:06:45,3324,7,0.223,2024-11-15 09:06:45
2580,6101,4383,2025-05-25 09:40:38,1821,90,0.294,2025-06-23 09:40:38
2581,6103,2601,2024-07-19 19:14:18,4976,60,0.223,2024-08-10 19:14:18
2582,6104,4756,2025-03-19 00:32:13,3913,120,0.2,2025-04-25 00:32:13
2583,6107,4120,2025-07-08 19:38:12,3072,30,0.167,2025-07-22 19:38:12
2584,6110,4158,2025-09-17 06:09:32,2734,21,0.245,2025-09-29 06:09:32
2585,6111,3259,2024-07-06 15:22:28,4670,90,0.219,2024-08-04 15:22:28
2586,6112,1737,2025-10-03 08:36:19,4786,180,0.132,2025-11-24 08:36:19
2587,6113,3715,2024-08-05 08:05:18,4275,180,0.229,2024-09-26 08:05:18
2588,6114,2174,2025-02-20 06:51:57,2769,90,0.195,2025-03-21 06:51:57
2589,6115,3115,2025-05-07 22:39:28,1106,21,0.177,2025-05-19 22:39:28
2590,6118,4843,2025-11-16 21:26:08,2463,90,0.237,2025-12-15 21:26:08
2591,6120,2271,2024-08-10 04:18:31,3374,180,0.156,2024-10-01 04:18:31
2592,6124,1191,2024-03-15 12:17:01,3959,180,0.199,2024-05-06 12:17:01
2593,6127,871,2024-01-28 20:24:16,1722,7,0.196,2024-02-05 20:24:16
2594,6130,4184,2025-03-09 23:56:28,4480,30,0.226,2025-03-23 23:56:28
2595,6134,3464,2024-11-16 20:50:22,3812,7,0.21,2024-11-24 20:50:22
2596,6141,934,2025-02-28 23:55:31,1192,14,0.198,2025-03-10 23:55:31
2597,6142,3496,2024-05-25 22:37:54,4250,120,0.324,2024-07-01 22:37:54
2598,6143,3022,2024-04-27 04:57:23,1960,30,0.215,2024-05-11 04:57:23
2599,6145,2156,2025-12-05 03:44:39,1440,21,0.197,2025-12-17 03:44:39
2600,6147,4596,2024-02-24 17:55:56,3911,180,0.196,2024-04-16 17:55:56
2601,6150,185,2024-02-07 00:53:55,1043,30,0.219,2024-02-21 00:53:55
2602,6151,828,2025-12-22 05:24:10,1110,180,0.269,2026-02-12 05:24:10
2603,6152,4120,2024-04-08 11:58:32,2582,120,0.261,2024-05-15 11:58:32
2604,6153,3272,2025-02-27 22:23:50,2996,60,0.341,2025-03-21 22:23:50
2605,6159,989,2025-10-12 05:29:35,1525,30,0.212,2025-10-26 05:29:35
2606,6161,2705,2024-11-22 13:17:37,3859,180,0.195,2025-01-13 13:17:37
2607,6162,4277,2025-05-09 17:31:16,4994,60,0.192,2025-05-31 17:31:16
2608,6163,4134,2025-07-23 06:31:04,2272,21,0.15,2025-08-04 06:31:04
2609,6164,1483,2025-12-19 20:58:30,1459,21,0.238,2025-12-31 20:58:30
2610,6167,4931,2024-03-23 06:07:05,1087,7,0.238,2024-03-31 06:07:05
2611,6176,3917,2025-04-10 01:14:52,3111,14,0.213,2025-04-20 01:14:52
2612,6177,636,2024-06-25 00:00:24,4994,14,0.141,2024-07-05 00:00:24
2613,6178,3438,2024-04-22 06:02:39,4095,30,0.308,2024-05-06 06:02:39
2614,6181,3685,2025-02-18 02:58:42,4081,14,0.308,2025-02-28 02:58:42
2615,6182,221,2025-07-14 18:24:00,785,14,0.196,2025-07-24 18:24:00
2616,6185,3979,2025-07-31 11:40:29,3908,21,0.249,2025-08-12 11:40:29
2617,6187,1453,2025-11-11 08:11:50,1077,7,0.262,2025-11-19 08:11:50
2618,6190,3288,2025-04-20 22:21:47,4067,14,0.265,2025-04-30 22:21:47
2619,6191,828,2025-04-01 03:09:28,1131,21,0.349,2025-04-13 03:09:28
2620,6193,2289,2024-12-12 09:33:07,3906,21,0.149,2024-12-24 09:33:07
2621,6196,327,2024-02-21 02:21:18,1616,7,0.162,2024-02-29 02:21:18
2622,6197,50,2024-08-14 12:16:38,1713,120,0.223,2024-09-20 12:16:38
2623,6198,3244,2025-09-26 10:48:04,3118,21,0.267,2025-10-08 10:48:04
2624,6199,3305,2024-10-07 09:13:40,3953,60,0.303,2024-10-29 09:13:40
2625,6203,193,2025-09-13 16:56:26,3066,90,0.238,2025-10-12 16:56:26
2626,6206,1425,2024-11-22 19:47:45,1240,120,0.183,2024-12-29 19:47:45
2627,6214,285,2024-03-03 05:51:50,3365,180,0.223,2024-04-24 05:51:50
2628,6216,635,2024-12-09 07:51:14,1729,90,0.263,2025-01-07 07:51:14
2629,6219,4171,2025-10-22 15:04:42,2955,60,0.21,2025-11-13 15:04:42
2630,6225,3957,2025-03-19 02:13:45,4889,60,0.203,2025-04-10 02:13:45
2631,6227,2255,2025-02-25 18:30:31,3036,21,0.158,2025-03-09 18:30:31
2632,6229,3817,2025-08-10 09:56:21,3954,90,0.292,2025-09-08 09:56:21
2633,6230,1825,2025-03-28 12:45:50,2555,120,0.212,2025-05-04 12:45:50
2634,6238,4646,2025-06-30 11:31:01,3276,7,0.291,2025-07-08 11:31:01
2635,6243,824,2024-07-20 11:43:53,3401,14,0.3,2024-07-30 11:43:53
2636,6245,4307,2025-07-14 18:53:52,543,60,0.214,2025-08-05 18:53:52
2637,6249,3758,2025-06-20 19:57:18,4458,60,0.177,2025-07-12 19:57:18
2638,6251,2229,2025-09-05 15:20:48,1845,14,0.132,2025-09-15 15:20:48
2639,6253,2640,2025-09-25 03:30:30,2399,7,0.177,2025-10-03 03:30:30
2640,6254,2106,2024-03-27 20:47:20,3608,14,0.264,2024-04-06 20:47:20
2641,6255,3886,2024-05-15 07:41:11,4809,21,0.307,2024-05-27 07:41:11
2642,6262,3528,2025-12-10 16:48:25,4819,21,0.253,2025-12-22 16:48:25
2643,6263,3893,2024-05-01 07:48:21,2841,60,0.238,2024-05-23 07:48:21
2644,6264,116,2024-02-12 12:51:03,4443,180,0.241,2024-04-04 12:51:03
2645,6265,3923,2025-05-05 17:44:57,2487,90,0.202,2025-06-03 17:44:57
2646,6268,3020,2024-02-26 04:11:28,3092,60,0.251,2024-03-19 04:11:28
2647,6276,3397,2025-07-22 10:29:52,2647,14,0.198,2025-08-01 10:29:52
2648,6280,100,2025-08-04 18:23:14,2630,7,0.268,2025-08-12 18:23:14
2649,6283,2981,2024-05-29 12:04:03,3379,60,0.183,2024-06-20 12:04:03
2650,6287,818,2025-08-10 03:05:40,2202,14,0.246,2025-08-20 03:05:40
2651,6289,814,2024-07-04 03:29:52,4796,180,0.243,2024-08-25 03:29:52
2652,6290,2505,2024-08-03 08:53:42,1677,60,0.285,2024-08-25 08:53:42
2653,6291,337,2024-12-13 00:07:11,4270,14,0.25,2024-12-23 00:07:11
2654,6294,3790,2025-05-24 20:44:41,3664,30,0.274,2025-06-07 20:44:41
2655,6298,1682,2024-10-05 11:00:49,4481,180,0.175,2024-11-26 11:00:49
2656,6299,4908,2024-03-31 16:51:21,1828,14,0.242,2024-04-10 16:51:21
2657,6300,3279,2024-09-18 12:07:53,2354,7,0.308,2024-09-26 12:07:53
2658,6310,1724,2024-06-07 20:46:05,3723,90,0.195,2024-07-06 20:46:05
2659,6313,3699,2025-12-03 00:08:48,4731,14,0.188,2025-12-13 00:08:48
2660,6316,1748,2025-07-21 06:24:57,4674,120,0.201,2025-08-27 06:24:57
2661,6318,3800,2024-12-22 02:46:31,3554,180,0.221,2025-02-12 02:46:31
2662,6319,2170,2024-09-19 21:59:29,2546,30,0.226,2024-10-03 21:59:29
2663,6323,4616,2024-01-26 09:44:03,1738,30,0.242,2024-02-09 09:44:03
2664,6326,741,2024-07-20 14:40:24,4323,60,0.191,2024-08-11 14:40:24
2665,6333,4418,2025-10-04 17:18:59,1445,180,0.226,2025-11-25 17:18:59
2666,6335,1899,2025-05-28 22:56:35,888,21,0.206,2025-06-09 22:56:35
2667,6337,4332,2025-03-30 16:15:58,1844,120,0.256,2025-05-06 16:15:58
2668,6338,3405,2024-05-29 06:19:50,601,21,0.204,2024-06-10 06:19:50
2669,6342,4438,2025-04-01 23:31:25,3630,120,0.234,2025-05-08 23:31:25
2670,6343,4806,2024-05-12 15:31:36,3823,21,0.252,2024-05-24 15:31:36
2671,6345,2845,2025-05-29 18:33:38,896,120,0.268,2025-07-05 18:33:38
2672,6347,3843,2024-03-05 00:50:35,2984,90,0.251,2024-04-03 00:50:35
2673,6351,712,2025-07-19 15:40:42,4198,90,0.267,2025-08-17 15:40:42
2674,6353,4735,2024-05-30 16:12:57,1992,60,0.187,2024-06-21 16:12:57
2675,6354,1069,2025-05-06 18:07:19,3185,14,0.214,2025-05-16 18:07:19
2676,6355,1529,2024-11-08 21:09:12,963,21,0.252,2024-11-20 21:09:12
2677,6356,926,2025-05-07 01:44:18,1316,180,0.229,2025-06-28 01:44:18
2678,6357,860,2025-07-13 05:06:24,3605,30,0.204,2025-07-27 05:06:24
2679,6360,1321,2025-12-02 11:59:32,3618,60,0.36,2025-12-24 11:59:32
2680,6363,2299,2025-03-06 10:03:46,1867,14,0.288,2025-03-16 10:03:46
2681,6365,765,2024-07-16 22:24:38,814,30,0.244,2024-07-30 22:24:38
2682,6367,1062,2024-12-23 22:19:52,986,7,0.286,2024-12-31 22:19:52
2683,6368,2220,2024-05-21 08:12:01,4254,180,0.211,2024-07-12 08:12:01
2684,6371,4354,2024-11-19 14:33:15,867,7,0.278,2024-11-27 14:33:15
2685,6372,3953,2024-12-07 04:59:23,3838,180,0.203,2025-01-28 04:59:23
2686,6374,1888,2025-05-19 05:39:02,4977,30,0.246,2025-06-02 05:39:02
2687,6377,2913,2025-07-26 21:52:44,4101,14,0.19,2025-08-05 21:52:44
2688,6378,3763,2025-12-03 11:04:01,4521,120,0.317,2026-01-09 11:04:01
2689,6380,4705,2025-06-14 06:00:04,2241,120,0.258,2025-07-21 06:00:04
2690,6382,2244,2024-09-13 23:53:47,3472,7,0.238,2024-09-21 23:53:47
2691,6383,3541,2025-07-14 23:49:02,2640,7,0.227,2025-07-22 23:49:02
2692,6385,2252,2024-07-28 06:51:06,2549,21,0.303,2024-08-09 06:51:06
2693,6388,903,2025-01-24 05:48:29,3496,14,0.238,2025-02-03 05:48:29
2694,6389,3740,2025-05-01 03:59:34,961,60,0.213,2025-05-23 03:59:34
2695,6392,3821,2025-12-14 20:01:13,2145,120,0.283,2026-01-20 20:01:13
2696,6394,4223,2024-09-05 00:13:23,1563,120,0.323,2024-10-12 00:13:23
2697,6397,360,2024-04-07 08:26:24,2535,7,0.227,2024-04-15 08:26:24
2698,6399,4557,2025-01-27 07:43:13,2505,7,0.221,2025-02-04 07:43:13
2699,6400,1452,2024-06-12 06:59:08,2654,7,0.188,2024-06-20 06:59:08
2700,6405,4189,2025-01-06 02:32:14,1617,14,0.321,2025-01-16 02:32:14
2701,6406,3196,2024-03-22 07:42:18,1367,90,0.215,2024-04-20 07:42:18
2702,6410,157,2025-03-27 10:18:46,3449,90,0.185,2025-04-25 10:18:46
2703,6411,141,2025-03-31 05:12:32,4483,180,0.222,2025-05-22 05:12:32
2704,6412,1328,2025-03-10 20:47:42,4591,180,0.201,2025-05-01 20:47:42
2705,6414,1346,2025-10-21 05:51:28,815,30,0.2,2025-11-04 05:51:28
2706,6415,1289,2025-07-25 14:20:13,1119,21,0.283,2025-08-06 14:20:13
2707,6418,2878,2025-12-07 08:34:18,1199,60,0.305,2025-12-29 08:34:18
2708,6419,3390,2025-02-10 16:29:39,2459,7,0.201,2025-02-18 16:29:39
2709,6423,3543,2025-01-22 02:24:19,2187,120,0.255,2025-02-28 02:24:19
2710,6426,24,2025-07-04 19:36:19,4671,60,0.3,2025-07-26 19:36:19
2711,6427,3996,2025-10-28 02:41:51,3082,180,0.215,2025-12-19 02:41:51
2712,6429,3374,2024-08-25 22:12:27,4620,60,0.207,2024-09-16 22:12:27
2713,6430,468,2024-01-26 03:03:07,2002,21,0.221,2024-02-07 03:03:07
2714,6431,3092,2025-04-15 05:19:01,2629,120,0.234,2025-05-22 05:19:01
2715,6434,739,2025-03-21 14:50:10,2739,90,0.189,2025-04-19 14:50:10
2716,6438,4261,2025-05-28 13:26:36,3196,14,0.143,2025-06-07 13:26:36
2717,6440,391,2024-08-01 11:05:13,811,180,0.286,2024-09-22 11:05:13
2718,6442,4561,2025-04-28 18:38:40,3743,180,0.175,2025-06-19 18:38:40
2719,6444,4203,2024-03-24 05:47:29,4972,30,0.221,2024-04-07 05:47:29
2720,6449,3101,2025-07-02 23:58:26,3848,14,0.251,2025-07-12 23:58:26
2721,6450,2472,2025-02-13 07:55:33,964,7,0.247,2025-02-21 07:55:33
2722,6451,519,2025-08-01 11:20:18,1059,90,0.258,2025-08-30 11:20:18
2723,6452,561,2025-02-08 16:47:43,766,90,0.288,2025-03-09 16:47:43
2724,6457,305,2025-01-24 06:47:32,2264,21,0.36,2025-02-05 06:47:32
2725,6461,477,2025-04-07 00:47:38,4540,14,0.169,2025-04-17 00:47:38
2726,6462,1589,2025-12-11 05:37:39,4560,21,0.319,2025-12-23 05:37:39
2727,6466,1060,2024-07-28 22:58:19,1270,60,0.225,2024-08-19 22:58:19
2728,6467,2969,2024-05-07 22:18:27,3897,90,0.31,2024-06-05 22:18:27
2729,6468,3621,2024-08-30 02:22:14,1204,60,0.257,2024-09-21 02:22:14
2730,6473,717,2024-11-29 08:00:56,4893,7,0.218,2024-12-07 08:00:56
2731,6474,2419,2024-11-27 19:49:36,1679,21,0.25,2024-12-09 19:49:36
2732,6478,3092,2025-02-21 19:46:09,1508,30,0.314,2025-03-07 19:46:09
2733,6480,1377,2025-09-23 11:25:46,2936,21,0.28,2025-10-05 11:25:46
2734,6481,2369,2025-05-26 12:01:02,3844,120,0.307,2025-07-02 12:01:02
2735,6482,3731,2024-09-18 19:30:00,2745,60,0.174,2024-10-10 19:30:00
2736,6485,2405,2025-06-16 09:13:24,3068,21,0.227,2025-06-28 09:13:24
2737,6488,4126,2025-02-24 13:52:37,3977,60,0.28,2025-03-18 13:52:37
2738,6489,3730,2024-06-17 23:10:17,3699,7,0.25,2024-06-25 23:10:17
2739,6490,125,2024-05-24 23:21:42,3139,90,0.253,2024-06-22 23:21:42
2740,6494,576,2024-05-30 09:50:44,2294,90,0.255,2024-06-28 09:50:44
2741,6497,1398,2024-11-23 09:47:10,2578,30,0.238,2024-12-07 09:47:10
2742,6498,2529,2025-04-27 10:37:18,1422,14,0.254,2025-05-07 10:37:18
2743,6499,2410,2025-12-09 20:05:26,2191,120,0.132,2026-01-15 20:05:26
2744,6504,4484,2025-07-02 14:08:24,3177,120,0.274,2025-08-08 14:08:24
2745,6508,585,2024-12-28 06:45:43,2013,14,0.312,2025-01-07 06:45:43
2746,6514,3641,2025-10-06 03:51:24,3873,90,0.264,2025-11-04 03:51:24
2747,6516,2289,2024-04-09 11:16:15,3596,30,0.262,2024-04-23 11:16:15
2748,6519,621,2025-07-08 01:48:03,3398,180,0.177,2025-08-29 01:48:03
2749,6520,2961,2025-04-15 03:12:16,748,30,0.221,2025-04-29 03:12:16
2750,6526,1394,2025-07-18 07:11:23,1360,7,0.168,2025-07-26 07:11:23
2751,6527,4561,2025-12-21 20:59:35,1836,21,0.259,2026-01-02 20:59:35
2752,6531,1064,2024-11-03 15:20:12,3820,120,0.313,2024-12-10 15:20:12
2753,6532,2806,2024-03-20 06:49:00,3299,180,0.321,2024-05-11 06:49:00
2754,6535,4216,2024-08-23 17:17:42,3643,30,0.271,2024-09-06 17:17:42
2755,6539,501,2025-03-31 10:16:53,2250,180,0.179,2025-05-22 10:16:53
2756,6546,690,2025-08-19 00:29:55,4417,14,0.153,2025-08-29 00:29:55
2757,6552,2636,2025-07-08 23:59:27,4231,90,0.296,2025-08-06 23:59:27
2758,6553,4183,2024-07-22 20:45:59,759,14,0.257,2024-08-01 20:45:59
2759,6555,3559,2024-04-20 02:00:30,1280,30,0.227,2024-05-04 02:00:30
2760,6559,4409,2024-04-28 11:52:38,4241,60,0.251,2024-05-20 11:52:38
2761,6560,3359,2025-11-14 03:53:50,1564,60,0.296,2025-12-06 03:53:50
2762,6563,4860,2025-11-17 09:00:01,4759,30,0.306,2025-12-01 09:00:01
2763,6564,1967,2025-09-24 06:47:26,4725,60,0.275,2025-10-16 06:47:26
2764,6565,432,2024-09-12 22:48:56,942,60,0.283,2024-10-04 22:48:56
2765,6566,664,2024-02-06 08:20:29,4571,30,0.343,2024-02-20 08:20:29
2766,6568,744,2024-09-11 05:08:13,2210,21,0.233,2024-09-23 05:08:13
2767,6569,4764,2024-03-17 13:01:00,2124,14,0.162,2024-03-27 13:01:00
2768,6574,3592,2024-07-17 15:38:04,2584,7,0.201,2024-07-25 15:38:04
2769,6575,3832,2024-06-14 22:43:55,3181,7,0.329,2024-06-22 22:43:55
2770,6576,1504,2025-03-06 05:56:16,1856,60,0.137,2025-03-28 05:56:16
2771,6578,4577,2025-12-06 19:30:12,4182,14,0.271,2025-12-16 19:30:12
2772,6579,1957,2025-08-26 16:18:41,4466,60,0.123,2025-09-17 16:18:41
2773,6583,1479,2024-04-10 04:04:48,1110,14,0.197,2024-04-20 04:04:48
2774,6584,4268,2025-09-28 15:27:31,2254,30,0.199,2025-10-12 15:27:31
2775,6585,4616,2025-12-08 14:09:26,3801,7,0.199,2025-12-16 14:09:26
2776,6588,4591,2025-06-20 23:16:31,2402,14,0.184,2025-06-30 23:16:31
2777,6589,1567,2025-05-28 07:18:15,2684,21,0.256,2025-06-09 07:18:15
2778,6591,3332,2024-11-27 17:05:48,1669,120,0.277,2025-01-03 17:05:48
2779,6592,2932,2025-06-26 15:20:25,3511,30,0.193,2025-07-10 15:20:25
2780,6593,4035,2024-05-31 02:08:53,2311,90,0.241,2024-06-29 02:08:53
2781,6602,1231,2025-08-30 10:27:54,4978,90,0.257,2025-09-28 10:27:54
2782,6603,3036,2025-12-06 23:51:59,2755,7,0.189,2025-12-14 23:51:59
2783,6604,258,2024-04-17 16:05:39,3323,120,0.329,2024-05-24 16:05:39
2784,6605,4007,2024-06-12 12:19:11,1150,30,0.237,2024-06-26 12:19:11
2785,6607,476,2024-10-09 21:37:46,1582,180,0.259,2024-11-30 21:37:46
2786,6609,3711,2025-11-18 17:57:00,3463,180,0.166,2026-01-09 17:57:00
2787,6610,1621,2024-04-09 05:23:15,3520,30,0.213,2024-04-23 05:23:15
2788,6612,3865,2025-06-09 06:28:23,4539,180,0.241,2025-07-31 06:28:23
2789,6613,2270,2025-02-12 21:29:46,4786,21,0.214,2025-02-24 21:29:46
2790,6615,3160,2024-08-15 02:11:34,4328,7,0.351,2024-08-23 02:11:34
2791,6617,4566,2024-12-25 02:58:47,2668,7,0.216,2025-01-02 02:58:47
2792,6622,3716,2025-06-21 18:52:27,3804,90,0.309,2025-07-20 18:52:27
2793,6624,3368,2025-04-26 14:23:04,731,180,0.122,2025-06-17 14:23:04
2794,6630,2449,2025-04-18 09:56:02,1021,30,0.197,2025-05-02 09:56:02
2795,6632,3773,2025-03-21 11:37:41,1105,90,0.24,2025-04-19 11:37:41
2796,6633,1470,2025-06-16 07:04:54,3756,90,0.196,2025-07-15 07:04:54
2797,6635,766,2024-06-16 03:25:19,3199,14,0.192,2024-06-26 03:25:19
2798,6638,3285,2024-12-02 21:11:06,1353,30,0.232,2024-12-16 21:11:06
2799,6639,1072,2025-12-22 18:09:55,2758,30,0.219,2026-01-05 18:09:55
2800,6640,2232,2024-07-01 02:16:26,4354,90,0.236,2024-07-30 02:16:26
2801,6644,3473,2025-11-24 11:39:53,3181,30,0.328,2025-12-08 11:39:53
2802,6645,1572,2025-12-07 01:53:21,1345,21,0.237,2025-12-19 01:53:21
2803,6646,553,2025-11-16 08:36:26,545,7,0.191,2025-11-24 08:36:26
2804,6647,4785,2024-09-11 12:44:38,738,7,0.201,2024-09-19 12:44:38
2805,6648,790,2025-07-11 19:22:53,4926,21,0.151,2025-07-23 19:22:53
2806,6650,4246,2024-04-28 22:01:41,2821,21,0.305,2024-05-10 22:01:41
2807,6652,4122,2024-12-07 16:34:28,3485,21,0.259,2024-12-19 16:34:28
2808,6656,4143,2024-04-21 20:51:38,4149,30,0.211,2024-05-05 20:51:38
2809,6657,1584,2025-03-27 23:31:23,1984,180,0.243,2025-05-18 23:31:23
2810,6663,1099,2024-10-23 19:57:20,502,60,0.206,2024-11-14 19:57:20
2811,6666,2380,2025-05-29 02:36:43,2740,7,0.256,2025-06-06 02:36:43
2812,6671,3183,2024-06-18 15:17:45,2985,180,0.202,2024-08-09 15:17:45
2813,6672,44,2025-09-16 09:59:40,4100,21,0.246,2025-09-28 09:59:40
2814,6677,1044,2024-08-02 14:49:23,3315,30,0.277,2024-08-16 14:49:23
2815,6682,2436,2024-06-05 03:50:30,1354,7,0.262,2024-06-13 03:50:30
2816,6684,1695,2024-10-28 15:33:10,2917,90,0.245,2024-11-26 15:33:10
2817,6686,4947,2025-05-17 17:09:40,4012,7,0.271,2025-05-25 17:09:40
2818,6687,1957,2024-06-03 00:53:47,1902,60,0.207,2024-06-25 00:53:47
2819,6688,3150,2025-09-20 15:21:51,554,120,0.214,2025-10-27 15:21:51
2820,6693,394,2025-04-22 09:47:28,2266,180,0.199,2025-06-13 09:47:28
2821,6694,2725,2024-09-29 23:56:54,4124,60,0.214,2024-10-21 23:56:54
2822,6699,693,2025-08-28 15:42:34,3346,180,0.196,2025-10-19 15:42:34
2823,6702,4293,2025-03-17 07:55:38,2091,90,0.273,2025-04-15 07:55:38
2824,6707,900,2024-03-01 07:30:11,4104,90,0.26,2024-03-30 07:30:11
2825,6708,4036,2025-07-29 08:59:41,3942,21,0.136,2025-08-10 08:59:41
2826,6711,2987,2025-09-05 17:30:07,4625,14,0.278,2025-09-15 17:30:07
2827,6712,537,2024-08-30 18:06:57,993,120,0.259,2024-10-06 18:06:57
2828,6713,3936,2024-07-08 12:57:19,1669,7,0.256,2024-07-16 12:57:19
2829,6714,724,2025-10-27 05:50:48,4662,7,0.172,2025-11-04 05:50:48
2830,6715,1718,2024-12-31 05:42:37,2033,7,0.259,2025-01-08 05:42:37
2831,6725,1000,2024-02-14 09:38:54,4616,60,0.266,2024-03-07 09:38:54
2832,6727,4237,2025-06-07 01:19:26,4696,14,0.236,2025-06-17 01:19:26
2833,6728,4472,2025-11-05 11:00:51,1883,90,0.311,2025-12-04 11:00:51
2834,6730,685,2025-04-01 21:56:28,2330,14,0.285,2025-04-11 21:56:28
2835,6732,3146,2025-02-03 12:37:52,3138,30,0.249,2025-02-17 12:37:52
2836,6735,2795,2025-08-04 15:56:41,4716,180,0.215,2025-09-25 15:56:41
2837,6737,3044,2025-05-14 12:11:36,1989,21,0.213,2025-05-26 12:11:36
2838,6739,3376,2025-10-24 09:43:41,705,21,0.17,2025-11-05 09:43:41
2839,6741,4573,2024-02-01 22:28:20,4875,120,0.222,2024-03-09 22:28:20
2840,6743,3035,2024-10-20 22:08:22,3260,60,0.316,2024-11-11 22:08:22
2841,6744,2407,2025-06-15 10:36:13,3691,120,0.228,2025-07-22 10:36:13
2842,6747,1716,2024-04-03 19:14:31,3179,21,0.301,2024-04-15 19:14:31
2843,6751,4888,2024-02-20 19:49:05,2159,7,0.217,2024-02-28 19:49:05
2844,6752,4717,2025-04-06 23:58:10,679,90,0.318,2025-05-05 23:58:10
2845,6754,61,2025-08-06 19:09:34,3863,7,0.252,2025-08-14 19:09:34
2846,6759,3116,2025-12-11 13:05:11,2976,120,0.237,2026-01-17 13:05:11
2847,6761,4810,2024-05-08 18:22:05,1347,7,0.27,2024-05-16 18:22:05
2848,6764,3146,2025-09-30 03:10:25,4246,30,0.296,2025-10-14 03:10:25
2849,6766,2188,2025-02-16 07:51:26,4641,21,0.26,2025-02-28 07:51:26
2850,6768,3346,2025-12-20 23:39:28,2838,21,0.226,2026-01-01 23:39:28
2851,6769,6,2025-02-23 06:04:37,1466,7,0.103,2025-03-03 06:04:37
2852,6771,3254,2024-07-05 17:26:46,816,7,0.189,2024-07-13 17:26:46
2853,6773,4032,2025-11-13 11:06:03,2643,7,0.229,2025-11-21 11:06:03
2854,6774,3774,2025-01-27 00:58:49,2093,60,0.27,2025-02-18 00:58:49
2855,6775,4087,2025-09-24 01:45:41,2434,120,0.198,2025-10-31 01:45:41
2856,6776,215,2025-02-20 07:05:33,1797,7,0.292,2025-02-28 07:05:33
2857,6777,113,2025-08-22 15:49:23,1729,180,0.206,2025-10-13 15:49:23
2858,6780,1380,2025-09-27 10:20:12,3731,60,0.197,2025-10-19 10:20:12
2859,6783,3923,2024-10-14 18:01:22,3033,120,0.242,2024-11-20 18:01:22
2860,6787,4210,2024-06-19 13:01:14,863,90,0.224,2024-07-18 13:01:14
2861,6789,3924,2024-05-22 20:46:57,633,30,0.281,2024-06-05 20:46:57
2862,6790,2154,2024-05-22 19:05:24,630,60,0.218,2024-06-13 19:05:24
2863,6793,667,2024-12-05 17:00:04,1676,30,0.318,2024-12-19 17:00:04
2864,6799,4877,2024-03-05 19:30:58,4323,7,0.241,2024-03-13 19:30:58
2865,6804,2226,2024-02-26 15:06:03,727,120,0.212,2024-04-03 15:06:03
2866,6806,1745,2025-07-14 09:59:32,3777,30,0.179,2025-07-28 09:59:32
2867,6807,2536,2025-08-08 06:11:18,3927,180,0.188,2025-09-29 06:11:18
2868,6811,334,2025-01-15 12:11:05,4789,7,0.22,2025-01-23 12:11:05
2869,6814,286,2025-05-23 00:55:32,3619,21,0.221,2025-06-04 00:55:32
2870,6815,2551,2025-09-12 04:07:00,1789,14,0.135,2025-09-22 04:07:00
2871,6826,1773,2024-02-29 05:40:20,3637,120,0.169,2024-04-06 05:40:20
2872,6827,2099,2025-01-18 23:31:56,3566,7,0.192,2025-01-26 23:31:56
2873,6828,4867,2025-06-24 17:15:43,4369,7,0.349,2025-07-02 17:15:43
2874,6829,4006,2025-10-11 16:46:35,4599,90,0.112,2025-11-09 16:46:35
2875,6830,2507,2024-02-13 23:28:56,1398,14,0.207,2024-02-23 23:28:56
2876,6831,2971,2024-06-10 10:29:29,567,7,0.249,2024-06-18 10:29:29
2877,6834,1195,2024-04-25 21:05:09,2147,21,0.251,2024-05-07 21:05:09
2878,6839,3420,2024-09-07 00:59:44,2114,21,0.264,2024-09-19 00:59:44
2879,6842,968,2025-09-20 01:11:02,1382,60,0.211,2025-10-12 01:11:02
2880,6845,2666,2024-06-05 15:33:07,3729,180,0.153,2024-07-27 15:33:07
2881,6846,776,2024-07-26 23:39:00,4861,60,0.287,2024-08-17 23:39:00
2882,6847,4764,2025-01-12 06:49:53,3284,180,0.267,2025-03-05 06:49:53
2883,6850,4973,2024-11-06 21:24:47,1179,30,0.233,2024-11-20 21:24:47
2884,6855,4048,2025-12-15 16:37:35,3667,14,0.26,2025-12-25 16:37:35
2885,6856,1438,2025-08-16 03:58:14,3720,180,0.294,2025-10-07 03:58:14
2886,6859,1291,2024-05-09 11:46:52,1831,90,0.285,2024-06-07 11:46:52
2887,6862,3914,2025-01-21 03:39:29,2230,30,0.154,2025-02-04 03:39:29
2888,6865,4911,2024-02-09 04:44:29,3250,90,0.171,2024-03-09 04:44:29
2889,6866,3235,2025-01-16 20:42:12,2884,90,0.251,2025-02-14 20:42:12
2890,6868,2300,2024-02-09 21:32:26,3879,14,0.224,2024-02-19 21:32:26
2891,6869,3693,2025-10-25 17:04:55,1479,30,0.282,2025-11-08 17:04:55
2892,6870,511,2025-05-13 22:13:11,4087,7,0.242,2025-05-21 22:13:11
2893,6877,2683,2025-08-18 12:03:31,2588,21,0.259,2025-08-30 12:03:31
2894,6878,4101,2025-02-03 00:26:04,3326,21,0.241,2025-02-15 00:26:04
2895,6880,2638,2025-07-10 21:46:35,3088,21,0.235,2025-07-22 21:46:35
2896,6881,90,2024-04-15 19:41:46,4149,60,0.261,2024-05-07 19:41:46
2897,6887,4242,2024-02-12 18:27:59,2103,180,0.233,2024-04-04 18:27:59
2898,6888,129,2025-10-25 13:11:10,4298,14,0.188,2025-11-04 13:11:10
2899,6889,659,2024-03-21 00:14:42,4426,180,0.173,2024-05-12 00:14:42
2900,6890,1848,2025-09-07 20:56:41,2746,7,0.154,2025-09-15 20:56:41
2901,6897,4039,2025-03-18 04:45:57,4641,30,0.196,2025-04-01 04:45:57
2902,6899,2369,2025-08-26 15:43:57,3549,180,0.268,2025-10-17 15:43:57
2903,6912,246,2024-06-04 01:59:39,2322,14,0.351,2024-06-14 01:59:39
2904,6916,2044,2024-03-12 17:53:31,1386,60,0.201,2024-04-03 17:53:31
2905,6918,3447,2025-04-21 18:00:06,1271,14,0.279,2025-05-01 18:00:06
2906,6919,477,2024-06-27 00:09:43,4139,21,0.294,2024-07-09 00:09:43
2907,6922,164,2024-09-17 09:06:17,1499,7,0.295,2024-09-25 09:06:17
2908,6925,4272,2024-03-04 11:26:25,2620,90,0.173,2024-04-02 11:26:25
2909,6926,2946,2025-03-08 17:45:33,4305,30,0.22,2025-03-22 17:45:33
2910,6927,2756,2024-03-11 04:57:37,3304,7,0.205,2024-03-19 04:57:37
2911,6930,4428,2025-03-06 15:46:14,3652,90,0.232,2025-04-04 15:46:14
2912,6931,2057,2024-06-05 19:46:00,3073,180,0.184,2024-07-27 19:46:00
2913,6938,4859,2024-03-01 07:31:58,3223,60,0.234,2024-03-23 07:31:58
2914,6946,2696,2024-08-28 06:20:33,4420,7,0.289,2024-09-05 06:20:33
2915,6949,1703,2024-04-14 10:03:40,2405,60,0.196,2024-05-06 10:03:40
2916,6950,2662,2024-04-05 12:14:53,4275,60,0.216,2024-04-27 12:14:53
2917,6952,1629,2025-01-05 02:06:03,3711,14,0.241,2025-01-15 02:06:03
2918,6954,550,2025-10-27 13:11:17,827,7,0.254,2025-11-04 13:11:17
2919,6956,3922,2024-11-13 10:31:24,3944,30,0.181,2024-11-27 10:31:24
2920,6958,2618,2025-01-08 15:02:37,3762,180,0.283,2025-03-01 15:02:37
2921,6961,4596,2024-12-11 04:49:25,3560,180,0.351,2025-02-01 04:49:25
2922,6967,4316,2025-10-10 10:42:22,4163,180,0.263,2025-12-01 10:42:22
2923,6969,1825,2025-03-25 02:03:44,3694,21,0.182,2025-04-06 02:03:44
2924,6980,2867,2025-12-22 20:02:59,2823,120,0.256,2026-01-28 20:02:59
2925,6981,1794,2025-06-18 20:58:25,3484,21,0.265,2025-06-30 20:58:25
2926,6982,4882,2024-12-22 09:39:36,3692,120,0.199,2025-01-28 09:39:36
2927,6991,3186,2025-03-11 14:15:39,1528,30,0.205,2025-03-25 14:15:39
2928,6994,1236,2025-09-18 21:06:58,1794,14,0.289,2025-09-28 21:06:58
2929,6996,3170,2024-08-08 08:42:44,3750,7,0.256,2024-08-16 08:42:44
2930,6999,4810,2024-04-25 16:23:06,2077,14,0.221,2024-05-05 16:23:06
2931,7000,659,2025-07-18 09:50:14,898,60,0.275,2025-08-09 09:50:14
2932,7003,1410,2025-04-23 22:05:06,659,60,0.278,2025-05-15 22:05:06
2933,7004,3522,2024-12-01 17:18:59,4303,30,0.214,2024-12-15 17:18:59
2934,7005,1393,2024-01-30 12:21:26,654,180,0.146,2024-03-22 12:21:26
2935,7011,3454,2025-11-15 13:22:49,1882,14,0.137,2025-11-25 13:22:49
2936,7014,4011,2024-05-13 19:19:33,1218,120,0.141,2024-06-19 19:19:33
2937,7015,3398,2024-12-21 14:04:07,3660,30,0.223,2025-01-04 14:04:07
2938,7017,2707,2024-12-06 23:42:40,2723,7,0.254,2024-12-14 23:42:40
2939,7024,1576,2024-12-16 21:00:25,3154,7,0.307,2024-12-24 21:00:25
2940,7025,304,2024-08-19 09:04:59,3381,7,0.251,2024-08-27 09:04:59
2941,7027,2364,2024-07-12 03:51:24,1479,21,0.249,2024-07-24 03:51:24
2942,7028,1308,2025-01-15 08:23:24,2092,90,0.212,2025-02-13 08:23:24
2943,7029,3845,2025-02-08 10:21:04,1035,7,0.29,2025-02-16 10:21:04
2944,7034,962,2025-02-04 23:53:29,4888,90,0.268,2025-03-05 23:53:29
2945,7035,3529,2024-08-04 19:10:17,2040,14,0.274,2024-08-14 19:10:17
2946,7036,2477,2024-04-06 00:14:44,3051,7,0.157,2024-04-14 00:14:44
2947,7038,2812,2024-02-19 02:31:13,1005,7,0.187,2024-02-27 02:31:13
2948,7039,3947,2025-05-26 00:29:57,1924,7,0.257,2025-06-03 00:29:57
2949,7042,4803,2025-10-11 16:03:24,4709,14,0.193,2025-10-21 16:03:24
2950,7043,3284,2024-11-07 14:05:11,3284,180,0.196,2024-12-29 14:05:11
2951,7050,2026,2024-06-20 00:27:29,2111,120,0.203,2024-07-27 00:27:29
2952,7053,4294,2024-08-04 16:50:10,4515,60,0.249,2024-08-26 16:50:10
2953,7057,3477,2024-11-02 13:26:22,2348,7,0.241,2024-11-10 13:26:22
2954,7058,3716,2024-10-23 05:20:44,3093,60,0.259,2024-11-14 05:20:44
2955,7059,3110,2025-08-14 13:39:11,803,120,0.242,2025-09-20 13:39:11
2956,7060,2272,2024-02-28 03:59:24,3720,180,0.285,2024-04-20 03:59:24
2957,7061,2761,2025-09-28 14:53:22,4026,30,0.156,2025-10-12 14:53:22
2958,7063,2623,2024-06-20 15:33:59,4858,30,0.254,2024-07-04 15:33:59
2959,7073,3097,2024-04-30 16:10:02,3238,30,0.213,2024-05-14 16:10:02
2960,7077,500,2025-11-14 12:07:43,687,7,0.244,2025-11-22 12:07:43
2961,7079,4958,2025-10-29 00:22:50,2615,180,0.288,2025-12-20 00:22:50
2962,7081,2590,2024-03-30 11:49:46,4257,14,0.17,2024-04-09 11:49:46
2963,7085,3339,2024-10-03 15:13:35,3142,90,0.295,2024-11-01 15:13:35
2964,7086,4891,2025-06-20 21:12:55,4889,14,0.207,2025-06-30 21:12:55
2965,7087,4645,2025-02-04 17:23:33,1700,120,0.221,2025-03-13 17:23:33
2966,7090,832,2025-07-21 02:32:19,3118,180,0.242,2025-09-11 02:32:19
2967,7091,3238,2024-05-27 14:59:19,3395,7,0.205,2024-06-04 14:59:19
2968,7093,1560,2025-11-10 02:46:15,4718,120,0.249,2025-12-17 02:46:15
2969,7094,1323,2024-09-11 06:50:07,3402,21,0.218,2024-09-23 06:50:07
2970,7098,1992,2024-12-10 11:13:35,2065,90,0.221,2025-01-08 11:13:35
2971,7101,1068,2024-06-28 02:30:16,1736,7,0.239,2024-07-06 02:30:16
2972,7104,3696,2025-08-11 01:34:45,1099,90,0.217,2025-09-09 01:34:45
2973,7112,1997,2024-11-17 13:30:40,2356,60,0.285,2024-12-09 13:30:40
2974,7115,4248,2025-07-09 09:48:07,2708,21,0.228,2025-07-21 09:48:07
2975,7116,4519,2025-03-02 22:59:08,1334,30,0.352,2025-03-16 22:59:08
2976,7118,4832,2024-07-07 12:28:37,3619,21,0.196,2024-07-19 12:28:37
2977,7120,2438,2025-05-29 17:34:36,3963,120,0.162,2025-07-05 17:34:36
2978,7125,4207,2025-07-30 15:36:52,713,60,0.231,2025-08-21 15:36:52
2979,7126,1809,2024-11-21 18:43:02,3212,14,0.222,2024-12-01 18:43:02
2980,7129,3926,2024-06-13 01:08:35,1901,120,0.187,2024-07-20 01:08:35
2981,7132,171,2025-06-06 13:23:04,1256,60,0.325,2025-06-28 13:23:04
2982,7134,4940,2025-06-30 00:36:37,4938,21,0.28,2025-07-12 00:36:37
2983,7135,4974,2025-03-09 16:43:33,3356,90,0.183,2025-04-07 16:43:33
2984,7137,2627,2024-09-21 18:03:15,3566,21,0.259,2024-10-03 18:03:15
2985,7138,4772,2025-11-04 20:59:54,3609,7,0.201,2025-11-12 20:59:54
2986,7140,2524,2025-01-27 21:33:56,4210,60,0.257,2025-02-18 21:33:56
2987,7141,601,2025-03-01 03:41:57,3320,21,0.185,2025-03-13 03:41:57
2988,7143,1541,2024-12-31 13:24:38,750,60,0.237,2025-01-22 13:24:38
2989,7146,2130,2024-05-19 12:52:58,4963,180,0.236,2024-07-10 12:52:58
2990,7148,4477,2024-08-29 14:34:55,1516,60,0.245,2024-09-20 14:34:55
2991,7152,89,2024-07-05 15:30:36,1879,7,0.261,2024-07-13 15:30:36
2992,7154,2381,2024-06-06 18:57:20,3676,7,0.265,2024-06-14 18:57:20
2993,7162,526,2025-07-23 11:15:30,2638,60,0.217,2025-08-14 11:15:30
2994,7164,4122,2024-11-03 10:47:50,1856,180,0.229,2024-12-25 10:47:50
2995,7166,2506,2024-10-27 00:46:23,3028,14,0.294,2024-11-06 00:46:23
2996,7168,1388,2025-09-14 19:27:51,1149,120,0.251,2025-10-21 19:27:51
2997,7170,598,2024-06-24 22:30:13,2016,60,0.189,2024-07-16 22:30:13
2998,7172,3645,2025-02-19 10:27:07,671,14,0.309,2025-03-01 10:27:07
2999,7173,3922,2025-05-03 10:13:40,2274,120,0.218,2025-06-09 10:13:40
3000,7177,3789,2024-03-16 04:48:30,713,180,0.263,2024-05-07 04:48:30
3001,7178,424,2024-04-17 03:50:28,3835,14,0.232,2024-04-27 03:50:28
3002,7182,845,2025-05-30 11:44:51,2334,60,0.28,2025-06-21 11:44:51
3003,7184,2953,2024-02-09 23:22:53,3323,180,0.263,2024-04-01 23:22:53
3004,7185,4009,2024-11-21 10:43:07,749,14,0.231,2024-12-01 10:43:07
3005,7186,1069,2025-11-05 05:35:22,1605,21,0.151,2025-11-17 05:35:22
3006,7191,1803,2024-11-22 11:55:27,1699,30,0.175,2024-12-06 11:55:27
3007,7194,2868,2025-10-01 22:48:37,2854,90,0.211,2025-10-30 22:48:37
3008,7195,4603,2025-05-17 09:20:09,3241,21,0.217,2025-05-29 09:20:09
3009,7196,1410,2024-11-28 06:02:29,4139,7,0.258,2024-12-06 06:02:29
3010,7198,1630,2024-01-27 19:32:53,4381,14,0.241,2024-02-06 19:32:53
3011,7199,4011,2024-06-27 19:45:54,1860,7,0.281,2024-07-05 19:45:54
3012,7203,1255,2024-07-18 07:53:43,620,120,0.303,2024-08-24 07:53:43
3013,7207,2608,2024-02-11 08:56:28,2752,90,0.29,2024-03-11 08:56:28
3014,7210,3104,2024-06-13 18:00:01,2971,7,0.285,2024-06-21 18:00:01
3015,7211,1096,2024-07-05 05:47:28,738,120,0.259,2024-08-11 05:47:28
3016,7212,522,2024-06-07 03:56:45,1870,180,0.324,2024-07-29 03:56:45
3017,7217,1791,2024-04-08 04:26:48,1866,21,0.311,2024-04-20 04:26:48
3018,7220,2272,2025-02-16 09:37:01,859,7,0.205,2025-02-24 09:37:01
3019,7221,675,2025-09-20 20:18:53,632,7,0.243,2025-09-28 20:18:53
3020,7223,1191,2025-10-26 02:57:36,2878,14,0.192,2025-11-05 02:57:36
3021,7224,1400,2025-04-20 21:26:56,1004,180,0.219,2025-06-11 21:26:56
3022,7225,1799,2024-10-11 08:45:38,2445,180,0.242,2024-12-02 08:45:38
3023,7226,1148,2025-11-24 06:51:02,4570,7,0.25,2025-12-02 06:51:02
3024,7230,4810,2025-12-13 03:51:07,576,21,0.33,2025-12-25 03:51:07
3025,7231,2481,2024-05-22 10:56:49,4364,14,0.241,2024-06-01 10:56:49
3026,7232,269,2025-08-13 23:56:28,1293,14,0.165,2025-08-23 23:56:28
3027,7234,3944,2025-11-15 12:16:44,3187,14,0.293,2025-11-25 12:16:44
3028,7235,2280,2025-10-01 08:33:48,4279,21,0.339,2025-10-13 08:33:48
3029,7236,4279,2024-06-10 02:40:53,4029,21,0.294,2024-06-22 02:40:53
3030,7238,3313,2025-06-07 07:50:47,1535,30,0.218,2025-06-21 07:50:47
3031,7239,4385,2025-04-05 20:05:32,4482,30,0.175,2025-04-19 20:05:32
3032,7241,3743,2024-07-26 04:05:49,4296,7,0.293,2024-08-03 04:05:49
3033,7245,4271,2025-08-12 08:44:33,725,14,0.171,2025-08-22 08:44:33
3034,7246,3545,2025-06-12 14:02:08,575,120,0.296,2025-07-19 14:02:08
3035,7251,1559,2025-06-05 21:24:52,2097,90,0.251,2025-07-04 21:24:52
3036,7253,3341,2024-04-12 00:18:34,4076,90,0.212,2024-05-11 00:18:34
3037,7258,1425,2024-03-29 19:11:32,2408,180,0.278,2024-05-20 19:11:32
3038,7261,1894,2024-09-08 04:40:10,3426,7,0.255,2024-09-16 04:40:10
3039,7262,4735,2024-11-04 11:26:47,1881,120,0.219,2024-12-11 11:26:47
3040,7267,1603,2024-07-04 17:12:47,3626,120,0.239,2024-08-10 17:12:47
3041,7269,863,2025-02-26 14:10:27,3253,21,0.268,2025-03-10 14:10:27
3042,7271,3365,2024-03-29 10:14:32,1398,21,0.256,2024-04-10 10:14:32
3043,7273,925,2024-08-15 23:04:42,1920,90,0.139,2024-09-13 23:04:42
3044,7274,3646,2025-05-25 17:02:27,2218,30,0.184,2025-06-08 17:02:27
3045,7276,1087,2025-06-03 06:23:48,3886,180,0.297,2025-07-25 06:23:48
3046,7277,3265,2025-01-17 05:01:07,4469,60,0.282,2025-02-08 05:01:07
3047,7281,2886,2025-01-19 17:57:43,4171,90,0.241,2025-02-17 17:57:43
3048,7282,995,2025-08-13 02:56:39,2976,60,0.204,2025-09-04 02:56:39
3049,7283,2341,2024-07-12 16:31:51,2047,14,0.258,2024-07-22 16:31:51
3050,7285,1979,2025-03-30 02:13:17,3328,180,0.224,2025-05-21 02:13:17
3051,7287,3361,2025-12-05 10:56:58,1775,180,0.223,2026-01-26 10:56:58
3052,7289,2447,2024-12-24 12:13:58,4270,21,0.227,2025-01-05 12:13:58
3053,7290,1467,2025-03-24 06:58:04,1279,21,0.211,2025-04-05 06:58:04
3054,7296,3051,2024-05-04 02:16:04,4680,14,0.224,2024-05-14 02:16:04
3055,7300,1293,2025-02-22 03:35:13,1439,90,0.294,2025-03-23 03:35:13
3056,7303,2183,2025-10-30 07:34:11,1349,120,0.242,2025-12-06 07:34:11
3057,7306,1786,2025-12-02 10:30:22,891,30,0.223,2025-12-16 10:30:22
3058,7308,4907,2024-02-07 04:53:30,2716,90,0.231,2024-03-07 04:53:30
3059,7318,2474,2024-05-08 08:21:48,1968,7,0.202,2024-05-16 08:21:48
3060,7319,993,2025-04-05 03:43:06,2382,120,0.16,2025-05-12 03:43:06
3061,7324,1925,2025-06-30 12:46:39,3845,90,0.25,2025-07-29 12:46:39
3062,7325,2311,2025-07-23 07:13:57,662,21,0.25,2025-08-04 07:13:57
3063,7326,1906,2024-10-28 02:48:31,3168,14,0.198,2024-11-07 02:48:31
3064,7330,4894,2024-08-03 09:28:01,3504,60,0.245,2024-08-25 09:28:01
3065,7331,1270,2024-11-01 05:11:06,1870,60,0.285,2024-11-23 05:11:06
3066,7336,564,2025-07-01 22:24:55,4079,30,0.188,2025-07-15 22:24:55
3067,7337,2718,2025-02-06 09:24:35,2173,180,0.291,2025-03-30 09:24:35
3068,7339,16,2024-08-09 01:43:20,627,180,0.134,2024-09-30 01:43:20
3069,7342,3970,2025-10-18 17:48:35,4365,14,0.36,2025-10-28 17:48:35
3070,7343,850,2024-07-01 17:43:51,4417,7,0.29,2024-07-09 17:43:51
3071,7347,2661,2024-10-09 19:11:32,2698,180,0.268,2024-11-30 19:11:32
3072,7348,3845,2025-12-12 20:18:02,4569,21,0.26,2025-12-24 20:18:02
3073,7349,4584,2024-11-04 02:14:39,3606,60,0.178,2024-11-26 02:14:39
3074,7359,2153,2025-06-26 19:08:26,2584,30,0.244,2025-07-10 19:08:26
3075,7360,4706,2024-09-11 07:55:09,690,180,0.191,2024-11-02 07:55:09
3076,7361,1007,2024-11-12 04:40:50,3225,14,0.188,2024-11-22 04:40:50
3077,7363,4898,2025-10-03 18:03:17,2317,14,0.286,2025-10-13 18:03:17
3078,7368,3227,2025-06-05 09:48:16,778,21,0.241,2025-06-17 09:48:16
3079,7369,3867,2024-12-02 22:20:26,1591,30,0.168,2024-12-16 22:20:26
3080,7375,176,2024-12-27 02:17:35,2373,60,0.229,2025-01-18 02:17:35
3081,7376,1650,2024-11-02 13:44:00,3737,21,0.249,2024-11-14 13:44:00
3082,7378,2999,2024-02-16 03:41:21,2595,180,0.217,2024-04-08 03:41:21
3083,7382,3083,2025-06-29 07:20:26,3956,60,0.271,2025-07-21 07:20:26
3084,7384,3731,2024-04-15 09:38:29,1795,14,0.263,2024-04-25 09:38:29
3085,7387,3692,2025-08-22 11:30:06,2355,7,0.336,2025-08-30 11:30:06
3086,7388,2462,2024-10-27 04:14:14,1600,21,0.281,2024-11-08 04:14:14
3087,7389,165,2025-08-19 17:32:09,3457,120,0.231,2025-09-25 17:32:09
3088,7390,3145,2024-06-29 10:36:00,1853,30,0.255,2024-07-13 10:36:00
3089,7400,225,2024-10-31 19:04:07,1410,30,0.184,2024-11-14 19:04:07
3090,7401,2304,2025-11-24 07:22:32,2552,7,0.21,2025-12-02 07:22:32
3091,7403,2020,2025-02-13 00:48:44,1954,7,0.217,2025-02-21 00:48:44
3092,7406,3949,2024-12-09 13:39:04,4118,14,0.195,2024-12-19 13:39:04
3093,7407,677,2025-07-13 10:55:48,2144,14,0.337,2025-07-23 10:55:48
3094,7412,966,2025-01-03 11:58:31,2640,30,0.27,2025-01-17 11:58:31
3095,7414,1608,2025-04-28 11:06:41,4608,90,0.261,2025-05-27 11:06:41
3096,7419,2535,2025-07-02 06:06:40,1965,120,0.225,2025-08-08 06:06:40
3097,7420,190,2025-09-21 14:22:07,643,120,0.226,2025-10-28 14:22:07
3098,7421,3734,2025-05-21 06:25:17,1306,90,0.271,2025-06-19 06:25:17
3099,7422,2711,2025-02-22 18:47:30,1613,180,0.265,2025-04-15 18:47:30
3100,7423,4146,2025-11-30 09:41:55,2407,180,0.292,2026-01-21 09:41:55
3101,7424,3803,2024-09-03 22:41:30,3698,30,0.251,2024-09-17 22:41:30
3102,7428,2039,2024-10-20 23:50:33,3174,120,0.33,2024-11-26 23:50:33
3103,7430,3830,2025-10-14 15:00:37,1386,30,0.259,2025-10-28 15:00:37
3104,7432,3706,2025-04-03 18:07:15,3615,30,0.2,2025-04-17 18:07:15
3105,7437,2588,2025-08-06 09:04:14,1983,30,0.244,2025-08-20 09:04:14
3106,7438,1876,2025-07-14 06:20:35,4461,180,0.284,2025-09-04 06:20:35
3107,7439,1764,2025-06-12 13:22:58,2519,90,0.227,2025-07-11 13:22:58
3108,7440,704,2024-09-19 14:32:08,4644,60,0.254,2024-10-11 14:32:08
3109,7443,285,2025-01-15 17:40:20,3964,90,0.152,2025-02-13 17:40:20
3110,7445,4939,2025-10-19 06:04:51,4753,60,0.334,2025-11-10 06:04:51
3111,7446,1368,2024-11-03 13:59:55,3888,120,0.36,2024-12-10 13:59:55
3112,7448,1847,2024-06-11 08:06:02,3536,90,0.284,2024-07-10 08:06:02
3113,7450,297,2024-11-19 18:10:47,1630,120,0.196,2024-12-26 18:10:47
3114,7454,388,2024-02-25 01:19:23,1019,120,0.236,2024-04-02 01:19:23
3115,7461,3025,2025-11-22 12:58:06,2313,180,0.265,2026-01-13 12:58:06
3116,7462,1316,2025-12-05 19:02:57,598,14,0.195,2025-12-15 19:02:57
3117,7465,4976,2024-09-23 17:08:04,2900,14,0.294,2024-10-03 17:08:04
3118,7467,1336,2024-03-13 18:40:48,4175,90,0.208,2024-04-11 18:40:48
3119,7468,1830,2025-12-16 00:12:06,4679,14,0.173,2025-12-26 00:12:06
3120,7470,4344,2024-07-15 03:24:05,502,180,0.202,2024-09-05 03:24:05
3121,7471,932,2024-07-18 01:40:34,4808,90,0.229,2024-08-16 01:40:34
3122,7474,2946,2024-11-02 07:15:31,1010,180,0.311,2024-12-24 07:15:31
3123,7477,3054,2025-01-30 10:35:11,900,14,0.184,2025-02-09 10:35:11
3124,7480,181,2025-10-16 00:39:06,1680,14,0.277,2025-10-26 00:39:06
3125,7481,7,2024-08-15 18:51:03,4921,14,0.25,2024-08-25 18:51:03
3126,7482,2825,2024-07-15 05:46:56,3240,120,0.276,2024-08-21 05:46:56
3127,7483,1122,2025-03-22 20:55:17,2406,21,0.244,2025-04-03 20:55:17
3128,7486,491,2025-03-21 11:08:18,3639,90,0.23,2025-04-19 11:08:18
3129,7487,1289,2025-09-02 14:44:31,815,90,0.214,2025-10-01 14:44:31
3130,7488,1931,2025-03-12 01:56:51,1100,30,0.263,2025-03-26 01:56:51
3131,7490,3907,2024-09-26 12:15:52,2429,30,0.1,2024-10-10 12:15:52
3132,7491,750,2024-03-29 15:14:41,952,60,0.242,2024-04-20 15:14:41
3133,7497,7,2024-05-12 11:31:34,1763,30,0.322,2024-05-26 11:31:34
3134,7499,1053,2024-07-15 06:33:01,3741,21,0.331,2024-07-27 06:33:01
3135,7500,1119,2025-08-11 14:37:20,2265,21,0.309,2025-08-23 14:37:20
3136,7501,1222,2024-10-23 21:14:07,2294,21,0.233,2024-11-04 21:14:07
3137,7505,4008,2025-06-17 18:31:25,1060,14,0.21,2025-06-27 18:31:25
3138,7507,759,2025-09-07 03:44:24,3149,7,0.23,2025-09-15 03:44:24
3139,7510,3124,2024-09-18 13:41:17,2343,90,0.231,2024-10-17 13:41:17
3140,7514,3123,2024-12-19 16:31:55,3940,30,0.234,2025-01-02 16:31:55
3141,7516,1085,2024-10-07 19:55:06,4625,14,0.131,2024-10-17 19:55:06
3142,7518,2981,2025-03-12 17:39:10,3092,30,0.32,2025-03-26 17:39:10
3143,7519,2119,2025-07-27 18:45:33,3052,7,0.267,2025-08-04 18:45:33
3144,7520,4552,2025-02-08 00:06:17,2673,30,0.183,2025-02-22 00:06:17
3145,7523,4381,2024-08-22 23:58:47,3502,21,0.122,2024-09-03 23:58:47
3146,7524,1579,2025-04-26 01:38:40,793,21,0.305,2025-05-08 01:38:40
3147,7527,3923,2025-10-29 12:40:25,3033,120,0.26,2025-12-05 12:40:25
3148,7528,4932,2024-09-06 15:39:24,1531,30,0.203,2024-09-20 15:39:24
3149,7529,1288,2025-10-03 16:43:21,4818,120,0.195,2025-11-09 16:43:21
3150,7530,2480,2024-06-01 07:15:36,1860,30,0.253,2024-06-15 07:15:36
3151,7532,1061,2024-06-21 11:18:17,2616,120,0.21,2024-07-28 11:18:17
3152,7533,2207,2025-06-20 06:58:18,2346,7,0.28,2025-06-28 06:58:18
3153,7534,2484,2024-10-06 02:12:45,1302,14,0.262,2024-10-16 02:12:45
3154,7536,4467,2025-12-21 21:34:57,4739,21,0.33,2026-01-02 21:34:57
3155,7540,963,2025-02-11 00:51:11,4809,7,0.36,2025-02-19 00:51:11
3156,7541,3365,2024-10-04 18:55:41,2806,30,0.275,2024-10-18 18:55:41
3157,7542,4798,2024-05-18 22:55:59,3812,30,0.252,2024-06-01 22:55:59
3158,7544,2629,2025-06-09 20:04:07,3569,90,0.312,2025-07-08 20:04:07
3159,7545,122,2024-06-20 15:16:29,2853,60,0.29,2024-07-12 15:16:29
3160,7547,3786,2024-08-03 22:10:12,3408,14,0.353,2024-08-13 22:10:12
3161,7549,4737,2025-08-24 15:47:16,1772,14,0.256,2025-09-03 15:47:16
3162,7551,335,2024-05-01 09:52:38,3164,120,0.26,2024-06-07 09:52:38
3163,7552,4336,2025-09-17 19:21:14,3387,30,0.335,2025-10-01 19:21:14
3164,7554,833,2024-05-03 23:57:33,3194,30,0.236,2024-05-17 23:57:33
3165,7556,3357,2024-02-17 11:19:58,1578,180,0.251,2024-04-09 11:19:58
3166,7557,872,2024-06-20 06:39:41,1575,90,0.235,2024-07-19 06:39:41
3167,7560,1826,2024-11-12 20:10:21,3484,7,0.177,2024-11-20 20:10:21
3168,7562,935,2025-02-24 11:10:42,1216,30,0.206,2025-03-10 11:10:42
3169,7563,1589,2025-07-17 04:28:37,3596,90,0.227,2025-08-15 04:28:37
3170,7566,1560,2025-05-06 21:17:36,4251,21,0.211,2025-05-18 21:17:36
3171,7567,1654,2024-05-27 02:29:27,2864,7,0.283,2024-06-04 02:29:27
3172,7569,2643,2025-07-26 09:01:50,831,90,0.224,2025-08-24 09:01:50
3173,7571,234,2025-06-21 07:26:23,4672,60,0.311,2025-07-13 07:26:23
3174,7572,2877,2024-12-21 22:38:41,2391,120,0.314,2025-01-27 22:38:41
3175,7574,2656,2025-04-29 05:17:36,4269,14,0.273,2025-05-09 05:17:36
3176,7575,2673,2024-05-25 10:52:18,3984,60,0.233,2024-06-16 10:52:18
3177,7577,3771,2024-05-17 12:34:55,3819,60,0.343,2024-06-08 12:34:55
3178,7581,2402,2025-02-06 06:15:50,2290,60,0.183,2025-02-28 06:15:50
3179,7582,4158,2025-06-30 18:12:10,3599,60,0.193,2025-07-22 18:12:10
3180,7583,3307,2024-08-07 18:19:12,1595,120,0.195,2024-09-13 18:19:12
3181,7584,4202,2025-11-15 18:46:36,4545,21,0.248,2025-11-27 18:46:36
3182,7587,2442,2024-12-20 14:34:20,1518,60,0.278,2025-01-11 14:34:20
3183,7589,801,2025-01-20 12:41:21,4794,90,0.212,2025-02-18 12:41:21
3184,7594,2624,2024-04-30 05:21:41,538,7,0.315,2024-05-08 05:21:41
3185,7595,3031,2024-05-22 11:04:04,2036,180,0.312,2024-07-13 11:04:04
3186,7597,1826,2025-10-27 07:44:22,2467,30,0.295,2025-11-10 07:44:22
3187,7598,4716,2024-08-05 22:57:09,4825,7,0.1,2024-08-13 22:57:09
3188,7599,3702,2024-01-29 02:54:36,1331,14,0.254,2024-02-08 02:54:36
3189,7605,610,2025-10-31 05:20:12,2794,90,0.252,2025-11-29 05:20:12
3190,7606,2505,2025-08-29 16:08:14,4942,60,0.228,2025-09-20 16:08:14
3191,7607,2096,2024-02-08 15:10:33,4191,21,0.239,2024-02-20 15:10:33
3192,7608,1811,2024-12-27 12:56:41,2607,14,0.311,2025-01-06 12:56:41
3193,7611,2818,2025-07-15 20:56:30,546,21,0.258,2025-07-27 20:56:30
3194,7612,1616,2024-10-13 04:44:25,5000,30,0.228,2024-10-27 04:44:25
3195,7613,2548,2024-03-23 23:54:24,3270,180,0.219,2024-05-14 23:54:24
3196,7616,4035,2025-01-01 09:26:09,1967,14,0.286,2025-01-11 09:26:09
3197,7617,2093,2025-01-28 21:01:06,4675,21,0.207,2025-02-09 21:01:06
3198,7622,1580,2024-06-20 02:04:41,1913,120,0.162,2024-07-27 02:04:41
3199,7623,3721,2024-04-03 06:32:02,3167,7,0.297,2024-04-11 06:32:02
3200,7625,768,2024-08-19 21:21:08,2134,120,0.256,2024-09-25 21:21:08
3201,7627,3761,2024-07-01 22:01:40,2084,14,0.235,2024-07-11 22:01:40
3202,7629,2485,2025-06-01 18:04:02,3013,30,0.228,2025-06-15 18:04:02
3203,7631,1690,2025-11-09 07:54:08,1126,14,0.257,2025-11-19 07:54:08
3204,7632,1672,2024-02-01 19:34:17,3571,14,0.26,2024-02-11 19:34:17
3205,7633,1882,2025-08-20 05:03:03,1518,60,0.27,2025-09-11 05:03:03
3206,7636,4485,2025-09-03 00:25:58,4894,60,0.288,2025-09-25 00:25:58
3207,7638,954,2024-09-13 19:09:35,4748,14,0.1,2024-09-23 19:09:35
3208,7639,2066,2024-06-17 21:51:44,2083,60,0.286,2024-07-09 21:51:44
3209,7641,3541,2024-04-29 23:34:05,4530,120,0.286,2024-06-05 23:34:05
3210,7646,4394,2024-08-29 06:41:21,3361,120,0.226,2024-10-05 06:41:21
3211,7648,2458,2024-03-14 05:00:35,2960,180,0.209,2024-05-05 05:00:35
3212,7650,3301,2024-11-01 21:13:27,4320,7,0.265,2024-11-09 21:13:27
3213,7655,2717,2024-02-03 16:44:40,1585,120,0.33,2024-03-11 16:44:40
3214,7656,3589,2024-06-13 01:57:24,3274,7,0.216,2024-06-21 01:57:24
3215,7657,113,2025-01-10 03:59:43,4585,21,0.209,2025-01-22 03:59:43
3216,7663,96,2024-04-19 20:31:21,4895,30,0.266,2024-05-03 20:31:21
3217,7664,3301,2024-04-27 23:30:18,3090,14,0.247,2024-05-07 23:30:18
3218,7667,2858,2024-03-16 01:42:49,1928,120,0.305,2024-04-22 01:42:49
3219,7668,3254,2024-12-05 10:41:31,3122,90,0.195,2025-01-03 10:41:31
3220,7679,502,2024-03-28 11:16:36,2483,180,0.308,2024-05-19 11:16:36
3221,7681,4380,2025-05-03 18:06:47,4329,60,0.343,2025-05-25 18:06:47
3222,7686,618,2025-09-27 12:05:47,930,14,0.267,2025-10-07 12:05:47
3223,7690,1059,2025-02-18 07:32:40,2793,60,0.166,2025-03-12 07:32:40
3224,7693,174,2024-06-30 00:17:42,2410,7,0.182,2024-07-08 00:17:42
3225,7695,2646,2024-08-08 02:47:48,738,60,0.141,2024-08-30 02:47:48
3226,7698,3905,2025-01-31 22:51:52,3120,14,0.193,2025-02-10 22:51:52
3227,7701,4103,2025-04-26 22:33:06,3395,180,0.223,2025-06-17 22:33:06
3228,7708,1276,2025-02-25 06:22:02,3828,60,0.318,2025-03-19 06:22:02
3229,7709,3097,2025-05-02 07:06:38,1319,90,0.198,2025-05-31 07:06:38
3230,7713,2309,2025-08-08 06:14:23,4852,90,0.249,2025-09-06 06:14:23
3231,7715,4580,2025-10-04 08:39:18,3400,30,0.296,2025-10-18 08:39:18
3232,7718,1948,2024-04-17 11:13:31,890,14,0.277,2024-04-27 11:13:31
3233,7720,3487,2025-12-13 03:20:35,538,7,0.241,2025-12-21 03:20:35
3234,7723,4678,2024-02-25 10:15:10,1049,7,0.203,2024-03-04 10:15:10
3235,7726,976,2024-10-18 20:28:55,4275,30,0.201,2024-11-01 20:28:55
3236,7731,2055,2024-03-18 04:08:55,3705,90,0.246,2024-04-16 04:08:55
3237,7735,4122,2025-07-04 02:15:10,2659,21,0.269,2025-07-16 02:15:10
3238,7740,1734,2025-11-09 03:17:07,3677,90,0.267,2025-12-08 03:17:07
3239,7741,837,2025-02-14 10:08:14,2350,90,0.288,2025-03-15 10:08:14
3240,7742,4423,2025-01-06 16:34:59,4288,14,0.231,2025-01-16 16:34:59
3241,7744,3051,2025-04-16 15:28:54,1984,14,0.209,2025-04-26 15:28:54
3242,7745,4366,2025-11-20 10:15:45,1529,21,0.181,2025-12-02 10:15:45
3243,7746,957,2024-09-13 13:41:01,759,90,0.31,2024-10-12 13:41:01
3244,7747,783,2025-05-31 07:24:59,3791,120,0.268,2025-07-07 07:24:59
3245,7748,1264,2024-10-07 16:02:43,1008,180,0.248,2024-11-28 16:02:43
3246,7753,326,2025-03-06 15:05:13,3388,90,0.198,2025-04-04 15:05:13
3247,7755,1167,2024-10-10 13:51:46,1378,14,0.224,2024-10-20 13:51:46
3248,7758,940,2024-12-19 16:05:31,2024,120,0.299,2025-01-25 16:05:31
3249,7760,1459,2024-07-17 05:15:58,4148,90,0.218,2024-08-15 05:15:58
3250,7763,177,2024-11-15 09:57:45,4144,120,0.36,2024-12-22 09:57:45
3251,7764,1149,2025-01-26 01:18:54,4380,21,0.292,2025-02-07 01:18:54
3252,7771,995,2025-07-31 01:02:38,3011,90,0.257,2025-08-29 01:02:38
3253,7772,3625,2025-12-19 14:29:42,2485,120,0.275,2026-01-25 14:29:42
3254,7773,4677,2024-04-13 14:57:53,3997,7,0.197,2024-04-21 14:57:53
3255,7776,317,2024-07-01 11:53:06,3150,7,0.225,2024-07-09 11:53:06
3256,7777,688,2025-12-05 02:46:48,1498,180,0.295,2026-01-26 02:46:48
3257,7780,1855,2025-08-11 06:04:34,1795,120,0.266,2025-09-17 06:04:34
3258,7781,205,2025-02-13 22:27:06,1649,14,0.29,2025-02-23 22:27:06
3259,7783,3321,2025-10-20 15:44:57,2550,120,0.195,2025-11-26 15:44:57
3260,7784,1435,2024-09-25 03:43:58,4245,90,0.303,2024-10-24 03:43:58
3261,7791,206,2025-10-21 00:50:37,1342,120,0.236,2025-11-27 00:50:37
3262,7792,211,2024-07-26 01:51:59,1300,60,0.236,2024-08-17 01:51:59
3263,7794,3485,2025-01-18 14:20:52,2649,120,0.264,2025-02-24 14:20:52
3264,7799,3148,2024-06-11 04:11:19,1136,60,0.289,2024-07-03 04:11:19
3265,7800,3423,2024-03-04 20:12:12,3465,90,0.231,2024-04-02 20:12:12
3266,7801,1221,2024-07-27 14:49:45,4395,7,0.239,2024-08-04 14:49:45
3267,7802,208,2025-03-25 00:12:27,1158,90,0.19,2025-04-23 00:12:27
3268,7803,1376,2025-08-05 10:28:42,2405,90,0.184,2025-09-03 10:28:42
3269,7807,3744,2025-05-10 01:56:28,2508,21,0.226,2025-05-22 01:56:28
3270,7808,3795,2025-01-21 01:44:33,4563,14,0.277,2025-01-31 01:44:33
3271,7812,67,2025-09-20 22:44:54,2509,60,0.229,2025-10-12 22:44:54
3272,7814,2369,2025-03-28 04:45:52,3844,7,0.215,2025-04-05 04:45:52
3273,7819,1209,2025-09-21 22:54:41,2685,120,0.211,2025-10-28 22:54:41
3274,7823,150,2024-08-16 09:43:29,4841,21,0.302,2024-08-28 09:43:29
3275,7825,4012,2024-11-24 01:23:23,2705,21,0.251,2024-12-06 01:23:23
3276,7827,3273,2024-10-27 05:55:37,819,90,0.209,2024-11-25 05:55:37
3277,7828,419,2024-03-01 07:13:33,1407,30,0.2,2024-03-15 07:13:33
3278,7830,941,2024-04-13 19:48:45,4537,21,0.299,2024-04-25 19:48:45
3279,7831,1616,2025-06-22 13:01:16,3924,21,0.256,2025-07-04 13:01:16
3280,7836,2624,2024-03-24 01:20:28,3761,180,0.326,2024-05-15 01:20:28
3281,7838,2189,2024-12-29 07:01:31,1987,90,0.207,2025-01-27 07:01:31
3282,7839,4354,2025-04-17 02:20:43,1916,180,0.327,2025-06-08 02:20:43
3283,7840,1104,2025-03-24 16:25:21,3750,14,0.133,2025-04-03 16:25:21
3284,7842,4454,2024-04-13 11:24:19,883,60,0.205,2024-05-05 11:24:19
3285,7843,4149,2024-06-30 16:33:28,1370,60,0.244,2024-07-22 16:33:28
3286,7844,2800,2024-03-07 05:29:39,2287,14,0.279,2024-03-17 05:29:39
3287,7845,2581,2025-02-09 22:04:09,1242,60,0.205,2025-03-03 22:04:09
3288,7851,3246,2025-05-25 06:12:07,2979,120,0.281,2025-07-01 06:12:07
3289,7852,4341,2025-07-14 17:47:15,2761,60,0.204,2025-08-05 17:47:15
3290,7854,2525,2025-07-29 00:01:26,1852,30,0.36,2025-08-12 00:01:26
3291,7855,854,2025-02-12 05:37:06,3330,60,0.18,2025-03-06 05:37:06
3292,7856,3032,2024-02-17 01:20:35,902,7,0.209,2024-02-25 01:20:35
3293,7861,1076,2024-08-12 17:42:25,1389,21,0.276,2024-08-24 17:42:25
3294,7863,1196,2024-10-21 04:02:49,3922,21,0.182,2024-11-02 04:02:49
3295,7864,4298,2025-04-25 00:04:34,2653,7,0.259,2025-05-03 00:04:34
3296,7865,4210,2025-02-15 08:28:13,4964,21,0.235,2025-02-27 08:28:13
3297,7866,3581,2025-06-08 12:07:40,840,30,0.201,2025-06-22 12:07:40
3298,7868,889,2024-06-16 04:12:05,4230,90,0.265,2024-07-15 04:12:05
3299,7874,3713,2024-12-04 16:22:29,4323,180,0.26,2025-01-25 16:22:29
3300,7875,3281,2025-05-19 19:10:43,3846,14,0.252,2025-05-29 19:10:43
3301,7879,381,2024-05-19 08:34:16,1337,21,0.12,2024-05-31 08:34:16
3302,7882,655,2024-02-24 18:35:56,4138,60,0.233,2024-03-17 18:35:56
3303,7891,3969,2024-06-09 08:58:44,2228,21,0.194,2024-06-21 08:58:44
3304,7892,451,2024-11-05 12:42:37,4248,21,0.248,2024-11-17 12:42:37
3305,7894,4645,2024-10-07 21:46:08,2673,7,0.326,2024-10-15 21:46:08
3306,7895,3813,2024-06-08 14:55:04,4038,120,0.163,2024-07-15 14:55:04
3307,7897,205,2024-09-26 14:47:04,2574,14,0.164,2024-10-06 14:47:04
3308,7899,344,2024-04-21 15:06:18,3690,180,0.29,2024-06-12 15:06:18
3309,7901,1595,2024-06-14 23:05:24,1341,90,0.26,2024-07-13 23:05:24
3310,7903,348,2024-11-24 17:00:41,2319,7,0.274,2024-12-02 17:00:41
3311,7909,747,2025-08-27 11:05:03,1277,14,0.278,2025-09-06 11:05:03
3312,7912,3747,2024-05-08 03:28:05,921,90,0.173,2024-06-06 03:28:05
3313,7914,2615,2025-09-21 15:37:15,1510,120,0.195,2025-10-28 15:37:15
3314,7916,4910,2025-09-20 20:08:07,1540,90,0.224,2025-10-19 20:08:07
3315,7917,1473,2025-11-09 10:09:51,3140,180,0.212,2025-12-31 10:09:51
3316,7921,2204,2025-09-01 22:58:52,4257,180,0.305,2025-10-23 22:58:52
3317,7927,3712,2024-08-19 13:55:50,4241,60,0.278,2024-09-10 13:55:50
3318,7929,2439,2024-10-01 05:32:01,2537,180,0.147,2024-11-22 05:32:01
3319,7930,4096,2025-09-27 01:13:53,880,180,0.258,2025-11-18 01:13:53
3320,7935,4817,2025-07-09 16:31:08,4395,21,0.207,2025-07-21 16:31:08
3321,7936,1544,2025-05-01 19:25:20,1427,30,0.184,2025-05-15 19:25:20
3322,7940,4296,2024-11-11 12:53:55,3501,60,0.26,2024-12-03 12:53:55
3323,7942,2999,2024-09-14 04:42:54,3870,60,0.26,2024-10-06 04:42:54
3324,7944,3540,2024-02-06 04:31:28,1145,120,0.157,2024-03-14 04:31:28
3325,7948,982,2024-12-14 06:52:55,3324,60,0.306,2025-01-05 06:52:55
3326,7949,1615,2024-12-17 07:05:05,1217,30,0.189,2024-12-31 07:05:05
3327,7950,3017,2025-07-28 14:57:15,3157,30,0.308,2025-08-11 14:57:15
3328,7951,1267,2025-06-06 12:55:46,1855,7,0.239,2025-06-14 12:55:46
3329,7953,3727,2024-12-30 04:39:08,3986,60,0.323,2025-01-21 04:39:08
3330,7955,694,2024-04-16 12:42:23,3055,120,0.281,2024-05-23 12:42:23
3331,7959,4922,2024-04-16 06:47:28,1993,90,0.248,2024-05-15 06:47:28
3332,7968,771,2024-10-27 18:01:50,1585,120,0.241,2024-12-03 18:01:50
3333,7969,923,2025-08-05 02:10:20,3608,7,0.209,2025-08-13 02:10:20
3334,7974,822,2025-02-24 21:11:20,3150,90,0.182,2025-03-25 21:11:20
3335,7975,3368,2025-01-18 12:28:04,3744,14,0.144,2025-01-28 12:28:04
3336,7976,4811,2024-06-11 14:35:32,2062,7,0.241,2024-06-19 14:35:32
3337,7978,1229,2024-04-20 05:35:47,1454,30,0.233,2024-05-04 05:35:47
3338,7980,1709,2024-07-22 19:59:19,684,30,0.229,2024-08-05 19:59:19
3339,7982,1393,2025-09-08 15:05:20,2928,180,0.291,2025-10-30 15:05:20
3340,7985,302,2025-04-06 03:00:26,3794,30,0.219,2025-04-20 03:00:26
3341,7987,4758,2025-04-08 13:10:22,1503,14,0.223,2025-04-18 13:10:22
3342,7989,4077,2024-07-27 18:19:54,2732,30,0.273,2024-08-10 18:19:54
3343,7992,4094,2024-04-23 13:20:33,3876,21,0.107,2024-05-05 13:20:33
3344,7993,1972,2024-07-03 17:47:16,4292,120,0.2,2024-08-09 17:47:16
3345,7994,3126,2025-01-08 17:16:15,710,14,0.29,2025-01-18 17:16:15
3346,7998,1793,2024-04-07 00:24:55,1795,180,0.276,2024-05-29 00:24:55
3347,8000,336,2024-03-20 06:58:21,4698,180,0.205,2024-05-11 06:58:21
