user_id,register_dt,age,gender,city_tier,education,marital_status,residence_years,company_type,monthly_income,phone_age_months,contact_count,emergency_contact_count,device_count,has_credit_card
1,2024-02-27 03:40:36,36,M,1,college,single,3,self_employed,3463.0,36,84,1,1,0
2,2025-07-10 23:42:35,49,M,2,high,married,4,state,2210.0,22,286,4,2,1
3,2025-04-14 20:05:34,45,M,2,high,single,3,unemployed,2518.0,62,279,4,1,1
4,2024-11-08 09:09:00,28,F,3,high,married,6,self_employed,2576.0,3,71,2,2,0
5,2024-11-04 02:25:36,50,F,5,graduate,married,2,self_employed,3583.0,45,411,4,1,1
6,2025-09-10 18:38:07,20,F,2,high,married,5,private,5917.0,8,137,1,2,0
7,2024-02-24 17:46:03,40,M,2,high,single,9,private,5909.0,41,241,5,1,0
8,2025-05-16 01:53:16,53,M,4,high,single,1,unemployed,3069.0,80,75,3,1,1
9,2024-05-19 01:44:46,43,M,3,high,married,8,self_employed,1664.0,77,405,2,2,0
10,2024-03-01 17:59:13,53,M,1,college,single,9,unemployed,2420.0,3,131,5,1,1
11,2025-01-11 07:54:42,20,F,2,college,married,0,state,5519.0,85,282,3,3,1
12,2025-12-05 04:54:12,38,M,5,high,single,7,private,3948.0,37,279,5,2,0
13,2025-06-13 02:22:53,47,M,1,college,single,5,private,3215.0,58,93,1,3,0
14,2025-07-01 15:10:03,42,M,3,high,married,7,private,3137.0,82,435,2,1,0
15,2025-05-30 18:12:06,51,M,4,college,single,3,state,2800.0,5,52,3,1,1
16,2025-07-19 19:50:47,35,F,2,middle,married,2,unemployed,2389.0,21,344,2,2,0
17,2025-01-01 15:43:46,43,M,4,high,married,3,self_employed,7519.0,20,127,3,1,0
18,2024-03-26 12:33:03,33,F,2,college,married,1,state,6644.0,40,321,2,2,0
19,2025-08-28 00:23:20,51,F,2,graduate,married,4,private,2731.0,2,151,5,3,1
20,2024-11-16 18:45:41,22,F,2,college,single,9,private,1971.0,4,387,2,3,1
21,2024-12-23 06:09:56,27,F,5,college,single,8,private,3863.0,62,304,1,2,0
22,2024-09-19 16:22:52,21,F,2,college,married,1,unemployed,3458.0,14,338,5,1,0
23,2024-05-05 06:16:10,44,F,2,college,single,6,self_employed,4536.0,53,495,4,2,1
24,2025-10-30 12:55:21,26,M,5,high,single,0,state,4910.0,28,249,1,1,0
25,2025-07-16 13:03:42,30,M,2,high,single,0,self_employed,2418.0,120,392,5,1,0
26,2025-04-07 00:31:00,49,F,4,college,married,6,private,5699.0,16,417,1,3,0
27,2024-10-12 18:17:58,31,M,3,college,single,3,unemployed,3218.0,58,196,4,3,0
28,2025-08-15 14:47:00,23,M,3,college,single,7,self_employed,4504.0,57,189,1,1,0
29,2025-01-25 03:55:05,18,F,4,high,married,1,private,3323.0,89,368,2,2,0
30,2024-11-11 16:37:00,26,M,4,high,married,1,self_employed,5028.0,16,468,5,2,1
31,2024-11-16 20:03:04,52,M,1,high,single,7,private,1593.0,116,56,1,2,1
32,2024-06-06 21:13:20,38,F,5,college,married,2,state,4715.0,37,102,3,3,0
33,2024-02-29 06:13:16,55,M,5,middle,married,0,private,2721.0,5,126,2,3,0
34,2025-01-31 20:19:31,26,F,4,college,single,8,private,3736.0,87,337,2,1,1
35,2025-10-02 03:49:48,31,M,3,middle,single,7,state,5629.0,66,239,1,1,0
36,2024-02-08 14:04:41,24,F,3,high,single,10,private,2749.0,79,275,2,3,0
37,2025-09-10 13:15:48,33,F,3,college,single,6,private,2602.0,110,192,2,2,0
38,2025-08-19 04:05:53,39,M,1,high,married,5,self_employed,3196.0,46,242,1,2,0
39,2024-07-13 00:49:47,48,M,3,college,single,7,private,3127.0,109,399,4,3,0
40,2025-03-29 02:45:36,31,M,3,middle,divorced,8,state,2521.0,112,243,1,3,0
41,2024-04-22 14:48:48,47,M,3,college,single,6,state,3779.0,66,227,2,2,0
42,2025-06-29 09:41:49,41,M,2,college,single,3,private,3848.0,95,69,5,3,1
43,2025-05-18 09:09:44,29,F,3,college,married,9,unemployed,4281.0,5,220,2,2,0
44,2024-09-07 19:17:41,52,M,3,middle,married,7,private,2733.0,73,388,4,3,0
45,2024-02-11 13:57:30,34,F,3,high,single,9,private,2617.0,10,111,3,2,1
46,2025-12-01 14:37:45,23,M,5,college,single,6,private,3493.0,53,208,4,1,1
47,2024-11-13 08:26:41,54,F,4,graduate,married,4,state,3342.0,90,178,4,1,0
48,2025-10-05 23:28:55,52,M,1,college,single,9,private,3364.0,8,264,3,2,1
49,2025-05-01 21:08:27,19,M,1,college,married,6,private,2843.0,49,420,4,3,0
50,2025-07-14 05:16:43,52,F,4,college,married,8,state,4087.0,50,432,3,2,0
51,2025-06-30 17:26:17,54,M,3,college,single,9,self_employed,2618.0,29,223,2,3,1
52,2024-05-14 02:04:12,49,F,4,college,married,3,private,3489.0,66,310,4,2,1
53,2024-09-14 15:38:01,27,M,2,college,single,2,private,3271.0,97,418,2,3,0
54,2024-11-28 16:57:07,41,M,1,college,married,1,private,3599.0,119,433,1,3,0
55,2024-12-21 09:18:28,38,M,3,college,divorced,6,private,5513.0,109,321,2,3,0
56,2024-01-24 23:26:31,41,F,4,college,married,8,self_employed,2298.0,115,111,4,2,0
57,2025-01-25 23:53:51,41,M,5,middle,divorced,10,private,1577.0,25,219,4,2,0
58,2024-04-14 15:09:06,42,M,4,high,married,0,private,2957.0,14,177,3,2,1
59,2025-06-18 15:56:45,37,M,3,graduate,single,0,private,2433.0,22,356,3,3,0
60,2025-05-05 15:01:03,44,M,4,college,single,7,state,1500.0,118,152,2,2,1
61,2025-10-27 10:41:15,38,M,1,high,single,2,state,6709.0,27,65,1,1,0
62,2025-06-19 16:13:58,18,F,3,college,married,5,private,4429.0,91,449,2,1,1
63,2024-09-16 15:34:45,19,M,5,college,married,0,state,4599.0,49,99,5,1,1
64,2025-11-29 06:46:13,54,F,3,college,married,0,state,3295.0,82,402,5,2,1
65,2024-10-18 22:05:53,52,M,5,college,married,5,private,4219.0,91,480,1,3,0
66,2024-08-17 20:27:36,40,M,2,middle,single,7,private,3140.0,109,426,5,1,0
67,2025-10-15 00:59:11,24,M,1,high,single,9,private,4842.0,11,270,4,3,0
68,2024-09-19 10:27:14,47,M,3,middle,single,5,self_employed,3890.0,40,306,1,2,0
69,2024-02-17 17:31:57,23,M,5,college,divorced,7,private,3595.0,15,373,3,1,1
70,2024-11-30 18:37:04,32,M,2,high,single,9,private,3691.0,48,149,1,1,0
71,2025-07-26 20:18:47,30,M,4,college,single,4,state,6081.0,44,240,4,1,0
72,2024-05-10 07:32:17,18,F,2,college,single,2,state,3861.0,105,220,4,3,0
73,2024-11-25 22:43:07,48,M,4,college,divorced,9,self_employed,2539.0,85,173,2,1,1
74,2024-03-27 20:13:29,37,M,3,college,single,0,private,4096.0,13,298,4,1,0
75,2025-05-08 03:05:53,30,M,2,college,married,3,private,4321.0,54,239,2,2,1
76,2024-12-05 06:21:01,37,M,4,college,single,1,state,3461.0,86,58,3,2,1
77,2024-08-21 01:02:23,18,F,4,middle,single,7,self_employed,3575.0,89,91,1,2,0
78,2024-06-06 15:27:06,34,M,3,high,married,2,unemployed,2507.0,98,338,5,2,1
79,2025-02-08 02:02:17,37,F,2,college,married,3,state,3767.0,27,298,1,2,0
80,2025-04-25 23:08:28,30,M,2,high,married,7,private,2380.0,107,435,5,2,0
81,2025-11-09 10:09:46,49,M,5,college,single,3,private,3335.0,109,83,5,2,0
82,2024-11-07 02:54:05,27,F,3,high,divorced,3,unemployed,2881.0,27,196,1,2,1
83,2024-04-19 07:15:23,23,M,4,college,married,5,self_employed,5136.0,80,224,1,3,0
84,2025-08-22 20:31:19,38,F,4,middle,divorced,1,private,6263.0,82,356,1,3,0
85,2025-03-27 17:28:14,51,M,4,college,single,10,private,2439.0,106,246,5,1,0
86,2025-05-18 04:38:40,32,F,2,high,single,10,state,3635.0,11,268,1,1,0
87,2024-03-03 23:24:38,19,M,3,college,single,7,private,3266.0,28,465,4,1,0
88,2024-08-08 00:39:48,54,M,3,high,married,1,self_employed,4284.0,104,51,5,3,0
89,2025-07-06 12:37:31,34,F,1,college,married,5,self_employed,3766.0,5,452,2,2,0
90,2025-08-22 13:11:30,24,M,2,high,married,3,private,3179.0,58,178,3,2,0
91,2024-11-05 16:59:45,41,M,3,college,single,1,unemployed,3762.0,36,68,1,3,1
92,2025-08-02 11:28:17,30,F,4,college,single,9,unemployed,3377.0,75,288,5,3,1
93,2025-08-29 10:26:29,53,F,3,graduate,single,4,private,6350.0,57,145,4,3,0
94,2024-10-01 20:37:16,29,F,1,college,married,7,private,2758.0,103,376,4,3,1
95,2025-10-09 14:29:42,38,F,5,college,single,7,self_employed,3984.0,10,392,2,3,0
96,2024-07-21 11:30:30,38,F,2,college,single,3,private,4352.0,61,231,4,2,0
97,2024-06-15 21:03:08,27,F,2,high,single,3,unemployed,4245.0,63,402,4,3,1
98,2025-05-05 05:19:16,36,F,5,college,single,10,private,3280.0,62,133,1,1,1
99,2025-04-01 20:04:01,22,M,4,high,divorced,9,self_employed,5878.0,10,201,3,3,0
100,2024-04-04 00:27:48,42,M,5,college,single,5,state,1753.0,56,77,1,2,0
101,2025-08-22 21:32:52,46,F,4,middle,married,5,private,2483.0,106,339,4,1,0
102,2024-05-17 22:23:30,54,F,3,high,married,0,self_employed,4593.0,73,372,5,2,0
103,2025-08-02 13:49:56,30,M,2,college,married,2,private,2676.0,14,393,5,3,1
104,2023-12-29 08:59:13,28,M,2,high,married,0,private,2622.0,87,214,3,1,1
105,2025-07-27 16:40:55,38,M,5,high,married,8,private,3092.0,112,427,5,1,0
106,2025-07-20 10:54:54,44,M,4,high,married,10,private,2766.0,97,341,5,2,1
107,2025-07-15 15:58:58,55,F,2,college,single,1,private,4550.0,12,309,3,3,0
108,2025-04-22 08:11:13,18,M,3,high,married,3,private,4997.0,4,150,2,3,0
109,2024-12-02 05:51:22,27,F,2,high,single,3,private,3755.0,22,429,1,3,1
110,2025-05-21 18:29:50,27,F,2,graduate,single,8,private,5266.0,42,390,4,3,0
111,2024-07-13 07:10:15,27,F,4,graduate,single,4,private,2241.0,112,444,2,3,1
112,2025-07-15 22:22:21,35,M,1,middle,married,0,self_employed,3739.0,52,205,3,1,0
113,2025-02-01 14:56:05,51,F,3,college,single,6,private,5836.0,117,298,5,2,0
114,2024-11-23 00:12:15,19,F,5,middle,single,1,self_employed,5125.0,12,73,1,3,0
115,2024-12-27 02:13:17,49,F,3,graduate,single,7,private,6019.0,92,320,2,3,0
116,2025-02-11 04:20:44,41,M,3,high,single,9,private,2962.0,91,280,3,2,0
117,2024-01-20 04:50:08,41,M,2,high,single,0,private,5019.0,116,419,4,2,1
118,2024-04-04 01:14:36,43,F,1,high,married,10,private,3136.0,63,379,5,1,1
119,2024-06-20 04:49:48,22,M,2,college,single,7,state,4484.0,73,496,5,3,1
120,2024-03-16 14:34:00,46,M,1,middle,divorced,0,self_employed,5761.0,1,470,3,2,0
121,2024-11-08 22:01:47,27,F,2,college,married,2,private,2757.0,106,125,3,1,0
122,2025-04-24 22:25:11,37,F,2,high,married,1,private,1902.0,76,487,3,2,0
123,2025-04-14 17:35:37,43,M,2,college,married,9,self_employed,6951.0,85,63,1,1,0
124,2024-12-01 21:36:19,40,M,1,college,single,7,private,4319.0,41,255,4,2,0
125,2025-09-08 05:00:06,30,M,5,high,married,4,self_employed,3507.0,10,470,5,2,1
126,2025-02-08 14:56:11,33,F,2,high,single,5,state,3440.0,88,325,4,3,0
127,2024-02-19 19:32:18,36,F,3,high,single,3,private,1748.0,88,497,2,3,1
128,2025-07-04 10:46:47,19,M,4,college,single,4,private,3917.0,22,301,5,1,1
129,2025-02-15 11:00:10,45,M,1,middle,married,7,private,3024.0,99,357,2,1,0
130,2025-03-31 08:15:53,21,M,3,college,married,2,state,3708.0,1,290,3,2,0
131,2025-02-08 17:20:26,35,M,4,college,single,8,unemployed,3680.0,79,468,2,3,0
132,2025-01-31 02:42:39,42,F,3,college,married,10,private,1500.0,11,101,3,1,0
133,2024-02-28 02:43:25,21,M,2,college,single,10,unemployed,4322.0,91,225,5,3,1
134,2025-02-04 05:18:34,55,M,4,middle,single,1,private,3890.0,53,352,3,1,0
135,2025-07-26 06:52:08,32,M,4,high,single,4,private,4077.0,40,272,4,3,0
136,2024-08-01 21:12:20,18,M,2,college,married,2,state,3415.0,90,485,5,2,1
137,2025-03-08 01:43:33,43,F,1,high,married,6,unemployed,3704.0,97,312,1,1,0
138,2024-01-15 11:55:42,39,F,1,college,single,3,private,3868.0,73,107,5,3,0
139,2024-09-02 16:11:09,42,F,4,graduate,single,4,self_employed,4008.0,89,326,1,2,1
140,2024-11-06 19:17:19,46,M,2,middle,married,1,private,4300.0,2,190,4,2,0
141,2025-12-10 09:34:35,36,F,2,high,married,6,self_employed,4020.0,99,261,3,3,0
142,2024-05-28 15:31:24,49,M,3,high,single,5,self_employed,6956.0,71,84,2,2,0
143,2024-07-12 21:07:36,32,F,5,middle,married,6,self_employed,2824.0,19,442,4,2,0
144,2024-10-17 05:25:18,38,F,1,graduate,married,3,state,3193.0,58,231,5,2,0
145,2025-12-17 15:30:05,24,M,1,graduate,married,8,state,6585.0,76,413,1,1,0
146,2025-09-06 23:37:18,41,F,3,high,single,6,unemployed,3449.0,96,267,1,1,0
147,2024-01-18 07:49:14,27,M,4,graduate,married,1,state,5045.0,63,477,3,2,0
148,2024-06-11 18:37:11,44,F,3,middle,married,4,private,3818.0,31,211,1,1,0
149,2025-08-14 19:44:10,48,M,4,graduate,single,7,self_employed,3362.0,31,97,2,3,0
150,2024-02-04 13:27:50,50,M,1,college,married,1,self_employed,5142.0,87,264,3,2,0
151,2025-09-08 15:21:12,53,M,2,high,married,3,state,4365.0,104,65,3,2,0
152,2024-07-16 09:50:44,22,M,2,college,married,9,self_employed,2128.0,76,412,4,3,0
153,2025-10-23 21:15:55,23,M,2,college,married,4,private,3869.0,96,464,3,2,1
154,2024-07-25 07:45:45,53,M,3,high,single,5,private,2570.0,75,146,1,3,0
155,2024-11-05 01:13:49,32,F,4,high,married,7,private,5681.0,59,73,4,3,0
156,2025-04-20 04:46:38,18,M,2,college,single,3,self_employed,6726.0,49,391,2,1,1
157,2024-03-25 04:26:18,28,M,4,middle,married,9,self_employed,7016.0,59,360,1,1,1
158,2025-02-02 15:12:11,49,F,2,middle,single,0,self_employed,4126.0,2,407,4,2,1
159,2024-12-26 15:52:17,31,F,3,high,single,5,private,3098.0,70,306,3,1,0
160,2025-07-18 05:53:47,20,M,3,college,single,6,unemployed,4075.0,23,312,4,2,0
161,2025-12-20 03:47:34,45,M,3,high,married,2,private,2620.0,109,172,4,3,1
162,2025-04-21 22:46:23,25,F,1,college,married,8,private,8274.0,102,192,1,3,1
163,2024-10-17 16:56:47,31,F,5,high,married,0,unemployed,5530.0,60,334,5,3,1
164,2024-10-15 15:53:52,18,M,5,high,single,7,self_employed,4050.0,75,472,2,1,0
165,2024-10-24 02:38:13,40,F,4,college,single,6,unemployed,5161.0,5,189,4,3,0
166,2025-08-09 05:38:13,34,M,4,middle,married,8,state,3065.0,70,214,4,1,0
167,2024-08-14 11:41:58,50,M,2,college,single,2,private,2471.0,103,315,1,2,0
168,2024-04-23 21:21:55,30,F,3,high,married,1,private,1678.0,64,72,1,3,1
169,2024-08-24 00:47:09,25,F,2,college,divorced,6,self_employed,3748.0,104,344,5,3,1
170,2024-01-09 13:54:55,24,F,4,high,married,10,private,3385.0,10,111,1,1,0
171,2024-03-10 11:37:04,25,M,2,college,single,8,self_employed,4367.0,117,358,2,2,0
172,2024-02-27 17:38:18,35,M,2,middle,married,2,private,3658.0,42,452,5,3,0
173,2025-07-09 05:35:53,21,M,4,college,married,4,private,4298.0,4,463,1,2,0
174,2025-06-03 07:44:08,33,M,1,high,married,2,self_employed,4836.0,75,117,4,2,1
175,2025-05-15 15:25:27,50,M,4,middle,married,8,unemployed,2184.0,74,319,2,2,0
176,2024-11-25 04:05:20,47,M,2,college,single,5,private,4935.0,16,251,3,2,0
177,2025-05-30 10:51:54,42,M,3,high,married,4,private,3158.0,42,271,1,2,0
178,2024-04-19 17:28:53,51,F,4,high,single,0,private,4364.0,111,362,3,1,0
179,2025-10-11 10:53:30,47,M,3,college,married,6,private,5207.0,23,496,2,3,1
180,2024-12-23 18:18:16,42,M,2,college,married,4,self_employed,5220.0,9,308,4,3,0
181,2025-11-07 18:39:37,50,F,1,college,married,0,private,3809.0,99,300,4,1,1
182,2024-04-13 04:30:28,22,M,1,graduate,single,2,private,3876.0,82,344,3,1,0
183,2024-12-21 01:13:22,49,F,1,high,married,7,self_employed,4975.0,60,277,1,2,0
184,2025-05-15 07:31:58,29,M,3,middle,single,8,self_employed,2153.0,37,207,4,2,0
185,2024-12-19 19:21:54,45,M,2,college,married,5,private,2610.0,105,421,3,3,0
186,2024-11-13 16:39:28,52,F,2,high,married,8,unemployed,3302.0,104,348,4,1,0
187,2024-04-23 08:04:15,36,F,2,high,married,8,private,2284.0,1,304,4,3,0
188,2024-09-27 03:29:30,21,F,5,middle,single,6,private,3311.0,100,54,1,1,0
189,2024-06-15 07:11:05,32,F,1,high,married,2,self_employed,3248.0,57,174,1,1,0
190,2024-07-31 02:29:30,33,M,2,high,married,4,private,3754.0,40,168,3,3,0
191,2025-05-06 02:26:08,53,F,3,high,married,8,unemployed,3569.0,42,342,5,2,1
192,2025-03-28 02:33:03,53,F,1,college,married,3,state,5294.0,56,105,2,1,1
193,2025-03-11 06:04:53,39,F,5,college,married,7,unemployed,4450.0,69,222,3,3,0
194,2024-09-13 02:57:24,54,M,1,graduate,single,9,private,3552.0,116,255,4,2,0
195,2025-11-23 13:48:50,34,M,4,middle,single,5,private,3240.0,4,384,5,1,1
196,2024-02-25 23:37:35,33,F,3,high,married,5,self_employed,3581.0,73,115,4,3,0
197,2024-08-30 02:11:25,49,M,4,college,married,2,self_employed,3603.0,8,323,5,1,0
198,2024-03-19 03:27:48,43,M,3,middle,single,5,self_employed,8792.0,1,296,5,2,0
199,2024-08-27 10:17:43,37,M,4,high,single,0,private,2186.0,37,383,1,1,0
200,2025-11-25 04:26:49,35,M,3,college,married,1,state,2633.0,94,131,3,2,0
201,2024-09-16 08:56:13,44,M,3,college,married,5,private,2501.0,42,320,4,1,1
202,2025-10-17 06:20:01,46,M,4,high,married,2,private,4001.0,44,236,3,1,1
203,2024-12-19 09:33:01,36,M,3,college,married,3,state,3946.0,109,166,1,1,1
204,2025-05-17 18:52:08,19,M,3,college,divorced,3,self_employed,2979.0,34,83,4,3,1
205,2024-11-21 21:57:15,21,F,2,college,married,5,state,4982.0,93,221,1,3,0
206,2024-07-05 02:02:30,23,M,2,high,single,7,private,4144.0,100,248,2,1,1
207,2025-07-03 21:18:00,35,M,2,college,married,4,self_employed,5056.0,78,72,5,1,1
208,2025-11-30 11:58:12,41,M,1,college,married,9,unemployed,5548.0,117,414,5,2,0
209,2024-07-03 08:57:20,48,M,3,high,married,5,private,1727.0,119,361,1,2,1
210,2025-07-14 11:42:57,26,F,1,college,single,10,self_employed,4628.0,8,192,2,3,1
211,2024-07-01 15:10:22,47,F,3,college,married,10,self_employed,2318.0,21,71,2,3,0
212,2025-05-30 07:54:58,43,M,4,high,married,4,private,3973.0,47,368,3,3,0
213,2025-07-21 23:23:41,19,M,3,high,single,8,self_employed,3549.0,80,60,5,1,1
214,2024-11-16 00:48:48,31,M,4,high,divorced,4,unemployed,3603.0,34,242,5,1,0
215,2025-06-13 22:49:52,29,M,1,college,married,9,self_employed,2388.0,77,143,1,1,0
216,2024-07-09 17:40:19,51,M,1,middle,married,8,private,5222.0,108,155,4,2,0
217,2024-02-19 20:31:17,53,M,4,college,married,3,state,2318.0,1,390,1,3,0
218,2024-03-03 08:46:10,49,M,4,high,single,3,self_employed,4735.0,105,186,3,3,0
219,2024-11-14 07:51:20,38,F,4,college,married,9,state,2206.0,59,160,3,3,0
220,2025-10-12 21:35:38,36,M,3,college,single,5,private,3618.0,109,186,3,3,0
221,2024-03-26 03:08:47,29,M,4,college,married,7,private,6847.0,82,117,5,2,0
222,2024-11-20 17:12:02,47,M,4,college,married,7,self_employed,8321.0,6,384,4,2,1
223,2025-05-20 22:38:30,21,M,4,high,married,1,private,2066.0,109,273,5,1,0
224,2024-05-19 17:24:22,28,M,4,high,married,2,unemployed,2845.0,7,140,3,1,1
225,2025-06-02 18:43:09,23,M,1,college,married,9,private,3032.0,31,188,3,3,0
226,2024-08-03 08:21:36,36,M,1,middle,single,3,self_employed,8017.0,67,490,3,2,0
227,2025-08-05 07:44:10,29,M,2,college,single,9,private,3555.0,109,310,2,3,1
228,2025-02-18 19:55:36,25,F,3,college,single,3,self_employed,5304.0,21,360,4,3,1
229,2025-01-26 05:48:55,32,F,4,college,married,9,self_employed,4044.0,65,436,2,2,1
230,2024-05-01 01:03:32,50,M,2,high,married,6,private,2393.0,14,230,1,1,1
231,2024-11-26 03:22:03,39,M,2,college,married,1,private,1899.0,41,207,3,2,0
232,2025-09-09 07:52:56,49,F,4,middle,single,2,unemployed,2938.0,32,500,4,3,0
233,2024-01-07 06:03:37,52,F,2,graduate,married,10,self_employed,8192.0,52,305,3,1,1
234,2025-06-29 17:15:43,52,M,4,college,married,2,state,3984.0,86,147,1,2,0
235,2024-12-17 17:11:49,31,M,2,college,divorced,2,private,5266.0,87,437,1,2,0
236,2025-06-01 04:59:27,51,M,2,college,married,1,unemployed,2216.0,81,394,4,3,0
237,2025-04-21 04:58:52,52,F,3,high,married,6,self_employed,3249.0,4,230,5,1,1
238,2024-11-03 10:16:12,54,M,2,college,married,8,private,4782.0,95,172,2,1,0
239,2024-08-05 07:50:57,31,M,1,college,single,10,private,2485.0,78,346,5,2,0
240,2025-03-25 22:27:03,26,M,2,middle,single,9,private,3560.0,8,295,3,1,0
241,2024-04-04 08:43:45,40,M,2,graduate,married,9,self_employed,2676.0,114,156,1,2,0
242,2025-02-22 09:23:47,53,M,2,college,married,9,self_employed,4862.0,92,74,2,1,0
243,2024-03-02 03:03:03,52,F,4,graduate,single,6,private,4186.0,84,419,5,2,0
244,2025-04-11 09:18:44,39,M,1,college,single,9,private,4625.0,59,431,2,3,1
245,2025-03-26 23:37:02,23,M,3,high,married,6,private,4939.0,96,458,5,3,0
246,2024-02-23 15:27:52,34,M,1,college,single,1,private,3362.0,38,215,4,3,1
247,2025-06-28 23:11:16,45,F,5,middle,single,0,unemployed,5173.0,87,367,5,2,0
248,2024-10-22 12:56:44,39,M,4,college,married,1,self_employed,2962.0,74,313,3,2,0
249,2025-07-20 10:15:02,31,M,5,high,married,3,private,4532.0,74,170,1,1,1
250,2024-01-23 09:04:49,31,M,5,college,single,5,private,1827.0,96,468,3,3,0
251,2024-05-03 00:04:40,20,F,2,high,single,7,private,2804.0,21,201,5,3,0
252,2024-12-18 14:43:08,28,F,4,high,single,5,self_employed,8189.0,13,63,5,2,0
253,2024-05-09 09:42:18,43,F,2,middle,single,4,private,4509.0,67,124,3,1,0
254,2024-08-20 19:10:06,27,F,4,college,married,8,private,4510.0,97,486,1,3,0
255,2025-04-19 05:41:42,55,M,3,high,single,9,unemployed,2729.0,31,80,2,1,1
256,2024-04-07 12:03:49,21,M,3,high,single,2,state,2483.0,69,286,2,1,0
257,2025-05-01 17:21:19,40,M,5,high,married,2,self_employed,3319.0,115,268,5,1,0
258,2024-03-08 11:37:11,36,F,4,high,married,10,private,3556.0,75,402,3,1,0
259,2024-04-29 21:14:39,49,F,5,graduate,single,10,private,7116.0,10,420,3,3,0
260,2025-02-24 23:31:58,51,M,1,high,single,3,self_employed,5201.0,106,263,5,2,0
261,2025-07-25 05:49:34,38,F,2,high,married,5,self_employed,3782.0,118,334,1,1,0
262,2024-04-26 12:47:19,41,M,2,high,married,6,self_employed,3726.0,86,417,2,3,0
263,2024-07-29 23:52:25,44,M,3,middle,married,6,state,4747.0,74,415,4,2,0
264,2025-10-29 08:06:16,37,M,3,high,single,9,private,2295.0,71,447,2,3,0
265,2025-12-15 11:15:29,25,F,2,middle,married,1,state,1859.0,75,368,3,2,1
266,2025-02-20 04:11:28,34,F,4,middle,single,5,private,4723.0,41,222,5,1,0
267,2024-11-14 08:06:30,27,M,2,middle,single,2,private,3734.0,78,302,4,3,1
268,2024-09-02 05:09:32,35,F,4,high,married,8,state,2300.0,62,375,3,3,0
269,2025-03-15 02:09:27,41,F,4,college,married,6,private,1749.0,96,183,1,3,0
270,2025-02-27 08:50:21,25,F,3,middle,single,8,private,4978.0,101,500,5,3,0
271,2024-07-26 04:04:23,27,F,2,college,single,9,private,3033.0,86,250,1,3,0
272,2024-01-09 15:31:25,49,M,2,college,married,8,private,4188.0,120,391,1,3,1
273,2024-04-12 14:15:01,32,F,2,college,single,9,self_employed,3320.0,54,278,2,3,1
274,2025-11-22 17:57:26,25,F,4,high,single,8,unemployed,3598.0,91,481,2,2,0
275,2024-10-24 06:04:26,45,F,3,college,single,6,private,2959.0,42,351,4,3,0
276,2024-12-10 01:57:22,45,M,1,college,single,4,private,3545.0,95,382,3,2,1
277,2024-11-28 23:43:27,49,F,5,graduate,married,3,self_employed,4456.0,33,399,5,1,0
278,2025-07-17 09:31:16,46,F,4,college,single,3,private,3306.0,84,198,1,1,1
279,2024-02-09 10:02:20,55,M,4,middle,married,6,self_employed,3241.0,2,207,5,2,1
280,2024-02-22 09:25:46,39,F,3,graduate,married,8,private,4504.0,93,423,3,2,1
281,2024-07-12 08:50:37,28,M,5,college,single,4,state,4610.0,35,258,3,2,0
282,2024-12-13 06:15:14,50,M,2,high,married,6,private,2445.0,30,350,1,1,0
283,2025-04-26 22:05:35,28,M,2,high,single,4,self_employed,3604.0,41,283,4,2,0
284,2024-12-16 05:11:11,29,F,4,graduate,married,6,state,3031.0,51,64,3,2,0
285,2024-11-10 01:15:52,49,F,4,high,married,9,private,3658.0,16,262,4,1,1
286,2025-11-07 14:43:10,51,M,3,college,married,4,private,6014.0,67,127,5,2,0
287,2024-04-19 13:03:06,30,F,2,high,single,4,state,4128.0,15,89,2,2,0
288,2025-02-13 08:40:31,45,M,2,college,married,2,unemployed,7766.0,66,167,5,2,0
289,2025-01-22 20:07:35,53,M,4,middle,married,5,private,3932.0,45,182,3,1,0
290,2024-12-03 15:32:03,48,F,4,college,single,5,private,3435.0,72,385,2,3,0
291,2025-08-04 13:06:25,18,F,2,college,single,1,state,3616.0,19,163,4,2,0
292,2024-07-05 21:24:49,43,F,1,graduate,single,10,private,3827.0,117,409,1,2,0
293,2025-11-19 06:06:01,24,F,3,high,single,9,self_employed,4077.0,2,144,4,1,1
294,2024-08-22 01:05:19,50,F,4,middle,single,3,self_employed,2573.0,103,422,5,2,1
295,2025-01-24 20:28:42,20,M,3,high,married,10,private,3356.0,43,287,2,2,0
296,2025-01-07 02:10:49,55,M,3,middle,divorced,2,state,2826.0,100,80,3,1,0
297,2025-09-04 08:06:31,24,M,5,graduate,single,4,self_employed,5221.0,72,99,4,2,1
298,2024-11-08 09:43:43,33,F,2,middle,married,1,private,1856.0,100,82,3,1,1
299,2024-07-18 17:28:22,26,F,3,high,married,6,state,3846.0,67,235,5,2,0
300,2024-01-08 18:38:37,48,F,3,college,married,5,private,2140.0,96,185,5,1,0
301,2024-09-14 11:38:34,32,M,3,high,divorced,2,private,4236.0,79,70,2,2,1
302,2025-08-18 04:38:04,46,M,4,high,married,3,state,3167.0,82,357,2,1,0
303,2023-12-31 05:43:54,20,F,3,college,married,10,state,1928.0,69,434,4,2,0
304,2025-10-08 04:44:12,35,F,3,high,single,7,self_employed,5063.0,31,429,3,2,0
305,2025-01-23 06:19:50,52,M,2,college,single,1,private,1509.0,102,117,2,3,1
306,2024-04-04 09:09:50,53,M,4,college,married,1,self_employed,3601.0,103,442,5,2,0
307,2024-07-31 14:10:54,25,M,2,high,single,0,private,4637.0,87,241,1,2,0
308,2025-01-31 10:42:47,32,M,1,college,single,2,self_employed,5895.0,34,143,3,3,1
309,2024-08-10 10:55:36,33,M,3,college,single,8,private,2072.0,49,110,2,1,0
310,2024-03-12 06:14:49,39,M,3,high,married,0,state,3039.0,87,396,4,1,0
311,2025-04-23 04:07:30,38,F,5,college,single,2,private,5320.0,23,165,5,2,0
312,2025-04-27 17:38:47,22,M,4,high,married,0,private,5448.0,14,338,5,1,1
313,2024-03-19 18:40:36,46,M,4,college,single,7,private,5700.0,49,299,2,1,1
314,2024-07-16 07:12:57,26,M,2,college,married,8,state,8924.0,66,467,2,3,1
315,2024-06-19 00:39:33,29,F,3,middle,married,5,private,3047.0,108,372,1,3,1
316,2025-04-18 09:05:04,49,M,5,high,married,9,private,4148.0,39,398,5,1,1
317,2025-06-09 02:46:43,44,M,3,middle,single,7,private,3226.0,26,272,2,2,1
318,2025-06-06 16:56:44,33,M,4,college,single,8,state,1824.0,85,288,2,2,0
319,2025-11-08 07:05:49,52,F,3,college,married,3,unemployed,3528.0,106,117,2,1,1
320,2025-07-07 02:42:14,32,F,2,high,married,9,self_employed,1812.0,103,403,5,3,0
321,2024-08-14 02:18:13,39,M,3,middle,single,6,unemployed,3034.0,76,389,5,3,0
322,2024-03-11 15:37:16,27,M,2,graduate,married,0,unemployed,2178.0,2,189,2,2,0
323,2025-03-16 16:32:32,24,M,1,high,married,0,private,4245.0,79,113,4,1,0
324,2025-10-22 16:31:39,36,F,2,high,single,9,private,2773.0,14,404,2,1,0
325,2025-12-04 20:43:16,39,F,2,middle,married,3,private,1949.0,95,397,3,2,0
326,2024-06-09 01:20:56,48,M,3,college,married,5,private,4929.0,112,402,4,1,0
327,2024-06-13 14:41:57,32,M,4,high,married,8,self_employed,2947.0,74,63,3,2,1
328,2024-01-20 07:28:04,52,F,3,college,single,8,self_employed,3130.0,29,435,5,3,1
329,2024-04-05 02:54:46,41,F,4,college,single,0,state,2586.0,36,212,3,2,0
330,2025-02-01 01:00:54,20,M,3,middle,single,6,self_employed,5443.0,88,159,4,3,1
331,2025-01-26 03:59:36,46,M,1,college,single,10,self_employed,4003.0,92,287,3,1,0
332,2024-09-19 18:33:30,39,M,2,high,single,3,private,2938.0,98,432,4,3,0
333,2024-08-06 06:25:09,32,F,5,middle,married,5,private,1863.0,13,417,5,3,1
334,2025-08-20 17:54:58,35,F,3,college,married,2,unemployed,8767.0,89,126,5,1,0
335,2024-11-23 19:47:40,29,F,5,high,single,7,self_employed,7279.0,116,490,2,1,1
336,2025-08-05 00:33:56,41,F,2,college,married,1,private,6034.0,4,398,3,2,0
337,2025-11-26 03:28:19,39,M,4,college,single,5,private,2847.0,52,470,4,2,1
338,2024-08-11 12:16:24,34,M,4,high,single,4,self_employed,3055.0,89,469,5,3,1
339,2024-05-19 23:58:30,28,M,5,graduate,married,7,self_employed,4189.0,64,286,1,3,0
340,2025-11-18 14:47:50,33,F,1,college,married,5,state,2663.0,116,66,1,1,0
341,2025-03-31 10:14:26,36,F,5,high,single,10,unemployed,2575.0,82,82,1,2,0
342,2024-07-23 08:52:49,35,M,3,college,married,10,private,6066.0,45,332,1,3,0
343,2025-03-21 22:59:13,29,M,4,graduate,married,3,unemployed,3571.0,75,91,2,1,1
344,2025-01-02 23:48:03,40,F,3,high,married,0,state,2460.0,86,347,2,3,1
345,2025-10-15 00:55:26,26,F,3,high,divorced,5,self_employed,5082.0,94,96,1,3,0
346,2024-06-27 20:30:30,37,F,2,high,single,6,unemployed,2978.0,34,417,5,1,0
347,2025-12-16 17:01:36,22,M,4,high,single,8,self_employed,1821.0,110,170,5,1,0
348,2025-11-06 07:29:00,35,F,2,high,married,5,private,2447.0,120,96,1,1,1
349,2024-05-03 21:53:56,47,F,3,college,married,6,self_employed,3039.0,26,203,2,1,0
350,2024-04-22 03:55:44,49,F,3,college,single,0,state,3932.0,26,460,2,2,1
351,2025-01-16 04:54:27,44,F,4,college,single,8,private,3867.0,47,298,5,2,1
352,2024-01-25 18:50:02,46,F,3,middle,single,3,self_employed,5596.0,37,498,1,2,0
353,2024-07-29 02:56:24,20,F,4,high,single,4,private,3351.0,23,166,5,3,0
354,2024-11-05 14:54:01,30,F,3,middle,single,4,state,3093.0,21,353,1,2,0
355,2025-11-30 15:25:13,42,M,3,high,divorced,0,private,5629.0,86,134,3,1,1
356,2025-12-17 10:25:11,48,M,4,college,single,5,private,5128.0,115,243,3,3,0
357,2024-04-12 14:58:47,40,F,4,high,married,4,private,3379.0,12,219,2,2,0
358,2025-10-04 22:11:08,50,F,4,college,single,2,self_employed,4033.0,69,336,1,2,0
359,2024-02-28 09:04:22,28,M,3,high,single,2,private,3083.0,34,353,3,2,0
360,2025-06-22 11:36:45,23,M,2,college,married,0,state,2424.0,30,74,5,1,0
361,2025-09-01 07:39:36,21,F,4,college,single,9,state,7856.0,69,363,3,3,0
362,2025-10-04 06:41:03,40,F,1,college,single,3,private,3012.0,17,389,5,1,0
363,2024-06-04 02:16:56,43,F,2,college,married,9,private,4037.0,10,222,2,1,1
364,2025-10-06 05:11:06,28,M,4,college,single,9,private,2142.0,105,81,4,2,1
365,2024-03-17 15:59:07,47,F,3,college,single,5,self_employed,4711.0,54,240,5,1,1
366,2025-01-05 18:23:54,46,F,3,high,divorced,8,unemployed,2387.0,8,195,2,2,0
367,2024-11-30 18:26:01,31,M,5,high,single,2,private,6550.0,106,407,5,2,0
368,2024-08-10 15:04:37,27,M,2,college,married,1,private,6830.0,78,112,5,3,0
369,2024-01-09 03:26:25,46,F,1,middle,single,9,state,4438.0,89,183,3,2,0
370,2025-07-09 13:39:28,43,M,1,graduate,single,7,private,3790.0,74,377,3,1,0
371,2024-08-24 23:25:32,24,F,2,high,married,7,private,3410.0,57,474,1,2,0
372,2025-04-20 00:18:19,27,F,4,college,married,10,private,3581.0,93,318,1,3,0
373,2024-10-18 11:03:11,36,F,4,high,single,0,self_employed,4202.0,42,51,5,1,0
374,2024-09-21 18:29:00,37,M,3,graduate,married,1,private,3757.0,82,365,2,1,0
375,2025-09-30 23:54:16,24,F,2,middle,married,10,self_employed,5134.0,106,64,5,1,1
376,2024-03-01 23:03:21,54,M,3,high,married,1,private,2640.0,101,79,2,3,1
377,2025-06-13 17:32:09,32,F,1,college,married,4,private,6216.0,67,351,2,1,1
378,2025-06-21 03:45:14,32,M,4,high,married,0,unemployed,3140.0,5,217,3,1,0
379,2024-09-26 09:27:00,20,F,3,high,married,3,private,2804.0,2,62,2,1,0
380,2024-07-02 14:18:29,51,F,1,college,single,1,private,4134.0,52,233,3,2,1
381,2023-12-27 20:58:47,26,M,4,college,married,2,private,4227.0,80,221,3,3,1
382,2025-11-06 20:57:59,55,M,4,middle,married,8,self_employed,1983.0,10,321,5,2,1
383,2025-11-14 20:15:18,36,F,2,college,married,3,state,3077.0,50,475,5,1,0
384,2024-06-16 21:48:16,51,M,3,high,divorced,8,state,1702.0,49,96,4,3,1
385,2024-01-16 07:04:53,24,M,3,high,single,9,private,2874.0,56,350,5,2,0
386,2024-03-22 14:43:08,24,M,2,college,single,5,private,2918.0,68,341,2,1,0
387,2024-02-11 09:06:10,48,F,2,middle,married,5,private,4040.0,34,490,4,1,1
388,2025-08-21 17:05:38,49,F,4,high,married,3,private,2764.0,72,228,3,2,1
389,2025-10-05 02:17:19,38,M,5,high,married,7,private,3002.0,55,122,3,1,0
390,2024-04-13 21:32:28,19,F,3,college,single,8,state,5747.0,111,458,4,2,1
391,2025-06-21 02:52:30,53,M,3,college,married,9,self_employed,7499.0,39,72,2,2,0
392,2024-05-02 20:46:50,32,M,3,high,married,2,state,2638.0,111,252,2,2,0
393,2024-09-17 01:30:05,53,M,3,graduate,divorced,7,state,5202.0,116,344,3,1,1
394,2025-03-05 13:11:11,51,M,1,college,single,1,state,4170.0,38,96,1,1,1
395,2025-06-01 13:07:02,50,M,3,high,divorced,5,private,1981.0,49,183,3,1,0
396,2025-09-22 10:19:37,44,F,5,graduate,single,0,state,2760.0,84,96,4,1,1
397,2024-01-25 16:37:49,43,M,4,high,married,6,private,1500.0,56,431,1,1,0
398,2024-05-15 09:32:07,38,F,5,high,single,9,self_employed,4078.0,86,164,3,3,0
399,2024-07-15 18:30:39,18,M,2,high,married,8,private,2498.0,32,322,2,2,1
400,2024-08-06 12:52:14,32,M,3,high,single,7,state,3816.0,115,158,1,2,1
401,2025-12-21 13:26:53,45,M,3,college,single,6,self_employed,8954.0,84,362,1,1,0
402,2025-07-13 12:07:57,48,F,2,college,single,6,private,6359.0,11,409,3,1,0
403,2024-08-13 21:42:35,39,F,2,college,married,1,private,2784.0,30,68,3,1,1
404,2025-12-02 10:23:56,44,M,4,high,married,8,self_employed,2558.0,75,375,3,1,1
405,2024-12-22 11:51:30,18,M,4,high,married,7,private,5725.0,36,348,1,2,0
406,2024-12-23 12:59:08,35,M,3,high,married,1,private,2561.0,49,84,1,2,0
407,2024-11-04 14:24:13,37,F,2,middle,single,6,private,5151.0,78,169,1,3,0
408,2024-04-07 01:05:03,51,M,3,graduate,single,4,private,9486.0,42,433,4,3,0
409,2025-11-05 02:12:21,29,F,1,college,single,5,state,4612.0,109,249,4,1,0
410,2024-01-03 04:09:49,26,M,2,college,married,8,self_employed,5510.0,75,93,3,3,1
411,2024-04-29 05:21:35,31,M,3,college,married,3,self_employed,5291.0,51,339,1,1,0
412,2024-06-08 15:34:25,24,F,2,high,single,10,state,2996.0,34,404,1,3,1
413,2024-07-14 21:17:32,39,M,5,middle,married,4,self_employed,4030.0,36,245,2,3,0
414,2024-03-29 05:31:30,42,M,3,high,married,5,self_employed,2605.0,5,100,5,2,1
415,2024-01-06 02:41:02,48,F,1,college,married,0,private,5719.0,11,108,1,2,1
416,2025-05-01 16:34:47,54,M,1,high,single,1,state,2490.0,94,219,3,2,0
417,2025-11-30 14:18:34,20,M,4,middle,married,3,private,4653.0,93,268,3,3,0
418,2024-03-21 22:30:19,27,M,2,college,married,10,private,5411.0,11,388,5,3,1
419,2024-07-27 11:17:48,29,M,2,high,married,2,self_employed,3065.0,67,357,2,3,0
420,2024-12-27 14:54:01,27,F,3,college,married,4,self_employed,2829.0,40,164,2,1,0
421,2025-10-31 01:50:29,49,M,2,middle,single,9,self_employed,3431.0,84,361,4,3,0
422,2025-05-13 19:28:40,23,F,3,college,married,3,private,2664.0,72,101,3,3,0
423,2025-07-05 07:36:57,19,F,3,high,married,8,private,3846.0,96,133,1,2,0
424,2025-02-20 05:09:46,50,F,1,college,married,1,private,2641.0,75,405,4,1,1
425,2024-10-23 10:28:01,54,F,4,college,married,1,private,2709.0,24,456,5,3,1
426,2024-05-17 20:04:09,26,F,3,middle,married,0,private,4409.0,80,361,5,2,0
427,2025-09-14 22:47:16,30,F,3,college,single,1,state,4519.0,101,255,1,3,0
428,2025-08-02 00:15:42,37,M,1,college,single,6,state,3285.0,120,451,4,3,0
429,2024-01-11 07:46:30,37,M,3,college,married,0,private,2046.0,85,209,4,2,0
430,2025-05-29 05:55:58,55,F,2,graduate,married,6,private,5485.0,49,339,4,3,0
431,2024-02-23 14:28:46,33,M,3,college,married,6,private,3112.0,62,359,3,2,0
432,2025-06-15 10:59:59,18,F,2,high,single,2,self_employed,7494.0,17,83,4,3,0
433,2025-08-17 22:42:40,34,M,5,high,married,0,private,3476.0,77,482,3,1,0
434,2024-03-28 16:07:54,39,F,2,high,married,1,private,3818.0,17,338,1,3,0
435,2024-11-04 16:48:15,37,M,5,college,married,1,private,3130.0,32,158,1,3,0
436,2024-03-23 08:09:59,37,F,5,graduate,single,5,private,3965.0,62,420,4,2,1
437,2025-02-10 02:47:03,53,M,3,college,single,10,private,12293.0,58,221,3,3,0
438,2025-10-31 02:53:45,48,M,2,high,married,4,self_employed,3222.0,47,87,3,2,1
439,2024-02-21 00:50:04,27,F,3,graduate,married,6,private,5691.0,78,354,5,3,1
440,2024-10-09 05:34:11,31,F,5,college,single,3,private,3758.0,110,111,2,2,1
441,2025-12-03 09:04:17,43,F,3,high,married,1,private,5491.0,111,319,5,1,0
442,2024-07-30 16:37:15,33,F,3,graduate,single,2,private,1852.0,62,355,2,1,0
443,2024-03-29 12:26:12,34,M,1,high,single,5,unemployed,7192.0,67,120,3,3,0
444,2024-12-14 15:59:32,24,F,4,college,single,9,self_employed,4103.0,55,406,2,2,0
445,2024-12-29 02:41:15,27,M,1,high,single,2,private,3315.0,108,256,4,3,0
446,2025-04-20 21:22:51,46,M,1,graduate,married,10,state,4995.0,104,209,1,1,0
447,2024-08-09 00:40:55,50,M,2,high,single,7,private,3829.0,7,95,2,3,1
448,2025-11-20 14:31:10,47,M,3,high,married,3,private,2436.0,96,381,2,3,1
449,2025-01-07 08:19:06,29,F,4,college,married,6,private,1559.0,4,124,4,3,0
450,2024-07-20 02:32:16,23,F,4,college,single,7,self_employed,6899.0,86,125,1,3,0
451,2025-11-24 00:11:00,24,M,2,middle,single,7,self_employed,3368.0,41,169,4,2,0
452,2025-10-29 02:38:37,32,F,3,high,single,9,private,2938.0,64,250,4,1,1
453,2024-12-22 09:22:00,37,M,4,graduate,married,7,self_employed,3019.0,94,446,4,1,1
454,2024-01-11 03:32:17,51,M,3,college,married,0,private,6079.0,29,387,3,2,1
455,2025-03-03 18:19:14,52,F,2,high,married,4,private,3067.0,16,382,4,3,0
456,2025-02-01 07:04:10,18,M,3,high,married,9,private,4562.0,69,139,1,3,0
457,2024-04-10 04:36:42,44,M,3,high,married,2,private,3239.0,101,342,3,2,0
458,2025-03-30 19:14:38,29,F,5,college,married,5,private,2347.0,14,207,4,3,0
459,2025-08-28 18:42:12,25,M,3,college,married,5,unemployed,4991.0,47,263,2,1,0
460,2024-03-10 07:19:21,39,M,1,college,married,6,private,5356.0,65,333,1,1,1
461,2025-06-04 00:36:45,19,F,4,middle,single,9,private,2870.0,28,125,2,1,1
462,2024-04-04 10:44:59,30,M,2,college,single,5,private,3593.0,103,206,3,2,0
463,2025-06-22 15:26:10,38,F,4,middle,married,0,private,3767.0,72,228,1,1,0
464,2024-10-24 22:52:58,28,F,3,college,married,2,private,4255.0,62,444,5,1,0
465,2023-12-28 18:04:23,40,M,2,middle,single,6,private,7259.0,17,486,4,1,0
466,2025-11-28 08:22:59,35,M,3,middle,divorced,8,private,3251.0,9,481,4,3,0
467,2024-04-23 03:48:03,48,M,2,high,single,7,private,3244.0,20,287,5,1,0
468,2025-03-03 02:39:55,24,F,2,high,married,8,private,3424.0,4,339,3,3,0
469,2024-05-04 11:19:24,20,M,3,high,divorced,2,state,2618.0,65,373,4,1,0
470,2025-11-04 02:34:00,38,F,4,college,single,1,unemployed,1993.0,104,402,3,1,0
471,2025-06-14 23:27:48,27,M,4,college,married,10,private,3815.0,91,355,4,3,0
472,2025-08-02 04:24:11,44,F,3,college,married,6,self_employed,4379.0,27,458,1,1,0
473,2024-11-03 10:02:23,21,M,1,college,married,8,self_employed,3644.0,24,222,5,3,1
474,2024-11-29 04:31:32,39,M,3,high,divorced,10,state,3562.0,64,366,3,1,0
475,2025-03-31 00:57:23,55,M,3,college,married,2,self_employed,2658.0,94,325,3,1,0
476,2025-07-18 21:03:20,21,F,2,middle,married,9,state,3977.0,94,398,2,2,0
477,2025-09-02 07:04:54,29,F,4,high,married,4,unemployed,3864.0,63,469,3,3,0
478,2024-01-06 00:30:01,50,M,5,middle,single,6,private,4299.0,31,86,3,1,1
479,2025-04-21 09:35:42,38,M,1,high,single,4,private,4078.0,58,434,2,2,1
480,2024-03-12 16:12:10,24,M,4,college,single,2,self_employed,4179.0,89,421,5,3,1
481,2024-07-21 04:33:51,26,M,3,middle,single,9,unemployed,5777.0,106,442,3,1,1
482,2025-08-20 11:35:21,47,F,2,middle,married,3,private,4448.0,10,173,4,2,1
483,2024-06-23 20:59:26,50,F,3,college,married,0,unemployed,4308.0,93,311,5,3,0
484,2025-07-27 16:14:07,31,F,2,middle,divorced,1,self_employed,1979.0,90,81,4,2,1
485,2024-11-25 23:53:48,36,M,1,college,single,10,self_employed,5264.0,26,77,2,3,0
486,2024-06-10 19:51:56,47,M,5,high,married,9,self_employed,3280.0,8,315,4,3,0
487,2024-08-23 23:57:29,24,F,3,college,married,7,self_employed,3743.0,38,487,1,2,1
488,2025-01-14 11:04:59,25,M,2,college,single,8,state,2332.0,34,152,4,3,1
489,2025-07-04 13:22:42,47,F,3,middle,married,7,self_employed,7566.0,14,406,1,3,0
490,2025-03-10 09:23:49,25,M,5,college,single,10,private,1532.0,31,86,3,1,1
491,2025-11-04 06:04:54,47,M,3,high,married,1,unemployed,6129.0,24,79,2,1,0
492,2025-09-17 10:47:11,36,F,5,high,single,0,self_employed,4225.0,107,324,5,3,0
493,2025-06-25 22:45:13,55,M,4,college,married,7,state,1869.0,11,175,4,1,0
494,2025-03-08 06:26:14,19,F,2,college,married,10,private,7426.0,65,94,4,2,1
495,2024-07-22 14:16:25,53,M,4,high,married,6,private,4358.0,40,462,4,1,1
496,2024-10-20 04:15:14,26,M,3,high,single,10,private,1595.0,102,450,4,1,1
497,2024-03-19 19:01:40,19,M,4,high,single,4,private,3141.0,57,56,1,3,0
498,2024-09-22 03:42:15,45,M,2,college,divorced,7,self_employed,4390.0,70,487,1,1,0
499,2025-10-30 07:47:37,38,M,1,graduate,single,5,self_employed,6632.0,48,58,5,2,0
500,2024-10-29 21:27:14,49,M,2,high,single,9,self_employed,3155.0,97,382,3,3,1
501,2024-03-16 00:31:44,22,F,3,graduate,divorced,7,private,1500.0,81,403,4,2,1
502,2025-04-12 21:49:53,21,F,4,high,married,4,unemployed,6067.0,67,179,2,1,1
503,2025-11-25 17:00:45,39,M,4,college,married,2,self_employed,4335.0,48,111,5,2,0
504,2025-09-17 06:26:09,51,M,3,graduate,single,3,self_employed,1667.0,54,303,1,1,0
505,2024-07-11 01:49:10,33,M,1,college,married,0,private,4105.0,31,449,3,2,0
506,2024-11-19 08:16:24,48,F,1,middle,married,1,self_employed,4260.0,79,64,4,2,0
507,2025-01-14 15:24:33,52,F,4,high,single,5,private,3250.0,36,433,3,2,1
508,2024-06-21 22:08:56,51,M,3,middle,single,0,private,2726.0,35,330,5,3,0
509,2024-07-07 03:29:00,37,M,4,college,single,5,state,2941.0,56,495,1,3,1
510,2024-06-13 18:19:28,44,M,2,graduate,married,0,self_employed,3249.0,111,168,4,3,0
511,2025-12-19 01:03:51,37,M,3,high,single,1,private,4122.0,53,340,5,2,1
512,2025-06-20 14:10:12,43,M,5,high,married,7,unemployed,4798.0,109,255,1,3,1
513,2025-08-28 19:48:13,39,F,2,high,single,0,self_employed,1717.0,64,336,4,1,0
514,2025-08-11 02:17:05,37,M,1,college,single,3,state,3982.0,9,130,1,1,1
515,2025-11-23 04:11:36,34,M,3,college,divorced,2,private,4319.0,71,274,4,2,0
516,2024-03-09 20:28:19,42,M,3,high,divorced,0,private,3863.0,111,494,2,3,0
517,2025-09-27 14:12:01,46,F,5,college,married,2,state,3160.0,106,430,5,2,0
518,2024-02-10 14:06:40,52,M,5,middle,married,1,self_employed,5985.0,22,143,2,2,0
519,2024-12-05 01:22:34,41,M,4,college,single,0,state,5829.0,33,76,2,3,1
520,2025-03-01 22:28:40,21,M,1,high,married,7,private,3203.0,82,238,1,3,0
521,2024-09-10 05:43:34,40,F,3,middle,single,1,private,3537.0,53,153,4,1,0
522,2024-04-08 16:57:18,29,M,4,college,married,10,private,4770.0,99,164,1,2,1
523,2024-05-12 09:07:09,19,F,3,college,married,5,state,5704.0,63,132,4,3,1
524,2025-08-17 00:06:59,20,M,5,high,married,4,private,2737.0,29,294,2,2,1
525,2024-08-12 16:02:33,40,M,3,college,single,9,private,2525.0,40,92,5,3,0
526,2024-08-06 13:03:48,53,F,1,college,single,8,state,4008.0,14,458,1,3,0
527,2025-10-28 01:17:59,37,F,3,high,divorced,4,self_employed,2457.0,35,63,4,1,0
528,2024-04-07 00:38:10,34,M,4,graduate,married,10,private,1843.0,91,123,1,3,1
529,2025-10-22 03:28:35,21,F,1,graduate,single,5,private,2732.0,27,303,1,2,0
530,2025-10-26 07:24:09,43,M,2,middle,single,7,state,4213.0,54,113,5,1,1
531,2025-03-04 22:45:53,20,M,4,graduate,single,10,unemployed,6271.0,22,277,5,2,1
532,2024-04-22 20:06:56,49,F,2,college,single,7,private,2841.0,59,83,5,1,0
533,2024-04-15 18:40:56,49,F,2,middle,single,6,private,3486.0,116,442,1,3,0
534,2024-07-18 20:17:45,55,M,4,college,married,6,state,3845.0,92,315,5,2,0
535,2025-02-17 12:19:19,28,F,4,middle,married,7,private,2902.0,92,186,3,1,0
536,2024-04-14 03:18:24,24,M,3,college,married,10,self_employed,2823.0,31,321,2,1,1
537,2024-11-20 15:07:36,29,M,5,graduate,single,7,self_employed,4094.0,37,293,2,2,0
538,2024-03-17 07:23:09,48,F,5,high,single,3,private,2394.0,12,420,1,1,1
539,2025-01-21 09:46:40,26,M,3,college,single,0,self_employed,2783.0,111,377,4,2,0
540,2024-01-08 10:30:47,51,F,2,high,married,8,state,3392.0,115,427,3,1,1
541,2025-05-24 14:18:49,23,F,4,college,married,5,private,4076.0,41,439,1,2,0
542,2024-02-02 10:31:39,19,F,2,college,single,4,private,2142.0,84,95,4,2,0
543,2024-05-14 05:16:42,26,M,4,high,married,10,state,3478.0,26,396,3,3,1
544,2024-04-29 11:43:06,46,F,3,college,married,1,self_employed,2317.0,79,460,4,2,0
545,2025-08-21 15:00:59,40,F,3,high,married,0,private,2866.0,12,139,1,3,1
546,2024-01-31 23:15:05,31,F,3,college,married,8,private,4798.0,40,424,5,1,1
547,2024-11-01 08:37:45,42,M,3,college,divorced,10,unemployed,3548.0,48,325,2,1,0
548,2025-02-27 12:50:22,42,M,5,college,single,9,private,6530.0,120,341,3,2,0
549,2025-01-03 16:14:31,39,M,2,high,married,9,private,3550.0,57,371,1,3,0
550,2025-05-03 22:07:06,37,M,5,college,married,9,private,5109.0,27,206,5,2,0
551,2025-08-01 06:20:06,21,M,1,college,married,7,self_employed,4809.0,6,454,3,3,0
552,2024-10-06 08:24:20,27,F,4,college,single,10,self_employed,3624.0,22,386,4,3,0
553,2025-08-19 14:22:37,38,F,5,college,married,3,private,2297.0,30,247,4,1,1
554,2024-08-12 03:12:14,23,M,3,college,single,8,private,3509.0,39,329,1,1,1
555,2025-12-11 15:05:09,36,M,1,high,married,1,state,3022.0,17,480,4,2,0
556,2024-12-26 07:17:58,22,F,4,middle,married,5,self_employed,2981.0,89,209,2,3,1
557,2025-06-13 06:57:13,47,M,4,graduate,single,3,private,3845.0,47,452,3,3,0
558,2025-09-22 18:05:11,21,F,2,middle,divorced,10,private,2192.0,29,55,3,3,0
559,2025-07-24 15:14:59,21,M,3,graduate,married,4,state,2682.0,64,407,4,1,0
560,2025-09-05 07:49:33,42,M,4,college,married,2,private,2555.0,38,317,2,2,0
561,2025-01-18 15:43:04,26,M,2,graduate,divorced,6,private,3331.0,83,370,5,3,0
562,2024-01-24 17:40:59,31,F,3,college,married,0,unemployed,2783.0,64,309,3,3,1
563,2024-12-17 22:49:24,29,M,3,college,single,1,self_employed,2847.0,112,265,4,1,0
564,2024-05-04 11:51:07,26,F,2,college,married,4,private,3818.0,78,119,4,1,1
565,2025-10-03 01:19:21,46,M,4,college,married,6,self_employed,3115.0,45,159,3,3,0
566,2024-06-13 19:46:12,44,M,2,high,married,6,state,3647.0,18,458,3,2,0
567,2024-06-07 11:47:00,27,F,5,middle,married,0,unemployed,2464.0,13,233,4,1,0
568,2024-06-23 01:16:13,44,M,3,high,married,7,unemployed,2725.0,79,121,5,1,0
569,2025-04-06 01:45:39,45,M,3,graduate,single,0,state,7437.0,4,108,2,1,0
570,2025-02-12 23:59:45,38,M,3,high,married,8,private,2852.0,46,179,2,2,0
571,2025-11-15 15:41:31,39,F,3,college,married,0,private,1742.0,3,380,5,2,1
572,2024-10-22 20:55:03,53,M,4,college,single,0,state,4104.0,42,217,5,3,0
573,2024-07-17 01:30:48,35,M,4,high,single,5,private,2842.0,107,244,2,2,1
574,2024-01-28 22:55:55,32,F,4,graduate,single,8,state,3965.0,10,358,2,1,0
575,2023-12-29 03:58:11,38,F,3,middle,married,8,private,3529.0,117,323,4,2,0
576,2024-09-21 17:43:10,49,F,2,college,single,6,self_employed,4414.0,117,86,5,2,0
577,2025-10-29 20:19:14,44,F,1,high,single,1,unemployed,3516.0,104,226,5,1,0
578,2025-01-09 08:09:05,20,F,4,middle,single,10,private,3363.0,84,366,2,3,0
579,2025-10-06 06:57:15,35,M,3,high,married,0,state,5441.0,22,369,2,3,0
580,2024-03-07 05:17:30,46,M,3,college,single,3,self_employed,1675.0,12,236,3,2,1
581,2024-03-01 02:59:02,26,F,3,middle,single,8,state,2289.0,111,146,1,3,0
582,2025-08-23 10:11:37,55,F,3,college,married,6,unemployed,2728.0,44,132,5,2,0
583,2024-03-10 22:07:13,48,F,4,college,single,8,state,2013.0,54,90,2,3,0
584,2024-01-30 22:22:18,50,F,3,middle,single,8,private,3079.0,10,100,2,2,1
585,2024-10-13 23:42:14,21,M,5,high,married,10,private,2974.0,8,487,5,1,0
586,2025-10-29 03:13:46,40,M,2,middle,single,5,private,5121.0,65,235,5,2,0
587,2025-05-10 05:59:48,38,F,3,college,single,9,private,3530.0,49,194,5,2,1
588,2024-03-05 08:27:44,41,M,1,college,single,1,self_employed,3379.0,85,251,3,1,1
589,2025-08-26 02:32:09,50,F,4,middle,single,1,state,3188.0,101,283,4,3,0
590,2025-08-30 19:25:59,31,F,3,college,married,0,private,2519.0,7,111,3,2,0
591,2025-07-30 12:12:12,38,M,3,high,divorced,2,private,4973.0,117,457,1,2,0
592,2025-10-12 22:28:59,43,F,4,college,single,1,private,5561.0,111,267,4,2,1
593,2024-06-16 02:39:46,46,F,3,middle,married,9,private,2382.0,69,303,1,3,1
594,2025-12-08 02:04:41,47,F,2,middle,married,5,state,6419.0,45,276,1,1,0
595,2024-08-14 02:35:57,30,M,3,high,married,4,private,2879.0,20,472,2,1,0
596,2025-07-31 11:29:36,55,F,1,college,married,7,self_employed,2798.0,29,492,4,2,0
597,2025-02-18 22:28:01,18,M,4,college,married,3,unemployed,4296.0,85,106,4,3,1
598,2025-07-15 00:26:47,36,M,4,high,married,6,state,4432.0,16,371,1,2,1
599,2025-03-26 07:23:46,41,M,4,high,married,0,self_employed,3551.0,116,123,4,2,0
600,2025-04-06 00:18:25,20,F,4,college,single,7,unemployed,3225.0,18,55,4,2,0
601,2025-03-17 21:17:50,35,F,4,middle,married,9,private,5488.0,91,298,3,2,1
602,2025-07-14 16:00:58,40,M,3,college,married,0,private,2927.0,102,265,4,2,1
603,2025-06-15 12:01:57,41,F,1,high,married,0,private,3554.0,36,271,3,3,0
604,2024-03-31 05:21:16,22,M,3,high,married,1,private,6587.0,58,59,1,2,1
605,2025-08-18 00:28:53,28,F,5,college,single,6,private,2280.0,70,340,1,2,0
606,2025-01-18 07:54:43,27,M,5,high,single,8,state,3101.0,96,280,1,3,0
607,2024-08-15 20:25:17,42,F,4,college,married,9,private,5212.0,7,76,3,3,0
608,2025-01-02 09:11:04,30,M,2,middle,married,8,private,4380.0,28,202,4,2,1
609,2025-11-28 21:33:01,39,F,2,high,married,6,private,4979.0,18,110,1,2,0
610,2025-09-10 00:39:50,45,M,4,college,single,7,private,2292.0,39,457,1,2,0
611,2025-08-23 14:23:52,48,F,2,middle,single,3,state,4074.0,81,384,4,2,0
612,2024-11-25 20:14:41,24,F,3,college,single,8,private,3295.0,50,272,4,2,0
613,2025-07-18 10:05:42,52,M,3,college,single,2,private,8065.0,60,89,5,1,0
614,2024-09-30 02:46:04,24,M,2,graduate,married,10,private,4833.0,55,433,5,2,0
615,2025-05-07 21:37:09,18,F,4,high,married,0,self_employed,3613.0,1,210,5,1,0
616,2025-04-03 21:08:54,19,F,5,high,married,10,private,4024.0,12,313,1,3,1
617,2024-06-23 08:28:23,25,M,4,high,married,5,self_employed,3711.0,28,374,2,2,0
618,2024-07-05 12:26:14,51,M,3,college,single,7,self_employed,4650.0,6,228,3,3,0
619,2024-02-06 15:03:09,25,M,3,high,married,1,private,2698.0,99,488,4,1,0
620,2024-04-04 00:44:33,44,F,5,high,married,3,private,5871.0,120,153,5,1,1
621,2024-11-04 12:59:55,33,F,3,college,married,9,state,2290.0,59,204,5,2,0
622,2024-12-06 20:24:35,19,M,3,middle,married,0,private,3912.0,80,132,5,2,1
623,2024-04-22 12:54:54,34,F,4,college,single,2,self_employed,2728.0,7,204,1,2,1
624,2024-10-23 07:54:06,19,F,2,high,single,6,self_employed,3696.0,7,408,1,1,0
625,2025-03-09 01:11:24,36,F,1,college,divorced,8,private,5145.0,73,262,3,1,1
626,2024-06-10 18:37:31,39,M,4,college,married,4,private,2000.0,93,448,5,3,1
627,2024-08-26 21:54:37,37,M,3,high,married,0,self_employed,3431.0,112,451,2,3,1
628,2024-09-17 06:48:24,28,M,2,college,single,1,state,2200.0,44,196,2,3,1
629,2024-12-26 16:32:38,47,M,2,college,married,9,private,3302.0,51,408,2,2,0
630,2024-09-16 11:11:44,40,M,5,middle,single,2,self_employed,2198.0,96,273,4,2,1
631,2025-06-13 23:16:10,27,M,3,college,married,6,private,3853.0,17,240,4,2,1
632,2024-08-19 01:43:20,34,M,3,college,single,10,self_employed,3136.0,114,179,2,2,1
633,2024-11-04 17:52:16,22,F,1,graduate,married,4,self_employed,4729.0,36,80,1,1,1
634,2024-09-26 00:12:38,53,M,5,college,single,0,private,5597.0,4,255,2,1,0
635,2024-05-05 12:41:05,46,F,4,high,single,8,private,3655.0,95,351,2,1,1
636,2025-05-07 14:13:24,28,M,3,high,single,8,private,4978.0,116,442,3,1,0
637,2024-06-12 21:01:00,43,F,2,high,married,7,self_employed,5907.0,58,235,2,2,1
638,2025-07-24 17:00:51,43,M,4,middle,married,9,private,2637.0,20,112,1,2,1
639,2025-11-15 15:59:27,41,F,4,high,divorced,8,private,6016.0,19,261,5,3,1
640,2025-04-26 17:10:19,20,F,4,high,married,7,self_employed,3594.0,36,181,3,3,1
641,2025-10-22 22:25:02,51,M,5,middle,married,3,private,2585.0,65,464,2,1,1
642,2025-09-07 13:25:11,54,F,3,college,married,0,private,4042.0,76,363,2,2,0
643,2024-12-09 01:33:02,55,M,2,middle,single,7,self_employed,3550.0,84,458,4,2,1
644,2025-07-08 07:29:02,55,F,3,college,married,9,state,2225.0,86,190,5,3,0
645,2024-08-19 16:53:17,53,M,4,college,married,7,state,2477.0,29,250,3,2,0
646,2024-11-24 03:54:30,46,M,2,college,married,7,private,6458.0,21,86,3,2,0
647,2025-01-17 20:49:03,20,M,2,high,single,7,state,4014.0,115,110,2,3,0
648,2025-11-24 03:50:15,35,F,4,college,single,3,state,6116.0,17,218,4,1,1
649,2025-09-03 10:46:47,27,M,3,college,single,1,private,3147.0,62,229,4,1,0
650,2024-12-15 03:42:43,26,F,4,college,married,6,unemployed,2750.0,35,355,1,2,0
651,2025-04-13 09:19:48,49,M,2,high,married,10,private,2020.0,88,147,3,1,1
652,2024-05-19 17:17:09,48,M,2,middle,married,1,private,5109.0,40,493,5,1,0
653,2025-08-02 04:56:41,37,M,2,college,married,0,self_employed,4204.0,13,401,2,3,0
654,2025-01-30 17:13:30,45,F,4,high,married,7,private,3157.0,39,452,3,1,0
655,2025-01-15 21:17:39,22,F,4,college,single,4,unemployed,2759.0,13,188,4,1,0
656,2025-07-05 09:17:14,26,M,3,college,single,9,private,5401.0,21,303,1,1,1
657,2025-03-30 00:43:00,50,F,3,college,married,5,private,3422.0,57,283,3,3,1
658,2024-02-14 21:37:23,35,M,2,graduate,single,5,private,3435.0,117,400,4,2,1
659,2024-07-21 08:29:10,38,M,4,college,single,0,private,2951.0,25,432,3,1,0
660,2024-05-01 00:06:58,35,M,5,graduate,married,10,unemployed,3157.0,96,307,2,1,0
661,2025-06-12 11:19:41,25,M,4,college,single,3,unemployed,4414.0,63,489,5,1,1
662,2024-01-18 15:46:42,49,M,2,high,married,4,state,2218.0,118,272,2,3,1
663,2024-05-19 18:07:42,46,F,3,college,married,6,private,3745.0,63,173,3,2,0
664,2025-03-04 03:14:13,43,M,2,college,divorced,9,private,5087.0,13,126,2,3,0
665,2025-05-14 04:51:47,31,F,1,graduate,divorced,8,private,3535.0,50,220,5,2,0
666,2024-12-25 09:54:06,42,F,2,high,single,8,private,5266.0,10,181,3,3,0
667,2025-09-12 07:47:53,54,F,1,high,single,1,private,5821.0,27,140,2,1,0
668,2025-10-24 19:49:49,42,F,2,college,married,0,private,4995.0,65,253,2,2,1
669,2024-03-29 10:26:30,36,F,4,middle,single,9,private,3017.0,109,167,3,2,0
670,2025-11-18 07:59:39,28,M,2,college,divorced,10,self_employed,3596.0,74,494,4,1,1
671,2025-03-16 11:55:58,37,M,4,college,single,6,private,4109.0,44,187,4,1,0
672,2025-04-01 10:33:34,32,M,5,high,married,10,private,3089.0,77,324,1,3,0
673,2024-03-02 10:04:39,41,F,3,high,married,3,private,3053.0,30,389,1,3,1
674,2025-03-21 23:11:43,19,M,3,college,married,3,self_employed,2989.0,12,476,1,1,0
675,2025-06-05 18:32:16,25,F,4,middle,married,1,self_employed,8868.0,89,359,5,1,1
676,2025-02-19 23:27:38,47,F,1,college,married,8,private,3311.0,102,166,1,2,0
677,2024-02-23 16:19:16,32,M,3,college,single,7,self_employed,5292.0,74,300,1,1,1
678,2025-01-08 22:56:41,34,F,3,college,married,2,self_employed,2686.0,59,81,3,1,0
679,2025-11-06 05:39:56,38,M,4,high,married,10,private,6605.0,55,171,1,1,0
680,2025-06-04 02:15:26,34,M,4,middle,married,0,private,3189.0,45,491,1,2,0
681,2024-04-02 07:23:12,46,F,4,college,married,8,unemployed,3709.0,117,52,1,2,0
682,2025-11-23 18:07:21,27,M,4,middle,single,2,private,1917.0,61,198,1,2,0
683,2025-11-22 23:34:54,46,M,3,high,single,8,private,5382.0,105,74,3,3,0
684,2024-04-25 15:48:34,25,M,4,graduate,divorced,5,state,5806.0,5,291,2,2,1
685,2025-07-30 15:29:26,32,M,4,high,single,2,private,2403.0,43,388,2,2,0
686,2024-10-15 21:41:01,40,F,3,high,married,0,self_employed,5493.0,26,82,5,3,0
687,2025-03-01 09:18:31,51,F,5,graduate,married,6,self_employed,2280.0,14,108,5,1,0
688,2024-11-12 23:39:50,26,M,4,middle,married,1,self_employed,4542.0,120,438,1,1,1
689,2025-07-17 07:34:27,40,M,3,high,single,4,state,3292.0,7,175,5,3,0
690,2025-12-20 13:28:50,20,M,1,high,single,10,self_employed,5812.0,67,50,1,1,1
691,2025-07-26 10:24:43,20,F,2,college,married,9,private,3973.0,27,94,3,3,0
692,2025-11-02 21:37:38,47,F,4,college,married,5,self_employed,5044.0,10,458,3,2,0
693,2025-11-13 14:23:38,45,M,1,college,married,8,private,5615.0,118,466,4,1,0
694,2024-02-27 18:38:49,32,M,3,graduate,single,9,private,3288.0,36,124,3,3,1
695,2024-06-25 23:16:34,41,F,3,middle,single,6,unemployed,3604.0,43,176,4,2,0
696,2025-06-02 22:55:37,32,F,4,college,married,2,unemployed,2468.0,23,132,1,1,0
697,2025-02-26 18:07:46,28,M,4,middle,married,8,state,3278.0,83,271,3,1,1
698,2024-01-29 14:33:39,34,F,4,graduate,married,0,private,7147.0,111,422,5,3,0
699,2024-03-02 09:15:42,29,M,3,graduate,divorced,5,private,4743.0,41,392,3,2,1
700,2025-01-06 23:59:25,48,M,2,high,married,8,self_employed,2526.0,97,224,4,1,0
701,2025-03-17 19:13:23,33,F,3,college,married,6,private,6445.0,50,363,1,2,1
702,2024-04-24 10:26:34,30,M,2,college,married,3,private,4172.0,66,165,3,1,1
703,2024-04-27 01:01:25,38,M,3,middle,married,4,private,4869.0,97,460,1,2,0
704,2024-03-27 10:02:26,46,F,5,college,married,5,self_employed,4323.0,115,318,3,2,1
705,2025-02-08 09:56:04,28,F,3,graduate,single,8,unemployed,4217.0,74,463,2,3,1
706,2023-12-29 17:35:44,53,M,3,high,married,10,unemployed,1809.0,45,164,4,1,1
707,2025-02-13 20:58:57,35,F,4,middle,married,8,self_employed,5364.0,57,478,4,3,0
708,2024-12-05 10:16:12,43,F,4,graduate,married,3,private,1654.0,104,179,1,2,1
709,2024-11-28 04:03:35,54,F,3,high,single,1,private,5196.0,43,358,2,3,0
710,2025-05-02 20:55:12,34,F,3,high,married,5,private,3770.0,57,70,5,1,1
711,2025-01-08 12:30:31,25,F,2,college,married,9,private,4878.0,94,153,1,1,0
712,2025-06-07 06:09:29,46,M,3,college,married,6,self_employed,3849.0,102,293,1,2,1
713,2025-07-03 15:56:16,18,M,2,high,single,3,private,5246.0,54,277,5,3,1
714,2025-10-25 16:27:46,35,F,3,middle,single,0,self_employed,3662.0,109,108,3,1,1
715,2025-07-29 10:46:02,55,F,4,college,married,2,private,4017.0,104,54,4,1,1
716,2025-01-04 22:12:44,33,M,1,high,divorced,7,private,4195.0,56,427,2,1,1
717,2024-12-17 06:31:27,43,M,3,college,single,7,self_employed,7027.0,34,160,3,1,1
718,2024-06-13 01:36:52,37,F,2,college,single,4,state,4492.0,22,388,4,2,0
719,2025-03-05 16:52:37,26,M,2,middle,married,3,private,2296.0,15,128,2,2,0
720,2024-04-03 13:39:10,30,M,1,college,single,1,self_employed,2989.0,24,178,5,3,1
721,2025-11-02 19:15:31,37,F,2,college,single,10,state,4489.0,9,57,5,1,0
722,2025-08-31 21:10:31,21,F,5,graduate,married,4,private,5658.0,35,290,4,3,1
723,2024-03-20 09:43:56,33,F,5,high,married,8,private,2828.0,119,283,2,3,0
724,2025-07-19 17:56:49,33,F,4,high,single,5,unemployed,7974.0,27,310,2,2,0
725,2024-03-18 11:39:16,49,M,3,college,single,6,private,3872.0,47,387,1,1,0
726,2025-06-02 11:51:55,22,F,4,graduate,divorced,7,private,4218.0,47,350,4,3,1
727,2024-02-26 00:39:42,50,M,4,graduate,married,3,private,2347.0,63,141,5,3,0
728,2024-12-14 09:08:55,33,M,3,high,married,10,state,5380.0,61,238,5,1,0
729,2025-04-17 05:45:53,42,F,1,college,single,5,unemployed,3115.0,70,84,5,3,0
730,2025-06-08 00:45:57,39,F,4,high,married,8,private,2804.0,11,344,1,3,0
731,2024-10-24 14:01:02,29,F,5,college,married,10,self_employed,3258.0,39,228,4,1,0
732,2025-10-26 18:50:35,53,M,2,college,single,4,self_employed,5907.0,110,126,2,3,0
733,2025-07-11 06:06:40,26,F,3,college,married,2,private,4286.0,118,445,1,1,1
734,2024-05-24 00:47:54,19,F,2,high,married,10,self_employed,2667.0,1,262,3,2,1
735,2025-04-26 23:58:27,46,F,3,graduate,single,8,unemployed,3024.0,76,73,4,3,1
736,2025-06-09 06:57:57,41,F,4,middle,married,8,unemployed,5963.0,17,92,4,1,1
737,2024-08-23 13:20:00,51,M,3,high,single,10,state,3352.0,65,181,3,3,0
738,2025-06-14 21:48:45,35,F,5,college,married,0,private,4430.0,2,474,1,3,1
739,2025-10-09 19:22:54,18,F,4,college,divorced,10,private,4826.0,91,94,1,2,1
740,2025-08-11 11:50:32,18,F,1,college,single,1,private,1500.0,119,231,1,2,1
741,2025-07-02 15:33:47,34,F,4,college,single,1,state,5668.0,15,229,4,2,1
742,2025-03-31 04:23:42,27,F,4,middle,single,2,private,2702.0,50,328,3,1,1
743,2024-07-08 11:46:19,53,M,3,high,divorced,1,self_employed,3209.0,24,320,2,3,1
744,2025-07-26 12:18:21,22,M,3,college,single,0,self_employed,6240.0,24,270,4,3,1
745,2024-09-14 20:38:38,51,F,4,college,single,1,private,6042.0,96,413,2,2,0
746,2025-01-15 12:05:17,26,F,3,college,married,5,unemployed,4326.0,15,62,2,2,0
747,2024-08-09 12:59:18,22,F,2,high,married,4,private,4698.0,15,227,5,3,1
748,2024-08-08 12:03:32,28,M,2,middle,married,3,private,5127.0,45,78,3,2,1
749,2024-04-17 01:21:21,23,M,2,college,divorced,1,self_employed,6006.0,38,185,4,3,1
750,2025-11-24 17:56:07,33,F,4,high,single,10,private,6280.0,118,169,5,2,0
751,2024-04-09 21:09:52,30,F,2,college,married,3,private,3781.0,48,448,2,1,0
752,2024-02-24 23:15:15,38,M,3,high,married,5,unemployed,2813.0,66,354,1,3,1
753,2025-11-06 08:57:11,38,F,3,high,single,1,unemployed,3330.0,13,158,4,2,0
754,2025-02-01 03:49:50,18,M,4,high,married,2,self_employed,3807.0,43,339,2,2,0
755,2024-11-07 16:04:43,22,M,3,middle,married,2,private,3574.0,25,425,5,2,0
756,2025-06-14 08:50:54,24,M,5,college,single,10,private,2555.0,44,134,2,3,0
757,2024-09-28 19:45:47,25,M,5,high,single,1,private,4242.0,37,304,4,2,0
758,2024-03-26 09:11:12,21,M,2,high,single,5,private,2103.0,15,270,4,1,0
759,2025-06-08 16:05:37,29,F,4,graduate,married,5,unemployed,3751.0,67,462,4,1,0
760,2024-04-30 11:30:40,38,F,2,high,single,0,private,3837.0,63,215,4,2,1
761,2025-01-30 16:26:18,29,F,4,college,married,3,self_employed,3791.0,63,356,1,2,0
762,2025-11-15 19:38:19,30,M,3,high,single,0,private,4905.0,51,306,5,2,1
763,2025-11-06 09:10:21,35,M,2,high,divorced,1,state,4682.0,63,195,2,3,0
764,2024-09-12 08:55:04,38,M,2,middle,married,7,private,7926.0,88,200,3,1,1
765,2025-07-15 14:52:55,30,F,3,college,single,6,private,3038.0,32,438,2,2,0
766,2025-03-15 06:04:47,26,M,4,high,single,5,private,4015.0,24,454,2,1,0
767,2024-12-07 22:33:17,33,F,4,college,married,2,unemployed,3926.0,82,167,2,3,0
768,2024-04-04 03:32:26,18,F,1,graduate,single,6,state,3862.0,17,263,3,1,0
769,2024-09-23 17:49:04,36,F,2,middle,single,9,self_employed,2339.0,43,114,5,1,1
770,2025-04-12 21:36:17,53,M,3,college,married,9,private,2406.0,70,242,2,1,0
771,2025-12-13 05:47:04,33,M,3,middle,married,1,self_employed,3649.0,71,441,5,1,0
772,2023-12-27 13:40:58,22,M,2,high,married,7,self_employed,2097.0,90,367,4,3,0
773,2025-05-30 23:09:33,44,M,2,college,married,2,private,3239.0,57,269,4,2,0
774,2025-09-01 19:49:18,22,F,4,middle,married,9,self_employed,2903.0,60,402,5,1,1
775,2025-11-17 08:55:49,25,M,3,graduate,married,5,self_employed,3280.0,6,299,5,1,1
776,2024-10-28 09:02:26,23,F,4,college,single,8,unemployed,5412.0,95,247,3,3,0
777,2024-03-19 11:44:40,51,M,3,high,married,5,unemployed,2496.0,29,57,2,2,0
778,2024-07-08 19:20:42,55,F,3,middle,married,7,private,4937.0,101,99,4,3,0
779,2025-09-04 21:21:00,39,F,3,college,married,10,private,2981.0,78,292,2,2,1
780,2025-09-24 21:25:11,41,M,2,high,divorced,1,private,3114.0,110,88,1,3,0
781,2025-04-02 01:32:03,42,F,2,high,married,9,private,4285.0,106,55,2,3,1
782,2024-03-22 14:24:48,41,M,5,high,married,5,private,3308.0,46,197,3,3,1
783,2024-03-22 00:04:04,38,F,4,middle,married,1,private,2664.0,48,300,5,3,0
784,2024-12-07 01:34:31,55,F,4,graduate,single,4,self_employed,3198.0,109,380,4,2,0
785,2025-02-25 10:16:48,45,F,2,high,single,0,state,1955.0,106,485,2,3,1
786,2024-01-16 15:16:24,21,F,1,high,divorced,5,state,4161.0,86,344,4,3,0
787,2025-05-07 20:24:29,32,M,2,college,single,5,unemployed,1500.0,111,489,3,1,0
788,2025-01-24 11:48:56,55,F,5,college,married,4,private,4968.0,75,179,5,3,0
789,2024-01-01 23:32:34,33,F,4,college,married,4,private,4516.0,3,346,4,1,0
790,2024-03-02 20:16:13,25,M,3,graduate,married,6,self_employed,6377.0,67,51,5,1,1
791,2024-11-19 15:39:02,51,M,5,high,married,9,state,7814.0,45,111,4,3,1
792,2025-06-03 11:41:48,41,F,2,high,single,4,private,5052.0,3,339,3,3,1
793,2025-08-17 12:59:57,39,F,3,college,single,0,self_employed,2923.0,67,192,4,2,0
794,2024-11-02 20:24:14,33,M,2,middle,married,6,private,7789.0,68,304,5,3,0
795,2024-07-26 14:41:24,22,F,2,college,single,10,state,2397.0,88,475,2,1,1
796,2025-11-29 20:47:50,32,F,5,middle,married,4,unemployed,1871.0,94,398,4,3,0
797,2024-11-22 17:45:44,34,M,4,graduate,single,1,private,6963.0,39,208,5,1,0
798,2024-08-10 05:37:40,53,M,1,college,single,9,state,4494.0,119,359,3,1,0
799,2024-11-10 21:20:36,29,F,2,college,divorced,4,private,1888.0,54,466,3,1,1
800,2024-01-01 19:50:44,23,F,3,high,married,4,private,2266.0,52,161,1,2,0
801,2024-07-31 09:46:04,34,F,1,graduate,married,3,private,4416.0,22,300,4,3,1
802,2025-01-03 08:30:50,55,M,3,college,single,8,state,2685.0,119,380,5,3,0
803,2025-10-24 11:06:07,36,F,3,college,divorced,1,state,2824.0,48,347,4,1,0
804,2025-06-14 21:43:14,32,F,2,college,married,6,unemployed,7246.0,21,269,5,3,0
805,2025-07-16 08:16:17,43,F,2,middle,divorced,3,state,7722.0,102,245,1,1,0
806,2025-01-24 18:40:40,42,M,2,middle,single,4,private,3833.0,115,309,3,2,1
807,2024-03-13 17:30:32,29,F,5,high,single,2,self_employed,3454.0,26,273,4,1,0
808,2024-10-04 09:01:54,54,M,3,college,married,8,private,4993.0,71,211,2,2,1
809,2025-12-20 20:02:49,40,M,3,college,married,4,self_employed,2991.0,109,444,5,1,1
810,2024-01-25 05:52:33,20,F,2,high,single,10,private,1668.0,80,406,1,1,0
811,2025-09-25 19:35:03,33,F,4,graduate,single,9,self_employed,1500.0,53,339,5,1,0
812,2025-05-06 16:21:50,53,M,1,middle,married,8,unemployed,3548.0,69,138,1,3,1
813,2024-07-18 06:04:32,32,F,1,college,divorced,4,private,4958.0,13,281,1,3,1
814,2025-07-13 22:21:41,39,M,4,high,married,10,state,3661.0,118,142,5,1,0
815,2025-08-25 22:25:41,41,M,4,high,married,6,state,4834.0,62,123,5,2,1
816,2024-01-24 13:11:54,44,M,2,middle,married,4,private,5006.0,6,157,3,3,0
817,2024-03-10 16:28:12,51,M,2,college,married,3,private,5914.0,41,121,2,3,1
818,2025-04-22 23:55:59,23,F,5,college,married,10,self_employed,3886.0,50,406,3,2,1
819,2025-12-22 08:18:53,37,F,1,high,single,2,private,4010.0,120,281,2,3,0
820,2024-01-10 11:53:37,38,F,2,college,married,9,private,3594.0,106,378,2,1,0
821,2025-04-22 22:47:47,23,M,3,college,married,2,self_employed,3326.0,37,490,1,3,1
822,2024-04-01 15:54:37,43,M,2,high,married,8,state,2100.0,21,171,4,1,1
823,2025-04-11 14:11:24,22,M,3,college,single,3,private,5487.0,6,137,1,2,0
824,2025-03-23 00:28:35,35,F,4,high,married,9,unemployed,3183.0,69,114,4,2,0
825,2024-02-28 00:31:17,30,M,3,college,married,9,self_employed,3120.0,54,58,2,1,0
826,2025-05-03 22:21:22,23,M,3,college,single,8,unemployed,3012.0,63,62,5,2,0
827,2025-10-08 20:01:30,49,F,3,middle,married,10,state,2278.0,33,318,4,3,0
828,2025-09-14 07:31:58,27,F,4,college,single,5,private,3534.0,97,358,3,3,0
829,2024-01-14 04:04:16,27,M,1,high,single,9,private,4362.0,62,181,3,1,0
830,2024-06-20 12:27:28,50,M,2,graduate,single,6,unemployed,2845.0,111,293,2,2,0
831,2024-06-16 19:18:27,51,F,4,college,married,0,self_employed,5235.0,29,143,1,3,1
832,2024-11-18 21:40:53,19,M,2,middle,single,4,self_employed,3200.0,32,366,1,2,0
833,2024-04-06 09:44:35,28,M,1,college,married,0,state,2129.0,71,370,3,1,1
834,2025-09-07 16:09:11,44,F,2,middle,married,7,private,5889.0,84,369,5,1,0
835,2025-07-13 00:58:27,47,M,4,college,married,1,self_employed,3903.0,36,280,4,2,1
836,2025-08-05 02:17:15,55,M,2,graduate,married,3,private,4925.0,66,430,5,1,1
837,2024-05-16 16:32:17,39,M,4,college,divorced,9,state,4966.0,62,87,4,2,0
838,2024-01-03 15:18:42,18,M,4,college,single,8,self_employed,2615.0,80,237,2,1,1
839,2025-10-18 18:22:54,51,M,3,college,single,3,self_employed,3033.0,77,78,5,1,0
840,2024-07-21 21:40:31,24,M,2,high,single,5,private,5229.0,25,423,2,2,0
841,2025-04-16 01:50:00,22,F,4,middle,married,6,self_employed,6921.0,14,83,2,1,0
842,2025-10-17 21:19:41,43,M,2,graduate,single,3,private,3722.0,33,246,4,3,0
843,2024-01-19 09:34:14,40,F,5,high,married,8,private,2923.0,16,133,1,1,0
844,2023-12-27 23:53:36,20,F,4,high,married,1,private,6560.0,66,369,4,1,1
845,2023-12-27 23:07:50,24,M,1,high,married,4,private,2924.0,62,231,2,1,0
846,2024-04-16 02:49:37,40,M,4,graduate,single,2,private,4085.0,1,298,4,2,1
847,2024-01-30 17:02:48,27,F,3,graduate,single,7,private,3135.0,99,483,4,2,0
848,2025-08-13 14:03:52,43,F,3,high,single,7,private,4001.0,86,465,1,1,0
849,2025-03-10 07:48:32,33,F,3,high,married,8,private,2615.0,56,243,2,2,0
850,2025-12-08 10:25:08,40,M,3,college,married,4,private,3193.0,20,216,5,1,1
851,2025-07-31 01:57:40,36,M,4,high,married,2,self_employed,2923.0,20,184,5,2,1
852,2025-11-26 03:03:07,31,M,4,graduate,married,0,private,4591.0,112,361,3,1,1
853,2024-06-15 03:26:43,31,F,2,graduate,married,9,private,3855.0,29,498,3,3,0
854,2024-07-21 02:14:56,44,F,3,college,single,3,private,4955.0,104,319,4,2,1
855,2025-09-04 01:38:34,37,M,4,middle,single,8,private,2727.0,80,304,4,2,0
856,2024-06-19 18:20:47,40,F,4,college,single,4,state,3385.0,75,500,1,1,1
857,2024-02-03 18:42:12,39,M,3,graduate,single,3,self_employed,4531.0,101,135,2,2,0
858,2025-04-25 11:09:35,25,F,3,high,single,2,private,4917.0,107,84,1,3,0
859,2025-07-30 16:53:12,52,M,4,college,married,8,private,2195.0,33,92,3,1,0
860,2025-11-29 18:47:51,39,F,2,high,single,3,private,4069.0,119,319,1,1,0
861,2025-10-31 06:58:33,45,F,2,graduate,single,3,private,2739.0,16,454,5,2,0
862,2024-03-20 18:26:22,51,F,3,college,single,7,self_employed,5005.0,93,154,2,2,0
863,2025-07-09 15:20:20,53,M,2,middle,single,5,state,6983.0,47,376,5,2,0
864,2025-09-01 16:09:39,43,F,1,high,single,8,self_employed,1500.0,76,448,5,3,0
865,2025-05-16 15:04:34,47,F,1,middle,single,1,self_employed,2894.0,101,463,2,1,1
866,2025-08-13 10:53:26,35,M,4,high,single,10,state,3993.0,54,408,4,1,1
867,2025-08-26 17:24:48,46,M,5,graduate,divorced,2,private,3636.0,10,215,1,2,1
868,2024-11-13 23:33:33,30,F,3,high,single,1,self_employed,5059.0,98,348,5,2,0
869,2024-01-22 07:27:02,45,M,2,graduate,single,1,self_employed,3743.0,16,300,4,1,0
870,2024-11-21 00:31:30,21,M,4,middle,married,3,private,3025.0,85,266,4,3,1
871,2024-05-19 07:13:21,52,M,2,college,single,4,state,2548.0,53,369,3,2,1
872,2024-03-16 00:32:21,27,M,5,graduate,married,0,private,2402.0,57,357,1,1,1
873,2024-03-24 04:39:46,42,M,3,college,single,6,private,2807.0,32,414,2,2,1
874,2025-05-16 01:59:31,18,F,2,college,married,6,self_employed,2988.0,61,300,4,1,0
875,2024-12-26 07:22:58,23,M,3,graduate,married,8,private,4164.0,23,347,2,2,1
876,2025-01-21 01:58:26,55,F,2,college,married,0,private,3447.0,28,179,4,3,1
877,2025-06-19 23:41:45,49,M,4,college,single,1,private,2899.0,57,263,5,3,0
878,2025-01-27 05:39:04,26,M,1,middle,married,2,state,2557.0,95,419,5,1,0
879,2025-03-27 21:48:27,22,M,4,high,single,4,self_employed,2847.0,62,397,1,1,0
880,2024-02-24 19:08:55,48,F,4,high,married,6,state,2989.0,106,281,3,1,0
881,2025-09-05 07:49:00,55,F,4,college,single,2,self_employed,2802.0,33,305,1,1,1
882,2024-11-15 14:38:20,24,M,4,college,married,3,private,4608.0,2,165,2,2,1
883,2024-04-15 07:19:53,43,M,2,college,single,5,state,5877.0,37,222,5,1,1
884,2025-08-08 17:30:53,28,M,3,graduate,married,5,private,2412.0,14,349,4,1,1
885,2025-06-12 06:33:41,46,M,4,middle,single,5,private,5387.0,63,102,4,2,0
886,2024-01-31 17:00:51,33,F,3,graduate,single,7,self_employed,4641.0,119,58,4,3,0
887,2024-05-12 22:05:12,22,M,1,middle,married,8,private,3878.0,59,320,1,3,0
888,2024-01-04 11:55:48,30,F,2,high,married,9,unemployed,6213.0,22,374,3,3,1
889,2024-07-08 15:41:35,38,F,2,college,single,10,private,3430.0,71,492,2,3,0
890,2024-03-05 23:39:22,48,M,4,high,single,4,self_employed,4191.0,89,262,1,3,0
891,2025-05-25 05:31:49,18,F,3,college,married,3,private,3802.0,105,105,5,2,1
892,2025-01-08 11:07:51,54,M,4,college,married,3,self_employed,3704.0,58,336,3,1,0
893,2025-12-08 13:11:16,42,F,5,college,married,3,state,4275.0,51,188,2,3,1
894,2025-06-23 01:54:34,51,M,2,high,married,5,private,3701.0,63,120,5,3,1
895,2025-03-14 10:14:38,53,F,4,high,married,6,unemployed,4286.0,26,330,4,2,1
896,2024-12-29 19:10:11,23,M,1,middle,married,0,self_employed,2880.0,14,373,2,2,0
897,2024-02-01 18:50:43,21,M,1,high,single,10,private,2912.0,93,74,5,2,0
898,2024-02-13 05:55:32,47,F,2,middle,married,0,self_employed,2875.0,17,376,4,2,0
899,2025-03-17 21:43:59,25,M,2,high,married,4,private,3205.0,83,308,2,1,0
900,2023-12-27 04:43:23,23,M,3,college,single,4,self_employed,5191.0,70,384,2,3,0
901,2024-01-23 21:58:53,35,F,3,graduate,married,3,private,3097.0,57,334,1,2,0
902,2024-05-31 23:15:29,52,M,2,college,single,2,self_employed,4575.0,46,260,2,3,0
903,2025-09-29 10:13:58,48,F,1,middle,single,5,private,3995.0,119,200,2,2,0
904,2024-11-23 00:27:21,37,F,4,college,married,0,self_employed,3120.0,96,338,2,2,0
905,2025-05-24 23:48:41,25,F,1,high,married,8,unemployed,5757.0,20,139,2,1,0
906,2024-10-19 10:34:14,30,M,4,high,single,7,unemployed,4711.0,117,297,1,2,0
907,2024-04-28 09:11:59,44,M,5,high,married,8,self_employed,3643.0,16,389,4,3,1
908,2024-09-19 22:39:44,23,F,4,graduate,single,8,self_employed,3539.0,98,155,2,2,0
909,2024-02-28 22:57:07,37,M,3,college,married,9,state,3762.0,52,88,1,3,0
910,2025-07-08 06:50:05,18,M,3,high,married,1,private,2132.0,49,60,4,1,1
911,2024-05-05 23:30:07,30,M,3,college,married,9,state,2728.0,61,300,2,3,1
912,2024-09-23 18:07:19,27,M,5,graduate,single,6,state,4281.0,58,236,3,1,1
913,2025-12-08 10:04:34,43,F,5,middle,single,1,private,2092.0,16,345,5,2,1
914,2025-02-28 03:11:45,52,F,3,college,married,10,self_employed,2803.0,19,417,2,2,1
915,2024-11-22 17:58:56,23,F,3,high,single,8,private,3174.0,89,491,1,2,1
916,2025-01-23 09:35:01,48,F,4,high,single,2,state,10060.0,84,195,4,2,1
917,2025-07-18 09:05:53,42,M,1,college,single,9,private,4609.0,48,100,1,3,1
918,2024-06-26 18:31:14,54,M,3,middle,married,8,self_employed,5346.0,54,387,3,3,1
919,2025-04-01 13:52:26,52,M,3,college,single,4,private,2747.0,46,58,5,1,1
920,2025-09-21 01:33:19,21,F,4,middle,married,1,private,4133.0,103,338,3,3,0
921,2025-02-13 20:40:42,46,M,2,college,single,8,state,1966.0,9,174,1,2,1
922,2024-11-13 23:22:53,40,F,2,college,married,10,private,3243.0,79,209,4,2,0
923,2024-04-07 22:40:55,22,M,2,college,married,2,private,4345.0,37,105,4,3,0
924,2024-06-22 06:01:56,27,F,3,college,single,0,state,2217.0,21,50,2,1,0
925,2025-11-13 14:20:54,53,F,5,college,married,2,unemployed,4178.0,19,137,1,2,1
926,2025-01-22 02:52:27,38,F,4,high,married,3,self_employed,4301.0,50,244,3,2,0
927,2024-07-30 23:31:22,30,M,2,high,single,4,private,2949.0,18,182,4,2,1
928,2024-10-24 09:48:47,30,F,2,college,married,10,private,2718.0,82,227,1,1,0
929,2025-02-17 22:51:41,49,M,4,high,married,10,state,2835.0,40,100,3,3,0
930,2025-01-19 09:49:33,28,M,4,middle,married,7,self_employed,3225.0,103,112,2,3,1
931,2025-05-17 20:04:28,24,M,3,graduate,married,2,unemployed,3259.0,18,387,2,3,0
932,2024-06-28 23:16:15,39,M,3,high,married,2,private,4352.0,43,419,2,2,1
933,2025-04-10 22:33:53,55,F,2,middle,married,0,state,3020.0,46,383,4,1,1
934,2024-11-11 03:42:15,24,M,4,graduate,single,8,unemployed,6379.0,81,480,5,3,0
935,2025-11-09 15:12:50,27,M,3,college,divorced,2,private,6363.0,36,379,1,2,0
936,2024-04-17 06:48:26,35,F,3,college,married,9,unemployed,3955.0,21,104,1,1,0
937,2024-04-10 08:39:03,25,F,5,high,single,6,private,3227.0,49,382,2,3,0
938,2024-11-25 00:15:22,42,F,3,high,married,5,self_employed,3021.0,109,154,4,3,1
939,2024-12-29 02:20:23,27,F,5,college,married,10,private,4068.0,98,400,1,3,0
940,2025-05-11 08:08:00,22,M,3,high,married,1,self_employed,4325.0,70,335,4,2,0
941,2024-10-13 22:40:57,27,F,3,college,married,5,unemployed,3394.0,120,431,4,2,1
942,2025-10-21 00:18:08,53,M,5,high,married,2,private,3173.0,93,478,2,1,1
943,2024-12-04 03:26:10,53,M,5,high,married,1,self_employed,4119.0,92,360,2,2,0
944,2024-03-27 09:58:25,37,M,5,middle,married,10,private,3730.0,48,471,2,2,0
945,2024-03-20 00:41:27,33,F,4,high,married,6,private,2980.0,60,293,4,3,0
946,2025-12-03 14:04:13,49,M,3,high,single,1,state,3788.0,113,470,1,1,0
947,2024-03-30 21:20:15,25,F,2,college,single,1,state,2946.0,112,90,2,1,0
948,2025-11-14 22:21:10,42,M,3,college,divorced,3,private,2799.0,87,248,2,1,1
949,2024-07-13 23:53:00,43,M,5,high,married,9,private,3635.0,12,394,2,1,1
950,2024-03-01 04:31:47,44,M,2,college,divorced,1,private,2978.0,19,494,5,2,0
951,2024-08-02 10:25:28,26,M,4,high,single,8,private,2817.0,55,441,1,3,0
952,2025-03-16 17:30:34,45,M,5,high,single,1,private,5250.0,67,214,1,2,0
953,2024-10-31 08:51:51,41,F,5,college,married,3,private,3174.0,75,333,3,2,1
954,2025-07-19 11:22:06,51,M,5,college,single,5,self_employed,6941.0,33,89,3,2,1
955,2025-03-14 00:30:06,24,M,3,college,married,1,private,4534.0,94,102,5,3,1
956,2024-10-11 13:44:05,41,F,3,high,single,4,unemployed,2732.0,101,367,2,2,0
957,2025-03-31 06:42:07,49,M,5,middle,married,2,private,5464.0,26,191,3,3,0
958,2025-12-02 04:01:30,28,M,2,college,married,0,private,2833.0,94,300,4,1,1
959,2024-10-19 14:55:36,46,M,2,college,single,0,private,7264.0,19,143,4,1,0
960,2024-04-14 00:20:00,21,M,5,college,married,1,private,3941.0,60,410,2,2,0
961,2024-10-17 09:52:48,45,M,4,graduate,single,8,state,4402.0,106,88,5,2,0
962,2025-08-28 06:48:49,41,F,3,high,married,0,private,3681.0,37,330,2,2,1
963,2024-05-30 20:51:06,25,M,2,college,married,5,private,3996.0,83,355,3,1,0
964,2025-11-15 20:58:47,20,F,3,college,married,0,private,3360.0,103,420,1,2,1
965,2025-02-25 11:07:31,46,M,5,high,single,2,self_employed,2633.0,59,165,5,1,0
966,2025-03-07 03:33:53,27,F,3,middle,single,1,private,4101.0,103,205,5,2,1
967,2024-08-11 10:33:24,36,F,3,college,single,3,private,5212.0,77,300,2,1,1
968,2025-10-25 22:24:30,20,M,3,high,married,8,private,2400.0,61,179,3,1,1
969,2024-01-19 07:46:05,54,M,4,college,single,4,state,6243.0,15,382,5,3,0
970,2024-07-29 00:43:17,38,M,5,college,married,0,unemployed,4494.0,87,391,1,2,0
971,2024-10-24 10:22:07,53,F,3,high,single,1,private,3125.0,38,390,4,1,1
972,2024-12-06 09:51:55,24,F,3,college,divorced,3,private,3105.0,35,274,4,1,0
973,2024-12-04 02:48:16,25,M,2,college,married,3,private,6992.0,111,333,4,3,0
974,2024-04-09 23:38:10,41,F,3,high,single,6,unemployed,5057.0,42,130,4,1,1
975,2024-06-05 16:23:13,40,M,2,college,married,3,private,5426.0,44,139,2,2,1
976,2024-03-02 12:38:30,48,M,3,middle,married,8,self_employed,3335.0,114,219,3,2,1
977,2025-02-13 21:27:46,53,F,3,graduate,married,2,self_employed,4422.0,35,143,4,1,0
978,2024-09-05 03:13:11,49,M,2,middle,divorced,7,private,4115.0,89,411,5,2,0
979,2025-02-09 00:19:25,23,M,2,high,married,1,self_employed,3425.0,63,166,1,3,0
980,2025-02-26 11:47:43,29,F,2,college,married,10,state,3783.0,9,466,2,1,1
981,2025-05-19 11:04:41,52,M,2,middle,married,10,private,5370.0,70,235,2,3,1
982,2025-01-26 08:03:45,38,F,4,high,single,3,private,6373.0,55,392,5,2,0
983,2025-04-10 00:03:26,50,M,2,high,married,2,private,3334.0,88,84,4,1,0
984,2025-02-24 14:52:11,39,M,1,college,married,0,private,2299.0,48,373,5,2,1
985,2025-04-13 06:37:37,19,M,5,college,single,10,self_employed,6472.0,29,255,4,1,0
986,2025-03-18 03:36:05,35,F,2,middle,married,0,self_employed,6501.0,28,416,3,2,0
987,2024-08-10 20:04:18,49,M,4,high,single,0,self_employed,4189.0,64,131,3,1,1
988,2024-06-20 18:54:12,42,M,3,high,single,1,state,6819.0,120,140,3,3,0
989,2025-07-20 19:48:45,23,F,4,graduate,married,3,private,4083.0,55,439,1,2,1
990,2024-08-30 04:08:18,25,F,3,middle,single,10,private,2649.0,17,311,1,3,1
991,2025-01-27 21:00:34,50,F,2,college,married,1,self_employed,2300.0,99,303,1,1,1
992,2024-05-15 18:58:06,55,F,4,high,single,6,private,2293.0,38,317,1,1,0
993,2024-11-02 22:26:48,46,M,4,college,married,7,private,3647.0,51,211,2,1,1
994,2025-01-13 15:42:28,21,F,2,graduate,married,8,self_employed,3093.0,102,476,3,3,1
995,2025-03-24 23:44:19,41,F,4,high,married,7,self_employed,2973.0,14,300,5,3,1
996,2025-01-11 06:07:08,49,F,3,college,married,10,private,3507.0,16,56,5,3,0
997,2024-09-12 06:42:59,42,F,5,high,single,7,state,4916.0,25,179,4,1,1
998,2025-11-25 02:13:59,40,M,4,college,single,9,private,3007.0,46,487,2,3,1
999,2025-01-01 07:11:29,35,M,1,high,married,3,self_employed,2834.0,103,269,3,2,0
1000,2025-08-05 01:25:23,27,F,4,high,married,4,self_employed,3077.0,77,377,3,1,1
1001,2025-06-13 19:05:01,28,M,5,middle,married,8,self_employed,5026.0,94,58,4,1,0
1002,2025-02-03 13:43:02,46,M,4,middle,married,9,private,3553.0,41,60,1,3,0
1003,2025-10-01 01:46:42,20,M,1,graduate,single,0,state,4016.0,50,142,1,2,0
1004,2024-03-26 15:15:13,21,F,4,college,single,4,private,6270.0,50,283,2,1,0
1005,2025-10-26 08:55:19,33,F,3,high,married,8,private,9849.0,14,324,1,3,0
1006,2025-09-04 15:57:36,47,F,2,college,married,1,unemployed,4556.0,67,81,2,2,0
1007,2024-12-25 15:38:55,42,F,4,college,married,3,private,4401.0,40,463,2,1,0
1008,2025-06-11 09:01:37,40,F,3,high,married,6,state,2405.0,115,322,5,2,0
1009,2025-01-06 19:13:12,38,F,4,high,married,0,private,4142.0,83,208,4,3,0
1010,2024-07-07 04:45:13,22,M,4,college,married,10,state,3721.0,105,253,1,1,1
1011,2025-07-29 21:43:46,30,F,2,high,single,4,state,4976.0,24,278,3,1,0
1012,2024-06-20 12:33:03,21,M,5,college,married,8,private,3174.0,14,398,1,1,1
1013,2024-08-09 13:10:34,46,M,3,high,single,4,state,3906.0,53,91,5,3,1
1014,2025-01-06 01:59:19,46,M,3,middle,single,4,unemployed,4500.0,69,311,1,1,1
1015,2025-08-26 06:56:20,27,F,3,college,married,10,self_employed,7076.0,68,285,2,2,1
1016,2024-09-29 06:23:06,29,F,2,college,single,9,unemployed,6294.0,79,404,3,2,1
1017,2024-12-18 17:21:41,30,F,4,graduate,single,5,private,5671.0,100,212,4,1,0
1018,2024-01-23 09:58:35,51,F,3,high,married,5,unemployed,4696.0,40,216,3,2,0
1019,2024-03-17 13:48:35,36,F,5,college,divorced,8,private,3131.0,35,414,5,3,0
1020,2024-02-02 20:11:49,46,M,5,graduate,single,7,private,4695.0,32,436,1,2,1
1021,2024-02-14 14:28:34,35,F,4,college,married,10,private,2779.0,44,421,5,1,1
1022,2025-09-18 00:28:46,44,F,2,graduate,married,3,private,3387.0,72,440,2,2,1
1023,2025-08-29 15:43:15,38,F,4,graduate,single,1,self_employed,6785.0,97,96,4,3,1
1024,2025-08-14 23:26:53,28,M,1,college,married,2,private,4395.0,50,345,2,1,0
1025,2024-02-02 13:32:59,51,M,4,graduate,married,5,state,3942.0,51,360,4,1,0
1026,2024-02-18 16:20:19,44,F,3,college,married,3,private,4124.0,109,168,1,2,0
1027,2024-07-15 20:18:44,47,M,5,high,married,8,private,3523.0,42,254,4,2,0
1028,2025-02-08 15:58:12,54,M,3,graduate,divorced,9,self_employed,1712.0,20,497,5,2,1
1029,2024-08-23 21:57:29,27,M,2,college,married,2,state,2339.0,42,112,2,2,1
1030,2024-12-13 22:03:10,21,M,5,middle,single,10,private,4519.0,5,418,4,1,0
1031,2024-04-28 06:51:45,40,M,3,high,married,6,self_employed,2638.0,44,193,3,3,0
1032,2025-06-09 11:13:51,30,F,4,high,married,2,self_employed,3506.0,108,434,2,3,1
1033,2024-08-09 03:24:42,34,F,5,college,single,2,private,2369.0,98,291,3,1,1
1034,2024-02-10 13:47:42,26,F,3,high,married,1,private,2831.0,108,55,3,2,1
1035,2025-06-18 03:58:25,33,M,3,high,married,5,unemployed,3636.0,37,99,2,2,0
1036,2025-10-13 00:51:09,32,M,3,college,single,0,private,5031.0,51,422,2,2,0
1037,2024-01-03 17:14:36,31,M,4,middle,single,1,private,5397.0,102,407,3,2,0
1038,2024-11-06 18:30:42,46,M,5,graduate,married,8,private,2815.0,91,148,1,2,0
1039,2025-08-18 20:04:42,40,M,2,high,single,5,private,4054.0,23,339,3,1,0
1040,2025-05-22 12:00:27,36,F,4,high,married,5,unemployed,2211.0,102,279,3,3,0
1041,2025-09-09 06:43:16,22,F,2,high,single,3,unemployed,3714.0,13,74,3,3,1
1042,2024-10-22 02:28:47,39,M,3,college,married,6,state,5083.0,31,367,4,2,0
1043,2024-09-20 18:01:21,24,M,4,college,married,3,self_employed,3557.0,64,121,3,1,0
1044,2025-05-24 16:45:45,29,M,4,high,single,0,self_employed,5770.0,79,235,2,3,0
1045,2024-04-14 03:17:52,33,M,3,high,married,6,state,4880.0,96,53,5,1,0
1046,2024-06-15 18:39:41,23,M,2,graduate,single,0,self_employed,3962.0,89,159,2,1,1
1047,2025-03-06 14:43:26,32,M,2,college,single,7,unemployed,3336.0,35,472,1,1,1
1048,2025-04-24 23:19:29,28,M,2,college,married,10,private,3020.0,43,275,2,1,0
1049,2024-03-20 08:39:47,50,M,2,high,single,7,private,2186.0,87,376,4,2,0
1050,2024-12-29 01:35:40,50,F,4,graduate,married,6,self_employed,2314.0,114,185,2,1,0
1051,2024-09-15 09:23:13,18,M,3,college,married,10,self_employed,5158.0,105,69,1,1,1
1052,2024-12-24 06:33:53,40,M,2,high,single,2,private,6184.0,117,327,3,3,1
1053,2025-11-22 15:40:45,42,M,4,graduate,single,8,private,2494.0,82,158,1,3,0
1054,2024-02-17 22:12:57,32,M,2,college,married,2,self_employed,3729.0,59,99,4,2,1
1055,2025-12-19 16:32:15,35,F,2,college,single,0,private,2098.0,93,272,1,2,0
1056,2024-11-16 04:37:07,48,F,5,college,married,2,self_employed,2587.0,10,234,1,1,1
1057,2025-07-09 15:16:39,32,F,1,high,single,5,self_employed,3988.0,113,102,4,3,1
1058,2024-10-28 20:43:30,20,F,3,college,married,0,private,3036.0,111,316,4,1,0
1059,2024-08-07 00:02:44,32,M,3,high,single,3,self_employed,1862.0,61,251,2,1,1
1060,2025-07-08 12:54:26,27,M,2,college,married,0,state,6645.0,63,496,5,2,0
1061,2025-05-08 23:53:29,32,M,2,high,married,2,private,3579.0,64,90,1,1,1
1062,2024-04-07 03:53:45,26,M,2,high,single,7,private,2474.0,17,273,1,3,0
1063,2025-05-21 22:43:10,23,F,2,graduate,married,1,private,3808.0,25,407,2,2,1
1064,2025-06-25 17:54:56,55,M,4,high,single,2,self_employed,3539.0,88,242,3,3,0
1065,2024-10-02 02:59:11,22,M,3,college,single,1,self_employed,4220.0,4,144,3,2,0
1066,2025-10-29 17:22:47,44,M,3,high,single,4,private,3233.0,83,496,2,1,1
1067,2025-04-04 20:22:07,45,M,3,middle,married,8,self_employed,4064.0,37,196,2,1,1
1068,2024-08-23 13:10:08,41,F,5,middle,married,5,state,5066.0,17,467,4,3,0
1069,2023-12-31 19:56:54,52,M,1,high,single,2,private,2295.0,72,429,3,1,1
1070,2025-04-29 17:18:21,18,M,4,high,married,3,private,2857.0,33,353,5,3,1
1071,2024-05-24 14:41:24,29,M,2,high,married,7,self_employed,4884.0,54,398,1,1,1
1072,2025-06-28 06:20:39,25,F,5,college,single,5,private,3002.0,104,295,5,3,0
1073,2025-01-10 07:32:49,39,M,2,high,single,5,self_employed,3538.0,84,351,5,3,1
1074,2024-11-28 17:02:59,42,F,1,middle,single,9,state,3088.0,117,172,3,2,0
1075,2024-04-21 12:55:22,52,M,3,high,single,9,state,3156.0,48,75,4,1,0
1076,2025-05-26 09:34:21,32,M,2,middle,married,2,private,3064.0,49,331,4,3,1
1077,2024-04-23 02:41:17,26,F,4,middle,married,7,private,2344.0,83,412,5,1,0
1078,2024-10-23 23:02:42,53,M,3,high,single,8,unemployed,4276.0,17,426,3,3,0
1079,2025-08-25 12:03:04,43,M,4,college,married,9,private,5281.0,103,393,1,3,1
1080,2025-10-25 20:48:34,47,F,2,college,single,2,private,3423.0,43,492,4,3,0
1081,2025-12-15 01:36:36,34,M,4,college,married,8,private,5076.0,57,318,1,2,0
1082,2025-11-22 08:22:11,35,M,2,college,married,2,self_employed,3066.0,61,127,5,2,0
1083,2025-02-01 20:35:03,32,F,5,college,single,4,private,3003.0,9,142,5,1,1
1084,2024-05-18 08:25:08,46,M,4,high,married,0,self_employed,4204.0,37,173,4,2,0
1085,2025-08-27 12:30:06,26,M,3,middle,single,6,private,4228.0,17,489,2,3,0
1086,2025-07-31 04:34:00,55,M,4,college,divorced,7,state,3500.0,74,448,1,1,1
1087,2025-04-12 04:36:25,24,F,3,high,single,4,self_employed,4614.0,85,377,3,3,1
1088,2024-04-05 08:45:35,35,M,3,high,married,4,state,2321.0,1,438,2,2,1
1089,2024-12-25 02:50:47,29,M,2,graduate,divorced,2,state,3273.0,1,204,5,3,0
1090,2024-11-15 05:15:47,42,F,4,high,married,8,self_employed,5104.0,98,373,4,1,1
1091,2025-08-30 08:26:08,43,F,3,middle,married,10,self_employed,5099.0,41,125,1,1,0
1092,2024-10-05 13:52:26,52,F,1,graduate,married,1,private,4879.0,102,96,1,3,1
1093,2024-08-19 20:56:39,47,M,4,high,single,3,state,5204.0,79,339,5,1,0
1094,2024-02-20 10:27:48,27,M,1,high,divorced,6,private,3196.0,95,368,3,3,1
1095,2025-08-24 21:11:55,25,M,4,middle,married,4,private,2005.0,47,318,4,3,1
1096,2025-06-27 09:23:04,51,F,2,high,married,0,private,3326.0,37,261,4,1,0
1097,2024-01-23 02:18:33,36,M,3,graduate,married,0,private,4549.0,87,323,2,3,0
1098,2024-11-04 15:48:30,21,F,4,college,single,2,private,4817.0,76,217,5,2,0
1099,2024-12-08 04:39:42,49,M,1,high,single,10,self_employed,3028.0,69,182,2,3,0
1100,2024-11-30 14:36:28,42,F,3,high,single,6,state,2595.0,44,163,5,3,0
1101,2025-10-24 19:40:30,18,F,3,high,single,2,private,2687.0,74,214,5,1,0
1102,2024-04-11 23:47:25,47,M,4,college,married,0,private,3010.0,47,193,1,1,0
1103,2024-08-03 15:09:20,41,F,2,high,single,8,state,1874.0,107,121,4,1,0
1104,2024-05-04 01:50:05,41,F,4,high,divorced,4,state,3028.0,86,291,4,2,0
1105,2024-06-19 04:21:42,50,M,3,college,single,4,self_employed,3702.0,48,235,4,2,1
1106,2025-10-16 04:27:19,36,M,3,college,married,6,private,3518.0,102,123,4,3,0
1107,2025-11-09 17:27:06,35,F,2,graduate,single,2,self_employed,3243.0,9,458,5,3,0
1108,2024-01-25 14:15:07,41,M,3,college,single,8,private,2861.0,100,279,1,1,0
1109,2025-03-29 10:14:57,25,M,3,college,married,3,state,2980.0,50,114,2,1,0
1110,2024-06-10 23:34:19,23,M,1,college,single,7,private,2998.0,28,71,3,2,0
1111,2024-05-12 13:40:11,50,F,3,graduate,married,5,private,4661.0,100,88,5,3,0
1112,2024-07-24 04:52:46,26,M,3,middle,married,1,unemployed,3640.0,79,235,4,2,0
1113,2024-05-13 21:39:38,37,F,3,high,single,6,self_employed,11030.0,9,159,4,2,0
1114,2024-12-15 20:15:39,28,M,2,high,married,0,private,3241.0,33,482,2,3,0
1115,2025-12-19 19:05:53,26,M,2,graduate,single,7,private,4244.0,55,261,1,2,1
1116,2025-02-24 02:31:09,40,F,3,graduate,single,4,self_employed,3267.0,76,383,2,1,1
1117,2025-06-03 23:13:09,48,M,3,college,married,7,private,3239.0,97,160,3,3,1
1118,2024-12-18 02:26:25,34,M,5,high,single,2,unemployed,6291.0,45,80,1,1,0
1119,2024-01-03 03:39:19,23,M,3,graduate,single,4,private,5162.0,98,201,1,1,0
1120,2024-02-23 09:42:02,27,F,4,middle,married,3,private,1970.0,95,360,4,1,1
1121,2024-07-07 06:38:52,24,M,1,high,married,2,private,2546.0,46,394,2,2,0
1122,2024-06-18 21:03:13,51,M,5,college,married,3,state,3471.0,113,138,2,2,0
1123,2025-08-28 14:57:08,30,M,2,college,married,0,private,3038.0,114,183,1,2,1
1124,2025-08-30 19:40:06,32,M,2,college,married,4,private,2148.0,35,263,3,1,0
1125,2025-09-07 12:12:23,20,M,2,high,married,1,unemployed,3792.0,67,206,1,2,0
1126,2025-04-02 10:33:14,34,M,1,high,single,5,private,1887.0,105,182,3,2,1
1127,2025-02-02 00:09:13,52,M,4,high,single,0,state,3806.0,65,493,1,1,1
1128,2025-04-10 21:05:28,33,M,2,middle,married,0,private,4701.0,89,471,1,2,1
1129,2024-10-15 23:15:24,42,F,2,college,single,4,state,4942.0,96,210,5,1,1
1130,2025-04-26 05:57:39,24,F,2,high,single,3,private,3462.0,68,74,3,3,0
1131,2025-07-25 22:38:12,23,M,5,high,married,9,self_employed,6178.0,44,211,2,2,0
1132,2025-07-02 22:03:39,45,M,4,high,married,2,self_employed,4089.0,63,447,1,3,0
1133,2025-03-16 02:18:26,20,M,5,college,married,4,self_employed,4895.0,100,455,3,2,0
1134,2024-02-04 10:03:38,35,F,4,college,single,2,unemployed,2814.0,39,366,2,2,1
1135,2025-06-05 05:06:50,30,M,5,high,married,9,private,6202.0,102,354,2,3,0
1136,2024-09-16 14:58:44,18,M,3,high,single,8,private,3637.0,25,213,2,1,0
1137,2025-06-18 21:03:03,38,M,2,graduate,divorced,1,private,6322.0,56,248,1,3,1
1138,2025-01-20 20:31:14,54,M,2,college,single,2,self_employed,5857.0,11,446,3,1,0
1139,2025-09-27 06:22:29,20,M,2,high,married,2,private,3985.0,103,147,3,3,0
1140,2024-08-27 01:45:27,48,M,4,high,married,1,self_employed,4196.0,86,233,3,3,1
1141,2025-11-02 22:01:36,38,F,1,graduate,single,2,unemployed,3419.0,15,445,4,2,0
1142,2025-08-31 11:16:11,45,F,2,college,married,9,private,2733.0,27,364,1,2,1
1143,2024-08-21 16:59:42,21,F,4,high,single,5,private,4484.0,64,99,2,2,0
1144,2024-12-10 06:40:13,51,F,2,middle,single,4,state,4405.0,60,405,2,2,0
1145,2025-01-14 21:13:03,18,M,1,high,single,2,private,2066.0,14,80,2,1,0
1146,2025-07-07 02:21:19,52,F,1,high,married,2,private,3537.0,107,179,1,3,0
1147,2025-05-10 02:02:01,42,F,4,middle,single,6,private,4934.0,56,464,2,1,0
1148,2025-09-05 23:18:42,30,F,2,high,married,8,self_employed,6082.0,81,82,2,1,1
1149,2024-09-19 00:05:01,18,F,2,middle,divorced,6,self_employed,4693.0,91,134,5,2,0
1150,2024-12-26 11:56:48,41,M,2,high,married,7,private,2141.0,21,441,1,2,0
1151,2024-11-02 12:45:02,21,M,4,high,single,2,private,2517.0,41,352,3,1,0
1152,2025-10-17 23:21:19,41,M,2,high,married,10,self_employed,3226.0,89,154,1,2,1
1153,2024-08-02 15:15:35,47,M,1,college,single,9,private,5941.0,93,205,5,3,0
1154,2025-02-24 14:24:41,28,M,5,high,single,9,self_employed,2944.0,26,470,3,1,0
1155,2024-03-20 17:18:39,27,M,4,college,married,7,state,5274.0,39,323,2,1,1
1156,2025-09-04 16:48:20,26,M,2,graduate,divorced,7,unemployed,2927.0,94,192,5,3,1
1157,2024-09-29 11:29:54,26,F,2,graduate,single,0,self_employed,4387.0,42,115,4,1,0
1158,2024-08-28 15:09:02,22,F,2,high,single,1,self_employed,2620.0,10,237,1,3,0
1159,2025-02-21 12:42:34,27,F,4,high,single,1,self_employed,3402.0,60,193,4,3,0
1160,2024-12-22 03:16:23,43,M,2,college,single,5,state,2450.0,18,244,4,2,0
1161,2025-09-03 00:32:41,29,F,5,middle,single,6,private,6034.0,72,71,3,2,1
1162,2025-01-14 22:19:17,47,F,4,middle,single,1,self_employed,2855.0,113,261,1,3,0
1163,2025-01-04 09:44:47,49,F,3,middle,single,8,state,2119.0,13,161,4,1,0
1164,2024-03-09 15:14:40,46,F,1,college,single,6,private,2061.0,34,484,2,1,0
1165,2024-01-09 00:21:22,38,M,4,college,married,6,state,3534.0,68,174,1,1,0
1166,2024-10-09 22:38:23,30,M,4,high,married,10,private,3102.0,19,160,3,2,0
1167,2025-12-21 16:34:10,53,F,4,graduate,married,6,private,4569.0,65,186,3,3,0
1168,2025-10-23 15:45:21,25,F,1,college,single,0,private,3353.0,26,324,1,2,1
1169,2025-03-27 03:43:27,35,M,4,middle,married,8,private,5476.0,77,379,2,3,0
1170,2025-03-28 12:10:51,35,M,4,high,single,9,private,3181.0,44,182,4,2,1
1171,2024-10-04 19:08:39,46,M,5,middle,married,0,self_employed,5215.0,112,363,4,3,0
1172,2024-05-01 13:54:55,38,M,3,graduate,single,5,state,2609.0,101,109,1,3,1
1173,2023-12-30 05:44:19,48,F,3,college,married,5,unemployed,2151.0,120,136,2,1,0
1174,2024-08-27 08:45:02,52,F,3,college,single,1,unemployed,2729.0,19,180,5,2,0
1175,2024-08-11 00:31:18,32,M,4,college,married,3,private,2453.0,114,365,1,2,0
1176,2024-05-11 20:53:05,51,M,5,high,single,9,state,2358.0,2,299,3,2,1
1177,2024-06-30 04:36:22,24,M,3,graduate,married,4,private,4208.0,27,258,3,3,0
1178,2024-01-11 02:54:04,52,M,2,graduate,married,5,self_employed,3319.0,104,323,4,2,1
1179,2025-03-11 19:27:45,24,M,1,college,single,8,private,3826.0,104,138,1,3,0
1180,2025-10-31 01:06:26,50,F,3,high,married,4,private,4379.0,36,168,1,3,1
1181,2025-05-11 06:48:55,32,F,4,middle,single,9,private,2018.0,102,368,5,1,1
1182,2024-11-15 04:35:32,54,M,1,middle,married,5,self_employed,4445.0,10,495,2,1,0
1183,2024-10-25 19:05:54,22,F,3,middle,single,10,private,2388.0,41,50,2,3,1
1184,2024-08-04 12:00:52,35,F,5,college,married,1,private,2975.0,4,213,4,3,0
1185,2024-04-05 22:57:16,52,M,3,college,married,9,self_employed,1878.0,63,448,3,3,0
1186,2025-03-04 21:19:13,19,F,2,graduate,married,1,private,4578.0,108,425,3,1,0
1187,2025-02-09 13:30:00,28,F,2,high,married,8,self_employed,2016.0,74,168,1,3,0
1188,2023-12-29 08:08:57,21,F,3,high,married,7,self_employed,2392.0,63,65,4,1,1
1189,2024-10-22 07:56:13,30,M,1,middle,married,6,private,2454.0,24,306,1,2,0
1190,2024-07-13 22:56:50,32,M,3,graduate,single,9,private,3481.0,74,363,3,3,0
1191,2024-04-26 07:20:09,41,M,3,college,married,7,private,3444.0,39,164,2,1,0
1192,2025-05-20 05:08:46,27,M,3,high,single,7,unemployed,4838.0,74,186,4,2,1
1193,2025-01-10 20:28:27,24,M,3,college,married,8,self_employed,3510.0,16,353,4,2,1
1194,2025-03-30 15:38:47,24,F,1,college,single,9,private,5105.0,63,292,4,2,1
1195,2025-05-27 20:11:54,53,M,2,high,married,2,self_employed,4158.0,60,177,4,1,1
1196,2025-12-09 17:14:24,54,M,2,high,married,9,private,2615.0,93,427,2,2,1
1197,2025-08-01 00:24:06,26,F,1,high,married,6,private,2883.0,110,457,2,3,1
1198,2025-03-20 20:40:01,25,M,4,high,single,0,private,6178.0,109,376,5,1,0
1199,2025-09-25 16:27:27,20,M,2,college,single,10,self_employed,5595.0,41,476,4,2,0
1200,2024-12-06 13:54:10,54,F,3,high,married,8,private,4858.0,77,212,4,2,1
1201,2025-12-11 21:06:38,44,M,2,college,married,9,state,5087.0,79,99,5,2,0
1202,2025-07-01 20:17:54,46,M,1,college,married,8,private,4285.0,102,380,1,3,0
1203,2025-04-12 03:28:34,29,F,2,college,married,3,self_employed,4094.0,97,302,1,1,1
1204,2025-10-13 10:18:15,42,M,3,graduate,single,3,self_employed,3705.0,2,236,1,1,0
1205,2025-01-03 00:10:56,20,M,3,high,married,3,private,6598.0,97,167,3,3,1
1206,2025-06-02 02:35:34,43,M,4,college,married,4,private,3094.0,58,78,4,3,1
1207,2024-07-18 20:29:06,40,F,2,middle,single,0,state,3960.0,115,127,5,1,0
1208,2025-11-26 03:27:38,30,M,3,college,married,8,private,2002.0,73,350,4,1,1
1209,2025-03-23 01:23:47,44,F,4,college,single,8,private,2207.0,47,152,4,2,0
1210,2025-07-16 20:43:50,42,M,2,high,single,10,state,6873.0,25,472,5,3,1
1211,2024-11-24 08:07:25,34,F,1,middle,single,6,state,4518.0,114,263,1,2,0
1212,2025-09-16 18:21:40,25,M,2,college,married,10,self_employed,3380.0,20,87,4,3,0
1213,2024-02-16 03:35:46,18,M,1,college,married,2,private,3742.0,11,345,4,2,0
1214,2024-03-16 07:06:11,53,M,4,college,single,5,private,2263.0,17,360,2,3,1
1215,2024-12-28 04:40:51,28,F,3,high,married,8,state,3134.0,67,130,3,1,1
1216,2025-06-10 15:53:04,29,M,3,college,married,8,self_employed,2186.0,35,428,1,3,0
1217,2025-08-05 17:31:07,43,M,4,college,single,8,private,3283.0,70,382,3,3,1
1218,2024-11-09 06:21:14,27,M,3,high,single,5,private,4620.0,99,319,3,3,1
1219,2025-04-11 06:16:28,32,M,3,college,single,0,private,4267.0,35,104,2,1,1
1220,2025-01-30 18:22:43,45,F,1,college,single,9,private,6350.0,4,268,3,3,0
1221,2025-11-24 21:52:55,40,M,3,college,divorced,4,unemployed,4037.0,44,487,4,3,1
1222,2025-04-14 11:52:27,42,M,1,high,married,7,private,1529.0,73,156,5,3,1
1223,2024-10-23 07:06:20,18,M,2,high,single,1,state,7206.0,88,472,2,1,1
1224,2025-11-30 23:09:39,35,M,2,graduate,married,10,private,2713.0,9,137,4,3,0
1225,2024-03-11 07:04:23,36,M,4,college,single,2,private,3853.0,106,323,3,3,1
1226,2025-12-11 17:48:28,42,M,4,high,single,10,self_employed,3773.0,72,228,5,1,0
1227,2024-04-14 10:18:30,23,M,4,graduate,single,7,state,3961.0,58,80,3,1,0
1228,2024-07-21 09:45:31,24,F,1,middle,single,3,private,3703.0,31,339,4,3,0
1229,2025-08-14 16:09:20,46,M,5,college,single,4,private,3726.0,116,263,2,3,1
1230,2025-06-11 15:21:40,43,F,1,high,single,10,private,2293.0,19,191,4,2,1
1231,2025-12-01 08:36:22,48,M,4,high,single,6,private,9004.0,54,154,2,2,0
1232,2025-06-23 11:42:41,28,M,4,graduate,married,7,self_employed,4573.0,56,270,3,3,1
1233,2025-04-02 00:23:19,55,M,3,middle,married,6,private,3708.0,66,97,1,2,0
1234,2024-09-01 22:33:17,28,M,3,college,single,2,private,6937.0,28,320,3,3,0
1235,2023-12-27 10:33:50,42,F,4,high,married,1,state,2502.0,114,91,1,3,1
1236,2024-03-23 10:11:54,24,F,4,middle,single,0,self_employed,4934.0,46,144,3,1,0
1237,2024-07-28 09:03:25,52,F,2,graduate,divorced,4,private,2998.0,86,279,3,1,1
1238,2024-01-22 21:23:26,30,F,4,college,single,7,state,4192.0,76,384,5,1,0
1239,2024-12-28 23:18:26,48,M,1,college,married,3,private,4224.0,25,229,1,3,0
1240,2025-07-13 11:03:05,30,M,3,college,single,2,private,1607.0,113,333,2,1,1
1241,2025-11-26 04:13:23,48,F,3,middle,single,4,private,2206.0,56,470,4,3,0
1242,2024-12-15 11:32:22,35,M,4,high,married,2,self_employed,6344.0,75,316,5,2,1
1243,2025-09-22 18:05:23,20,M,3,high,married,4,private,3333.0,78,388,5,3,1
1244,2025-12-12 10:39:49,25,F,2,college,divorced,6,unemployed,7336.0,61,265,3,2,0
1245,2025-09-11 16:11:41,43,F,3,middle,married,2,private,5759.0,77,167,2,2,1
1246,2024-11-27 10:20:05,25,F,2,high,single,0,self_employed,3371.0,67,214,3,1,0
1247,2024-08-17 10:33:43,28,M,3,college,married,1,private,3268.0,89,208,5,1,1
1248,2025-12-06 21:06:19,38,F,3,high,single,4,private,6483.0,57,297,2,1,0
1249,2024-06-17 14:17:26,27,M,4,college,married,1,self_employed,7601.0,98,118,5,1,0
1250,2024-10-19 10:48:41,22,M,2,high,married,8,private,3293.0,68,395,2,1,0
1251,2024-02-16 01:00:51,41,M,2,middle,single,1,state,6238.0,120,118,3,3,1
1252,2025-07-25 09:18:40,44,F,3,high,married,0,self_employed,5221.0,69,368,3,3,0
1253,2025-04-11 09:08:50,45,F,1,middle,single,6,self_employed,5546.0,71,262,2,1,1
1254,2024-02-23 22:02:01,53,F,2,college,single,6,self_employed,3772.0,60,382,1,2,0
1255,2024-06-03 00:10:48,22,M,2,middle,divorced,7,private,2877.0,48,129,2,3,0
1256,2025-02-01 11:41:20,34,M,3,college,single,1,state,2517.0,95,144,1,1,1
1257,2025-01-21 12:01:15,26,M,2,college,single,7,state,2307.0,77,163,4,3,1
1258,2025-07-31 12:05:14,52,F,3,middle,married,9,state,7107.0,47,401,2,2,0
1259,2024-07-05 06:01:38,38,M,4,college,single,6,state,3655.0,97,169,3,3,0
1260,2025-10-29 00:46:23,21,M,3,graduate,single,4,self_employed,2439.0,14,201,2,1,1
1261,2024-11-12 11:10:41,44,F,2,middle,single,5,self_employed,5171.0,8,113,2,3,1
1262,2025-08-15 11:39:20,19,M,1,graduate,married,8,private,3079.0,78,155,5,3,1
1263,2024-06-15 00:26:10,28,F,2,high,single,1,private,2899.0,55,436,2,1,1
1264,2024-01-19 23:43:37,45,M,3,college,married,7,private,7509.0,96,104,3,3,0
1265,2024-02-02 04:32:26,37,F,4,high,single,2,private,2285.0,80,461,2,1,0
1266,2024-09-21 01:44:42,46,M,1,college,married,9,self_employed,3953.0,94,424,3,1,1
1267,2025-11-18 19:14:28,39,M,2,college,single,1,private,2961.0,32,477,2,3,0
1268,2024-01-28 13:11:50,50,M,2,graduate,single,5,private,2800.0,31,331,5,3,1
1269,2024-09-18 08:29:46,39,M,2,graduate,married,4,unemployed,2181.0,31,358,4,1,0
1270,2024-03-12 18:37:32,20,F,5,middle,married,5,unemployed,3718.0,78,429,2,3,1
1271,2025-11-03 01:00:40,20,M,2,college,single,4,state,2682.0,81,369,3,3,0
1272,2025-04-29 23:21:16,47,M,1,high,single,0,private,4478.0,120,303,5,1,1
1273,2025-07-02 18:21:24,19,F,2,middle,married,9,private,3582.0,27,239,4,1,0
1274,2025-05-27 16:17:00,32,M,2,middle,single,5,private,3264.0,13,437,5,1,1
1275,2025-04-16 15:06:20,18,F,2,graduate,single,6,private,2687.0,115,192,4,1,1
1276,2025-07-10 19:35:10,29,F,3,college,married,5,private,6007.0,63,301,4,1,0
1277,2023-12-29 22:20:45,40,M,2,middle,married,5,self_employed,4710.0,45,77,2,3,0
1278,2025-09-15 18:47:55,24,F,1,graduate,married,6,private,2868.0,37,341,3,1,1
1279,2025-06-16 02:25:59,35,M,3,college,married,4,private,2263.0,107,109,4,2,0
1280,2025-06-15 18:50:21,55,M,3,high,divorced,1,self_employed,1880.0,95,75,5,2,1
1281,2024-10-06 05:00:32,20,M,1,high,single,0,private,5421.0,21,183,4,1,1
1282,2025-07-30 15:16:13,20,F,4,college,married,5,private,5005.0,39,352,2,3,1
1283,2024-09-27 17:27:23,28,F,2,college,single,2,private,5252.0,105,421,3,1,0
1284,2024-01-28 17:50:39,49,M,5,high,married,4,private,3491.0,89,319,2,1,0
1285,2025-10-16 16:57:40,33,F,5,college,married,6,state,4828.0,98,344,5,1,0
1286,2024-06-12 05:03:20,42,M,3,middle,single,6,private,5216.0,20,159,2,3,0
1287,2024-03-07 09:17:24,19,F,2,college,married,1,private,3553.0,70,98,3,3,1
1288,2025-03-21 23:38:56,45,F,4,high,married,7,self_employed,3212.0,9,100,2,2,0
1289,2024-06-11 13:36:17,20,F,2,high,married,10,self_employed,2587.0,55,83,1,2,0
1290,2025-09-10 10:21:19,45,F,2,high,single,3,private,4227.0,13,206,1,2,0
1291,2024-11-11 22:30:17,23,F,3,college,single,1,self_employed,4428.0,33,387,1,2,0
1292,2023-12-27 06:50:31,50,M,3,high,married,5,private,3158.0,32,77,5,3,1
1293,2025-11-17 18:06:06,29,F,4,high,married,6,private,3291.0,23,206,5,1,0
1294,2025-01-02 16:18:21,24,F,4,high,single,4,state,3374.0,102,320,1,3,0
1295,2024-07-02 23:21:46,30,F,4,graduate,single,6,private,4803.0,45,76,2,3,0
1296,2025-05-01 10:04:30,18,M,4,high,married,8,private,2251.0,19,296,3,3,0
1297,2025-01-14 08:17:44,24,F,3,high,single,6,unemployed,2473.0,119,229,1,2,1
1298,2024-01-14 14:43:10,40,M,3,high,single,8,private,2490.0,5,463,2,1,1
1299,2025-06-30 13:01:18,29,M,5,college,single,1,private,3457.0,18,273,5,2,1
1300,2024-10-11 23:44:57,31,M,5,high,married,3,private,4066.0,103,283,2,2,1
1301,2025-05-17 20:48:03,48,M,4,high,divorced,6,self_employed,2505.0,55,433,3,2,0
1302,2025-10-07 19:31:23,22,F,4,college,married,2,private,5005.0,45,379,5,1,0
1303,2025-03-13 17:56:11,33,M,3,college,single,10,unemployed,6075.0,37,297,1,1,0
1304,2025-04-27 06:39:23,25,F,2,college,married,7,private,4208.0,71,349,5,1,1
1305,2024-06-26 21:28:16,36,F,4,high,single,4,self_employed,5394.0,44,232,3,3,0
1306,2024-06-14 11:46:28,30,M,1,graduate,divorced,8,private,2643.0,11,365,4,1,0
1307,2024-10-21 22:49:42,19,F,2,graduate,single,10,private,2665.0,116,189,5,2,0
1308,2025-09-06 12:43:31,20,M,3,college,married,0,private,4360.0,109,191,4,3,1
1309,2025-01-09 15:51:39,50,F,3,college,married,6,private,3592.0,22,423,2,2,0
1310,2024-09-03 01:30:37,20,F,3,college,married,4,private,2663.0,61,237,5,1,0
1311,2025-07-15 02:46:38,47,M,2,graduate,single,8,private,5996.0,55,289,2,1,0
1312,2025-09-06 22:35:55,52,F,1,middle,married,3,state,4042.0,11,104,2,3,0
1313,2025-10-12 20:23:04,35,M,2,graduate,married,3,state,4655.0,48,205,4,2,1
1314,2024-07-29 05:29:33,29,M,2,college,single,8,private,2876.0,77,343,3,3,1
1315,2025-05-25 00:53:50,47,F,1,college,married,9,self_employed,6555.0,13,289,5,3,1
1316,2025-02-26 22:24:38,55,M,4,high,married,1,self_employed,3448.0,44,186,2,2,1
1317,2024-11-15 17:59:12,22,F,2,high,married,6,unemployed,5201.0,31,63,4,3,0
1318,2024-10-08 18:23:23,54,M,2,college,married,8,private,2969.0,43,297,2,2,1
1319,2024-03-16 14:58:25,53,M,2,college,single,1,private,3862.0,76,207,3,3,1
1320,2024-07-11 14:56:05,23,F,3,high,married,7,unemployed,4426.0,49,465,5,3,1
1321,2025-01-28 06:08:03,20,M,4,college,single,10,unemployed,7320.0,93,69,5,1,0
1322,2025-10-01 04:29:18,45,F,2,middle,single,9,unemployed,3122.0,61,357,4,1,0
1323,2025-09-16 10:18:16,20,M,2,high,married,2,state,3908.0,84,222,4,3,1
1324,2024-05-08 22:38:28,40,F,4,college,married,10,state,4479.0,75,170,3,2,1
1325,2025-05-02 21:44:03,20,F,1,college,married,3,unemployed,2219.0,99,371,2,3,1
1326,2024-02-23 21:53:56,44,M,4,middle,married,5,private,1701.0,18,282,1,1,0
1327,2025-04-29 18:13:44,26,M,5,middle,single,3,private,2569.0,119,83,3,2,0
1328,2024-08-29 14:33:35,21,M,3,high,married,7,unemployed,5108.0,91,321,4,1,1
1329,2024-11-16 09:20:30,20,F,5,college,single,1,self_employed,6639.0,24,130,5,1,0
1330,2025-05-30 21:02:16,25,M,3,graduate,divorced,7,private,2636.0,4,433,5,2,0
1331,2024-10-29 04:02:41,38,M,3,college,married,0,private,2378.0,4,158,1,2,1
1332,2025-08-04 10:12:06,20,F,1,college,married,9,self_employed,6230.0,84,407,5,1,0
1333,2025-01-16 12:20:02,48,M,1,high,married,3,private,2987.0,51,198,2,2,0
1334,2025-12-22 01:59:01,40,M,2,middle,married,5,self_employed,3197.0,22,192,4,2,0
1335,2025-04-02 21:58:44,29,M,3,college,married,2,private,6067.0,39,50,4,1,0
1336,2024-07-27 08:15:47,55,M,3,college,married,1,private,5728.0,54,464,4,3,0
1337,2025-07-11 23:02:11,43,F,2,middle,single,0,self_employed,5049.0,5,299,3,1,1
1338,2024-10-16 19:08:34,43,F,3,college,married,10,unemployed,2000.0,68,116,1,2,1
1339,2025-01-16 22:37:52,24,F,2,college,single,1,state,2344.0,5,65,3,3,0
1340,2024-04-01 21:06:31,45,F,2,high,married,0,private,5389.0,78,174,1,1,1
1341,2024-03-20 02:53:32,39,M,2,middle,married,5,private,4069.0,8,272,4,1,0
1342,2025-02-15 15:45:22,55,M,4,college,married,10,private,2773.0,95,65,2,1,0
1343,2024-05-08 06:49:30,36,F,3,middle,married,0,unemployed,3227.0,31,212,1,2,0
1344,2025-12-21 05:36:08,43,F,4,high,married,2,private,5371.0,62,190,3,1,0
1345,2025-09-08 15:24:08,30,F,1,college,married,6,unemployed,6215.0,47,443,2,1,0
1346,2025-05-18 15:26:07,19,M,3,graduate,single,5,self_employed,3633.0,106,236,5,2,0
1347,2025-06-12 07:55:50,22,F,5,high,single,1,private,2863.0,96,97,1,1,1
1348,2025-03-02 12:07:44,50,F,1,middle,single,10,private,3306.0,115,158,5,2,1
1349,2024-02-06 00:17:20,46,F,3,high,married,3,unemployed,5826.0,86,422,4,3,0
1350,2024-10-05 10:18:23,31,F,1,high,married,7,private,5786.0,118,55,2,3,1
1351,2024-12-19 22:26:33,44,M,2,college,married,5,self_employed,3897.0,28,110,3,2,0
1352,2025-10-22 04:02:03,18,M,3,college,single,6,private,3025.0,39,54,2,1,0
1353,2024-06-01 05:29:06,19,M,2,high,single,9,private,5319.0,98,72,2,1,0
1354,2024-12-20 17:58:43,37,M,3,college,married,3,private,6426.0,4,466,2,3,0
1355,2024-08-31 04:02:41,41,F,5,high,married,8,private,2189.0,22,496,2,1,0
1356,2024-03-31 02:06:29,53,M,2,college,single,3,self_employed,3356.0,86,381,3,1,0
1357,2024-03-08 04:52:29,46,M,1,graduate,single,3,state,5457.0,48,91,3,3,0
1358,2024-09-15 17:25:50,27,M,4,high,single,0,private,3736.0,31,364,5,2,0
1359,2024-02-22 04:01:15,48,F,3,high,married,3,state,3069.0,37,398,3,1,0
1360,2024-02-11 00:45:36,36,M,4,college,married,6,private,3885.0,93,404,4,3,1
1361,2024-09-05 03:12:48,49,M,2,high,married,7,unemployed,4145.0,58,386,5,3,0
1362,2024-05-19 10:40:21,24,F,3,high,married,4,self_employed,2454.0,1,363,5,3,1
1363,2025-02-01 00:15:44,18,M,5,middle,married,3,state,3759.0,62,249,3,3,0
1364,2024-01-05 21:33:25,20,M,2,high,single,2,unemployed,4140.0,94,77,3,2,1
1365,2024-07-31 07:45:32,55,M,4,college,single,9,private,3066.0,20,421,5,3,1
1366,2024-11-18 21:27:50,21,F,3,high,single,4,private,2772.0,9,467,4,1,0
1367,2025-11-26 02:17:13,53,F,4,high,divorced,3,private,3016.0,76,275,1,1,1
1368,2025-03-31 05:08:43,45,F,2,high,married,10,self_employed,2592.0,106,243,5,2,1
1369,2025-09-26 22:12:10,23,M,3,college,married,7,private,4904.0,9,463,4,2,0
1370,2024-08-30 14:29:02,50,F,2,college,married,9,self_employed,2580.0,79,254,4,3,0
1371,2024-11-16 06:55:06,23,F,5,college,single,4,private,3890.0,94,217,5,3,0
1372,2024-10-25 21:05:19,23,M,1,college,single,4,private,3194.0,20,449,1,1,1
1373,2025-10-01 19:09:16,39,M,1,college,married,8,state,2844.0,32,468,5,1,0
1374,2025-11-23 05:20:47,28,M,4,high,divorced,10,state,5884.0,61,142,2,1,1
1375,2025-11-25 12:05:44,29,F,2,high,single,8,private,3478.0,74,174,5,3,0
1376,2025-06-24 22:23:37,25,M,3,middle,married,5,self_employed,2880.0,61,191,1,2,0
1377,2024-12-25 06:30:32,41,M,2,high,married,6,state,2786.0,23,122,3,2,0
1378,2025-01-21 19:48:29,19,F,3,graduate,married,3,private,4100.0,106,435,1,3,0
1379,2025-12-08 18:32:19,27,F,2,high,married,5,self_employed,4862.0,51,489,5,2,1
1380,2024-07-18 17:09:22,39,F,3,college,single,4,private,5680.0,64,284,3,2,0
1381,2024-09-02 02:18:56,36,F,3,middle,single,1,self_employed,3433.0,65,370,5,3,0
1382,2025-10-08 19:23:02,44,M,2,high,single,9,private,3362.0,67,239,4,1,1
1383,2024-10-01 00:21:56,26,F,2,high,single,1,self_employed,3812.0,35,499,3,2,1
1384,2024-06-12 14:54:05,42,M,2,high,married,2,private,3860.0,39,480,1,3,1
1385,2025-02-05 03:25:32,46,M,4,high,married,2,private,2779.0,17,387,3,3,0
1386,2024-08-17 12:00:16,32,F,2,college,married,2,state,6074.0,88,450,2,3,1
1387,2025-10-04 08:06:03,27,M,2,high,single,5,private,3669.0,38,110,2,1,0
1388,2025-10-17 14:48:55,39,M,2,college,single,10,state,4390.0,7,450,2,2,0
1389,2024-08-03 09:17:50,39,F,3,graduate,married,3,state,4224.0,6,242,2,2,1
1390,2025-01-13 13:34:36,21,M,4,high,single,8,private,4194.0,117,145,5,1,0
1391,2025-12-11 07:32:44,39,M,3,graduate,single,8,private,2562.0,52,469,5,2,0
1392,2025-06-17 21:24:37,23,F,4,middle,single,8,self_employed,3633.0,73,430,1,1,0
1393,2024-05-29 09:47:26,39,F,4,high,single,6,private,8089.0,65,110,2,2,0
1394,2025-02-27 05:50:55,53,F,4,high,single,8,private,6346.0,102,346,1,2,0
1395,2025-03-20 12:28:51,38,M,4,college,single,8,private,3847.0,107,447,3,3,1
1396,2025-04-14 00:15:17,46,F,2,college,married,7,private,3202.0,94,361,4,3,0
1397,2024-01-11 06:10:58,29,F,5,college,single,6,self_employed,1675.0,118,267,2,2,0
1398,2024-07-29 13:11:42,53,M,4,college,married,1,self_employed,3059.0,27,71,3,2,0
1399,2025-09-07 20:50:05,48,M,3,high,married,5,state,3542.0,54,273,2,3,0
1400,2024-06-17 04:50:18,52,M,2,college,married,8,state,3258.0,35,300,1,1,0
1401,2024-07-29 18:40:03,46,M,2,college,married,3,private,3339.0,100,430,2,1,0
1402,2024-08-15 10:03:57,42,M,3,high,single,2,self_employed,4527.0,34,148,4,3,1
1403,2024-05-01 11:50:07,37,F,3,high,single,6,self_employed,2565.0,96,143,5,3,1
1404,2024-04-15 11:20:10,53,F,4,high,married,1,private,4006.0,28,468,3,2,0
1405,2024-09-02 07:42:44,50,M,3,high,divorced,7,self_employed,3503.0,84,427,3,3,0
1406,2025-09-22 05:59:15,33,F,3,college,single,10,private,2674.0,2,303,3,3,1
1407,2023-12-25 02:53:33,21,M,2,high,married,5,private,6542.0,95,251,2,3,1
1408,2024-07-17 18:29:10,18,M,2,high,divorced,0,private,4730.0,100,328,4,2,1
1409,2024-02-06 06:11:05,26,F,1,college,married,2,private,2765.0,68,118,3,3,1
1410,2025-02-05 21:17:39,20,M,4,college,married,0,private,4364.0,65,159,1,2,0
1411,2024-06-23 22:32:35,26,F,3,graduate,married,5,private,2239.0,56,294,2,1,0
1412,2025-07-24 03:23:30,22,M,5,college,married,3,private,2886.0,71,240,1,1,0
1413,2025-02-23 01:29:39,55,M,4,college,married,8,private,5794.0,68,130,3,3,0
1414,2025-07-18 04:35:54,21,M,4,high,married,9,private,4118.0,60,288,3,1,1
1415,2025-03-31 11:35:01,41,M,3,college,married,4,private,4003.0,63,344,3,1,0
1416,2024-11-08 00:31:38,31,F,4,high,single,10,self_employed,5143.0,15,416,1,3,1
1417,2025-09-12 12:08:33,24,F,5,middle,divorced,4,state,4510.0,56,334,5,2,1
1418,2024-12-05 16:01:40,44,M,4,graduate,divorced,1,private,3317.0,53,325,1,3,1
1419,2025-11-16 10:51:09,54,M,1,college,married,9,private,5053.0,108,301,2,3,1
1420,2025-12-19 03:10:28,48,F,3,college,single,4,private,2016.0,36,100,2,2,0
1421,2025-02-25 23:39:10,55,F,2,high,married,9,private,2882.0,117,223,3,2,1
1422,2025-04-29 10:56:52,40,M,1,college,single,8,private,3519.0,108,253,3,2,1
1423,2024-06-27 15:12:29,43,M,4,middle,married,10,private,4410.0,94,286,5,2,0
1424,2025-08-09 16:27:55,23,M,4,high,single,7,private,3249.0,85,183,5,1,0
1425,2025-04-27 06:17:44,50,M,2,middle,married,6,self_employed,1950.0,39,385,1,1,0
1426,2025-10-12 20:44:43,46,M,1,middle,divorced,2,private,1856.0,20,293,3,3,0
1427,2024-07-05 21:59:05,27,M,4,middle,single,3,private,3555.0,95,187,3,3,1
1428,2025-07-20 22:34:26,31,M,2,college,married,3,private,3080.0,85,261,5,1,0
1429,2024-12-01 07:13:57,41,M,1,high,married,3,self_employed,2648.0,100,370,2,1,0
1430,2024-05-07 04:20:31,18,M,4,college,single,6,self_employed,2497.0,66,60,3,2,0
1431,2024-04-26 23:21:52,49,F,4,graduate,single,9,self_employed,3815.0,108,203,5,1,1
1432,2025-02-06 09:13:52,28,F,3,high,single,0,unemployed,5743.0,10,143,3,2,0
1433,2024-08-13 04:45:24,20,M,3,college,married,6,state,3816.0,14,195,4,3,0
1434,2024-03-07 09:11:08,30,M,2,high,married,8,private,5770.0,9,347,2,2,1
1435,2024-10-30 19:36:11,49,M,2,graduate,single,4,self_employed,3194.0,39,146,4,3,0
1436,2025-04-13 15:11:44,28,F,4,high,single,3,private,4252.0,18,295,1,2,0
1437,2024-08-12 19:59:21,38,F,4,high,married,4,self_employed,5844.0,5,220,5,3,0
1438,2025-11-20 09:43:19,48,M,2,high,single,9,private,3445.0,98,74,1,3,1
1439,2025-07-15 01:40:13,19,F,2,graduate,married,10,private,3674.0,19,449,3,2,0
1440,2025-01-01 07:03:56,46,F,2,high,single,7,private,3194.0,100,319,1,3,0
1441,2025-11-05 07:07:58,28,F,1,college,married,5,private,4480.0,78,184,1,1,1
1442,2024-11-04 01:40:41,44,M,2,high,married,7,state,4993.0,73,276,4,3,0
1443,2024-04-03 22:59:33,25,M,1,college,married,7,private,4117.0,15,495,4,3,0
1444,2024-01-19 03:57:54,23,F,4,high,single,8,private,3360.0,2,117,2,2,0
1445,2025-11-07 18:10:22,47,M,2,middle,married,1,private,2154.0,17,434,1,1,1
1446,2025-11-23 15:14:58,48,F,4,middle,married,0,self_employed,3580.0,39,50,1,1,1
1447,2025-06-15 15:39:52,55,F,3,high,married,3,self_employed,3404.0,115,439,5,1,1
1448,2024-03-08 04:36:25,43,M,4,college,single,2,self_employed,3954.0,49,201,4,3,0
1449,2024-07-25 08:45:24,35,M,5,college,single,6,private,3793.0,28,183,2,1,0
1450,2024-01-22 23:42:20,25,M,2,high,married,5,private,6313.0,35,401,2,1,1
1451,2024-01-30 09:52:28,29,M,1,high,married,10,private,2853.0,41,123,4,3,0
1452,2024-06-20 15:05:13,42,F,4,middle,married,8,private,2098.0,70,109,5,3,1
1453,2025-02-13 15:55:24,31,F,1,college,married,1,private,2441.0,97,260,4,1,0
1454,2024-02-09 20:05:35,36,M,2,college,married,9,self_employed,2917.0,8,475,5,1,0
1455,2025-12-11 18:12:40,24,F,1,college,divorced,8,private,5317.0,93,199,5,3,1
1456,2024-11-20 05:39:52,34,M,4,college,married,4,private,2312.0,3,294,2,3,0
1457,2024-07-03 14:34:25,27,F,1,high,single,0,state,2423.0,39,229,4,3,0
1458,2025-01-03 17:51:29,22,M,3,high,single,8,private,4209.0,71,392,2,3,0
1459,2025-07-22 19:31:17,23,F,3,college,married,2,private,4901.0,13,455,2,3,0
1460,2024-08-08 04:13:31,37,F,3,middle,single,2,self_employed,2117.0,32,490,5,2,0
1461,2024-01-27 16:26:22,31,M,2,middle,married,5,self_employed,1958.0,77,171,2,1,1
1462,2024-01-30 04:49:39,21,F,4,high,single,0,self_employed,2765.0,83,168,5,3,0
1463,2025-09-05 22:47:33,37,F,4,college,single,4,self_employed,4583.0,10,466,2,1,0
1464,2024-03-14 11:14:18,24,M,3,college,married,2,private,3828.0,94,312,5,1,1
1465,2025-03-31 23:04:17,18,F,2,graduate,married,0,self_employed,2800.0,49,197,2,2,0
1466,2024-09-29 16:31:00,23,F,4,high,married,9,self_employed,4716.0,74,203,1,2,0
1467,2025-07-13 14:06:00,35,F,4,high,single,2,private,3803.0,26,129,3,2,0
1468,2024-02-06 04:27:30,54,M,3,high,single,5,self_employed,3506.0,119,88,3,2,1
1469,2025-10-09 09:19:09,27,F,2,college,married,8,unemployed,2069.0,92,206,2,3,0
1470,2025-05-16 16:17:02,28,F,1,high,married,5,state,2780.0,78,407,2,3,0
1471,2024-11-15 23:20:44,27,F,1,graduate,single,3,private,7222.0,23,347,5,3,0
1472,2024-05-23 02:59:59,31,M,1,college,married,8,private,3237.0,93,55,2,2,0
1473,2025-12-06 07:31:32,45,M,1,college,single,7,self_employed,2605.0,46,70,4,2,0
1474,2024-07-31 12:17:37,30,F,2,college,married,0,self_employed,3185.0,77,441,1,1,0
1475,2024-12-16 01:46:19,42,M,4,high,single,9,private,3796.0,79,407,5,3,0
1476,2024-10-06 17:05:01,52,M,4,college,divorced,1,private,4960.0,97,408,4,1,0
1477,2024-06-09 07:14:30,53,M,4,high,single,8,private,4525.0,101,438,1,1,0
1478,2024-10-23 03:00:02,39,F,3,college,married,1,private,2873.0,47,337,3,3,0
1479,2024-04-12 14:00:34,45,M,3,college,married,0,self_employed,5682.0,10,202,4,3,0
1480,2023-12-25 05:05:44,52,F,2,college,single,1,state,4842.0,53,316,4,3,1
1481,2024-07-22 16:40:34,47,F,4,high,single,8,state,3116.0,49,339,3,1,1
1482,2024-03-14 19:28:22,29,F,2,graduate,married,4,state,3481.0,41,431,1,3,0
1483,2024-10-21 18:55:35,23,F,3,graduate,married,6,state,4493.0,59,289,1,2,0
1484,2025-09-13 19:38:06,22,M,5,college,married,3,self_employed,5304.0,70,75,5,1,0
1485,2024-04-20 16:12:47,51,F,4,graduate,married,1,private,2140.0,75,330,1,1,1
1486,2023-12-24 21:36:11,39,M,2,college,single,8,private,3732.0,45,382,2,3,1
1487,2024-03-14 02:22:08,29,F,4,high,married,9,self_employed,3602.0,74,476,5,3,0
1488,2024-12-28 23:05:31,31,M,1,high,single,9,private,2982.0,119,131,5,2,1
1489,2024-07-11 15:09:53,28,F,1,middle,married,0,private,2976.0,79,437,3,2,0
1490,2024-12-15 08:04:30,48,F,1,college,married,10,private,5266.0,73,59,4,3,1
1491,2024-01-14 08:25:21,41,M,2,college,married,5,self_employed,4390.0,35,379,3,2,1
1492,2024-08-23 03:48:34,51,F,4,middle,single,2,private,7611.0,41,190,1,3,0
1493,2024-10-18 09:33:28,29,M,2,high,single,2,state,2983.0,7,102,3,1,1
1494,2024-11-02 20:50:57,35,M,1,college,married,5,private,3820.0,61,197,4,1,0
1495,2025-01-29 08:17:34,22,M,5,college,single,6,self_employed,4058.0,9,298,4,2,1
1496,2025-07-15 19:46:53,54,M,3,graduate,married,0,state,4982.0,94,136,3,2,0
1497,2024-11-29 01:52:06,37,F,3,high,married,5,self_employed,5857.0,115,298,5,1,0
1498,2025-08-29 01:53:20,39,F,3,college,single,2,self_employed,3762.0,97,370,1,1,0
1499,2025-01-13 16:57:51,33,M,3,high,single,10,self_employed,2482.0,19,445,3,1,0
1500,2024-07-01 01:18:23,28,F,3,middle,married,6,private,2839.0,77,302,1,2,0
1501,2024-06-08 04:23:59,54,F,3,college,married,4,private,3827.0,52,321,1,3,0
1502,2024-08-15 10:01:57,36,F,4,high,single,4,self_employed,5394.0,1,464,5,1,0
1503,2025-03-04 03:34:06,43,M,2,college,single,9,self_employed,2195.0,86,65,4,3,1
1504,2024-06-18 00:17:58,19,F,3,high,single,7,self_employed,2418.0,105,393,5,2,0
1505,2025-10-21 08:19:16,28,M,1,high,married,4,unemployed,4746.0,56,490,3,1,0
1506,2024-12-08 07:12:24,48,F,4,college,married,9,state,2315.0,110,422,3,1,0
1507,2025-09-14 04:32:20,21,F,2,middle,married,6,state,2456.0,7,466,1,3,0
1508,2025-05-05 18:41:11,21,F,2,high,divorced,0,self_employed,5420.0,105,457,1,1,0
1509,2024-08-23 08:20:07,48,M,5,high,married,6,private,3370.0,82,315,1,2,0
1510,2024-06-07 14:59:25,29,M,3,high,married,10,self_employed,3281.0,81,413,2,2,0
1511,2025-06-19 01:54:06,28,F,2,college,single,9,self_employed,5878.0,61,214,3,3,0
1512,2024-08-21 10:29:24,39,M,2,middle,married,0,state,2510.0,4,103,2,2,0
1513,2024-06-21 05:07:19,25,M,2,college,married,9,private,2339.0,55,88,4,3,1
1514,2025-11-02 04:20:18,19,F,5,college,married,10,self_employed,6440.0,115,133,4,3,1
1515,2024-12-10 07:40:32,18,F,3,college,married,1,unemployed,3951.0,56,376,3,1,1
1516,2024-01-28 10:56:02,21,M,2,high,single,7,private,4619.0,9,231,3,2,1
1517,2024-12-19 04:19:44,24,M,3,college,married,8,private,3265.0,60,415,3,2,0
1518,2024-11-24 08:41:00,44,F,3,college,married,0,self_employed,3508.0,18,199,2,2,1
1519,2025-09-14 16:43:40,29,M,1,high,married,9,self_employed,2846.0,51,406,4,2,1
1520,2025-05-26 10:29:48,20,M,4,college,married,4,self_employed,4070.0,76,449,5,3,1
1521,2024-05-11 16:34:44,18,M,1,middle,divorced,3,state,4871.0,9,197,1,3,0
1522,2024-04-11 19:57:15,36,M,4,high,married,2,private,3899.0,56,286,5,2,0
1523,2025-03-08 14:58:36,49,F,4,college,married,5,private,5278.0,61,291,3,1,1
1524,2024-01-27 13:59:34,30,M,1,high,single,8,self_employed,4591.0,91,445,1,3,0
1525,2024-08-12 21:09:34,20,M,4,middle,married,9,private,2523.0,9,219,5,3,0
1526,2024-04-02 21:21:29,26,M,4,middle,married,2,private,3461.0,76,224,3,3,0
1527,2024-01-08 00:14:42,36,M,3,middle,married,9,private,3112.0,75,399,1,2,0
1528,2025-10-24 17:46:56,25,M,3,college,divorced,9,private,4740.0,1,458,3,3,0
1529,2024-02-27 13:39:36,55,F,1,high,single,0,private,4279.0,15,62,3,3,1
1530,2023-12-30 18:13:52,47,F,1,college,married,3,self_employed,3807.0,78,82,2,1,1
1531,2025-11-04 00:15:56,31,M,4,college,single,0,private,5191.0,104,470,4,1,1
1532,2024-05-09 11:24:03,54,M,1,high,married,10,state,1895.0,103,250,3,1,1
1533,2025-08-11 02:05:35,30,M,2,high,single,5,private,2948.0,93,302,3,1,0
1534,2024-01-15 20:05:13,23,M,3,high,single,2,self_employed,3037.0,103,456,1,1,0
1535,2024-04-14 02:18:09,53,F,2,college,single,9,private,3976.0,73,229,2,1,1
1536,2024-03-13 18:13:41,54,M,4,high,single,7,private,4418.0,19,252,1,3,0
1537,2025-05-22 13:43:28,29,F,4,middle,single,10,private,3639.0,64,432,2,2,0
1538,2025-03-20 17:00:55,40,F,4,graduate,married,8,unemployed,2298.0,42,380,4,3,1
1539,2024-12-05 02:47:43,24,M,1,high,single,10,self_employed,4198.0,31,362,5,3,1
1540,2024-06-17 09:30:49,42,F,3,high,single,2,state,3808.0,15,212,2,1,0
1541,2024-02-26 20:49:35,44,M,4,college,single,2,private,2178.0,3,366,4,1,1
1542,2025-02-11 12:35:42,44,M,2,graduate,single,0,private,3283.0,91,423,4,2,1
1543,2024-06-09 10:06:51,39,F,4,high,single,3,unemployed,4150.0,21,461,4,1,1
1544,2025-02-26 20:13:23,44,M,3,high,married,6,private,6494.0,76,334,1,2,1
1545,2025-05-08 20:26:24,39,F,2,high,married,6,self_employed,2487.0,37,443,2,2,0
1546,2025-09-04 02:06:25,49,F,2,high,single,7,self_employed,4801.0,59,416,4,3,1
1547,2024-12-18 14:37:01,24,M,3,high,married,8,self_employed,2498.0,48,379,2,1,1
1548,2023-12-27 11:04:09,36,F,2,high,single,8,private,2334.0,36,291,4,1,0
1549,2024-07-15 21:16:59,33,M,4,college,married,5,private,2383.0,58,246,5,1,1
1550,2025-09-06 23:01:58,38,F,3,college,divorced,3,private,4500.0,95,337,5,1,0
1551,2025-01-16 06:33:25,23,M,1,graduate,single,4,unemployed,3810.0,61,449,3,3,0
1552,2025-03-19 22:57:59,30,M,4,college,single,9,self_employed,3261.0,95,288,2,2,0
1553,2024-11-22 05:03:51,54,M,3,middle,married,8,private,4274.0,110,365,2,3,0
1554,2024-04-20 19:15:57,21,F,2,high,single,10,self_employed,3693.0,59,305,3,1,0
1555,2025-10-08 14:14:56,42,M,5,college,single,5,private,3785.0,97,342,4,3,1
1556,2025-07-10 05:51:46,43,F,4,high,married,8,private,3274.0,15,360,5,3,0
1557,2025-12-19 11:36:48,36,M,3,middle,married,4,private,2541.0,68,73,5,3,1
1558,2025-09-08 12:12:42,19,M,4,college,single,0,self_employed,6581.0,56,104,2,2,0
1559,2024-07-23 12:39:18,19,M,3,high,married,8,private,5944.0,1,67,1,3,1
1560,2024-06-26 14:41:46,28,M,3,middle,single,0,private,6352.0,108,396,1,2,0
1561,2024-06-22 09:16:19,21,F,2,college,single,6,private,3015.0,89,453,2,3,1
1562,2025-10-24 17:15:55,21,M,2,graduate,married,10,private,2868.0,71,210,2,3,1
1563,2025-02-02 13:30:22,24,F,3,college,married,0,private,3149.0,84,84,1,3,1
1564,2024-11-19 18:05:39,25,F,3,high,married,8,private,5303.0,91,55,5,1,0
1565,2025-11-29 19:56:23,49,M,4,college,married,9,self_employed,3641.0,94,250,2,3,0
1566,2025-03-08 11:59:47,42,F,3,graduate,married,6,unemployed,3011.0,36,340,1,1,1
1567,2025-10-17 21:14:53,19,F,3,middle,married,7,private,4135.0,51,200,3,2,0
1568,2025-12-11 19:03:35,41,F,4,college,married,9,unemployed,2814.0,42,326,1,3,0
1569,2024-02-19 23:53:14,23,M,5,college,single,8,self_employed,2266.0,110,119,5,1,0
1570,2024-09-12 22:06:43,34,F,2,college,married,0,self_employed,3809.0,15,377,5,3,1
1571,2025-06-11 22:07:14,19,F,5,high,single,8,private,3039.0,109,199,5,1,1
1572,2025-08-08 14:33:06,21,M,4,graduate,married,8,self_employed,3624.0,42,500,2,1,1
1573,2024-04-10 09:27:24,23,F,1,high,single,2,state,1500.0,94,397,4,1,0
1574,2024-08-12 10:21:09,34,M,2,middle,married,7,private,2665.0,21,258,1,3,1
1575,2025-01-27 03:59:18,35,F,2,middle,married,9,self_employed,3584.0,102,476,1,3,1
1576,2025-07-29 10:13:15,31,F,3,high,married,9,private,2142.0,65,488,3,2,1
1577,2024-03-15 11:11:10,41,F,3,middle,single,9,self_employed,2167.0,119,138,4,1,0
1578,2025-03-06 12:51:29,45,F,3,college,single,8,state,3691.0,48,310,1,2,1
1579,2024-07-27 09:40:46,45,F,4,college,married,1,private,4654.0,120,345,5,3,1
1580,2024-05-29 22:33:06,40,F,2,middle,divorced,5,private,2665.0,101,211,3,3,1
1581,2025-01-03 05:47:34,38,M,3,college,married,2,self_employed,3322.0,1,500,4,3,0
1582,2024-10-21 05:44:13,36,M,4,graduate,single,0,private,3349.0,46,355,1,1,1
1583,2025-04-01 01:39:45,27,M,5,middle,single,2,self_employed,2107.0,49,393,5,3,1
1584,2024-08-11 20:58:34,36,M,4,college,married,10,self_employed,5510.0,26,138,3,2,0
1585,2025-08-15 23:47:39,18,F,2,graduate,single,6,private,3415.0,106,456,3,2,1
1586,2024-02-19 00:27:32,54,F,1,college,married,8,state,3428.0,11,485,4,2,1
1587,2025-09-13 04:07:35,32,M,2,college,married,5,unemployed,4149.0,32,457,5,3,1
1588,2024-01-14 18:42:18,46,M,3,college,single,3,unemployed,2109.0,31,248,1,2,0
1589,2025-06-13 04:53:36,54,F,2,college,single,5,private,5024.0,51,471,1,1,0
1590,2024-09-01 22:18:21,36,M,5,high,single,10,private,5259.0,84,54,3,2,0
1591,2024-09-28 20:01:29,50,F,4,high,married,3,private,3825.0,1,141,4,1,0
1592,2024-01-06 21:28:41,36,F,3,college,married,3,self_employed,4280.0,76,345,5,3,0
1593,2025-05-19 12:47:32,23,M,2,high,single,9,private,3248.0,49,398,1,3,1
1594,2024-04-22 19:20:43,19,M,3,high,married,4,private,4925.0,75,104,2,2,0
1595,2025-04-18 04:25:35,23,M,3,high,single,9,private,2730.0,8,182,4,3,0
1596,2025-06-05 09:12:42,53,M,4,college,married,10,unemployed,3600.0,103,90,5,3,0
1597,2025-09-01 00:34:50,36,M,1,college,married,0,private,3676.0,70,96,2,2,1
1598,2025-05-23 21:45:30,30,M,4,high,single,7,self_employed,3592.0,31,60,5,1,1
1599,2024-07-31 02:17:03,34,M,2,high,single,1,private,5293.0,95,497,5,3,0
1600,2025-06-15 03:55:42,27,M,2,middle,married,9,state,7831.0,57,448,2,2,0
1601,2025-08-17 22:38:58,51,M,5,middle,single,1,state,3504.0,47,324,5,1,0
1602,2024-08-11 12:31:24,55,F,2,college,single,9,unemployed,4293.0,21,65,3,3,1
1603,2024-03-23 15:34:45,21,M,1,middle,married,8,self_employed,2749.0,59,379,5,1,1
1604,2025-10-03 17:08:27,45,F,3,graduate,married,5,private,5225.0,27,292,5,1,1
1605,2024-04-09 23:54:29,30,M,3,high,married,2,private,3038.0,89,400,2,3,1
1606,2025-03-01 11:54:40,19,M,1,middle,married,2,private,10947.0,45,270,4,3,1
1607,2024-06-13 11:38:01,53,M,1,college,married,4,private,2029.0,15,53,3,1,0
1608,2024-03-24 23:58:53,20,F,1,high,single,9,unemployed,7720.0,85,460,4,2,0
1609,2025-07-12 18:47:35,25,M,3,high,single,9,private,5151.0,102,446,1,1,0
1610,2024-04-06 21:57:03,18,M,2,middle,married,5,self_employed,2458.0,101,460,2,3,0
1611,2025-04-26 06:21:24,35,M,4,college,single,2,private,8199.0,59,348,2,3,0
1612,2025-05-12 23:01:54,40,F,4,high,married,6,self_employed,2631.0,37,465,5,1,0
1613,2024-02-05 23:11:40,30,M,2,college,single,9,self_employed,3262.0,27,82,2,1,0
1614,2024-04-28 05:58:39,20,M,2,college,single,5,self_employed,2313.0,48,230,2,2,0
1615,2025-07-25 21:14:55,22,F,2,college,married,9,private,3459.0,13,194,4,1,1
1616,2024-12-28 07:46:05,53,M,2,college,married,0,self_employed,3574.0,107,263,4,2,0
1617,2024-03-21 14:05:08,48,M,2,college,single,5,self_employed,4868.0,30,68,4,1,0
1618,2025-12-16 23:53:19,53,F,4,college,married,0,private,8548.0,94,422,5,3,0
1619,2024-07-04 10:35:32,38,M,2,high,single,6,unemployed,3043.0,47,184,5,3,0
1620,2023-12-26 22:12:47,38,M,3,college,single,6,self_employed,1500.0,83,104,2,1,1
1621,2025-10-28 15:23:19,47,M,4,college,married,3,private,4569.0,110,139,5,2,0
1622,2024-01-05 02:28:41,41,M,4,middle,married,8,private,3003.0,49,101,3,3,1
1623,2025-01-30 22:50:18,34,F,2,college,single,10,private,6881.0,116,359,5,3,1
1624,2025-12-17 22:50:30,29,F,2,high,single,5,private,3597.0,41,465,4,2,1
1625,2025-02-17 19:13:11,36,F,5,college,married,4,self_employed,2791.0,31,87,1,2,0
1626,2025-02-22 18:52:20,20,M,2,middle,married,2,self_employed,2554.0,87,63,5,3,0
1627,2024-10-02 08:49:27,25,F,4,middle,single,0,private,4528.0,17,446,3,1,0
1628,2024-03-25 15:27:45,46,F,4,middle,single,4,state,3307.0,12,222,3,3,1
1629,2025-02-14 01:33:38,50,M,3,high,single,4,state,6086.0,45,104,2,1,1
1630,2025-10-09 00:44:04,21,F,2,middle,married,8,private,3382.0,66,137,4,3,1
1631,2024-02-28 12:07:19,21,F,2,middle,married,9,self_employed,5974.0,57,355,5,3,0
1632,2025-09-26 16:15:46,21,F,3,college,single,1,state,2246.0,8,87,1,1,0
1633,2024-10-21 23:36:53,48,M,3,high,single,1,private,1981.0,66,231,2,2,0
1634,2025-01-18 10:13:52,29,M,4,graduate,single,6,private,4867.0,75,489,1,3,1
1635,2024-04-22 17:53:36,30,F,4,college,married,4,self_employed,3095.0,35,244,1,1,0
1636,2025-03-21 21:47:46,18,F,5,middle,married,7,private,3320.0,69,124,1,2,0
1637,2024-05-05 02:49:33,54,M,5,high,married,3,private,2555.0,43,392,2,3,0
1638,2024-07-10 10:14:22,34,M,4,high,married,4,unemployed,2490.0,8,244,3,2,0
1639,2025-06-02 18:38:44,48,F,1,high,single,4,self_employed,4548.0,90,229,5,3,0
1640,2024-01-29 21:06:18,44,M,3,high,married,6,self_employed,3617.0,51,165,3,1,0
1641,2024-11-14 10:37:15,23,M,3,college,single,0,private,2512.0,119,389,2,2,0
1642,2025-03-02 00:49:28,48,F,3,college,single,9,state,4802.0,24,271,1,3,0
1643,2024-03-29 09:08:28,38,M,2,high,married,3,state,5493.0,1,268,5,1,0
1644,2024-07-26 04:06:39,40,M,3,college,married,2,private,3505.0,96,395,1,2,0
1645,2024-08-30 18:08:52,25,M,2,high,single,7,private,5173.0,104,213,4,2,1
1646,2025-04-21 10:38:26,50,F,2,college,married,1,private,2564.0,110,347,2,3,1
1647,2025-12-05 23:56:30,53,M,4,graduate,married,6,state,4456.0,119,127,4,3,1
1648,2025-08-25 11:00:55,33,F,3,high,married,0,unemployed,3853.0,38,307,5,2,0
1649,2024-05-10 12:41:45,21,F,3,college,married,2,self_employed,2760.0,82,243,5,3,1
1650,2024-01-06 06:10:21,50,F,3,college,single,7,private,7469.0,4,280,1,2,0
1651,2024-01-30 21:29:59,51,M,3,high,married,4,private,3950.0,51,214,3,2,0
1652,2025-03-02 20:54:19,37,M,2,middle,single,9,state,2961.0,108,109,3,1,1
1653,2024-04-16 01:41:02,40,M,3,college,single,3,private,3666.0,77,465,5,1,0
1654,2024-06-09 20:02:06,26,F,2,high,single,7,private,2685.0,102,231,4,1,0
1655,2025-09-02 14:18:04,20,F,3,high,married,0,unemployed,2429.0,114,387,1,1,0
1656,2025-09-21 22:31:35,53,F,2,college,married,10,unemployed,3111.0,96,458,5,3,1
1657,2025-08-27 11:49:08,36,M,5,high,married,6,unemployed,3186.0,83,250,2,1,1
1658,2024-06-26 04:12:07,28,M,4,middle,married,7,private,2748.0,43,420,4,3,0
1659,2025-03-20 08:52:30,44,F,3,graduate,divorced,3,self_employed,5641.0,64,247,1,2,0
1660,2025-03-13 20:41:33,18,M,2,high,married,3,self_employed,2785.0,10,79,2,1,0
1661,2024-05-07 05:32:05,21,F,3,college,married,4,state,2627.0,70,447,1,3,0
1662,2025-01-31 02:02:07,27,M,4,college,single,2,private,2404.0,117,429,1,2,0
1663,2025-01-10 10:29:41,35,F,3,middle,single,0,private,2325.0,18,305,5,3,0
1664,2024-10-08 04:50:13,31,F,4,college,married,7,private,5217.0,60,423,1,3,1
1665,2025-06-24 17:08:07,25,M,4,college,married,7,self_employed,3985.0,108,351,4,3,1
1666,2025-05-01 15:54:56,31,M,3,high,single,7,self_employed,4636.0,43,411,4,2,0
1667,2025-01-15 20:06:43,30,F,3,college,married,6,unemployed,5200.0,71,75,1,1,0
1668,2025-06-05 19:29:02,37,M,3,graduate,single,5,state,3240.0,94,417,2,2,1
1669,2025-07-03 01:39:41,39,M,3,graduate,single,10,private,6095.0,95,146,3,3,0
1670,2025-02-09 20:45:00,51,M,3,middle,single,5,private,2924.0,81,493,2,3,0
1671,2024-07-06 09:39:06,48,M,4,high,single,7,private,2481.0,8,485,5,2,0
1672,2025-06-29 15:33:27,29,F,1,college,single,4,unemployed,4150.0,6,74,1,1,0
1673,2025-05-30 20:35:44,52,M,2,graduate,married,0,private,3830.0,91,343,4,3,0
1674,2025-12-10 21:28:01,37,M,2,college,married,3,private,3828.0,116,223,3,2,0
1675,2024-04-11 08:13:28,25,F,5,high,single,7,state,5195.0,33,164,2,2,1
1676,2024-10-25 01:39:08,30,M,3,college,single,6,self_employed,3779.0,67,486,2,2,0
1677,2025-10-28 16:27:05,46,M,2,high,married,7,state,4063.0,9,231,4,2,1
1678,2025-01-02 15:29:42,49,F,3,high,single,8,private,5860.0,23,299,2,2,0
1679,2025-11-11 02:45:10,32,F,3,college,married,2,self_employed,3997.0,59,191,4,2,0
1680,2024-01-02 02:28:20,23,F,4,high,married,8,private,4329.0,2,357,1,1,0
1681,2024-01-18 16:10:30,25,F,5,college,married,7,state,2217.0,71,163,2,2,1
1682,2025-07-27 02:25:13,21,M,4,high,single,3,state,13382.0,67,213,3,1,0
1683,2024-09-10 15:42:48,44,M,4,college,divorced,5,private,2086.0,12,368,2,1,0
1684,2025-01-06 18:25:50,37,F,2,graduate,married,9,private,3015.0,72,145,1,3,0
1685,2024-10-31 10:43:34,35,F,2,high,married,1,private,2983.0,55,403,2,1,1
1686,2024-10-16 19:29:03,43,F,3,college,married,3,private,7614.0,12,491,3,3,1
1687,2025-11-08 19:35:22,49,M,3,college,married,2,state,2951.0,27,367,5,2,1
1688,2024-03-01 16:08:26,48,M,2,high,single,3,private,4250.0,66,213,4,3,0
1689,2025-07-09 17:14:28,23,M,4,college,married,2,private,2990.0,98,131,5,2,0
1690,2025-10-03 10:46:49,40,F,2,college,married,8,self_employed,2530.0,52,302,3,3,0
1691,2025-04-16 21:51:17,51,F,2,middle,married,10,self_employed,4445.0,76,247,1,2,0
1692,2024-10-07 08:31:36,47,M,2,college,married,10,self_employed,2831.0,53,159,1,1,1
1693,2024-04-18 19:26:30,30,M,4,high,married,3,self_employed,3915.0,104,215,4,2,1
1694,2025-05-05 06:49:46,32,M,4,high,single,10,private,4534.0,118,486,4,2,0
1695,2024-11-30 05:20:16,51,M,3,high,single,0,private,7097.0,51,126,5,1,1
1696,2024-04-11 01:02:06,19,F,4,college,married,1,state,2341.0,36,166,3,2,0
1697,2024-09-11 13:04:26,37,F,4,graduate,single,3,self_employed,3451.0,70,207,5,1,0
1698,2025-11-24 22:20:58,22,M,3,high,single,3,private,3502.0,107,462,2,2,0
1699,2024-07-04 17:33:19,51,F,4,middle,married,10,unemployed,3642.0,72,211,5,1,0
1700,2024-05-02 06:17:58,19,F,2,middle,married,8,state,8947.0,42,181,1,1,0
1701,2025-05-04 20:12:33,18,M,3,college,married,8,private,3427.0,94,184,3,2,0
1702,2024-05-17 15:58:32,30,M,1,high,single,8,self_employed,1507.0,22,477,5,1,1
1703,2025-10-25 12:48:20,25,M,3,high,single,7,private,3397.0,33,209,4,1,1
1704,2025-09-11 01:22:46,36,M,3,high,married,5,unemployed,3493.0,19,215,2,1,0
1705,2025-12-10 23:26:55,29,M,1,high,married,0,private,3346.0,110,214,5,2,1
1706,2025-10-20 04:26:58,31,F,3,college,single,0,self_employed,2831.0,113,443,3,1,0
1707,2024-06-18 22:44:59,39,M,3,college,married,10,state,2293.0,116,370,5,1,0
1708,2024-05-26 20:49:21,39,M,3,high,married,5,private,7753.0,3,320,1,3,0
1709,2024-08-30 03:02:34,53,F,1,high,married,10,self_employed,4070.0,108,146,5,2,0
1710,2024-11-30 22:54:41,36,M,1,high,married,0,private,3404.0,27,101,4,3,0
1711,2025-09-26 09:31:28,39,F,2,college,single,6,private,7667.0,115,89,1,2,1
1712,2025-06-11 10:49:50,43,F,4,middle,married,3,private,2686.0,41,183,2,2,1
1713,2025-04-07 10:29:45,24,F,4,high,married,4,self_employed,4496.0,37,407,5,1,0
1714,2025-09-25 04:58:03,43,F,2,college,single,7,self_employed,2352.0,79,393,4,1,0
1715,2025-04-08 11:56:49,50,F,4,high,single,5,private,4735.0,95,402,1,3,1
1716,2024-09-25 17:00:11,30,F,3,college,married,1,self_employed,2448.0,46,351,1,1,1
1717,2024-10-20 11:46:32,24,M,5,high,married,10,self_employed,4293.0,99,282,2,1,0
1718,2025-01-04 10:10:53,31,M,1,high,married,7,private,7213.0,3,210,2,3,0
1719,2024-02-26 19:17:20,28,M,3,college,single,3,unemployed,3762.0,108,377,4,3,1
1720,2025-06-17 10:52:17,40,M,3,high,single,6,private,1690.0,63,138,4,2,0
1721,2025-04-13 12:38:00,50,M,2,high,divorced,1,self_employed,3687.0,65,80,2,2,1
1722,2025-06-09 17:30:08,40,M,1,college,single,4,state,4308.0,107,423,2,2,0
1723,2025-01-16 18:40:20,22,M,1,high,single,4,unemployed,4991.0,7,263,1,1,1
1724,2025-07-17 13:27:41,29,M,3,graduate,married,4,private,6098.0,107,330,1,1,1
1725,2025-11-16 07:38:12,44,M,4,high,divorced,5,private,6208.0,25,481,5,3,0
1726,2025-02-12 01:14:25,30,F,4,college,married,10,self_employed,3478.0,119,357,4,3,0
1727,2024-11-12 09:36:16,40,F,2,college,single,0,self_employed,2891.0,87,394,4,1,0
1728,2024-03-09 08:51:23,44,F,4,middle,married,6,state,2461.0,42,266,5,2,0
1729,2025-07-14 10:25:35,30,M,3,college,married,10,state,3014.0,8,193,1,3,0
1730,2025-10-13 21:36:43,42,F,5,college,married,9,self_employed,4302.0,15,208,2,1,0
1731,2025-05-17 15:04:01,33,F,1,high,single,9,private,2271.0,15,456,4,1,0
1732,2025-09-15 20:49:51,23,M,4,high,married,4,private,2632.0,9,222,4,3,1
1733,2025-09-12 16:12:54,32,F,5,graduate,married,6,private,4433.0,74,471,4,3,0
1734,2025-07-28 14:40:01,34,M,4,college,single,6,private,2904.0,105,64,2,2,0
1735,2024-12-25 02:27:59,18,F,4,graduate,single,9,self_employed,4144.0,96,182,1,2,1
1736,2024-03-05 21:35:26,51,F,2,college,single,10,private,2738.0,90,475,3,1,1
1737,2023-12-26 08:51:56,38,M,4,college,married,2,private,4027.0,118,311,4,1,0
1738,2024-05-21 05:02:30,19,F,3,college,single,1,private,2779.0,76,215,4,2,0
1739,2024-11-02 15:33:03,50,M,3,college,married,2,self_employed,1871.0,12,129,1,1,0
1740,2025-06-18 19:52:42,50,M,5,college,single,2,private,5088.0,60,267,4,2,1
1741,2024-11-20 17:44:23,18,M,2,college,married,3,private,2854.0,91,481,4,3,0
1742,2024-01-09 21:24:52,24,M,3,middle,married,10,self_employed,3338.0,55,211,2,3,0
1743,2024-05-25 13:15:14,31,M,5,college,married,2,private,2859.0,37,267,2,2,1
1744,2025-12-07 20:00:56,37,F,2,middle,married,4,self_employed,4405.0,60,210,1,1,0
1745,2025-12-14 06:09:07,45,M,2,graduate,married,3,private,4091.0,94,438,1,3,1
1746,2024-09-24 07:34:29,34,M,2,college,married,2,self_employed,4402.0,44,359,3,3,1
1747,2025-08-02 15:20:50,41,F,4,college,married,2,private,3004.0,43,328,2,2,0
1748,2025-06-01 02:21:20,18,M,4,high,married,10,private,3578.0,57,352,4,3,1
1749,2025-11-02 19:49:28,43,M,1,college,married,6,private,4213.0,51,235,3,2,0
1750,2025-10-01 22:14:43,52,F,3,high,married,1,state,6253.0,26,415,3,3,1
1751,2025-03-26 23:33:12,37,F,3,college,single,7,self_employed,4053.0,34,326,5,2,0
1752,2024-10-07 01:54:56,35,M,3,college,married,6,private,2563.0,15,82,1,1,0
1753,2025-03-25 11:03:43,29,M,4,high,married,3,self_employed,3999.0,91,218,1,1,0
1754,2024-08-12 23:12:04,54,F,5,high,married,8,private,3437.0,26,444,2,1,0
1755,2024-09-03 02:32:49,19,F,2,college,married,8,self_employed,1809.0,118,164,1,3,0
1756,2025-03-12 09:08:40,28,M,2,high,married,8,unemployed,1909.0,117,481,4,3,0
1757,2025-02-13 02:54:22,23,M,3,college,married,7,private,3557.0,81,417,2,2,0
1758,2025-02-20 02:56:01,50,M,3,college,single,4,private,3664.0,119,496,1,2,0
1759,2024-09-29 19:31:08,36,F,3,college,married,2,self_employed,3284.0,104,409,1,3,0
1760,2024-10-17 16:07:56,53,F,1,high,single,0,self_employed,4962.0,91,108,5,3,1
1761,2023-12-31 10:33:53,43,F,2,middle,single,10,state,2625.0,43,136,2,3,1
1762,2025-03-07 07:05:37,39,M,5,graduate,married,9,private,2241.0,101,269,3,2,1
1763,2025-02-16 07:45:18,37,F,1,graduate,single,2,self_employed,2727.0,41,211,1,2,1
1764,2025-11-05 19:52:53,25,F,3,middle,single,8,private,2941.0,13,473,4,2,0
1765,2024-12-26 02:58:40,39,M,4,college,single,0,unemployed,3568.0,68,432,4,3,0
1766,2024-11-29 09:03:26,44,F,1,high,divorced,2,self_employed,2754.0,15,392,2,3,1
1767,2024-02-11 09:47:45,54,M,2,middle,married,1,self_employed,1721.0,12,474,5,2,0
1768,2024-05-15 14:55:22,38,M,3,graduate,divorced,3,self_employed,1500.0,12,77,2,3,1
1769,2024-08-26 18:25:02,53,F,3,graduate,single,3,unemployed,3801.0,110,366,5,1,0
1770,2024-09-24 08:38:55,53,M,2,graduate,single,5,private,2452.0,8,442,5,2,0
1771,2024-09-13 18:15:21,37,F,3,middle,single,5,unemployed,1805.0,48,489,3,1,0
1772,2024-10-06 16:45:15,34,M,2,high,single,1,private,4531.0,90,428,3,3,1
1773,2025-07-07 07:26:23,23,M,1,college,single,1,private,6253.0,97,414,5,1,1
1774,2024-03-28 17:01:27,28,M,1,college,single,9,private,3523.0,7,401,1,1,0
1775,2024-08-22 13:11:14,51,M,2,high,married,6,private,4000.0,108,107,3,2,1
1776,2024-04-20 21:30:31,23,M,2,college,married,10,private,4012.0,114,235,5,2,1
1777,2024-08-04 16:34:39,33,F,5,middle,single,1,state,1620.0,117,444,2,2,1
1778,2025-05-06 17:31:39,44,M,1,college,married,3,private,4969.0,79,335,2,1,1
1779,2024-01-27 03:18:04,27,M,3,college,single,1,private,5619.0,62,167,5,3,0
1780,2024-08-27 19:39:00,55,F,3,middle,married,10,private,6925.0,21,372,4,3,0
1781,2024-01-10 06:59:10,42,M,4,high,married,1,self_employed,3124.0,15,61,3,1,1
1782,2025-11-20 01:49:11,19,F,3,college,married,8,state,2447.0,99,228,1,3,0
1783,2025-06-06 21:34:39,27,M,1,college,married,2,self_employed,5858.0,103,390,1,3,0
1784,2024-06-18 19:48:53,46,M,3,high,single,8,self_employed,4336.0,99,403,5,3,1
1785,2024-05-16 16:24:55,50,F,2,middle,married,5,self_employed,4945.0,75,279,3,2,0
1786,2024-03-05 05:09:26,53,F,4,college,married,10,private,2903.0,68,173,5,2,1
1787,2024-12-03 04:51:19,50,F,2,high,married,0,state,4004.0,24,273,1,2,0
1788,2025-06-26 01:23:59,20,M,4,college,married,3,private,2518.0,11,132,2,3,1
1789,2025-02-22 11:21:45,45,M,3,college,married,7,private,3634.0,25,472,1,3,1
1790,2025-09-27 03:45:05,22,F,3,high,married,10,self_employed,3224.0,49,437,1,1,0
1791,2024-08-30 23:41:10,20,F,2,college,divorced,5,private,8269.0,37,375,1,3,1
1792,2024-07-14 00:32:45,44,F,3,college,single,1,unemployed,4412.0,66,203,3,2,0
1793,2024-12-06 23:27:55,36,F,4,college,single,6,private,1714.0,94,114,2,2,1
1794,2024-05-19 12:35:00,42,F,3,college,married,5,self_employed,3639.0,90,75,1,3,0
1795,2025-12-05 05:17:50,50,M,2,high,married,8,private,4142.0,100,222,5,2,0
1796,2024-05-07 14:37:21,20,F,2,high,single,6,unemployed,3084.0,36,425,3,1,1
1797,2024-12-07 13:44:39,38,M,2,high,single,9,self_employed,2475.0,113,216,3,3,1
1798,2025-01-08 01:39:19,49,M,4,high,married,1,private,4588.0,105,410,4,1,1
1799,2024-02-03 15:27:08,34,F,3,high,married,6,private,2601.0,42,129,3,2,1
1800,2024-11-29 22:39:34,37,M,4,high,married,8,state,4453.0,31,411,1,2,0
1801,2024-11-19 22:23:04,36,M,4,college,single,4,private,2525.0,107,84,3,1,1
1802,2024-06-30 09:23:09,52,F,4,middle,single,5,private,3020.0,120,203,5,3,1
1803,2024-03-26 10:00:17,19,F,4,graduate,married,7,unemployed,5088.0,56,117,4,2,1
1804,2024-01-25 23:25:58,51,M,3,college,single,5,state,4321.0,14,322,4,2,1
1805,2023-12-30 06:21:05,49,F,3,middle,married,4,private,3681.0,73,134,3,1,1
1806,2024-12-09 11:43:41,48,M,2,college,married,6,private,3603.0,100,56,2,3,1
1807,2024-02-27 14:01:00,33,F,4,high,single,8,private,3758.0,57,195,3,1,1
1808,2025-11-23 07:30:09,37,M,5,graduate,married,1,self_employed,2760.0,16,51,3,3,0
1809,2024-06-19 15:58:13,32,M,3,graduate,single,9,private,2141.0,89,221,3,1,1
1810,2025-04-13 08:08:11,27,M,5,college,married,2,private,4444.0,92,166,5,1,0
1811,2025-04-28 15:30:50,51,M,5,college,married,1,private,6220.0,105,470,1,1,0
1812,2024-12-19 17:16:29,37,M,3,graduate,married,1,unemployed,4498.0,104,286,3,3,0
1813,2025-09-29 00:53:35,45,M,4,college,married,0,private,3980.0,58,248,2,3,0
1814,2024-03-13 19:19:30,21,F,3,college,single,10,self_employed,2385.0,38,320,5,2,1
1815,2024-06-11 20:14:02,47,M,2,high,married,3,private,4949.0,20,111,1,3,0
1816,2024-06-25 06:41:01,43,M,1,graduate,single,8,self_employed,4309.0,13,110,1,2,0
1817,2024-03-31 20:27:38,55,F,3,college,divorced,2,private,4751.0,100,119,4,3,0
1818,2024-07-26 04:26:22,23,F,4,high,single,5,self_employed,5228.0,120,441,2,1,1
1819,2024-08-08 06:16:48,38,F,2,graduate,married,4,unemployed,6343.0,78,386,2,2,0
1820,2025-07-04 07:21:29,37,M,4,college,single,7,private,2465.0,117,482,3,2,0
1821,2024-07-31 04:29:49,38,M,3,graduate,single,10,private,2319.0,37,416,5,2,0
1822,2025-09-23 23:58:23,20,F,4,middle,single,7,unemployed,3835.0,91,103,1,3,1
1823,2025-07-10 01:15:00,35,F,2,college,single,7,private,2636.0,48,124,3,3,0
1824,2025-10-12 04:45:54,29,M,3,college,single,2,self_employed,2481.0,47,421,2,2,1
1825,2024-03-09 19:32:07,41,F,2,middle,single,1,self_employed,5580.0,77,296,1,3,0
1826,2025-12-11 17:38:31,26,F,2,college,married,0,private,2558.0,17,327,3,1,0
1827,2025-03-16 04:37:44,34,F,1,college,married,3,private,3627.0,50,155,5,1,1
1828,2025-12-10 03:03:51,41,M,2,high,single,6,private,2057.0,51,276,2,1,1
1829,2024-09-08 00:50:12,20,F,2,college,married,0,state,3722.0,52,456,2,1,0
1830,2025-11-18 16:32:41,47,M,3,middle,married,2,private,5508.0,87,270,1,3,0
1831,2025-02-25 16:22:13,45,F,3,college,single,6,self_employed,5567.0,34,360,4,2,0
1832,2024-02-14 10:19:26,20,M,2,college,single,9,state,5249.0,19,388,2,2,0
1833,2024-10-18 09:22:51,20,M,4,high,married,10,self_employed,3542.0,74,467,3,2,0
1834,2024-04-02 14:08:33,50,M,3,college,married,2,private,5372.0,3,144,1,1,0
1835,2025-11-10 03:13:13,28,F,5,high,married,1,private,4232.0,119,460,4,2,0
1836,2024-08-02 06:15:12,50,F,3,high,married,6,private,3122.0,109,324,1,3,0
1837,2024-06-03 07:46:03,36,F,1,college,divorced,10,private,4161.0,46,425,1,1,1
1838,2025-01-30 14:46:38,31,F,5,high,married,4,private,4964.0,84,167,1,1,0
1839,2024-10-29 08:49:44,28,F,4,high,divorced,9,unemployed,2288.0,63,103,4,3,0
1840,2024-03-03 19:03:09,43,F,3,high,married,8,private,2512.0,84,88,5,3,0
1841,2025-08-11 00:58:35,22,M,3,college,married,9,private,3462.0,27,222,3,1,1
1842,2025-09-01 10:21:45,33,F,3,college,married,10,self_employed,2374.0,114,299,1,1,0
1843,2025-06-18 08:41:51,31,M,3,high,married,1,self_employed,2362.0,106,179,5,3,0
1844,2025-03-18 05:34:05,23,M,4,high,single,4,private,3143.0,63,171,1,1,1
1845,2024-10-12 20:48:39,31,M,3,middle,single,0,private,5152.0,106,418,2,3,0
1846,2025-01-22 22:13:27,38,M,2,high,single,0,private,5118.0,39,384,5,2,0
1847,2025-01-07 07:51:25,43,F,1,high,single,5,private,4074.0,95,336,2,3,1
1848,2024-04-22 16:15:15,21,F,2,college,married,7,private,3878.0,110,343,4,3,0
1849,2024-02-21 17:22:04,51,M,2,college,married,9,private,7560.0,84,431,2,1,0
1850,2024-06-25 21:02:09,51,F,2,middle,single,1,state,3015.0,119,151,2,3,0
1851,2024-11-19 15:55:22,44,M,4,college,single,0,self_employed,3961.0,26,473,2,3,1
1852,2024-04-19 00:40:00,53,M,2,college,single,1,private,2963.0,3,438,5,1,1
1853,2024-03-10 20:48:55,34,M,2,high,married,10,private,2320.0,64,205,3,3,1
1854,2025-09-05 21:52:08,49,M,2,high,married,7,self_employed,5512.0,40,206,5,3,0
1855,2024-09-22 17:56:33,45,M,3,college,single,5,state,3272.0,77,133,5,1,0
1856,2025-02-22 11:40:19,39,M,3,middle,single,1,self_employed,4643.0,44,369,4,3,1
1857,2025-01-09 12:58:29,24,M,3,college,divorced,4,self_employed,3340.0,105,187,2,3,1
1858,2025-06-12 15:28:03,39,M,5,college,married,1,self_employed,5633.0,14,170,3,2,0
1859,2025-06-16 01:30:32,52,F,5,college,married,0,self_employed,2568.0,116,353,2,3,1
1860,2024-07-27 02:29:44,55,M,4,middle,single,4,private,5472.0,27,138,3,2,1
1861,2025-09-02 23:20:15,35,M,4,middle,single,5,unemployed,4979.0,40,100,4,1,0
1862,2024-09-20 00:20:46,27,M,2,college,married,4,self_employed,1943.0,3,437,5,2,1
1863,2025-08-24 16:48:51,46,M,3,high,single,9,private,3038.0,82,67,4,2,1
1864,2024-10-14 13:03:32,20,M,2,high,married,10,state,5205.0,84,464,3,1,0
1865,2024-03-14 00:37:01,23,M,4,college,married,1,private,6458.0,112,358,5,2,1
1866,2025-06-30 19:27:44,39,F,2,middle,single,3,state,4677.0,13,208,5,3,0
1867,2024-01-15 00:25:35,55,F,2,college,married,5,private,3169.0,58,304,2,3,0
1868,2025-07-09 19:37:27,30,F,1,graduate,married,4,state,2594.0,107,192,1,3,1
1869,2024-01-24 12:12:33,34,F,3,college,married,4,private,4440.0,4,234,3,2,1
1870,2024-05-22 23:22:22,30,M,4,high,single,7,state,3137.0,71,366,4,3,0
1871,2025-03-08 10:56:56,34,M,1,graduate,married,1,state,3184.0,28,460,2,3,1
1872,2025-11-10 07:45:38,18,M,3,college,single,9,private,3366.0,43,152,5,3,1
1873,2024-10-17 04:31:46,40,M,3,middle,married,2,private,4957.0,91,290,5,3,1
1874,2024-03-21 01:52:53,40,M,4,college,married,3,private,6852.0,98,439,1,3,0
1875,2024-06-11 00:33:59,29,M,1,middle,single,2,state,5216.0,1,56,2,2,1
1876,2025-10-08 04:03:31,28,F,1,high,married,6,unemployed,3653.0,79,53,2,3,1
1877,2025-06-06 12:24:40,46,M,3,college,married,7,private,2658.0,48,327,5,2,1
1878,2024-03-06 06:55:54,25,M,3,high,married,6,state,4599.0,91,114,4,3,0
1879,2024-09-29 23:23:58,19,F,4,middle,single,5,unemployed,6522.0,101,497,4,3,0
1880,2024-07-04 02:44:14,19,M,3,college,married,3,self_employed,5173.0,106,104,4,2,0
1881,2024-05-01 19:36:58,51,F,5,high,married,7,private,3916.0,13,382,4,3,0
1882,2025-09-01 22:18:14,31,F,2,college,single,1,private,3068.0,97,193,4,3,1
1883,2025-03-18 22:18:28,21,F,3,high,single,3,self_employed,4108.0,116,466,4,2,0
1884,2024-05-03 00:42:03,51,M,5,college,married,7,private,5454.0,94,440,5,3,0
1885,2025-04-12 00:10:41,23,M,1,college,married,7,private,3949.0,46,410,3,3,0
1886,2024-10-20 21:42:36,30,F,4,middle,married,2,state,3511.0,88,338,1,1,1
1887,2024-02-06 21:04:19,18,F,1,college,married,3,private,2863.0,9,147,3,1,0
1888,2024-11-16 09:32:05,43,F,3,high,single,3,state,9012.0,46,98,4,2,1
1889,2024-05-07 05:15:44,44,M,2,high,married,9,unemployed,2666.0,99,168,5,1,0
1890,2024-06-20 00:56:13,46,M,3,high,married,6,unemployed,2581.0,79,85,4,3,0
1891,2025-09-25 16:02:38,27,M,4,high,single,1,state,3856.0,32,404,2,3,0
1892,2025-05-25 11:29:45,30,M,1,middle,divorced,1,self_employed,3393.0,68,180,2,1,0
1893,2024-03-30 21:16:52,53,M,2,college,married,0,self_employed,5209.0,1,248,5,1,1
1894,2025-09-05 11:22:59,49,F,2,college,single,2,unemployed,5271.0,116,329,2,2,1
1895,2025-02-15 05:51:53,19,M,2,graduate,married,2,self_employed,2380.0,67,366,1,3,0
1896,2025-09-22 10:33:23,44,F,3,graduate,married,4,self_employed,2795.0,61,317,4,1,1
1897,2025-06-21 08:45:39,48,F,5,high,married,8,private,2680.0,41,381,3,2,1
1898,2024-08-27 16:55:26,39,M,1,middle,single,9,private,4791.0,27,101,4,1,1
1899,2025-01-17 10:53:40,42,M,3,middle,single,6,private,4230.0,40,176,3,2,1
1900,2025-01-14 12:29:56,18,F,3,college,married,8,self_employed,3197.0,55,393,4,2,0
1901,2025-06-01 13:22:31,19,M,2,college,married,7,unemployed,3927.0,52,373,2,1,0
1902,2024-06-22 08:04:48,19,M,2,high,single,3,unemployed,2455.0,50,335,3,1,0
1903,2024-08-23 03:42:30,24,F,4,high,married,6,self_employed,2808.0,61,473,1,2,0
1904,2024-06-19 16:50:04,55,F,3,high,single,3,self_employed,2310.0,57,493,4,3,0
1905,2024-07-27 04:25:24,42,F,4,college,married,3,state,3831.0,38,87,3,1,0
1906,2024-04-19 17:10:16,47,F,3,high,married,10,private,3826.0,70,299,2,2,0
1907,2024-01-19 16:17:37,29,M,3,college,single,10,state,2580.0,30,456,3,2,0
1908,2025-11-09 05:07:59,53,F,4,high,married,7,private,4219.0,114,197,2,1,1
1909,2024-02-16 06:00:23,25,F,4,high,married,6,self_employed,5271.0,81,76,4,1,0
1910,2025-10-02 05:33:51,52,F,5,high,married,7,self_employed,2539.0,34,103,3,1,0
1911,2023-12-26 05:55:26,19,F,2,college,married,8,private,3248.0,84,375,4,2,0
1912,2025-07-13 11:19:28,18,F,5,college,single,0,state,4358.0,117,464,4,1,0
1913,2024-08-19 17:38:26,20,F,4,high,single,3,state,3633.0,92,368,5,3,0
1914,2025-01-04 21:25:47,48,M,4,high,married,1,self_employed,2252.0,94,66,5,2,0
1915,2024-07-17 00:30:35,27,F,3,middle,married,5,self_employed,3120.0,27,236,2,1,0
1916,2024-12-16 03:27:02,35,M,5,middle,single,3,private,3084.0,22,207,3,3,0
1917,2024-11-17 15:21:57,35,F,3,middle,divorced,3,self_employed,3430.0,68,461,3,2,1
1918,2025-01-13 17:08:38,48,F,4,high,single,9,private,3482.0,34,289,4,2,0
1919,2024-10-06 02:18:52,31,F,4,college,single,2,private,6299.0,15,155,1,1,1
1920,2025-01-18 16:40:17,18,M,4,college,married,10,private,3385.0,110,306,5,1,0
1921,2025-08-17 14:01:49,32,M,4,college,married,4,self_employed,1996.0,42,387,2,1,0
1922,2024-11-05 05:32:42,28,M,2,college,married,2,unemployed,3759.0,97,312,3,2,0
1923,2024-09-12 19:17:38,45,M,2,graduate,single,1,private,6712.0,88,238,2,3,1
1924,2024-03-29 04:20:40,46,M,3,graduate,single,7,self_employed,3434.0,18,373,3,3,0
1925,2024-09-11 14:15:24,21,F,4,high,single,9,self_employed,3123.0,23,187,2,3,0
1926,2024-03-24 17:37:50,48,M,4,middle,married,9,unemployed,3272.0,71,107,5,3,0
1927,2024-05-05 05:26:53,20,F,4,high,married,1,private,4467.0,75,439,2,3,1
1928,2025-11-18 03:24:54,41,M,4,college,single,9,private,3267.0,34,374,2,3,0
1929,2024-02-27 06:32:31,32,F,3,middle,married,2,private,2142.0,19,379,1,2,0
1930,2024-12-09 21:10:44,29,F,2,high,married,5,unemployed,2878.0,76,451,4,1,0
1931,2025-08-24 00:56:30,36,F,3,college,single,0,private,3559.0,29,371,5,2,1
1932,2025-11-18 20:09:38,29,F,4,college,single,2,state,4392.0,21,63,3,1,0
1933,2024-04-09 02:25:36,48,F,3,college,married,3,unemployed,2969.0,46,430,5,1,0
1934,2024-04-21 09:52:00,54,F,4,college,single,10,private,3282.0,43,66,3,2,0
1935,2024-09-20 23:53:50,49,F,5,college,single,3,state,3699.0,49,362,4,2,0
1936,2025-01-31 17:22:40,34,M,2,college,single,3,unemployed,2774.0,47,497,5,2,0
1937,2025-11-23 15:49:45,37,M,4,middle,married,3,private,3526.0,68,231,4,3,1
1938,2024-05-23 15:12:22,34,F,3,college,married,2,private,4288.0,65,190,1,3,0
1939,2024-04-22 00:12:07,48,M,3,college,married,5,private,2404.0,5,468,5,1,0
1940,2024-06-25 19:47:39,38,M,2,high,single,2,state,4053.0,29,255,1,1,0
1941,2025-09-22 06:04:35,35,F,2,graduate,married,3,private,2486.0,61,465,1,1,0
1942,2024-01-14 22:33:22,33,M,2,graduate,single,5,private,2503.0,88,189,2,3,1
1943,2024-09-26 11:56:21,32,F,3,college,married,8,private,2887.0,4,133,4,1,1
1944,2024-03-19 20:03:43,39,F,2,graduate,divorced,1,state,5872.0,98,300,5,3,1
1945,2024-04-16 15:55:02,44,F,3,high,married,3,self_employed,1998.0,12,217,3,3,1
1946,2025-10-23 07:11:02,34,F,3,high,single,6,state,3095.0,77,370,2,3,0
1947,2023-12-25 05:06:38,48,F,3,high,married,10,self_employed,3607.0,27,184,3,3,1
1948,2024-08-14 17:15:28,49,F,4,college,single,10,unemployed,5478.0,109,392,4,3,1
1949,2025-10-22 06:14:12,34,F,3,college,single,9,self_employed,7200.0,84,209,2,1,0
1950,2025-03-11 22:25:25,52,M,1,graduate,married,5,state,3141.0,95,210,2,2,1
1951,2024-02-14 09:09:04,24,F,5,college,single,1,private,4397.0,98,370,2,2,0
1952,2024-11-27 11:02:51,53,F,4,college,single,10,private,3522.0,6,167,3,2,0
1953,2025-12-01 18:58:24,29,M,3,middle,married,6,private,3515.0,102,178,4,1,0
1954,2024-10-11 07:54:20,39,M,4,high,married,9,state,4006.0,11,296,3,3,0
1955,2025-01-12 21:37:13,28,F,2,high,married,10,unemployed,2090.0,66,199,1,2,1
1956,2025-01-15 06:38:39,34,M,4,college,single,8,private,3580.0,80,223,2,1,0
1957,2025-04-19 03:02:01,30,F,2,high,married,4,private,4263.0,108,202,1,1,0
1958,2024-05-08 16:25:34,44,M,3,graduate,single,6,self_employed,2695.0,87,330,2,1,1
1959,2025-08-27 23:16:19,21,M,2,college,married,7,unemployed,4273.0,86,201,3,2,0
1960,2025-12-14 16:20:25,49,F,4,high,single,9,self_employed,1988.0,117,325,2,1,0
1961,2024-04-06 01:32:11,52,M,2,college,single,2,private,3762.0,2,155,1,1,1
1962,2025-08-12 08:45:13,39,M,2,college,married,6,state,5824.0,1,453,1,2,1
1963,2025-08-11 08:15:22,38,F,1,college,single,6,private,3373.0,23,479,4,1,0
1964,2025-06-17 09:05:18,44,M,4,high,married,2,state,2585.0,29,51,3,2,1
1965,2024-09-19 17:45:32,25,M,2,high,single,4,self_employed,2211.0,60,97,5,2,1
1966,2024-11-30 04:39:46,46,F,3,middle,single,10,self_employed,4174.0,100,95,3,1,0
1967,2025-08-27 14:59:00,26,F,2,college,single,0,private,5038.0,48,132,2,2,1
1968,2024-04-13 14:24:25,43,F,4,college,single,5,unemployed,3570.0,107,404,1,2,1
1969,2025-08-19 23:36:46,29,M,2,graduate,single,6,private,3096.0,77,161,4,3,1
1970,2025-05-04 18:20:26,46,M,5,college,single,9,private,1852.0,56,313,2,2,0
1971,2024-08-29 05:06:05,48,F,2,middle,single,3,self_employed,3802.0,96,163,3,1,1
1972,2025-02-04 04:19:33,25,F,1,graduate,married,4,private,2861.0,59,78,3,3,0
1973,2024-01-29 13:52:09,41,M,2,middle,married,0,private,2919.0,6,87,1,1,1
1974,2025-11-03 05:12:05,36,F,1,middle,single,3,private,6411.0,103,475,5,1,0
1975,2024-08-29 22:54:44,29,M,3,college,single,10,private,1938.0,16,301,1,3,1
1976,2024-02-03 16:21:47,40,F,2,graduate,single,8,private,2031.0,56,343,4,3,1
1977,2025-07-25 22:53:13,55,F,4,graduate,single,4,self_employed,3948.0,19,134,1,1,0
1978,2025-04-17 00:25:14,18,F,3,college,married,6,private,3182.0,95,269,5,3,0
1979,2025-03-22 13:51:25,54,F,2,high,single,10,unemployed,3036.0,77,346,2,2,0
1980,2024-02-01 11:46:30,50,M,3,high,divorced,4,self_employed,4006.0,114,401,3,2,0
1981,2025-06-24 02:41:31,38,F,2,middle,married,3,self_employed,3982.0,104,346,1,3,1
1982,2025-04-02 05:48:05,41,M,2,college,single,9,self_employed,2590.0,32,318,5,2,1
1983,2025-07-25 08:29:30,32,F,2,high,single,9,self_employed,2960.0,31,331,2,3,1
1984,2025-08-18 22:49:20,22,F,1,middle,single,5,private,3705.0,33,218,1,1,1
1985,2024-05-26 17:26:41,39,M,2,high,single,0,unemployed,3860.0,19,365,2,2,0
1986,2024-05-25 18:24:28,49,M,5,college,married,0,private,4312.0,113,183,3,3,0
1987,2025-10-28 08:41:01,26,M,3,college,single,1,private,2969.0,10,374,2,1,0
1988,2025-01-14 15:35:16,45,M,5,high,single,7,state,4111.0,51,254,2,3,0
1989,2024-11-07 17:34:40,46,M,2,high,single,1,private,5078.0,34,310,1,2,1
1990,2024-07-20 15:46:26,46,F,4,college,married,0,self_employed,3701.0,2,264,4,1,1
1991,2025-04-03 11:31:08,30,M,2,college,single,7,unemployed,3512.0,100,306,2,2,0
1992,2025-06-26 09:21:14,32,F,2,high,divorced,5,self_employed,3353.0,61,371,5,3,0
1993,2023-12-25 16:26:58,33,F,4,middle,single,5,private,2933.0,106,176,3,3,0
1994,2025-01-30 10:13:05,50,F,1,graduate,single,2,private,2622.0,75,263,4,1,1
1995,2025-12-18 03:48:57,52,M,3,college,married,2,private,3280.0,60,231,2,2,1
1996,2024-07-15 20:48:51,33,F,4,high,married,2,private,4263.0,30,58,1,3,0
1997,2024-07-16 01:18:16,54,F,3,college,single,7,state,2667.0,71,434,4,1,1
1998,2025-09-25 00:50:48,39,F,3,college,married,10,self_employed,3546.0,88,358,4,2,1
1999,2024-02-07 07:20:44,32,F,2,middle,single,10,self_employed,3405.0,4,70,5,2,0
2000,2024-10-09 04:34:14,18,F,1,high,single,1,state,6783.0,28,81,4,2,1
2001,2024-11-22 12:45:03,41,M,5,graduate,single,7,private,4689.0,44,467,4,1,0
2002,2025-07-28 10:50:46,42,F,2,college,married,8,private,4662.0,15,431,1,3,1
2003,2024-03-27 04:36:23,54,M,2,high,married,0,state,5024.0,11,378,5,2,1
2004,2024-11-04 20:42:40,45,F,2,college,married,7,private,3008.0,30,369,1,2,0
2005,2024-04-13 04:45:50,19,M,5,high,married,4,private,5895.0,41,429,4,3,0
2006,2025-07-20 23:22:21,39,M,4,college,married,2,self_employed,3850.0,65,319,4,1,1
2007,2025-03-29 13:35:41,46,M,3,high,married,8,private,3584.0,98,52,5,3,0
2008,2024-12-20 14:51:05,36,M,5,middle,single,10,private,2380.0,103,254,2,3,0
2009,2024-10-05 20:05:16,34,F,1,high,married,6,private,3164.0,46,199,3,1,0
2010,2024-04-13 19:36:50,48,M,4,graduate,married,2,private,1962.0,64,127,1,1,0
2011,2025-10-26 22:51:17,41,F,1,college,single,4,self_employed,3338.0,2,437,2,2,1
2012,2025-04-09 19:01:41,43,M,3,college,single,5,private,2976.0,102,345,5,3,0
2013,2024-08-12 23:37:18,35,F,1,middle,married,9,self_employed,3167.0,29,456,2,3,1
2014,2024-10-21 04:10:37,28,M,5,college,single,8,private,2242.0,8,99,5,1,1
2015,2025-06-06 02:40:33,37,M,5,high,single,7,private,4658.0,73,489,1,2,1
2016,2025-06-01 06:46:25,54,M,3,college,married,8,private,4480.0,45,322,2,2,0
2017,2024-11-24 14:27:43,40,F,2,high,married,7,unemployed,6578.0,50,306,2,3,0
2018,2024-08-01 02:48:54,44,F,2,college,single,3,state,6513.0,53,132,5,2,1
2019,2025-04-18 18:20:48,22,F,3,middle,single,1,self_employed,3846.0,76,331,3,2,0
2020,2025-04-17 12:14:25,55,M,2,middle,married,9,self_employed,5209.0,97,319,5,2,0
2021,2025-03-05 18:39:45,27,M,1,college,divorced,6,private,3990.0,69,366,5,1,1
2022,2024-02-15 04:22:10,54,M,3,middle,married,10,state,3135.0,74,118,3,2,1
2023,2024-12-03 03:10:30,34,M,3,middle,single,7,self_employed,3303.0,98,336,4,1,0
2024,2025-03-16 03:51:48,52,F,5,graduate,single,5,self_employed,4553.0,95,92,4,2,0
2025,2025-11-16 13:04:13,51,M,3,high,single,7,private,15226.0,21,82,3,2,0
2026,2025-01-10 15:51:56,46,F,2,college,married,7,unemployed,5478.0,41,262,5,3,0
2027,2024-08-30 04:20:34,52,F,3,college,married,10,state,3969.0,60,103,3,3,0
2028,2025-02-01 17:29:39,41,M,2,college,married,4,self_employed,4313.0,113,370,4,1,1
2029,2024-05-01 09:09:57,50,M,3,middle,single,4,private,4299.0,73,267,2,2,1
2030,2024-02-28 04:59:01,24,M,4,college,married,3,private,3528.0,98,157,2,3,1
2031,2025-05-02 00:12:28,20,M,2,college,single,1,private,4745.0,96,172,2,1,0
2032,2025-12-12 21:56:07,38,M,2,high,single,5,unemployed,3448.0,110,274,1,1,1
2033,2025-09-01 14:03:08,48,F,4,college,married,4,private,2555.0,63,319,5,3,0
2034,2025-02-22 01:45:19,47,M,3,graduate,married,2,self_employed,4310.0,32,410,3,3,1
2035,2024-01-22 09:14:43,38,F,3,middle,married,8,private,4516.0,50,308,4,3,0
2036,2025-12-14 05:15:10,37,F,4,middle,married,7,private,3460.0,1,297,1,3,0
2037,2024-11-16 05:33:52,41,F,3,college,married,2,private,4058.0,83,323,4,1,0
2038,2024-07-22 10:54:00,50,F,1,high,single,1,self_employed,5097.0,74,319,1,3,0
2039,2025-10-05 12:23:03,49,M,4,college,single,6,private,3576.0,20,207,4,3,0
2040,2025-06-20 20:58:36,22,M,5,middle,single,0,self_employed,3114.0,60,149,3,1,1
2041,2025-06-23 05:19:05,40,M,1,middle,single,1,self_employed,2841.0,86,287,1,2,1
2042,2024-07-13 18:14:04,32,F,2,college,married,4,unemployed,3331.0,94,106,2,3,0
2043,2025-12-17 00:28:16,48,F,4,graduate,single,10,self_employed,6231.0,94,159,1,1,1
2044,2024-11-18 14:14:24,37,M,3,middle,single,0,state,3397.0,12,117,1,3,0
2045,2025-01-14 22:22:11,55,M,3,college,single,5,state,4129.0,45,271,5,1,1
2046,2025-06-24 04:46:29,34,M,3,high,married,6,private,3250.0,72,488,5,3,0
2047,2025-04-18 19:07:29,43,M,4,middle,married,2,state,3154.0,13,444,5,1,1
2048,2024-04-27 18:28:07,22,F,3,college,married,5,self_employed,2676.0,24,89,1,1,1
2049,2024-07-31 19:27:16,53,M,2,high,single,6,private,3771.0,114,420,3,2,0
2050,2024-09-12 15:58:18,23,M,1,college,married,1,private,3038.0,62,118,4,3,1
2051,2025-11-14 16:49:25,32,M,3,high,single,10,state,5686.0,70,460,2,1,1
2052,2025-05-28 14:08:39,49,M,5,high,married,2,self_employed,3507.0,19,142,3,2,1
2053,2024-09-16 10:11:51,54,M,3,high,single,4,private,3585.0,77,106,2,2,1
2054,2025-06-12 08:20:11,36,F,2,college,divorced,0,self_employed,3418.0,110,405,5,3,0
2055,2025-06-15 02:42:27,36,M,5,graduate,married,6,private,4146.0,116,425,2,2,0
2056,2024-10-06 18:45:45,19,F,3,high,married,6,private,6135.0,22,229,2,2,1
2057,2024-10-13 07:00:58,55,M,3,high,married,1,unemployed,2530.0,27,296,4,1,0
2058,2025-10-06 20:01:30,18,M,1,graduate,single,3,private,4013.0,70,406,2,1,1
2059,2025-02-06 03:04:03,18,M,4,middle,single,8,state,2103.0,107,434,5,1,1
2060,2024-04-11 03:30:50,35,M,4,college,single,7,unemployed,5587.0,1,238,4,3,1
2061,2025-06-01 10:35:24,18,M,4,college,single,3,private,3506.0,28,403,5,2,0
2062,2025-02-26 09:13:56,24,M,2,college,married,6,private,2158.0,19,408,3,1,0
2063,2024-12-29 12:31:34,41,F,3,high,married,8,unemployed,2330.0,95,407,5,1,1
2064,2025-06-05 07:49:33,44,F,2,high,married,4,state,4841.0,60,453,5,3,0
2065,2025-10-16 04:09:08,29,F,5,high,married,1,unemployed,2033.0,86,427,5,2,0
2066,2024-08-21 05:14:29,48,M,1,middle,single,0,self_employed,4013.0,5,251,1,1,1
2067,2024-10-25 02:09:11,41,F,3,high,single,10,state,3134.0,16,192,5,1,0
2068,2024-05-10 07:57:17,26,F,4,graduate,single,3,private,3401.0,66,494,2,3,1
2069,2025-04-09 08:41:52,45,M,2,high,single,8,private,2876.0,51,251,5,1,0
2070,2024-10-12 23:32:47,40,M,2,middle,married,3,private,2608.0,23,470,1,2,1
2071,2024-08-29 22:11:23,48,M,1,high,married,7,private,3070.0,32,499,1,3,0
2072,2025-05-15 11:05:16,23,F,3,high,married,3,self_employed,4448.0,88,56,4,1,0
2073,2024-10-16 22:54:17,26,M,5,college,married,6,unemployed,3287.0,2,113,1,1,1
2074,2024-11-26 23:43:31,29,M,3,middle,married,10,unemployed,4219.0,105,304,2,3,1
2075,2024-11-09 05:40:40,30,F,5,college,married,8,unemployed,3345.0,20,89,3,3,0
2076,2024-06-29 17:35:24,51,M,2,college,divorced,1,private,4509.0,92,346,2,1,0
2077,2024-03-24 20:08:20,45,F,3,high,married,5,state,4210.0,76,55,4,2,0
2078,2025-08-18 21:08:09,38,F,5,college,married,2,private,3013.0,8,430,4,1,1
2079,2024-02-28 22:59:55,38,F,4,high,single,2,state,2608.0,92,243,4,3,0
2080,2024-08-17 03:52:39,51,F,2,high,married,9,unemployed,5087.0,60,353,2,3,0
2081,2025-04-24 06:25:24,34,M,4,graduate,single,10,self_employed,2739.0,37,259,1,3,0
2082,2024-03-28 20:17:14,26,F,4,college,single,10,self_employed,4338.0,14,360,1,1,1
2083,2025-04-15 12:40:14,23,F,4,high,married,9,private,3681.0,14,356,2,3,1
2084,2025-06-11 03:18:59,30,F,3,high,single,5,state,3096.0,50,180,2,1,0
2085,2025-04-20 22:10:41,42,M,2,high,single,5,private,4232.0,36,410,4,1,1
2086,2024-08-02 16:10:20,35,M,1,college,single,5,state,5877.0,101,420,5,2,0
2087,2024-01-07 10:18:29,34,M,3,college,married,8,private,4532.0,66,194,2,3,0
2088,2025-10-01 18:24:38,36,M,3,middle,married,0,self_employed,3809.0,5,78,3,1,0
2089,2024-08-18 09:06:02,55,F,2,graduate,married,9,private,6422.0,106,252,5,2,1
2090,2025-08-02 15:42:31,55,F,2,college,married,8,self_employed,2026.0,31,346,3,3,1
2091,2024-05-16 09:37:42,24,F,3,middle,single,10,self_employed,2467.0,73,400,2,2,0
2092,2024-04-20 13:25:54,22,F,3,college,married,6,private,3095.0,100,141,3,3,0
2093,2025-07-14 01:12:46,27,M,3,college,married,5,state,5984.0,81,266,1,3,1
2094,2025-11-09 00:06:12,50,M,3,high,single,5,self_employed,5064.0,49,395,5,3,1
2095,2025-09-12 06:14:40,35,M,1,college,divorced,6,unemployed,1997.0,1,287,5,2,1
2096,2025-06-24 09:49:58,50,M,4,college,married,3,private,3125.0,29,406,1,3,0
2097,2024-06-21 01:50:24,42,M,3,graduate,single,8,self_employed,2291.0,69,353,2,3,1
2098,2025-10-20 15:26:53,39,M,2,high,married,4,private,3590.0,114,128,1,3,0
2099,2025-04-24 12:43:02,28,M,3,college,single,3,private,4992.0,5,144,5,3,0
2100,2024-04-27 16:19:17,31,F,3,college,married,8,private,5123.0,19,407,5,2,0
2101,2024-03-27 10:26:10,23,M,3,graduate,married,3,state,3999.0,43,367,2,3,0
2102,2025-09-19 22:45:15,37,M,3,middle,single,0,private,3138.0,95,427,3,3,0
2103,2024-07-11 20:40:20,28,M,3,college,married,5,self_employed,3521.0,115,182,4,1,1
2104,2025-07-05 02:26:04,29,F,4,college,married,5,private,4625.0,22,73,5,3,1
2105,2024-04-03 05:13:36,19,F,1,middle,single,3,private,8280.0,70,157,5,3,1
2106,2024-07-15 19:02:33,48,M,2,high,married,0,self_employed,2405.0,116,243,4,3,0
2107,2024-07-17 23:17:01,53,M,1,college,married,5,private,6349.0,120,104,3,1,1
2108,2024-07-16 04:56:45,36,F,3,college,married,8,private,3966.0,95,136,4,3,1
2109,2025-04-29 13:23:03,38,F,3,college,married,8,private,4852.0,94,115,4,3,0
2110,2025-10-21 12:05:37,53,F,4,middle,single,2,private,3885.0,34,107,3,3,0
2111,2025-10-18 12:55:38,37,M,2,college,single,4,private,5952.0,38,222,2,2,1
2112,2025-06-17 07:57:42,41,F,3,high,married,9,self_employed,4086.0,119,412,1,1,0
2113,2024-05-19 20:11:33,34,F,2,college,single,3,self_employed,2901.0,75,220,3,3,1
2114,2025-11-24 05:21:43,37,M,3,high,married,5,private,4262.0,14,182,5,2,1
2115,2025-01-22 17:13:28,37,F,4,middle,married,7,private,5401.0,9,297,5,1,0
2116,2025-01-25 13:20:29,45,M,1,graduate,married,5,self_employed,3641.0,104,340,3,1,0
2117,2025-05-19 00:22:19,40,F,2,college,married,9,private,1762.0,16,207,5,3,1
2118,2025-07-07 10:33:10,37,M,3,high,married,3,private,3497.0,84,51,1,3,0
2119,2025-11-18 15:12:05,20,M,4,high,married,5,private,3768.0,39,184,5,2,1
2120,2025-02-21 03:17:24,52,F,2,college,married,5,self_employed,3584.0,21,85,2,3,0
2121,2025-03-13 08:15:34,51,F,5,graduate,single,8,self_employed,3061.0,14,115,2,2,1
2122,2025-06-20 05:38:53,25,M,5,high,married,3,private,5785.0,66,325,2,2,0
2123,2024-06-27 05:28:24,29,F,4,graduate,single,3,private,1587.0,97,130,2,2,0
2124,2024-08-04 15:07:46,54,M,2,high,single,3,self_employed,3763.0,2,216,2,1,1
2125,2025-03-24 14:22:38,30,M,3,college,single,2,private,3781.0,85,227,3,1,1
2126,2024-02-08 19:31:41,48,F,1,high,married,2,private,7579.0,69,446,1,2,1
2127,2024-08-13 23:00:18,47,M,4,middle,married,9,self_employed,3623.0,96,119,2,2,1
2128,2025-05-31 03:17:10,50,M,3,graduate,married,3,private,4256.0,70,87,2,1,1
2129,2025-12-05 13:46:09,18,F,2,high,single,2,private,3804.0,16,291,1,2,1
2130,2025-01-06 05:34:32,36,M,2,graduate,single,8,self_employed,3763.0,50,331,5,2,1
2131,2024-10-10 18:19:33,39,M,4,middle,single,8,self_employed,6748.0,119,276,3,2,0
2132,2024-11-09 11:23:44,49,M,4,high,single,2,private,2467.0,99,366,3,3,1
2133,2025-05-07 08:41:37,26,F,3,graduate,single,3,private,2883.0,43,439,3,1,1
2134,2025-01-24 11:12:08,29,M,3,college,divorced,9,private,4741.0,112,325,2,2,0
2135,2024-01-09 22:56:50,24,M,4,high,single,3,private,3983.0,1,292,2,2,1
2136,2025-01-20 15:29:05,46,F,4,college,married,9,private,3297.0,65,356,1,3,1
2137,2024-10-11 01:04:35,55,M,4,high,single,6,private,3552.0,93,146,5,2,0
2138,2025-05-18 14:02:45,23,M,3,college,married,7,private,5013.0,81,162,4,3,0
2139,2025-09-22 19:53:07,26,F,3,middle,married,5,private,4315.0,22,217,4,2,1
2140,2025-11-25 14:05:51,29,F,4,college,married,0,private,2837.0,18,395,4,3,0
2141,2025-03-13 11:11:05,51,M,2,middle,single,9,state,3957.0,90,434,5,1,0
2142,2024-09-13 16:05:18,34,F,3,college,married,6,state,3578.0,120,300,1,1,1
2143,2024-11-12 01:52:45,28,F,1,graduate,single,1,unemployed,4293.0,92,329,4,2,0
2144,2024-04-30 19:36:26,30,M,3,college,married,9,state,3254.0,103,405,5,1,1
2145,2025-11-06 05:37:29,40,F,4,high,single,3,self_employed,2385.0,110,159,5,1,0
2146,2025-09-02 12:53:58,32,F,2,high,married,4,private,4607.0,114,104,2,1,1
2147,2025-09-07 09:48:22,23,F,3,middle,married,7,self_employed,4412.0,95,386,3,1,0
2148,2024-08-19 12:43:20,49,F,1,college,married,3,state,5975.0,94,107,2,1,0
2149,2024-08-15 05:13:06,34,F,4,middle,married,0,self_employed,2297.0,95,121,1,3,1
2150,2025-09-09 07:51:56,27,F,4,college,single,3,unemployed,3552.0,39,228,2,1,0
2151,2025-01-24 12:29:16,45,F,3,high,married,7,private,3359.0,65,404,2,3,1
2152,2025-05-21 09:34:31,46,F,4,graduate,single,4,unemployed,3169.0,27,225,5,2,1
2153,2024-12-15 13:43:15,23,F,1,college,single,7,self_employed,2123.0,64,103,3,3,0
2154,2024-11-11 05:19:59,20,F,4,college,single,0,self_employed,2507.0,62,107,5,3,1
2155,2025-03-29 12:11:16,19,F,4,graduate,single,2,private,4003.0,9,164,5,1,0
2156,2025-08-08 11:25:43,47,M,1,graduate,single,2,private,3057.0,10,86,4,1,0
2157,2024-08-23 21:37:45,41,M,5,college,married,0,self_employed,2726.0,115,197,3,3,1
2158,2025-08-05 16:13:23,48,F,1,college,single,7,private,6007.0,67,86,3,2,0
2159,2024-06-19 06:28:17,41,M,3,college,married,2,state,8357.0,4,431,4,2,0
2160,2024-10-13 01:32:22,33,F,2,high,single,5,private,3570.0,45,73,2,2,1
2161,2025-10-20 06:00:37,40,F,4,middle,married,10,private,2152.0,107,139,3,2,0
2162,2025-11-19 18:01:08,45,F,1,college,single,2,self_employed,4183.0,88,64,2,1,0
2163,2025-10-28 10:16:52,33,M,1,college,single,2,self_employed,1755.0,99,181,2,3,0
2164,2024-08-10 17:05:30,52,F,3,middle,married,10,self_employed,2270.0,76,414,2,1,0
2165,2025-08-30 15:01:01,52,M,5,high,married,3,self_employed,4208.0,85,310,1,3,0
2166,2025-11-06 08:14:55,48,M,2,college,divorced,3,self_employed,2243.0,30,471,5,1,0
2167,2025-12-07 02:08:29,55,M,3,middle,single,7,unemployed,3283.0,102,328,5,2,1
2168,2024-01-08 06:13:41,32,M,3,college,married,1,state,2166.0,89,241,4,2,1
2169,2025-06-19 20:15:05,22,M,4,college,married,4,self_employed,3713.0,29,482,4,3,0
2170,2025-12-20 14:59:03,36,F,2,high,married,2,self_employed,5394.0,38,134,3,2,1
2171,2025-07-04 04:58:11,46,F,3,high,single,9,self_employed,2938.0,93,100,3,2,0
2172,2024-06-11 05:12:59,47,M,5,high,single,3,self_employed,3616.0,30,198,5,1,0
2173,2025-07-02 16:34:42,32,M,2,high,single,6,state,2737.0,81,469,1,3,0
2174,2024-03-09 19:52:43,29,M,3,college,married,5,state,2804.0,51,419,1,1,1
2175,2024-12-08 20:14:44,34,F,4,college,single,5,state,2722.0,35,292,5,2,0
2176,2025-03-25 03:30:27,48,F,2,college,single,0,self_employed,4794.0,19,469,1,1,1
2177,2024-11-21 05:02:32,20,M,3,middle,married,2,state,2220.0,87,341,4,2,1
2178,2025-05-17 21:05:01,30,M,2,college,divorced,9,private,3242.0,40,157,2,1,1
2179,2024-06-16 08:45:51,26,M,4,high,married,6,private,4203.0,67,52,4,3,1
2180,2025-03-10 12:59:06,48,F,5,college,married,9,private,5006.0,32,63,5,3,0
2181,2025-04-07 17:13:56,35,M,3,middle,single,6,private,4248.0,18,433,3,3,1
2182,2025-03-30 16:06:28,21,M,3,college,married,3,private,3550.0,3,189,1,3,0
2183,2024-07-22 04:53:19,27,M,3,college,single,3,private,2984.0,113,240,3,1,0
2184,2024-08-02 22:17:14,19,M,1,high,single,8,private,5033.0,37,223,1,3,0
2185,2024-06-29 04:48:12,36,M,2,graduate,married,2,self_employed,2688.0,70,89,5,1,0
2186,2024-11-25 02:20:04,55,M,2,middle,single,6,state,2702.0,57,51,2,2,1
2187,2025-02-23 18:02:35,39,F,1,middle,married,10,self_employed,5845.0,45,377,5,2,0
2188,2024-09-13 15:37:51,51,M,3,college,married,9,private,4130.0,100,357,5,1,0
2189,2024-10-18 06:53:29,46,M,2,college,single,4,private,4182.0,110,151,2,1,1
2190,2024-07-20 01:55:42,51,F,1,high,single,3,private,4489.0,22,106,2,1,0
2191,2024-05-31 18:22:04,29,M,3,high,single,6,private,3522.0,4,282,5,2,0
2192,2025-04-16 22:19:03,54,F,2,high,single,6,private,2201.0,40,86,4,2,0
2193,2025-08-10 17:18:05,27,F,2,college,married,7,state,3976.0,13,180,3,1,0
2194,2024-07-23 05:08:27,34,M,2,college,married,0,private,3618.0,4,374,5,3,1
2195,2025-09-12 05:11:05,43,F,2,high,single,5,self_employed,2695.0,97,128,2,1,1
2196,2025-02-12 19:32:13,28,F,3,high,single,0,state,2487.0,10,397,4,3,1
2197,2024-04-24 10:05:44,28,F,4,graduate,married,10,private,3582.0,9,448,2,3,0
2198,2024-09-16 04:18:12,22,M,4,college,married,9,self_employed,2264.0,43,132,1,3,1
2199,2023-12-29 11:31:23,18,M,4,middle,married,8,state,3463.0,69,350,2,1,1
2200,2024-01-21 14:15:00,37,M,3,college,single,3,private,3320.0,60,396,1,2,1
2201,2024-08-25 08:59:49,55,F,5,high,married,8,state,3492.0,90,284,5,3,0
2202,2024-11-19 18:10:54,26,F,3,high,single,4,self_employed,4192.0,90,184,2,3,1
2203,2025-07-28 04:23:23,34,M,3,college,married,7,state,4526.0,2,493,5,2,0
2204,2024-03-31 00:58:42,53,M,3,college,single,2,unemployed,2838.0,92,188,4,3,0
2205,2025-08-27 14:19:34,47,M,2,middle,married,5,private,4937.0,6,161,2,2,1
2206,2024-06-12 04:50:19,18,M,2,college,single,9,private,3372.0,110,105,5,3,1
2207,2024-04-02 23:31:31,37,F,2,college,married,2,self_employed,6725.0,37,458,1,3,1
2208,2025-05-17 22:07:13,23,M,4,college,single,4,state,2966.0,109,152,1,1,0
2209,2025-07-11 06:21:53,27,F,1,college,married,3,unemployed,2072.0,120,110,5,3,0
2210,2025-03-09 14:03:44,27,F,4,college,single,1,self_employed,4875.0,13,67,2,1,1
2211,2024-03-17 11:08:13,41,F,4,graduate,married,4,state,4226.0,46,181,1,1,0
2212,2024-03-17 04:50:23,25,F,3,high,single,6,state,5545.0,14,353,1,2,0
2213,2024-10-03 17:53:47,27,M,1,college,married,0,private,4058.0,117,358,5,2,0
2214,2024-11-16 22:30:50,26,F,3,high,married,2,private,8259.0,60,433,3,2,1
2215,2025-12-21 23:38:19,31,F,2,college,single,8,private,3408.0,101,351,3,2,0
2216,2024-07-20 03:02:33,42,M,5,middle,single,2,private,5251.0,71,71,2,2,0
2217,2024-05-12 14:11:28,33,M,4,high,single,3,self_employed,3029.0,102,430,1,3,1
2218,2025-11-13 12:11:25,30,M,4,college,single,7,self_employed,4325.0,72,165,5,3,1
2219,2024-04-14 09:26:31,37,M,3,high,married,8,unemployed,4616.0,6,481,2,3,1
2220,2024-01-12 06:34:20,41,M,4,high,single,10,private,4873.0,59,206,2,2,0
2221,2024-10-27 15:27:42,18,M,4,high,single,1,private,4778.0,79,57,5,3,0
2222,2024-10-11 18:57:07,51,F,1,college,single,8,private,1500.0,118,227,1,2,0
2223,2025-03-20 08:35:33,52,M,2,high,single,7,state,3554.0,100,253,3,3,0
2224,2025-09-24 17:54:45,40,M,1,high,single,1,private,2977.0,62,421,3,1,0
2225,2025-11-04 00:25:18,39,M,3,college,married,9,private,3190.0,97,299,4,3,1
2226,2024-07-22 10:28:25,44,M,4,graduate,single,3,self_employed,3297.0,113,69,5,2,1
2227,2025-12-08 23:59:11,34,F,3,college,married,4,private,5126.0,106,71,1,1,0
2228,2025-03-29 20:13:21,31,M,3,high,married,8,self_employed,3908.0,119,326,2,2,0
2229,2024-02-12 20:06:14,31,M,5,college,single,5,private,3048.0,44,87,2,3,0
2230,2025-11-08 01:34:56,24,M,2,college,married,3,private,2178.0,54,290,5,1,0
2231,2024-04-02 17:42:59,49,M,1,college,married,3,unemployed,6227.0,2,454,3,2,0
2232,2025-02-25 16:11:44,30,F,5,college,married,8,private,2903.0,17,428,3,1,0
2233,2025-07-23 05:43:45,28,F,5,middle,single,2,private,3478.0,98,334,2,3,0
2234,2024-06-23 02:09:24,54,M,4,college,married,5,unemployed,7697.0,40,187,3,2,0
2235,2024-07-08 13:28:31,37,F,2,college,single,8,private,2931.0,53,282,4,1,1
2236,2024-12-05 14:37:23,41,M,5,high,married,9,private,3306.0,44,95,3,3,0
2237,2025-09-29 22:33:19,27,F,4,middle,single,9,private,3949.0,112,383,4,1,0
2238,2024-06-04 05:31:49,28,F,4,high,single,3,self_employed,2075.0,107,108,5,1,0
2239,2025-04-21 07:42:03,45,M,2,college,married,2,state,1993.0,89,73,5,1,0
2240,2024-11-18 09:24:19,35,F,3,middle,single,10,state,3076.0,116,334,3,1,0
2241,2024-03-14 15:31:15,23,F,4,college,single,6,unemployed,3114.0,66,308,5,1,0
2242,2025-05-25 22:33:42,49,M,4,college,married,4,private,3816.0,21,296,2,1,1
2243,2025-08-22 17:54:47,33,F,3,high,single,9,private,2586.0,77,264,1,3,0
2244,2025-02-16 05:06:29,43,F,3,middle,single,7,unemployed,4238.0,3,317,4,1,0
2245,2024-04-30 17:45:49,30,M,4,middle,single,5,private,1712.0,51,248,4,3,0
2246,2024-04-15 16:18:49,39,F,3,high,married,2,unemployed,3552.0,100,111,1,3,1
2247,2024-10-28 03:38:21,47,F,3,college,married,0,unemployed,4130.0,22,307,2,3,1
2248,2024-12-27 16:27:25,51,M,1,college,married,5,unemployed,4085.0,68,69,2,1,0
2249,2025-01-30 02:16:47,25,M,2,college,married,1,private,3439.0,94,78,3,2,0
2250,2024-06-18 20:51:07,43,F,4,graduate,married,3,state,2890.0,91,305,2,2,1
2251,2024-12-23 13:25:22,52,F,1,high,married,7,self_employed,3404.0,72,367,4,2,1
2252,2024-07-26 09:47:04,42,M,1,college,married,0,private,5608.0,40,86,3,3,0
2253,2025-05-07 21:34:27,23,M,5,high,married,10,state,2952.0,30,219,5,3,1
2254,2025-07-27 10:13:34,25,M,4,high,married,4,private,5127.0,20,469,5,2,0
2255,2025-04-13 11:04:17,25,F,1,high,single,9,private,5421.0,89,402,2,1,0
2256,2023-12-24 21:51:12,22,F,2,high,single,1,self_employed,1983.0,32,412,3,2,1
2257,2025-12-17 04:34:33,46,M,4,college,single,5,unemployed,3481.0,78,345,4,3,1
2258,2024-01-10 08:24:30,54,F,3,college,married,10,private,2586.0,6,131,3,3,0
2259,2025-12-22 13:52:18,37,F,3,high,divorced,6,private,2152.0,36,224,5,2,0
2260,2024-01-16 04:41:18,40,M,3,middle,married,8,state,4804.0,47,319,1,2,1
2261,2025-01-04 00:22:07,47,M,2,college,married,7,private,4297.0,93,350,5,3,1
2262,2024-03-10 08:36:36,33,F,4,college,married,8,state,3993.0,12,109,5,1,0
2263,2024-03-02 11:53:16,35,M,1,college,married,4,self_employed,2490.0,57,487,2,1,0
2264,2025-05-05 21:05:44,40,M,3,middle,married,4,private,3919.0,56,472,2,1,0
2265,2025-06-07 07:48:52,29,F,2,high,single,0,self_employed,2302.0,39,66,1,2,0
2266,2024-03-19 07:30:23,20,F,1,college,married,2,private,3741.0,96,315,1,3,0
2267,2025-12-05 23:09:16,39,M,2,college,single,0,private,2888.0,118,114,2,1,1
2268,2024-08-13 22:29:04,49,F,4,middle,single,3,self_employed,5259.0,6,193,5,3,1
2269,2024-08-12 09:04:41,20,F,2,high,single,7,private,3206.0,112,449,4,2,1
2270,2024-07-27 19:02:33,26,M,2,high,single,2,private,3948.0,108,356,5,1,0
2271,2024-11-24 16:22:46,27,M,2,college,single,5,state,3951.0,102,208,2,3,0
2272,2024-05-01 19:39:17,48,F,4,middle,single,6,private,3546.0,15,51,2,2,1
2273,2024-10-29 02:05:30,37,F,3,college,married,1,private,3778.0,47,427,5,2,1
2274,2024-05-25 06:52:23,38,M,5,graduate,single,8,self_employed,4049.0,79,179,3,1,0
2275,2024-01-30 12:51:48,42,F,3,high,married,8,private,2660.0,25,323,1,2,0
2276,2024-09-18 04:16:05,28,F,3,high,single,2,private,4192.0,29,155,4,1,1
2277,2025-04-27 18:04:22,45,F,3,middle,divorced,0,private,4926.0,68,406,1,2,0
2278,2025-07-03 01:20:03,19,F,1,middle,married,0,self_employed,4184.0,102,206,1,3,1
2279,2024-09-06 22:28:35,22,M,5,graduate,married,3,private,3216.0,20,383,5,3,1
2280,2024-08-16 08:02:03,49,M,5,graduate,married,1,self_employed,3870.0,2,88,5,2,0
2281,2025-07-20 20:22:01,43,M,2,middle,married,0,private,3206.0,120,327,4,1,0
2282,2025-05-04 06:25:10,24,F,3,graduate,single,5,self_employed,3493.0,51,486,2,1,0
2283,2025-08-22 10:44:37,34,F,2,high,single,5,self_employed,2403.0,10,263,1,1,1
2284,2025-10-15 10:53:49,19,F,3,college,married,0,self_employed,5902.0,116,261,3,2,0
2285,2025-08-14 11:57:48,43,M,4,college,single,6,self_employed,7168.0,33,359,3,3,0
2286,2025-11-06 15:13:42,46,F,5,high,single,4,private,2846.0,14,436,1,3,0
2287,2024-10-23 03:59:17,28,M,2,college,married,2,private,4794.0,81,415,4,1,0
2288,2024-10-07 02:39:01,31,M,4,college,single,1,private,6065.0,92,76,1,3,1
2289,2024-08-14 17:28:49,26,M,4,high,married,8,private,2604.0,16,183,3,2,0
2290,2024-06-12 17:06:00,32,F,2,graduate,single,1,private,1711.0,88,431,1,2,0
2291,2025-06-22 15:20:24,28,M,3,high,single,2,self_employed,6191.0,46,489,1,1,0
2292,2025-05-28 13:11:09,27,F,3,middle,single,7,private,3628.0,39,344,2,3,1
2293,2025-07-31 00:20:34,34,F,4,graduate,married,6,unemployed,3036.0,81,52,3,2,0
2294,2024-04-24 04:41:19,50,F,5,high,married,10,self_employed,3702.0,8,356,5,3,0
2295,2024-12-16 14:49:49,46,M,1,high,married,0,private,3200.0,21,476,1,1,0
2296,2024-06-03 00:43:16,29,F,2,high,single,2,private,10258.0,100,413,3,3,0
2297,2025-10-05 21:54:12,53,F,2,middle,single,7,state,3024.0,119,376,4,2,1
2298,2024-07-06 05:02:41,25,M,2,high,married,2,private,4083.0,109,287,2,2,0
2299,2024-04-07 01:16:49,52,F,3,high,single,4,private,5723.0,94,456,5,2,1
2300,2025-02-12 00:01:15,29,F,4,college,single,3,state,5714.0,16,335,3,2,1
2301,2025-09-25 17:17:06,38,M,3,high,married,8,self_employed,5343.0,38,280,1,1,1
2302,2025-10-22 11:36:31,25,M,3,college,married,8,private,3137.0,102,455,2,3,0
2303,2024-03-03 03:35:18,46,M,3,graduate,single,8,private,3452.0,86,51,3,1,0
2304,2024-08-17 21:39:14,30,M,2,high,single,5,private,1701.0,100,106,4,2,0
2305,2024-04-14 01:46:01,51,F,4,graduate,divorced,5,private,3547.0,50,429,1,2,1
2306,2024-08-04 17:48:29,21,M,3,college,married,6,private,3683.0,70,75,3,2,1
2307,2025-01-16 16:52:37,37,M,2,graduate,married,0,self_employed,4720.0,89,454,4,1,0
2308,2024-07-15 19:37:04,24,M,5,college,married,6,state,6825.0,95,493,2,3,1
2309,2024-02-11 06:55:25,51,M,3,high,married,3,private,4670.0,88,167,1,2,1
2310,2024-12-30 07:43:19,33,M,2,high,married,10,unemployed,5296.0,5,447,4,3,1
2311,2024-01-31 13:10:49,43,F,3,graduate,married,2,state,3619.0,25,296,4,2,1
2312,2024-06-06 11:42:51,51,M,4,college,married,0,private,5707.0,60,281,2,2,1
2313,2023-12-24 09:05:18,38,M,2,college,single,10,self_employed,3655.0,84,466,5,2,0
2314,2024-02-25 09:06:54,20,F,4,college,married,1,self_employed,5427.0,117,402,5,2,0
2315,2024-11-06 12:16:04,26,F,3,high,married,5,state,4825.0,37,450,1,1,1
2316,2025-09-05 00:30:06,26,M,3,high,single,4,private,4177.0,94,447,3,3,0
2317,2025-07-11 11:24:37,52,M,4,graduate,married,2,self_employed,2123.0,80,377,4,3,0
2318,2024-03-05 03:30:46,52,M,3,middle,married,5,private,5338.0,33,260,2,2,1
2319,2024-01-18 10:22:04,36,M,3,college,single,8,private,4156.0,21,133,1,2,0
2320,2024-08-26 19:17:20,51,M,1,graduate,married,1,self_employed,4656.0,75,94,1,2,0
2321,2025-04-13 03:33:11,27,F,2,middle,single,7,self_employed,4063.0,40,163,2,1,0
2322,2025-06-21 02:45:14,43,F,3,high,married,9,state,4316.0,26,266,2,1,0
2323,2025-08-15 21:11:26,32,M,2,college,divorced,3,private,5740.0,27,111,4,2,0
2324,2024-08-29 19:25:37,27,F,3,college,married,7,private,3084.0,27,208,5,1,1
2325,2024-04-24 15:22:29,27,M,2,college,married,10,self_employed,4288.0,11,408,3,1,1
2326,2024-01-12 05:36:58,33,M,2,middle,married,10,self_employed,2774.0,23,60,5,1,0
2327,2024-04-09 05:03:09,30,M,3,middle,married,7,self_employed,4455.0,118,189,3,1,0
2328,2024-02-09 13:37:58,26,M,2,high,married,10,private,3976.0,23,482,5,2,0
2329,2025-09-12 09:13:59,30,F,3,high,single,8,unemployed,2919.0,50,196,2,1,0
2330,2024-07-06 22:36:02,22,M,4,high,married,5,private,3762.0,60,372,4,3,0
2331,2025-08-15 21:08:35,54,F,2,college,married,1,private,2984.0,85,324,5,3,0
2332,2025-01-30 19:20:41,32,M,1,middle,married,9,self_employed,3190.0,38,404,5,1,0
2333,2025-01-20 10:15:35,22,F,3,college,single,3,private,4122.0,100,378,2,1,0
2334,2024-11-19 23:58:42,39,F,1,graduate,single,8,state,4000.0,94,319,2,1,0
2335,2025-08-13 00:22:54,51,M,3,college,single,7,state,1859.0,62,488,1,1,1
2336,2024-01-24 17:13:40,31,M,4,college,single,3,self_employed,4145.0,108,171,4,2,1
2337,2024-02-29 17:05:11,50,F,3,middle,single,8,private,3274.0,42,176,3,1,0
2338,2024-10-28 01:45:25,41,M,3,college,single,7,private,3149.0,59,313,2,1,1
2339,2024-10-06 23:18:58,46,M,5,high,married,8,state,2454.0,72,372,2,2,0
2340,2025-01-25 06:51:25,29,F,1,high,single,10,self_employed,3584.0,23,356,5,3,1
2341,2025-06-14 14:12:47,19,M,4,college,married,3,unemployed,3032.0,10,481,5,2,1
2342,2025-02-24 21:47:28,31,M,4,middle,single,8,private,5686.0,120,319,5,1,1
2343,2024-06-28 22:33:29,53,M,3,high,married,0,self_employed,1974.0,6,393,3,3,1
2344,2024-08-18 22:08:51,48,M,2,college,married,7,private,2598.0,6,107,4,3,1
2345,2025-06-25 04:48:09,47,M,2,high,married,1,private,2537.0,13,67,5,3,0
2346,2024-05-19 01:42:53,51,M,5,middle,married,2,private,3986.0,66,416,4,2,1
2347,2024-12-26 01:12:32,32,M,2,middle,married,2,private,5490.0,33,251,2,1,0
2348,2025-01-20 07:37:34,30,M,4,high,single,9,private,4342.0,27,184,5,3,0
2349,2025-06-23 16:39:36,53,M,3,college,married,4,private,2482.0,104,388,4,3,1
2350,2025-05-28 11:29:23,39,F,3,college,single,4,private,3133.0,113,228,1,2,0
2351,2024-11-27 05:11:14,29,F,3,middle,married,3,self_employed,2743.0,106,63,1,3,0
2352,2024-08-05 16:33:44,28,M,2,college,married,6,private,4349.0,39,298,3,3,0
2353,2024-09-17 13:41:02,51,M,3,graduate,single,10,self_employed,3111.0,11,106,5,1,1
2354,2024-10-19 11:03:37,20,F,5,college,married,7,self_employed,2221.0,115,490,4,2,0
2355,2024-06-01 00:11:42,20,M,2,college,single,1,private,4468.0,66,198,4,3,0
2356,2025-03-24 13:08:15,46,M,5,college,married,5,self_employed,5665.0,117,190,4,3,0
2357,2024-05-24 02:48:21,18,F,5,college,married,1,private,3420.0,21,430,5,1,1
2358,2025-04-10 12:49:23,24,M,1,graduate,married,1,private,3798.0,114,68,3,1,0
2359,2025-06-24 14:07:08,55,F,3,middle,married,2,self_employed,2149.0,38,355,3,1,0
2360,2025-11-25 03:24:37,34,F,2,high,single,7,state,1771.0,96,488,2,2,0
2361,2024-03-19 19:18:33,45,F,3,middle,married,9,private,1906.0,14,63,3,1,1
2362,2025-06-30 14:29:32,36,M,5,college,married,2,self_employed,3584.0,89,481,2,1,1
2363,2024-02-24 18:24:38,21,M,4,middle,single,10,self_employed,3269.0,57,328,5,2,0
2364,2024-08-26 04:34:38,25,M,5,graduate,single,2,private,4408.0,115,139,5,3,0
2365,2024-04-30 16:37:28,46,F,2,middle,single,3,private,3398.0,18,434,2,2,0
2366,2024-04-20 11:13:08,21,F,3,college,married,1,self_employed,5145.0,27,423,4,2,0
2367,2024-04-30 00:04:15,40,F,2,high,married,0,unemployed,4941.0,77,492,4,3,1
2368,2024-01-25 01:47:49,31,M,4,high,single,6,state,3252.0,98,464,4,2,0
2369,2025-08-15 20:50:43,32,F,2,high,single,4,self_employed,2563.0,107,325,1,1,1
2370,2024-02-06 14:58:17,54,M,2,college,married,1,state,1862.0,14,55,1,1,0
2371,2024-10-09 21:50:09,41,F,1,high,single,6,private,6013.0,1,386,4,1,0
2372,2025-05-17 09:19:44,41,M,2,high,single,3,unemployed,2618.0,44,390,1,1,1
2373,2025-12-15 23:36:20,31,M,2,college,married,4,self_employed,2157.0,12,398,5,3,1
2374,2025-09-07 04:55:10,32,M,1,graduate,single,9,state,3810.0,49,131,3,3,0
2375,2024-04-02 03:56:28,44,F,4,college,married,4,self_employed,2163.0,58,381,5,2,1
2376,2025-12-14 01:10:56,19,M,4,college,single,4,state,3809.0,120,423,1,2,0
2377,2025-04-14 02:01:03,27,M,2,high,married,7,private,3237.0,5,83,2,1,1
2378,2024-05-03 02:02:04,40,M,4,graduate,single,9,self_employed,5031.0,39,59,1,2,0
2379,2024-11-15 13:44:27,41,M,3,high,single,8,private,4880.0,41,87,3,1,0
2380,2025-10-24 01:17:46,21,F,4,graduate,married,5,private,5357.0,67,361,1,3,1
2381,2024-10-05 19:55:35,47,M,2,college,married,3,private,3914.0,39,185,2,2,0
2382,2024-05-06 01:20:02,38,M,3,high,divorced,1,private,2696.0,77,418,2,1,0
2383,2025-09-22 19:28:30,27,F,3,middle,single,1,unemployed,2533.0,102,481,3,1,1
2384,2025-11-18 16:08:01,46,M,2,college,married,8,private,3024.0,82,66,1,2,0
2385,2025-12-05 04:26:08,55,M,3,college,married,8,private,7317.0,80,383,2,2,1
2386,2025-11-20 16:02:31,34,M,4,college,single,3,self_employed,3337.0,15,391,4,1,0
2387,2025-09-21 04:29:20,28,M,4,graduate,married,10,self_employed,3852.0,107,83,3,2,0
2388,2024-11-19 18:39:19,29,M,2,college,single,10,self_employed,6195.0,68,103,3,3,0
2389,2024-05-12 09:06:28,40,M,3,high,married,6,unemployed,3980.0,20,413,5,2,0
2390,2025-03-18 12:35:00,19,M,4,college,married,2,self_employed,2802.0,77,85,3,2,0
2391,2024-06-02 04:22:46,36,F,1,middle,single,5,self_employed,4701.0,59,139,5,2,0
2392,2024-12-03 09:41:01,18,F,1,college,married,9,private,3134.0,109,465,5,3,1
2393,2025-04-15 22:24:51,19,F,3,graduate,single,5,private,4029.0,78,377,3,2,0
2394,2025-11-14 00:04:46,34,M,2,middle,married,5,private,4356.0,115,466,3,3,0
2395,2024-07-22 00:44:39,46,M,3,college,married,5,self_employed,3063.0,117,173,2,3,1
2396,2024-06-24 21:31:52,51,F,1,college,married,9,self_employed,3886.0,29,384,5,1,0
2397,2025-06-12 08:23:03,21,F,3,middle,single,4,self_employed,6374.0,36,324,4,3,1
2398,2023-12-28 17:10:40,27,M,4,college,single,2,state,2924.0,26,451,1,1,0
2399,2025-02-09 11:41:23,34,M,4,college,married,5,self_employed,5773.0,28,151,4,1,1
2400,2025-06-20 12:27:01,39,M,3,high,married,6,private,2961.0,83,57,2,1,1
2401,2025-01-29 03:55:17,55,M,3,high,married,10,private,6841.0,114,230,5,3,0
2402,2024-09-29 06:53:29,44,M,5,high,single,1,state,2699.0,59,280,2,2,1
2403,2025-08-19 20:08:31,38,M,4,college,married,10,private,3172.0,98,308,1,2,0
2404,2024-09-19 20:31:31,20,F,3,high,married,8,unemployed,6173.0,90,443,5,1,0
2405,2025-05-25 16:32:02,21,F,2,high,married,7,private,6268.0,32,359,4,2,0
2406,2024-11-26 19:45:45,23,F,3,graduate,single,2,private,4849.0,102,452,5,2,0
2407,2024-01-12 09:38:32,43,M,3,college,married,2,self_employed,2493.0,58,379,5,2,0
2408,2025-01-14 06:39:01,30,F,4,college,single,4,private,3747.0,2,215,3,2,1
2409,2024-01-29 02:31:26,27,F,4,graduate,married,2,state,3643.0,86,418,3,3,0
2410,2025-11-02 14:23:25,43,M,5,middle,married,7,private,2699.0,106,196,5,2,1
2411,2025-03-07 03:18:14,48,F,5,high,married,8,private,4647.0,30,416,2,1,1
2412,2024-09-20 14:00:19,34,F,3,college,single,5,self_employed,2774.0,32,365,2,2,0
2413,2024-12-12 22:05:06,51,F,5,high,married,7,private,2318.0,88,149,3,1,0
2414,2025-03-20 00:01:49,45,M,5,middle,married,8,state,2065.0,117,77,3,3,0
2415,2024-06-30 22:26:06,45,F,1,college,single,10,private,6630.0,32,449,5,1,1
2416,2024-07-21 12:39:37,50,M,3,middle,single,7,state,3045.0,52,402,1,3,1
2417,2024-10-24 14:51:16,24,M,2,college,single,2,private,3068.0,82,72,3,1,0
2418,2024-06-29 18:11:04,46,M,2,college,married,1,private,2538.0,103,162,3,2,1
2419,2025-06-29 06:35:19,54,M,2,college,single,10,self_employed,5877.0,5,267,5,2,0
2420,2024-03-08 18:50:46,55,M,3,high,single,8,state,2246.0,24,285,2,3,0
2421,2025-08-18 10:13:59,39,M,1,middle,married,9,unemployed,2389.0,108,220,4,1,0
2422,2024-09-03 10:12:07,46,F,2,college,married,4,self_employed,3253.0,64,136,3,3,1
2423,2025-02-05 16:37:41,51,M,1,graduate,married,1,state,3614.0,91,350,5,2,0
2424,2024-04-17 03:52:44,50,F,3,high,married,6,private,4585.0,8,381,3,1,1
2425,2024-09-30 07:40:23,52,M,4,middle,married,7,self_employed,2874.0,11,338,1,3,0
2426,2025-06-26 20:32:21,49,F,5,college,married,2,state,6251.0,89,481,3,2,0
2427,2024-07-08 14:36:26,32,F,3,high,married,5,self_employed,2881.0,46,227,5,2,1
2428,2024-03-29 13:28:23,45,F,2,high,single,4,state,2558.0,114,293,1,2,1
2429,2025-01-08 00:00:41,33,F,4,high,married,2,private,2474.0,52,193,4,2,0
2430,2024-04-20 14:50:29,48,F,1,high,married,8,self_employed,2777.0,102,478,3,3,1
2431,2024-08-09 18:24:47,48,M,5,high,married,5,self_employed,2419.0,66,238,4,3,0
2432,2024-11-16 20:04:25,53,M,4,high,single,10,private,4735.0,82,231,2,3,0
2433,2025-02-07 18:56:48,40,M,3,college,single,0,self_employed,2565.0,79,385,5,2,0
2434,2025-04-03 17:52:42,36,M,1,high,single,10,state,3476.0,15,179,1,2,1
2435,2025-04-30 22:56:59,24,M,1,high,single,7,state,2539.0,96,214,3,3,0
2436,2025-08-31 07:54:33,42,M,3,middle,single,7,self_employed,2414.0,119,428,3,2,0
2437,2024-02-10 05:42:27,39,F,3,college,single,3,private,5363.0,47,59,2,1,1
2438,2024-09-13 11:54:41,37,F,4,middle,single,0,private,6380.0,42,67,1,3,0
2439,2023-12-24 18:42:07,43,F,3,high,married,2,private,5677.0,72,440,5,2,0
2440,2023-12-30 21:26:08,50,F,3,college,married,4,unemployed,2176.0,76,176,3,2,0
2441,2024-05-26 23:05:43,23,M,2,college,married,3,private,2284.0,46,402,5,1,1
2442,2025-03-04 15:28:08,34,M,3,college,single,2,self_employed,7277.0,33,361,2,2,0
2443,2025-10-06 23:50:29,45,F,2,high,single,0,self_employed,3331.0,117,140,4,3,0
2444,2025-07-10 16:26:34,49,F,3,high,single,7,self_employed,2250.0,100,135,3,2,0
2445,2025-04-08 19:00:51,47,M,3,high,married,7,private,5318.0,69,493,3,1,0
2446,2025-07-14 01:25:48,48,M,4,college,single,1,private,3728.0,46,451,3,3,0
2447,2024-04-27 12:44:43,50,M,3,high,married,8,unemployed,4444.0,43,165,2,2,0
2448,2025-08-28 01:54:48,54,M,2,high,single,10,state,1664.0,47,267,1,2,0
2449,2025-10-03 21:25:28,41,M,4,middle,single,10,private,3248.0,72,438,4,1,1
2450,2024-03-02 09:21:13,27,M,4,graduate,single,2,private,5075.0,1,160,2,1,0
2451,2024-12-01 01:37:41,39,F,4,middle,married,4,self_employed,2910.0,79,348,3,1,0
2452,2025-08-20 22:15:09,44,F,3,high,single,0,unemployed,5610.0,70,217,3,1,0
2453,2024-12-05 13:07:39,21,M,4,graduate,married,0,state,2296.0,18,447,5,2,1
2454,2025-08-28 13:04:50,46,F,2,college,single,9,private,3500.0,31,177,5,2,1
2455,2025-11-05 22:41:41,38,F,3,college,single,10,self_employed,6475.0,34,245,1,1,0
2456,2024-12-04 12:07:10,53,M,4,college,single,2,private,2434.0,111,366,1,2,1
2457,2024-02-05 10:12:24,26,F,2,middle,divorced,5,self_employed,4004.0,113,352,5,2,0
2458,2024-08-28 05:43:21,52,M,4,college,married,0,private,4468.0,94,99,1,2,1
2459,2024-05-29 01:55:24,35,F,2,high,married,8,private,3759.0,82,89,4,1,1
2460,2024-12-04 02:29:45,39,M,2,graduate,married,6,private,3336.0,115,435,4,2,0
2461,2025-02-23 14:42:49,43,F,1,high,married,3,private,2679.0,89,393,5,1,0
2462,2024-11-26 15:30:00,40,F,4,college,single,10,private,3900.0,47,117,2,3,0
2463,2024-05-14 16:55:25,52,M,4,college,married,1,self_employed,3512.0,44,342,2,2,0
2464,2024-07-30 20:24:37,24,M,2,middle,married,2,private,2202.0,80,177,2,3,0
2465,2025-05-03 01:18:47,45,M,1,high,single,8,self_employed,5351.0,50,233,1,3,0
2466,2024-01-12 16:44:36,55,F,2,college,single,4,private,2648.0,55,332,2,2,1
2467,2024-05-28 06:53:48,26,F,2,high,married,7,private,2223.0,117,337,2,2,0
2468,2025-10-05 09:49:20,27,M,4,graduate,single,2,state,2956.0,110,209,5,3,0
2469,2024-03-05 09:13:48,36,F,2,high,single,7,state,2664.0,73,424,3,2,0
2470,2024-10-21 18:20:54,45,M,2,college,single,6,private,3326.0,39,280,3,2,0
2471,2024-05-23 02:22:47,54,M,1,college,single,0,self_employed,2357.0,54,416,4,2,0
2472,2024-03-09 09:28:56,48,M,3,high,married,3,private,4259.0,40,306,1,2,0
2473,2024-10-27 14:18:01,48,M,4,college,married,3,private,5904.0,51,210,5,1,0
2474,2025-01-07 15:39:54,34,M,3,college,married,6,private,3778.0,44,166,3,1,0
2475,2024-04-30 13:56:34,42,M,3,college,married,4,self_employed,2196.0,54,55,3,3,1
2476,2024-02-18 18:57:05,26,M,5,college,single,5,private,2645.0,60,291,2,2,0
2477,2024-03-31 07:48:15,35,F,3,college,married,1,private,3934.0,78,300,2,3,0
2478,2025-04-12 15:03:20,25,M,4,high,married,10,private,1829.0,107,473,1,2,0
2479,2025-09-12 00:08:19,19,F,3,middle,single,8,private,2365.0,64,167,3,1,0
2480,2024-05-03 14:42:02,50,F,1,high,married,7,private,2045.0,25,51,5,2,1
2481,2024-08-13 21:21:32,48,F,4,college,married,3,self_employed,3791.0,23,453,1,1,1
2482,2024-08-30 23:38:52,37,M,3,graduate,married,7,state,7760.0,79,318,3,3,0
2483,2024-09-12 08:29:31,18,F,3,middle,single,2,private,2342.0,120,72,2,2,0
2484,2024-06-19 08:08:39,21,M,2,college,single,5,private,4845.0,37,194,4,1,0
2485,2024-02-02 08:20:15,22,M,3,high,married,2,private,2989.0,11,487,4,2,0
2486,2025-01-10 08:43:41,45,M,4,college,married,3,unemployed,2294.0,10,438,5,1,1
2487,2024-09-09 21:06:56,25,M,2,college,married,7,self_employed,6295.0,33,299,2,2,0
2488,2024-08-29 20:21:23,27,F,1,college,married,3,private,7754.0,115,93,2,3,1
2489,2024-07-04 07:25:18,50,F,2,college,single,8,unemployed,4206.0,94,343,3,2,0
2490,2025-11-01 10:01:43,51,F,3,college,married,5,private,4133.0,95,77,1,2,0
2491,2025-03-13 15:41:54,46,M,4,middle,married,10,private,3721.0,40,226,3,2,0
2492,2024-10-24 15:28:50,29,F,3,college,divorced,2,unemployed,3457.0,115,232,2,1,1
2493,2024-05-21 22:26:16,40,F,5,high,married,10,self_employed,4101.0,49,400,2,1,0
2494,2025-07-30 19:41:07,25,M,3,graduate,single,1,state,4613.0,49,353,4,2,1
2495,2025-10-02 12:09:45,50,M,3,college,married,6,state,6517.0,113,265,1,2,0
2496,2024-01-16 14:13:31,21,F,2,middle,married,4,unemployed,3032.0,91,52,2,1,0
2497,2025-11-01 15:45:33,46,M,2,high,single,8,private,3807.0,35,58,4,1,0
2498,2025-05-17 13:50:24,37,M,4,high,married,1,private,3530.0,79,415,3,3,0
2499,2024-03-05 21:02:24,46,F,1,graduate,single,2,private,5210.0,43,343,5,2,1
2500,2025-06-25 19:18:22,35,M,2,middle,single,2,unemployed,8434.0,75,201,1,1,0
2501,2024-03-11 09:41:59,24,M,4,college,married,10,private,5274.0,17,388,3,3,0
2502,2024-01-30 03:05:56,46,M,3,high,single,5,private,4814.0,5,465,1,3,0
2503,2024-03-17 04:31:09,41,F,1,college,married,1,private,5003.0,116,55,1,3,1
2504,2024-11-23 16:15:27,35,F,4,college,married,8,private,5674.0,9,458,3,1,0
2505,2025-03-20 06:51:12,32,F,3,high,married,3,self_employed,8477.0,49,161,2,3,0
2506,2024-10-16 08:19:54,31,F,4,college,married,2,private,2019.0,24,394,1,2,1
2507,2024-03-22 00:53:46,36,F,4,middle,married,5,self_employed,4491.0,2,316,5,1,0
2508,2024-05-17 09:25:54,27,F,1,college,single,8,self_employed,1500.0,90,382,4,2,1
2509,2025-09-06 05:44:17,28,M,2,high,divorced,9,private,5080.0,34,103,3,3,1
2510,2025-11-25 17:10:08,28,M,2,college,single,0,self_employed,4415.0,96,320,5,1,0
2511,2025-06-26 14:50:12,18,F,4,high,married,9,private,3007.0,66,485,1,1,0
2512,2024-03-08 11:48:39,53,F,3,college,married,10,state,1500.0,78,408,5,1,1
2513,2025-08-13 11:03:04,26,M,4,high,single,3,state,3623.0,81,410,5,3,1
2514,2025-05-12 03:38:41,24,F,3,college,married,5,private,3936.0,24,130,3,1,0
2515,2025-01-11 00:34:49,23,F,2,middle,married,4,private,3561.0,55,174,4,2,1
2516,2024-04-06 13:32:21,55,M,1,high,single,5,state,2929.0,94,418,2,1,0
2517,2025-12-20 13:47:05,36,M,2,college,single,7,state,2660.0,29,231,5,3,0
2518,2024-11-11 02:27:53,30,M,3,high,single,7,self_employed,3576.0,14,304,3,3,1
2519,2024-01-25 05:56:52,33,M,3,high,divorced,5,private,2750.0,50,125,2,2,0
2520,2024-05-25 06:38:53,21,M,5,college,married,5,private,4833.0,108,402,1,3,1
2521,2024-10-11 22:09:43,29,M,2,high,single,5,unemployed,3542.0,39,251,4,1,0
2522,2024-02-07 11:57:56,27,M,3,college,married,4,private,1991.0,47,272,5,2,0
2523,2024-08-16 11:22:13,48,M,2,high,married,1,unemployed,3873.0,16,479,4,3,1
2524,2024-11-29 22:25:54,20,F,4,graduate,married,4,self_employed,4209.0,88,334,4,2,0
2525,2025-11-15 12:16:08,34,F,1,college,married,7,state,6414.0,41,248,4,1,1
2526,2024-02-25 01:17:24,48,M,3,high,single,10,private,5038.0,21,204,2,2,1
2527,2025-02-17 02:36:14,49,M,2,high,single,8,self_employed,2658.0,13,321,2,3,1
2528,2025-10-22 12:08:06,37,M,2,college,married,9,unemployed,5997.0,38,241,4,1,1
2529,2025-08-03 12:27:56,26,M,3,college,married,8,self_employed,2241.0,25,151,4,3,1
2530,2025-10-29 04:58:30,30,M,3,high,married,5,self_employed,3677.0,60,214,2,2,0
2531,2024-04-26 08:22:39,26,M,3,high,single,7,private,4741.0,52,179,1,1,1
2532,2025-07-30 23:31:56,43,M,2,middle,married,9,private,6067.0,60,384,4,3,0
2533,2025-12-07 09:40:12,29,F,5,college,single,2,unemployed,7052.0,45,276,5,2,1
2534,2024-08-18 00:05:35,41,M,2,college,married,1,private,5688.0,12,140,3,1,1
2535,2024-12-22 00:09:53,42,F,3,high,single,2,private,3471.0,94,117,5,1,0
2536,2025-01-14 12:20:25,53,M,4,college,married,5,private,4460.0,66,469,5,1,1
2537,2024-12-18 09:08:05,32,M,3,college,divorced,8,self_employed,3938.0,23,450,4,2,0
2538,2024-07-22 12:58:38,54,F,2,graduate,single,4,self_employed,2840.0,10,424,5,1,1
2539,2025-12-01 17:54:01,33,M,3,high,married,10,state,3497.0,113,381,5,1,0
2540,2025-11-21 05:49:23,43,F,1,high,married,3,private,6831.0,111,438,2,2,0
2541,2024-09-26 22:25:51,43,F,3,high,single,5,private,4565.0,23,341,5,3,1
2542,2025-08-02 20:43:00,49,F,3,college,single,10,private,7486.0,51,462,3,3,0
2543,2024-10-09 04:38:18,35,M,4,middle,married,1,unemployed,2493.0,70,464,2,1,1
2544,2025-07-26 05:04:54,48,M,4,high,single,9,private,3186.0,53,246,2,2,1
2545,2025-02-22 20:52:02,31,M,2,college,single,1,unemployed,4211.0,101,162,4,1,1
2546,2024-12-01 05:22:21,36,M,1,college,married,9,private,4721.0,70,452,5,2,1
2547,2024-03-26 11:28:54,36,M,3,high,married,3,self_employed,3495.0,32,422,2,3,1
2548,2025-04-14 20:25:54,44,F,3,high,married,6,state,4818.0,94,250,3,2,0
2549,2024-08-14 09:25:12,41,F,3,middle,married,7,self_employed,4806.0,105,459,5,2,1
2550,2024-05-30 07:21:48,20,M,3,high,married,4,state,2240.0,9,95,5,3,0
2551,2024-05-13 01:00:35,48,M,3,high,married,6,self_employed,4740.0,103,420,3,1,0
2552,2025-12-09 18:29:44,46,F,5,middle,single,8,self_employed,5301.0,85,72,5,2,1
2553,2024-03-08 09:31:35,21,F,3,middle,single,9,private,4039.0,111,96,5,3,1
2554,2025-07-28 22:10:21,54,M,1,college,married,1,unemployed,1912.0,110,78,2,1,0
2555,2025-09-16 06:51:12,43,M,2,college,married,5,state,3305.0,6,86,3,3,1
2556,2024-01-15 16:02:49,21,F,3,middle,single,9,private,4244.0,53,134,1,1,0
2557,2025-02-26 05:04:55,36,F,2,college,divorced,6,private,2689.0,9,213,1,3,1
2558,2025-02-17 12:07:54,49,F,2,middle,married,0,state,5021.0,2,212,4,1,0
2559,2024-09-10 19:56:50,28,M,2,college,married,1,self_employed,4700.0,111,239,1,3,0
2560,2025-04-23 16:50:03,53,M,4,college,single,9,self_employed,3816.0,30,491,2,3,0
2561,2024-10-17 07:53:14,33,M,5,college,single,4,private,3663.0,8,280,1,1,1
2562,2024-11-08 23:23:48,26,M,2,college,married,7,self_employed,3895.0,113,158,2,2,0
2563,2024-11-03 00:12:46,31,F,2,high,single,9,private,3636.0,49,112,2,3,0
2564,2025-07-30 11:48:51,37,M,3,high,single,0,private,2322.0,15,461,3,1,0
2565,2025-03-30 04:46:25,44,F,2,high,single,5,self_employed,3132.0,31,174,4,1,0
2566,2024-09-25 16:54:11,53,F,5,middle,divorced,1,private,3734.0,2,415,3,3,0
2567,2025-10-30 12:59:59,25,F,3,college,single,9,private,5982.0,82,406,4,1,0
2568,2025-07-31 12:04:17,54,F,4,high,married,4,private,4639.0,113,438,3,3,0
2569,2025-11-03 22:17:56,38,F,5,high,single,9,private,6096.0,47,116,4,3,0
2570,2025-06-09 06:22:32,22,M,3,college,single,3,private,2227.0,104,403,2,1,0
2571,2024-10-04 18:56:22,53,M,2,college,single,1,private,3214.0,42,402,2,1,0
2572,2025-07-10 05:56:19,31,M,3,college,married,9,private,7524.0,56,488,1,1,0
2573,2024-08-20 08:40:41,41,F,3,college,married,6,unemployed,2807.0,26,369,3,2,1
2574,2024-07-08 18:40:19,44,F,3,college,single,2,private,2788.0,1,104,1,3,0
2575,2024-11-17 06:20:04,18,M,5,middle,married,7,self_employed,3311.0,20,256,4,3,0
2576,2025-11-30 14:12:08,26,M,2,college,single,4,self_employed,7379.0,71,266,4,1,0
2577,2025-02-10 14:12:27,44,M,3,high,married,0,private,2878.0,12,263,5,2,1
2578,2024-09-29 02:18:08,30,M,2,high,single,2,private,4425.0,99,204,3,1,1
2579,2024-11-25 03:02:59,18,F,2,graduate,married,8,private,4176.0,111,411,5,2,0
2580,2024-07-23 14:06:32,18,M,3,high,married,1,self_employed,1854.0,35,178,3,2,0
2581,2025-04-17 21:21:35,49,F,4,high,married,3,self_employed,3621.0,33,250,4,2,0
2582,2024-09-04 19:26:29,23,F,3,high,single,2,private,3000.0,21,251,5,3,0
2583,2025-01-31 17:04:15,21,M,2,graduate,married,8,private,4616.0,50,340,3,1,0
2584,2024-09-18 23:12:51,39,M,1,college,married,9,private,6692.0,109,266,5,2,0
2585,2024-08-14 02:56:10,22,F,3,middle,married,8,state,3227.0,47,487,3,1,0
2586,2025-12-01 06:31:47,42,F,3,college,single,7,private,3227.0,93,494,1,2,0
2587,2024-09-01 09:12:13,38,M,4,middle,married,0,state,8789.0,39,259,3,3,0
2588,2024-02-13 11:31:00,42,M,3,college,single,10,state,2838.0,54,169,4,3,0
2589,2024-09-25 08:56:44,36,F,4,high,married,1,self_employed,2275.0,60,393,4,3,0
2590,2025-01-15 11:09:46,47,F,4,middle,single,4,private,5897.0,109,461,2,3,1
2591,2024-03-02 02:05:19,42,F,2,college,married,9,private,3577.0,60,450,2,2,0
2592,2024-08-03 03:35:27,33,F,3,graduate,single,2,private,4021.0,73,125,4,1,0
2593,2024-04-23 05:25:02,18,F,4,high,single,2,self_employed,7951.0,103,73,4,2,1
2594,2024-12-23 11:21:28,28,M,5,middle,single,0,private,2228.0,114,349,1,1,0
2595,2025-06-03 20:57:13,22,F,3,graduate,married,3,private,3400.0,108,185,3,1,0
2596,2025-11-29 23:46:25,18,M,3,middle,married,5,private,2362.0,13,187,1,2,1
2597,2024-10-03 00:58:27,28,F,3,high,married,5,self_employed,4094.0,14,63,2,3,0
2598,2025-09-14 04:17:27,25,F,4,college,married,0,state,3000.0,53,483,5,1,0
2599,2024-05-28 14:43:22,20,F,5,high,married,2,self_employed,2415.0,43,50,1,1,1
2600,2025-07-15 18:18:28,29,M,5,high,single,0,self_employed,4705.0,82,336,3,3,0
2601,2025-02-06 18:01:14,37,F,2,middle,married,2,self_employed,3654.0,52,467,3,1,1
2602,2025-06-29 11:11:46,24,F,2,middle,single,6,self_employed,2349.0,49,78,2,1,0
2603,2025-06-27 13:03:10,28,F,4,college,married,0,private,2400.0,11,327,5,1,0
2604,2025-01-15 16:12:50,18,F,3,college,single,1,private,3916.0,42,466,5,3,0
2605,2024-06-28 22:02:23,19,M,5,middle,married,5,unemployed,2029.0,69,235,1,2,0
2606,2025-01-11 02:44:47,23,M,2,college,married,6,self_employed,3943.0,84,182,2,1,1
2607,2025-08-18 13:21:31,35,F,4,high,single,9,unemployed,5819.0,21,367,2,3,1
2608,2025-12-01 13:56:47,43,F,4,middle,married,6,private,4598.0,73,468,1,2,0
2609,2025-10-31 01:53:06,47,F,2,college,single,10,unemployed,2927.0,69,302,3,3,1
2610,2024-05-04 11:18:10,41,F,2,high,single,7,private,4008.0,34,56,2,1,0
2611,2025-03-04 02:21:07,41,M,4,college,married,6,state,2349.0,107,358,2,3,1
2612,2024-03-09 08:30:14,53,M,2,high,married,4,private,3819.0,54,148,4,1,0
2613,2025-04-25 07:57:46,27,F,4,college,married,1,private,3247.0,32,496,5,2,1
2614,2025-12-17 09:43:19,48,M,3,graduate,married,7,private,2531.0,85,175,4,2,1
2615,2024-01-31 09:07:52,53,F,3,high,single,10,private,4529.0,23,337,4,2,0
2616,2025-04-16 07:09:09,39,F,2,graduate,single,4,private,1822.0,76,360,3,2,1
2617,2025-11-13 05:30:30,49,F,5,high,married,3,unemployed,2404.0,82,250,3,3,0
2618,2025-09-02 10:40:15,23,M,4,middle,married,1,unemployed,2508.0,55,409,3,3,1
2619,2024-10-05 12:19:57,51,F,4,high,single,6,self_employed,3051.0,25,454,2,2,1
2620,2024-03-08 20:42:42,39,M,4,college,single,3,unemployed,5737.0,32,334,3,2,0
2621,2025-10-28 10:44:06,26,M,3,college,single,0,self_employed,4741.0,27,390,2,2,0
2622,2025-10-26 13:34:15,20,M,5,graduate,single,0,unemployed,3778.0,14,77,2,2,1
2623,2025-02-18 15:41:10,45,M,3,college,single,3,private,3716.0,120,159,5,2,0
2624,2025-12-07 14:14:07,34,F,3,high,single,5,private,3626.0,101,245,1,3,0
2625,2023-12-27 08:55:16,29,F,2,college,married,5,self_employed,5885.0,63,108,5,3,0
2626,2025-03-18 03:01:05,32,M,2,graduate,single,8,private,1929.0,99,272,1,1,0
2627,2024-01-21 03:15:20,55,F,4,college,single,5,self_employed,4770.0,79,83,2,1,1
2628,2025-11-06 01:21:49,34,M,2,college,married,8,state,3048.0,74,211,4,3,1
2629,2025-05-03 16:56:14,20,F,4,college,married,3,private,4342.0,87,77,5,2,0
2630,2025-10-20 19:16:13,28,F,5,high,single,2,private,4349.0,69,239,5,2,0
2631,2025-02-06 17:56:36,23,F,3,graduate,single,5,self_employed,4706.0,68,233,4,3,0
2632,2024-01-12 08:50:53,44,M,1,graduate,married,1,state,6338.0,17,267,2,1,1
2633,2024-08-24 23:14:48,48,M,3,college,single,8,private,2253.0,74,496,2,1,1
2634,2025-06-18 17:25:06,49,M,1,high,single,2,state,5177.0,54,299,2,2,0
2635,2024-04-12 06:05:10,42,F,4,middle,married,10,private,3560.0,30,116,5,3,0
2636,2025-09-06 01:35:10,47,F,3,graduate,single,10,private,3099.0,59,334,4,3,1
2637,2024-06-15 19:45:00,33,M,3,college,married,5,self_employed,7419.0,101,491,1,3,0
2638,2024-12-20 09:14:03,41,M,3,college,married,3,private,4655.0,56,144,1,2,0
2639,2024-05-20 05:58:46,22,F,3,graduate,single,3,unemployed,3146.0,58,86,1,1,0
2640,2024-11-28 00:04:13,38,M,2,college,single,4,private,5090.0,30,456,3,2,0
2641,2024-11-18 02:05:24,39,F,2,college,divorced,5,unemployed,3583.0,97,127,5,1,1
2642,2023-12-27 23:53:19,19,F,3,high,married,0,self_employed,3129.0,15,423,3,2,1
2643,2025-02-10 12:03:26,38,M,4,high,divorced,2,self_employed,2945.0,101,243,2,1,0
2644,2025-07-20 06:06:10,45,M,2,college,married,8,self_employed,4051.0,112,404,3,2,1
2645,2025-11-06 11:33:23,31,M,2,high,single,0,state,2937.0,22,371,4,3,1
2646,2024-08-21 10:08:43,38,M,2,high,single,4,state,3845.0,67,413,1,1,0
2647,2025-09-26 19:52:13,28,F,3,college,single,9,state,4966.0,71,393,4,3,1
2648,2025-09-25 11:56:19,28,F,2,middle,married,0,private,3785.0,104,286,5,1,0
2649,2025-12-14 12:27:56,22,M,4,college,single,10,private,7272.0,40,160,5,1,0
2650,2024-09-21 08:01:17,30,M,1,middle,married,5,private,3658.0,81,479,1,1,1
2651,2025-09-05 03:37:08,48,M,3,college,married,4,self_employed,5838.0,12,135,5,3,1
2652,2025-02-08 12:09:53,53,M,2,high,married,7,private,5124.0,99,215,1,3,0
2653,2024-02-04 12:54:09,42,F,3,college,married,8,state,6210.0,91,176,3,1,0
2654,2024-07-08 08:23:17,41,F,2,college,single,5,private,7261.0,26,239,2,1,1
2655,2025-04-27 14:20:25,41,F,4,high,single,0,private,1966.0,16,162,4,3,1
2656,2024-04-19 05:30:26,36,M,5,high,married,10,state,3995.0,13,418,4,2,0
2657,2024-11-05 08:30:13,34,F,2,middle,married,0,self_employed,3501.0,100,247,4,1,1
2658,2025-07-11 16:23:11,41,M,5,high,married,9,private,3786.0,74,441,4,1,1
2659,2024-04-11 07:47:12,47,F,2,high,married,4,unemployed,3168.0,45,63,5,2,1
2660,2024-12-20 12:15:54,33,F,3,middle,married,5,private,3010.0,66,252,3,1,0
2661,2024-05-28 20:19:25,39,F,4,college,single,8,private,2478.0,68,313,3,2,1
2662,2025-01-18 15:16:06,35,M,2,high,single,10,private,3767.0,12,432,3,2,0
2663,2024-06-16 17:15:53,28,M,3,high,married,1,private,5049.0,53,379,2,2,1
2664,2025-11-27 18:05:15,29,F,1,high,married,8,private,3063.0,74,335,3,2,0
2665,2024-02-17 23:48:15,20,M,4,high,married,7,private,3245.0,73,431,3,1,1
2666,2025-11-26 09:55:12,34,F,3,college,single,4,self_employed,2852.0,22,224,1,2,1
2667,2025-07-24 01:38:56,45,M,4,college,married,4,self_employed,2571.0,112,481,2,1,1
2668,2025-09-08 14:50:59,44,F,2,college,single,8,private,3352.0,13,458,2,3,0
2669,2025-09-05 14:26:21,55,M,5,high,single,1,unemployed,4106.0,104,459,4,2,1
2670,2024-05-08 22:54:53,19,F,2,high,single,5,self_employed,5654.0,119,276,2,2,0
2671,2025-11-02 16:43:38,46,M,3,high,married,7,private,2399.0,91,92,1,2,0
2672,2025-03-01 19:39:27,48,M,2,college,single,5,private,3602.0,67,432,3,1,1
2673,2025-11-25 08:59:45,34,M,2,high,single,4,private,5499.0,24,237,3,3,1
2674,2025-09-25 01:08:34,28,M,1,college,single,5,self_employed,2410.0,40,416,4,1,1
2675,2025-02-19 02:46:07,31,F,3,college,single,5,private,5673.0,66,74,4,2,0
2676,2024-09-22 08:36:29,43,F,2,college,married,8,private,3122.0,12,93,5,1,0
2677,2024-03-18 14:52:15,50,F,3,college,married,9,private,4670.0,85,207,4,2,0
2678,2024-03-06 19:22:48,42,F,5,graduate,married,10,private,3373.0,111,442,3,2,0
2679,2024-10-03 11:42:44,37,F,2,high,single,0,private,4275.0,90,63,2,2,1
2680,2025-08-07 00:04:12,42,M,1,high,married,3,state,6394.0,114,123,4,1,0
2681,2024-12-26 21:37:24,20,F,2,college,single,9,unemployed,3489.0,57,273,3,1,0
2682,2024-12-09 16:29:50,41,M,1,college,married,7,private,5160.0,31,417,5,2,0
2683,2024-06-19 10:49:45,19,F,3,high,married,4,private,4008.0,3,120,4,1,0
2684,2025-02-08 00:09:35,54,M,4,high,married,6,private,2765.0,53,390,2,1,0
2685,2025-04-02 19:04:48,51,F,2,high,married,5,private,3460.0,14,270,5,3,1
2686,2025-12-09 23:10:05,37,M,2,college,single,9,self_employed,3385.0,78,382,3,2,0
2687,2025-06-08 11:23:04,32,M,3,high,married,6,unemployed,2221.0,97,373,4,1,0
2688,2025-03-11 06:20:39,45,M,2,middle,married,4,self_employed,4276.0,14,465,4,2,0
2689,2025-10-18 08:32:43,42,M,3,middle,married,6,private,4584.0,62,76,4,1,1
2690,2024-10-29 05:38:19,44,M,5,graduate,married,2,self_employed,4838.0,65,320,3,3,0
2691,2025-11-05 12:18:18,37,M,2,college,single,8,self_employed,6005.0,38,255,4,2,0
2692,2024-09-19 02:07:34,26,M,3,high,married,2,private,5084.0,27,202,5,3,1
2693,2024-03-26 06:41:29,20,F,4,graduate,married,0,unemployed,2948.0,86,384,1,2,0
2694,2024-10-23 20:41:24,28,M,4,high,married,0,self_employed,3176.0,28,317,3,3,0
2695,2024-03-26 23:59:12,38,F,4,college,single,0,self_employed,4883.0,4,250,4,3,1
2696,2024-03-19 10:21:06,34,M,4,college,single,1,private,4173.0,73,363,5,2,0
2697,2025-09-27 06:46:28,37,F,3,high,married,0,private,3618.0,9,309,3,2,1
2698,2025-07-26 04:01:47,28,M,3,college,single,3,self_employed,2681.0,38,214,1,3,0
2699,2024-06-02 11:37:47,53,M,4,graduate,single,10,private,3024.0,11,201,4,2,0
2700,2025-08-26 12:47:57,31,F,4,high,single,1,unemployed,4465.0,67,164,5,1,0
2701,2024-02-12 07:09:57,50,F,4,middle,married,7,private,1839.0,27,183,5,1,0
2702,2024-07-18 14:38:16,32,M,3,college,married,9,private,1605.0,32,270,2,2,0
2703,2025-05-22 10:54:12,34,M,4,high,married,8,self_employed,4641.0,48,131,1,1,0
2704,2024-08-01 18:31:00,40,M,2,college,married,3,state,3021.0,59,455,1,3,0
2705,2025-06-09 06:25:22,27,M,2,high,single,0,private,4290.0,87,312,3,2,0
2706,2025-09-22 06:20:10,26,M,2,college,single,4,self_employed,6322.0,112,334,1,2,0
2707,2024-02-10 05:24:02,32,F,2,college,single,6,self_employed,2554.0,73,308,4,1,0
2708,2024-01-10 11:57:38,48,M,3,graduate,married,8,state,2030.0,59,454,3,1,0
2709,2025-11-09 04:50:07,23,F,2,high,divorced,1,private,3305.0,71,419,2,1,1
2710,2025-01-06 22:24:51,34,M,3,graduate,single,3,state,2865.0,61,264,2,2,1
2711,2024-12-27 17:25:50,43,M,3,college,single,6,state,3609.0,1,205,3,3,0
2712,2024-11-26 11:35:54,44,M,2,college,married,7,self_employed,4395.0,60,477,1,3,0
2713,2024-11-04 12:53:36,34,M,2,college,married,3,self_employed,4082.0,90,320,3,3,0
2714,2025-05-10 19:01:15,21,M,3,high,married,9,private,3700.0,103,406,4,2,0
2715,2025-02-19 05:08:29,18,F,4,college,married,8,private,5273.0,12,112,3,3,0
2716,2024-04-21 06:37:21,35,F,3,high,single,3,private,4604.0,82,209,3,1,1
2717,2025-03-25 10:42:31,48,M,2,high,married,5,private,3417.0,14,169,5,3,1
2718,2025-04-24 21:09:16,19,M,2,college,single,5,state,4548.0,4,252,2,1,0
2719,2024-03-15 22:17:18,51,F,1,middle,married,7,self_employed,2120.0,6,277,1,3,0
2720,2024-09-24 00:22:47,43,M,1,college,single,3,unemployed,5283.0,15,499,3,1,0
2721,2025-07-23 01:41:30,18,M,5,high,married,3,state,3669.0,11,97,1,3,1
2722,2025-03-19 15:52:58,31,F,1,high,divorced,4,self_employed,2392.0,70,480,5,3,1
2723,2024-04-01 13:11:57,26,M,2,college,married,2,state,3147.0,111,416,1,2,0
2724,2024-01-22 06:27:52,54,M,4,high,single,6,private,5235.0,92,235,4,2,0
2725,2025-02-20 06:49:07,39,M,3,graduate,married,10,state,2783.0,88,176,3,1,1
2726,2024-11-25 01:27:37,30,F,3,graduate,single,3,private,4204.0,15,425,3,1,0
2727,2025-11-24 13:37:20,28,M,3,high,married,9,private,4952.0,113,111,5,1,1
2728,2025-01-08 05:50:08,39,F,5,high,single,5,unemployed,3672.0,61,460,5,3,0
2729,2025-11-02 23:40:57,18,M,1,middle,married,1,state,2690.0,4,475,1,1,0
2730,2024-05-28 10:59:54,27,M,2,college,single,5,private,3560.0,78,163,5,2,0
2731,2024-11-14 13:21:15,24,M,4,high,single,5,state,2223.0,85,302,2,3,1
2732,2024-04-03 22:12:23,41,F,4,graduate,divorced,0,unemployed,3069.0,49,283,2,3,0
2733,2025-02-15 04:29:40,43,M,5,graduate,married,5,private,2471.0,86,395,5,1,0
2734,2024-05-09 14:04:11,35,F,2,middle,single,1,unemployed,3582.0,84,391,1,3,0
2735,2024-12-17 08:26:56,23,M,5,college,single,8,unemployed,2335.0,70,498,3,1,1
2736,2024-08-31 05:21:06,32,M,2,high,single,5,state,3749.0,42,84,1,3,0
2737,2024-05-07 13:59:04,50,M,4,college,single,3,private,5413.0,120,418,3,1,1
2738,2024-03-03 16:06:49,25,M,4,high,married,0,private,5533.0,75,413,4,3,1
2739,2024-12-31 19:09:01,24,M,2,college,married,6,private,2355.0,56,384,3,1,0
2740,2025-11-14 13:02:34,22,F,2,high,married,7,private,2884.0,92,145,5,3,1
2741,2024-05-17 02:04:09,49,F,3,college,married,4,self_employed,4907.0,30,385,4,3,0
2742,2024-10-14 15:29:45,22,F,4,high,married,9,unemployed,4658.0,115,266,1,1,1
2743,2024-06-04 23:06:30,40,F,1,college,married,2,private,2936.0,89,175,2,3,0
2744,2025-08-05 13:08:50,55,M,4,graduate,single,8,private,3071.0,77,219,3,2,1
2745,2024-10-21 21:05:30,42,F,2,college,married,5,state,3747.0,32,236,3,3,1
2746,2025-12-04 07:47:16,33,M,3,college,single,3,private,1917.0,43,383,1,3,0
2747,2024-06-19 23:20:04,25,F,2,high,single,3,state,4376.0,114,140,3,3,0
2748,2024-02-20 22:28:55,18,F,5,high,married,4,unemployed,5319.0,87,155,3,2,0
2749,2025-02-21 05:45:13,23,M,2,high,married,0,private,3177.0,14,217,3,3,0
2750,2025-04-12 17:14:56,54,F,3,graduate,single,7,private,2216.0,97,260,5,2,0
2751,2025-12-16 05:47:15,23,F,2,high,single,4,self_employed,5969.0,15,476,2,1,1
2752,2025-09-20 03:05:13,18,M,5,high,single,7,private,3932.0,50,169,4,3,0
2753,2025-09-29 10:39:26,49,F,4,college,married,5,unemployed,4666.0,51,458,4,1,0
2754,2025-03-30 23:47:14,33,M,2,high,single,10,unemployed,2293.0,44,74,5,2,1
2755,2024-09-11 15:57:23,31,M,2,college,married,0,private,2296.0,60,280,4,2,0
2756,2024-11-01 04:32:15,45,M,3,high,married,5,state,4209.0,19,430,3,2,1
2757,2024-03-30 15:12:34,37,F,3,middle,single,5,self_employed,5217.0,80,190,1,3,0
2758,2024-11-02 16:27:28,52,M,4,college,married,2,private,2452.0,82,151,4,1,1
2759,2024-09-15 00:57:49,35,F,3,college,married,7,private,3514.0,103,323,3,3,1
2760,2024-01-19 04:56:54,45,M,3,graduate,married,3,unemployed,2089.0,54,154,5,3,0
2761,2024-05-21 06:16:30,51,M,4,high,married,8,private,2848.0,64,56,3,3,0
2762,2025-01-17 06:12:18,35,F,3,middle,single,10,state,3328.0,16,71,4,3,0
2763,2024-09-18 14:53:21,28,M,2,high,married,9,private,4320.0,42,265,5,3,0
2764,2025-12-18 06:52:23,55,F,1,high,married,6,private,1742.0,68,276,5,3,1
2765,2024-12-07 07:48:20,26,M,2,college,divorced,7,self_employed,5780.0,50,61,2,3,1
2766,2025-11-22 20:33:21,19,F,3,high,married,9,self_employed,3430.0,119,171,2,3,0
2767,2025-04-19 07:39:35,39,F,2,college,married,10,state,5728.0,34,391,4,3,0
2768,2024-01-22 11:47:40,55,M,3,graduate,single,7,private,4650.0,7,305,1,1,0
2769,2024-05-20 12:21:32,21,M,2,high,single,10,self_employed,4906.0,105,325,5,1,0
2770,2025-05-22 05:33:48,50,M,4,college,single,10,private,7384.0,62,376,1,2,0
2771,2025-01-24 22:27:33,49,F,1,high,single,1,state,2770.0,9,457,2,2,0
2772,2024-07-31 06:55:13,53,F,3,college,married,5,private,3818.0,113,70,5,1,0
2773,2025-01-08 02:55:23,34,M,1,high,single,3,state,2574.0,25,267,1,1,1
2774,2025-10-13 04:22:11,27,M,2,college,married,10,state,3513.0,116,140,1,1,0
2775,2024-10-02 18:09:54,37,F,1,high,married,8,private,4685.0,42,350,4,2,0
2776,2024-01-25 22:24:37,23,M,3,middle,single,9,state,5402.0,42,226,5,3,0
2777,2024-08-07 00:00:20,50,F,4,high,married,3,private,3185.0,26,119,4,3,1
2778,2025-11-06 04:30:51,43,F,1,high,single,9,self_employed,2388.0,21,446,3,1,1
2779,2025-07-02 02:20:22,36,M,4,college,single,0,state,3736.0,97,282,4,2,1
2780,2025-08-26 08:34:30,37,M,3,high,divorced,10,self_employed,2702.0,51,99,4,2,0
2781,2025-10-19 11:20:55,45,M,3,graduate,single,2,private,2974.0,67,151,2,3,0
2782,2024-03-18 18:40:36,37,M,3,high,single,5,private,4606.0,39,385,4,3,1
2783,2024-07-17 08:25:30,49,F,2,high,married,7,private,4316.0,51,262,1,1,1
2784,2024-02-05 16:07:20,53,F,4,high,single,8,private,4875.0,58,480,3,3,1
2785,2023-12-27 10:58:06,54,F,4,high,single,2,state,3236.0,38,72,5,2,1
2786,2025-08-24 08:04:41,41,M,4,college,married,6,private,5183.0,72,85,1,1,0
2787,2025-11-06 23:18:50,46,M,2,middle,married,5,private,3659.0,56,361,3,2,0
2788,2024-04-15 16:52:27,29,F,3,college,married,8,private,3296.0,93,200,4,1,1
2789,2025-06-03 04:24:03,19,M,2,middle,married,3,state,2479.0,94,444,3,1,1
2790,2025-01-17 11:24:56,33,M,3,high,single,8,self_employed,1752.0,77,397,5,2,0
2791,2024-02-12 12:49:52,51,M,1,middle,married,6,private,2106.0,13,60,4,3,1
2792,2025-10-22 11:50:59,23,F,2,college,single,8,unemployed,3926.0,108,471,1,2,1
2793,2025-09-20 00:06:04,38,F,3,college,single,9,private,2650.0,84,480,5,3,0
2794,2025-02-10 05:41:27,25,M,4,graduate,divorced,4,state,2047.0,89,161,2,3,0
2795,2025-05-23 18:12:20,34,F,1,high,married,4,private,3144.0,78,326,3,2,0
2796,2024-10-08 23:31:38,23,M,3,middle,single,8,self_employed,4016.0,63,339,5,2,0
2797,2025-07-24 18:32:21,45,M,3,college,single,8,private,4210.0,68,66,4,1,1
2798,2024-11-12 20:40:52,48,M,5,college,single,9,unemployed,3604.0,15,379,1,1,1
2799,2025-12-15 02:21:23,46,F,3,college,married,6,self_employed,3564.0,111,486,2,3,0
2800,2024-02-08 01:48:46,44,M,1,high,single,6,state,3016.0,97,232,1,3,1
2801,2024-04-27 16:03:35,26,M,2,college,married,0,state,4545.0,110,494,3,1,0
2802,2025-11-30 04:32:26,38,M,3,high,single,5,private,3422.0,86,351,5,2,0
2803,2024-07-21 19:27:18,21,F,2,graduate,single,2,private,3545.0,32,381,2,3,1
2804,2024-08-06 18:39:40,32,F,5,high,married,9,unemployed,5236.0,41,297,4,3,1
2805,2025-07-23 15:08:52,37,M,5,college,married,1,self_employed,4804.0,105,361,1,2,0
2806,2024-05-10 05:38:54,43,F,5,high,single,8,private,3413.0,28,472,2,1,0
2807,2025-01-01 21:11:40,21,M,2,college,married,9,private,3247.0,74,316,3,2,1
2808,2024-07-19 19:32:55,48,M,4,college,married,5,private,3238.0,79,292,5,2,1
2809,2024-05-16 11:50:28,35,F,3,college,married,7,self_employed,1795.0,22,126,4,1,1
2810,2025-11-26 23:49:06,51,F,1,high,married,6,state,5345.0,11,282,4,2,1
2811,2024-05-17 22:11:49,38,M,2,high,married,7,self_employed,2865.0,5,439,4,2,0
2812,2024-03-01 19:53:29,38,F,2,college,married,7,private,4910.0,95,351,1,2,0
2813,2025-04-28 23:23:18,44,M,3,college,married,2,unemployed,3694.0,35,372,5,1,0
2814,2025-09-17 03:08:57,49,F,5,college,single,7,private,5926.0,28,118,3,2,0
2815,2024-03-26 01:43:34,23,F,4,high,married,9,private,4382.0,110,431,2,3,1
2816,2025-05-23 17:25:30,37,F,2,high,married,3,unemployed,5010.0,72,289,5,2,0
2817,2025-01-21 18:39:24,19,M,3,high,married,3,self_employed,2959.0,3,255,3,1,0
2818,2025-08-20 21:56:09,36,F,2,college,single,3,state,2322.0,37,72,4,3,1
2819,2024-03-25 16:14:38,48,F,2,high,married,10,self_employed,3834.0,58,452,2,1,0
2820,2025-12-05 09:43:29,50,M,1,high,married,9,private,1861.0,58,332,3,1,0
2821,2025-03-19 22:49:10,28,M,3,college,divorced,3,private,3091.0,95,190,1,3,1
2822,2025-08-29 18:32:58,32,F,3,college,single,10,private,2401.0,97,291,3,1,1
2823,2024-09-13 05:34:39,38,M,4,college,married,8,private,2714.0,4,460,3,1,0
2824,2025-11-11 16:03:31,33,F,4,high,married,4,self_employed,4485.0,35,428,2,1,0
2825,2025-03-25 05:52:32,24,M,2,high,single,9,state,4383.0,73,184,5,3,0
2826,2024-03-25 15:54:20,29,F,4,college,married,10,private,3440.0,4,409,4,1,0
2827,2025-10-27 17:14:04,33,M,2,high,single,9,self_employed,4072.0,69,53,5,2,0
2828,2025-07-26 22:12:56,37,F,3,college,married,5,private,3013.0,10,245,1,2,0
2829,2024-07-30 03:31:38,52,F,3,middle,married,2,private,8513.0,69,297,3,1,1
2830,2025-01-25 08:14:17,38,M,1,college,single,1,private,4045.0,9,347,5,1,1
2831,2024-10-02 06:48:53,32,F,2,middle,married,9,self_employed,2961.0,89,50,1,1,0
2832,2025-01-23 18:02:34,43,F,2,college,divorced,8,private,4946.0,56,186,2,1,0
2833,2025-11-27 17:21:25,47,M,2,college,single,7,unemployed,5620.0,115,165,5,3,0
2834,2025-10-10 05:06:21,34,M,5,middle,married,0,self_employed,2777.0,10,224,1,3,1
2835,2024-05-29 08:15:44,36,F,2,high,single,10,self_employed,2216.0,105,361,3,2,1
2836,2025-12-02 10:00:10,26,F,3,high,single,1,self_employed,2375.0,50,85,1,2,1
2837,2024-11-07 16:48:12,50,M,5,college,married,6,state,2880.0,59,388,2,3,0
2838,2025-05-21 12:46:02,50,F,3,middle,single,10,unemployed,3572.0,84,95,5,3,1
2839,2025-07-03 21:11:19,24,M,3,high,married,2,state,2059.0,75,278,2,2,0
2840,2024-12-10 13:04:50,31,M,5,college,married,5,private,3145.0,106,419,3,3,0
2841,2024-11-21 08:38:04,28,F,2,college,married,9,private,3385.0,100,446,5,1,0
2842,2024-11-21 04:11:44,53,M,2,college,married,2,self_employed,4079.0,27,488,2,1,0
2843,2025-09-13 15:51:48,20,M,3,high,married,1,private,4510.0,33,244,4,3,0
2844,2024-10-01 00:42:08,25,M,3,graduate,married,5,self_employed,4190.0,106,270,3,2,0
2845,2024-07-15 08:15:15,29,M,4,middle,married,8,unemployed,6818.0,98,456,4,3,0
2846,2024-09-12 23:12:53,39,M,1,middle,married,6,private,5340.0,118,107,3,2,0
2847,2024-05-14 06:20:45,27,F,3,college,married,4,private,3935.0,110,460,5,1,0
2848,2024-10-04 19:11:59,38,M,4,high,single,7,private,2592.0,76,89,5,1,0
2849,2024-03-16 06:39:15,46,F,5,college,married,0,private,2874.0,116,91,5,2,1
2850,2024-02-27 12:28:36,49,F,2,high,single,3,self_employed,2208.0,89,70,2,1,0
2851,2025-06-04 09:51:21,21,M,2,high,single,9,private,3842.0,107,153,1,3,0
2852,2024-02-18 12:40:48,23,M,5,college,single,4,private,4089.0,58,446,1,1,1
2853,2025-02-10 18:57:14,21,F,3,high,single,10,state,4977.0,116,143,4,3,0
2854,2025-07-15 07:19:10,52,M,1,college,single,6,private,3998.0,9,249,5,1,0
2855,2025-06-04 20:55:00,42,M,1,college,married,10,private,5265.0,109,413,2,3,0
2856,2024-11-13 15:11:49,38,F,4,middle,married,6,private,5303.0,116,447,3,1,0
2857,2024-05-13 08:26:03,48,F,3,college,single,4,self_employed,2541.0,95,247,1,2,0
2858,2025-11-02 09:35:32,40,F,3,college,married,10,private,3037.0,114,213,3,1,1
2859,2025-08-24 16:01:07,26,M,4,college,married,2,private,3627.0,51,259,4,3,1
2860,2025-03-14 22:06:43,37,M,2,middle,married,4,private,2844.0,39,315,1,2,0
2861,2024-02-25 08:03:46,44,M,2,college,single,7,self_employed,3344.0,17,195,5,2,0
2862,2024-01-18 16:16:59,19,F,3,graduate,single,9,self_employed,4046.0,24,353,5,1,0
2863,2024-08-10 02:39:18,41,M,4,college,married,2,private,3487.0,104,414,5,1,1
2864,2024-04-16 23:48:32,36,M,2,high,married,10,state,3641.0,8,72,5,3,1
2865,2025-09-12 01:27:11,20,M,4,high,married,4,self_employed,2618.0,25,420,1,1,0
2866,2024-05-22 05:57:45,28,F,2,college,married,3,self_employed,4347.0,60,357,3,1,1
2867,2024-07-17 08:02:36,35,F,2,college,married,1,state,4237.0,44,76,3,2,0
2868,2025-12-05 06:53:42,31,M,5,graduate,married,0,self_employed,2788.0,111,410,1,2,1
2869,2025-08-12 07:54:52,29,M,1,graduate,married,6,private,2315.0,4,273,5,1,0
2870,2024-05-31 15:41:52,42,M,1,high,married,6,private,5600.0,5,59,1,3,0
2871,2024-09-28 23:40:30,33,M,4,college,married,1,self_employed,6713.0,33,86,4,1,1
2872,2025-01-03 12:02:22,36,M,2,middle,single,9,private,3953.0,74,76,2,2,1
2873,2025-04-21 22:00:56,48,M,3,middle,married,5,private,3208.0,43,233,3,3,1
2874,2025-11-06 09:49:11,21,F,4,middle,single,0,self_employed,5251.0,101,285,3,1,0
2875,2025-09-19 22:07:26,31,F,2,graduate,single,9,unemployed,4292.0,12,158,2,3,0
2876,2025-12-06 08:24:59,20,F,3,high,divorced,2,private,3382.0,46,488,3,1,1
2877,2024-01-22 16:06:25,53,F,2,high,single,7,self_employed,5109.0,78,64,4,1,0
2878,2024-06-13 13:02:05,25,M,1,high,married,7,private,2743.0,74,488,3,1,1
2879,2025-02-06 23:46:53,49,M,4,high,divorced,8,self_employed,2859.0,63,118,2,1,1
2880,2024-01-28 20:32:28,25,M,2,college,single,8,self_employed,4135.0,54,99,2,1,0
2881,2024-09-08 09:34:59,30,F,4,middle,single,10,self_employed,3789.0,12,271,4,3,0
2882,2024-04-14 03:06:14,41,M,5,high,single,0,unemployed,4551.0,8,393,2,2,1
2883,2025-11-04 00:45:25,49,M,4,high,married,4,unemployed,5528.0,7,348,3,3,0
2884,2024-02-08 05:30:53,24,M,2,college,single,4,unemployed,2115.0,61,407,5,2,0
2885,2024-04-10 08:02:36,26,M,2,college,single,4,state,3691.0,107,254,3,3,0
2886,2024-05-14 10:34:36,51,F,4,college,married,2,private,7082.0,11,445,2,2,0
2887,2024-04-10 11:22:03,30,F,3,high,single,2,private,2955.0,8,394,4,1,1
2888,2025-02-11 01:20:29,25,M,4,middle,married,10,private,2835.0,83,69,5,3,0
2889,2024-09-14 23:22:10,46,F,4,high,single,9,self_employed,1662.0,61,276,4,3,1
2890,2025-10-20 02:06:10,21,M,2,graduate,married,7,private,3773.0,38,488,3,3,1
2891,2024-07-01 09:31:56,50,M,1,high,married,6,unemployed,4461.0,3,377,4,3,1
2892,2025-01-19 04:04:29,51,M,3,high,single,5,private,4458.0,97,420,1,1,1
2893,2025-04-18 20:46:16,50,F,3,graduate,single,7,private,2533.0,80,374,1,2,0
2894,2025-03-24 23:20:13,29,F,2,graduate,single,9,private,3630.0,71,324,3,3,0
2895,2025-07-27 08:37:35,22,M,3,middle,single,4,private,3935.0,29,200,3,3,1
2896,2024-05-19 08:42:51,34,F,4,college,single,5,private,3708.0,113,80,5,1,0
2897,2024-12-28 10:37:53,30,M,2,high,married,10,state,2482.0,8,186,3,3,0
2898,2025-07-30 10:13:30,54,M,2,high,single,10,private,3741.0,89,158,5,3,1
2899,2025-09-14 00:02:44,42,F,4,high,single,2,self_employed,2738.0,88,376,4,2,1
2900,2025-03-18 23:39:42,53,F,4,graduate,single,2,private,1891.0,87,206,2,3,0
2901,2025-04-12 21:08:09,46,F,5,high,married,2,self_employed,4621.0,73,209,5,1,1
2902,2025-09-14 19:40:38,45,F,2,college,single,0,self_employed,3824.0,37,436,1,2,1
2903,2025-03-24 03:44:42,22,M,4,middle,married,7,private,4479.0,55,138,4,1,1
2904,2025-11-15 15:43:52,20,F,4,college,married,4,private,3020.0,54,393,3,2,1
2905,2024-03-26 03:26:35,19,F,4,college,single,0,self_employed,4534.0,104,208,4,1,0
2906,2024-09-02 23:13:17,40,M,2,college,single,2,self_employed,5207.0,90,474,1,2,1
2907,2024-03-14 21:25:49,25,M,1,graduate,single,5,private,6727.0,58,480,2,2,1
2908,2024-02-28 02:56:42,55,F,3,college,married,9,self_employed,4841.0,87,240,2,1,0
2909,2024-12-02 12:24:33,23,M,2,college,single,7,private,4166.0,117,402,3,2,1
2910,2024-06-05 22:16:31,53,M,2,high,single,5,private,2246.0,84,463,5,2,0
2911,2024-10-16 05:23:40,43,F,5,graduate,married,2,private,3508.0,43,322,5,3,1
2912,2024-11-07 14:59:03,22,F,2,high,married,3,self_employed,2213.0,1,453,4,3,1
2913,2025-03-21 06:34:50,20,F,5,high,single,8,private,2734.0,106,358,1,1,0
2914,2025-11-13 08:33:09,33,F,3,college,married,8,state,7218.0,3,58,4,2,0
2915,2025-09-04 01:16:25,30,M,4,high,single,9,private,2545.0,62,324,5,3,0
2916,2024-09-25 03:59:17,29,F,2,college,single,5,private,1604.0,9,157,3,1,0
2917,2024-08-17 16:14:47,38,M,3,high,single,3,private,4840.0,106,316,1,3,0
2918,2025-07-08 15:56:48,22,F,3,high,married,5,private,2877.0,4,410,1,2,0
2919,2024-03-23 06:23:16,22,M,5,graduate,single,9,self_employed,4764.0,83,139,5,1,0
2920,2025-01-21 13:09:05,44,F,2,graduate,married,1,self_employed,2417.0,93,349,1,2,1
2921,2024-10-27 19:14:52,55,F,2,high,married,9,private,3137.0,88,294,2,1,0
2922,2024-05-05 10:48:34,28,F,5,graduate,married,10,private,5533.0,66,150,4,2,0
2923,2025-03-18 00:10:59,53,M,1,high,single,9,private,2292.0,71,392,1,1,0
2924,2024-08-14 03:15:42,31,M,3,high,single,7,self_employed,3432.0,61,402,3,1,0
2925,2024-05-07 11:41:23,30,M,1,graduate,married,4,state,4032.0,91,53,4,3,0
2926,2025-04-13 19:55:18,21,M,1,college,single,9,self_employed,2831.0,11,192,3,3,1
2927,2024-04-29 03:57:05,34,F,3,college,married,1,private,3963.0,107,83,5,1,0
2928,2025-04-28 04:23:29,36,M,3,high,single,8,state,3661.0,93,321,1,1,1
2929,2024-04-20 07:53:07,43,F,3,high,married,4,state,4390.0,117,447,3,3,0
2930,2024-11-05 08:59:26,24,M,3,middle,married,5,state,6938.0,12,471,2,2,0
2931,2025-08-04 20:02:11,25,M,4,graduate,married,5,private,9287.0,26,228,3,3,1
2932,2024-06-07 21:52:15,34,F,5,high,married,0,private,4282.0,27,158,1,2,0
2933,2025-07-06 08:50:23,20,M,2,high,single,10,private,3503.0,50,191,4,3,0
2934,2025-06-02 23:48:24,23,M,2,middle,single,7,unemployed,4249.0,99,74,2,3,0
2935,2025-10-12 22:33:07,41,M,2,college,single,6,private,3357.0,95,207,5,3,1
2936,2024-04-25 06:39:20,54,M,4,high,married,1,self_employed,2089.0,84,347,5,3,0
2937,2025-05-29 00:50:24,39,F,2,college,single,8,unemployed,3582.0,48,58,2,1,0
2938,2025-11-06 18:27:10,23,M,4,college,single,10,state,5317.0,12,378,4,3,1
2939,2025-07-03 00:05:15,55,M,3,middle,single,8,private,2181.0,84,430,3,3,1
2940,2024-05-09 04:04:14,37,F,3,middle,single,2,private,2580.0,9,190,5,3,1
2941,2025-08-15 04:15:55,45,M,4,high,married,1,self_employed,2970.0,25,396,5,2,0
2942,2024-03-11 08:06:45,25,F,3,college,married,4,unemployed,4148.0,49,261,5,1,1
2943,2025-02-25 20:33:06,39,M,3,college,single,0,unemployed,8366.0,94,495,2,2,0
2944,2024-12-21 06:47:15,20,F,2,high,single,6,private,2743.0,73,275,3,3,0
2945,2025-01-14 16:30:42,41,M,3,college,married,5,unemployed,3759.0,13,320,1,3,0
2946,2025-01-06 06:30:32,25,M,2,high,married,5,private,3648.0,30,417,2,3,1
2947,2024-01-15 23:28:18,52,F,4,college,married,10,state,3277.0,102,173,2,3,0
2948,2024-12-28 23:32:23,20,F,3,graduate,married,7,private,3581.0,71,362,3,3,0
2949,2025-11-06 19:45:42,42,F,2,college,married,4,private,3094.0,79,433,5,1,0
2950,2024-11-06 18:24:51,23,F,2,middle,married,8,state,9509.0,44,173,1,3,1
2951,2024-07-13 03:30:59,44,M,3,high,married,4,private,4733.0,98,413,3,3,1
2952,2025-12-19 05:09:24,36,F,5,graduate,married,8,unemployed,3104.0,71,173,5,1,0
2953,2024-03-05 06:20:50,54,F,2,high,married,10,private,5510.0,10,325,2,1,0
2954,2024-12-12 23:38:10,42,M,2,college,married,9,self_employed,3983.0,88,196,5,1,0
2955,2025-01-01 04:42:49,32,M,3,graduate,single,5,private,3716.0,35,333,1,2,0
2956,2024-12-06 21:37:26,21,M,5,college,single,5,private,3416.0,102,115,3,3,1
2957,2025-10-26 20:38:20,40,F,4,college,married,4,private,3336.0,77,415,5,3,0
2958,2024-10-26 21:20:29,34,M,2,college,married,5,self_employed,2376.0,24,110,2,1,0
2959,2025-12-03 12:14:41,19,M,3,graduate,single,10,self_employed,2027.0,4,201,4,3,0
2960,2024-02-10 18:47:13,40,F,4,high,single,9,private,4145.0,11,418,1,1,0
2961,2025-06-11 18:33:49,25,F,4,graduate,single,6,private,3404.0,30,93,3,2,1
2962,2025-02-28 20:36:00,26,M,3,high,single,3,private,4950.0,15,425,1,3,1
2963,2024-06-16 14:21:51,18,F,4,college,married,4,state,2667.0,80,230,1,2,1
2964,2024-06-07 09:59:43,32,M,3,graduate,married,2,self_employed,2479.0,20,167,2,3,0
2965,2025-06-01 08:47:54,26,F,2,college,married,2,self_employed,4777.0,54,424,5,2,1
2966,2025-04-02 10:54:33,20,M,1,high,single,0,private,3283.0,39,433,5,2,0
2967,2025-03-14 03:41:50,34,M,2,middle,single,8,private,4912.0,79,438,1,3,0
2968,2024-01-30 02:36:08,26,F,1,college,single,8,private,3684.0,4,307,1,1,1
2969,2025-03-04 10:54:39,23,M,3,college,single,1,unemployed,7024.0,49,139,4,3,0
2970,2025-12-09 09:54:07,35,M,4,high,married,7,state,4743.0,100,371,5,2,0
2971,2024-01-05 15:30:07,20,M,4,college,single,1,private,4202.0,30,367,3,3,0
2972,2024-11-30 08:58:08,55,F,1,graduate,married,3,self_employed,4817.0,102,447,3,1,1
2973,2024-12-18 21:29:43,35,F,1,college,married,2,state,3309.0,21,382,4,3,0
2974,2025-10-08 15:09:14,55,F,3,college,single,1,private,2049.0,86,189,3,1,1
2975,2024-07-17 11:27:37,51,F,3,graduate,single,8,private,4131.0,34,251,4,2,0
2976,2024-12-05 03:49:54,55,F,2,college,single,0,self_employed,7184.0,43,348,1,1,0
2977,2025-05-30 13:12:13,38,M,4,middle,single,4,self_employed,1633.0,63,400,1,3,0
2978,2024-02-06 00:59:45,34,M,2,graduate,married,5,private,4291.0,85,189,1,3,1
2979,2025-07-30 19:05:04,45,F,1,college,married,6,private,2127.0,64,167,2,3,1
2980,2025-08-15 05:10:52,21,F,4,graduate,married,2,private,3611.0,69,457,3,2,0
2981,2025-06-01 08:12:55,49,F,3,college,married,5,self_employed,3744.0,35,497,2,1,1
2982,2025-04-10 04:10:44,30,F,3,college,married,8,private,4729.0,80,185,3,1,0
2983,2025-06-21 18:08:42,18,M,4,high,married,4,private,3919.0,9,79,1,1,1
2984,2025-07-16 16:23:00,27,F,5,middle,single,10,private,5888.0,11,332,3,2,0
2985,2025-10-13 11:28:49,27,F,1,high,single,4,unemployed,5477.0,20,57,1,2,0
2986,2024-10-31 13:32:09,18,F,3,college,single,8,private,3399.0,105,136,2,1,1
2987,2024-11-20 22:06:23,43,F,2,college,single,1,private,5340.0,74,287,4,3,0
2988,2025-04-02 16:39:06,21,F,3,middle,married,9,private,3263.0,42,216,1,3,1
2989,2024-05-12 22:55:28,50,F,3,high,single,5,self_employed,3073.0,76,72,4,2,0
2990,2025-09-09 01:07:55,35,M,3,college,married,10,self_employed,2389.0,33,208,2,1,0
2991,2025-07-08 11:23:37,45,F,2,high,single,7,unemployed,5763.0,88,354,5,2,0
2992,2025-03-28 16:15:59,30,M,4,middle,married,8,private,3278.0,47,388,4,1,0
2993,2024-07-31 04:55:57,23,M,3,middle,single,1,private,1560.0,75,389,5,1,0
2994,2024-09-02 19:14:31,24,M,4,college,single,6,private,4402.0,30,179,4,2,0
2995,2024-11-05 12:45:16,42,M,2,college,married,8,self_employed,3128.0,5,349,3,1,1
2996,2025-04-20 15:31:06,45,M,4,college,single,8,self_employed,3280.0,120,197,1,1,0
2997,2025-07-13 23:10:14,28,F,3,high,married,4,private,3355.0,79,343,1,3,0
2998,2025-04-27 10:53:07,31,F,3,middle,married,6,state,3236.0,78,54,4,1,1
2999,2025-11-01 20:25:20,53,F,4,college,single,1,private,9459.0,73,234,4,3,0
3000,2025-11-24 05:29:00,50,M,4,graduate,single,4,self_employed,6516.0,108,192,1,3,1
3001,2025-05-21 13:56:52,33,M,3,high,single,5,private,4650.0,3,350,1,2,0
3002,2024-09-19 18:23:01,27,F,3,college,single,0,private,3962.0,115,172,4,3,1
3003,2025-03-05 07:41:13,29,F,3,college,married,10,private,5405.0,56,185,1,2,1
3004,2024-10-29 07:25:57,38,M,3,graduate,married,7,private,3965.0,70,295,3,3,0
3005,2025-03-27 05:46:25,39,F,3,high,single,2,private,4844.0,113,344,2,3,0
3006,2025-08-07 20:23:39,24,F,4,middle,married,9,self_employed,4427.0,97,231,4,3,0
3007,2024-09-18 14:42:15,20,F,3,middle,married,7,self_employed,3808.0,43,452,1,2,0
3008,2024-12-27 04:57:20,36,F,3,college,single,7,state,5060.0,109,492,1,1,0
3009,2024-01-26 07:33:05,48,F,3,college,single,10,private,3143.0,10,323,1,1,1
3010,2025-06-13 16:45:38,23,F,5,high,married,4,self_employed,3716.0,19,296,4,3,1
3011,2024-12-15 14:13:21,33,M,2,middle,married,3,self_employed,2584.0,28,284,4,3,0
3012,2024-11-23 14:06:35,24,M,2,middle,single,6,state,2691.0,33,82,4,3,1
3013,2025-01-15 16:11:12,27,M,2,college,married,9,self_employed,1502.0,81,235,3,2,0
3014,2024-05-29 07:28:29,41,F,4,graduate,single,8,self_employed,4272.0,49,415,1,2,0
3015,2025-03-04 12:23:25,28,F,3,high,married,8,self_employed,4703.0,103,362,2,2,0
3016,2025-06-19 23:58:16,28,M,3,college,married,8,private,5324.0,75,74,1,3,0
3017,2024-09-04 06:19:36,55,F,2,college,single,0,state,2475.0,73,112,1,1,0
3018,2024-03-28 17:50:18,24,M,4,college,married,5,private,4247.0,93,427,4,2,0
3019,2024-10-01 09:22:13,25,M,3,college,married,3,self_employed,3640.0,50,381,3,2,0
3020,2024-05-16 23:11:08,53,F,3,high,married,3,self_employed,4713.0,42,232,3,3,1
3021,2024-09-21 23:24:54,38,M,1,college,married,9,unemployed,2899.0,13,474,1,1,1
3022,2025-03-25 13:58:25,19,M,1,college,married,4,private,3237.0,102,77,4,3,1
3023,2024-03-15 18:40:24,34,M,1,graduate,single,9,state,2114.0,28,393,5,2,0
3024,2025-06-21 12:10:00,39,M,2,college,single,9,self_employed,2833.0,79,490,1,3,1
3025,2024-06-04 23:13:50,27,F,3,high,married,5,self_employed,3645.0,95,247,5,2,0
3026,2025-10-07 02:55:54,38,F,2,college,married,1,self_employed,3870.0,45,273,1,3,0
3027,2025-06-10 16:24:52,42,F,2,college,single,7,private,2018.0,20,145,5,1,0
3028,2024-07-09 23:42:55,27,F,1,high,divorced,9,unemployed,3044.0,82,435,4,3,0
3029,2025-02-07 03:44:57,48,M,2,graduate,married,4,unemployed,3851.0,40,377,5,1,0
3030,2024-03-13 19:53:20,35,F,1,high,single,2,unemployed,5960.0,103,239,1,2,1
3031,2024-03-05 19:25:57,54,M,2,graduate,single,5,state,2709.0,54,155,3,3,1
3032,2025-11-20 21:56:14,21,M,1,high,married,10,self_employed,4322.0,41,258,1,2,0
3033,2025-07-31 18:35:48,30,F,4,middle,single,5,private,2991.0,88,253,3,3,1
3034,2024-04-14 17:29:32,45,M,5,college,divorced,4,private,3115.0,47,213,1,3,0
3035,2024-07-17 08:42:57,52,M,3,college,married,4,private,2678.0,96,428,1,3,0
3036,2024-05-16 07:07:31,26,M,1,college,single,8,state,2526.0,84,216,5,2,0
3037,2024-10-07 11:13:25,55,F,5,college,single,3,unemployed,3084.0,107,101,4,3,0
3038,2024-07-23 16:05:31,25,M,5,middle,single,8,state,5254.0,52,407,2,1,0
3039,2024-08-19 11:39:30,33,M,3,graduate,married,10,private,2795.0,11,379,3,1,0
3040,2025-01-13 10:56:11,29,F,1,college,single,8,self_employed,2647.0,22,63,3,2,0
3041,2024-05-10 00:13:07,34,M,4,high,married,10,state,3917.0,1,363,4,2,1
3042,2025-09-28 11:06:14,52,F,5,college,married,8,private,3648.0,103,270,3,2,1
3043,2025-06-07 04:27:13,45,M,4,middle,married,9,state,3555.0,30,353,2,2,1
3044,2025-07-01 04:45:58,48,F,3,middle,single,0,state,3979.0,25,169,2,2,0
3045,2024-04-25 17:14:28,27,F,3,college,single,3,state,2557.0,73,130,5,3,0
3046,2025-05-23 22:55:13,53,M,5,college,married,3,self_employed,2658.0,30,301,1,3,0
3047,2025-08-25 11:00:39,34,F,1,college,single,9,private,5142.0,118,74,3,2,1
3048,2024-04-29 21:09:48,42,M,2,graduate,single,2,private,3460.0,105,147,2,3,0
3049,2025-06-24 10:23:29,44,F,4,high,divorced,10,state,4486.0,55,70,2,1,1
3050,2024-09-10 02:35:58,43,F,2,graduate,married,7,unemployed,5588.0,78,207,1,1,1
3051,2025-07-20 22:23:19,40,F,3,middle,married,1,private,4895.0,47,458,1,3,0
3052,2024-12-07 05:39:15,36,F,2,middle,single,7,self_employed,2254.0,52,290,5,3,1
3053,2025-07-31 14:41:47,42,F,2,high,married,3,state,3495.0,58,383,5,2,0
3054,2024-04-09 14:54:09,52,F,1,middle,married,3,private,5241.0,46,384,4,1,0
3055,2024-10-03 00:40:57,32,M,3,high,married,10,private,4372.0,53,107,5,1,0
3056,2024-07-10 14:29:18,37,F,3,college,single,8,private,3883.0,22,476,5,2,0
3057,2024-06-22 07:20:25,24,F,3,college,married,8,private,2051.0,79,119,1,1,0
3058,2024-08-05 01:59:51,31,F,2,college,single,3,private,2934.0,9,159,5,3,0
3059,2024-09-28 04:14:20,47,M,5,middle,married,7,self_employed,3730.0,110,345,5,1,0
3060,2024-03-25 21:52:44,42,M,3,college,married,3,state,2210.0,110,267,1,3,0
3061,2025-05-23 04:05:13,26,F,5,high,married,6,state,4807.0,25,146,5,2,1
3062,2025-01-28 16:11:57,38,F,2,college,single,4,private,3494.0,6,207,4,1,0
3063,2025-08-20 08:48:13,48,M,1,college,married,6,private,1821.0,58,234,5,1,0
3064,2025-05-21 16:05:38,22,M,4,high,married,8,self_employed,2986.0,8,323,3,3,1
3065,2024-04-10 19:14:31,20,M,4,college,single,3,unemployed,3294.0,49,406,4,2,1
3066,2024-02-13 01:12:07,32,M,1,graduate,single,0,self_employed,3479.0,91,215,4,3,1
3067,2024-10-27 15:36:24,42,F,3,high,married,1,private,5984.0,38,226,4,1,0
3068,2024-12-09 05:16:36,29,M,3,college,married,9,unemployed,4458.0,108,93,5,1,0
3069,2024-06-16 09:10:33,49,M,2,graduate,married,10,self_employed,2258.0,2,480,1,1,1
3070,2025-07-17 00:20:24,50,M,3,high,single,7,private,2162.0,86,327,2,2,1
3071,2025-02-20 13:19:31,38,M,2,high,single,1,private,3316.0,61,167,1,2,0
3072,2025-06-22 00:47:13,32,F,1,high,single,6,private,3805.0,30,66,4,3,1
3073,2024-03-12 13:51:49,19,M,4,college,divorced,4,self_employed,5153.0,52,478,1,3,0
3074,2025-08-10 00:04:50,49,M,3,high,married,2,state,6671.0,33,69,2,1,1
3075,2024-05-22 10:42:15,52,M,4,high,divorced,4,private,6799.0,75,132,4,2,0
3076,2024-11-15 05:10:33,34,F,4,high,married,8,private,3119.0,116,448,5,2,0
3077,2024-11-08 17:47:21,37,F,5,graduate,single,10,private,5050.0,61,202,2,1,0
3078,2025-08-14 00:09:36,46,M,3,college,married,9,self_employed,4226.0,85,442,2,2,0
3079,2024-07-13 02:21:15,44,F,3,college,single,2,state,2485.0,74,298,1,3,1
3080,2024-06-16 17:59:37,23,M,2,graduate,single,5,private,1880.0,100,303,2,2,0
3081,2024-08-27 22:17:05,43,F,3,college,single,5,state,3829.0,68,470,4,1,0
3082,2024-09-12 09:24:03,53,M,3,graduate,single,3,unemployed,2157.0,54,58,5,2,1
3083,2024-05-04 15:07:52,46,F,4,high,single,4,private,2703.0,15,206,3,1,0
3084,2024-04-30 17:44:58,36,F,2,high,married,4,state,2865.0,94,204,1,1,0
3085,2024-06-09 21:03:05,37,M,2,college,married,0,private,3931.0,108,380,2,1,0
3086,2024-11-29 06:19:44,27,M,4,high,married,4,private,5700.0,118,206,3,2,0
3087,2024-08-30 15:35:31,43,M,4,high,single,4,self_employed,3657.0,88,447,4,3,0
3088,2024-10-05 04:53:29,27,M,2,college,married,3,unemployed,3015.0,43,375,3,3,1
3089,2025-05-31 21:51:40,30,M,4,college,single,6,private,1765.0,85,459,5,1,1
3090,2024-06-16 21:02:35,28,M,3,high,single,7,private,4275.0,39,416,3,2,0
3091,2025-10-18 05:18:48,30,F,4,high,single,0,private,3678.0,108,386,3,3,0
3092,2025-06-24 19:11:52,31,M,3,high,single,3,state,3004.0,6,209,1,2,1
3093,2024-04-29 12:31:15,21,F,3,middle,married,0,private,5476.0,108,378,5,1,0
3094,2024-08-09 02:35:43,45,M,1,high,married,9,private,2400.0,89,240,1,3,0
3095,2024-05-05 23:49:08,34,M,2,college,single,10,private,2865.0,107,204,2,1,1
3096,2024-07-10 03:31:54,54,M,4,college,married,5,self_employed,3342.0,29,151,3,1,1
3097,2024-09-15 19:29:50,24,F,3,high,single,10,unemployed,2991.0,61,454,5,1,1
3098,2024-03-28 13:11:54,43,M,1,high,single,6,private,4415.0,31,378,3,1,0
3099,2024-01-03 12:53:15,24,M,2,college,married,9,self_employed,4283.0,86,72,3,3,0
3100,2024-11-08 08:09:22,38,F,3,high,married,10,self_employed,5260.0,76,207,5,2,1
3101,2025-05-18 17:21:49,36,F,4,high,married,6,private,4341.0,83,311,2,3,0
3102,2024-08-01 03:56:25,35,F,2,high,single,4,unemployed,3497.0,89,368,4,1,1
3103,2025-09-12 03:12:27,42,M,4,college,married,8,state,3233.0,6,188,1,1,0
3104,2024-09-18 13:39:36,49,M,4,middle,single,1,state,4270.0,49,368,3,1,1
3105,2025-10-11 13:57:55,30,F,2,high,single,3,self_employed,3406.0,31,172,4,1,0
3106,2024-06-13 06:40:19,50,F,4,college,single,6,private,3702.0,114,120,2,3,0
3107,2025-01-20 17:07:30,25,F,2,college,single,2,private,4352.0,64,89,4,1,1
3108,2025-07-03 02:29:03,29,M,3,college,single,5,private,3822.0,20,449,5,3,1
3109,2024-02-05 02:22:00,29,M,1,graduate,single,9,self_employed,4056.0,48,346,1,3,0
3110,2025-11-01 21:39:31,54,F,1,college,married,8,unemployed,2761.0,64,421,1,1,1
3111,2024-09-15 10:04:55,22,F,1,high,single,9,private,5839.0,39,291,1,1,1
3112,2024-12-21 11:45:57,33,M,1,high,single,9,private,2472.0,75,312,5,2,0
3113,2025-03-26 18:15:08,34,F,4,middle,married,3,private,4246.0,93,181,2,2,0
3114,2025-04-06 09:19:56,48,F,3,high,married,7,unemployed,3072.0,75,88,5,3,1
3115,2024-01-10 06:40:20,36,M,5,middle,single,4,private,5318.0,70,372,2,2,0
3116,2025-09-17 00:51:29,54,M,3,high,single,10,unemployed,4961.0,79,125,5,3,1
3117,2025-03-23 05:33:02,46,F,3,college,single,1,private,3638.0,35,444,3,3,1
3118,2025-12-22 03:29:42,44,M,2,college,divorced,2,private,6274.0,77,91,2,1,0
3119,2024-12-02 04:54:14,46,F,3,high,single,10,private,3410.0,7,490,3,2,1
3120,2025-03-15 20:48:31,24,F,3,college,single,2,private,4957.0,96,259,1,3,1
3121,2024-11-09 23:25:12,35,M,5,high,married,6,private,2824.0,46,177,1,3,0
3122,2025-10-03 12:56:10,40,F,5,college,married,3,unemployed,4195.0,98,169,4,3,1
3123,2025-08-22 15:25:37,25,M,2,college,single,3,state,2627.0,31,355,4,1,1
3124,2025-10-17 06:48:59,22,M,3,high,single,7,private,3666.0,118,424,3,1,0
3125,2024-12-26 02:59:56,23,F,3,high,single,8,state,3576.0,63,264,5,2,0
3126,2025-07-23 18:13:48,47,F,3,graduate,single,2,private,4952.0,113,246,2,1,0
3127,2024-09-10 22:05:08,42,M,2,college,single,10,self_employed,2879.0,36,446,2,3,0
3128,2024-11-24 11:31:04,28,F,3,college,married,0,self_employed,10675.0,63,253,3,3,0
3129,2025-06-30 23:01:06,46,F,4,middle,married,1,unemployed,2245.0,86,199,2,2,1
3130,2024-02-21 05:49:05,44,F,2,high,married,10,state,3950.0,85,465,4,1,0
3131,2025-05-25 15:47:09,49,F,3,high,married,0,private,4027.0,31,411,5,2,0
3132,2024-01-04 12:54:47,52,M,1,graduate,married,3,private,4395.0,49,310,2,1,0
3133,2025-02-19 21:00:07,51,M,5,high,single,1,private,3040.0,28,55,3,2,1
3134,2024-12-06 08:33:18,24,F,1,high,married,2,private,3962.0,79,224,2,3,1
3135,2024-11-30 03:15:11,47,M,2,graduate,single,0,private,2988.0,50,490,3,3,1
3136,2024-12-18 20:23:26,32,F,2,high,single,3,private,7014.0,1,493,4,3,1
3137,2024-12-17 02:40:30,33,M,4,high,single,3,unemployed,2915.0,36,353,3,1,0
3138,2024-10-16 08:59:20,42,M,4,college,married,1,unemployed,3457.0,45,258,1,2,1
3139,2024-11-17 11:43:36,40,M,1,high,married,7,private,2887.0,68,437,5,2,1
3140,2025-02-10 18:17:31,33,M,2,graduate,married,0,unemployed,2752.0,110,311,4,2,1
3141,2025-07-03 07:55:15,55,M,4,middle,married,5,self_employed,2230.0,119,77,4,2,1
3142,2025-01-30 01:53:26,24,F,3,college,married,3,private,4606.0,82,222,4,2,0
3143,2025-04-06 00:59:57,21,F,1,high,single,7,unemployed,2877.0,109,196,1,2,0
3144,2025-08-25 17:27:37,19,M,5,college,single,3,unemployed,2755.0,3,351,5,3,0
3145,2025-12-15 08:15:17,48,M,2,college,married,5,state,2599.0,104,149,1,2,0
3146,2024-03-12 07:40:20,33,F,3,college,married,8,self_employed,4050.0,63,399,4,3,0
3147,2025-05-27 10:27:40,34,M,2,college,single,1,private,3669.0,45,159,5,3,1
3148,2024-06-05 09:06:45,42,M,4,college,single,4,state,3675.0,44,333,3,3,0
3149,2024-05-15 15:36:09,34,M,4,middle,married,6,self_employed,2789.0,42,185,4,2,0
3150,2025-07-24 21:26:50,39,F,3,middle,single,8,state,4240.0,98,162,5,2,1
3151,2024-02-12 03:28:14,20,F,3,high,married,5,private,2888.0,56,367,3,2,0
3152,2025-09-02 22:06:06,23,F,5,high,married,8,state,3731.0,14,474,3,3,0
3153,2025-07-08 11:57:06,53,F,4,high,married,8,self_employed,3467.0,109,410,5,3,1
3154,2025-12-19 05:19:12,35,F,3,college,single,8,self_employed,2016.0,73,280,4,3,0
3155,2025-04-24 14:21:35,24,M,3,college,married,6,private,7406.0,47,462,1,3,0
3156,2025-09-21 05:25:06,32,M,4,graduate,single,10,private,4452.0,86,422,1,2,0
3157,2024-03-19 12:43:46,30,M,1,high,single,0,private,3878.0,43,463,4,1,0
3158,2025-10-03 15:01:50,28,M,1,college,single,5,state,4098.0,72,53,4,2,0
3159,2024-04-19 00:54:36,29,F,2,college,single,8,private,7468.0,1,416,5,3,0
3160,2024-08-09 11:22:33,45,M,4,graduate,single,1,unemployed,5420.0,33,283,1,2,1
3161,2024-03-26 13:56:46,22,M,2,college,married,9,state,4114.0,42,364,1,2,0
3162,2024-10-12 05:06:42,29,M,2,high,single,0,private,2842.0,96,471,1,2,0
3163,2025-06-22 18:27:33,35,F,3,middle,single,8,self_employed,3003.0,91,284,2,2,0
3164,2024-07-06 16:51:03,38,F,2,graduate,single,2,private,1937.0,96,360,3,1,1
3165,2025-08-15 04:51:43,51,F,2,college,married,7,private,3201.0,58,493,2,1,0
3166,2025-03-10 14:21:55,53,M,3,college,single,9,private,4590.0,44,101,1,1,1
3167,2025-03-27 02:47:06,29,M,2,college,married,8,state,4545.0,64,384,3,1,1
3168,2025-11-08 07:52:11,38,F,5,college,single,6,self_employed,4517.0,33,370,2,1,0
3169,2024-11-03 05:56:16,18,F,2,college,married,9,private,3040.0,64,135,2,3,1
3170,2024-08-31 14:06:29,41,F,4,graduate,married,1,self_employed,4415.0,80,56,4,1,0
3171,2025-12-19 00:35:41,23,M,3,graduate,married,2,private,4858.0,117,335,2,1,1
3172,2025-02-02 14:40:16,20,M,2,high,married,1,private,1670.0,45,216,3,2,1
3173,2025-03-16 15:51:45,43,F,1,middle,married,7,self_employed,4050.0,14,191,1,3,0
3174,2024-07-27 07:10:10,24,F,3,middle,single,9,self_employed,7543.0,42,156,4,3,0
3175,2024-05-29 06:27:11,36,F,2,high,single,10,unemployed,3288.0,100,295,3,1,0
3176,2024-04-25 22:53:43,21,M,2,college,married,5,state,1506.0,55,163,4,2,0
3177,2024-06-04 04:45:14,46,M,5,college,married,1,private,2740.0,50,83,2,2,0
3178,2024-05-14 11:39:01,47,M,3,high,married,1,private,1929.0,55,68,3,3,1
3179,2025-06-21 02:32:36,39,F,5,high,single,6,private,2916.0,31,167,3,1,0
3180,2024-02-04 07:12:08,49,M,2,college,single,9,unemployed,2372.0,100,328,5,2,0
3181,2025-03-27 10:48:57,34,M,2,college,married,10,state,5043.0,81,288,1,3,0
3182,2025-11-15 23:37:21,25,M,3,college,married,7,private,4781.0,115,384,2,3,1
3183,2025-07-04 20:28:54,23,F,2,middle,single,9,private,4105.0,12,320,5,1,0
3184,2024-10-13 02:27:02,26,M,2,high,single,5,private,5592.0,86,181,1,3,0
3185,2024-02-05 08:43:58,25,M,1,college,married,2,self_employed,2987.0,10,463,2,3,1
3186,2025-08-23 21:47:52,30,F,1,college,married,5,private,3736.0,11,314,2,3,0
3187,2023-12-26 07:09:58,26,F,4,college,divorced,1,unemployed,7848.0,102,329,4,2,0
3188,2025-05-04 08:53:32,40,F,2,graduate,single,7,private,4469.0,41,274,4,3,1
3189,2025-04-26 19:01:39,23,F,5,middle,single,3,self_employed,4465.0,38,240,5,2,1
3190,2024-05-12 02:27:31,41,M,2,high,single,3,private,2783.0,23,497,1,1,0
3191,2025-06-16 02:31:42,30,F,2,high,married,0,private,3147.0,14,225,2,2,0
3192,2024-04-30 02:05:54,44,F,3,high,single,10,private,2563.0,80,416,3,2,0
3193,2024-06-05 17:21:08,37,M,3,high,single,4,private,6557.0,63,87,4,3,1
3194,2025-08-07 18:01:59,52,F,4,middle,single,8,unemployed,2110.0,72,476,3,3,0
3195,2025-12-07 18:20:26,34,M,4,middle,single,5,self_employed,5014.0,19,391,3,1,1
3196,2024-07-04 05:44:56,29,M,1,college,married,7,private,4462.0,118,421,5,1,0
3197,2025-10-26 13:50:40,40,M,3,middle,single,5,state,2077.0,1,194,1,1,0
3198,2025-10-20 16:45:23,43,M,4,college,married,7,state,5431.0,54,346,5,1,0
3199,2025-07-07 16:01:19,34,F,1,high,married,2,state,3326.0,63,390,4,1,0
3200,2024-04-04 05:46:14,39,M,3,high,single,10,private,2293.0,13,82,2,2,1
3201,2024-07-29 13:50:02,35,F,2,middle,married,4,private,4136.0,70,342,3,3,0
3202,2025-05-01 17:27:17,29,M,3,middle,married,0,private,2730.0,72,436,2,2,1
3203,2025-12-22 10:19:33,29,M,3,high,married,10,unemployed,3389.0,64,432,2,2,0
3204,2025-08-09 13:34:56,52,M,3,college,married,0,private,3050.0,45,393,4,3,0
3205,2024-10-25 19:06:36,43,M,4,graduate,married,5,self_employed,2677.0,112,452,2,3,0
3206,2024-06-12 17:41:30,21,F,3,middle,married,8,unemployed,2402.0,22,177,5,3,0
3207,2025-11-24 01:06:02,54,F,5,middle,married,4,private,4812.0,90,360,1,3,1
3208,2024-07-12 15:09:10,45,M,4,high,single,2,private,4079.0,45,171,1,1,0
3209,2024-08-29 19:40:42,19,F,2,college,married,2,private,3989.0,47,439,5,3,0
3210,2025-11-27 02:22:15,45,F,3,high,married,7,self_employed,3205.0,29,286,4,2,0
3211,2025-02-06 00:22:05,40,F,3,high,single,6,private,3707.0,81,423,3,2,0
3212,2024-07-04 03:45:00,52,M,4,college,single,5,private,2814.0,24,177,2,3,0
3213,2023-12-27 21:39:11,36,M,2,college,married,5,private,2797.0,45,188,2,1,1
3214,2024-11-01 20:50:51,37,F,5,college,single,3,self_employed,6625.0,59,487,1,3,1
3215,2025-12-12 18:44:46,29,F,3,high,married,10,self_employed,4962.0,2,457,5,3,1
3216,2024-11-03 17:40:23,30,M,3,high,divorced,2,private,2991.0,98,137,2,2,0
3217,2025-05-17 15:45:04,41,F,3,high,single,9,self_employed,2157.0,40,224,5,2,0
3218,2024-06-25 17:10:07,49,M,3,college,single,8,private,2007.0,107,119,4,1,1
3219,2025-07-12 04:44:17,51,F,3,college,divorced,0,private,2916.0,78,336,2,3,0
3220,2025-07-12 07:51:35,47,M,3,middle,single,1,private,3781.0,32,69,4,3,1
3221,2025-03-12 01:25:51,41,F,2,college,married,6,self_employed,3795.0,80,61,3,2,1
3222,2025-07-09 10:48:01,37,M,3,high,single,1,self_employed,3835.0,54,299,3,2,1
3223,2025-02-18 12:58:16,30,M,2,college,single,9,private,4093.0,59,453,4,2,0
3224,2024-09-25 04:07:53,47,F,3,middle,single,4,private,2532.0,102,383,4,1,1
3225,2025-06-14 15:39:26,30,M,3,high,single,9,private,6172.0,77,363,2,1,0
3226,2025-08-24 15:24:13,28,F,2,middle,married,1,private,3398.0,119,314,3,1,0
3227,2025-08-28 23:23:10,50,F,4,college,single,0,private,4037.0,112,131,5,1,1
3228,2024-05-27 13:04:22,40,M,3,middle,single,7,private,2894.0,102,143,2,3,0
3229,2025-04-30 21:54:08,31,M,3,high,married,8,private,4060.0,56,328,4,2,0
3230,2023-12-27 03:26:13,50,F,4,college,divorced,10,private,7532.0,60,466,5,2,0
3231,2025-02-13 13:25:43,54,F,3,college,single,8,private,2575.0,106,71,4,1,0
3232,2025-02-12 22:51:07,30,F,4,college,married,8,private,2464.0,105,221,1,1,0
3233,2024-09-14 08:26:25,37,M,2,college,single,0,state,2690.0,45,135,5,3,0
3234,2025-12-18 16:14:33,36,F,1,college,married,6,private,3240.0,85,113,5,2,0
3235,2025-09-28 13:28:31,44,M,3,college,married,7,self_employed,3034.0,72,209,4,1,0
3236,2024-01-21 05:02:53,54,F,2,high,married,4,private,2529.0,14,136,4,3,0
3237,2024-05-24 10:48:01,38,M,1,middle,married,10,private,3578.0,15,160,1,2,1
3238,2024-05-23 20:07:34,48,M,2,high,married,10,private,6288.0,11,247,4,2,0
3239,2025-10-09 05:13:53,40,F,2,middle,single,9,private,3455.0,31,385,5,2,0
3240,2025-01-05 19:23:04,51,F,5,high,married,9,self_employed,3520.0,113,295,3,2,1
3241,2025-06-08 01:53:05,33,M,2,high,married,6,private,4105.0,39,295,3,3,1
3242,2025-08-06 06:09:42,32,F,2,high,single,9,private,4567.0,111,321,5,1,0
3243,2025-07-06 08:41:56,34,M,5,college,married,0,private,5888.0,53,151,4,2,0
3244,2024-02-27 00:00:57,55,M,5,college,married,2,private,3960.0,56,83,1,1,0
3245,2024-04-04 10:40:03,41,M,2,college,married,7,unemployed,3638.0,31,62,1,1,0
3246,2024-10-07 12:30:40,23,M,4,graduate,single,1,unemployed,2573.0,80,441,3,3,0
3247,2024-08-27 00:23:07,19,M,2,high,married,8,private,4717.0,71,445,4,1,0
3248,2025-06-21 08:46:04,37,M,4,high,single,1,private,2709.0,37,201,2,1,1
3249,2024-04-16 01:14:49,48,M,1,high,divorced,3,private,2680.0,95,403,1,2,0
3250,2024-09-20 05:26:13,36,F,3,college,single,2,private,3896.0,85,166,4,1,0
3251,2024-06-13 16:47:03,39,F,2,high,married,5,private,6245.0,86,187,2,2,0
3252,2024-05-09 20:24:50,48,F,4,college,single,0,private,4695.0,54,360,4,1,0
3253,2024-04-28 03:31:24,37,M,1,high,married,8,private,3593.0,78,468,4,1,0
3254,2024-05-14 17:05:12,52,F,3,high,single,9,private,2582.0,42,326,2,1,0
3255,2025-02-07 23:49:08,42,M,4,college,married,8,private,6203.0,120,482,4,3,0
3256,2024-10-18 08:03:17,45,F,1,high,married,2,state,3570.0,53,497,1,2,1
3257,2024-11-05 18:14:55,47,F,4,college,single,3,self_employed,3289.0,33,63,2,1,1
3258,2024-12-07 23:23:13,41,M,2,college,married,2,private,4422.0,55,235,3,3,1
3259,2025-06-16 23:22:15,19,M,2,college,married,6,self_employed,3113.0,113,262,5,3,0
3260,2025-09-13 02:59:18,34,F,2,college,single,9,private,2797.0,114,132,5,1,0
3261,2025-01-11 07:09:04,23,F,2,high,single,9,private,2893.0,43,146,4,1,1
3262,2025-04-05 20:15:44,37,F,2,high,single,10,state,2890.0,107,488,4,1,0
3263,2025-06-15 03:32:41,23,F,3,college,single,7,private,2454.0,37,130,3,1,1
3264,2025-05-10 23:50:32,37,F,3,high,married,2,unemployed,2360.0,24,267,3,2,0
3265,2024-03-31 00:17:03,31,M,3,high,married,4,unemployed,5116.0,27,267,3,3,0
3266,2025-12-10 13:56:06,18,F,3,high,single,3,private,4601.0,34,348,5,3,0
3267,2024-04-22 07:29:07,22,M,4,college,divorced,0,private,2730.0,36,297,4,3,0
3268,2024-10-19 15:29:49,37,M,2,middle,single,8,private,4969.0,36,69,5,3,1
3269,2025-04-13 09:35:42,20,M,3,graduate,married,6,unemployed,4057.0,46,253,3,1,1
3270,2024-10-13 10:46:08,50,F,4,middle,married,10,private,3251.0,2,201,4,3,1
3271,2024-06-18 11:39:28,46,F,2,high,married,9,self_employed,2371.0,46,107,5,2,1
3272,2025-10-28 01:02:19,44,M,3,high,married,7,private,4103.0,64,495,3,1,1
3273,2024-02-14 05:12:06,24,M,5,high,single,0,state,6995.0,49,293,4,3,1
3274,2024-06-20 11:44:25,48,M,3,high,married,4,private,3660.0,58,484,3,3,1
3275,2025-12-17 21:18:50,42,F,5,college,married,5,self_employed,5164.0,28,462,3,3,1
3276,2025-06-08 18:21:47,32,F,2,high,married,7,self_employed,3381.0,15,493,2,2,0
3277,2024-02-25 11:49:34,18,M,3,high,single,6,private,5027.0,109,156,5,3,1
3278,2025-06-26 20:07:16,38,M,2,middle,married,8,private,3454.0,119,421,5,1,0
3279,2025-11-30 17:48:53,48,F,1,high,single,0,private,1569.0,49,68,5,2,0
3280,2024-03-04 09:14:44,19,M,5,graduate,married,1,state,2828.0,92,275,2,3,0
3281,2024-10-21 06:11:23,19,M,2,high,married,10,self_employed,3813.0,17,441,5,3,1
3282,2024-11-29 19:24:51,32,M,5,college,single,4,private,5318.0,22,307,4,3,1
3283,2024-03-28 15:20:31,37,M,3,high,single,9,unemployed,3451.0,63,140,2,1,0
3284,2024-05-18 09:51:16,36,M,5,high,single,9,private,3679.0,85,83,5,2,0
3285,2024-04-28 20:10:44,34,F,5,college,single,1,self_employed,2964.0,85,256,3,1,1
3286,2024-05-07 07:46:29,27,M,3,middle,single,7,unemployed,6288.0,41,407,3,1,1
3287,2024-10-13 13:49:31,20,M,5,college,single,1,state,6156.0,106,464,4,2,0
3288,2024-11-26 14:16:06,19,F,4,high,single,1,unemployed,2874.0,76,387,1,1,1
3289,2024-06-14 17:29:30,21,F,3,high,married,2,private,2141.0,39,249,3,1,1
3290,2024-07-22 06:48:30,44,M,3,graduate,married,8,self_employed,1934.0,57,369,1,2,0
3291,2024-05-12 07:59:18,47,M,2,high,single,1,private,4497.0,36,403,3,1,0
3292,2025-07-27 02:58:44,34,F,1,graduate,single,7,private,3817.0,17,222,4,1,0
3293,2024-05-26 13:55:57,20,M,2,graduate,married,4,state,2769.0,1,168,5,2,1
3294,2025-10-16 13:14:15,33,F,3,high,single,2,self_employed,4004.0,56,169,2,1,1
3295,2025-01-20 08:44:54,55,M,2,high,single,2,unemployed,2367.0,1,386,5,3,1
3296,2025-07-31 23:39:54,27,M,3,college,married,3,state,4809.0,116,415,1,3,1
3297,2025-04-01 13:37:49,36,M,3,high,divorced,3,self_employed,3185.0,106,137,1,3,0
3298,2024-07-05 04:51:39,38,F,3,college,single,3,self_employed,2494.0,90,489,2,1,0
3299,2025-03-06 23:51:56,30,M,4,middle,divorced,5,self_employed,3202.0,91,58,2,3,0
3300,2024-07-11 02:50:04,34,M,5,high,single,10,private,3164.0,76,240,3,1,0
3301,2024-03-19 13:10:48,35,M,4,college,single,4,private,4137.0,88,267,1,2,1
3302,2024-06-26 22:50:26,36,F,3,college,single,2,private,5476.0,102,75,3,1,1
3303,2024-07-12 05:13:17,45,M,2,college,married,6,self_employed,5377.0,62,376,5,3,0
3304,2024-03-31 13:52:02,40,F,5,college,married,9,state,3850.0,100,456,1,1,0
3305,2024-01-10 05:38:09,20,F,2,high,married,6,self_employed,3410.0,29,157,3,1,0
3306,2025-11-11 23:20:50,18,M,2,high,divorced,5,unemployed,2984.0,107,360,4,1,0
3307,2025-01-01 19:09:16,33,F,2,high,married,7,state,1961.0,85,479,3,2,0
3308,2024-10-12 11:52:38,52,F,3,high,single,9,self_employed,3617.0,14,352,3,3,0
3309,2025-11-01 20:45:52,19,M,4,high,married,0,state,2703.0,22,253,1,1,0
3310,2024-06-05 00:33:34,20,M,1,college,single,10,state,5577.0,16,475,3,3,0
3311,2024-10-13 02:17:37,43,M,4,high,married,9,private,3394.0,30,231,5,2,1
3312,2025-09-02 01:40:36,35,M,2,middle,married,10,unemployed,4729.0,96,352,5,1,0
3313,2025-03-29 09:11:59,26,M,2,college,married,5,self_employed,3075.0,100,397,4,3,0
3314,2024-10-10 09:54:06,25,F,2,middle,single,9,self_employed,2874.0,120,328,1,2,1
3315,2024-06-27 18:06:09,43,F,2,graduate,married,0,private,4499.0,16,191,1,3,0
3316,2024-01-18 15:14:47,37,M,4,high,single,4,private,4013.0,68,370,3,1,0
3317,2024-02-24 02:07:13,42,M,1,middle,single,9,self_employed,4076.0,99,189,2,2,1
3318,2024-04-20 05:12:58,28,M,2,college,married,2,unemployed,3523.0,116,268,1,1,1
3319,2025-07-20 05:34:20,38,M,1,college,single,8,unemployed,4800.0,12,295,1,2,0
3320,2025-04-03 15:39:57,50,M,4,college,single,3,self_employed,4563.0,80,179,1,3,1
3321,2024-11-04 10:21:28,30,F,5,high,married,6,self_employed,1700.0,10,395,1,3,0
3322,2025-07-17 12:30:01,33,F,3,high,single,7,private,3327.0,11,163,4,3,1
3323,2024-04-19 08:53:10,24,M,3,college,single,9,self_employed,5193.0,101,122,3,1,0
3324,2024-05-25 23:34:13,42,F,5,high,divorced,3,private,2548.0,112,377,4,1,1
3325,2024-10-05 16:37:01,19,F,2,college,single,8,self_employed,2014.0,23,446,2,3,0
3326,2025-10-23 16:46:14,27,F,1,high,single,4,private,3468.0,101,159,4,3,0
3327,2025-03-16 09:20:53,45,M,3,high,married,4,unemployed,4369.0,110,283,1,1,0
3328,2025-09-05 05:28:10,18,M,2,middle,single,0,private,3099.0,65,469,5,2,0
3329,2024-06-22 03:47:47,55,F,3,college,married,0,private,5725.0,21,216,1,1,0
3330,2025-09-03 07:37:50,33,M,3,high,married,8,state,6941.0,90,231,4,3,0
3331,2024-02-14 21:50:43,33,F,2,graduate,married,1,self_employed,1856.0,66,364,4,1,0
3332,2024-06-07 04:37:23,38,M,3,high,single,1,self_employed,3183.0,43,335,1,2,0
3333,2025-01-08 19:24:18,42,F,3,high,single,2,self_employed,1638.0,104,107,1,2,0
3334,2024-01-29 21:23:25,35,F,1,high,married,3,state,4589.0,74,69,4,2,1
3335,2025-09-10 12:44:58,51,M,4,college,single,1,private,2870.0,32,214,1,3,1
3336,2025-09-17 05:15:37,54,M,4,college,married,6,self_employed,3082.0,50,252,4,3,0
3337,2025-01-22 06:29:48,25,F,1,high,married,9,unemployed,5442.0,38,326,4,3,1
3338,2024-08-03 05:37:12,44,M,1,high,married,5,self_employed,2287.0,64,230,4,3,1
3339,2024-03-05 05:50:52,29,F,1,college,single,7,private,2095.0,33,109,5,2,0
3340,2025-03-19 19:24:53,55,F,1,high,married,9,self_employed,1641.0,77,390,3,3,0
3341,2025-01-19 12:00:15,27,M,1,college,married,9,private,5680.0,54,244,3,2,0
3342,2025-06-30 18:37:11,29,F,2,college,single,7,unemployed,5236.0,7,74,5,2,0
3343,2025-03-07 20:24:37,45,M,4,high,married,0,private,3285.0,1,319,5,3,0
3344,2024-03-26 15:41:52,47,F,4,college,single,8,private,2330.0,12,231,3,3,0
3345,2024-03-21 21:19:09,22,M,4,college,divorced,8,private,4875.0,20,291,3,2,1
3346,2025-07-16 00:17:16,39,M,3,middle,single,3,self_employed,9548.0,10,437,4,3,0
3347,2024-04-18 02:05:57,31,M,4,high,single,1,self_employed,3353.0,80,136,3,2,0
3348,2025-11-08 02:43:14,41,F,4,high,married,1,self_employed,2390.0,72,351,3,2,0
3349,2024-03-10 08:11:52,39,F,4,college,single,3,private,5623.0,3,103,5,2,0
3350,2025-06-07 17:07:45,55,F,4,college,single,8,self_employed,2449.0,50,400,4,2,0
3351,2025-12-04 22:02:47,53,M,4,high,single,10,private,3202.0,36,214,3,3,0
3352,2024-11-10 02:13:21,42,M,4,high,married,1,private,1500.0,61,394,2,3,0
3353,2024-02-03 09:37:56,43,F,3,middle,single,4,self_employed,3274.0,71,68,4,3,0
3354,2025-09-23 23:24:03,52,F,2,middle,married,9,state,2328.0,61,348,1,2,0
3355,2024-05-08 17:37:03,24,M,1,high,married,0,state,5657.0,48,163,4,1,0
3356,2025-01-12 01:03:27,45,F,3,middle,married,10,private,2587.0,5,226,3,2,1
3357,2025-12-11 17:04:08,47,M,1,middle,single,0,self_employed,4784.0,96,155,5,1,1
3358,2025-06-19 16:23:11,22,M,2,college,single,3,private,3510.0,96,230,3,1,0
3359,2024-01-26 19:28:02,51,F,1,college,divorced,0,private,3804.0,104,406,2,2,1
3360,2025-08-13 23:15:50,44,M,2,middle,married,8,private,4371.0,85,73,1,1,1
3361,2024-04-19 16:57:27,31,M,5,college,married,4,self_employed,3573.0,40,321,1,1,0
3362,2025-06-23 00:39:43,36,F,3,middle,married,4,private,2902.0,83,137,4,1,1
3363,2025-03-21 07:08:13,36,F,2,high,married,6,private,2740.0,109,229,1,1,1
3364,2024-07-21 03:13:02,52,M,3,graduate,divorced,3,private,4351.0,5,301,5,1,0
3365,2024-10-28 05:38:10,54,F,2,college,married,8,private,1871.0,61,93,3,2,0
3366,2024-03-19 00:37:30,48,M,4,middle,married,4,private,6551.0,79,453,5,3,1
3367,2025-12-13 08:27:32,42,M,3,high,single,8,self_employed,3813.0,119,357,3,3,0
3368,2024-06-14 23:41:27,21,M,1,college,single,7,private,3235.0,61,326,2,2,0
3369,2024-08-05 08:02:39,52,M,3,high,married,7,private,3996.0,106,469,1,3,0
3370,2024-12-25 02:22:08,23,M,1,graduate,married,10,state,2957.0,92,224,3,1,0
3371,2025-04-27 20:06:19,24,M,4,high,single,5,private,3421.0,95,113,5,1,0
3372,2024-12-26 20:27:06,20,F,5,middle,married,3,self_employed,2450.0,12,425,5,1,0
3373,2024-12-26 18:02:16,54,F,5,college,married,8,self_employed,4152.0,61,336,3,2,1
3374,2025-02-21 07:55:44,36,F,2,college,married,7,self_employed,3542.0,90,252,5,1,0
3375,2025-09-10 02:50:32,26,F,4,high,single,5,state,3888.0,15,88,1,1,1
3376,2024-10-07 10:11:03,21,M,4,graduate,single,3,private,6119.0,116,167,1,2,1
3377,2025-08-22 10:55:30,33,M,4,graduate,married,10,private,2748.0,83,313,1,2,0
3378,2025-07-20 10:20:13,45,M,2,middle,married,2,private,3480.0,103,86,1,2,1
3379,2025-11-24 12:49:54,55,F,3,middle,married,0,self_employed,2043.0,76,297,1,2,0
3380,2025-10-20 14:27:13,38,M,2,high,single,6,private,4414.0,108,423,1,3,0
3381,2025-07-28 16:06:56,41,M,1,college,single,0,private,3619.0,109,252,4,1,0
3382,2024-06-21 02:37:22,49,M,3,college,married,8,self_employed,3663.0,10,327,3,2,0
3383,2025-07-11 05:41:30,52,M,3,high,single,9,state,3446.0,113,147,4,3,1
3384,2025-06-13 15:53:12,28,F,2,graduate,married,7,unemployed,2974.0,64,311,4,3,0
3385,2024-07-22 08:03:58,55,F,4,high,single,2,private,8722.0,59,132,4,1,0
3386,2025-05-01 22:04:00,37,M,3,college,single,10,self_employed,3690.0,30,375,1,2,1
3387,2024-06-25 16:01:22,53,F,5,college,married,0,self_employed,4039.0,49,290,1,3,1
3388,2025-01-08 20:32:43,22,F,4,middle,single,1,self_employed,2444.0,66,322,4,3,1
3389,2025-07-27 15:03:17,21,M,4,high,single,3,private,4963.0,64,194,5,3,0
3390,2024-05-09 15:02:58,51,M,4,high,married,5,private,3487.0,85,208,1,3,0
3391,2024-08-25 23:24:48,43,F,1,graduate,single,7,private,4256.0,82,347,4,1,0
3392,2025-07-26 12:28:09,24,M,1,high,single,3,self_employed,4993.0,90,328,1,3,0
3393,2024-11-19 06:25:44,52,M,5,college,married,10,private,3511.0,70,361,1,3,1
3394,2025-11-24 06:10:21,21,M,2,high,single,8,private,2873.0,119,113,3,2,1
3395,2023-12-29 19:28:01,43,F,3,high,married,2,private,1612.0,106,134,4,1,1
3396,2025-06-02 22:34:21,25,F,3,graduate,single,0,self_employed,3180.0,115,183,3,3,0
3397,2025-08-09 08:45:12,20,F,2,high,single,7,private,2867.0,87,224,3,3,0
3398,2025-10-24 00:54:25,48,M,2,college,single,1,private,2440.0,30,292,2,3,0
3399,2024-04-16 10:20:07,50,M,3,high,married,3,self_employed,6055.0,116,284,4,1,0
3400,2025-12-11 10:55:33,22,F,2,middle,single,8,self_employed,5136.0,110,81,2,3,1
3401,2024-10-05 08:42:47,21,F,4,middle,married,2,self_employed,1919.0,36,65,4,1,1
3402,2024-09-05 23:55:40,41,F,1,high,single,3,state,3842.0,107,420,2,2,1
3403,2024-09-08 13:06:01,19,F,3,college,single,10,private,2735.0,63,311,3,3,1
3404,2025-04-02 21:40:35,46,M,2,high,married,7,private,4140.0,87,70,5,1,0
3405,2025-04-18 06:49:17,52,F,3,high,single,6,private,2752.0,42,434,2,3,0
3406,2024-12-03 23:18:05,46,F,1,middle,married,10,private,3015.0,31,217,5,2,1
3407,2024-02-13 20:33:17,26,F,2,college,married,8,private,5100.0,49,348,1,1,0
3408,2025-12-13 05:44:08,25,F,4,college,married,5,state,4850.0,23,254,3,3,0
3409,2024-06-03 03:14:14,43,M,2,college,married,7,private,6175.0,17,136,3,1,0
3410,2024-03-01 11:30:47,20,F,4,graduate,married,5,self_employed,3375.0,53,356,5,3,1
3411,2025-03-04 02:08:32,38,M,2,middle,single,3,private,2188.0,114,213,2,3,1
3412,2024-10-20 00:48:30,35,M,2,middle,married,10,unemployed,5026.0,5,119,3,3,0
3413,2025-03-17 08:44:15,46,F,2,college,single,6,self_employed,5037.0,40,150,3,1,1
3414,2025-09-23 03:26:38,25,F,4,high,single,8,private,4536.0,35,420,1,2,0
3415,2024-03-04 01:07:38,46,F,3,college,married,4,private,2806.0,25,284,5,3,0
3416,2024-07-18 08:34:44,44,M,2,college,single,2,unemployed,2503.0,9,242,3,3,0
3417,2025-01-04 02:19:58,27,M,3,middle,married,1,unemployed,4392.0,22,402,3,1,0
3418,2025-07-21 02:07:50,31,M,3,graduate,single,8,private,2670.0,63,163,5,2,1
3419,2025-03-06 11:15:55,20,F,4,middle,single,5,private,3269.0,52,117,1,2,0
3420,2024-09-28 10:21:39,35,F,5,college,married,5,unemployed,10070.0,74,94,4,3,0
3421,2025-03-13 08:16:24,27,F,3,high,married,1,self_employed,7670.0,103,95,1,3,1
3422,2025-12-08 09:13:26,22,M,3,college,divorced,8,self_employed,4805.0,14,467,5,2,0
3423,2024-12-08 10:32:19,39,F,2,middle,single,2,private,2888.0,40,456,5,3,0
3424,2025-09-28 23:26:33,39,F,5,graduate,single,6,self_employed,2828.0,105,231,3,1,0
3425,2025-07-15 08:49:59,21,M,3,graduate,single,3,state,4678.0,29,263,2,3,0
3426,2024-07-30 23:07:57,25,F,2,college,single,2,private,6148.0,12,221,5,2,0
3427,2024-06-23 03:17:39,21,F,5,college,single,1,self_employed,3044.0,29,297,2,1,1
3428,2025-07-08 05:47:00,43,M,5,college,married,8,private,3103.0,48,131,4,1,0
3429,2024-05-23 11:02:40,30,M,3,college,single,1,private,3754.0,31,347,3,3,0
3430,2024-08-25 21:43:35,20,F,2,college,married,0,self_employed,2239.0,61,278,5,2,0
3431,2024-06-12 20:09:11,25,F,4,college,married,3,state,2263.0,25,461,4,3,1
3432,2025-03-10 15:28:37,55,F,4,college,married,9,unemployed,2412.0,70,194,5,3,1
3433,2024-07-25 17:19:43,27,F,3,college,single,7,state,4408.0,104,393,4,2,1
3434,2025-04-17 16:34:59,44,M,2,high,single,9,private,4005.0,39,124,2,1,1
3435,2025-11-05 10:28:14,35,F,2,graduate,single,2,private,5420.0,66,91,5,3,0
3436,2025-08-20 14:30:41,24,F,2,high,married,10,state,1982.0,86,389,4,3,0
3437,2025-11-15 00:09:08,29,M,1,high,married,1,private,2141.0,8,450,4,1,0
3438,2024-01-10 20:22:43,18,F,4,graduate,single,0,state,4271.0,41,455,2,1,0
3439,2024-11-20 11:34:35,46,M,1,high,single,5,private,2683.0,77,76,3,2,0
3440,2024-06-01 17:09:58,30,M,3,middle,divorced,4,private,2752.0,31,208,5,1,1
3441,2025-10-24 01:03:19,36,M,4,college,single,3,private,5190.0,50,263,2,3,0
3442,2025-05-26 16:48:00,23,F,3,college,single,1,private,3000.0,55,179,3,1,1
3443,2024-08-13 18:16:20,49,M,2,middle,single,3,private,3126.0,113,184,2,2,0
3444,2025-02-07 08:55:37,26,M,5,high,single,4,state,3336.0,14,218,1,1,1
3445,2025-03-09 23:10:18,39,F,2,middle,single,6,private,3407.0,77,61,4,3,0
3446,2024-12-19 19:00:03,51,M,4,high,married,3,unemployed,4627.0,116,467,3,3,1
3447,2024-12-04 06:39:02,45,F,1,high,married,2,state,2384.0,109,185,2,3,1
3448,2024-02-02 07:16:42,40,F,3,middle,married,6,self_employed,3409.0,67,313,1,3,0
3449,2024-11-18 07:07:53,51,M,3,graduate,single,6,self_employed,5469.0,47,406,1,1,0
3450,2024-09-03 05:47:36,24,M,3,college,single,4,self_employed,7681.0,18,124,3,2,1
3451,2025-08-12 07:44:46,54,F,3,college,married,1,self_employed,2265.0,32,142,2,2,1
3452,2025-09-15 12:33:21,39,M,2,graduate,single,10,private,4088.0,96,335,1,3,1
3453,2025-06-23 19:17:13,33,M,3,graduate,single,5,private,3407.0,4,498,3,3,0
3454,2024-01-15 13:14:33,27,F,2,college,married,3,self_employed,3517.0,87,230,5,2,1
3455,2025-08-29 02:17:49,46,F,4,high,married,7,state,2762.0,112,461,5,2,1
3456,2024-10-08 09:33:46,55,F,3,college,single,4,state,4744.0,52,57,3,3,0
3457,2024-10-22 22:46:57,44,F,3,college,married,1,self_employed,4659.0,98,382,3,3,1
3458,2025-11-12 22:59:52,19,F,1,high,single,7,private,8804.0,119,487,5,2,0
3459,2025-09-17 03:01:07,35,F,3,high,divorced,1,private,2293.0,92,386,4,1,0
3460,2024-01-30 03:25:49,45,F,3,high,single,3,state,1975.0,61,101,1,1,0
3461,2024-09-11 16:16:17,33,F,2,high,married,7,state,7474.0,68,55,3,1,1
3462,2025-06-23 06:50:41,47,F,4,college,single,7,self_employed,3575.0,26,236,2,3,0
3463,2025-01-20 08:36:03,44,M,1,high,married,10,self_employed,3103.0,16,302,1,2,0
3464,2024-06-29 01:22:22,20,M,2,high,married,7,private,3889.0,95,346,5,2,1
3465,2025-01-10 02:05:06,39,M,4,middle,married,2,private,2235.0,63,468,3,1,0
3466,2025-09-16 14:59:12,24,M,2,college,married,7,private,4153.0,112,314,4,3,0
3467,2024-06-04 00:01:43,36,M,2,high,married,8,private,3540.0,90,170,4,1,1
3468,2025-06-20 15:06:39,32,M,3,high,single,7,self_employed,5302.0,32,51,1,3,0
3469,2025-06-12 09:00:41,48,F,4,college,single,8,self_employed,4915.0,116,470,2,3,0
3470,2025-09-30 13:33:16,50,M,1,college,divorced,8,self_employed,5060.0,1,324,5,2,0
3471,2024-07-28 11:56:08,35,M,2,college,married,6,state,3892.0,12,356,2,2,0
3472,2024-05-29 15:00:08,38,M,3,college,single,10,private,6384.0,74,377,1,3,1
3473,2025-01-26 18:54:34,41,M,3,high,single,7,state,4455.0,73,410,4,1,0
3474,2025-01-14 20:14:56,42,F,3,graduate,single,0,private,3021.0,88,433,2,1,0
3475,2024-10-17 23:03:06,42,M,3,college,single,1,private,2743.0,78,442,5,1,1
3476,2025-07-14 20:48:33,47,M,4,college,single,5,private,2853.0,32,132,4,2,1
3477,2025-07-29 07:19:53,55,F,5,middle,married,4,private,4474.0,18,183,4,2,1
3478,2024-06-20 08:39:34,49,M,2,college,single,8,private,2285.0,116,66,4,3,1
3479,2025-07-26 17:40:42,23,M,2,high,married,7,self_employed,3844.0,41,104,1,2,1
3480,2024-06-09 10:40:30,36,F,2,high,divorced,0,state,2720.0,21,475,4,3,0
3481,2024-10-16 13:44:38,35,F,2,college,single,5,private,2348.0,9,240,1,2,0
3482,2024-01-12 20:13:51,37,F,3,college,married,5,self_employed,2485.0,97,356,1,2,0
3483,2024-08-28 11:42:10,38,F,4,high,married,10,private,3611.0,102,304,5,2,0
3484,2025-11-22 17:11:16,45,F,2,college,single,7,state,4757.0,106,255,2,1,1
3485,2024-11-11 01:41:36,33,M,2,high,married,1,state,2874.0,103,123,4,3,1
3486,2025-05-25 07:29:44,28,F,3,college,married,2,private,1761.0,21,376,2,1,0
3487,2024-03-11 18:52:36,35,F,5,high,single,3,self_employed,10982.0,2,389,4,1,0
3488,2025-03-31 23:01:02,50,M,2,high,married,4,private,5384.0,61,120,3,2,1
3489,2024-09-20 05:59:52,29,F,4,college,single,1,private,5046.0,61,194,3,3,0
3490,2025-06-19 02:47:15,18,M,4,middle,single,8,private,6437.0,4,482,1,2,1
3491,2025-10-31 10:53:45,55,F,3,graduate,divorced,0,private,3761.0,106,435,3,3,1
3492,2025-01-15 01:51:29,25,F,3,high,single,0,private,3473.0,78,345,4,2,1
3493,2024-03-08 01:32:29,40,M,3,college,single,1,private,5852.0,82,482,4,1,0
3494,2024-12-05 13:51:52,48,M,2,middle,single,1,private,5838.0,66,445,5,2,1
3495,2024-03-22 20:51:58,28,F,3,college,single,6,private,4516.0,120,327,3,1,0
3496,2024-11-16 03:48:17,30,F,1,graduate,single,8,state,4959.0,94,301,5,2,1
3497,2024-02-06 15:17:44,28,M,4,college,married,10,self_employed,2360.0,70,342,4,2,0
3498,2025-04-04 12:29:41,23,M,4,high,single,8,self_employed,3327.0,61,411,4,1,1
3499,2024-08-06 15:05:39,23,F,2,college,married,7,self_employed,6610.0,101,483,1,1,0
3500,2024-05-19 02:53:33,25,M,3,college,single,6,self_employed,4825.0,43,197,2,1,0
3501,2024-01-05 15:09:29,35,F,2,middle,single,3,state,2183.0,104,185,3,1,0
3502,2025-10-02 06:47:18,38,F,2,college,married,4,self_employed,3023.0,17,110,3,3,0
3503,2025-08-26 03:40:15,18,M,3,college,married,9,self_employed,6244.0,5,54,3,1,1
3504,2025-08-07 13:54:05,50,F,2,college,married,1,self_employed,4270.0,7,209,5,3,0
3505,2024-02-04 10:33:25,43,M,4,high,single,9,self_employed,3880.0,44,162,3,1,0
3506,2024-09-04 04:21:16,20,F,2,high,married,8,unemployed,3921.0,64,454,1,2,0
3507,2025-12-02 02:02:35,50,F,4,graduate,married,0,private,3536.0,108,269,3,1,0
3508,2025-02-18 09:14:05,19,M,2,college,married,2,unemployed,3031.0,111,364,2,2,1
3509,2024-03-26 19:14:29,39,M,2,college,married,3,private,2720.0,4,143,1,3,0
3510,2024-04-04 22:47:53,35,M,4,graduate,married,10,private,5185.0,92,255,2,1,0
3511,2024-07-03 01:42:51,37,F,3,high,single,4,private,3957.0,25,414,1,1,0
3512,2025-12-02 19:30:22,54,M,2,high,single,8,state,4663.0,48,156,4,1,0
3513,2024-04-25 19:35:56,53,F,4,college,single,6,private,4409.0,103,227,3,3,0
3514,2025-10-13 02:40:47,28,F,2,college,single,0,private,5961.0,119,319,5,3,1
3515,2025-05-01 22:47:42,40,M,1,graduate,single,7,private,4269.0,96,140,1,1,0
3516,2025-10-26 23:38:39,54,F,3,college,single,6,state,4857.0,23,317,3,1,0
3517,2025-08-17 23:44:39,45,M,3,high,married,9,private,3860.0,5,327,5,3,0
3518,2024-08-22 11:29:47,51,F,3,high,married,10,state,2613.0,120,289,3,1,0
3519,2025-08-19 08:43:41,34,M,4,middle,married,6,self_employed,3364.0,29,124,2,3,0
3520,2024-04-25 11:14:24,28,F,3,graduate,single,9,self_employed,4476.0,28,382,4,2,1
3521,2024-07-23 09:46:51,37,M,2,middle,married,1,self_employed,4616.0,63,427,2,3,0
3522,2024-05-26 14:14:53,49,M,2,college,divorced,6,private,6050.0,21,159,5,3,0
3523,2024-03-30 05:06:42,53,F,1,high,single,6,unemployed,3100.0,80,99,4,3,1
3524,2024-02-27 16:49:27,44,F,4,middle,married,1,self_employed,3941.0,103,280,2,2,1
3525,2024-05-08 19:14:04,44,F,1,high,single,5,private,3480.0,42,128,1,1,0
3526,2024-03-20 16:20:17,37,F,3,college,married,7,private,6429.0,57,189,4,2,1
3527,2024-09-26 17:02:48,30,M,3,middle,married,4,state,4154.0,108,346,5,2,1
3528,2024-02-14 01:15:19,34,F,4,graduate,married,7,self_employed,4182.0,108,142,5,3,1
3529,2024-02-06 17:34:05,36,M,1,graduate,married,8,self_employed,3596.0,12,215,4,3,0
3530,2025-12-15 13:42:00,48,M,2,middle,single,6,self_employed,3365.0,90,200,5,3,0
3531,2024-02-26 00:24:16,39,F,5,college,married,4,unemployed,2193.0,3,372,5,2,1
3532,2024-02-16 01:29:26,48,F,3,high,married,2,self_employed,2342.0,19,412,2,2,1
3533,2024-01-14 23:27:31,19,M,3,middle,married,7,private,3876.0,76,443,5,3,1
3534,2024-03-29 18:08:14,46,M,4,high,single,9,private,3711.0,15,101,1,1,0
3535,2025-01-12 09:08:36,37,F,5,college,single,5,private,3884.0,23,397,5,3,1
3536,2025-08-18 21:30:01,55,M,2,college,married,5,private,5062.0,54,174,5,2,0
3537,2025-06-12 11:19:03,35,M,5,high,married,10,private,3761.0,50,453,3,2,0
3538,2025-02-19 13:48:30,36,M,1,college,divorced,3,private,3223.0,68,290,5,3,0
3539,2024-02-24 01:37:51,22,M,5,college,single,8,self_employed,3383.0,111,465,1,1,1
3540,2025-07-11 07:47:21,48,M,2,college,married,2,private,3965.0,51,230,1,3,0
3541,2024-01-20 04:38:37,44,F,2,college,married,2,self_employed,3188.0,37,194,2,2,1
3542,2025-03-28 13:34:42,50,M,1,college,married,3,unemployed,5285.0,26,423,1,3,0
3543,2024-10-17 19:29:40,21,M,4,college,married,0,private,3627.0,106,210,2,2,0
3544,2025-09-27 23:42:26,26,F,5,middle,single,5,private,3976.0,27,401,1,2,1
3545,2024-08-04 11:58:46,51,F,2,college,married,3,private,2736.0,1,73,3,1,0
3546,2025-04-03 01:57:03,19,F,2,high,married,2,self_employed,5285.0,62,355,4,1,0
3547,2024-11-09 04:42:45,37,F,2,college,single,8,self_employed,6025.0,88,459,1,3,1
3548,2025-01-08 03:37:53,33,F,2,college,single,5,private,2259.0,2,177,2,2,1
3549,2025-11-08 07:44:23,53,F,4,high,married,2,self_employed,4189.0,77,494,4,2,1
3550,2025-05-27 07:22:28,50,F,1,high,single,2,self_employed,3506.0,53,59,2,3,0
3551,2024-10-21 15:01:14,52,F,5,college,single,8,private,4022.0,94,106,2,2,1
3552,2024-11-14 14:19:15,28,F,5,college,married,2,self_employed,4265.0,4,191,4,1,0
3553,2025-05-21 08:05:26,40,M,1,college,divorced,4,private,1665.0,108,191,2,3,0
3554,2024-09-01 15:02:17,44,F,3,college,married,1,private,4750.0,105,321,2,2,0
3555,2024-04-24 12:52:11,54,F,5,high,single,8,unemployed,5374.0,83,441,5,2,0
3556,2024-11-29 09:16:15,18,M,4,high,single,3,private,5590.0,75,95,5,2,0
3557,2024-02-11 19:18:12,55,F,4,college,single,7,self_employed,2616.0,85,387,5,3,0
3558,2024-04-25 21:23:28,31,M,1,high,single,4,self_employed,3602.0,20,421,3,2,0
3559,2024-10-26 02:48:40,22,M,1,college,married,8,private,3015.0,108,312,1,1,1
3560,2025-07-27 11:56:12,41,F,4,high,single,4,self_employed,1862.0,93,494,3,2,1
3561,2025-07-16 10:26:05,47,M,3,middle,single,9,private,2930.0,91,93,4,3,0
3562,2024-07-01 07:31:48,22,M,3,college,married,7,private,2491.0,60,382,5,2,1
3563,2024-10-27 00:10:36,19,M,4,college,single,5,private,4093.0,17,238,1,2,1
3564,2024-04-14 01:52:21,52,F,3,college,single,5,self_employed,2057.0,62,236,1,3,1
3565,2025-06-27 07:52:39,53,M,2,high,married,6,unemployed,2584.0,66,320,2,2,1
3566,2024-06-20 20:05:28,23,F,3,college,single,7,private,3036.0,31,409,1,1,0
3567,2025-07-29 15:42:05,52,F,4,high,single,7,private,4767.0,111,267,1,2,1
3568,2025-08-29 17:04:08,52,F,2,college,divorced,0,unemployed,9626.0,48,172,3,3,0
3569,2025-05-10 00:46:16,55,F,1,college,married,2,self_employed,4048.0,115,170,2,3,1
3570,2024-08-21 01:07:36,26,F,5,high,married,4,private,2537.0,106,480,3,1,0
3571,2025-11-18 14:58:05,39,M,4,college,married,5,private,2871.0,9,236,5,3,1
3572,2025-05-07 19:35:37,55,F,3,college,single,0,private,4584.0,18,215,3,1,0
3573,2025-04-08 11:06:30,52,M,4,college,married,2,private,2273.0,48,305,3,1,0
3574,2025-09-09 04:17:48,40,M,3,college,married,5,state,5345.0,75,361,5,1,0
3575,2025-09-27 11:20:25,25,M,5,middle,single,4,self_employed,4007.0,14,66,4,3,0
3576,2024-02-18 18:05:11,21,F,4,graduate,single,6,self_employed,3485.0,27,58,5,1,0
3577,2025-09-27 12:42:44,27,M,2,high,married,0,private,2019.0,103,308,5,2,0
3578,2025-07-04 11:13:39,20,F,3,high,single,8,self_employed,5025.0,54,334,1,2,1
3579,2024-05-22 18:15:51,25,M,2,college,single,3,state,2789.0,67,271,5,2,1
3580,2024-08-04 14:17:56,20,M,3,high,single,6,self_employed,3842.0,64,183,1,2,0
3581,2025-06-25 10:41:38,46,M,3,graduate,married,10,private,3446.0,117,403,2,1,1
3582,2024-05-30 03:13:25,40,F,3,high,single,4,private,2092.0,15,96,3,1,0
3583,2024-11-18 06:18:36,37,M,5,high,married,3,private,3359.0,63,338,4,2,1
3584,2025-05-09 21:33:12,48,M,3,middle,single,2,private,2384.0,10,245,5,3,1
3585,2025-04-11 20:34:37,33,M,4,middle,married,7,self_employed,2898.0,6,215,3,3,1
3586,2025-10-18 03:38:12,33,M,3,middle,single,10,state,4236.0,59,97,2,3,0
3587,2024-03-14 10:07:39,25,F,3,middle,single,6,private,4656.0,109,352,2,1,1
3588,2024-07-26 08:44:11,34,M,1,high,married,2,state,3618.0,50,133,2,3,1
3589,2025-12-11 23:05:08,24,M,3,high,married,10,self_employed,2672.0,87,293,2,2,0
3590,2025-02-11 05:58:05,40,F,3,high,single,0,self_employed,2903.0,111,453,2,3,0
3591,2024-06-22 13:20:47,55,M,2,high,married,4,self_employed,2885.0,1,384,4,1,1
3592,2024-07-22 13:53:37,38,M,4,middle,married,1,self_employed,1723.0,84,78,5,2,1
3593,2024-08-27 15:00:14,29,F,3,middle,single,0,self_employed,3736.0,108,493,3,1,1
3594,2025-01-31 15:05:00,44,F,2,high,married,10,private,2032.0,108,331,1,2,0
3595,2024-07-18 17:10:48,49,F,4,high,single,0,self_employed,3739.0,89,424,4,3,0
3596,2025-03-21 23:01:21,35,M,2,middle,married,9,private,2185.0,112,77,3,3,0
3597,2024-11-13 01:05:03,27,M,3,high,single,5,self_employed,2387.0,73,462,3,1,1
3598,2025-03-13 13:04:33,45,M,3,graduate,married,3,unemployed,4601.0,3,373,1,2,0
3599,2024-04-15 05:43:21,25,M,1,high,married,9,private,3672.0,118,448,4,1,0
3600,2025-03-23 04:31:56,55,M,3,high,married,0,private,1882.0,106,491,4,2,0
3601,2025-10-29 01:28:24,30,F,2,college,single,7,private,2994.0,23,429,2,3,1
3602,2024-03-31 14:35:52,31,F,2,high,married,8,unemployed,3991.0,116,243,2,2,1
3603,2024-08-19 00:48:19,45,M,3,middle,single,4,private,2931.0,79,428,3,2,0
3604,2025-05-13 06:49:44,18,M,1,college,single,3,self_employed,3229.0,55,486,3,1,0
3605,2025-03-18 16:55:33,25,F,5,college,single,0,private,3966.0,99,459,4,3,0
3606,2025-04-29 13:37:34,22,M,3,graduate,married,0,private,3698.0,77,339,1,3,1
3607,2025-02-04 11:34:15,32,M,2,graduate,married,0,private,2573.0,95,482,3,3,0
3608,2025-05-05 06:56:38,39,M,5,college,married,5,self_employed,3669.0,42,318,1,1,1
3609,2025-03-12 20:28:00,24,F,3,college,single,5,private,3293.0,47,250,1,1,0
3610,2024-02-16 01:42:57,31,F,3,high,married,4,unemployed,6657.0,12,127,1,1,0
3611,2025-06-24 10:29:13,47,M,4,college,married,7,self_employed,3512.0,107,259,4,1,0
3612,2024-11-14 04:36:59,53,M,4,college,married,3,unemployed,3817.0,32,479,5,3,1
3613,2024-01-30 13:25:04,18,F,2,high,married,8,private,3988.0,17,103,5,2,1
3614,2024-10-17 14:17:43,41,F,1,middle,single,7,state,3253.0,10,438,4,3,0
3615,2024-11-05 16:20:53,18,F,5,college,married,10,private,2830.0,47,339,4,2,0
3616,2024-02-25 07:11:06,37,M,1,college,married,7,private,4277.0,59,109,1,3,0
3617,2025-12-20 03:28:00,51,F,4,college,married,1,state,4289.0,101,151,1,1,0
3618,2024-06-03 07:53:09,48,F,3,high,single,6,private,7547.0,79,62,2,3,1
3619,2024-08-21 09:07:29,26,F,3,college,single,7,unemployed,4721.0,97,383,2,1,0
3620,2024-11-09 21:39:55,27,M,4,middle,single,0,private,4749.0,1,211,3,2,0
3621,2025-08-22 17:30:25,47,F,5,college,married,0,private,4681.0,4,133,4,2,1
3622,2025-06-18 07:43:06,49,M,1,high,single,0,state,2859.0,28,121,1,2,0
3623,2025-07-08 19:16:22,28,M,3,high,married,1,private,2344.0,47,277,1,1,0
3624,2024-06-14 01:19:39,18,M,4,high,single,9,private,2563.0,9,201,5,1,0
3625,2025-09-01 04:00:51,34,F,2,high,single,2,unemployed,4632.0,105,458,3,1,0
3626,2025-08-20 17:13:06,41,M,4,high,single,2,private,5988.0,116,482,2,1,1
3627,2024-11-26 14:48:37,34,F,3,college,single,4,state,4707.0,59,140,5,3,1
3628,2025-01-25 10:23:09,53,M,2,high,single,4,private,3434.0,97,438,4,3,0
3629,2024-01-20 02:41:35,48,M,4,college,married,10,private,6547.0,23,77,5,2,0
3630,2025-07-01 02:35:16,47,M,5,college,divorced,1,private,3117.0,4,248,4,3,0
3631,2025-11-24 11:21:48,18,F,1,middle,single,9,self_employed,2436.0,108,310,3,3,0
3632,2024-12-02 23:10:50,50,M,4,college,single,2,state,3978.0,98,174,5,1,1
3633,2025-01-21 13:35:03,46,M,2,college,married,3,private,5722.0,91,342,5,1,0
3634,2024-12-22 09:52:58,33,M,1,college,single,5,private,2710.0,100,310,4,2,1
3635,2024-02-22 07:56:15,40,M,2,college,married,10,unemployed,2005.0,86,471,4,1,0
3636,2025-03-20 09:29:01,49,M,4,college,married,2,private,3689.0,97,472,1,3,1
3637,2025-06-02 15:43:42,52,M,2,graduate,married,3,state,4770.0,117,418,5,3,1
3638,2025-10-31 10:02:42,38,M,2,high,single,7,private,1500.0,106,406,1,2,0
3639,2025-11-01 17:50:58,19,F,4,middle,divorced,7,private,5126.0,107,202,1,2,1
3640,2024-12-17 00:33:23,41,M,3,college,divorced,4,private,2257.0,57,441,3,1,1
3641,2025-11-23 01:23:38,43,M,2,high,single,1,private,4692.0,99,213,1,1,1
3642,2025-01-12 22:04:48,20,M,2,college,married,8,state,1810.0,29,393,1,1,0
3643,2025-04-05 16:36:56,49,M,4,high,single,9,private,2173.0,38,269,3,1,1
3644,2025-03-07 10:59:12,25,F,3,high,single,6,self_employed,4521.0,105,277,2,2,0
3645,2025-12-22 00:54:34,51,M,4,college,divorced,9,private,5572.0,44,415,1,2,1
3646,2025-06-14 09:15:54,38,M,1,middle,single,2,private,3629.0,101,113,5,2,1
3647,2024-03-20 14:28:55,30,F,3,high,single,9,private,8420.0,60,433,2,3,1
3648,2024-02-14 10:49:04,20,M,4,college,single,8,private,2546.0,33,419,2,3,1
3649,2024-10-18 05:06:39,18,F,2,college,married,9,private,2534.0,50,262,5,2,1
3650,2025-01-03 10:50:38,46,F,2,college,married,10,private,3275.0,70,343,4,2,0
3651,2025-04-25 02:17:05,32,M,3,high,married,3,private,3221.0,8,169,2,2,1
3652,2024-12-09 13:29:04,49,M,2,college,married,1,private,4021.0,67,398,2,2,1
3653,2025-01-02 16:30:24,26,M,2,college,single,8,private,2807.0,13,103,5,3,0
3654,2025-10-26 19:55:15,52,M,5,college,married,7,private,4441.0,59,381,1,1,0
3655,2024-08-24 11:04:28,53,M,3,middle,single,7,private,4404.0,39,355,4,3,0
3656,2024-12-18 06:14:07,21,F,3,high,married,6,private,6404.0,74,160,1,1,1
3657,2025-02-02 21:23:21,42,M,2,college,married,0,private,3067.0,101,417,1,2,1
3658,2024-11-29 20:58:32,53,M,3,college,divorced,7,private,4097.0,11,178,1,1,1
3659,2025-11-29 17:28:00,30,M,3,middle,married,5,private,4501.0,11,294,3,1,0
3660,2025-11-25 09:44:37,20,F,5,college,married,0,unemployed,3632.0,55,436,2,2,1
3661,2025-01-01 13:52:47,51,F,3,college,single,9,private,3381.0,91,76,4,3,0
3662,2024-11-16 22:05:58,36,M,4,high,single,0,private,1768.0,34,233,5,2,1
3663,2025-02-25 22:44:05,19,F,2,college,married,2,self_employed,3749.0,94,332,1,3,1
3664,2024-05-04 01:05:42,49,M,3,high,married,3,private,4485.0,1,130,4,1,0
3665,2024-10-29 23:11:10,43,F,5,college,married,8,private,3568.0,36,281,5,1,0
3666,2024-05-30 08:22:13,20,F,3,college,married,0,self_employed,2769.0,63,339,1,3,1
3667,2024-04-07 03:45:36,27,F,4,college,single,4,state,2023.0,76,443,3,2,1
3668,2024-03-02 11:41:08,18,M,4,graduate,single,4,state,4267.0,44,184,1,2,1
3669,2025-02-24 13:25:18,54,M,5,college,single,4,private,3683.0,106,425,1,2,0
3670,2023-12-24 09:57:13,18,F,2,high,married,9,private,5922.0,52,339,5,3,0
3671,2025-04-08 16:56:48,48,M,2,college,divorced,3,private,2192.0,77,279,2,3,0
3672,2024-11-03 07:41:16,37,M,3,graduate,married,3,self_employed,3088.0,14,316,1,3,0
3673,2024-09-16 12:46:37,40,F,5,middle,married,4,private,2293.0,112,495,5,2,1
3674,2025-07-07 13:07:48,48,F,3,college,married,4,state,5213.0,61,349,2,1,0
3675,2025-01-20 06:53:47,52,F,2,high,single,10,unemployed,5618.0,57,244,2,2,1
3676,2025-06-11 10:19:55,22,F,3,college,single,2,unemployed,7136.0,33,498,5,1,1
3677,2025-05-24 21:59:29,18,F,1,college,single,1,private,4370.0,73,362,4,2,0
3678,2024-01-16 11:15:07,22,M,2,graduate,married,4,state,4799.0,1,175,3,1,0
3679,2024-05-29 07:25:31,43,F,2,college,single,0,self_employed,4241.0,55,325,5,3,1
3680,2025-02-12 02:06:01,39,F,1,middle,married,8,self_employed,4450.0,94,490,2,3,0
3681,2025-12-05 03:34:01,21,F,4,college,single,9,unemployed,3704.0,94,365,4,1,0
3682,2024-04-14 15:02:25,26,M,2,graduate,married,9,self_employed,4521.0,76,394,4,2,1
3683,2024-03-10 01:22:41,38,M,2,high,single,8,self_employed,7700.0,45,348,3,3,0
3684,2025-11-09 23:39:23,45,F,3,middle,divorced,4,private,3931.0,64,435,2,1,1
3685,2025-11-28 18:22:13,31,M,2,college,single,7,state,3672.0,21,86,1,3,1
3686,2024-04-24 04:14:05,54,M,3,college,married,4,state,3902.0,75,411,3,1,0
3687,2024-10-12 05:55:19,55,F,2,middle,married,9,self_employed,3456.0,26,456,5,2,0
3688,2025-03-25 10:43:08,47,M,1,high,single,2,state,3969.0,39,60,1,1,0
3689,2024-05-14 12:23:32,35,M,4,high,married,1,private,3415.0,89,405,1,1,1
3690,2024-08-18 03:41:45,51,M,1,college,married,10,private,5434.0,15,277,5,2,0
3691,2024-10-07 13:27:28,45,M,2,high,single,3,unemployed,5247.0,40,223,5,3,0
3692,2025-04-05 08:09:15,37,F,2,high,married,3,private,7770.0,43,97,3,3,1
3693,2024-08-04 21:17:11,34,M,2,college,married,7,self_employed,3611.0,114,193,3,2,0
3694,2024-10-19 22:46:14,49,M,2,high,married,3,state,4028.0,95,353,1,2,1
3695,2024-07-22 09:29:45,39,M,2,college,married,8,private,3970.0,45,281,5,2,1
3696,2025-06-30 12:56:46,24,M,2,high,married,4,private,3904.0,73,76,3,1,0
3697,2024-04-13 17:10:18,55,M,1,high,single,8,state,5407.0,29,188,1,1,1
3698,2024-06-09 09:29:53,20,M,4,college,single,0,self_employed,2062.0,95,64,2,3,0
3699,2024-06-23 11:49:01,44,M,2,college,single,8,private,4278.0,42,213,5,2,0
3700,2025-10-15 05:28:23,42,M,1,graduate,married,3,unemployed,7321.0,109,458,5,3,0
3701,2025-11-12 11:13:29,40,M,3,high,single,4,self_employed,5867.0,107,391,4,2,1
3702,2024-12-23 03:40:22,19,M,2,middle,single,10,private,5636.0,30,463,1,2,1
3703,2024-04-16 04:08:01,36,M,4,high,married,5,private,4889.0,50,125,1,1,1
3704,2025-06-27 22:45:07,51,M,1,college,single,0,private,2956.0,110,331,2,3,0
3705,2024-12-17 05:25:45,27,M,3,high,single,5,private,2801.0,12,185,4,2,1
3706,2025-09-04 07:16:22,44,M,5,college,married,2,private,2808.0,80,257,4,3,0
3707,2024-09-11 19:06:14,50,M,2,college,married,5,private,2444.0,62,486,4,1,1
3708,2025-12-22 03:28:38,54,F,2,high,married,2,unemployed,5071.0,68,423,2,2,0
3709,2025-08-04 02:41:56,37,M,3,high,single,7,self_employed,6087.0,69,364,2,1,0
3710,2024-06-04 11:31:41,29,F,5,middle,married,2,self_employed,4239.0,61,484,2,1,0
3711,2025-06-05 15:33:43,44,F,3,college,married,5,state,4826.0,42,274,4,3,0
3712,2024-07-20 10:21:18,36,M,3,college,single,10,state,4035.0,57,74,4,2,0
3713,2024-09-04 08:21:20,41,M,2,college,single,7,self_employed,4443.0,118,461,1,1,0
3714,2024-06-23 19:35:15,46,M,3,college,single,7,private,1735.0,9,96,4,1,1
3715,2025-05-05 00:29:18,44,M,2,high,married,8,self_employed,4065.0,20,170,2,2,1
3716,2024-07-02 21:30:20,27,M,3,high,single,10,self_employed,3137.0,7,458,2,1,1
3717,2025-04-03 07:45:39,46,M,1,high,married,9,unemployed,3590.0,76,450,3,3,0
3718,2025-02-21 04:25:54,38,F,3,graduate,married,9,private,3940.0,40,94,3,3,0
3719,2025-06-24 01:59:51,53,M,2,college,divorced,3,self_employed,2834.0,6,436,5,3,0
3720,2025-12-18 06:30:52,43,F,4,college,single,6,state,2499.0,25,372,3,3,1
3721,2023-12-30 10:31:54,51,F,4,college,married,8,private,2804.0,32,98,5,1,1
3722,2025-12-15 21:40:19,55,M,4,middle,divorced,6,private,2193.0,11,299,5,2,0
3723,2024-03-12 19:52:22,55,F,5,college,single,1,private,2430.0,93,169,5,3,0
3724,2025-01-11 13:04:01,46,F,3,college,married,5,private,2550.0,3,285,4,3,0
3725,2024-08-28 20:23:21,40,M,4,high,single,2,private,2203.0,106,133,5,2,1
3726,2025-04-03 11:45:24,22,M,1,high,single,7,private,4381.0,118,94,3,3,1
3727,2025-06-02 20:49:34,32,M,5,college,single,9,self_employed,2657.0,111,343,2,1,1
3728,2025-09-11 18:41:02,36,M,3,college,single,7,self_employed,1897.0,26,378,5,3,1
3729,2024-10-12 10:40:57,47,M,3,middle,single,6,self_employed,3164.0,28,136,5,1,0
3730,2025-11-04 00:59:39,40,M,3,college,married,6,state,2466.0,119,321,2,3,0
3731,2024-08-15 09:03:59,34,M,4,graduate,married,5,unemployed,6067.0,75,271,5,3,0
3732,2024-05-20 19:38:17,23,F,4,graduate,single,4,private,3814.0,66,468,3,3,1
3733,2024-09-25 18:23:39,45,M,4,middle,married,2,private,2176.0,104,305,2,1,1
3734,2025-01-12 20:03:03,34,M,3,high,married,7,private,4443.0,24,266,4,1,0
3735,2025-04-24 18:09:35,19,M,3,college,single,3,private,3751.0,49,53,2,2,0
3736,2025-08-22 23:18:18,28,F,5,high,single,1,state,3349.0,18,461,3,3,0
3737,2024-06-05 03:29:48,51,F,3,middle,single,8,private,6318.0,96,348,3,2,0
3738,2024-08-01 08:06:01,22,M,3,college,married,6,unemployed,2588.0,25,132,3,3,0
3739,2025-11-08 05:39:37,33,F,3,middle,married,5,private,5231.0,16,52,1,3,1
3740,2024-11-09 01:27:15,37,M,3,high,married,5,private,3155.0,44,141,1,1,0
3741,2024-06-17 08:19:17,21,F,4,graduate,single,0,private,3618.0,68,277,1,1,1
3742,2025-12-12 12:04:54,24,F,3,high,married,5,private,2801.0,25,477,4,2,0
3743,2024-11-15 17:58:40,53,M,4,graduate,married,5,unemployed,2864.0,109,329,5,3,0
3744,2025-12-12 02:01:05,40,F,4,high,single,5,state,3126.0,100,94,4,1,1
3745,2025-10-25 02:24:51,25,F,3,high,single,0,private,1872.0,111,136,3,3,0
3746,2025-10-15 10:59:28,24,F,2,middle,single,8,state,4111.0,45,156,5,2,1
3747,2025-02-20 17:48:39,34,M,3,high,married,6,private,3790.0,47,84,1,3,1
3748,2025-07-28 20:48:53,45,F,3,high,divorced,8,private,2156.0,64,113,1,2,0
3749,2025-11-24 04:55:44,45,M,3,college,single,5,private,4587.0,110,91,5,3,1
3750,2024-07-07 11:09:58,25,F,4,graduate,married,3,private,6063.0,61,370,5,1,0
3751,2024-01-20 13:20:47,45,F,1,middle,married,9,state,2885.0,47,358,3,3,0
3752,2024-08-14 05:17:35,52,M,2,middle,married,3,self_employed,2766.0,80,401,1,2,1
3753,2025-04-01 22:27:36,26,M,4,college,married,4,private,5376.0,16,132,1,1,0
3754,2025-01-26 12:23:43,18,M,5,high,married,0,state,4193.0,120,456,4,2,1
3755,2024-02-20 19:50:35,54,M,3,high,single,1,self_employed,3472.0,83,218,2,1,0
3756,2025-02-05 08:49:10,37,M,2,high,single,1,private,4842.0,54,116,3,1,1
3757,2024-04-29 07:27:47,47,M,3,high,married,4,private,4008.0,11,121,4,2,0
3758,2024-12-27 00:24:33,30,F,3,college,married,2,private,6003.0,39,195,3,3,0
3759,2025-02-16 06:16:19,29,M,3,middle,single,3,private,3620.0,69,89,3,3,1
3760,2025-04-01 18:27:47,26,M,2,college,married,8,private,4227.0,117,193,5,3,1
3761,2024-10-20 03:57:37,26,F,2,high,single,7,private,5347.0,59,348,5,2,1
3762,2024-10-17 01:49:09,35,M,3,high,single,8,private,1546.0,120,489,3,1,0
3763,2025-05-02 08:36:13,22,M,3,college,married,8,self_employed,5415.0,63,52,2,2,1
3764,2025-06-22 21:31:52,49,F,3,high,single,2,private,3051.0,94,312,1,2,0
3765,2025-08-04 15:37:05,37,F,3,college,single,6,unemployed,4337.0,12,155,1,3,0
3766,2024-08-23 11:47:40,52,F,2,college,single,9,private,6519.0,96,202,3,1,0
3767,2024-10-28 13:48:58,37,M,2,college,married,3,private,3271.0,30,340,5,3,0
3768,2024-08-21 09:27:39,29,M,5,high,single,4,state,3104.0,49,184,3,1,0
3769,2025-01-12 02:34:09,37,F,3,high,single,5,state,3572.0,39,247,5,3,1
3770,2024-03-25 20:59:55,23,F,3,high,single,8,unemployed,2190.0,65,193,4,2,0
3771,2024-11-01 23:12:05,49,F,3,college,single,1,private,7861.0,74,213,1,3,0
3772,2024-05-09 18:14:16,45,F,4,college,single,5,private,3587.0,43,371,2,1,1
3773,2025-01-15 15:46:23,23,M,2,high,single,2,state,6477.0,7,181,3,2,0
3774,2025-09-04 21:07:32,40,M,3,middle,single,7,state,3240.0,75,297,1,2,0
3775,2025-12-12 08:07:47,38,F,4,high,married,2,self_employed,3685.0,51,407,1,1,0
3776,2024-11-13 18:51:59,25,F,2,middle,single,3,self_employed,5067.0,100,331,2,1,0
3777,2024-02-03 02:54:03,22,M,3,high,single,3,private,2476.0,84,392,5,3,1
3778,2024-06-07 08:14:37,46,F,3,college,married,0,self_employed,3513.0,45,262,4,3,0
3779,2024-03-09 12:25:32,28,M,5,graduate,single,7,self_employed,5001.0,7,259,3,3,0
3780,2025-06-30 07:39:21,37,F,4,high,single,2,state,3379.0,65,61,3,1,0
3781,2025-12-11 19:28:01,27,M,1,middle,divorced,5,private,3075.0,96,367,3,1,0
3782,2025-01-31 09:44:57,42,F,4,high,married,7,unemployed,5379.0,93,359,5,3,0
3783,2024-05-01 02:22:54,19,M,4,high,married,8,self_employed,5946.0,41,280,2,3,0
3784,2024-01-08 10:39:11,31,F,3,college,married,10,private,6286.0,26,376,2,2,0
3785,2025-12-05 13:07:02,38,F,2,middle,divorced,1,private,2875.0,9,346,2,2,1
3786,2024-08-10 22:39:09,34,M,2,graduate,single,6,self_employed,2973.0,74,131,3,1,0
3787,2024-03-14 18:25:45,41,F,3,college,single,3,unemployed,3087.0,32,150,2,2,0
3788,2024-06-27 08:03:55,24,F,3,high,married,8,private,4682.0,94,342,5,1,1
3789,2025-04-15 18:53:33,34,F,4,graduate,single,4,self_employed,2395.0,72,94,4,1,0
3790,2025-10-05 00:02:37,46,M,2,college,married,0,private,2443.0,7,445,2,2,0
3791,2024-07-11 18:32:37,30,F,3,graduate,single,9,private,2836.0,83,207,2,3,1
3792,2025-05-08 16:27:43,23,F,2,high,single,8,self_employed,2622.0,31,321,3,3,0
3793,2024-02-09 09:52:03,50,F,3,graduate,married,3,private,4962.0,105,285,5,2,1
3794,2023-12-31 09:00:16,47,M,1,high,married,9,private,4846.0,4,351,5,2,1
3795,2024-02-02 02:27:39,43,F,3,high,married,4,self_employed,3076.0,44,210,3,2,0
3796,2025-10-27 21:12:36,48,M,2,graduate,single,4,private,3402.0,1,366,1,2,0
3797,2025-02-20 15:51:44,47,M,3,high,single,3,private,1500.0,76,128,1,3,0
3798,2025-08-02 18:34:27,46,M,2,high,married,5,private,3102.0,58,196,3,3,0
3799,2024-01-08 20:35:41,37,M,4,middle,single,10,private,5627.0,64,67,4,2,0
3800,2024-01-09 05:31:36,18,M,1,middle,married,0,private,3044.0,85,119,2,1,1
3801,2025-09-03 14:50:16,40,M,3,high,married,6,private,2484.0,108,74,5,3,0
3802,2024-03-07 21:44:24,28,F,3,high,single,1,unemployed,5894.0,46,263,1,3,1
3803,2024-04-15 10:33:27,47,M,1,college,single,1,state,2465.0,69,83,2,2,0
3804,2025-01-05 19:55:03,35,M,1,college,married,0,self_employed,6255.0,75,154,4,1,1
3805,2025-03-10 19:02:31,52,F,2,middle,single,3,private,10004.0,106,268,2,2,0
3806,2024-06-08 02:03:59,40,F,3,college,single,8,private,3504.0,23,359,1,3,0
3807,2024-11-12 14:56:03,38,F,5,college,divorced,8,self_employed,5627.0,63,61,4,1,0
3808,2025-04-29 15:44:43,52,F,1,college,single,8,state,2030.0,101,372,5,3,0
3809,2024-11-11 06:45:31,36,F,4,college,married,1,self_employed,1999.0,34,284,1,1,1
3810,2024-09-28 08:05:08,32,F,4,graduate,single,1,private,2755.0,44,53,3,1,1
3811,2024-02-14 09:53:09,32,F,3,middle,single,10,state,4855.0,54,93,5,1,0
3812,2024-11-17 20:51:16,51,F,3,college,married,10,state,3643.0,85,480,1,1,0
3813,2025-08-01 00:13:09,46,M,5,graduate,single,7,private,3411.0,81,252,1,1,1
3814,2025-03-25 12:48:47,24,F,3,college,married,9,self_employed,2317.0,16,467,2,3,0
3815,2025-10-05 22:16:46,36,F,4,middle,single,8,private,3482.0,25,282,3,2,1
3816,2024-03-25 02:31:21,32,F,2,college,married,6,private,2907.0,99,109,5,2,0
3817,2024-01-01 01:00:43,42,F,4,college,married,5,private,2636.0,81,378,3,1,0
3818,2025-01-27 03:44:41,19,M,5,high,married,10,state,2559.0,63,265,2,2,0
3819,2024-05-02 09:08:42,45,M,5,college,married,7,self_employed,3894.0,51,220,5,2,0
3820,2025-03-01 14:43:41,46,F,2,college,single,9,private,2830.0,117,144,2,2,1
3821,2025-10-13 20:24:04,26,F,4,college,single,2,unemployed,3633.0,106,250,2,2,0
3822,2024-08-26 02:38:35,23,F,1,high,married,2,private,1960.0,49,484,2,1,1
3823,2025-01-28 03:07:41,41,F,4,college,married,6,self_employed,4342.0,43,148,1,2,0
3824,2025-05-04 15:18:32,27,F,2,college,married,10,self_employed,3961.0,105,305,3,3,1
3825,2024-04-11 12:41:36,53,F,3,high,single,6,unemployed,3358.0,42,64,5,1,1
3826,2025-10-09 02:00:51,47,M,3,college,single,4,self_employed,3853.0,50,365,2,1,0
3827,2024-05-20 00:53:19,54,F,1,high,single,0,private,5049.0,111,451,1,3,1
3828,2025-08-05 00:57:53,38,M,2,college,single,1,private,2193.0,13,491,5,2,0
3829,2025-04-18 18:57:32,53,F,1,college,single,2,self_employed,3727.0,85,415,1,1,0
3830,2024-04-04 21:42:27,18,M,3,college,single,2,self_employed,2306.0,83,353,1,2,0
3831,2025-06-05 02:47:26,29,F,4,college,single,7,state,3754.0,46,312,4,3,0
3832,2024-05-15 10:13:38,18,M,4,high,married,7,self_employed,3326.0,22,442,1,1,0
3833,2025-03-05 13:57:27,43,M,4,college,married,4,private,3609.0,104,54,5,2,0
3834,2025-11-23 13:37:25,37,F,4,middle,single,10,private,4900.0,96,158,3,3,1
3835,2025-11-18 19:09:34,28,F,3,college,married,4,private,4849.0,103,70,4,1,1
3836,2025-09-20 00:05:59,29,M,3,middle,married,4,self_employed,5326.0,41,153,2,2,1
3837,2024-12-18 15:59:39,42,F,3,college,single,5,self_employed,3169.0,116,150,2,1,1
3838,2025-02-04 11:06:01,24,M,1,college,married,6,self_employed,4657.0,91,248,4,2,1
3839,2024-07-30 04:45:50,37,M,3,high,married,2,state,4347.0,29,361,3,1,1
3840,2025-10-26 07:11:23,41,M,4,high,married,3,private,3197.0,58,447,5,3,0
3841,2024-12-06 09:07:14,27,F,3,middle,married,7,private,3793.0,38,320,5,1,1
3842,2025-07-09 06:53:24,26,F,4,high,single,9,private,3476.0,65,67,4,2,0
3843,2024-09-11 13:21:12,31,F,1,high,married,4,private,5933.0,23,94,4,2,0
3844,2025-06-16 12:13:51,40,F,4,college,single,1,state,4835.0,89,249,5,3,0
3845,2024-06-04 19:45:59,27,F,2,college,single,9,self_employed,3237.0,56,326,3,1,0
3846,2025-06-11 16:05:53,32,F,4,graduate,single,6,unemployed,3159.0,80,422,5,3,0
3847,2024-01-26 13:16:34,38,F,2,middle,single,4,private,5091.0,78,218,1,1,1
3848,2024-03-09 12:25:34,25,M,3,high,single,6,self_employed,5820.0,80,130,1,3,0
3849,2024-09-06 02:45:46,39,M,3,high,married,9,state,4066.0,92,113,3,1,0
3850,2024-12-09 21:15:55,23,M,2,college,single,0,private,4585.0,80,327,1,1,1
3851,2025-05-26 07:53:30,23,F,2,college,single,3,self_employed,5745.0,62,500,3,2,1
3852,2024-09-11 02:35:46,27,M,2,college,single,10,unemployed,3425.0,71,81,4,1,1
3853,2024-01-06 11:01:49,28,M,3,high,single,3,private,3749.0,76,54,2,2,0
3854,2024-08-17 12:53:53,19,F,5,college,married,10,state,4317.0,97,54,5,2,0
3855,2024-11-08 14:24:27,54,F,2,graduate,married,3,private,3133.0,58,296,5,2,1
3856,2025-01-23 21:58:23,29,M,3,high,married,5,private,6599.0,37,193,5,1,0
3857,2025-04-07 03:02:40,48,M,4,college,divorced,0,private,3123.0,31,421,4,3,0
3858,2024-06-21 19:03:26,52,M,3,college,single,7,private,3720.0,22,413,4,1,0
3859,2025-03-13 14:16:47,48,M,4,middle,single,2,self_employed,7120.0,73,276,4,3,1
3860,2025-03-29 01:24:47,49,F,3,graduate,married,9,private,1898.0,89,68,1,1,0
3861,2025-07-12 22:52:50,21,F,3,college,married,1,self_employed,3927.0,39,307,5,1,1
3862,2025-01-08 02:18:51,32,M,2,college,divorced,1,self_employed,2889.0,65,214,4,1,1
3863,2025-08-06 16:18:19,46,M,2,middle,married,5,self_employed,3641.0,45,427,2,3,1
3864,2024-06-02 18:29:52,39,M,3,middle,married,0,private,2387.0,109,378,4,2,0
3865,2025-05-26 13:05:09,18,M,4,college,single,3,private,3198.0,109,482,3,1,0
3866,2024-01-26 11:11:41,39,M,2,middle,single,7,private,3673.0,116,216,5,1,1
3867,2024-03-08 01:00:56,48,F,5,middle,married,5,private,3958.0,104,195,3,1,1
3868,2025-09-15 05:54:28,49,M,2,high,married,6,private,4981.0,105,265,4,1,0
3869,2024-12-04 18:23:35,32,F,3,middle,married,0,state,1614.0,67,422,1,1,0
3870,2025-03-21 05:13:03,26,M,4,college,divorced,7,state,3484.0,66,275,1,3,1
3871,2025-03-08 11:40:20,29,F,4,college,single,1,private,3425.0,37,201,5,2,1
3872,2025-05-14 05:58:48,29,M,3,middle,single,6,private,3560.0,91,459,4,3,0
3873,2024-06-20 06:19:01,31,M,2,college,married,8,self_employed,3682.0,39,226,4,3,0
3874,2024-05-02 03:07:57,29,F,2,middle,married,7,unemployed,2723.0,41,445,3,2,0
3875,2024-01-24 01:30:28,35,F,2,middle,married,3,state,2119.0,114,337,4,2,0
3876,2025-09-15 06:44:05,19,M,4,high,married,1,state,3928.0,2,78,3,3,0
3877,2024-06-04 05:18:08,28,M,2,high,divorced,9,self_employed,2571.0,15,272,4,3,1
3878,2025-02-15 20:58:29,29,F,4,high,single,2,private,4192.0,94,362,4,1,0
3879,2024-11-20 01:44:59,23,F,2,college,single,5,self_employed,2623.0,83,462,2,2,0
3880,2024-04-20 12:29:18,51,F,3,high,single,2,private,4640.0,94,294,5,3,0
3881,2024-10-21 04:03:33,43,M,2,college,single,0,self_employed,3572.0,57,56,5,3,0
3882,2024-02-22 17:41:53,52,M,3,high,married,4,private,3660.0,1,209,4,2,1
3883,2024-04-30 23:12:19,39,M,3,college,married,6,self_employed,3340.0,36,486,1,2,0
3884,2024-04-03 23:26:17,22,M,5,college,married,8,self_employed,3158.0,104,272,1,2,0
3885,2025-08-16 19:45:37,52,F,4,high,single,7,self_employed,3356.0,80,223,5,2,0
3886,2025-02-10 05:09:44,35,F,4,college,married,9,private,5506.0,106,446,1,2,0
3887,2025-10-29 18:01:49,44,M,2,college,single,8,state,2128.0,2,238,5,2,1
3888,2024-11-06 06:28:03,32,F,5,middle,married,4,state,2902.0,39,398,2,3,0
3889,2024-05-18 23:37:21,36,F,4,college,single,3,self_employed,5270.0,83,59,1,1,0
3890,2025-03-12 06:25:57,36,F,4,college,married,6,private,4851.0,3,306,4,1,1
3891,2025-11-01 14:07:02,28,M,3,middle,single,5,state,5827.0,54,60,4,3,0
3892,2025-01-15 19:01:35,39,M,2,graduate,married,3,self_employed,3566.0,106,129,4,2,0
3893,2024-01-06 00:55:26,45,M,4,high,married,0,private,2295.0,20,295,4,2,0
3894,2024-08-01 15:28:59,18,M,3,college,divorced,5,self_employed,2471.0,9,329,3,3,0
3895,2025-10-29 05:20:33,22,M,2,college,married,5,private,3280.0,77,103,2,2,1
3896,2025-01-05 09:28:37,50,M,3,graduate,single,10,self_employed,4752.0,28,274,3,2,1
3897,2025-11-17 21:47:32,39,M,3,college,single,8,private,3330.0,23,233,4,3,0
3898,2024-12-29 18:25:34,54,M,2,college,single,2,self_employed,3242.0,66,251,4,2,0
3899,2024-01-01 19:08:55,40,F,4,high,single,1,private,4184.0,73,415,3,1,0
3900,2025-09-21 07:51:47,42,F,3,high,single,8,private,3676.0,98,475,1,1,1
3901,2025-07-03 00:05:53,52,M,3,college,married,5,private,3121.0,13,83,3,3,0
3902,2025-05-29 03:08:52,43,F,1,high,married,0,self_employed,2564.0,94,497,3,1,0
3903,2025-12-01 05:55:53,30,M,5,college,single,8,private,5072.0,81,72,4,2,1
3904,2024-05-15 05:19:13,38,M,3,middle,married,3,private,5254.0,82,479,5,2,1
3905,2025-10-15 07:24:24,26,F,3,high,married,1,private,2514.0,29,327,4,3,1
3906,2024-06-10 19:33:51,30,M,3,high,single,7,self_employed,3162.0,100,383,2,2,1
3907,2025-12-01 14:50:31,43,M,2,college,married,8,private,4598.0,15,159,1,1,0
3908,2024-05-11 17:52:12,23,M,4,middle,divorced,8,state,2445.0,83,320,2,1,0
3909,2025-01-28 17:40:04,43,M,1,high,divorced,3,private,4137.0,17,317,1,2,0
3910,2025-07-22 05:18:29,40,F,4,graduate,married,6,private,3248.0,77,194,4,3,0
3911,2024-02-19 01:17:44,29,M,1,college,single,5,private,2378.0,55,276,2,1,0
3912,2024-02-10 16:40:39,19,M,5,college,single,9,state,6782.0,21,477,1,3,1
3913,2025-09-04 08:18:24,44,M,3,middle,divorced,2,private,3231.0,24,98,3,1,1
3914,2024-02-06 02:40:34,49,M,1,high,single,9,unemployed,4374.0,53,255,3,1,0
3915,2025-03-16 02:16:15,45,M,3,college,single,3,private,2459.0,44,201,4,1,1
3916,2025-11-07 21:36:53,33,F,2,middle,single,6,state,6269.0,55,140,5,1,0
3917,2025-03-16 18:11:15,42,F,5,high,married,5,private,7198.0,52,265,1,2,0
3918,2024-12-09 03:07:52,33,M,4,graduate,single,3,private,2152.0,3,99,1,3,0
3919,2024-10-23 14:16:59,31,F,3,middle,married,2,self_employed,3437.0,52,104,5,1,1
3920,2025-04-02 20:37:34,30,M,3,graduate,married,4,self_employed,5795.0,49,426,5,3,1
3921,2025-02-13 10:40:17,26,M,5,high,single,6,state,3090.0,47,193,2,1,1
3922,2024-12-24 06:57:28,54,M,3,high,single,6,self_employed,4202.0,28,198,1,3,1
3923,2024-04-14 02:43:03,43,M,3,high,married,6,private,2022.0,24,347,2,3,0
3924,2025-04-20 17:55:48,24,F,3,graduate,married,7,unemployed,2763.0,11,395,3,3,0
3925,2025-06-16 00:46:15,50,F,2,college,married,0,private,4051.0,75,440,1,2,0
3926,2025-05-24 11:08:15,23,M,4,college,married,4,self_employed,2962.0,66,332,1,3,1
3927,2024-02-16 18:18:11,40,M,3,high,single,3,self_employed,3209.0,98,169,1,2,0
3928,2025-05-20 02:29:07,24,F,4,college,married,4,private,2142.0,29,177,4,1,0
3929,2025-06-08 17:45:32,31,M,3,college,married,4,state,4578.0,49,368,3,1,1
3930,2024-05-05 21:25:38,43,M,3,college,married,1,unemployed,2278.0,23,433,5,1,0
3931,2025-09-03 18:06:07,55,F,3,college,married,10,private,6243.0,113,464,3,1,0
3932,2025-01-09 09:46:43,55,F,4,college,single,0,private,2867.0,95,431,2,1,0
3933,2024-12-02 21:39:04,52,F,3,college,married,6,state,4819.0,18,332,2,2,0
3934,2025-06-03 14:19:46,26,M,4,middle,married,5,private,4655.0,98,127,5,2,1
3935,2024-12-30 04:13:40,21,M,2,college,single,7,private,2579.0,111,237,1,2,1
3936,2025-01-24 15:55:46,52,M,4,high,married,9,self_employed,2976.0,80,104,4,1,0
3937,2024-08-07 21:59:38,53,F,4,graduate,single,7,unemployed,3102.0,119,248,5,1,1
3938,2025-10-31 08:23:49,28,M,4,high,married,8,state,3177.0,23,320,5,2,0
3939,2025-11-30 16:54:51,18,M,2,middle,married,3,unemployed,2312.0,35,354,1,1,1
3940,2024-03-28 05:09:19,42,M,4,high,single,10,private,4389.0,76,155,4,1,0
3941,2025-06-11 04:20:26,20,F,2,college,single,0,private,2861.0,65,363,5,3,0
3942,2024-01-10 00:49:14,19,F,1,high,married,7,private,3498.0,86,199,4,2,0
3943,2024-09-18 08:40:46,53,F,4,college,single,1,private,5178.0,116,363,5,1,1
3944,2025-12-01 02:21:33,36,M,4,college,single,2,state,4448.0,28,472,5,3,0
3945,2024-04-29 14:37:31,22,F,1,high,married,9,private,2929.0,105,180,5,1,0
3946,2024-09-24 05:01:21,42,M,5,college,single,7,private,5241.0,16,129,4,3,0
3947,2024-06-01 07:02:04,32,M,3,college,married,6,self_employed,4596.0,56,486,1,1,1
3948,2025-06-07 14:25:02,38,M,5,college,single,9,state,2844.0,53,262,5,2,0
3949,2024-11-26 15:55:06,52,M,4,high,single,3,state,3041.0,97,154,4,1,1
3950,2025-02-28 23:25:03,27,M,5,graduate,single,7,state,5168.0,51,183,2,1,0
3951,2025-11-11 01:47:54,42,F,4,middle,divorced,2,unemployed,4782.0,100,261,4,2,0
3952,2025-01-07 08:49:16,49,M,5,college,married,5,self_employed,2152.0,19,206,1,1,0
3953,2025-06-11 22:14:38,34,M,3,college,single,4,unemployed,2561.0,120,458,5,1,0
3954,2024-03-04 11:21:08,54,F,2,high,single,6,unemployed,4644.0,24,216,4,2,0
3955,2024-05-29 03:04:13,35,F,3,middle,married,0,self_employed,2414.0,72,263,4,3,0
3956,2025-11-14 04:59:06,35,M,4,college,married,0,private,4826.0,60,167,2,1,0
3957,2025-09-11 11:30:39,51,F,2,high,single,0,state,7169.0,11,368,1,1,0
3958,2025-04-16 08:58:04,42,M,5,high,single,2,private,4149.0,64,394,3,3,1
3959,2024-09-25 02:04:23,51,M,2,high,married,6,private,2636.0,105,304,2,2,0
3960,2024-05-17 20:33:07,48,F,4,college,married,1,state,3873.0,65,416,5,3,0
3961,2025-09-05 18:10:21,45,F,3,high,married,10,private,5230.0,85,173,5,3,1
3962,2025-07-19 06:32:42,27,M,4,high,married,4,state,3769.0,118,293,4,1,1
3963,2024-06-17 10:34:37,33,M,5,graduate,married,3,self_employed,4313.0,37,379,4,3,1
3964,2025-02-26 13:51:09,50,M,3,college,married,9,private,2752.0,5,455,5,1,0
3965,2025-03-19 14:56:02,41,M,4,college,married,1,unemployed,2826.0,83,197,4,2,1
3966,2024-12-06 13:10:06,28,F,2,college,married,2,self_employed,5000.0,95,111,2,1,0
3967,2025-10-30 11:16:01,30,M,4,high,single,4,self_employed,2838.0,18,403,2,3,0
3968,2024-03-23 14:14:40,47,F,4,high,married,0,private,1500.0,43,278,2,3,0
3969,2024-06-29 06:18:10,24,M,2,middle,single,7,unemployed,3271.0,44,75,2,3,1
3970,2024-03-02 08:54:05,22,F,1,middle,married,8,private,4064.0,91,423,2,1,0
3971,2025-05-12 20:04:25,47,M,3,middle,married,3,self_employed,5274.0,106,275,4,3,0
3972,2025-04-07 03:02:59,28,M,2,college,married,9,private,6477.0,89,330,5,3,0
3973,2025-12-13 17:43:01,47,M,4,high,single,0,private,3751.0,36,211,2,3,0
3974,2025-01-22 21:21:00,38,M,2,middle,married,5,private,4585.0,75,494,3,2,0
3975,2024-04-11 22:28:55,55,F,5,college,single,8,self_employed,3798.0,33,244,5,2,0
3976,2024-11-17 03:26:43,37,F,5,middle,single,4,self_employed,4121.0,76,318,5,2,1
3977,2024-02-26 12:48:29,50,F,5,college,married,10,self_employed,3410.0,116,291,1,3,0
3978,2025-04-26 18:22:42,50,M,3,high,single,4,self_employed,4168.0,80,482,2,3,0
3979,2025-04-29 03:53:59,26,F,2,college,married,10,private,2820.0,95,325,2,1,0
3980,2025-09-10 02:02:18,55,F,4,middle,married,7,unemployed,7281.0,90,94,2,1,0
3981,2024-08-28 00:10:25,46,F,4,middle,married,2,private,1577.0,58,436,5,3,0
3982,2024-08-06 09:19:43,22,F,5,college,married,9,unemployed,4446.0,16,69,4,3,0
3983,2024-02-14 00:12:11,18,F,3,high,single,0,self_employed,4072.0,118,287,1,1,0
3984,2024-10-22 01:28:32,28,M,1,middle,married,2,private,4146.0,44,210,4,1,0
3985,2024-12-04 23:21:15,18,F,5,high,single,8,private,2407.0,107,267,3,3,0
3986,2025-06-26 18:32:33,31,M,4,college,married,9,self_employed,2024.0,102,429,3,3,1
3987,2025-06-26 06:03:44,55,M,2,middle,married,4,unemployed,4501.0,83,98,4,1,1
3988,2024-04-04 09:13:31,36,F,4,college,married,7,self_employed,5822.0,66,72,3,3,0
3989,2024-07-19 03:20:40,18,M,1,college,married,7,self_employed,3933.0,33,456,4,1,0
3990,2024-12-31 08:59:20,36,M,3,college,married,8,unemployed,4826.0,17,163,3,1,0
3991,2024-08-24 14:01:16,26,M,2,college,married,9,private,3102.0,105,249,5,2,1
3992,2024-01-11 15:34:51,50,M,3,high,married,0,state,4089.0,116,494,5,2,0
3993,2025-09-01 08:39:12,21,F,2,college,single,2,state,5591.0,81,377,1,1,0
3994,2025-06-09 19:54:00,47,F,2,high,single,10,private,3263.0,119,339,1,2,0
3995,2025-01-06 15:39:35,34,M,3,high,married,5,self_employed,5514.0,26,53,2,3,1
3996,2024-08-11 18:25:25,18,F,2,college,single,5,private,2055.0,62,227,1,1,0
3997,2025-08-30 04:39:50,43,F,3,college,single,4,self_employed,2938.0,21,284,1,3,1
3998,2024-01-18 18:07:36,35,F,3,middle,married,3,state,4408.0,64,85,1,2,0
3999,2024-11-13 20:44:38,47,M,4,graduate,married,2,self_employed,7087.0,107,341,5,3,0
4000,2025-07-30 16:49:57,41,M,4,graduate,single,4,state,3659.0,36,390,3,1,1
4001,2025-11-18 16:07:29,47,M,2,high,single,0,state,2535.0,51,215,4,3,1
4002,2024-06-24 12:50:10,35,M,1,college,single,3,private,7031.0,62,467,5,3,0
4003,2025-04-12 01:55:16,18,F,4,college,single,10,self_employed,3484.0,56,471,1,2,0
4004,2024-05-10 11:16:55,22,M,4,graduate,single,1,private,4595.0,117,384,4,2,0
4005,2024-03-17 14:32:53,35,M,5,college,married,8,state,3239.0,52,191,4,3,1
4006,2024-09-06 16:57:07,33,F,5,middle,single,0,self_employed,3827.0,31,102,5,2,0
4007,2025-09-30 02:49:44,48,M,3,college,married,8,private,2991.0,40,364,5,2,1
4008,2025-05-10 07:36:45,33,M,4,middle,divorced,2,private,8024.0,37,289,4,3,1
4009,2024-12-15 03:55:34,50,F,3,college,single,7,private,5524.0,38,373,4,1,0
4010,2024-07-17 10:58:43,25,F,4,college,divorced,5,state,6760.0,108,231,3,3,1
4011,2024-04-05 09:30:52,32,M,5,college,single,8,private,2763.0,62,118,3,2,0
4012,2024-07-08 15:48:03,46,F,4,high,married,7,private,1922.0,47,457,3,1,0
4013,2024-04-13 11:07:52,22,F,3,high,divorced,6,private,3286.0,17,484,5,3,0
4014,2024-05-08 13:44:30,30,F,3,college,married,8,private,8785.0,117,393,5,1,1
4015,2025-05-08 21:35:40,46,M,2,high,single,10,private,3253.0,19,60,2,2,1
4016,2024-03-29 20:52:43,40,F,2,high,single,6,state,5261.0,42,411,1,1,0
4017,2024-01-27 13:57:58,47,F,4,high,single,1,state,2544.0,84,499,2,3,0
4018,2025-01-22 21:48:14,37,M,4,college,married,1,state,2724.0,1,236,3,3,0
4019,2024-07-20 05:07:21,50,F,2,high,single,6,private,3541.0,38,276,2,2,0
4020,2024-11-19 22:47:08,51,F,4,college,married,4,unemployed,7619.0,115,61,3,2,1
4021,2024-04-04 01:04:42,55,M,3,college,single,6,state,5351.0,3,321,3,2,0
4022,2024-05-25 06:48:40,22,F,3,college,single,7,self_employed,1775.0,29,392,5,1,1
4023,2024-11-09 23:40:35,40,M,3,college,single,2,state,4598.0,11,140,3,1,0
4024,2025-05-10 17:11:40,22,F,3,middle,single,8,private,2436.0,84,335,1,2,0
4025,2024-10-21 11:28:41,26,F,4,high,married,10,self_employed,2868.0,2,167,3,2,0
4026,2025-01-22 10:52:03,29,M,4,middle,single,3,private,4353.0,6,113,1,2,1
4027,2025-01-07 23:16:30,42,M,4,college,single,10,unemployed,5940.0,57,60,1,1,1
4028,2024-07-07 06:26:04,34,M,3,college,married,10,state,5839.0,90,391,4,2,0
4029,2024-07-15 03:13:42,50,F,4,college,single,4,private,4089.0,109,145,2,3,0
4030,2024-10-29 18:41:06,29,M,2,college,married,8,private,4109.0,27,117,4,2,0
4031,2024-01-16 09:24:13,41,F,3,college,married,10,self_employed,5832.0,69,483,1,2,1
4032,2025-05-07 08:07:16,47,M,3,graduate,married,9,private,2098.0,97,383,2,1,1
4033,2025-03-16 12:02:40,55,M,4,college,single,4,private,6902.0,88,165,3,2,1
4034,2024-08-03 11:27:00,27,F,5,high,single,7,unemployed,2814.0,116,371,3,1,0
4035,2024-09-21 19:32:21,45,F,2,middle,married,6,private,3989.0,10,275,3,3,0
4036,2024-08-19 22:50:19,21,M,4,college,married,4,private,3060.0,6,53,3,3,0
4037,2025-04-12 11:23:21,38,M,2,college,single,7,private,2429.0,83,171,2,3,0
4038,2025-06-30 14:17:52,33,M,3,college,single,10,state,4279.0,45,399,2,2,0
4039,2024-03-12 07:50:43,54,M,4,high,single,0,state,3955.0,89,374,3,1,0
4040,2024-10-20 17:20:50,47,M,4,college,married,9,state,3509.0,86,233,3,3,0
4041,2024-01-03 01:22:45,53,F,4,high,single,4,unemployed,3452.0,54,494,4,3,0
4042,2024-11-18 03:25:06,50,M,4,high,divorced,9,private,6211.0,120,278,1,1,0
4043,2024-06-22 06:06:54,33,M,2,college,single,1,private,7844.0,106,55,3,3,1
4044,2024-08-25 03:16:31,45,M,5,college,divorced,9,private,5645.0,44,485,4,3,1
4045,2024-11-21 06:42:32,19,M,5,high,single,4,private,4012.0,1,60,2,1,0
4046,2024-08-16 07:38:28,39,F,3,high,single,10,private,2053.0,120,464,2,1,1
4047,2024-10-06 16:08:27,19,M,1,college,single,4,private,4535.0,117,83,4,2,1
4048,2025-07-04 06:46:57,45,M,2,high,single,8,self_employed,4605.0,108,222,4,3,0
4049,2025-08-06 12:30:02,54,F,4,high,divorced,6,private,4769.0,7,74,3,2,1
4050,2023-12-28 06:43:24,43,F,5,college,married,2,unemployed,2442.0,87,370,3,3,0
4051,2024-09-24 19:42:55,49,F,4,college,single,2,unemployed,4903.0,116,188,1,3,0
4052,2025-09-02 05:26:48,26,F,3,middle,divorced,5,state,6289.0,46,281,1,1,0
4053,2025-01-14 05:19:46,55,F,1,college,single,5,self_employed,2581.0,91,135,3,2,0
4054,2024-05-21 20:30:51,38,F,3,college,single,6,self_employed,4627.0,65,420,4,1,0
4055,2025-03-01 06:23:35,43,F,3,high,single,8,private,2740.0,56,258,2,1,1
4056,2024-04-07 19:09:15,47,M,2,high,married,8,state,3510.0,87,194,3,3,1
4057,2024-01-08 22:29:09,42,F,1,high,married,0,private,2612.0,70,60,2,3,0
4058,2025-03-29 16:05:46,30,F,2,high,single,5,private,3220.0,83,262,1,2,0
4059,2025-01-03 01:08:12,41,F,2,college,married,1,self_employed,3229.0,27,377,5,3,1
4060,2025-06-28 05:54:23,42,M,4,high,single,5,state,4206.0,35,100,5,3,1
4061,2024-08-31 17:26:37,50,F,3,graduate,single,5,private,4972.0,77,279,5,1,0
4062,2025-09-07 15:02:30,36,M,3,high,married,10,self_employed,5573.0,67,467,5,3,1
4063,2024-10-26 12:49:40,37,F,3,college,married,4,unemployed,2898.0,46,441,3,2,0
4064,2025-06-14 18:06:09,37,M,5,college,married,4,private,4130.0,101,456,4,3,0
4065,2024-03-06 05:02:06,22,F,4,college,single,5,private,2479.0,41,454,2,1,0
4066,2024-03-03 22:06:27,21,F,3,college,single,1,private,3503.0,58,174,3,2,1
4067,2025-07-17 11:00:58,18,M,4,college,married,0,unemployed,3696.0,38,121,2,3,0
4068,2025-08-23 19:26:08,43,M,4,high,married,7,state,2636.0,68,312,4,2,1
4069,2025-11-10 22:55:20,33,M,4,graduate,single,3,private,4428.0,68,373,3,1,1
4070,2024-08-16 23:22:57,50,F,3,graduate,single,3,state,3448.0,40,220,2,3,0
4071,2024-01-09 06:08:59,44,F,3,graduate,married,10,state,3843.0,93,154,1,1,0
4072,2025-12-08 07:55:39,23,F,3,high,single,2,private,5589.0,20,120,2,3,0
4073,2025-03-07 00:03:02,21,M,3,middle,married,9,self_employed,3135.0,93,279,3,3,0
4074,2024-06-21 09:34:12,31,F,2,high,married,6,self_employed,4903.0,8,70,3,1,0
4075,2025-07-03 14:32:53,52,F,2,college,single,2,private,6033.0,31,358,5,2,1
4076,2025-10-13 20:15:20,19,M,3,middle,married,10,unemployed,5905.0,49,421,4,2,1
4077,2024-07-18 21:49:44,25,M,3,high,married,6,private,3409.0,51,423,3,1,0
4078,2025-07-07 20:35:37,19,M,3,college,married,3,private,2590.0,76,180,3,1,1
4079,2025-07-20 21:58:25,33,M,1,high,married,4,private,2840.0,113,94,3,1,1
4080,2024-12-24 05:30:15,55,M,2,college,married,4,private,2089.0,92,282,5,3,1
4081,2025-03-29 14:51:37,43,M,3,high,single,9,state,4629.0,66,383,5,2,0
4082,2024-07-07 17:59:18,36,M,4,college,single,5,private,4731.0,11,457,2,3,0
4083,2025-11-01 06:55:45,23,M,2,high,married,0,private,3794.0,120,104,3,2,1
4084,2025-12-10 15:58:43,31,M,1,college,single,7,unemployed,2249.0,39,58,2,2,0
4085,2025-12-09 03:12:15,37,F,1,college,married,8,private,3204.0,75,113,3,1,0
4086,2025-06-14 02:25:48,28,M,3,high,single,4,private,5902.0,97,296,3,3,1
4087,2024-01-23 21:54:14,44,M,2,high,single,10,private,4507.0,84,124,5,2,1
4088,2024-09-16 12:17:39,55,F,3,college,single,4,self_employed,4789.0,14,480,4,2,0
4089,2024-11-12 19:18:34,25,M,3,college,married,2,private,11589.0,32,205,1,2,1
4090,2025-11-23 16:26:16,27,M,5,middle,married,7,private,4084.0,120,414,1,2,0
4091,2025-01-26 07:13:33,22,M,3,college,married,1,self_employed,1710.0,93,196,5,3,1
4092,2025-01-18 09:40:48,45,M,1,high,single,10,private,2477.0,76,148,2,2,0
4093,2024-04-09 02:56:29,35,F,3,high,married,7,self_employed,4052.0,54,88,1,3,0
4094,2025-07-25 09:58:57,28,M,4,high,married,3,state,3665.0,113,140,4,1,1
4095,2024-08-25 11:43:39,26,M,2,high,single,0,self_employed,3428.0,88,388,3,1,0
4096,2024-02-29 01:35:50,20,F,5,middle,married,6,private,3449.0,88,393,3,1,1
4097,2025-12-13 23:34:59,36,F,3,high,married,6,unemployed,2767.0,110,351,4,3,0
4098,2024-05-10 18:02:33,43,M,1,middle,single,8,private,4150.0,116,85,2,2,0
4099,2024-01-04 20:21:27,26,M,2,high,single,3,private,5931.0,104,194,3,2,0
4100,2024-02-18 19:42:43,18,M,5,college,married,2,self_employed,6676.0,80,320,4,1,1
4101,2024-11-18 07:56:20,35,F,5,college,single,4,private,6610.0,28,472,4,1,1
4102,2024-03-08 02:52:33,43,F,4,middle,married,9,private,2606.0,33,155,5,3,0
4103,2025-08-30 03:18:32,31,F,2,middle,married,9,state,3615.0,19,134,2,3,0
4104,2025-01-01 02:05:18,27,M,4,college,single,3,private,3262.0,97,428,3,1,0
4105,2024-08-16 10:45:00,23,M,2,college,single,0,private,4479.0,41,261,4,3,0
4106,2023-12-26 07:11:06,46,F,3,college,married,1,private,3537.0,28,221,4,1,0
4107,2024-12-08 06:04:11,50,M,4,high,single,5,private,3364.0,88,223,5,3,1
4108,2024-04-12 10:50:49,47,F,5,middle,single,0,state,6058.0,68,237,1,1,0
4109,2025-12-06 23:21:41,37,M,3,high,single,7,self_employed,3769.0,30,268,5,1,0
4110,2024-07-23 11:52:04,45,M,3,college,married,0,private,3803.0,45,408,3,2,1
4111,2024-12-04 15:50:31,33,M,2,high,single,4,private,4208.0,58,360,2,1,1
4112,2024-01-06 14:14:40,18,M,3,middle,single,8,private,4613.0,96,89,2,3,1
4113,2024-03-28 13:44:28,31,F,1,middle,married,5,private,4622.0,1,109,2,3,0
4114,2024-05-23 11:09:45,44,M,4,college,single,7,private,6268.0,92,321,5,3,0
4115,2024-01-30 18:09:37,42,F,1,high,married,3,state,2322.0,10,428,1,3,0
4116,2025-06-05 23:24:34,55,F,4,college,single,8,private,4079.0,104,484,2,1,0
4117,2025-11-13 03:41:54,55,F,2,high,married,4,self_employed,3513.0,15,453,4,1,1
4118,2025-12-12 07:25:35,27,F,3,high,single,8,private,3277.0,30,343,5,1,1
4119,2024-07-05 00:58:51,18,F,2,high,single,10,private,4747.0,45,157,1,3,0
4120,2025-07-21 18:50:06,28,F,3,graduate,single,4,private,5732.0,120,86,3,1,1
4121,2024-12-25 23:11:58,51,M,3,middle,married,2,private,2960.0,48,381,3,3,1
4122,2024-01-26 11:25:16,48,F,3,middle,married,10,self_employed,6571.0,97,459,3,2,0
4123,2024-02-28 05:05:41,21,F,5,college,single,7,self_employed,2206.0,31,232,4,3,0
4124,2025-01-26 21:13:17,24,M,2,middle,single,9,unemployed,4476.0,47,108,3,1,1
4125,2024-10-28 06:26:15,39,F,3,high,single,4,private,2666.0,63,379,1,2,0
4126,2023-12-30 02:50:45,43,M,5,high,single,3,private,2908.0,16,216,2,1,0
4127,2025-11-01 23:26:55,55,F,2,college,single,1,self_employed,3718.0,4,337,4,1,0
4128,2025-06-09 03:30:09,46,M,4,high,married,8,self_employed,3167.0,42,131,2,3,1
4129,2024-12-24 18:16:32,26,F,5,college,single,9,private,1500.0,95,210,3,2,1
4130,2025-12-13 12:08:04,19,M,4,college,married,9,private,4510.0,13,375,2,3,0
4131,2025-12-01 22:17:16,42,F,3,college,single,3,private,4783.0,99,436,3,1,0
4132,2025-12-03 23:38:03,39,M,4,high,married,5,private,3441.0,74,169,4,1,1
4133,2024-06-29 22:48:01,53,F,3,college,single,5,state,3348.0,33,410,2,1,1
4134,2025-09-27 01:12:33,39,M,3,college,single,1,private,3195.0,14,167,4,2,1
4135,2024-12-26 07:37:57,37,F,5,college,married,0,unemployed,2000.0,67,381,4,2,1
4136,2025-06-06 00:09:50,29,M,2,middle,single,3,state,1927.0,52,236,5,3,1
4137,2025-09-11 10:58:46,21,M,4,college,married,5,self_employed,4824.0,14,366,3,1,0
4138,2024-04-21 05:28:56,51,M,3,college,married,10,private,5285.0,81,179,1,1,0
4139,2024-11-15 05:22:52,49,F,2,graduate,divorced,9,state,4487.0,101,87,4,3,0
4140,2024-03-27 02:18:47,24,M,3,high,married,7,self_employed,4158.0,55,403,4,2,0
4141,2024-07-15 00:37:07,44,F,4,college,single,10,private,4788.0,55,53,1,1,0
4142,2024-10-20 20:48:48,31,M,3,college,single,8,state,4678.0,106,287,1,1,0
4143,2025-09-08 11:55:42,34,F,4,college,married,5,private,2766.0,47,76,2,2,0
4144,2025-09-13 17:54:17,50,M,2,college,single,10,private,3936.0,29,300,3,2,1
4145,2024-10-03 14:51:48,49,M,5,college,married,10,self_employed,3283.0,102,99,3,3,0
4146,2024-08-20 07:29:47,25,M,3,high,single,2,self_employed,3298.0,63,122,1,2,1
4147,2025-01-14 10:16:19,29,M,4,high,married,3,self_employed,5427.0,113,494,1,2,0
4148,2025-10-19 15:58:31,49,M,2,high,single,10,private,6318.0,110,461,5,3,0
4149,2025-12-05 20:45:15,52,M,3,college,single,0,self_employed,1602.0,98,251,4,1,0
4150,2024-06-06 12:54:28,21,M,5,middle,divorced,5,state,3330.0,43,207,3,2,0
4151,2024-05-08 03:11:14,49,F,1,college,married,4,private,3270.0,87,363,2,1,0
4152,2025-05-22 22:41:29,36,M,3,graduate,single,8,self_employed,5467.0,57,220,3,3,0
4153,2024-07-31 00:32:20,40,F,4,college,single,10,private,2192.0,92,118,5,1,1
4154,2024-05-17 19:50:08,20,M,4,college,married,3,private,1500.0,112,159,2,1,0
4155,2024-01-15 16:20:21,43,M,4,college,single,2,self_employed,4853.0,88,328,2,2,1
4156,2024-10-13 08:16:17,43,M,4,middle,married,3,private,5100.0,60,483,3,2,0
4157,2024-10-05 00:59:48,43,M,5,high,married,7,private,1950.0,120,344,1,1,0
4158,2025-02-07 00:46:51,48,M,3,college,single,3,private,3486.0,104,323,1,3,1
4159,2024-05-18 03:12:49,53,F,3,college,single,7,self_employed,6220.0,30,403,5,1,0
4160,2025-05-28 11:41:34,50,F,4,high,single,3,private,2497.0,113,77,4,2,0
4161,2025-05-03 10:12:43,46,F,4,middle,single,8,private,3772.0,58,330,2,1,0
4162,2024-11-25 12:21:07,55,M,1,college,married,0,private,4349.0,31,136,3,2,0
4163,2024-05-04 08:45:07,43,M,2,high,single,3,private,2209.0,36,239,3,2,0
4164,2024-12-28 01:52:14,43,F,3,college,divorced,3,private,2989.0,95,266,1,3,1
4165,2025-04-29 14:43:09,38,M,4,high,married,6,self_employed,2015.0,47,379,4,2,0
4166,2024-09-21 01:59:03,47,M,3,college,single,7,self_employed,3437.0,79,134,1,3,1
4167,2024-07-03 08:05:22,20,M,4,college,married,7,self_employed,2760.0,54,480,3,1,1
4168,2024-12-27 17:59:05,37,M,4,college,single,9,self_employed,3915.0,119,322,2,2,0
4169,2024-09-08 07:24:59,34,F,2,college,single,8,private,4547.0,17,207,3,2,1
4170,2024-10-11 08:59:12,52,M,3,high,married,0,private,5920.0,71,188,3,2,1
4171,2024-09-03 16:02:19,20,M,3,high,single,7,state,8236.0,43,95,3,3,0
4172,2024-08-01 12:42:20,42,F,2,college,single,0,private,3915.0,96,207,2,3,0
4173,2025-05-30 05:29:26,25,F,3,high,single,4,state,3259.0,114,102,1,3,1
4174,2024-11-23 23:26:30,51,M,3,college,single,6,private,3193.0,42,404,1,3,1
4175,2024-11-28 13:14:32,50,M,4,middle,married,3,self_employed,2597.0,109,408,4,3,1
4176,2025-04-13 18:03:47,26,F,3,college,divorced,7,private,4259.0,73,286,1,3,0
4177,2024-09-12 17:57:24,51,M,1,high,married,8,private,3062.0,7,485,3,3,0
4178,2024-03-06 18:06:56,36,M,3,college,divorced,6,unemployed,4365.0,94,100,2,1,1
4179,2025-09-06 09:57:00,54,M,4,college,married,5,private,2627.0,67,446,4,3,0
4180,2024-02-02 15:57:03,45,M,3,high,single,10,private,3093.0,117,217,4,3,1
4181,2025-02-13 12:34:29,19,F,2,high,married,7,private,4236.0,56,391,1,3,0
4182,2024-07-05 01:11:38,25,F,5,college,single,2,private,3485.0,31,454,4,1,0
4183,2024-05-28 02:18:57,33,F,2,college,single,7,state,1859.0,21,107,4,2,1
4184,2024-01-23 15:04:35,26,F,2,graduate,married,5,unemployed,3622.0,10,431,2,2,1
4185,2025-10-11 01:35:57,23,F,3,college,married,0,self_employed,2750.0,85,497,5,1,1
4186,2024-11-01 07:40:27,55,F,4,college,married,10,self_employed,5505.0,118,392,3,2,1
4187,2024-08-30 03:13:59,51,F,4,college,single,8,self_employed,5115.0,78,115,1,1,0
4188,2025-06-17 02:19:24,34,M,1,graduate,married,6,private,1638.0,73,430,4,1,1
4189,2024-01-21 10:55:07,26,M,4,college,single,7,unemployed,4820.0,4,175,3,1,0
4190,2025-02-08 02:55:42,24,M,4,high,single,6,state,4172.0,3,91,2,3,0
4191,2024-12-19 01:23:45,52,M,4,college,married,3,private,2166.0,60,340,3,3,1
4192,2025-01-31 00:13:44,30,M,5,graduate,single,10,unemployed,4951.0,63,105,5,1,1
4193,2024-03-23 11:23:40,18,M,4,high,married,6,state,2326.0,52,306,2,2,0
4194,2025-11-18 08:29:08,33,F,2,middle,married,3,private,5436.0,113,58,4,3,1
4195,2024-06-15 01:55:55,35,M,2,college,married,7,self_employed,2904.0,40,383,5,2,0
4196,2025-05-02 06:27:07,41,M,5,college,single,1,private,2140.0,119,106,3,2,1
4197,2025-06-21 09:22:56,30,M,3,high,single,3,private,7648.0,32,352,5,3,1
4198,2024-08-31 02:35:45,53,M,3,college,married,1,private,2119.0,40,421,3,1,1
4199,2024-03-28 10:46:18,42,F,5,college,married,0,state,2746.0,36,93,2,3,1
4200,2024-07-27 13:39:36,55,M,4,high,married,9,private,2941.0,94,67,3,2,1
4201,2025-08-04 01:39:46,31,M,4,college,single,4,private,3104.0,40,445,1,2,0
4202,2025-10-15 17:47:43,42,M,4,high,single,9,private,4650.0,56,259,2,3,1
4203,2025-11-06 22:36:56,31,F,1,college,divorced,7,private,3716.0,14,278,2,1,1
4204,2024-06-06 04:58:19,44,F,4,middle,married,2,state,5175.0,48,161,1,2,0
4205,2025-03-10 18:26:32,46,M,5,college,married,2,private,4147.0,24,264,1,1,1
4206,2024-04-12 06:08:53,30,M,1,high,single,5,private,2027.0,91,425,5,3,0
4207,2025-05-25 13:29:34,53,F,2,graduate,single,1,private,4414.0,98,430,5,2,0
4208,2024-10-22 14:00:04,50,F,4,college,married,6,private,3951.0,33,412,5,3,1
4209,2025-05-27 22:02:14,51,M,3,high,married,5,private,2926.0,119,180,1,2,0
4210,2025-05-07 03:25:06,26,M,1,graduate,single,1,self_employed,7524.0,52,395,5,1,1
4211,2025-12-17 17:59:43,45,M,2,high,single,5,private,4505.0,101,252,2,2,1
4212,2024-12-14 17:01:52,22,M,2,college,married,9,private,5062.0,30,220,3,1,1
4213,2024-08-29 07:45:01,22,F,2,graduate,single,9,private,5125.0,104,197,1,3,1
4214,2025-01-11 12:45:20,54,F,4,graduate,single,4,state,3143.0,18,467,5,1,1
4215,2024-04-20 21:14:48,23,F,3,college,married,0,private,4545.0,44,128,5,3,0
4216,2024-03-14 14:02:26,50,F,4,graduate,single,9,self_employed,4067.0,46,454,4,1,0
4217,2025-01-05 23:48:35,34,M,1,high,married,6,self_employed,2996.0,23,461,1,2,1
4218,2025-08-17 13:07:04,29,F,3,high,single,8,private,2374.0,116,343,3,2,1
4219,2025-01-16 06:32:11,20,M,2,middle,married,0,private,3672.0,36,61,2,1,1
4220,2025-07-16 19:18:12,43,M,4,high,married,3,unemployed,4471.0,51,326,5,1,0
4221,2024-05-01 21:01:36,45,F,5,college,married,3,private,3662.0,3,102,4,3,0
4222,2024-11-16 01:19:35,35,M,3,high,married,7,state,3416.0,82,201,5,2,0
4223,2025-03-15 13:40:37,48,F,5,college,married,7,state,3676.0,22,83,5,3,0
4224,2024-09-02 19:16:44,30,F,1,middle,single,8,private,3293.0,35,381,3,2,1
4225,2024-01-03 07:27:55,38,F,2,high,single,4,self_employed,6262.0,111,268,2,1,0
4226,2024-02-15 14:48:14,28,F,4,college,single,3,private,4002.0,104,473,4,2,0
4227,2025-10-31 04:45:01,40,M,2,middle,married,2,private,3071.0,14,358,4,1,0
4228,2025-03-09 17:59:58,23,M,5,college,single,2,state,1934.0,75,192,4,3,0
4229,2024-07-04 03:20:28,36,F,2,college,single,1,unemployed,3398.0,90,399,5,3,0
4230,2024-06-29 22:30:28,38,F,4,college,married,9,private,2975.0,115,178,4,3,1
4231,2024-01-21 21:05:41,39,F,2,college,married,7,state,2937.0,29,171,4,1,1
4232,2025-11-12 16:29:56,34,M,2,graduate,single,7,private,5064.0,40,168,3,1,0
4233,2024-03-12 00:31:48,42,M,3,middle,single,9,state,3744.0,29,370,3,2,0
4234,2025-06-30 09:41:03,37,M,5,college,married,8,private,2021.0,65,493,1,2,0
4235,2024-06-16 09:09:41,28,F,3,high,married,3,private,4521.0,73,435,1,1,0
4236,2024-08-25 00:10:23,26,F,3,high,married,3,unemployed,2093.0,23,293,5,1,1
4237,2024-07-10 22:50:09,42,F,1,college,single,1,self_employed,4641.0,3,54,1,2,0
4238,2025-08-16 21:36:40,53,M,1,college,married,7,private,3083.0,17,486,1,2,0
4239,2024-01-16 22:49:52,46,M,1,college,single,9,unemployed,3753.0,26,222,4,1,1
4240,2024-09-06 04:06:16,42,M,4,college,single,7,private,3609.0,71,328,1,2,1
4241,2024-07-14 22:17:46,53,M,2,college,single,5,self_employed,3457.0,25,240,3,3,0
4242,2024-07-10 06:10:51,52,M,2,college,single,3,self_employed,3918.0,97,182,2,3,0
4243,2024-05-12 20:20:21,37,F,3,middle,married,4,self_employed,3747.0,78,186,3,3,0
4244,2025-10-20 02:03:57,22,M,3,middle,married,2,private,7005.0,24,314,2,1,0
4245,2024-09-25 09:26:19,42,M,3,college,married,1,self_employed,3938.0,119,243,1,1,1
4246,2024-10-24 06:57:37,41,F,1,college,married,4,state,3970.0,85,120,2,1,0
4247,2024-09-30 04:08:19,28,F,3,middle,single,2,private,2840.0,105,220,4,1,0
4248,2025-12-08 13:24:27,50,M,4,high,married,8,unemployed,4160.0,81,252,1,1,0
4249,2024-08-27 11:24:56,51,M,2,high,married,9,private,2545.0,80,332,2,1,0
4250,2024-08-29 10:21:18,30,F,4,college,married,2,private,5445.0,58,249,5,2,0
4251,2024-08-19 09:13:35,36,F,1,high,single,0,state,2166.0,79,137,4,1,1
4252,2024-08-18 16:27:35,25,F,5,high,married,9,private,2710.0,93,310,3,3,0
4253,2024-02-27 12:05:31,24,M,5,middle,married,3,self_employed,2059.0,119,427,3,3,0
4254,2025-03-09 02:54:39,28,M,1,high,single,2,private,4217.0,72,224,5,2,0
4255,2024-01-11 09:35:26,31,F,3,college,married,9,private,3139.0,91,335,1,2,0
4256,2024-06-05 22:40:45,28,M,3,graduate,single,9,self_employed,4629.0,114,255,5,2,1
4257,2024-05-19 13:02:33,23,M,4,high,single,6,self_employed,2588.0,74,184,3,1,0
4258,2024-07-23 18:53:10,34,F,3,college,married,1,self_employed,4385.0,92,445,3,1,0
4259,2025-06-28 08:29:52,41,M,3,college,married,7,private,4460.0,23,484,2,2,1
4260,2025-03-05 15:11:13,30,F,2,college,married,8,private,3921.0,107,131,2,2,1
4261,2025-12-16 06:59:13,38,F,1,high,married,4,self_employed,3681.0,118,330,3,1,1
4262,2024-09-05 09:00:42,28,M,4,middle,divorced,6,unemployed,3820.0,44,466,2,1,0
4263,2025-10-31 19:46:42,44,F,3,graduate,single,5,state,2647.0,107,292,2,2,1
4264,2024-01-25 18:52:50,42,M,4,graduate,single,7,state,2499.0,98,292,5,1,0
4265,2024-12-26 01:55:23,54,F,4,high,married,5,private,4404.0,28,482,5,3,1
4266,2025-07-29 03:49:31,20,F,3,college,single,10,private,3200.0,120,333,4,3,1
4267,2025-01-15 05:33:14,50,F,3,middle,married,0,private,4267.0,71,432,2,3,1
4268,2025-11-04 07:35:42,30,M,5,middle,divorced,0,private,6266.0,20,97,5,1,1
4269,2024-08-09 15:28:08,20,F,4,middle,single,1,private,3103.0,13,315,5,3,1
4270,2024-01-17 07:59:23,44,F,4,college,single,1,state,2951.0,62,115,5,1,0
4271,2025-07-10 23:25:08,24,F,5,high,single,5,state,3250.0,63,141,4,3,0
4272,2024-02-11 15:25:51,24,F,3,high,married,0,private,3691.0,104,380,2,1,1
4273,2025-07-04 06:32:13,55,M,4,middle,married,2,self_employed,4514.0,62,442,2,3,1
4274,2025-06-11 09:28:14,26,F,4,middle,divorced,5,private,3605.0,48,456,5,1,1
4275,2025-08-31 07:39:06,38,M,2,high,married,9,self_employed,7536.0,39,394,1,3,0
4276,2024-12-07 14:47:05,25,M,3,college,divorced,8,self_employed,4219.0,61,284,4,2,0
4277,2025-10-07 17:14:24,22,F,3,college,single,2,self_employed,4785.0,32,245,3,1,0
4278,2024-04-25 23:27:03,18,F,3,high,single,0,self_employed,3594.0,90,125,3,1,0
4279,2024-11-05 01:47:55,18,F,2,high,single,8,self_employed,5188.0,17,404,1,2,0
4280,2024-03-21 22:32:19,36,M,4,college,married,8,private,3389.0,99,409,5,3,0
4281,2025-07-05 19:39:35,34,M,4,high,single,10,state,2906.0,26,107,2,3,0
4282,2025-05-28 10:03:02,19,M,3,high,single,4,self_employed,4998.0,24,463,3,2,0
4283,2025-08-03 16:06:20,31,M,2,college,single,0,private,3569.0,117,198,3,3,0
4284,2025-07-03 23:17:33,28,F,3,college,single,10,self_employed,3967.0,47,352,2,2,1
4285,2024-08-05 04:12:45,39,F,1,high,married,3,private,5134.0,82,107,1,1,0
4286,2024-02-11 16:31:27,55,M,2,high,married,4,state,3822.0,48,132,1,1,0
4287,2025-11-01 08:19:26,44,M,3,middle,single,4,private,3456.0,118,323,4,3,0
4288,2024-12-17 18:10:31,52,M,4,middle,married,10,self_employed,3019.0,19,236,4,3,0
4289,2024-03-01 20:51:47,25,F,3,college,single,3,private,5280.0,56,62,2,3,1
4290,2025-10-30 18:10:09,26,F,3,college,single,6,private,3231.0,11,473,4,2,1
4291,2025-12-18 19:35:45,46,M,4,middle,single,5,private,3576.0,69,450,4,2,1
4292,2024-11-13 05:07:16,29,M,3,high,married,10,self_employed,4026.0,90,136,2,3,0
4293,2025-07-08 03:59:21,50,M,4,high,married,10,unemployed,4020.0,57,343,2,3,0
4294,2024-01-19 11:56:29,35,M,2,high,married,6,private,5192.0,103,127,2,2,1
4295,2024-03-01 02:06:22,25,F,2,college,married,1,private,3553.0,93,373,3,3,0
4296,2024-07-12 21:26:19,50,F,1,high,single,3,self_employed,5894.0,115,366,1,3,0
4297,2025-04-16 01:08:36,38,M,3,college,married,7,state,3337.0,120,386,5,2,0
4298,2024-03-30 09:34:02,48,F,5,college,married,8,private,4145.0,115,294,3,2,1
4299,2024-01-17 22:49:23,35,M,3,graduate,single,8,self_employed,3414.0,52,60,4,3,0
4300,2025-04-25 04:51:57,22,M,3,college,single,5,self_employed,7575.0,120,142,4,3,1
4301,2025-07-08 05:40:31,43,F,2,graduate,single,7,private,3220.0,80,496,2,2,0
4302,2025-06-15 15:00:24,22,M,5,graduate,single,3,private,3324.0,10,328,5,2,0
4303,2025-07-29 10:23:08,43,M,3,high,single,6,private,3790.0,10,204,2,1,0
4304,2025-08-01 01:57:05,33,F,2,high,single,5,unemployed,3316.0,48,472,1,3,0
4305,2025-03-07 18:13:39,48,F,5,high,married,7,self_employed,4065.0,67,244,3,1,0
4306,2025-01-06 04:07:23,51,M,3,college,married,9,state,5598.0,10,435,1,3,0
4307,2025-09-09 12:11:38,33,F,3,college,married,9,unemployed,3834.0,70,413,5,2,0
4308,2024-09-03 01:25:40,51,M,1,middle,married,8,private,3884.0,82,52,1,1,0
4309,2024-03-04 10:54:54,22,F,2,college,divorced,8,self_employed,3360.0,84,469,2,1,0
4310,2025-06-24 22:23:24,22,M,4,college,single,1,self_employed,3051.0,117,445,5,3,1
4311,2024-07-12 10:11:08,55,F,3,college,married,2,self_employed,3766.0,44,497,2,1,0
4312,2025-12-07 13:31:09,39,M,5,high,married,9,self_employed,3651.0,5,332,3,1,1
4313,2024-10-21 08:23:24,35,F,1,high,married,5,private,5490.0,115,364,5,2,1
4314,2025-09-05 19:24:45,23,F,3,college,married,4,private,2603.0,64,170,2,3,1
4315,2024-01-23 23:51:47,28,M,4,high,single,7,private,6058.0,76,118,2,3,1
4316,2025-04-18 05:43:21,44,F,3,college,married,0,self_employed,3459.0,64,92,1,2,0
4317,2024-11-15 04:44:45,49,M,3,high,single,1,private,3835.0,59,129,5,2,1
4318,2024-11-25 16:47:24,52,F,3,high,single,1,state,2508.0,20,488,1,2,1
4319,2024-07-04 14:32:23,33,M,4,high,married,6,private,4432.0,68,174,5,2,1
4320,2025-12-01 23:18:43,35,M,4,college,married,0,private,2601.0,101,63,4,1,1
4321,2024-10-05 16:43:02,24,F,2,high,single,0,private,4149.0,14,359,2,1,0
4322,2025-09-04 20:24:21,21,M,3,graduate,single,7,state,4010.0,48,133,3,3,1
4323,2024-10-29 07:47:53,34,M,3,middle,married,8,private,3249.0,113,280,3,3,1
4324,2024-01-28 05:47:35,40,M,2,graduate,single,2,private,1767.0,51,352,4,3,1
4325,2025-09-25 23:17:36,21,M,2,middle,married,7,private,7756.0,20,308,2,3,1
4326,2024-05-07 03:07:13,33,M,5,high,married,1,unemployed,2518.0,116,391,2,2,1
4327,2024-07-08 08:22:25,42,F,2,graduate,married,4,state,4006.0,17,58,1,1,1
4328,2025-09-12 14:35:34,48,F,2,college,single,4,state,2820.0,30,170,3,1,0
4329,2025-10-06 10:22:46,53,M,3,college,divorced,3,unemployed,5254.0,56,233,3,3,1
4330,2025-10-23 05:32:13,30,M,1,college,married,9,state,3188.0,47,382,4,3,0
4331,2024-10-29 23:00:40,32,F,1,high,single,0,state,2798.0,50,294,5,3,1
4332,2025-06-28 14:09:40,51,F,1,college,married,6,state,4484.0,93,395,2,1,0
4333,2024-08-19 07:11:28,44,F,2,high,married,3,private,2333.0,67,384,2,2,0
4334,2025-06-16 11:38:50,28,M,3,college,single,5,private,3151.0,58,412,2,3,0
4335,2024-12-24 20:00:39,44,M,4,graduate,married,2,self_employed,4636.0,85,324,1,3,1
4336,2024-01-30 22:19:27,23,F,2,college,married,8,private,6170.0,73,390,1,1,0
4337,2024-10-23 22:51:44,35,M,3,college,married,0,private,2600.0,76,356,4,3,1
4338,2024-11-29 10:33:57,29,M,3,college,married,0,self_employed,2939.0,58,64,4,2,0
4339,2024-06-28 21:09:46,55,M,2,college,single,3,private,4119.0,67,176,5,3,1
4340,2024-09-22 08:42:26,19,F,3,high,married,9,state,1810.0,34,452,3,1,0
4341,2024-12-24 22:56:30,50,M,3,college,divorced,0,self_employed,5856.0,50,91,5,2,0
4342,2024-01-29 06:46:40,28,F,2,college,single,1,private,2566.0,20,303,3,3,0
4343,2024-04-12 19:33:58,19,F,3,high,single,5,private,3124.0,10,395,5,3,0
4344,2025-07-05 18:02:28,43,M,1,college,married,0,private,3989.0,103,244,3,2,1
4345,2024-09-05 21:48:45,43,F,4,middle,married,5,self_employed,3707.0,97,130,1,1,0
4346,2025-03-12 02:54:13,23,F,5,college,single,3,self_employed,2599.0,34,61,1,3,1
4347,2025-02-09 00:38:40,19,M,4,college,single,7,self_employed,6651.0,56,347,3,1,1
4348,2025-01-29 09:20:40,22,F,1,high,married,0,private,1500.0,120,316,5,1,0
4349,2024-10-20 18:54:44,33,M,4,middle,single,1,private,2458.0,64,361,1,3,1
4350,2024-12-10 19:40:45,23,M,3,college,married,1,state,2914.0,2,123,4,2,1
4351,2025-08-16 10:56:40,44,F,1,high,married,8,self_employed,2611.0,70,261,5,1,0
4352,2025-11-27 11:40:19,20,F,5,graduate,divorced,8,private,5579.0,106,297,1,1,0
4353,2024-06-28 09:45:54,47,M,4,middle,single,1,private,2038.0,28,427,3,1,0
4354,2025-04-25 17:11:15,51,F,2,high,married,4,private,6280.0,114,135,5,3,0
4355,2025-11-30 22:23:53,45,F,5,middle,married,7,private,3303.0,92,363,2,3,0
4356,2023-12-29 12:52:36,53,F,2,college,married,0,self_employed,2261.0,8,360,2,1,0
4357,2025-07-18 20:19:47,53,M,3,college,single,1,unemployed,1745.0,119,317,3,3,0
4358,2024-12-20 16:18:09,19,M,2,college,married,7,private,3377.0,76,90,3,2,0
4359,2025-11-29 08:13:47,30,M,2,graduate,married,6,state,2848.0,26,103,2,3,0
4360,2025-02-18 03:14:49,46,F,5,college,married,7,private,3955.0,94,320,3,3,1
4361,2025-08-26 20:09:08,30,M,3,high,single,5,private,3110.0,99,330,2,1,0
4362,2024-04-23 04:34:29,46,F,2,middle,married,9,private,5087.0,74,340,4,1,0
4363,2024-04-05 17:39:38,47,M,4,college,single,1,private,3464.0,116,398,4,2,0
4364,2025-10-30 09:40:51,55,F,4,high,single,1,private,3139.0,106,228,1,3,0
4365,2025-01-11 07:34:50,30,F,5,college,married,6,self_employed,5119.0,38,183,5,3,0
4366,2025-02-03 14:09:38,31,F,5,college,divorced,9,state,3944.0,16,463,2,3,1
4367,2024-04-26 02:01:25,18,F,5,college,married,0,state,4775.0,97,362,3,2,0
4368,2024-06-06 12:18:49,28,F,3,college,single,7,state,5443.0,114,287,5,2,1
4369,2025-08-12 07:20:35,28,M,2,graduate,single,10,private,3285.0,36,301,4,2,0
4370,2024-08-01 10:19:36,35,F,5,college,single,6,private,3690.0,67,388,5,2,0
4371,2025-02-22 10:31:15,34,F,2,college,single,9,private,4892.0,62,189,4,3,0
4372,2024-08-11 01:40:16,50,F,2,high,married,2,private,1544.0,42,250,5,1,1
4373,2024-07-03 07:37:55,47,M,3,high,single,8,private,3514.0,65,69,3,2,1
4374,2024-04-23 04:40:42,45,F,2,high,single,5,unemployed,3365.0,64,407,1,2,1
4375,2025-11-01 14:34:26,18,M,3,graduate,married,3,unemployed,4150.0,119,275,1,1,0
4376,2025-11-09 05:53:39,35,M,5,college,single,2,self_employed,2751.0,41,454,3,3,1
4377,2024-03-17 02:03:34,45,M,3,college,single,9,state,5342.0,18,183,1,2,1
4378,2024-09-06 20:57:03,27,M,3,middle,married,7,self_employed,2812.0,55,236,3,1,0
4379,2025-02-07 14:52:09,34,M,3,college,single,8,state,3101.0,17,74,3,3,1
4380,2024-09-28 19:10:26,45,M,4,high,married,7,state,2886.0,19,486,1,3,0
4381,2025-06-02 08:37:49,48,F,1,college,married,2,private,5600.0,77,204,5,1,1
4382,2024-06-30 23:13:48,50,M,1,middle,married,2,unemployed,1755.0,102,119,1,2,1
4383,2024-02-04 23:01:34,34,M,3,college,single,7,self_employed,6805.0,14,326,2,1,0
4384,2024-08-25 23:05:56,33,F,3,college,single,2,private,6098.0,47,431,5,1,0
4385,2025-03-04 10:26:15,32,F,3,high,married,7,state,2988.0,22,100,1,2,1
4386,2024-05-03 20:47:47,43,M,2,high,single,9,self_employed,5216.0,57,287,1,2,0
4387,2025-08-10 14:35:21,33,M,1,high,single,8,unemployed,3811.0,71,263,5,3,1
4388,2024-01-01 22:35:57,33,F,4,high,single,5,private,6493.0,110,112,2,2,0
4389,2024-02-11 07:04:42,24,F,3,middle,single,9,private,5078.0,108,174,5,2,0
4390,2024-12-29 10:48:42,36,F,3,high,single,6,private,7845.0,109,332,1,3,0
4391,2024-12-31 22:29:48,27,M,4,high,divorced,5,private,2107.0,51,496,1,2,1
4392,2024-07-26 06:22:35,37,F,4,high,married,10,private,3893.0,95,109,3,3,1
4393,2024-06-29 17:55:18,51,F,2,college,married,3,private,1991.0,35,334,5,2,1
4394,2024-02-12 23:06:29,47,F,3,high,single,2,private,3036.0,4,450,4,2,1
4395,2025-04-20 22:26:11,36,F,2,middle,single,1,private,8001.0,112,390,4,1,1
4396,2024-09-25 16:32:30,55,F,2,college,married,6,self_employed,4289.0,109,418,2,3,0
4397,2024-03-19 15:13:38,55,F,4,high,married,5,state,5139.0,22,463,1,1,0
4398,2024-10-10 21:10:39,34,F,2,college,divorced,8,private,4358.0,23,345,4,1,0
4399,2025-11-07 01:08:27,47,F,2,graduate,single,1,private,4263.0,109,66,1,2,0
4400,2024-07-01 16:52:15,31,M,4,college,single,3,self_employed,3033.0,53,155,1,2,0
4401,2025-10-07 03:38:41,51,M,4,college,married,1,private,2841.0,95,236,3,2,1
4402,2024-06-29 21:10:57,32,F,5,college,single,3,state,3004.0,109,484,2,3,0
4403,2024-05-07 18:16:18,27,F,4,college,single,10,private,1500.0,66,144,5,3,0
4404,2024-07-01 06:27:18,23,M,2,college,single,9,private,3538.0,12,434,2,2,1
4405,2024-08-15 23:37:05,50,M,3,high,single,5,unemployed,3960.0,73,336,4,1,1
4406,2024-03-21 01:04:18,29,F,3,college,married,1,private,2932.0,16,372,3,1,0
4407,2025-02-24 23:21:53,48,F,4,college,married,10,private,3478.0,83,97,2,3,1
4408,2024-08-23 10:00:58,21,M,2,college,married,1,private,4375.0,70,214,5,3,1
4409,2025-05-31 04:27:07,37,M,1,middle,single,1,state,4963.0,53,259,4,2,0
4410,2024-12-16 10:08:19,34,M,1,high,married,4,self_employed,2394.0,57,268,4,1,1
4411,2024-11-11 03:20:00,34,F,4,college,married,10,self_employed,2757.0,116,445,3,2,0
4412,2024-12-01 19:49:37,24,F,1,high,married,8,self_employed,4739.0,47,202,2,2,0
4413,2024-04-16 02:13:26,20,F,3,college,married,3,private,4475.0,102,441,4,1,1
4414,2025-05-27 09:39:55,31,M,4,high,divorced,5,private,5829.0,98,433,5,3,1
4415,2024-03-09 00:44:03,35,F,4,high,single,0,unemployed,5745.0,120,339,2,3,1
4416,2025-06-02 17:11:08,48,M,3,high,married,2,private,8478.0,108,189,4,1,0
4417,2025-12-22 19:53:19,35,F,2,college,married,7,self_employed,3286.0,75,94,5,3,0
4418,2025-07-03 17:14:51,27,M,5,college,married,4,state,6326.0,119,157,3,3,0
4419,2024-11-20 09:46:08,27,M,3,college,married,10,private,2639.0,85,323,1,2,0
4420,2024-08-09 13:36:49,41,F,3,graduate,single,4,unemployed,8416.0,15,146,5,3,0
4421,2025-09-20 22:45:22,34,M,5,graduate,married,9,private,4269.0,12,456,1,1,1
4422,2024-06-28 17:59:22,52,F,2,high,single,7,state,4402.0,82,230,4,1,0
4423,2024-12-10 03:13:39,34,F,3,middle,married,5,private,5149.0,64,177,3,3,1
4424,2025-07-08 17:41:55,39,M,1,college,single,9,state,2266.0,105,330,4,1,1
4425,2025-10-27 07:42:20,20,M,2,college,single,9,state,2499.0,65,120,4,3,1
4426,2025-10-26 07:09:00,25,F,3,high,married,3,private,3791.0,29,425,2,3,1
4427,2024-02-26 01:32:39,50,F,4,graduate,married,3,unemployed,4109.0,103,297,1,2,1
4428,2025-10-09 17:34:21,31,M,2,high,married,7,private,7547.0,58,467,1,2,0
4429,2024-03-16 05:36:58,33,M,4,graduate,single,0,private,2612.0,115,435,2,3,1
4430,2025-02-22 16:01:21,40,F,4,college,single,7,private,6242.0,1,86,5,1,1
4431,2025-11-01 15:09:21,20,M,4,middle,single,4,self_employed,3318.0,3,455,1,2,0
4432,2025-04-15 00:12:17,37,F,1,college,single,8,private,3302.0,17,71,4,1,0
4433,2025-11-14 16:04:41,31,F,4,college,married,1,state,3438.0,115,407,2,2,0
4434,2024-08-31 08:43:59,23,M,2,college,married,6,self_employed,3272.0,16,213,5,1,0
4435,2024-08-09 17:50:58,33,F,4,college,single,5,self_employed,4317.0,86,205,3,1,1
4436,2024-08-18 03:17:48,34,M,3,high,married,0,unemployed,3171.0,85,415,4,2,1
4437,2024-09-08 06:29:19,25,M,4,high,single,5,self_employed,2222.0,106,173,5,3,0
4438,2025-05-05 10:45:39,38,F,2,middle,single,7,private,3315.0,75,459,5,3,0
4439,2024-11-18 06:55:41,46,F,3,high,single,4,self_employed,4272.0,3,68,5,2,0
4440,2025-06-14 07:45:57,28,F,2,high,single,6,private,2229.0,5,125,2,2,1
4441,2024-10-22 19:09:09,54,M,2,college,married,3,private,4463.0,2,211,5,1,0
4442,2024-08-04 15:20:50,41,F,3,middle,married,6,private,5504.0,72,178,2,1,1
4443,2024-05-10 17:35:31,47,M,2,college,married,2,private,6112.0,52,442,3,1,1
4444,2025-01-29 06:31:38,20,M,4,high,married,3,state,4098.0,9,456,2,3,0
4445,2025-10-09 19:32:12,47,M,4,high,married,0,private,1936.0,3,239,5,3,0
4446,2025-09-11 01:05:28,30,M,3,graduate,married,1,state,4567.0,25,309,1,2,1
4447,2024-06-25 21:56:56,44,M,4,graduate,divorced,1,unemployed,5108.0,58,202,5,1,0
4448,2024-12-06 16:09:04,48,F,4,college,married,2,private,2853.0,109,233,3,1,0
4449,2025-05-21 20:22:21,27,M,5,middle,married,7,private,3549.0,100,201,5,2,0
4450,2025-03-15 01:40:15,27,F,1,college,single,2,private,4312.0,54,159,3,3,0
4451,2024-02-11 00:34:02,20,F,3,high,single,3,private,6806.0,35,363,1,2,0
4452,2025-02-27 11:20:28,40,M,4,college,married,1,unemployed,3329.0,94,100,1,2,0
4453,2024-01-21 06:55:23,47,M,2,college,married,4,private,4974.0,113,181,5,3,0
4454,2024-03-18 01:03:47,33,M,2,high,married,2,private,4067.0,38,98,4,2,0
4455,2025-04-14 05:21:28,24,M,2,graduate,married,3,private,3904.0,60,253,1,1,1
4456,2024-03-07 20:37:46,30,F,3,college,married,0,private,5800.0,14,354,2,3,0
4457,2024-08-27 11:33:28,33,F,2,high,married,5,state,2722.0,16,283,3,3,0
4458,2025-02-25 13:13:47,52,F,3,middle,married,2,unemployed,3947.0,107,374,3,1,1
4459,2025-04-15 11:38:54,22,M,3,college,single,7,self_employed,3676.0,28,309,1,3,0
4460,2024-11-13 09:12:12,31,M,3,high,married,10,private,2149.0,20,214,3,2,1
4461,2024-03-01 15:15:05,42,M,2,middle,single,5,self_employed,5605.0,39,461,1,1,1
4462,2025-07-29 08:18:41,26,F,4,middle,single,5,self_employed,4867.0,42,323,2,3,0
4463,2025-11-16 09:23:46,51,M,3,graduate,married,9,private,3684.0,25,67,4,1,0
4464,2025-10-02 18:22:21,52,M,2,high,single,3,self_employed,3323.0,85,120,4,1,1
4465,2025-06-22 09:58:24,32,F,2,graduate,married,1,state,3641.0,69,352,1,2,0
4466,2024-10-12 14:52:50,46,F,2,college,married,7,self_employed,4664.0,72,59,3,3,0
4467,2025-09-23 16:12:06,46,M,5,high,married,7,private,3709.0,119,127,2,3,0
4468,2024-12-14 08:49:33,43,F,2,high,single,5,self_employed,2882.0,112,95,3,1,1
4469,2024-04-01 14:57:50,25,M,1,college,married,4,self_employed,3038.0,34,415,5,1,0
4470,2025-09-04 21:35:31,19,M,2,high,married,0,self_employed,3626.0,119,97,3,3,1
4471,2024-08-13 17:13:12,31,M,1,middle,married,6,private,2627.0,82,140,3,2,0
4472,2025-11-08 06:03:12,22,M,3,high,married,6,private,4091.0,18,494,1,2,0
4473,2024-09-17 21:23:23,29,F,4,college,married,5,self_employed,2759.0,39,104,3,1,0
4474,2025-09-18 15:47:50,42,M,3,college,married,3,state,2607.0,28,156,4,2,0
4475,2025-01-19 03:15:53,40,F,4,college,married,1,unemployed,11132.0,96,416,4,1,0
4476,2024-11-29 04:45:14,25,M,1,high,married,6,private,7179.0,77,110,5,2,1
4477,2024-07-27 17:08:09,18,F,3,high,single,6,private,3829.0,94,153,4,1,1
4478,2025-08-25 01:30:51,26,F,4,college,married,1,self_employed,4904.0,18,408,1,1,0
4479,2024-02-06 06:15:02,35,M,4,middle,single,1,self_employed,5205.0,62,50,1,1,0
4480,2024-11-30 06:39:23,47,F,4,graduate,single,5,state,3546.0,66,215,2,1,1
4481,2024-09-18 06:44:57,31,F,2,college,single,0,self_employed,4020.0,82,165,5,3,0
4482,2025-01-23 16:13:07,28,F,3,high,single,2,private,3322.0,45,143,5,3,1
4483,2024-06-26 19:42:14,38,M,4,college,single,7,private,5650.0,8,226,4,2,0
4484,2025-04-22 03:39:11,20,F,2,college,married,3,private,5678.0,107,149,4,3,1
4485,2024-09-30 17:20:27,26,M,4,college,married,5,private,6290.0,52,399,4,3,0
4486,2024-05-09 08:03:16,19,F,2,middle,divorced,7,self_employed,3996.0,111,112,2,1,0
4487,2024-05-15 18:43:52,37,F,1,graduate,single,1,private,7775.0,50,230,4,1,0
4488,2025-05-15 10:46:21,34,M,4,high,married,2,self_employed,3545.0,32,86,4,3,0
4489,2024-07-02 04:25:28,40,F,4,college,single,3,private,7453.0,56,97,1,2,0
4490,2025-03-25 16:12:18,41,F,4,high,married,4,self_employed,3096.0,12,356,5,1,0
4491,2024-08-20 17:48:50,33,F,4,high,single,6,state,2312.0,68,253,4,2,0
4492,2024-10-02 08:27:18,51,M,2,graduate,married,0,private,7404.0,119,248,2,2,0
4493,2024-06-19 11:15:50,52,M,3,high,married,5,state,4588.0,31,172,2,2,0
4494,2024-09-01 03:07:01,22,M,5,middle,single,7,unemployed,4366.0,18,116,4,2,1
4495,2025-05-12 17:29:50,52,M,2,college,single,9,unemployed,3209.0,17,445,2,1,1
4496,2025-01-16 18:01:36,25,F,3,high,single,5,private,2709.0,21,407,5,3,0
4497,2025-12-21 04:47:28,27,M,5,college,single,6,state,2800.0,48,258,3,1,0
4498,2025-07-09 10:59:48,38,F,1,graduate,married,8,private,3822.0,31,58,1,2,0
4499,2024-01-05 06:53:43,19,F,5,middle,married,7,private,3454.0,86,455,4,2,1
4500,2024-09-25 13:45:59,31,F,3,college,married,5,private,1846.0,41,244,5,1,1
4501,2024-07-22 14:11:04,25,M,4,graduate,divorced,6,unemployed,6587.0,44,135,2,1,1
4502,2025-02-24 21:20:29,36,F,3,graduate,single,10,state,3144.0,18,107,5,1,1
4503,2024-07-04 22:18:59,48,F,4,college,married,8,private,5616.0,69,499,4,1,1
4504,2025-11-28 07:52:11,53,F,4,college,married,2,unemployed,2844.0,39,62,4,2,0
4505,2024-07-29 13:04:02,26,M,1,college,single,4,self_employed,3844.0,85,217,2,1,0
4506,2025-01-08 01:05:29,38,F,3,high,married,8,private,5117.0,3,298,3,2,1
4507,2024-03-22 17:24:29,36,M,5,college,married,5,self_employed,4876.0,78,182,2,1,0
4508,2025-10-18 03:39:12,33,F,5,high,married,4,state,3315.0,97,120,4,1,0
4509,2025-10-19 15:36:57,42,M,5,high,married,6,private,4351.0,86,340,5,2,1
4510,2025-07-25 09:08:39,55,M,3,high,married,4,private,4613.0,32,80,4,2,1
4511,2024-09-05 16:31:56,33,F,3,college,married,7,private,3457.0,84,489,5,2,0
4512,2024-02-04 20:45:04,20,M,3,high,married,8,private,2466.0,99,265,1,1,0
4513,2025-05-26 00:07:23,52,F,3,high,single,9,self_employed,2926.0,64,381,4,1,0
4514,2024-11-01 05:48:44,53,F,3,middle,divorced,10,private,3188.0,78,430,2,1,0
4515,2025-12-15 23:22:23,30,M,1,high,married,7,private,3674.0,98,406,3,1,0
4516,2025-05-16 18:32:18,37,M,1,graduate,married,8,unemployed,6357.0,58,269,1,2,1
4517,2025-01-20 04:52:08,50,M,3,high,married,8,unemployed,5002.0,18,84,2,1,0
4518,2025-12-13 07:11:33,37,F,2,high,single,3,self_employed,2736.0,117,85,2,3,1
4519,2025-07-30 08:14:28,36,F,2,graduate,single,10,self_employed,6924.0,40,210,3,1,0
4520,2024-11-22 14:45:09,53,M,2,middle,married,5,unemployed,3542.0,47,187,4,1,0
4521,2024-01-06 18:19:46,49,M,4,high,married,9,self_employed,4607.0,74,450,3,2,0
4522,2024-02-29 17:36:04,37,M,5,college,married,2,private,2621.0,22,251,5,1,1
4523,2024-11-11 21:56:02,24,F,3,college,married,3,private,3108.0,42,499,2,2,1
4524,2025-02-06 06:24:02,34,M,5,high,single,6,private,5236.0,70,176,2,2,0
4525,2024-01-15 00:15:45,43,M,4,college,married,6,private,2677.0,89,486,3,1,0
4526,2024-03-25 09:23:51,28,F,2,college,single,4,private,3712.0,17,202,4,2,0
4527,2025-05-21 03:15:04,38,M,2,college,married,2,private,4293.0,100,500,5,1,0
4528,2025-06-24 14:37:21,43,M,2,high,married,2,private,2545.0,34,275,3,2,0
4529,2024-01-14 18:17:41,21,F,1,college,single,7,state,1954.0,110,58,5,2,0
4530,2024-12-28 14:30:03,39,F,3,college,married,0,private,5002.0,109,475,3,2,1
4531,2024-02-21 02:40:25,46,M,2,college,married,1,private,9919.0,86,142,3,2,1
4532,2025-06-04 02:31:03,26,F,5,graduate,married,10,state,4275.0,108,412,4,1,1
4533,2025-08-23 20:57:57,38,M,3,college,single,10,private,4572.0,20,419,1,3,1
4534,2025-09-18 15:13:09,44,F,2,college,married,0,private,2672.0,56,142,1,3,1
4535,2025-03-04 16:01:25,19,M,5,high,married,1,private,6090.0,17,306,2,1,0
4536,2025-03-27 03:10:09,42,F,5,middle,single,3,self_employed,3191.0,58,404,1,2,0
4537,2025-10-30 09:52:26,27,M,4,college,married,6,self_employed,5471.0,70,476,3,2,0
4538,2025-03-15 01:56:13,33,F,4,middle,single,2,private,4503.0,69,227,2,3,0
4539,2024-11-13 18:43:34,42,F,5,college,married,10,self_employed,4542.0,10,234,4,1,0
4540,2025-06-26 20:04:17,18,M,3,college,single,5,self_employed,4481.0,11,417,5,2,0
4541,2025-02-27 07:30:11,18,M,4,college,married,5,unemployed,4432.0,120,271,3,2,1
4542,2025-08-29 23:48:41,34,F,1,high,married,2,self_employed,4021.0,31,328,5,3,0
4543,2025-01-10 00:45:16,54,M,3,college,married,3,state,5111.0,60,102,4,2,0
4544,2025-09-18 09:49:20,18,F,3,college,single,8,private,2824.0,70,356,4,3,0
4545,2024-01-25 18:01:13,47,F,1,college,single,6,private,3349.0,20,200,5,1,0
4546,2024-01-19 14:15:25,20,M,1,college,married,2,private,6087.0,39,213,3,1,0
4547,2024-03-05 07:09:22,36,M,1,middle,married,4,private,3868.0,73,456,5,3,0
4548,2025-02-02 00:27:14,34,F,2,college,single,2,unemployed,3248.0,26,371,4,1,1
4549,2025-05-24 13:15:29,35,M,1,middle,single,4,private,5230.0,96,301,2,3,1
4550,2024-05-29 21:02:17,21,F,3,college,married,2,state,4881.0,78,305,3,1,1
4551,2024-04-15 16:41:59,46,M,4,high,single,10,unemployed,2310.0,119,436,4,2,0
4552,2025-09-12 01:15:36,28,M,3,high,divorced,3,private,4701.0,68,328,2,3,1
4553,2025-06-23 21:26:56,47,M,4,high,married,5,private,3820.0,97,144,4,2,1
4554,2025-04-10 07:55:38,42,M,1,middle,single,7,private,4671.0,40,296,1,1,1
4555,2024-12-14 12:12:07,38,F,4,college,single,0,private,3655.0,84,332,4,1,0
4556,2024-10-25 18:17:52,29,M,2,college,divorced,2,private,4283.0,113,75,1,2,1
4557,2024-01-07 23:38:51,42,F,2,middle,single,10,private,1918.0,99,110,1,3,0
4558,2024-05-09 07:35:09,55,F,3,middle,married,7,state,2662.0,94,263,5,2,0
4559,2025-10-08 19:18:48,53,M,5,college,single,2,private,4718.0,55,309,5,2,0
4560,2024-08-27 11:41:38,52,M,5,middle,married,4,self_employed,9113.0,72,73,4,2,0
4561,2025-05-21 07:35:09,26,F,4,high,married,9,private,4140.0,72,254,5,2,1
4562,2025-05-20 18:11:06,40,F,4,middle,married,2,private,2857.0,26,125,4,2,1
4563,2024-08-05 21:04:30,33,F,3,college,single,3,private,3818.0,32,350,1,1,1
4564,2024-05-21 04:22:45,54,M,3,graduate,married,2,self_employed,2663.0,78,264,5,2,0
4565,2025-05-11 22:00:01,54,F,2,high,married,7,state,5639.0,77,92,2,1,0
4566,2024-03-01 07:34:23,50,M,2,graduate,single,5,private,3703.0,83,233,4,1,0
4567,2024-12-19 05:17:51,24,F,5,college,married,5,state,5264.0,73,469,5,1,1
4568,2025-10-02 06:15:49,30,M,5,graduate,married,4,private,3451.0,70,71,4,1,0
4569,2025-05-26 06:29:20,45,F,2,college,single,3,self_employed,5430.0,63,232,1,2,1
4570,2025-07-03 20:57:55,46,M,2,college,divorced,5,unemployed,2063.0,77,111,4,1,0
4571,2024-02-22 18:50:50,31,F,2,college,single,8,private,3672.0,44,456,5,2,0
4572,2024-05-17 20:24:25,23,M,3,college,single,8,private,4398.0,20,259,1,3,0
4573,2024-07-11 19:43:10,23,F,2,middle,single,8,private,3315.0,82,332,5,3,0
4574,2024-07-24 09:17:53,44,M,3,college,single,0,self_employed,4129.0,41,486,1,3,1
4575,2024-05-13 16:18:25,35,F,1,college,single,5,private,4105.0,91,72,1,1,0
4576,2025-12-02 14:40:10,36,M,1,middle,single,4,state,5256.0,107,269,3,3,0
4577,2024-04-22 10:00:10,48,M,2,high,married,10,self_employed,4526.0,47,80,4,3,0
4578,2025-05-23 23:23:31,18,F,4,high,married,4,private,4178.0,17,398,1,1,1
4579,2025-02-24 07:53:13,46,M,2,high,single,2,self_employed,4953.0,1,314,1,2,0
4580,2025-03-13 16:20:43,28,M,3,high,married,2,private,2267.0,71,249,4,1,0
4581,2024-05-28 16:43:10,53,F,3,high,married,2,unemployed,2798.0,106,181,1,3,1
4582,2024-08-04 13:39:03,54,F,4,high,married,4,self_employed,2242.0,108,136,5,2,0
4583,2025-03-10 17:51:05,37,F,2,college,divorced,2,private,4412.0,108,462,2,1,1
4584,2024-07-29 08:40:21,30,M,4,middle,single,6,private,4208.0,2,59,5,1,1
4585,2025-05-13 16:52:57,26,M,2,high,single,2,state,5913.0,7,108,4,2,0
4586,2024-01-21 20:27:13,24,F,3,high,single,6,self_employed,4118.0,117,219,2,3,0
4587,2024-02-15 03:48:56,55,M,3,high,single,6,private,2919.0,81,226,4,2,0
4588,2025-06-07 19:00:08,25,F,5,middle,married,7,unemployed,3816.0,107,464,2,3,1
4589,2025-03-18 05:37:14,34,M,5,graduate,single,9,self_employed,1889.0,118,190,3,2,0
4590,2024-01-24 12:25:47,36,F,4,high,married,0,unemployed,3156.0,86,196,5,3,1
4591,2025-10-10 07:10:02,43,F,5,high,married,0,private,1601.0,49,155,5,2,1
4592,2023-12-27 13:06:01,50,M,2,college,married,5,private,4085.0,86,216,5,3,0
4593,2025-11-20 13:16:46,39,M,3,college,married,5,private,3302.0,76,171,1,2,0
4594,2025-06-08 12:45:14,46,M,2,high,married,8,private,3476.0,105,362,2,2,0
4595,2025-12-14 08:12:43,39,M,2,high,married,2,private,2628.0,104,410,1,1,0
4596,2025-11-15 16:16:05,34,F,3,college,married,5,private,2881.0,21,382,5,1,1
4597,2024-08-08 13:57:44,23,M,4,high,single,6,self_employed,4640.0,106,412,4,1,1
4598,2025-06-28 05:56:00,25,M,4,high,single,7,private,2203.0,84,324,5,3,1
4599,2024-05-25 23:11:11,34,M,4,graduate,single,5,private,4346.0,89,360,1,2,0
4600,2024-12-02 07:08:10,19,F,3,graduate,married,6,state,2741.0,42,202,2,2,0
4601,2024-06-16 06:41:39,30,M,5,college,married,1,self_employed,2022.0,59,499,4,3,0
4602,2024-12-12 19:30:45,35,M,4,middle,single,5,self_employed,5593.0,106,476,2,3,1
4603,2025-09-20 19:25:11,35,F,4,college,single,5,state,5798.0,17,75,2,3,1
4604,2024-11-06 09:06:36,48,M,2,graduate,married,0,private,3014.0,64,208,5,1,0
4605,2024-02-29 10:44:32,54,M,3,graduate,single,10,state,3004.0,117,362,3,1,1
4606,2024-08-16 23:45:25,45,F,4,high,single,6,state,3335.0,92,181,4,2,0
4607,2025-07-20 03:52:52,21,M,5,high,single,7,private,2742.0,18,281,4,3,1
4608,2025-01-07 20:25:58,33,F,1,high,single,5,private,2917.0,21,430,4,2,1
4609,2025-02-04 22:28:33,45,F,2,college,married,10,unemployed,4262.0,61,449,4,3,1
4610,2024-11-02 17:45:53,40,F,2,high,single,0,private,7524.0,30,471,5,1,1
4611,2024-07-24 17:29:09,35,M,2,high,single,10,private,3216.0,106,342,3,1,1
4612,2025-03-04 15:54:04,34,M,4,high,divorced,2,private,5209.0,101,481,5,2,0
4613,2025-03-30 03:42:39,33,M,1,high,married,9,self_employed,4120.0,115,342,1,2,1
4614,2025-10-09 15:03:49,40,M,2,college,married,0,state,2028.0,48,290,1,1,1
4615,2025-03-18 23:31:48,24,M,4,high,married,3,unemployed,3610.0,35,140,2,3,0
4616,2025-12-19 08:33:53,37,F,3,high,single,6,self_employed,3455.0,64,442,3,2,1
4617,2025-08-18 09:37:46,25,F,2,college,single,7,self_employed,6079.0,14,166,2,1,1
4618,2024-02-19 11:34:56,43,M,3,college,single,0,private,6166.0,88,132,5,2,0
4619,2024-10-05 06:50:58,50,F,3,college,single,3,private,4154.0,105,394,1,3,0
4620,2024-09-29 19:39:15,37,F,5,college,single,9,self_employed,5569.0,21,450,1,1,0
4621,2023-12-26 04:55:21,32,F,4,middle,married,2,unemployed,3459.0,24,490,4,2,0
4622,2024-05-03 21:58:21,53,F,5,middle,single,10,self_employed,5387.0,37,391,1,3,0
4623,2025-07-02 09:32:06,43,F,2,middle,single,7,unemployed,3771.0,97,483,1,3,1
4624,2024-09-06 01:09:02,34,M,4,college,married,10,state,5346.0,40,230,5,1,0
4625,2024-04-09 22:49:57,19,M,3,graduate,single,9,private,5540.0,88,97,5,1,0
4626,2024-07-20 20:31:38,18,F,4,high,married,2,state,4679.0,111,160,4,3,0
4627,2024-07-11 12:47:51,26,F,3,college,single,10,private,2809.0,53,121,2,1,1
4628,2024-04-29 09:53:25,26,F,2,college,married,5,private,3143.0,17,392,1,1,1
4629,2024-03-06 20:53:00,45,F,1,graduate,married,2,private,4738.0,110,240,2,3,0
4630,2025-07-03 18:36:44,37,M,4,high,married,9,private,4978.0,45,244,1,3,0
4631,2025-08-16 21:38:24,55,M,4,high,married,5,private,3848.0,72,465,2,2,1
4632,2024-12-20 06:58:43,38,F,2,college,single,7,private,3264.0,116,491,5,2,0
4633,2025-03-17 06:55:48,52,M,3,college,single,6,self_employed,3893.0,108,115,2,3,1
4634,2025-10-25 01:10:57,38,F,4,college,single,3,state,3303.0,101,435,2,3,0
4635,2025-08-30 03:27:40,31,F,3,college,single,10,state,3309.0,43,338,2,2,0
4636,2024-01-16 19:01:10,45,F,2,high,married,9,self_employed,7230.0,81,406,1,2,1
4637,2025-11-18 15:46:47,35,M,4,college,single,5,private,3083.0,41,478,5,2,0
4638,2024-02-10 21:27:17,28,F,3,high,single,6,private,4349.0,66,200,5,2,1
4639,2024-01-12 09:32:39,35,M,4,high,married,0,state,3841.0,41,414,2,2,1
4640,2024-10-13 09:21:11,43,F,3,high,single,8,private,2370.0,101,370,5,2,0
4641,2025-06-20 11:20:38,32,M,4,high,married,10,state,2342.0,91,347,2,2,0
4642,2024-02-20 14:27:31,44,F,2,middle,single,10,self_employed,3539.0,114,390,3,2,1
4643,2024-07-24 21:10:11,55,M,5,college,divorced,6,private,1838.0,32,396,5,3,1
4644,2024-07-02 19:01:21,33,M,2,college,single,10,self_employed,6909.0,111,234,4,2,0
4645,2024-10-09 02:07:13,29,M,4,high,married,8,private,3208.0,30,467,5,3,0
4646,2025-12-12 19:14:27,33,M,4,high,married,5,state,3118.0,77,92,3,2,0
4647,2024-08-21 22:22:51,49,M,3,middle,divorced,8,self_employed,5586.0,21,134,4,3,0
4648,2024-05-24 12:58:20,24,F,3,high,divorced,1,self_employed,3466.0,88,381,2,3,1
4649,2024-03-22 06:57:08,54,F,1,high,married,7,state,4573.0,93,257,4,3,1
4650,2024-05-16 15:01:22,33,M,3,college,single,6,state,2980.0,94,182,5,2,1
4651,2024-03-30 04:34:55,49,F,3,graduate,married,5,private,3699.0,34,279,1,1,1
4652,2025-02-14 18:11:04,47,F,1,college,married,7,self_employed,5110.0,98,109,3,3,1
4653,2024-10-25 23:16:16,47,F,1,college,married,9,state,2693.0,20,51,2,3,0
4654,2024-12-21 12:55:48,52,M,5,college,married,6,private,4380.0,88,69,4,1,0
4655,2025-08-22 11:12:35,25,M,2,high,married,4,private,1563.0,57,452,3,1,0
4656,2025-02-19 17:16:44,40,F,2,high,single,4,unemployed,5670.0,22,197,3,1,0
4657,2024-04-15 06:34:18,21,M,2,middle,single,6,private,2997.0,117,457,2,1,1
4658,2024-09-24 00:24:07,29,M,3,high,single,6,self_employed,3533.0,92,279,3,2,1
4659,2024-08-08 04:23:52,19,F,3,college,married,3,private,3518.0,18,187,2,3,0
4660,2025-08-18 12:52:35,43,M,4,high,married,5,private,2588.0,47,67,2,3,0
4661,2024-08-04 03:03:18,41,F,3,high,single,3,state,2520.0,89,98,1,3,0
4662,2024-04-03 03:55:52,46,M,1,high,married,10,state,4370.0,24,304,3,1,0
4663,2025-06-13 06:49:10,24,F,3,high,single,5,private,4442.0,57,327,4,2,1
4664,2024-10-31 17:26:20,30,F,1,graduate,single,9,private,2671.0,13,453,4,1,1
4665,2024-03-02 23:30:55,43,F,4,high,married,4,private,4400.0,3,137,2,1,0
4666,2025-05-10 12:37:39,49,F,1,college,married,4,self_employed,4426.0,29,319,5,3,1
4667,2024-05-25 16:09:45,51,F,2,middle,single,3,private,3190.0,86,88,3,1,1
4668,2025-09-17 19:30:08,20,M,3,middle,married,6,state,2315.0,61,286,5,1,0
4669,2025-08-22 16:42:10,33,F,2,high,married,6,private,3593.0,38,129,5,2,0
4670,2024-09-18 18:53:40,18,F,3,graduate,married,6,private,4137.0,30,154,1,2,0
4671,2025-02-01 14:01:55,49,M,3,high,divorced,9,private,3567.0,97,237,1,1,1
4672,2025-02-10 10:54:10,22,M,5,college,single,5,private,2959.0,80,248,3,1,1
4673,2025-04-14 00:02:27,49,M,1,high,single,9,self_employed,4287.0,104,102,5,3,1
4674,2024-02-12 11:19:54,23,F,3,college,single,0,unemployed,5670.0,116,320,2,1,1
4675,2024-08-17 03:20:02,18,F,4,college,married,3,private,2781.0,76,230,4,1,0
4676,2024-04-26 07:59:25,51,M,2,college,single,7,private,3280.0,6,440,4,1,0
4677,2025-05-16 04:08:16,34,M,3,high,married,4,unemployed,9510.0,113,324,4,3,0
4678,2024-02-12 11:18:02,34,F,4,high,married,8,private,4031.0,16,447,5,1,1
4679,2025-01-04 09:08:16,42,M,4,college,married,6,private,2337.0,86,57,3,2,0
4680,2025-06-07 08:28:23,28,F,5,college,single,5,self_employed,3080.0,30,253,4,2,1
4681,2025-11-15 07:34:22,44,M,4,high,married,6,private,2794.0,93,428,4,2,0
4682,2024-07-21 06:48:38,34,M,3,high,single,9,private,4159.0,97,132,2,1,0
4683,2023-12-29 19:41:19,28,M,5,middle,married,7,unemployed,4055.0,96,149,3,3,1
4684,2025-06-04 08:01:02,33,F,2,high,married,10,state,2914.0,33,369,4,2,1
4685,2023-12-25 03:05:50,18,F,3,high,single,1,self_employed,6972.0,78,58,5,1,1
4686,2024-02-10 11:17:52,29,M,4,middle,married,8,private,3751.0,23,478,1,1,0
4687,2025-12-16 01:26:59,40,M,4,high,married,9,private,3104.0,107,474,2,1,0
4688,2025-09-13 15:50:14,23,M,5,college,married,10,self_employed,2375.0,19,482,1,3,0
4689,2025-05-23 12:05:39,22,M,1,graduate,single,5,unemployed,2662.0,101,401,1,1,0
4690,2025-08-24 22:29:20,42,F,4,college,single,5,self_employed,2354.0,18,499,2,1,0
4691,2024-02-17 00:09:24,34,M,2,college,single,6,private,3406.0,35,489,5,1,0
4692,2024-02-26 22:01:53,23,M,4,college,married,10,self_employed,2671.0,87,163,2,1,1
4693,2024-07-30 14:31:28,46,M,4,high,single,9,private,4791.0,116,119,5,3,0
4694,2024-01-10 08:12:50,47,M,2,college,divorced,10,state,2967.0,85,427,3,3,0
4695,2025-10-02 11:14:23,19,M,4,middle,divorced,10,self_employed,4886.0,42,255,1,3,1
4696,2024-02-03 02:10:47,25,M,3,middle,single,6,private,4324.0,38,73,2,3,0
4697,2025-01-24 03:34:53,32,M,3,college,married,2,private,4564.0,76,251,4,3,0
4698,2025-09-07 03:36:02,45,M,5,high,single,1,self_employed,4983.0,54,56,4,2,0
4699,2025-06-12 12:57:43,20,M,3,college,single,9,self_employed,7315.0,25,310,2,2,0
4700,2024-06-12 08:00:18,48,F,3,college,single,1,private,2705.0,76,353,1,2,1
4701,2024-12-01 08:14:29,30,M,1,middle,married,0,private,4896.0,53,71,4,1,0
4702,2025-01-27 05:44:54,22,M,2,high,married,5,state,4185.0,118,104,3,3,0
4703,2025-07-06 14:00:32,50,M,1,college,single,8,private,5282.0,4,458,4,2,0
4704,2024-10-30 03:47:54,21,F,2,college,single,8,private,3785.0,90,225,2,3,0
4705,2024-07-19 01:50:01,22,F,2,college,single,2,private,5495.0,96,72,1,3,0
4706,2025-07-26 17:36:25,54,F,3,high,married,5,private,2317.0,97,55,2,2,0
4707,2025-10-01 03:06:55,37,F,4,college,single,9,private,2562.0,85,230,2,1,0
4708,2024-12-14 21:29:53,35,F,2,high,married,8,unemployed,2983.0,118,89,3,2,1
4709,2024-01-13 10:55:27,44,M,3,middle,married,10,self_employed,3547.0,38,110,3,3,0
4710,2024-12-23 11:34:40,41,F,5,college,single,8,state,3701.0,46,144,1,1,0
4711,2025-10-03 04:23:09,41,F,2,high,married,1,private,2810.0,113,366,3,1,0
4712,2025-12-15 00:53:26,18,M,3,middle,married,2,self_employed,2574.0,9,300,2,1,0
4713,2024-10-11 18:08:20,38,M,1,high,married,1,private,2895.0,100,399,3,3,0
4714,2024-04-11 14:16:11,28,M,3,college,married,1,self_employed,2002.0,90,199,4,1,0
4715,2025-02-13 16:17:37,48,M,4,graduate,married,9,private,3292.0,71,85,3,1,0
4716,2025-08-21 09:55:58,37,F,1,graduate,married,7,self_employed,3567.0,15,304,2,1,0
4717,2025-11-12 20:29:11,22,M,2,high,single,10,private,4249.0,74,485,5,1,0
4718,2024-01-30 18:39:19,51,F,4,high,married,3,self_employed,3860.0,53,342,4,3,0
4719,2024-07-23 02:25:26,28,F,2,college,single,10,self_employed,6821.0,11,160,5,2,0
4720,2024-12-06 16:24:23,28,M,4,high,single,10,private,4838.0,89,51,2,3,0
4721,2024-03-04 17:25:11,53,M,3,high,married,1,unemployed,4713.0,98,86,4,2,1
4722,2025-10-01 00:35:10,47,F,2,high,single,9,private,4137.0,68,432,4,1,1
4723,2024-03-14 21:13:06,50,F,4,college,single,1,private,4392.0,20,181,5,1,1
4724,2025-04-22 14:32:55,43,M,3,college,single,4,self_employed,3370.0,45,76,1,1,0
4725,2025-10-24 14:23:14,52,M,1,high,married,1,state,3770.0,65,202,2,1,0
4726,2025-05-07 04:57:36,22,F,5,middle,married,6,private,7133.0,62,443,5,2,1
4727,2025-07-03 03:23:01,40,F,3,college,single,0,private,3553.0,71,240,3,1,0
4728,2024-07-03 05:19:07,29,M,4,college,married,9,private,2284.0,30,490,1,2,1
4729,2025-08-19 01:16:10,33,M,2,high,married,5,private,4647.0,96,276,1,1,1
4730,2024-10-24 13:25:49,27,F,2,high,single,9,private,4946.0,9,457,5,3,0
4731,2024-02-06 18:20:57,25,M,4,graduate,married,4,private,3843.0,119,140,5,2,0
4732,2024-09-16 14:30:00,34,M,4,college,single,6,state,1887.0,50,294,2,3,0
4733,2024-09-04 09:12:12,52,F,2,college,married,8,state,5712.0,100,264,3,1,0
4734,2025-01-07 15:41:06,42,M,4,college,married,10,self_employed,3946.0,7,397,4,2,1
4735,2024-07-04 07:46:32,31,M,3,graduate,single,4,unemployed,3266.0,81,110,3,2,0
4736,2024-11-25 10:14:00,34,F,2,high,married,5,private,5518.0,118,127,2,1,0
4737,2024-10-31 10:01:39,38,F,4,high,single,3,private,1793.0,116,150,4,3,0
4738,2024-08-18 15:15:32,27,M,3,high,married,0,private,3786.0,54,472,1,3,1
4739,2025-05-15 05:55:50,37,M,3,college,single,9,private,3013.0,45,454,2,3,0
4740,2024-08-03 00:01:13,44,F,4,middle,married,6,state,6138.0,106,60,1,2,0
4741,2025-07-05 00:29:04,27,F,3,high,married,4,private,3964.0,77,240,5,3,1
4742,2024-06-24 02:56:33,40,F,5,high,single,8,self_employed,2690.0,115,298,1,2,1
4743,2025-09-15 08:37:18,44,F,4,college,married,9,unemployed,5423.0,29,452,5,1,1
4744,2024-09-15 11:37:39,37,F,2,college,single,10,private,1540.0,54,257,3,3,1
4745,2024-01-22 17:00:13,29,F,3,high,married,4,private,4349.0,38,398,1,2,1
4746,2024-04-11 10:58:28,39,F,5,high,married,1,self_employed,2340.0,51,409,3,2,1
4747,2025-08-03 13:37:36,48,M,4,college,single,5,self_employed,3097.0,105,280,2,1,1
4748,2025-09-20 15:16:02,26,F,2,middle,single,4,private,3347.0,108,386,3,1,0
4749,2024-05-26 17:53:16,39,F,2,college,single,2,state,5007.0,72,81,5,2,1
4750,2025-03-07 13:07:54,43,M,2,high,married,6,private,7873.0,5,198,4,3,1
4751,2025-02-15 06:33:08,30,M,4,graduate,married,4,state,1953.0,54,434,1,2,0
4752,2024-03-30 15:56:17,32,F,5,high,single,9,self_employed,4257.0,59,123,1,1,1
4753,2024-11-17 22:57:27,51,M,4,college,single,0,private,7870.0,86,280,4,2,1
4754,2025-05-13 12:24:55,31,F,2,middle,married,7,private,2979.0,33,408,4,1,0
4755,2025-11-29 00:02:41,40,M,4,high,single,6,state,2915.0,70,282,3,2,0
4756,2025-09-02 19:06:59,23,M,1,college,single,2,state,3954.0,91,490,4,2,0
4757,2024-03-04 10:02:41,53,M,3,college,married,3,self_employed,4866.0,69,435,2,3,1
4758,2024-06-14 09:37:29,40,F,3,college,single,9,state,4583.0,101,94,2,1,1
4759,2024-11-06 19:10:57,46,M,3,college,married,4,self_employed,3211.0,31,288,3,2,0
4760,2024-04-11 22:31:20,40,F,3,college,single,7,self_employed,2749.0,75,380,4,3,1
4761,2025-02-12 14:27:17,31,M,2,college,married,5,self_employed,5771.0,55,387,5,3,1
4762,2023-12-30 06:58:27,30,M,2,high,single,9,private,2776.0,49,282,2,3,1
4763,2024-03-15 20:54:12,44,M,4,college,single,7,private,1862.0,51,231,4,3,0
4764,2024-01-27 11:49:33,50,M,1,high,single,9,state,2189.0,67,190,3,3,0
4765,2024-07-26 16:56:44,22,F,3,high,divorced,9,private,2976.0,62,210,5,2,0
4766,2025-07-02 10:38:37,50,F,2,college,married,1,private,6139.0,69,56,5,1,0
4767,2024-05-01 09:48:35,49,M,2,middle,single,9,private,2402.0,116,437,1,1,0
4768,2025-12-13 15:30:16,22,M,2,high,married,10,unemployed,6202.0,77,376,4,3,0
4769,2024-07-07 18:22:42,22,F,4,middle,single,0,self_employed,5752.0,66,179,1,1,1
4770,2024-01-25 18:18:11,44,F,3,college,single,4,self_employed,3940.0,111,109,3,1,1
4771,2024-08-24 21:50:20,50,M,2,college,single,2,unemployed,1500.0,29,286,2,3,0
4772,2025-06-22 02:12:11,32,F,4,middle,married,10,self_employed,2406.0,30,433,2,2,1
4773,2024-03-10 20:32:45,42,M,1,high,single,3,state,2917.0,14,498,2,2,0
4774,2024-02-14 11:01:30,55,M,4,high,single,2,private,6672.0,25,169,3,1,0
4775,2025-09-04 00:30:05,30,F,2,high,married,1,self_employed,2983.0,10,247,5,2,0
4776,2025-02-28 06:10:01,26,F,5,middle,married,8,self_employed,2778.0,23,317,3,3,0
4777,2024-08-30 13:39:21,55,F,1,high,single,0,self_employed,3889.0,79,318,5,2,1
4778,2025-06-27 22:26:20,28,M,3,college,married,3,private,2223.0,84,178,5,1,0
4779,2025-08-31 08:34:52,35,M,3,college,single,6,self_employed,3610.0,78,417,2,1,0
4780,2024-09-11 05:15:39,34,F,3,high,married,0,private,2753.0,109,366,5,2,0
4781,2025-02-05 15:54:09,37,M,4,high,single,1,private,9327.0,103,424,2,3,1
4782,2023-12-31 23:34:34,28,M,1,middle,married,10,private,2641.0,40,102,1,3,0
4783,2024-08-03 11:26:25,43,F,3,high,married,5,private,7154.0,23,354,2,1,1
4784,2025-03-02 11:43:02,44,M,4,high,single,3,private,2443.0,51,204,3,2,0
4785,2024-05-15 21:12:16,25,M,4,graduate,single,9,self_employed,3992.0,112,394,1,1,0
4786,2025-12-16 14:36:21,36,M,3,college,single,0,private,4338.0,117,279,3,3,0
4787,2025-12-01 22:25:31,20,F,3,high,married,2,unemployed,3826.0,25,283,3,1,1
4788,2024-06-29 01:27:26,26,M,4,middle,married,9,private,3745.0,18,314,4,1,1
4789,2024-10-08 08:16:46,55,M,4,college,married,8,private,4922.0,89,150,5,2,0
4790,2024-05-10 07:53:13,37,M,4,graduate,divorced,4,private,4214.0,106,311,1,1,0
4791,2024-12-25 21:12:23,41,M,4,middle,married,10,private,3427.0,115,447,5,3,0
4792,2024-03-23 11:10:53,51,M,3,college,divorced,6,private,2875.0,116,85,5,2,1
4793,2024-10-04 09:24:38,45,F,3,high,married,8,private,3436.0,34,125,1,2,1
4794,2025-02-01 08:04:42,48,M,3,college,single,10,state,3421.0,96,65,4,3,0
4795,2025-03-14 15:31:14,45,M,1,high,married,5,private,3397.0,81,267,2,2,0
4796,2025-03-03 09:43:05,36,M,4,college,single,5,state,3739.0,41,156,1,1,0
4797,2024-06-02 15:16:02,42,M,3,high,single,7,private,2223.0,2,316,4,1,1
4798,2025-07-24 08:35:06,28,M,1,college,single,0,private,2541.0,79,67,1,3,0
4799,2025-05-11 23:26:29,51,F,4,college,single,4,private,4871.0,44,98,1,3,0
4800,2025-06-25 17:50:37,24,F,2,college,married,7,private,1656.0,35,149,4,1,1
4801,2024-11-29 12:47:55,51,F,1,college,single,4,self_employed,5536.0,2,346,1,1,0
4802,2025-10-05 13:19:37,51,M,3,middle,single,7,private,2994.0,15,76,4,3,1
4803,2024-10-03 14:18:43,23,F,4,college,married,4,state,6531.0,23,287,1,3,0
4804,2025-08-03 05:08:15,44,F,3,high,married,2,self_employed,5592.0,13,287,2,1,1
4805,2024-05-20 13:49:55,55,M,1,college,single,1,private,3247.0,114,193,2,1,0
4806,2024-06-21 12:07:09,39,M,3,middle,single,5,self_employed,3367.0,2,97,1,2,0
4807,2025-01-11 12:34:10,30,F,1,high,single,2,self_employed,6359.0,47,371,3,2,1
4808,2025-02-01 18:58:19,51,M,5,high,married,4,self_employed,5685.0,118,237,2,2,1
4809,2025-06-20 17:42:12,37,M,2,graduate,single,5,self_employed,5118.0,15,319,1,2,0
4810,2024-07-28 02:39:27,22,F,4,college,married,0,private,5434.0,79,397,2,2,1
4811,2025-09-21 00:50:07,27,M,1,middle,single,4,state,2488.0,31,55,3,3,0
4812,2024-08-20 17:50:23,43,F,1,college,married,3,private,3912.0,39,398,4,1,0
4813,2025-01-16 22:53:30,35,M,3,high,single,3,self_employed,2780.0,54,89,1,1,0
4814,2025-11-03 07:39:55,26,M,4,high,married,10,private,2466.0,70,303,1,2,0
4815,2025-01-20 18:19:12,48,M,5,high,single,10,private,3856.0,92,90,1,2,0
4816,2025-05-04 18:48:58,22,M,3,college,single,3,unemployed,3150.0,75,63,4,1,1
4817,2025-10-17 07:06:18,26,F,2,graduate,divorced,9,private,3435.0,3,236,3,3,1
4818,2025-12-04 10:49:26,35,F,1,graduate,married,2,private,3056.0,22,292,2,1,0
4819,2024-12-22 13:36:46,19,F,3,high,single,3,private,2347.0,76,190,3,1,1
4820,2024-10-23 08:18:27,32,M,3,middle,married,10,state,6594.0,35,163,5,1,0
4821,2024-05-15 18:13:39,52,M,5,college,single,1,private,3845.0,8,131,4,3,0
4822,2025-01-19 07:54:22,53,M,3,high,married,4,private,2198.0,66,306,5,3,0
4823,2025-10-24 09:17:24,51,M,4,college,single,8,unemployed,3880.0,39,230,2,3,0
4824,2024-12-13 14:15:43,30,F,4,graduate,single,10,private,6201.0,101,459,1,1,1
4825,2024-09-03 09:20:04,20,M,1,high,single,10,private,5093.0,107,246,4,1,0
4826,2024-03-11 07:40:09,48,M,3,high,single,9,self_employed,3036.0,16,320,5,2,1
4827,2024-10-03 12:06:48,32,M,4,college,married,10,private,3062.0,94,481,1,2,0
4828,2024-06-13 19:01:08,46,F,3,college,single,5,private,2605.0,104,474,4,1,0
4829,2025-12-06 00:01:37,22,M,3,graduate,single,3,state,2808.0,77,274,3,2,0
4830,2025-01-12 04:11:20,43,F,4,college,married,4,self_employed,2889.0,74,144,5,2,1
4831,2024-04-02 00:00:33,40,F,2,high,single,1,private,2178.0,56,228,1,3,0
4832,2024-02-11 04:23:52,52,F,4,college,single,1,self_employed,3117.0,59,171,2,2,0
4833,2025-09-05 01:01:30,21,M,3,college,married,10,self_employed,4107.0,10,269,4,1,0
4834,2025-11-02 23:12:46,33,M,3,graduate,single,2,state,3150.0,18,117,5,1,1
4835,2025-07-02 23:49:11,55,M,2,high,married,6,state,3929.0,83,231,5,1,0
4836,2024-03-23 09:44:28,32,F,3,college,married,2,self_employed,6423.0,66,85,3,3,1
4837,2024-03-04 17:57:42,43,F,1,high,single,7,private,6922.0,21,489,2,3,0
4838,2024-05-16 12:37:21,24,F,1,high,married,5,state,3555.0,43,54,1,3,0
4839,2025-06-24 07:54:40,45,M,3,graduate,single,1,private,4955.0,78,450,3,3,1
4840,2025-07-04 16:25:40,28,M,2,graduate,married,4,private,3435.0,23,468,5,1,0
4841,2025-08-26 15:05:48,39,F,3,college,married,8,unemployed,3069.0,26,482,2,2,0
4842,2024-03-03 18:17:35,51,M,1,graduate,married,8,private,2463.0,106,253,5,3,1
4843,2024-04-13 20:18:08,43,F,2,high,married,3,private,3753.0,55,398,2,1,0
4844,2025-10-11 04:52:20,36,F,2,college,married,3,private,5322.0,56,473,1,3,0
4845,2025-10-31 23:36:01,25,M,3,college,single,8,state,2331.0,9,427,4,3,0
4846,2025-06-05 18:16:51,30,M,2,college,married,4,self_employed,3293.0,10,439,3,3,1
4847,2024-03-10 09:47:22,50,M,2,college,single,0,private,3238.0,78,270,4,1,0
4848,2024-02-12 02:14:14,26,M,3,college,married,1,self_employed,3970.0,37,385,5,1,1
4849,2024-02-02 13:53:04,42,F,4,college,married,4,private,3992.0,34,145,1,2,1
4850,2025-05-12 01:09:37,36,M,4,high,single,2,unemployed,4394.0,22,463,3,3,1
4851,2025-09-01 13:20:34,30,M,2,college,single,1,self_employed,7072.0,91,263,2,1,0
4852,2025-03-29 02:07:55,45,M,4,high,married,8,private,2685.0,113,169,3,1,1
4853,2024-07-02 08:01:58,31,M,3,high,married,5,self_employed,2634.0,32,183,2,2,1
4854,2025-06-28 20:45:43,28,F,3,college,married,7,private,3970.0,30,436,1,2,0
4855,2024-02-05 03:57:35,38,F,2,college,single,0,private,6054.0,94,136,3,1,1
4856,2025-08-19 14:01:34,46,M,2,graduate,married,4,private,2182.0,61,356,3,2,0
4857,2025-10-05 01:47:33,50,M,3,high,single,5,private,4089.0,96,174,4,1,0
4858,2025-05-31 09:30:06,41,M,2,middle,married,6,unemployed,3393.0,90,320,3,3,1
4859,2025-09-25 20:42:40,43,M,4,college,single,10,self_employed,4910.0,96,291,4,3,0
4860,2025-02-23 21:48:31,47,M,2,college,married,5,state,4536.0,20,329,4,3,0
4861,2024-11-29 21:44:48,28,F,2,graduate,married,5,unemployed,3703.0,65,152,1,2,0
4862,2024-08-15 09:33:26,27,M,2,college,single,9,private,4318.0,53,458,3,1,0
4863,2025-10-26 20:20:42,36,M,2,high,married,4,private,2892.0,105,449,3,1,1
4864,2025-05-16 00:14:04,41,M,3,college,single,4,self_employed,4818.0,79,468,4,1,1
4865,2024-05-11 01:27:48,42,F,1,high,single,1,private,5915.0,90,274,1,1,1
4866,2025-11-21 14:08:31,23,M,3,graduate,single,7,self_employed,3771.0,106,129,1,2,1
4867,2024-02-05 05:16:05,47,F,2,college,single,0,private,3156.0,83,300,5,2,0
4868,2025-02-24 21:22:53,31,M,3,high,single,2,private,3461.0,79,86,4,2,0
4869,2024-05-11 02:19:02,51,F,5,college,married,4,private,4800.0,64,368,3,1,1
4870,2025-04-21 23:19:19,45,F,4,college,married,4,private,3588.0,10,172,1,2,1
4871,2024-10-20 05:40:13,55,M,3,high,married,0,private,2393.0,87,139,2,1,1
4872,2024-11-07 02:28:59,42,M,3,middle,divorced,5,private,5081.0,39,415,4,3,1
4873,2025-04-27 05:25:49,38,M,4,college,married,10,private,2581.0,15,347,4,1,0
4874,2025-06-27 23:14:11,25,F,5,graduate,single,1,self_employed,4224.0,43,93,5,3,1
4875,2024-09-26 10:20:42,33,F,3,college,married,5,private,1895.0,42,443,3,3,0
4876,2025-12-21 07:07:57,50,M,1,middle,married,6,private,3781.0,47,348,4,3,0
4877,2024-12-21 21:14:02,32,M,4,college,single,3,private,3555.0,34,171,2,2,1
4878,2024-04-19 02:01:15,20,M,1,middle,single,6,private,1829.0,113,230,1,1,1
4879,2023-12-28 16:06:17,27,M,4,high,married,3,private,4091.0,107,256,2,1,0
4880,2024-05-19 18:08:25,40,F,1,middle,married,1,private,2476.0,5,461,5,1,1
4881,2025-05-11 11:57:41,41,M,1,high,married,9,private,3751.0,60,299,5,1,1
4882,2025-01-20 18:56:58,55,M,4,high,married,10,unemployed,3152.0,37,419,1,3,0
4883,2024-08-26 14:47:25,53,F,4,middle,single,4,private,2169.0,102,64,1,1,0
4884,2024-12-09 09:41:49,38,F,3,high,married,1,private,2525.0,60,279,1,2,0
4885,2025-08-26 19:56:50,39,F,4,college,married,1,self_employed,2597.0,77,88,4,2,0
4886,2025-02-13 05:54:09,48,M,4,high,single,9,private,5135.0,11,221,5,2,0
4887,2024-02-04 09:50:53,19,F,3,middle,single,9,private,4878.0,86,298,5,1,0
4888,2024-01-28 19:46:38,40,F,5,college,single,5,private,7848.0,59,426,1,1,0
4889,2024-12-09 21:31:28,36,M,2,college,married,9,state,3044.0,106,175,3,3,0
4890,2024-10-14 02:55:24,47,M,2,college,married,2,self_employed,3010.0,13,160,3,3,0
4891,2025-09-04 20:47:02,48,F,4,high,married,4,private,3817.0,37,433,5,2,1
4892,2025-02-21 13:46:44,42,M,3,college,single,1,self_employed,3215.0,101,295,5,1,0
4893,2025-06-28 12:13:15,42,F,4,college,married,5,state,2969.0,29,377,5,3,0
4894,2025-02-23 04:33:08,44,F,1,college,single,7,self_employed,3711.0,33,470,2,3,0
4895,2024-09-01 01:17:29,40,F,1,college,married,10,private,4658.0,37,71,2,3,1
4896,2025-04-16 20:29:27,26,F,1,middle,married,8,self_employed,1738.0,63,322,4,1,0
4897,2025-03-21 15:25:46,28,F,3,high,married,7,private,2980.0,7,84,4,2,1
4898,2025-06-01 18:11:05,46,M,4,high,single,7,private,2228.0,75,469,3,1,0
4899,2024-05-10 03:30:07,41,M,3,high,single,6,state,3450.0,98,248,1,2,0
4900,2025-04-05 07:54:25,27,F,1,graduate,single,4,unemployed,4236.0,37,249,3,2,0
4901,2024-07-19 09:26:03,51,M,3,high,married,5,private,5383.0,21,135,5,1,1
4902,2025-07-22 21:03:36,55,F,2,college,single,1,private,3128.0,43,333,3,1,1
4903,2025-07-28 22:09:17,41,F,3,graduate,married,0,unemployed,3779.0,78,294,5,3,0
4904,2025-03-24 01:48:22,26,M,3,college,single,8,self_employed,2021.0,62,474,3,3,1
4905,2025-11-14 02:09:03,53,F,1,high,married,5,self_employed,2694.0,73,51,5,2,0
4906,2025-01-19 09:08:03,26,M,3,graduate,single,9,private,3915.0,97,382,5,2,0
4907,2024-01-11 08:24:54,34,F,3,high,single,1,private,2263.0,114,481,4,3,1
4908,2025-03-10 12:33:41,50,M,2,middle,married,4,unemployed,5614.0,55,458,5,2,0
4909,2025-07-13 17:14:39,37,F,3,high,single,2,private,4373.0,92,331,1,2,1
4910,2024-03-06 20:54:28,27,F,3,high,single,9,self_employed,2653.0,59,425,2,1,0
4911,2024-03-09 08:36:07,21,M,3,college,married,4,state,2167.0,17,68,1,1,0
4912,2024-07-10 09:42:09,31,M,1,high,single,6,unemployed,2831.0,72,85,4,2,0
4913,2025-08-31 07:12:24,43,M,2,college,married,0,state,2658.0,115,364,2,1,1
4914,2025-01-12 00:02:38,45,F,4,middle,married,5,private,2378.0,52,166,3,1,1
4915,2025-12-05 19:13:32,26,M,2,graduate,single,4,self_employed,2225.0,65,369,5,3,1
4916,2025-09-21 06:44:09,24,M,4,middle,single,6,unemployed,3359.0,88,384,4,2,1
4917,2025-02-01 00:41:13,44,F,3,graduate,single,6,unemployed,4705.0,100,351,4,1,1
4918,2025-05-02 16:58:59,24,M,3,middle,single,1,private,2839.0,1,451,1,3,0
4919,2024-08-21 15:09:07,20,M,4,college,single,0,private,4254.0,7,147,4,1,1
4920,2024-02-27 23:56:58,36,F,3,college,married,1,self_employed,3246.0,58,411,2,1,0
4921,2024-10-10 01:53:05,39,M,2,college,single,2,state,4511.0,14,411,5,1,0
4922,2025-02-28 08:39:25,27,M,1,middle,married,7,private,2765.0,111,191,2,3,1
4923,2024-05-05 00:00:48,26,F,4,college,married,2,private,4017.0,85,141,4,3,0
4924,2024-06-02 20:50:58,26,F,3,college,single,10,private,3797.0,74,330,3,3,0
4925,2024-01-03 22:41:49,31,M,4,college,married,0,private,5865.0,71,450,2,1,1
4926,2025-06-11 19:58:12,18,F,3,college,single,5,private,4427.0,59,348,2,3,1
4927,2025-10-10 13:59:53,18,M,3,graduate,single,7,unemployed,3982.0,6,103,2,1,0
4928,2025-08-19 00:45:49,32,M,2,graduate,divorced,0,self_employed,2177.0,93,247,3,3,0
4929,2024-09-26 09:32:54,18,F,2,college,married,5,private,3030.0,58,228,5,2,0
4930,2025-03-01 05:21:14,30,M,4,middle,single,0,state,2751.0,48,315,5,3,0
4931,2025-11-24 09:17:21,40,M,1,middle,married,8,private,2730.0,53,313,2,2,0
4932,2025-02-27 16:40:22,19,F,5,college,married,5,self_employed,3661.0,57,494,1,2,1
4933,2024-07-26 23:56:58,41,M,1,graduate,married,9,self_employed,3961.0,113,429,2,2,0
4934,2024-08-27 04:07:19,41,M,3,high,married,7,private,4016.0,24,295,3,2,0
4935,2025-06-06 19:21:23,39,M,1,middle,married,3,unemployed,5662.0,22,114,3,1,0
4936,2024-11-13 18:18:01,41,F,4,high,married,1,private,4312.0,15,137,1,2,1
4937,2025-08-26 05:35:42,48,F,2,high,married,1,self_employed,2369.0,75,127,1,3,1
4938,2025-09-14 19:10:42,20,F,3,graduate,married,0,unemployed,3908.0,4,277,3,1,1
4939,2024-01-19 03:48:23,24,M,5,college,married,3,self_employed,4467.0,96,119,2,2,1
4940,2025-06-04 00:34:19,30,F,3,middle,single,8,private,5663.0,88,129,2,1,0
4941,2024-09-19 01:41:22,44,F,2,high,single,3,private,3450.0,86,117,2,2,0
4942,2025-01-06 10:05:02,51,M,4,middle,single,1,private,3461.0,57,360,5,2,0
4943,2024-07-04 07:11:13,52,M,3,college,single,0,private,5311.0,50,177,5,2,0
4944,2024-09-17 19:25:53,40,F,1,college,single,4,private,3876.0,113,456,2,1,0
4945,2024-08-21 04:15:44,33,M,3,middle,married,2,private,2081.0,100,272,4,1,1
4946,2024-01-29 18:39:10,33,F,4,high,married,8,state,1930.0,22,354,5,2,0
4947,2025-07-17 10:09:14,20,M,3,graduate,single,3,private,6935.0,32,288,2,3,0
4948,2024-04-06 09:29:22,35,M,4,college,single,1,private,1999.0,30,445,1,3,0
4949,2024-09-23 07:59:16,37,F,4,college,married,2,self_employed,3434.0,57,107,2,1,0
4950,2024-05-12 21:48:04,25,F,3,high,single,4,private,4960.0,77,378,5,2,0
4951,2024-04-19 05:52:36,47,M,2,graduate,married,0,state,1963.0,27,310,1,3,1
4952,2024-09-21 13:40:46,48,F,4,college,married,1,self_employed,2494.0,7,247,2,2,0
4953,2025-10-24 16:46:40,29,M,2,graduate,married,10,state,2353.0,47,365,5,1,1
4954,2025-11-12 05:23:48,52,F,2,middle,single,3,private,6839.0,61,292,2,2,1
4955,2024-09-27 15:23:16,22,M,2,high,single,8,self_employed,7379.0,81,332,3,2,0
4956,2024-12-26 18:17:14,52,M,4,middle,married,10,state,2816.0,15,290,5,1,0
4957,2025-12-12 13:26:23,47,M,2,college,single,1,state,4460.0,83,104,5,2,0
4958,2024-06-12 10:23:58,26,M,2,college,single,7,self_employed,4055.0,20,227,2,1,1
4959,2025-11-12 15:16:30,42,M,2,high,single,9,self_employed,3300.0,36,487,2,1,1
4960,2024-03-10 04:44:32,29,M,1,graduate,married,0,private,2060.0,62,91,3,1,0
4961,2024-06-05 20:57:55,48,F,5,graduate,married,3,private,8165.0,13,153,2,1,0
4962,2024-08-26 23:06:46,24,M,3,high,married,1,self_employed,1928.0,69,366,4,3,1
4963,2024-01-20 01:42:54,27,M,4,college,married,0,state,3922.0,5,117,4,1,0
4964,2025-08-10 11:36:02,29,M,4,college,single,3,self_employed,2903.0,26,71,3,3,0
4965,2025-09-08 10:53:16,25,F,2,middle,married,2,private,5181.0,68,395,3,1,1
4966,2024-09-28 20:09:56,30,M,4,college,married,9,private,4896.0,33,142,1,2,1
4967,2025-08-25 13:28:53,40,M,5,high,single,2,state,2585.0,52,149,4,1,1
4968,2025-07-09 22:18:06,42,F,4,graduate,married,8,self_employed,2761.0,35,254,5,2,1
4969,2025-07-31 00:37:30,39,M,4,college,single,0,private,2116.0,61,431,5,2,1
4970,2025-07-31 23:23:28,25,F,3,graduate,married,6,unemployed,3898.0,18,495,4,3,0
4971,2025-02-14 15:24:34,25,M,4,college,single,7,self_employed,4669.0,19,168,4,3,0
4972,2024-03-13 21:34:47,52,F,1,high,single,1,self_employed,3119.0,116,188,5,1,0
4973,2025-10-28 03:28:57,27,M,4,high,married,4,self_employed,3342.0,40,283,2,3,1
4974,2025-03-12 07:43:07,21,F,2,college,married,10,private,7099.0,84,408,4,1,1
4975,2025-10-11 22:09:00,35,F,3,high,single,6,private,5053.0,2,80,1,2,1
4976,2025-11-23 03:21:46,18,M,4,college,married,8,private,5836.0,14,239,4,2,0
4977,2024-05-08 15:05:15,31,M,3,high,married,4,private,1661.0,95,96,2,2,0
4978,2024-10-12 13:27:32,50,M,1,high,single,2,private,4410.0,43,149,3,2,0
4979,2024-05-12 12:29:39,28,M,4,college,married,5,self_employed,3976.0,37,333,1,3,1
4980,2024-01-30 04:32:25,44,F,5,college,married,4,self_employed,2349.0,21,61,1,3,1
4981,2025-11-28 11:26:24,36,F,3,college,married,10,private,2527.0,32,438,4,1,1
4982,2025-10-28 00:15:47,31,F,4,college,divorced,4,private,3373.0,29,89,5,3,0
4983,2025-11-03 04:07:16,43,F,4,high,married,6,self_employed,2276.0,96,421,1,1,0
4984,2025-09-29 01:49:59,40,F,4,college,married,6,self_employed,2753.0,113,237,5,3,0
4985,2025-04-10 14:30:49,30,F,2,college,married,4,unemployed,3098.0,5,304,4,2,0
4986,2025-01-08 03:55:05,26,M,3,college,single,4,private,4450.0,17,230,4,3,0
4987,2025-12-16 18:37:22,52,M,4,high,single,9,private,2843.0,76,216,2,1,1
4988,2025-01-30 03:28:28,24,M,5,college,divorced,2,self_employed,3113.0,106,332,5,3,1
4989,2025-04-05 23:23:52,54,M,2,middle,married,4,private,5211.0,39,192,4,2,1
4990,2024-05-26 13:42:14,35,M,2,college,single,7,self_employed,1964.0,102,78,1,3,0
4991,2025-06-21 02:19:38,55,M,2,high,single,0,private,3942.0,1,55,5,1,0
4992,2025-08-13 04:46:38,31,M,4,college,single,7,private,4173.0,90,178,2,2,0
4993,2025-05-02 07:48:23,39,M,4,college,single,9,state,4213.0,114,148,3,3,0
4994,2024-12-21 23:28:21,41,M,3,college,single,4,self_employed,3055.0,60,60,1,2,0
4995,2024-05-16 10:38:55,30,M,1,college,married,6,private,2508.0,71,94,2,1,0
4996,2024-01-17 17:32:20,26,M,2,college,single,5,self_employed,6197.0,32,443,4,3,1
4997,2025-03-25 22:28:30,37,M,4,middle,married,7,self_employed,2698.0,95,273,5,1,1
4998,2025-05-05 14:25:19,43,F,2,college,divorced,0,self_employed,2463.0,100,229,3,1,1
4999,2025-07-10 00:13:14,27,F,1,graduate,divorced,6,unemployed,3667.0,100,463,4,2,0
5000,2025-11-16 20:41:40,47,M,2,middle,married,5,self_employed,2811.0,101,313,1,2,0
